2025-08-10 23:12:05,164 [INFO] Activator:176 - 


2025-08-10 23:12:05,171 [INFO] Activator:177 - !SESSION log4j initialized
2025-08-10 23:12:13,528 [INFO] LogOutputStream:77 - [STDOUT_REDIRECT] 
2025-08-10 23:12:17,888 [INFO] ApplicationProperties:184 - Using Application install path: C:\ST\STM32CubeIDE_1.16.1\STM32CubeIDE\plugins\com.st.stm32cube.common.mx_6.14.0.202502271554
2025-08-10 23:12:17,935 [INFO] DbMcusXml:78 - Set database path to: C:\ST\STM32CubeIDE_1.16.1\STM32CubeIDE\plugins\com.st.stm32cube.common.mx_6.14.0.202502271554\\db\/mcu/
2025-08-10 23:12:17,935 [INFO] ApiDb:274 - Set plugin database path to: C:\ST\STM32CubeIDE_1.16.1\STM32CubeIDE\plugins\com.st.stm32cube.common.mx_6.14.0.202502271554\\db\/plugins/boardmanager/
2025-08-10 23:12:17,936 [WARN] ApiDb:259 - Overriding images path with different value:  => C:\ST\STM32CubeIDE_1.16.1\STM32CubeIDE\plugins\com.st.stm32cube.common.mx_6.14.0.202502271554\\db\/plugins/mcufinder/images/
2025-08-10 23:12:17,958 [INFO] ApiDb:250 - Set database path to: C:\Users\piotr\.stmcufinder\plugins\mcufinder//mcu/
2025-08-10 23:12:17,960 [INFO] DbMcusAds:125 - Set database path to: C:\Users\piotr\.stmcufinder\plugins\mcufinder//mcu/
2025-08-10 23:12:17,972 [INFO] CrossReferenceDbSqlite:203 - Set database path to: C:\Users\piotr\.stmcufinder\plugins\mcufinder//mcu/cs/
2025-08-10 23:12:18,222 [INFO] RulesReader:64 - Compatibility file has been processed (301 Rules)
2025-08-10 23:12:18,335 [INFO] DbMcusXml:78 - Set database path to: C:\ST\STM32CubeIDE_1.16.1\STM32CubeIDE\plugins\com.st.stm32cube.common.mx_6.14.0.202502271554\\db\/mcu/
2025-08-10 23:12:18,335 [INFO] ApiDb:274 - Set plugin database path to: C:\ST\STM32CubeIDE_1.16.1\STM32CubeIDE\plugins\com.st.stm32cube.common.mx_6.14.0.202502271554\\db\/plugins/boardmanager/
2025-08-10 23:12:18,336 [INFO] ApiDb:261 - Set plugin images path to: C:\ST\STM32CubeIDE_1.16.1\STM32CubeIDE\plugins\com.st.stm32cube.common.mx_6.14.0.202502271554\\db\/plugins/mcufinder/images/
2025-08-10 23:12:18,336 [WARN] DbFile:41 - Overriding database path with different value: C:\Users\piotr\.stmcufinder\plugins\mcufinder/ => C:\Users\piotr\.stmcufinder\plugins\mcufinder
2025-08-10 23:12:18,336 [INFO] ApiDb:250 - Set database path to: C:\Users\piotr\.stmcufinder\plugins\mcufinder//mcu/
2025-08-10 23:12:18,336 [WARN] DbFile:41 - Overriding database path with different value: C:\Users\piotr\.stmcufinder\plugins\mcufinder/ => C:\Users\piotr\.stmcufinder\plugins\mcufinder
2025-08-10 23:12:18,336 [INFO] DbMcusAds:125 - Set database path to: C:\Users\piotr\.stmcufinder\plugins\mcufinder//mcu/
2025-08-10 23:12:18,336 [WARN] DbFile:41 - Overriding database path with different value: C:\Users\piotr\.stmcufinder\plugins\mcufinder/ => C:\Users\piotr\.stmcufinder\plugins\mcufinder
2025-08-10 23:12:18,336 [WARN] DbFile:41 - Overriding database path with different value: C:\Users\piotr\.stmcufinder\plugins\mcufinder/ => C:\Users\piotr\.stmcufinder\plugins\mcufinder
2025-08-10 23:12:18,336 [INFO] CrossReferenceDbSqlite:203 - Set database path to: C:\Users\piotr\.stmcufinder\plugins\mcufinder//mcu/cs/
2025-08-10 23:12:18,358 [ERROR] IconsList:413 - IO error while reading file com/st/microxplorer/image/STM32CubeMX_picto_title_newBrand.png
2025-08-10 23:14:15,057 [INFO] Activator:176 - 


2025-08-10 23:14:15,068 [INFO] Activator:177 - !SESSION log4j initialized
2025-08-10 23:14:19,767 [INFO] LogOutputStream:77 - [STDOUT_REDIRECT] 
2025-08-10 23:14:24,784 [INFO] ApplicationProperties:184 - Using Application install path: C:\ST\STM32CubeIDE_1.16.1\STM32CubeIDE\plugins\com.st.stm32cube.common.mx_6.14.0.202502271554
2025-08-10 23:14:24,807 [INFO] DbMcusXml:78 - Set database path to: C:\ST\STM32CubeIDE_1.16.1\STM32CubeIDE\plugins\com.st.stm32cube.common.mx_6.14.0.202502271554\\db\/mcu/
2025-08-10 23:14:24,807 [INFO] ApiDb:274 - Set plugin database path to: C:\ST\STM32CubeIDE_1.16.1\STM32CubeIDE\plugins\com.st.stm32cube.common.mx_6.14.0.202502271554\\db\/plugins/boardmanager/
2025-08-10 23:14:24,808 [WARN] ApiDb:259 - Overriding images path with different value:  => C:\ST\STM32CubeIDE_1.16.1\STM32CubeIDE\plugins\com.st.stm32cube.common.mx_6.14.0.202502271554\\db\/plugins/mcufinder/images/
2025-08-10 23:14:24,816 [INFO] ApiDb:250 - Set database path to: C:\Users\piotr\.stmcufinder\plugins\mcufinder//mcu/
2025-08-10 23:14:24,818 [INFO] DbMcusAds:125 - Set database path to: C:\Users\piotr\.stmcufinder\plugins\mcufinder//mcu/
2025-08-10 23:14:24,822 [INFO] CrossReferenceDbSqlite:203 - Set database path to: C:\Users\piotr\.stmcufinder\plugins\mcufinder//mcu/cs/
2025-08-10 23:14:24,985 [INFO] RulesReader:64 - Compatibility file has been processed (301 Rules)
2025-08-10 23:14:25,073 [INFO] DbMcusXml:78 - Set database path to: C:\ST\STM32CubeIDE_1.16.1\STM32CubeIDE\plugins\com.st.stm32cube.common.mx_6.14.0.202502271554\\db\/mcu/
2025-08-10 23:14:25,073 [INFO] ApiDb:274 - Set plugin database path to: C:\ST\STM32CubeIDE_1.16.1\STM32CubeIDE\plugins\com.st.stm32cube.common.mx_6.14.0.202502271554\\db\/plugins/boardmanager/
2025-08-10 23:14:25,073 [INFO] ApiDb:261 - Set plugin images path to: C:\ST\STM32CubeIDE_1.16.1\STM32CubeIDE\plugins\com.st.stm32cube.common.mx_6.14.0.202502271554\\db\/plugins/mcufinder/images/
2025-08-10 23:14:25,074 [WARN] DbFile:41 - Overriding database path with different value: C:\Users\piotr\.stmcufinder\plugins\mcufinder/ => C:\Users\piotr\.stmcufinder\plugins\mcufinder
2025-08-10 23:14:25,074 [INFO] ApiDb:250 - Set database path to: C:\Users\piotr\.stmcufinder\plugins\mcufinder//mcu/
2025-08-10 23:14:25,074 [WARN] DbFile:41 - Overriding database path with different value: C:\Users\piotr\.stmcufinder\plugins\mcufinder/ => C:\Users\piotr\.stmcufinder\plugins\mcufinder
2025-08-10 23:14:25,074 [INFO] DbMcusAds:125 - Set database path to: C:\Users\piotr\.stmcufinder\plugins\mcufinder//mcu/
2025-08-10 23:14:25,074 [WARN] DbFile:41 - Overriding database path with different value: C:\Users\piotr\.stmcufinder\plugins\mcufinder/ => C:\Users\piotr\.stmcufinder\plugins\mcufinder
2025-08-10 23:14:25,074 [WARN] DbFile:41 - Overriding database path with different value: C:\Users\piotr\.stmcufinder\plugins\mcufinder/ => C:\Users\piotr\.stmcufinder\plugins\mcufinder
2025-08-10 23:14:25,075 [INFO] CrossReferenceDbSqlite:203 - Set database path to: C:\Users\piotr\.stmcufinder\plugins\mcufinder//mcu/cs/
2025-08-10 23:14:25,158 [INFO] MainPanel:272 - HeapMemory: 268435456
2025-08-10 23:14:25,279 [INFO] DbMcusXml:78 - Set database path to: C:\ST\STM32CubeIDE_1.16.1\STM32CubeIDE\plugins\com.st.stm32cube.common.mx_6.14.0.202502271554\\db\/mcu/
2025-08-10 23:14:25,279 [INFO] ApiDb:274 - Set plugin database path to: C:\ST\STM32CubeIDE_1.16.1\STM32CubeIDE\plugins\com.st.stm32cube.common.mx_6.14.0.202502271554\\db\/plugins/boardmanager/
2025-08-10 23:14:25,279 [INFO] ApiDb:261 - Set plugin images path to: C:\ST\STM32CubeIDE_1.16.1\STM32CubeIDE\plugins\com.st.stm32cube.common.mx_6.14.0.202502271554\\db\/plugins/mcufinder/images/
2025-08-10 23:14:25,279 [WARN] DbFile:41 - Overriding database path with different value: C:\Users\piotr\.stmcufinder\plugins\mcufinder/ => C:\Users\piotr\.stmcufinder\plugins\mcufinder
2025-08-10 23:14:25,279 [INFO] ApiDb:250 - Set database path to: C:\Users\piotr\.stmcufinder\plugins\mcufinder//mcu/
2025-08-10 23:14:25,279 [WARN] DbFile:41 - Overriding database path with different value: C:\Users\piotr\.stmcufinder\plugins\mcufinder/ => C:\Users\piotr\.stmcufinder\plugins\mcufinder
2025-08-10 23:14:25,280 [INFO] DbMcusAds:125 - Set database path to: C:\Users\piotr\.stmcufinder\plugins\mcufinder//mcu/
2025-08-10 23:14:25,280 [WARN] DbFile:41 - Overriding database path with different value: C:\Users\piotr\.stmcufinder\plugins\mcufinder/ => C:\Users\piotr\.stmcufinder\plugins\mcufinder
2025-08-10 23:14:25,280 [WARN] DbFile:41 - Overriding database path with different value: C:\Users\piotr\.stmcufinder\plugins\mcufinder/ => C:\Users\piotr\.stmcufinder\plugins\mcufinder
2025-08-10 23:14:25,280 [INFO] CrossReferenceDbSqlite:203 - Set database path to: C:\Users\piotr\.stmcufinder\plugins\mcufinder//mcu/cs/
2025-08-10 23:14:25,298 [INFO] ApplicationProperties:184 - Using Application install path: C:\ST\STM32CubeIDE_1.16.1\STM32CubeIDE\plugins\com.st.stm32cube.common.mx_6.14.0.202502271554
2025-08-10 23:14:25,300 [INFO] PluginManage:196 - Search for loadable plugins [exclusion list=, ]
2025-08-10 23:14:25,301 [INFO] PluginManage:310 - Check plugin analytics
2025-08-10 23:14:25,577 [INFO] AnalyticsPlugin:253 - Accepted Software Licenses: 
2025-08-10 23:14:25,577 [INFO] AnalyticsPlugin:255 - Accepted CMSIS Pack Licenses: 
2025-08-10 23:14:25,577 [INFO] AnalyticsPlugin:257 - Accepted Firmware Licenses: 
2025-08-10 23:14:25,582 [INFO] PluginManage:359 - Loaded plugin analytics (category:tool,tabindex:-1)
2025-08-10 23:14:25,582 [INFO] PluginManage:310 - Check plugin cadmodel
2025-08-10 23:14:25,591 [INFO] CADModel:105 - Init CAD model plugin
2025-08-10 23:14:25,591 [INFO] PluginManage:359 - Loaded plugin cadmodel (category:power,tabindex:5)
2025-08-10 23:14:25,592 [INFO] PluginManage:310 - Check plugin clock
2025-08-10 23:14:25,607 [INFO] PluginManage:359 - Loaded plugin clock (category:base,tabindex:2)
2025-08-10 23:14:25,608 [INFO] PluginManage:310 - Check plugin ddr
2025-08-10 23:14:25,612 [INFO] PluginManage:359 - Loaded plugin ddr (category:tool,tabindex:6)
2025-08-10 23:14:25,612 [INFO] PluginManage:310 - Check plugin filemanager
2025-08-10 23:14:25,780 [INFO] PluginManage:359 - Loaded plugin filemanager (category:base,tabindex:10)
2025-08-10 23:14:25,780 [INFO] PluginManage:310 - Check plugin ipmanager
2025-08-10 23:14:25,787 [INFO] PluginManage:359 - Loaded plugin ipmanager (category:base,tabindex:5)
2025-08-10 23:14:25,788 [INFO] PluginManage:310 - Check plugin lpbam
2025-08-10 23:14:25,797 [INFO] PluginManage:359 - Loaded plugin lpbam (category:base,tabindex:0)
2025-08-10 23:14:25,797 [INFO] PluginManage:310 - Check plugin memorymap
2025-08-10 23:14:25,815 [INFO] PluginManage:359 - Loaded plugin memorymap (category:base,tabindex:4)
2025-08-10 23:14:25,815 [INFO] PluginManage:310 - Check plugin pinoutandconfiguration
2025-08-10 23:14:25,824 [INFO] PluginManage:359 - Loaded plugin pinoutandconfiguration (category:base,tabindex:1)
2025-08-10 23:14:25,824 [INFO] PluginManage:310 - Check plugin pinoutconfig
2025-08-10 23:14:25,981 [WARN] SupportedApi:132 - Cannot load RTOS API schema: s4s-elt-must-match.1: The content of 'definitions' must match (annotation?, (simpleType | complexType)?, (unique | key | keyref)*)). A problem was found starting at: attribute.
2025-08-10 23:14:26,184 [INFO] PluginManage:359 - Loaded plugin pinoutconfig (category:base,tabindex:0)
2025-08-10 23:14:26,184 [INFO] PluginManage:310 - Check plugin power
2025-08-10 23:14:26,198 [INFO] PluginManage:359 - Loaded plugin power (category:power,tabindex:4)
2025-08-10 23:14:26,198 [INFO] PluginManage:310 - Check plugin projectmanager
2025-08-10 23:14:26,220 [INFO] PluginManage:359 - Loaded plugin projectmanager (category:projectmanager,tabindex:4)
2025-08-10 23:14:26,221 [INFO] PluginManage:310 - Check plugin rif
2025-08-10 23:14:26,236 [INFO] PluginManage:359 - Loaded plugin rif (category:base,tabindex:3)
2025-08-10 23:14:26,237 [INFO] PluginManage:310 - Check plugin thirdparty
2025-08-10 23:14:26,441 [INFO] PluginManage:359 - Loaded plugin thirdparty (category:base,tabindex:-1)
2025-08-10 23:14:26,441 [WARN] IntegrityCheckThread:84 - waiting for thirdparty lock release [integrity check]
2025-08-10 23:14:26,442 [INFO] IntegrityCheckThread:86 - entering critical section [integrity check]
2025-08-10 23:14:26,442 [INFO] PluginManage:310 - Check plugin tools
2025-08-10 23:14:26,442 [INFO] ThirdPartyUpdaterWithRetryManager:70 - Updater plugin not ready yet. [1/15]
2025-08-10 23:14:26,448 [INFO] PluginManage:359 - Loaded plugin tools (category:base,tabindex:7)
2025-08-10 23:14:26,448 [INFO] PluginManage:310 - Check plugin tutovideos
2025-08-10 23:14:26,664 [INFO] PluginManage:359 - Loaded plugin tutovideos (category:base,tabindex:-1)
2025-08-10 23:14:26,664 [INFO] PluginManage:310 - Check plugin updater
2025-08-10 23:14:26,697 [INFO] PluginManage:359 - Loaded plugin updater (category:base,tabindex:12)
2025-08-10 23:14:26,698 [INFO] PluginManage:310 - Check plugin userauth
2025-08-10 23:14:26,704 [INFO] UserAuth:118 - Init User Auth plugin
2025-08-10 23:14:26,705 [INFO] PluginManage:359 - Loaded plugin userauth (category:base,tabindex:14)
2025-08-10 23:14:26,706 [INFO] PluginManage:283 - PluginManage : Loaded plugins [18]
2025-08-10 23:14:27,021 [INFO] PinOutPanel:1589 - setPackage(No Configuration,No Configuration)
2025-08-10 23:14:27,178 [INFO] CADModel:165 - CPN selected for project level
2025-08-10 23:14:27,178 [INFO] CADModel:114 - Register for checkConnection events
2025-08-10 23:14:27,211 [INFO] IPUIPlugin:80 - create IPUIPlugin
2025-08-10 23:14:27,211 [INFO] PluginManager:220 - loadIPPluginJar : add adc
2025-08-10 23:14:27,215 [INFO] IPUIPlugin:80 - create IPUIPlugin
2025-08-10 23:14:27,216 [INFO] PluginManager:220 - loadIPPluginJar : add aes
2025-08-10 23:14:27,222 [INFO] IPUIPlugin:80 - create IPUIPlugin
2025-08-10 23:14:27,223 [INFO] PluginManager:220 - loadIPPluginJar : add can
2025-08-10 23:14:27,228 [INFO] IPUIPlugin:80 - create IPUIPlugin
2025-08-10 23:14:27,228 [INFO] PluginManager:220 - loadIPPluginJar : add comp
2025-08-10 23:14:27,233 [INFO] IPUIPlugin:80 - create IPUIPlugin
2025-08-10 23:14:27,233 [INFO] PluginManager:220 - loadIPPluginJar : add cryp
2025-08-10 23:14:27,242 [INFO] IPUIPlugin:80 - create IPUIPlugin
2025-08-10 23:14:27,243 [INFO] PluginManager:220 - loadIPPluginJar : add ddr_ctrl_phy
2025-08-10 23:14:27,248 [INFO] IPUIPlugin:80 - create IPUIPlugin
2025-08-10 23:14:27,249 [INFO] PluginManager:220 - loadIPPluginJar : add dfsdm
2025-08-10 23:14:27,260 [INFO] IPUIPlugin:80 - create IPUIPlugin
2025-08-10 23:14:27,261 [INFO] PluginManager:220 - loadIPPluginJar : add dma
2025-08-10 23:14:27,268 [INFO] IPUIPlugin:80 - create IPUIPlugin
2025-08-10 23:14:27,268 [INFO] PluginManager:220 - loadIPPluginJar : add dma3
2025-08-10 23:14:27,278 [INFO] IPUIPlugin:80 - create IPUIPlugin
2025-08-10 23:14:27,278 [INFO] PluginManager:220 - loadIPPluginJar : add extmemmanager
2025-08-10 23:14:27,284 [INFO] IPUIPlugin:80 - create IPUIPlugin
2025-08-10 23:14:27,284 [INFO] PluginManager:220 - loadIPPluginJar : add fatfs
2025-08-10 23:14:27,292 [INFO] IPUIPlugin:80 - create IPUIPlugin
2025-08-10 23:14:27,293 [INFO] PluginManager:220 - loadIPPluginJar : add fmc
2025-08-10 23:14:27,304 [INFO] IPUIPlugin:80 - create IPUIPlugin
2025-08-10 23:14:27,304 [INFO] PluginManager:220 - loadIPPluginJar : add freertos
2025-08-10 23:14:27,308 [INFO] IPUIPlugin:80 - create IPUIPlugin
2025-08-10 23:14:27,309 [INFO] PluginManager:220 - loadIPPluginJar : add genericplugin
2025-08-10 23:14:27,316 [INFO] IPUIPlugin:80 - create IPUIPlugin
2025-08-10 23:14:27,317 [INFO] PluginManager:220 - loadIPPluginJar : add gfxmmu
2025-08-10 23:14:27,328 [INFO] IPUIPlugin:80 - create IPUIPlugin
2025-08-10 23:14:27,328 [INFO] PluginManager:220 - loadIPPluginJar : add gic
2025-08-10 23:14:27,334 [INFO] IPUIPlugin:80 - create IPUIPlugin
2025-08-10 23:14:27,334 [INFO] PluginManager:220 - loadIPPluginJar : add gpio
2025-08-10 23:14:27,338 [INFO] IPUIPlugin:80 - create IPUIPlugin
2025-08-10 23:14:27,338 [INFO] PluginManager:220 - loadIPPluginJar : add gtzc
2025-08-10 23:14:27,345 [INFO] IPUIPlugin:80 - create IPUIPlugin
2025-08-10 23:14:27,345 [INFO] PluginManager:220 - loadIPPluginJar : add hash
2025-08-10 23:14:27,350 [INFO] IPUIPlugin:80 - create IPUIPlugin
2025-08-10 23:14:27,351 [INFO] PluginManager:220 - loadIPPluginJar : add i2c
2025-08-10 23:14:27,354 [INFO] IPUIPlugin:80 - create IPUIPlugin
2025-08-10 23:14:27,354 [INFO] PluginManager:220 - loadIPPluginJar : add i2s
2025-08-10 23:14:27,360 [INFO] IPUIPlugin:80 - create IPUIPlugin
2025-08-10 23:14:27,361 [INFO] PluginManager:220 - loadIPPluginJar : add i3c
2025-08-10 23:14:27,365 [INFO] IPUIPlugin:80 - create IPUIPlugin
2025-08-10 23:14:27,366 [INFO] PluginManager:220 - loadIPPluginJar : add ipddr
2025-08-10 23:14:27,379 [INFO] IPUIPlugin:80 - create IPUIPlugin
2025-08-10 23:14:27,379 [INFO] PluginManager:220 - loadIPPluginJar : add linkedlist
2025-08-10 23:14:27,384 [INFO] IPUIPlugin:80 - create IPUIPlugin
2025-08-10 23:14:27,384 [INFO] PluginManager:220 - loadIPPluginJar : add lorawan
2025-08-10 23:14:27,386 [INFO] IPUIPlugin:80 - create IPUIPlugin
2025-08-10 23:14:27,387 [INFO] PluginManager:220 - loadIPPluginJar : add ltdc
2025-08-10 23:14:27,396 [INFO] IPUIPlugin:80 - create IPUIPlugin
2025-08-10 23:14:27,396 [INFO] PluginManager:220 - loadIPPluginJar : add mdma
2025-08-10 23:14:27,401 [INFO] IPUIPlugin:80 - create IPUIPlugin
2025-08-10 23:14:27,402 [INFO] PluginManager:220 - loadIPPluginJar : add nvic
2025-08-10 23:14:27,407 [INFO] IPUIPlugin:80 - create IPUIPlugin
2025-08-10 23:14:27,407 [INFO] PluginManager:220 - loadIPPluginJar : add opamp
2025-08-10 23:14:27,415 [INFO] IPUIPlugin:80 - create IPUIPlugin
2025-08-10 23:14:27,416 [INFO] PluginManager:220 - loadIPPluginJar : add openamp
2025-08-10 23:14:27,420 [INFO] IPUIPlugin:80 - create IPUIPlugin
2025-08-10 23:14:27,420 [INFO] PluginManager:220 - loadIPPluginJar : add pdm2pcm
2025-08-10 23:14:27,431 [INFO] IPUIPlugin:80 - create IPUIPlugin
2025-08-10 23:14:27,434 [INFO] PluginManager:220 - loadIPPluginJar : add plateformsettings
2025-08-10 23:14:27,436 [INFO] IPUIPlugin:80 - create IPUIPlugin
2025-08-10 23:14:27,436 [INFO] PluginManager:220 - loadIPPluginJar : add quadspi
2025-08-10 23:14:27,439 [INFO] IPUIPlugin:80 - create IPUIPlugin
2025-08-10 23:14:27,441 [INFO] PluginManager:220 - loadIPPluginJar : add radio
2025-08-10 23:14:27,449 [INFO] IPUIPlugin:80 - create IPUIPlugin
2025-08-10 23:14:27,449 [INFO] PluginManager:220 - loadIPPluginJar : add resmgrutility
2025-08-10 23:14:27,457 [INFO] IPUIPlugin:80 - create IPUIPlugin
2025-08-10 23:14:27,457 [INFO] PluginManager:220 - loadIPPluginJar : add sai
2025-08-10 23:14:27,464 [INFO] IPUIPlugin:80 - create IPUIPlugin
2025-08-10 23:14:27,464 [INFO] PluginManager:220 - loadIPPluginJar : add spi
2025-08-10 23:14:27,474 [INFO] IPUIPlugin:80 - create IPUIPlugin
2025-08-10 23:14:27,475 [INFO] PluginManager:220 - loadIPPluginJar : add stm32_wpan
2025-08-10 23:14:27,478 [INFO] IPUIPlugin:80 - create IPUIPlugin
2025-08-10 23:14:27,481 [INFO] PluginManager:220 - loadIPPluginJar : add tim
2025-08-10 23:14:27,490 [INFO] IPUIPlugin:80 - create IPUIPlugin
2025-08-10 23:14:27,491 [INFO] PluginManager:220 - loadIPPluginJar : add touchsensing
2025-08-10 23:14:27,495 [INFO] IPUIPlugin:80 - create IPUIPlugin
2025-08-10 23:14:27,497 [INFO] PluginManager:220 - loadIPPluginJar : add tracer_emb
2025-08-10 23:14:27,499 [INFO] IPUIPlugin:80 - create IPUIPlugin
2025-08-10 23:14:27,500 [INFO] PluginManager:220 - loadIPPluginJar : add ts
2025-08-10 23:14:27,502 [INFO] IPUIPlugin:80 - create IPUIPlugin
2025-08-10 23:14:27,502 [INFO] PluginManager:220 - loadIPPluginJar : add tsc
2025-08-10 23:14:27,506 [INFO] IPUIPlugin:80 - create IPUIPlugin
2025-08-10 23:14:27,506 [INFO] PluginManager:220 - loadIPPluginJar : add ucpd
2025-08-10 23:14:27,513 [INFO] IPUIPlugin:80 - create IPUIPlugin
2025-08-10 23:14:27,513 [INFO] PluginManager:220 - loadIPPluginJar : add usart
2025-08-10 23:14:27,517 [INFO] IPUIPlugin:80 - create IPUIPlugin
2025-08-10 23:14:27,517 [INFO] PluginManager:220 - loadIPPluginJar : add usbx
2025-08-10 23:14:27,675 [FATAL] Updater:351 - Updater called before beeing initialized
2025-08-10 23:14:27,729 [INFO] RulesReader:64 - Compatibility file has been processed (301 Rules)
2025-08-10 23:14:27,747 [INFO] RulesReader:64 - Compatibility file has been processed (301 Rules)
2025-08-10 23:14:27,760 [INFO] CADModel:165 - CPN selected for project level
2025-08-10 23:14:27,761 [INFO] CADModel:114 - Register for checkConnection events
2025-08-10 23:14:27,761 [FATAL] Updater:351 - Updater called before beeing initialized
2025-08-10 23:14:27,761 [ERROR] CADModel:125 - Updater not yet initialized, retry later 
2025-08-10 23:14:27,926 [FATAL] Updater:351 - Updater called before beeing initialized
2025-08-10 23:14:27,928 [INFO] CADModel:165 - CPN selected for project level
2025-08-10 23:14:27,928 [INFO] CADModel:114 - Register for checkConnection events
2025-08-10 23:14:27,928 [FATAL] Updater:351 - Updater called before beeing initialized
2025-08-10 23:14:27,928 [ERROR] CADModel:125 - Updater not yet initialized, retry later 
2025-08-10 23:14:27,931 [FATAL] Updater:351 - Updater called before beeing initialized
2025-08-10 23:14:28,086 [FATAL] Updater:351 - Updater called before beeing initialized
2025-08-10 23:14:28,092 [INFO] DbMcusAds:53 - JSON generation date=Tue Jul 08 10:14:23 CEST 2025 (1751962463593)
2025-08-10 23:14:28,092 [FATAL] Updater:351 - Updater called before beeing initialized
2025-08-10 23:14:28,154 [WARN] DetailPanel:346 - Failed to get advertising image, set to default
2025-08-10 23:14:28,512 [FATAL] Updater:351 - Updater called before beeing initialized
2025-08-10 23:14:28,514 [FATAL] Updater:351 - Updater called before beeing initialized
2025-08-10 23:14:28,514 [FATAL] Updater:351 - Updater called before beeing initialized
2025-08-10 23:14:28,514 [WARN] DetailPanel:346 - Failed to get advertising image, set to default
2025-08-10 23:14:28,515 [FATAL] Updater:351 - Updater called before beeing initialized
2025-08-10 23:14:28,588 [ERROR] Updater:1198 - MainUpdater not yet initialized. External WinMGr cannot be set.
2025-08-10 23:14:28,592 [INFO] Updater:1134 - Updater Version found : 6.14.0
2025-08-10 23:14:28,615 [INFO] ApplicationProperties:184 - Using Application install path: C:\ST\STM32CubeIDE_1.16.1\STM32CubeIDE\plugins\com.st.stm32cube.common.mx_6.14.0.202502271554
2025-08-10 23:14:29,444 [INFO] ThirdPartyUpdaterWithRetryManager:70 - Updater plugin not ready yet. [2/15]
2025-08-10 23:14:30,200 [ERROR] LogOutputStream:75 - [STDERR_REDIRECT] Aug 10, 2025 11:14:30 PM java.util.prefs.WindowsPreferences <init>
2025-08-10 23:14:30,201 [ERROR] LogOutputStream:75 - [STDERR_REDIRECT] WARNING: Could not open/create prefs root node Software\JavaSoft\Prefs at root 0xffffffff80000002. Windows RegCreateKeyEx(...) returned error code 5.
2025-08-10 23:14:30,202 [ERROR] LogOutputStream:75 - [STDERR_REDIRECT] 
2025-08-10 23:14:32,446 [FATAL] Updater:351 - Updater called before beeing initialized
2025-08-10 23:14:32,446 [ERROR] IntegrityCheckThread:130 - Cannot retrieve database content from updater: error 21
2025-08-10 23:14:32,446 [INFO] ThirdParty:978 - Integrity check success = false
2025-08-10 23:14:32,446 [INFO] IntegrityCheckThread:100 - exiting critical section [integrity check]
2025-08-10 23:14:32,446 [INFO] IntegrityCheckThread:103 - End integrity checks thread
2025-08-10 23:14:41,688 [WARN] CheckConnectionManager:291 - Warning during Server Connection :  timeout Connect to sw-center.st.com:443 [sw-center.st.com/2.20.249.178, sw-center.st.com/2.20.249.196] failed: Connect timed out
2025-08-10 23:14:45,694 [WARN] CheckConnectionManager:291 - Warning during Server Connection :  timeout Connect to sw-center.st.com:443 [sw-center.st.com/2.20.249.178, sw-center.st.com/2.20.249.196] failed: Connect timed out
2025-08-10 23:14:45,698 [INFO] MainUpdater:2872 - connection check result : 22
2025-08-10 23:14:45,700 [INFO] MainUpdater:289 - Updater Check For Update Now.
2025-08-10 23:14:45,700 [INFO] MicroXplorer:498 - Change Database Version : DB.6.0.140
2025-08-10 23:14:45,707 [INFO] McuFinderGlobals:63 - Set McuFinder mode to 2 (CubeIDE integrated)
2025-08-10 23:14:45,707 [INFO] UserAuth:171 - activating auth plugin
2025-08-10 23:14:45,718 [INFO] UserAuth:486 - Internet connection configuration mode: 2
2025-08-10 23:14:45,757 [INFO] UserAuth:486 - Internet connection configuration mode: 2
2025-08-10 23:14:45,958 [INFO] CheckServerUpdateThread:120 - End of CheckServer Thread
2025-08-10 23:16:10,723 [ERROR] LogOutputStream:75 - [STDERR_REDIRECT] 
2025-08-10 23:16:30,236 [INFO] Activator:176 - 


2025-08-10 23:16:30,239 [INFO] Activator:177 - !SESSION log4j initialized
2025-08-10 23:16:36,439 [INFO] LogOutputStream:77 - [STDOUT_REDIRECT] 
2025-08-10 23:16:44,796 [INFO] ApplicationProperties:184 - Using Application install path: C:\ST\STM32CubeIDE_1.16.1\STM32CubeIDE\plugins\com.st.stm32cube.common.mx_6.14.0.202502271554
2025-08-10 23:16:44,816 [INFO] DbMcusXml:78 - Set database path to: C:\ST\STM32CubeIDE_1.16.1\STM32CubeIDE\plugins\com.st.stm32cube.common.mx_6.14.0.202502271554\\db\/mcu/
2025-08-10 23:16:44,816 [INFO] ApiDb:274 - Set plugin database path to: C:\ST\STM32CubeIDE_1.16.1\STM32CubeIDE\plugins\com.st.stm32cube.common.mx_6.14.0.202502271554\\db\/plugins/boardmanager/
2025-08-10 23:16:44,816 [WARN] ApiDb:259 - Overriding images path with different value:  => C:\ST\STM32CubeIDE_1.16.1\STM32CubeIDE\plugins\com.st.stm32cube.common.mx_6.14.0.202502271554\\db\/plugins/mcufinder/images/
2025-08-10 23:16:44,825 [INFO] ApiDb:250 - Set database path to: C:\Users\piotr\.stmcufinder\plugins\mcufinder//mcu/
2025-08-10 23:16:44,827 [INFO] DbMcusAds:125 - Set database path to: C:\Users\piotr\.stmcufinder\plugins\mcufinder//mcu/
2025-08-10 23:16:44,834 [INFO] CrossReferenceDbSqlite:203 - Set database path to: C:\Users\piotr\.stmcufinder\plugins\mcufinder//mcu/cs/
2025-08-10 23:16:44,979 [INFO] RulesReader:64 - Compatibility file has been processed (301 Rules)
2025-08-10 23:16:45,097 [INFO] DbMcusXml:78 - Set database path to: C:\ST\STM32CubeIDE_1.16.1\STM32CubeIDE\plugins\com.st.stm32cube.common.mx_6.14.0.202502271554\\db\/mcu/
2025-08-10 23:16:45,097 [INFO] ApiDb:274 - Set plugin database path to: C:\ST\STM32CubeIDE_1.16.1\STM32CubeIDE\plugins\com.st.stm32cube.common.mx_6.14.0.202502271554\\db\/plugins/boardmanager/
2025-08-10 23:16:45,097 [INFO] ApiDb:261 - Set plugin images path to: C:\ST\STM32CubeIDE_1.16.1\STM32CubeIDE\plugins\com.st.stm32cube.common.mx_6.14.0.202502271554\\db\/plugins/mcufinder/images/
2025-08-10 23:16:45,098 [WARN] DbFile:41 - Overriding database path with different value: C:\Users\piotr\.stmcufinder\plugins\mcufinder/ => C:\Users\piotr\.stmcufinder\plugins\mcufinder
2025-08-10 23:16:45,098 [INFO] ApiDb:250 - Set database path to: C:\Users\piotr\.stmcufinder\plugins\mcufinder//mcu/
2025-08-10 23:16:45,098 [WARN] DbFile:41 - Overriding database path with different value: C:\Users\piotr\.stmcufinder\plugins\mcufinder/ => C:\Users\piotr\.stmcufinder\plugins\mcufinder
2025-08-10 23:16:45,098 [INFO] DbMcusAds:125 - Set database path to: C:\Users\piotr\.stmcufinder\plugins\mcufinder//mcu/
2025-08-10 23:16:45,098 [WARN] DbFile:41 - Overriding database path with different value: C:\Users\piotr\.stmcufinder\plugins\mcufinder/ => C:\Users\piotr\.stmcufinder\plugins\mcufinder
2025-08-10 23:16:45,098 [WARN] DbFile:41 - Overriding database path with different value: C:\Users\piotr\.stmcufinder\plugins\mcufinder/ => C:\Users\piotr\.stmcufinder\plugins\mcufinder
2025-08-10 23:16:45,098 [INFO] CrossReferenceDbSqlite:203 - Set database path to: C:\Users\piotr\.stmcufinder\plugins\mcufinder//mcu/cs/
2025-08-10 23:16:45,183 [INFO] MainPanel:272 - HeapMemory: 268435456
2025-08-10 23:16:45,284 [INFO] DbMcusXml:78 - Set database path to: C:\ST\STM32CubeIDE_1.16.1\STM32CubeIDE\plugins\com.st.stm32cube.common.mx_6.14.0.202502271554\\db\/mcu/
2025-08-10 23:16:45,285 [INFO] ApiDb:274 - Set plugin database path to: C:\ST\STM32CubeIDE_1.16.1\STM32CubeIDE\plugins\com.st.stm32cube.common.mx_6.14.0.202502271554\\db\/plugins/boardmanager/
2025-08-10 23:16:45,285 [INFO] ApiDb:261 - Set plugin images path to: C:\ST\STM32CubeIDE_1.16.1\STM32CubeIDE\plugins\com.st.stm32cube.common.mx_6.14.0.202502271554\\db\/plugins/mcufinder/images/
2025-08-10 23:16:45,286 [WARN] DbFile:41 - Overriding database path with different value: C:\Users\piotr\.stmcufinder\plugins\mcufinder/ => C:\Users\piotr\.stmcufinder\plugins\mcufinder
2025-08-10 23:16:45,286 [INFO] ApiDb:250 - Set database path to: C:\Users\piotr\.stmcufinder\plugins\mcufinder//mcu/
2025-08-10 23:16:45,286 [WARN] DbFile:41 - Overriding database path with different value: C:\Users\piotr\.stmcufinder\plugins\mcufinder/ => C:\Users\piotr\.stmcufinder\plugins\mcufinder
2025-08-10 23:16:45,286 [INFO] DbMcusAds:125 - Set database path to: C:\Users\piotr\.stmcufinder\plugins\mcufinder//mcu/
2025-08-10 23:16:45,286 [WARN] DbFile:41 - Overriding database path with different value: C:\Users\piotr\.stmcufinder\plugins\mcufinder/ => C:\Users\piotr\.stmcufinder\plugins\mcufinder
2025-08-10 23:16:45,286 [WARN] DbFile:41 - Overriding database path with different value: C:\Users\piotr\.stmcufinder\plugins\mcufinder/ => C:\Users\piotr\.stmcufinder\plugins\mcufinder
2025-08-10 23:16:45,286 [INFO] CrossReferenceDbSqlite:203 - Set database path to: C:\Users\piotr\.stmcufinder\plugins\mcufinder//mcu/cs/
2025-08-10 23:16:45,321 [INFO] ApplicationProperties:184 - Using Application install path: C:\ST\STM32CubeIDE_1.16.1\STM32CubeIDE\plugins\com.st.stm32cube.common.mx_6.14.0.202502271554
2025-08-10 23:16:45,324 [INFO] PluginManage:196 - Search for loadable plugins [exclusion list=, ]
2025-08-10 23:16:45,327 [INFO] PluginManage:310 - Check plugin analytics
2025-08-10 23:16:45,646 [INFO] AnalyticsPlugin:253 - Accepted Software Licenses: 
2025-08-10 23:16:45,646 [INFO] AnalyticsPlugin:255 - Accepted CMSIS Pack Licenses: 
2025-08-10 23:16:45,646 [INFO] AnalyticsPlugin:257 - Accepted Firmware Licenses: 
2025-08-10 23:16:45,653 [INFO] PluginManage:359 - Loaded plugin analytics (category:tool,tabindex:-1)
2025-08-10 23:16:45,653 [INFO] PluginManage:310 - Check plugin cadmodel
2025-08-10 23:16:45,662 [INFO] CADModel:105 - Init CAD model plugin
2025-08-10 23:16:45,662 [INFO] PluginManage:359 - Loaded plugin cadmodel (category:power,tabindex:5)
2025-08-10 23:16:45,662 [INFO] PluginManage:310 - Check plugin clock
2025-08-10 23:16:45,675 [INFO] PluginManage:359 - Loaded plugin clock (category:base,tabindex:2)
2025-08-10 23:16:45,676 [INFO] PluginManage:310 - Check plugin ddr
2025-08-10 23:16:45,679 [INFO] PluginManage:359 - Loaded plugin ddr (category:tool,tabindex:6)
2025-08-10 23:16:45,679 [INFO] PluginManage:310 - Check plugin filemanager
2025-08-10 23:16:45,881 [INFO] PluginManage:359 - Loaded plugin filemanager (category:base,tabindex:10)
2025-08-10 23:16:45,882 [INFO] PluginManage:310 - Check plugin ipmanager
2025-08-10 23:16:45,889 [INFO] PluginManage:359 - Loaded plugin ipmanager (category:base,tabindex:5)
2025-08-10 23:16:45,890 [INFO] PluginManage:310 - Check plugin lpbam
2025-08-10 23:16:45,899 [INFO] PluginManage:359 - Loaded plugin lpbam (category:base,tabindex:0)
2025-08-10 23:16:45,899 [INFO] PluginManage:310 - Check plugin memorymap
2025-08-10 23:16:45,912 [INFO] PluginManage:359 - Loaded plugin memorymap (category:base,tabindex:4)
2025-08-10 23:16:45,912 [INFO] PluginManage:310 - Check plugin pinoutandconfiguration
2025-08-10 23:16:45,924 [INFO] PluginManage:359 - Loaded plugin pinoutandconfiguration (category:base,tabindex:1)
2025-08-10 23:16:45,924 [INFO] PluginManage:310 - Check plugin pinoutconfig
2025-08-10 23:16:46,163 [WARN] SupportedApi:132 - Cannot load RTOS API schema: s4s-elt-must-match.1: The content of 'definitions' must match (annotation?, (simpleType | complexType)?, (unique | key | keyref)*)). A problem was found starting at: attribute.
2025-08-10 23:16:46,392 [INFO] PluginManage:359 - Loaded plugin pinoutconfig (category:base,tabindex:0)
2025-08-10 23:16:46,392 [INFO] PluginManage:310 - Check plugin power
2025-08-10 23:16:46,409 [INFO] PluginManage:359 - Loaded plugin power (category:power,tabindex:4)
2025-08-10 23:16:46,410 [INFO] PluginManage:310 - Check plugin projectmanager
2025-08-10 23:16:46,443 [INFO] PluginManage:359 - Loaded plugin projectmanager (category:projectmanager,tabindex:4)
2025-08-10 23:16:46,443 [INFO] PluginManage:310 - Check plugin rif
2025-08-10 23:16:46,452 [INFO] PluginManage:359 - Loaded plugin rif (category:base,tabindex:3)
2025-08-10 23:16:46,452 [INFO] PluginManage:310 - Check plugin thirdparty
2025-08-10 23:16:46,643 [WARN] IntegrityCheckThread:84 - waiting for thirdparty lock release [integrity check]
2025-08-10 23:16:46,644 [INFO] IntegrityCheckThread:86 - entering critical section [integrity check]
2025-08-10 23:16:46,644 [INFO] ThirdPartyUpdaterWithRetryManager:70 - Updater plugin not ready yet. [1/15]
2025-08-10 23:16:46,646 [INFO] PluginManage:359 - Loaded plugin thirdparty (category:base,tabindex:-1)
2025-08-10 23:16:46,647 [INFO] PluginManage:310 - Check plugin tools
2025-08-10 23:16:46,651 [INFO] PluginManage:359 - Loaded plugin tools (category:base,tabindex:7)
2025-08-10 23:16:46,651 [INFO] PluginManage:310 - Check plugin tutovideos
2025-08-10 23:16:46,857 [INFO] PluginManage:359 - Loaded plugin tutovideos (category:base,tabindex:-1)
2025-08-10 23:16:46,857 [INFO] PluginManage:310 - Check plugin updater
2025-08-10 23:16:46,881 [INFO] PluginManage:359 - Loaded plugin updater (category:base,tabindex:12)
2025-08-10 23:16:46,881 [INFO] PluginManage:310 - Check plugin userauth
2025-08-10 23:16:46,885 [INFO] UserAuth:118 - Init User Auth plugin
2025-08-10 23:16:46,887 [INFO] PluginManage:359 - Loaded plugin userauth (category:base,tabindex:14)
2025-08-10 23:16:46,889 [INFO] PluginManage:283 - PluginManage : Loaded plugins [18]
2025-08-10 23:16:47,183 [INFO] PinOutPanel:1589 - setPackage(No Configuration,No Configuration)
2025-08-10 23:16:47,299 [INFO] CADModel:165 - CPN selected for project level
2025-08-10 23:16:47,299 [INFO] CADModel:114 - Register for checkConnection events
2025-08-10 23:16:47,321 [INFO] IPUIPlugin:80 - create IPUIPlugin
2025-08-10 23:16:47,321 [INFO] PluginManager:220 - loadIPPluginJar : add adc
2025-08-10 23:16:47,326 [INFO] IPUIPlugin:80 - create IPUIPlugin
2025-08-10 23:16:47,326 [INFO] PluginManager:220 - loadIPPluginJar : add aes
2025-08-10 23:16:47,330 [INFO] IPUIPlugin:80 - create IPUIPlugin
2025-08-10 23:16:47,330 [INFO] PluginManager:220 - loadIPPluginJar : add can
2025-08-10 23:16:47,336 [INFO] IPUIPlugin:80 - create IPUIPlugin
2025-08-10 23:16:47,336 [INFO] PluginManager:220 - loadIPPluginJar : add comp
2025-08-10 23:16:47,340 [INFO] IPUIPlugin:80 - create IPUIPlugin
2025-08-10 23:16:47,340 [INFO] PluginManager:220 - loadIPPluginJar : add cryp
2025-08-10 23:16:47,346 [INFO] IPUIPlugin:80 - create IPUIPlugin
2025-08-10 23:16:47,347 [INFO] PluginManager:220 - loadIPPluginJar : add ddr_ctrl_phy
2025-08-10 23:16:47,349 [INFO] IPUIPlugin:80 - create IPUIPlugin
2025-08-10 23:16:47,350 [INFO] PluginManager:220 - loadIPPluginJar : add dfsdm
2025-08-10 23:16:47,355 [INFO] IPUIPlugin:80 - create IPUIPlugin
2025-08-10 23:16:47,356 [INFO] PluginManager:220 - loadIPPluginJar : add dma
2025-08-10 23:16:47,360 [INFO] IPUIPlugin:80 - create IPUIPlugin
2025-08-10 23:16:47,360 [INFO] PluginManager:220 - loadIPPluginJar : add dma3
2025-08-10 23:16:47,363 [INFO] IPUIPlugin:80 - create IPUIPlugin
2025-08-10 23:16:47,364 [INFO] PluginManager:220 - loadIPPluginJar : add extmemmanager
2025-08-10 23:16:47,366 [INFO] IPUIPlugin:80 - create IPUIPlugin
2025-08-10 23:16:47,366 [INFO] PluginManager:220 - loadIPPluginJar : add fatfs
2025-08-10 23:16:47,372 [INFO] IPUIPlugin:80 - create IPUIPlugin
2025-08-10 23:16:47,372 [INFO] PluginManager:220 - loadIPPluginJar : add fmc
2025-08-10 23:16:47,383 [INFO] IPUIPlugin:80 - create IPUIPlugin
2025-08-10 23:16:47,384 [INFO] PluginManager:220 - loadIPPluginJar : add freertos
2025-08-10 23:16:47,386 [INFO] IPUIPlugin:80 - create IPUIPlugin
2025-08-10 23:16:47,386 [INFO] PluginManager:220 - loadIPPluginJar : add genericplugin
2025-08-10 23:16:47,390 [INFO] IPUIPlugin:80 - create IPUIPlugin
2025-08-10 23:16:47,390 [INFO] PluginManager:220 - loadIPPluginJar : add gfxmmu
2025-08-10 23:16:47,396 [INFO] IPUIPlugin:80 - create IPUIPlugin
2025-08-10 23:16:47,396 [INFO] PluginManager:220 - loadIPPluginJar : add gic
2025-08-10 23:16:47,401 [INFO] IPUIPlugin:80 - create IPUIPlugin
2025-08-10 23:16:47,402 [INFO] PluginManager:220 - loadIPPluginJar : add gpio
2025-08-10 23:16:47,406 [INFO] IPUIPlugin:80 - create IPUIPlugin
2025-08-10 23:16:47,406 [INFO] PluginManager:220 - loadIPPluginJar : add gtzc
2025-08-10 23:16:47,410 [INFO] IPUIPlugin:80 - create IPUIPlugin
2025-08-10 23:16:47,410 [INFO] PluginManager:220 - loadIPPluginJar : add hash
2025-08-10 23:16:47,415 [INFO] IPUIPlugin:80 - create IPUIPlugin
2025-08-10 23:16:47,415 [INFO] PluginManager:220 - loadIPPluginJar : add i2c
2025-08-10 23:16:47,419 [INFO] IPUIPlugin:80 - create IPUIPlugin
2025-08-10 23:16:47,419 [INFO] PluginManager:220 - loadIPPluginJar : add i2s
2025-08-10 23:16:47,423 [INFO] IPUIPlugin:80 - create IPUIPlugin
2025-08-10 23:16:47,423 [INFO] PluginManager:220 - loadIPPluginJar : add i3c
2025-08-10 23:16:47,427 [INFO] IPUIPlugin:80 - create IPUIPlugin
2025-08-10 23:16:47,427 [INFO] PluginManager:220 - loadIPPluginJar : add ipddr
2025-08-10 23:16:47,438 [INFO] IPUIPlugin:80 - create IPUIPlugin
2025-08-10 23:16:47,439 [INFO] PluginManager:220 - loadIPPluginJar : add linkedlist
2025-08-10 23:16:47,443 [INFO] IPUIPlugin:80 - create IPUIPlugin
2025-08-10 23:16:47,443 [INFO] PluginManager:220 - loadIPPluginJar : add lorawan
2025-08-10 23:16:47,444 [INFO] IPUIPlugin:80 - create IPUIPlugin
2025-08-10 23:16:47,444 [INFO] PluginManager:220 - loadIPPluginJar : add ltdc
2025-08-10 23:16:47,450 [INFO] IPUIPlugin:80 - create IPUIPlugin
2025-08-10 23:16:47,450 [INFO] PluginManager:220 - loadIPPluginJar : add mdma
2025-08-10 23:16:47,454 [INFO] IPUIPlugin:80 - create IPUIPlugin
2025-08-10 23:16:47,454 [INFO] PluginManager:220 - loadIPPluginJar : add nvic
2025-08-10 23:16:47,459 [INFO] IPUIPlugin:80 - create IPUIPlugin
2025-08-10 23:16:47,460 [INFO] PluginManager:220 - loadIPPluginJar : add opamp
2025-08-10 23:16:47,463 [INFO] IPUIPlugin:80 - create IPUIPlugin
2025-08-10 23:16:47,463 [INFO] PluginManager:220 - loadIPPluginJar : add openamp
2025-08-10 23:16:47,467 [INFO] IPUIPlugin:80 - create IPUIPlugin
2025-08-10 23:16:47,467 [INFO] PluginManager:220 - loadIPPluginJar : add pdm2pcm
2025-08-10 23:16:47,477 [INFO] IPUIPlugin:80 - create IPUIPlugin
2025-08-10 23:16:47,480 [INFO] PluginManager:220 - loadIPPluginJar : add plateformsettings
2025-08-10 23:16:47,483 [INFO] IPUIPlugin:80 - create IPUIPlugin
2025-08-10 23:16:47,483 [INFO] PluginManager:220 - loadIPPluginJar : add quadspi
2025-08-10 23:16:47,486 [INFO] IPUIPlugin:80 - create IPUIPlugin
2025-08-10 23:16:47,486 [INFO] PluginManager:220 - loadIPPluginJar : add radio
2025-08-10 23:16:47,490 [INFO] IPUIPlugin:80 - create IPUIPlugin
2025-08-10 23:16:47,490 [INFO] PluginManager:220 - loadIPPluginJar : add resmgrutility
2025-08-10 23:16:47,495 [INFO] IPUIPlugin:80 - create IPUIPlugin
2025-08-10 23:16:47,495 [INFO] PluginManager:220 - loadIPPluginJar : add sai
2025-08-10 23:16:47,500 [INFO] IPUIPlugin:80 - create IPUIPlugin
2025-08-10 23:16:47,500 [INFO] PluginManager:220 - loadIPPluginJar : add spi
2025-08-10 23:16:47,508 [INFO] IPUIPlugin:80 - create IPUIPlugin
2025-08-10 23:16:47,508 [INFO] PluginManager:220 - loadIPPluginJar : add stm32_wpan
2025-08-10 23:16:47,511 [INFO] IPUIPlugin:80 - create IPUIPlugin
2025-08-10 23:16:47,511 [INFO] PluginManager:220 - loadIPPluginJar : add tim
2025-08-10 23:16:47,516 [INFO] IPUIPlugin:80 - create IPUIPlugin
2025-08-10 23:16:47,516 [INFO] PluginManager:220 - loadIPPluginJar : add touchsensing
2025-08-10 23:16:47,519 [INFO] IPUIPlugin:80 - create IPUIPlugin
2025-08-10 23:16:47,519 [INFO] PluginManager:220 - loadIPPluginJar : add tracer_emb
2025-08-10 23:16:47,521 [INFO] IPUIPlugin:80 - create IPUIPlugin
2025-08-10 23:16:47,522 [INFO] PluginManager:220 - loadIPPluginJar : add ts
2025-08-10 23:16:47,524 [INFO] IPUIPlugin:80 - create IPUIPlugin
2025-08-10 23:16:47,524 [INFO] PluginManager:220 - loadIPPluginJar : add tsc
2025-08-10 23:16:47,526 [INFO] IPUIPlugin:80 - create IPUIPlugin
2025-08-10 23:16:47,527 [INFO] PluginManager:220 - loadIPPluginJar : add ucpd
2025-08-10 23:16:47,530 [INFO] IPUIPlugin:80 - create IPUIPlugin
2025-08-10 23:16:47,530 [INFO] PluginManager:220 - loadIPPluginJar : add usart
2025-08-10 23:16:47,536 [INFO] IPUIPlugin:80 - create IPUIPlugin
2025-08-10 23:16:47,537 [INFO] PluginManager:220 - loadIPPluginJar : add usbx
2025-08-10 23:16:47,708 [FATAL] Updater:351 - Updater called before beeing initialized
2025-08-10 23:16:47,767 [INFO] RulesReader:64 - Compatibility file has been processed (301 Rules)
2025-08-10 23:16:47,782 [INFO] RulesReader:64 - Compatibility file has been processed (301 Rules)
2025-08-10 23:16:47,794 [INFO] CADModel:165 - CPN selected for project level
2025-08-10 23:16:47,794 [INFO] CADModel:114 - Register for checkConnection events
2025-08-10 23:16:47,794 [FATAL] Updater:351 - Updater called before beeing initialized
2025-08-10 23:16:47,794 [ERROR] CADModel:125 - Updater not yet initialized, retry later 
2025-08-10 23:16:47,969 [FATAL] Updater:351 - Updater called before beeing initialized
2025-08-10 23:16:47,971 [INFO] CADModel:165 - CPN selected for project level
2025-08-10 23:16:47,971 [INFO] CADModel:114 - Register for checkConnection events
2025-08-10 23:16:47,971 [FATAL] Updater:351 - Updater called before beeing initialized
2025-08-10 23:16:47,971 [ERROR] CADModel:125 - Updater not yet initialized, retry later 
2025-08-10 23:16:47,974 [FATAL] Updater:351 - Updater called before beeing initialized
2025-08-10 23:16:48,121 [FATAL] Updater:351 - Updater called before beeing initialized
2025-08-10 23:16:48,127 [INFO] DbMcusAds:53 - JSON generation date=Tue Jul 08 10:14:23 CEST 2025 (1751962463593)
2025-08-10 23:16:48,127 [FATAL] Updater:351 - Updater called before beeing initialized
2025-08-10 23:16:48,173 [WARN] DetailPanel:346 - Failed to get advertising image, set to default
2025-08-10 23:16:48,506 [FATAL] Updater:351 - Updater called before beeing initialized
2025-08-10 23:16:48,507 [FATAL] Updater:351 - Updater called before beeing initialized
2025-08-10 23:16:48,508 [FATAL] Updater:351 - Updater called before beeing initialized
2025-08-10 23:16:48,508 [WARN] DetailPanel:346 - Failed to get advertising image, set to default
2025-08-10 23:16:48,509 [FATAL] Updater:351 - Updater called before beeing initialized
2025-08-10 23:16:48,575 [ERROR] Updater:1198 - MainUpdater not yet initialized. External WinMGr cannot be set.
2025-08-10 23:16:48,577 [INFO] Updater:1134 - Updater Version found : 6.14.0
2025-08-10 23:16:48,592 [INFO] ApplicationProperties:184 - Using Application install path: C:\ST\STM32CubeIDE_1.16.1\STM32CubeIDE\plugins\com.st.stm32cube.common.mx_6.14.0.202502271554
2025-08-10 23:16:49,646 [INFO] ThirdPartyUpdaterWithRetryManager:70 - Updater plugin not ready yet. [2/15]
2025-08-10 23:16:50,176 [ERROR] LogOutputStream:75 - [STDERR_REDIRECT] Aug 10, 2025 11:16:50 PM java.util.prefs.WindowsPreferences <init>
2025-08-10 23:16:50,178 [ERROR] LogOutputStream:75 - [STDERR_REDIRECT] WARNING: Could not open/create prefs root node Software\JavaSoft\Prefs at root 0xffffffff80000002. Windows RegCreateKeyEx(...) returned error code 5.
2025-08-10 23:16:50,179 [ERROR] LogOutputStream:75 - [STDERR_REDIRECT] 
2025-08-10 23:16:52,646 [FATAL] Updater:351 - Updater called before beeing initialized
2025-08-10 23:16:52,646 [ERROR] IntegrityCheckThread:130 - Cannot retrieve database content from updater: error 21
2025-08-10 23:16:52,646 [INFO] ThirdParty:978 - Integrity check success = false
2025-08-10 23:16:52,647 [INFO] IntegrityCheckThread:100 - exiting critical section [integrity check]
2025-08-10 23:16:52,647 [INFO] IntegrityCheckThread:103 - End integrity checks thread
2025-08-10 23:16:55,031 [WARN] CheckConnectionManager:291 - Warning during Server Connection :  timeout Read timed out
2025-08-10 23:16:59,490 [INFO] MainUpdater:2872 - connection check result : 10
2025-08-10 23:16:59,490 [INFO] MainUpdater:3566 - Updater definition file requires update
2025-08-10 23:16:59,491 [INFO] MainUpdater:289 - Updater Check For Update Now.
2025-08-10 23:16:59,491 [INFO] MicroXplorer:498 - Change Database Version : DB.6.0.140
2025-08-10 23:16:59,497 [INFO] McuFinderGlobals:63 - Set McuFinder mode to 2 (CubeIDE integrated)
2025-08-10 23:16:59,497 [INFO] UserAuth:171 - activating auth plugin
2025-08-10 23:16:59,499 [INFO] UserAuth:486 - Internet connection configuration mode: 1
2025-08-10 23:16:59,522 [INFO] JxBrowserEngine:152 - Initiate JxBrowser Engine with user profile folder
2025-08-10 23:17:02,694 [INFO] WebApp:169 - Instantiating new browser for Auth
2025-08-10 23:17:03,620 [INFO] WebApp:463 - Apply proxy settings
2025-08-10 23:17:03,621 [INFO] WebApp:548 - Chromium requires no authentication
2025-08-10 23:17:03,629 [INFO] WebApp:491 - Direct internet connection detected
2025-08-10 23:17:03,662 [INFO] WebApp:894 - Register for checkConnection events
2025-08-10 23:17:03,662 [INFO] WebApp:463 - Apply proxy settings
2025-08-10 23:17:03,663 [INFO] WebApp:548 - Chromium requires no authentication
2025-08-10 23:17:03,663 [INFO] WebApp:491 - Direct internet connection detected
2025-08-10 23:17:03,869 [INFO] WebApp:225 - Starting web application
2025-08-10 23:17:03,869 [INFO] WebApp:593 - Web application path used C:\ST\STM32CubeIDE_1.16.1\STM32CubeIDE\plugins\com.st.stm32cube.common.mx_6.14.0.202502271554\db\plugins\mcufinder\reactClient1\index.html
2025-08-10 23:17:07,114 [INFO] ServerAccessManage:473 - Download File updaters.zip
2025-08-10 23:17:09,928 [INFO] WebApp:191 - Connection restablished
2025-08-10 23:17:10,042 [INFO] FileExtend:242 - Unzip File : updaters.zip
2025-08-10 23:17:10,043 [INFO] FileExtend:257 - Standard Zip Deflate
2025-08-10 23:17:14,163 [INFO] ServerAccessManage:473 - Download File PacksControlFlags.xml
2025-08-10 23:17:18,087 [INFO] ServerAccessManage:473 - Download File cubemx.pidx
2025-08-10 23:17:18,296 [INFO] LoadServerUpdatesThread:375 - End of LoadServerUpdate Thread
2025-08-10 23:17:18,520 [INFO] CheckServerUpdateThread:120 - End of CheckServer Thread
2025-08-10 23:18:16,687 [INFO] WebApp:194 - Connection lost
2025-08-10 23:18:17,637 [INFO] WebApp:191 - Connection restablished
2025-08-10 23:18:37,202 [INFO] WebApp:194 - Connection lost
2025-08-10 23:20:56,646 [INFO] WebApp:191 - Connection restablished
2025-08-10 23:20:59,154 [INFO] WebApp:194 - Connection lost
2025-08-10 23:21:03,302 [INFO] WebApp:191 - Connection restablished
2025-08-10 23:21:21,690 [INFO] WebApp:194 - Connection lost
2025-08-10 23:21:22,124 [INFO] WebApp:191 - Connection restablished
2025-08-10 23:21:42,224 [INFO] WebApp:194 - Connection lost
2025-08-10 23:22:27,317 [INFO] WebApp:191 - Connection restablished
2025-08-10 23:22:30,183 [INFO] WebApp:194 - Connection lost
2025-08-10 23:22:30,519 [INFO] WebApp:191 - Connection restablished
2025-08-10 23:23:19,395 [INFO] McuFinderGlobals:63 - Set McuFinder mode to 2 (CubeIDE integrated)
2025-08-10 23:23:19,401 [INFO] MainUpdater:2872 - connection check result : 10
2025-08-10 23:23:19,406 [INFO] McuFinderGlobals:76 - Set McuFinderConnectedMode to true
2025-08-10 23:23:22,429 [INFO] DbMcusAds:53 - JSON generation date=Tue Jul 08 10:14:23 CEST 2025 (1751962463593)
2025-08-10 23:23:22,449 [ERROR] TargetSelectorAdapter:267 - Unable to refresh data
2025-08-10 23:23:22,743 [INFO] ApiDb:581 - Connected to CubeFinder SQLite database (C:\Users\piotr\.stmcufinder\plugins\mcufinder\mcu\cube-finder-db.db)
2025-08-10 23:23:22,850 [INFO] ApiDb:668 - CubeFinder database Data Model version=2.1
2025-08-10 23:23:22,850 [INFO] ApiDb:669 - CubeFinder database Configuration version=3.0.39
2025-08-10 23:23:22,851 [INFO] ApiDb:670 - CubeFinder database generation date=2025-07-24 (1753349077)
2025-08-10 23:23:22,851 [INFO] ApiDb:671 - CubeFinder database FW Pack versions=[FP-ATR-ASTRA1_V2.0.0, FP-SNS-FLIGHT1_V5.1.0, FP-SNS-MOTENV1_V5.0.0, FP-SNS-MOTENVWB1_V1.4.0, FP-SNS-SMARTAG2_V1.2.0, FP-SNS-STBOX1_V2.0.0, STM32Cube_FW_C0_V1.4.0, STM32Cube_FW_F4_V1.28.2, STM32Cube_FW_F7_V1.17.3, STM32Cube_FW_G0_V1.6.2, STM32Cube_FW_G4_V1.6.1, STM32Cube_FW_H5_V1.5.0, STM32Cube_FW_H7RS_V1.2.0, STM32Cube_FW_H7_V1.12.1, STM32Cube_FW_L0_V1.12.2, STM32Cube_FW_L4_V1.18.1, STM32Cube_FW_L5_V1.5.1, STM32Cube_FW_N6_V1.2.0, STM32Cube_FW_U0_V1.3.0, STM32Cube_FW_U3_V1.2.0, STM32Cube_FW_U5_V1.8.0, STM32Cube_FW_WB0_V1.3.0, STM32Cube_FW_WBA_V1.7.0, STM32Cube_FW_WB_V1.23.0, STM32Cube_FW_WL3_V1.2.0, STM32Cube_FW_WL_V1.3.1, X-CUBE-ALGOBUILD_V1.4.0, X-CUBE-ALS_V1.0.2, X-CUBE-AZRTOS-F4_V1.1.0, X-CUBE-AZRTOS-F7_V1.1.0, X-CUBE-AZRTOS-G0_V1.1.0, X-CUBE-AZRTOS-G4_V2.0.0, X-CUBE-AZRTOS-H7RS_V1.1.0, X-CUBE-AZRTOS-H7_V3.4.0, X-CUBE-AZRTOS-L4_V2.0.0, X-CUBE-AZRTOS-L5_V2.0.0, X-CUBE-AZRTOS-WB_V2.0.0, X-CUBE-AZRTOS-WL_V2.0.0, X-CUBE-BLE1_V7.1.0, X-CUBE-BLE2_V3.3.0, X-CUBE-BLEMGR_V4.1.0, X-CUBE-EEPRMA1_V5.2.0, X-CUBE-FREERTOS_V1.3.1, X-CUBE-GNSS1_V6.0.0, X-CUBE-MEMS1_V11.3.0, X-CUBE-NFC4_V3.0.0, X-CUBE-NFC7_V2.0.0, X-CUBE-SFXS2LP1_V4.0.0, X-CUBE-ST67W61_V1.0.0, X-CUBE-SUBG2_V5.0.0, X-CUBE-TOF1_V3.4.3]
2025-08-10 23:23:22,996 [INFO] DbBoardsSqlite:226 - include board P-NUCLEO-WB55-NUCLEO as a kit item of type 'Nucleo-64'
2025-08-10 23:23:22,997 [INFO] DbBoardsSqlite:226 - include board P-NUCLEO-WB55-USBDONGLE as a kit item of type 'Nucleo USB Dongle'
2025-08-10 23:23:22,998 [INFO] DbBoardsSqlite:226 - include board STEVAL-IDP005V1 as a kit item of type 'Evaluation Board'
2025-08-10 23:23:22,998 [INFO] DbBoardsSqlite:226 - include board STEVAL-IDP005V2 as a kit item of type 'Evaluation Board'
2025-08-10 23:23:23,474 [INFO] ApiDb:240 - Found 895 in-development CPN: [B-G473E-ZEST1S, B-WB1M-WPAN1, B-WBA5M-WPAN, B-WL5M-SUBG1, NUCLEO-C031C6, NUCLEO-C051C8, NUCLEO-C071RB, NUCLEO-C092RC, NUCLEO-H503RB, NUCLEO-H533RE, NUCLEO-H563ZI, NUCLEO-H7S3L8, NUCLEO-N657X0-Q, NUCLEO-U031R8, NUCLEO-U083RC, NUCLEO-U385RG-Q, NUCLEO-U545RE-Q, NUCLEO-U5A5ZJ-Q, NUCLEO-WB05KZ, NUCLEO-WB07CC, NUCLEO-WB09KE, NUCLEO-WBA52CG, NUCLEO-WBA55CG, NUCLEO-WBA65RI, NUCLEO-WL33CC1, NUCLEO-WL33CC2, STEVAL-PROTEUS1, STEVAL-SMARTAG2, STEVAL-STWINBX1, STM320518-EVAL, STM32C0116-DK, STM32C011D6Y3TR, STM32C011D6Y6TR, STM32C011F4P3, STM32C011F4P6, STM32C011F4U3, STM32C011F4U6TR, STM32C011F6P3, STM32C011F6P6, STM32C011F6U3, STM32C011F6U6TR, STM32C011J4M3, STM32C011J4M6, STM32C011J6M3, STM32C011J6M6, STM32C0316-DK, STM32C031C4T3, STM32C031C4T6, STM32C031C4U3, STM32C031C4U6, STM32C031C6T3, STM32C031C6T6, STM32C031C6U3, STM32C031C6U6, STM32C031F4P3, STM32C031F4P6, STM32C031F6P3, STM32C031F6P6, STM32C031G4U3, STM32C031G4U6, STM32C031G6U3, STM32C031G6U6, STM32C031K4T3, STM32C031K4T6, STM32C031K4U3, STM32C031K4U6, STM32C031K6T3, STM32C031K6T6, STM32C031K6U3, STM32C031K6U6, STM32C051C6T6, STM32C051C6U6, STM32C051C8T6, STM32C051C8U6, STM32C051D8Y6TR, STM32C051F6P6, STM32C051F8P6, STM32C051G6U6, STM32C051G8U6, STM32C051K6T6, STM32C051K6U6, STM32C051K8T6, STM32C071C8T6, STM32C071C8T6N, STM32C071C8U6, STM32C071C8U6N, STM32C071CBT6, STM32C071CBT6N, STM32C071CBU6, STM32C071CBU6N, STM32C071F8P6, STM32C071F8P6N, STM32C071FBP6, STM32C071FBP6N, STM32C071FBY6TR, STM32C071G8U6, STM32C071G8U6N, STM32C071GBU6, STM32C071GBU6N, STM32C071K8T6, STM32C071K8T6N, STM32C071K8U6, STM32C071K8U6N, STM32C071KBT6, STM32C071KBT6N, STM32C071KBU6, STM32C071KBU6N, STM32C071R8T6, STM32C071R8T6N, STM32C071RBI6N, STM32C071RBT6, STM32C071RBT6N, STM32C091CBT6, STM32C091CBU6, STM32C091CCT6, STM32C091CCU6, STM32C091ECY6TR, STM32C091FBP6, STM32C091FCP6, STM32C091GBU6, STM32C091GCU6, STM32C091KBT6, STM32C091KBU6, STM32C091KCT6, STM32C091KCU6, STM32C091RBT6, STM32C091RCI6, STM32C091RCT6, STM32C092CBT6, STM32C092CBU6, STM32C092CCT6, STM32C092CCU6, STM32C092ECY6TR, STM32C092FBP6, STM32C092FCP6, STM32C092GBU6, STM32C092GCU6, STM32C092KBT6, STM32C092KBU6, STM32C092KCT6, STM32C092KCU6, STM32C092RBT6, STM32C092RCI6, STM32C092RCT6, STM32G071K8TXN, STM32G071K8UXN, STM32G081GBU6N, STM32G081KBT6N, STM32G081KBUXN, STM32G0B1CCT6N, STM32G0B1KCT6, STM32G0B1NEY6TR, STM32G0B1RCT6N, STM32G0C1CCT6, STM32G0C1CCT6N, STM32G0C1CCU6N, STM32G0C1CET6N, STM32G0C1CEU6N, STM32G0C1KCT6, STM32G0C1NEY6TR, STM32G0C1RCI6N, STM32G0C1RCT6N, STM32G0C1REI6N, STM32G0C1RET6N, STM32G0C1VCI6, STM32G0C1VEI6, STM32G411C6T3, STM32G411C6T6, STM32G411C6U3, STM32G411C6U6, STM32G411C8T3, STM32G411C8T6, STM32G411C8U3, STM32G411C8U6, STM32G411CBT3, STM32G411CBT6, STM32G411CBU3, STM32G411CBU6, STM32G411CCT3, STM32G411CCT6, STM32G411CCU3, STM32G411CCU6, STM32G411K6T3, STM32G411K6T6, STM32G411K6U3, STM32G411K6U6, STM32G411K8T3, STM32G411K8T6, STM32G411K8U3, STM32G411K8U6, STM32G411KBT3, STM32G411KBT6, STM32G411KBU3, STM32G411KBU6, STM32G411M6T3, STM32G411M6T6, STM32G411M8T3, STM32G411M8T6, STM32G411MBT3, STM32G411MBT6, STM32G411MCT3, STM32G411MCT6, STM32G411R6T3, STM32G411R6T6, STM32G411R8T3, STM32G411R8T6, STM32G411RBT3, STM32G411RBT6, STM32G411RCT3, STM32G411RCT6, STM32G414CBT3, STM32G414CBT6, STM32G414CBU3, STM32G414CBU6, STM32G414CCT3, STM32G414CCT6, STM32G414CCU3, STM32G414CCU6, STM32G414MBT3, STM32G414MBT6, STM32G414MCT3, STM32G414MCT6, STM32G414RBT3, STM32G414RBT6, STM32G414RCT3, STM32G414RCT6, STM32G414VBT3, STM32G414VBT6, STM32G414VCT3, STM32G414VCT6, STM32G431CBT3Z, STM32G431RBT3Z, STM32G471CCT6, STM32G471CCU6, STM32G471CET3, STM32G471CET6, STM32G471CEU3, STM32G471CEU6, STM32G471MCT6, STM32G471MET3, STM32G471MET6, STM32G471MEY6TR, STM32G471QCT6, STM32G471QET3, STM32G471RCT6, STM32G471RET3, STM32G471RET6, STM32G471VCH6, STM32G471VCI6, STM32G471VCT6, STM32G471VEH3, STM32G471VEH6, STM32G471VEI3, STM32G471VEI6, STM32G471VET3, STM32G471VET6, STM32G473QET3Z, STM32G473RET3Z, STM32G474CCT6, STM32G491RET3Z, STM32H503CBT6, STM32H503CBU6, STM32H503EBY6TR, STM32H503KBU6, STM32H503RBT6, STM32H523CCT6, STM32H523CCU6, STM32H523CET6, STM32H523CEU6, STM32H523HEY6TR, STM32H523RCT6, STM32H523RET6, STM32H523VCI6, STM32H523VCT6, STM32H523VEI6, STM32H523VET6, STM32H523ZCJ6, STM32H523ZCT6, STM32H523ZEJ6, STM32H523ZET6, STM32H533CET6, STM32H533CEU6, STM32H533HEY6TR, STM32H533RET6, STM32H533VEI6, STM32H533VET6, STM32H533ZEJ6, STM32H533ZET6, STM32H562AGI6, STM32H562AII6, STM32H562IGK6, STM32H562IGT6, STM32H562IIK6, STM32H562IIT6, STM32H562RGT6, STM32H562RGV6, STM32H562RIT6, STM32H562RIV6, STM32H562VGT6, STM32H562VIT6, STM32H562ZGT6, STM32H562ZIT6, STM32H563AGI6, STM32H563AII3Q, STM32H563AII6, STM32H563IGK6, STM32H563IGT6, STM32H563IIK3Q, STM32H563IIK6, STM32H563IIT3Q, STM32H563IIT6, STM32H563MIY3QTR, STM32H563RGT6, STM32H563RGV6, STM32H563RIT6, STM32H563RIV6, STM32H563VGT6, STM32H563VIT3Q, STM32H563VIT6, STM32H563ZGT6, STM32H563ZIT3Q, STM32H563ZIT6, STM32H573AII3Q, STM32H573AII6, STM32H573I-DK, STM32H573IIK3Q, STM32H573IIK6, STM32H573IIT3Q, STM32H573IIT6, STM32H573MIY3QTR, STM32H573RIT6, STM32H573RIV6, STM32H573VIT3Q, STM32H573VIT6, STM32H573ZIT3Q, STM32H573ZIT6, STM32H7R3A8I6, STM32H7R3I8K6, STM32H7R3I8T6, STM32H7R3L8H6, STM32H7R3L8H6H, STM32H7R3R8V6, STM32H7R3V8H6, STM32H7R3V8T6, STM32H7R3V8Y6TR, STM32H7R3Z8J6, STM32H7R3Z8T6, STM32H7R7A8I6, STM32H7R7I8K6, STM32H7R7I8T6, STM32H7R7L8H6, STM32H7R7L8H6H, STM32H7R7Z8J6, STM32H7S3A8I6, STM32H7S3I8K6, STM32H7S3I8T6, STM32H7S3L8H6, STM32H7S3L8H6H, STM32H7S3R8V6, STM32H7S3V8H6, STM32H7S3V8T6, STM32H7S3V8Y6TR, STM32H7S3Z8J6, STM32H7S3Z8T6, STM32H7S78-DK, STM32H7S7A8I6, STM32H7S7I8K6, STM32H7S7I8T6, STM32H7S7L8H6, STM32H7S7L8H6H, STM32H7S7Z8J6, STM32L4R5QGI6STR, STM32MP131AAE3, STM32MP131AAF3, STM32MP131AAG3, STM32MP131CAE3, STM32MP131CAF3, STM32MP131CAG3, STM32MP131DAE7, STM32MP131DAF7, STM32MP131DAG7, STM32MP131FAE7, STM32MP131FAF7, STM32MP131FAG7, STM32MP133AAE3, STM32MP133AAF3, STM32MP133AAG3, STM32MP133CAE3, STM32MP133CAF3, STM32MP133CAG3, STM32MP133DAE7, STM32MP133DAF7, STM32MP133DAG7, STM32MP133FAE7, STM32MP133FAF7, STM32MP133FAG7, STM32MP135AAE3, STM32MP135AAF3, STM32MP135AAG3, STM32MP135CAE3, STM32MP135CAF3, STM32MP135CAG3, STM32MP135DAE7, STM32MP135DAF7, STM32MP135DAG7, STM32MP135F-DK, STM32MP135FAE7, STM32MP135FAF7, STM32MP135FAF7T, STM32MP135FAF7U, STM32MP135FAG7, STM32MP231AAJ3, STM32MP231AAK3, STM32MP231AAL3, STM32MP231CAJ3, STM32MP231CAK3, STM32MP231CAL3, STM32MP231DAJ3, STM32MP231DAK3, STM32MP231DAL3, STM32MP231FAJ3, STM32MP231FAK3, STM32MP231FAL3, STM32MP233AAJ3, STM32MP233AAK3, STM32MP233AAL3, STM32MP233CAJ3, STM32MP233CAK3, STM32MP233CAL3, STM32MP233DAJ3, STM32MP233DAK3, STM32MP233DAL3, STM32MP233FAJ3, STM32MP233FAK3, STM32MP233FAL3, STM32MP235AAJ3, STM32MP235AAK3, STM32MP235AAL3, STM32MP235CAJ3, STM32MP235CAK3, STM32MP235CAL3, STM32MP235DAJ3, STM32MP235DAK3, STM32MP235DAL3, STM32MP235FAJ3, STM32MP235FAK3, STM32MP235FAL3, STM32MP251AAI3, STM32MP251AAJ3, STM32MP251AAK3, STM32MP251AAL3, STM32MP251CAI3, STM32MP251CAJ3, STM32MP251CAK3, STM32MP251CAL3, STM32MP251DAI3, STM32MP251DAJ3, STM32MP251DAK3, STM32MP251DAL3, STM32MP251FAI3, STM32MP251FAJ3, STM32MP251FAK3, STM32MP251FAL3, STM32MP253AAI3, STM32MP253AAJ3, STM32MP253AAK3, STM32MP253AAL3, STM32MP253CAI3, STM32MP253CAJ3, STM32MP253CAK3, STM32MP253CAL3, STM32MP253DAI3, STM32MP253DAJ3, STM32MP253DAK3, STM32MP253DAL3, STM32MP253FAI3, STM32MP253FAJ3, STM32MP253FAK3, STM32MP253FAL3, STM32MP255AAI3, STM32MP255AAJ3, STM32MP255AAK3, STM32MP255AAL3, STM32MP255CAI3, STM32MP255CAJ3, STM32MP255CAK3, STM32MP255CAL3, STM32MP255DAI3, STM32MP255DAJ3, STM32MP255DAK3, STM32MP255DAL3, STM32MP255FAI3, STM32MP255FAJ3, STM32MP255FAK3, STM32MP255FAL3, STM32MP257AAI3, STM32MP257AAJ3, STM32MP257AAK3, STM32MP257AAL3, STM32MP257CAI3, STM32MP257CAJ3, STM32MP257CAK3, STM32MP257CAL3, STM32MP257DAI3, STM32MP257DAJ3, STM32MP257DAK3, STM32MP257DAL3, STM32MP257F-DK, STM32MP257F-EV1, STM32MP257FAI3, STM32MP257FAJ3, STM32MP257FAK3, STM32MP257FAL3, STM32N645A0H3Q, STM32N645B0H3Q, STM32N645I0H3Q, STM32N645L0H3Q, STM32N645X0H3Q, STM32N645Z0H3Q, STM32N647A0H3Q, STM32N647B0H3Q, STM32N647I0H3Q, STM32N647L0H3Q, STM32N647X0H3Q, STM32N647Z0H3Q, STM32N655A0H3Q, STM32N655B0H3Q, STM32N655I0H3Q, STM32N655L0H3Q, STM32N655X0H3Q, STM32N655Z0H3Q, STM32N6570-DK, STM32N657A0H3Q, STM32N657B0H3Q, STM32N657I0H3Q, STM32N657L0H3Q, STM32N657X0H3Q, STM32N657Z0H3Q, STM32U031C6T6, STM32U031C6U6, STM32U031C8T6, STM32U031C8U6, STM32U031F4P6, STM32U031F6P6, STM32U031F8P6, STM32U031G6Y6TR, STM32U031G8Y6TR, STM32U031K4U6, STM32U031K6U6, STM32U031K8U6, STM32U031R6I6, STM32U031R6T6, STM32U031R8I6, STM32U031R8T6, STM32U073C8T6, STM32U073C8U6, STM32U073CBT6, STM32U073CBU6, STM32U073CCT6, STM32U073CCU6, STM32U073H8Y6TR, STM32U073HBY6TR, STM32U073HCY6TR, STM32U073K8U6, STM32U073KBU6, STM32U073KCU6, STM32U073M8I6, STM32U073M8T6, STM32U073MBI6, STM32U073MBT6, STM32U073MCI6, STM32U073MCT6, STM32U073R8I6, STM32U073R8T6, STM32U073RBI6, STM32U073RBT6, STM32U073RCI6, STM32U073RCT6, STM32U083C-DK, STM32U083CCT6, STM32U083CCU6, STM32U083HCY6TR, STM32U083KCU6, STM32U083MCI6, STM32U083MCT6, STM32U083RCI6, STM32U083RCT6, STM32U375CET6, STM32U375CET6Q, STM32U375CEU6, STM32U375CEU6Q, STM32U375CEY6QTR, STM32U375CGT6, STM32U375CGT6Q, STM32U375CGU6, STM32U375CGU6Q, STM32U375CGY6QTR, STM32U375KEU6, STM32U375KGU6, STM32U375REI6, STM32U375REI6Q, STM32U375RET6, STM32U375RET6Q, STM32U375REY6GTR, STM32U375REY6QTR, STM32U375RGI6, STM32U375RGI6Q, STM32U375RGT6, STM32U375RGT6Q, STM32U375RGY6GTR, STM32U375RGY6QTR, STM32U375VEI6, STM32U375VEI6Q, STM32U375VET6, STM32U375VET6Q, STM32U375VGI6, STM32U375VGI6Q, STM32U375VGT6, STM32U375VGT6Q, STM32U385CGT6, STM32U385CGT6Q, STM32U385CGU6, STM32U385CGU6Q, STM32U385CGY6QTR, STM32U385KGU6, STM32U385RGI6, STM32U385RGI6Q, STM32U385RGT6, STM32U385RGT6Q, STM32U385RGY6GTR, STM32U385RGY6QTR, STM32U385VGI6, STM32U385VGI6Q, STM32U385VGT6, STM32U385VGT6Q, STM32U535CBT6, STM32U535CBT6Q, STM32U535CBU6, STM32U535CBU6Q, STM32U535CCT6, STM32U535CCT6Q, STM32U535CCU6, STM32U535CCU6Q, STM32U535CET6, STM32U535CET6Q, STM32U535CEU6, STM32U535CEU6Q, STM32U535JEY6QTR, STM32U535NCY6QTR, STM32U535NEY6QTR, STM32U535RBI6, STM32U535RBI6Q, STM32U535RBT6, STM32U535RBT6Q, STM32U535RCI6, STM32U535RCI6Q, STM32U535RCT6, STM32U535RCT6Q, STM32U535REI6, STM32U535REI6Q, STM32U535RET6, STM32U535RET6Q, STM32U535VCI6, STM32U535VCI6Q, STM32U535VCT6, STM32U535VCT6Q, STM32U535VEI6, STM32U535VEI6Q, STM32U535VET6, STM32U535VET6Q, STM32U545CET6, STM32U545CET6Q, STM32U545CEU6, STM32U545CEU6Q, STM32U545JEY6QTR, STM32U545NEY6QTR, STM32U545REI6, STM32U545REI6Q, STM32U545RET6, STM32U545RET6Q, STM32U545VEI6, STM32U545VEI6Q, STM32U545VET6, STM32U545VET6Q, STM32U595AIH6, STM32U595AIH6Q, STM32U595AJH6, STM32U595AJH6Q, STM32U595QII6, STM32U595QII6Q, STM32U595QJI6, STM32U595QJI6Q, STM32U595RIT6, STM32U595RIT6Q, STM32U595RJT6, STM32U595RJT6Q, STM32U595VIT6, STM32U595VIT6Q, STM32U595VJT6, STM32U595VJT6Q, STM32U595ZIT6, STM32U595ZIT6Q, STM32U595ZIY6QTR, STM32U595ZJT6, STM32U595ZJT6Q, STM32U595ZJY6QTR, STM32U599BJY6QTR, STM32U599NIH6Q, STM32U599NJH6Q, STM32U599VIT6Q, STM32U599VJT6, STM32U599VJT6Q, STM32U599ZIT6Q, STM32U599ZIY6QTR, STM32U599ZJT6Q, STM32U599ZJY6QTR, STM32U5A5AJH6, STM32U5A5AJH6Q, STM32U5A5QII3Q , STM32U5A5QJI6, STM32U5A5QJI6Q, STM32U5A5RJT6, STM32U5A5RJT6Q, STM32U5A5VJT6, STM32U5A5VJT6Q, STM32U5A5ZJT6, STM32U5A5ZJT6Q, STM32U5A5ZJY6QTR, STM32U5A9BJY6QTR, STM32U5A9J-DK, STM32U5A9NJH6Q, STM32U5A9VJT6Q, STM32U5A9ZJT6Q, STM32U5A9ZJY6QTR, STM32U5F7VIT6, STM32U5F7VIT6Q, STM32U5F7VJT6, STM32U5F7VJT6Q, STM32U5F9BJY6QTR, STM32U5F9NJH6Q, STM32U5F9VIT6Q, STM32U5F9VJT6Q, STM32U5F9ZIJ6QTR, STM32U5F9ZIT6Q, STM32U5F9ZJJ6QTR, STM32U5F9ZJT6Q, STM32U5G7VJT6, STM32U5G7VJT6Q, STM32U5G9BJY6QTR, STM32U5G9J-DK1, STM32U5G9J-DK2, STM32U5G9NJH6Q, STM32U5G9VJT6Q, STM32U5G9ZJJ6QTR, STM32U5G9ZJT6Q, STM32WB05KZV6TR, STM32WB05KZV7TR, STM32WB05TZF6TR, STM32WB05TZF7TR, STM32WB06CCF6TR, STM32WB06CCF7TR, STM32WB06CCV6TR, STM32WB06CCV7TR, STM32WB06KCV6TR, STM32WB06KCV7TR, STM32WB07CCF6TR, STM32WB07CCF7TR, STM32WB07CCV6TR, STM32WB07CCV7TR, STM32WB07KCV6TR, STM32WB07KCV7TR, STM32WB09KEV6TR, STM32WB09KEV7TR, STM32WB09TEF6TR, STM32WB09TEF7TR, STM32WB1MMCH6, STM32WBA50KGU6, STM32WBA50KGU6TR, STM32WBA52CEU6, STM32WBA52CEU6TR, STM32WBA52CEU7, STM32WBA52CEU7TR, STM32WBA52CGU6, STM32WBA52CGU6TR, STM32WBA52CGU6U, STM32WBA52CGU7, STM32WBA52CGU7TR, STM32WBA52KEU6, STM32WBA52KEU6TR, STM32WBA52KGU6, STM32WBA52KGU6TR, STM32WBA54CEU6, STM32WBA54CEU6TR, STM32WBA54CEU7, STM32WBA54CEU7TR, STM32WBA54CGU6, STM32WBA54CGU6TR, STM32WBA54CGU7, STM32WBA54CGU7TR, STM32WBA54KEU6, STM32WBA54KEU6TR, STM32WBA54KEU7, STM32WBA54KEU7TR, STM32WBA54KGU6, STM32WBA54KGU6TR, STM32WBA54KGU7, STM32WBA54KGU7TR, STM32WBA55CEU6, STM32WBA55CEU6TR, STM32WBA55CEU7, STM32WBA55CEU7TR, STM32WBA55CGU6, STM32WBA55CGU6TR, STM32WBA55CGU6U, STM32WBA55CGU7, STM32WBA55CGU7TR, STM32WBA55G-DK1, STM32WBA55HEF6, STM32WBA55HEF7, STM32WBA55HGF6, STM32WBA55HGF7, STM32WBA55UEI6, STM32WBA55UEI6TR, STM32WBA55UEI7, STM32WBA55UEI7TR, STM32WBA55UGI6, STM32WBA55UGI6TR, STM32WBA55UGI7, STM32WBA55UGI7TR, STM32WBA5MJGH6TR, STM32WBA62CGU6, STM32WBA62CIU6, STM32WBA62MGF6, STM32WBA62MIF6, STM32WBA62PGI6, STM32WBA62PII6, STM32WBA63CGU6, STM32WBA63CGU7, STM32WBA63CIU6, STM32WBA63CIU7, STM32WBA64CGU6, STM32WBA64CGU7, STM32WBA64CIU6, STM32WBA64CIU7, STM32WBA65CGU6, STM32WBA65CGU7, STM32WBA65CIU6, STM32WBA65CIU7, STM32WBA65I-DK1, STM32WBA65MGF6, STM32WBA65MGF7, STM32WBA65MIF6, STM32WBA65MIF7, STM32WBA65PGI6, STM32WBA65PGI7, STM32WBA65PII6, STM32WBA65PII7, STM32WBA65RGV6, STM32WBA65RGV7, STM32WBA65RIV6, STM32WBA65RIV7, STM32WL30K8V6, STM32WL30KBV6, STM32WL31C8V6, STM32WL31CBV6, STM32WL31K8V6, STM32WL31KBV6, STM32WL33C8V6, STM32WL33C8V6TR, STM32WL33C8V7, STM32WL33C8V7TR, STM32WL33CBV6, STM32WL33CBV6TR, STM32WL33CBV7, STM32WL33CBV7TR, STM32WL33CCV6, STM32WL33CCV6TR, STM32WL33CCV7, STM32WL33CCV7A, STM32WL33CCV7ATR, STM32WL33CCV7TR, STM32WL33K8V6, STM32WL33K8V6TR, STM32WL33K8V7, STM32WL33K8V7TR, STM32WL33KBV6, STM32WL33KBV6TR, STM32WL33KBV7, STM32WL33KBV7TR, STM32WL33KCV6, STM32WL33KCV6TR, STM32WL33KCV7, STM32WL33KCV7TR, STM32WL5MOCH6, STM32WL5MOCH6TR]
2025-08-10 23:23:23,478 [INFO] ApiDb:668 - CubeFinder database Data Model version=2.1
2025-08-10 23:23:23,478 [INFO] ApiDb:669 - CubeFinder database Configuration version=3.0.39
2025-08-10 23:23:23,478 [INFO] ApiDb:670 - CubeFinder database generation date=2025-07-24 (1753349077)
2025-08-10 23:23:23,479 [INFO] ApiDb:671 - CubeFinder database FW Pack versions=[FP-ATR-ASTRA1_V2.0.0, FP-SNS-FLIGHT1_V5.1.0, FP-SNS-MOTENV1_V5.0.0, FP-SNS-MOTENVWB1_V1.4.0, FP-SNS-SMARTAG2_V1.2.0, FP-SNS-STBOX1_V2.0.0, STM32Cube_FW_C0_V1.4.0, STM32Cube_FW_F4_V1.28.2, STM32Cube_FW_F7_V1.17.3, STM32Cube_FW_G0_V1.6.2, STM32Cube_FW_G4_V1.6.1, STM32Cube_FW_H5_V1.5.0, STM32Cube_FW_H7RS_V1.2.0, STM32Cube_FW_H7_V1.12.1, STM32Cube_FW_L0_V1.12.2, STM32Cube_FW_L4_V1.18.1, STM32Cube_FW_L5_V1.5.1, STM32Cube_FW_N6_V1.2.0, STM32Cube_FW_U0_V1.3.0, STM32Cube_FW_U3_V1.2.0, STM32Cube_FW_U5_V1.8.0, STM32Cube_FW_WB0_V1.3.0, STM32Cube_FW_WBA_V1.7.0, STM32Cube_FW_WB_V1.23.0, STM32Cube_FW_WL3_V1.2.0, STM32Cube_FW_WL_V1.3.1, X-CUBE-ALGOBUILD_V1.4.0, X-CUBE-ALS_V1.0.2, X-CUBE-AZRTOS-F4_V1.1.0, X-CUBE-AZRTOS-F7_V1.1.0, X-CUBE-AZRTOS-G0_V1.1.0, X-CUBE-AZRTOS-G4_V2.0.0, X-CUBE-AZRTOS-H7RS_V1.1.0, X-CUBE-AZRTOS-H7_V3.4.0, X-CUBE-AZRTOS-L4_V2.0.0, X-CUBE-AZRTOS-L5_V2.0.0, X-CUBE-AZRTOS-WB_V2.0.0, X-CUBE-AZRTOS-WL_V2.0.0, X-CUBE-BLE1_V7.1.0, X-CUBE-BLE2_V3.3.0, X-CUBE-BLEMGR_V4.1.0, X-CUBE-EEPRMA1_V5.2.0, X-CUBE-FREERTOS_V1.3.1, X-CUBE-GNSS1_V6.0.0, X-CUBE-MEMS1_V11.3.0, X-CUBE-NFC4_V3.0.0, X-CUBE-NFC7_V2.0.0, X-CUBE-SFXS2LP1_V4.0.0, X-CUBE-ST67W61_V1.0.0, X-CUBE-SUBG2_V5.0.0, X-CUBE-TOF1_V3.4.3]
2025-08-10 23:23:25,709 [INFO] ApiDb:240 - Found 895 in-development CPN: [B-G473E-ZEST1S, B-WB1M-WPAN1, B-WBA5M-WPAN, B-WL5M-SUBG1, NUCLEO-C031C6, NUCLEO-C051C8, NUCLEO-C071RB, NUCLEO-C092RC, NUCLEO-H503RB, NUCLEO-H533RE, NUCLEO-H563ZI, NUCLEO-H7S3L8, NUCLEO-N657X0-Q, NUCLEO-U031R8, NUCLEO-U083RC, NUCLEO-U385RG-Q, NUCLEO-U545RE-Q, NUCLEO-U5A5ZJ-Q, NUCLEO-WB05KZ, NUCLEO-WB07CC, NUCLEO-WB09KE, NUCLEO-WBA52CG, NUCLEO-WBA55CG, NUCLEO-WBA65RI, NUCLEO-WL33CC1, NUCLEO-WL33CC2, STEVAL-PROTEUS1, STEVAL-SMARTAG2, STEVAL-STWINBX1, STM320518-EVAL, STM32C0116-DK, STM32C011D6Y3TR, STM32C011D6Y6TR, STM32C011F4P3, STM32C011F4P6, STM32C011F4U3, STM32C011F4U6TR, STM32C011F6P3, STM32C011F6P6, STM32C011F6U3, STM32C011F6U6TR, STM32C011J4M3, STM32C011J4M6, STM32C011J6M3, STM32C011J6M6, STM32C0316-DK, STM32C031C4T3, STM32C031C4T6, STM32C031C4U3, STM32C031C4U6, STM32C031C6T3, STM32C031C6T6, STM32C031C6U3, STM32C031C6U6, STM32C031F4P3, STM32C031F4P6, STM32C031F6P3, STM32C031F6P6, STM32C031G4U3, STM32C031G4U6, STM32C031G6U3, STM32C031G6U6, STM32C031K4T3, STM32C031K4T6, STM32C031K4U3, STM32C031K4U6, STM32C031K6T3, STM32C031K6T6, STM32C031K6U3, STM32C031K6U6, STM32C051C6T6, STM32C051C6U6, STM32C051C8T6, STM32C051C8U6, STM32C051D8Y6TR, STM32C051F6P6, STM32C051F8P6, STM32C051G6U6, STM32C051G8U6, STM32C051K6T6, STM32C051K6U6, STM32C051K8T6, STM32C071C8T6, STM32C071C8T6N, STM32C071C8U6, STM32C071C8U6N, STM32C071CBT6, STM32C071CBT6N, STM32C071CBU6, STM32C071CBU6N, STM32C071F8P6, STM32C071F8P6N, STM32C071FBP6, STM32C071FBP6N, STM32C071FBY6TR, STM32C071G8U6, STM32C071G8U6N, STM32C071GBU6, STM32C071GBU6N, STM32C071K8T6, STM32C071K8T6N, STM32C071K8U6, STM32C071K8U6N, STM32C071KBT6, STM32C071KBT6N, STM32C071KBU6, STM32C071KBU6N, STM32C071R8T6, STM32C071R8T6N, STM32C071RBI6N, STM32C071RBT6, STM32C071RBT6N, STM32C091CBT6, STM32C091CBU6, STM32C091CCT6, STM32C091CCU6, STM32C091ECY6TR, STM32C091FBP6, STM32C091FCP6, STM32C091GBU6, STM32C091GCU6, STM32C091KBT6, STM32C091KBU6, STM32C091KCT6, STM32C091KCU6, STM32C091RBT6, STM32C091RCI6, STM32C091RCT6, STM32C092CBT6, STM32C092CBU6, STM32C092CCT6, STM32C092CCU6, STM32C092ECY6TR, STM32C092FBP6, STM32C092FCP6, STM32C092GBU6, STM32C092GCU6, STM32C092KBT6, STM32C092KBU6, STM32C092KCT6, STM32C092KCU6, STM32C092RBT6, STM32C092RCI6, STM32C092RCT6, STM32G071K8TXN, STM32G071K8UXN, STM32G081GBU6N, STM32G081KBT6N, STM32G081KBUXN, STM32G0B1CCT6N, STM32G0B1KCT6, STM32G0B1NEY6TR, STM32G0B1RCT6N, STM32G0C1CCT6, STM32G0C1CCT6N, STM32G0C1CCU6N, STM32G0C1CET6N, STM32G0C1CEU6N, STM32G0C1KCT6, STM32G0C1NEY6TR, STM32G0C1RCI6N, STM32G0C1RCT6N, STM32G0C1REI6N, STM32G0C1RET6N, STM32G0C1VCI6, STM32G0C1VEI6, STM32G411C6T3, STM32G411C6T6, STM32G411C6U3, STM32G411C6U6, STM32G411C8T3, STM32G411C8T6, STM32G411C8U3, STM32G411C8U6, STM32G411CBT3, STM32G411CBT6, STM32G411CBU3, STM32G411CBU6, STM32G411CCT3, STM32G411CCT6, STM32G411CCU3, STM32G411CCU6, STM32G411K6T3, STM32G411K6T6, STM32G411K6U3, STM32G411K6U6, STM32G411K8T3, STM32G411K8T6, STM32G411K8U3, STM32G411K8U6, STM32G411KBT3, STM32G411KBT6, STM32G411KBU3, STM32G411KBU6, STM32G411M6T3, STM32G411M6T6, STM32G411M8T3, STM32G411M8T6, STM32G411MBT3, STM32G411MBT6, STM32G411MCT3, STM32G411MCT6, STM32G411R6T3, STM32G411R6T6, STM32G411R8T3, STM32G411R8T6, STM32G411RBT3, STM32G411RBT6, STM32G411RCT3, STM32G411RCT6, STM32G414CBT3, STM32G414CBT6, STM32G414CBU3, STM32G414CBU6, STM32G414CCT3, STM32G414CCT6, STM32G414CCU3, STM32G414CCU6, STM32G414MBT3, STM32G414MBT6, STM32G414MCT3, STM32G414MCT6, STM32G414RBT3, STM32G414RBT6, STM32G414RCT3, STM32G414RCT6, STM32G414VBT3, STM32G414VBT6, STM32G414VCT3, STM32G414VCT6, STM32G431CBT3Z, STM32G431RBT3Z, STM32G471CCT6, STM32G471CCU6, STM32G471CET3, STM32G471CET6, STM32G471CEU3, STM32G471CEU6, STM32G471MCT6, STM32G471MET3, STM32G471MET6, STM32G471MEY6TR, STM32G471QCT6, STM32G471QET3, STM32G471RCT6, STM32G471RET3, STM32G471RET6, STM32G471VCH6, STM32G471VCI6, STM32G471VCT6, STM32G471VEH3, STM32G471VEH6, STM32G471VEI3, STM32G471VEI6, STM32G471VET3, STM32G471VET6, STM32G473QET3Z, STM32G473RET3Z, STM32G474CCT6, STM32G491RET3Z, STM32H503CBT6, STM32H503CBU6, STM32H503EBY6TR, STM32H503KBU6, STM32H503RBT6, STM32H523CCT6, STM32H523CCU6, STM32H523CET6, STM32H523CEU6, STM32H523HEY6TR, STM32H523RCT6, STM32H523RET6, STM32H523VCI6, STM32H523VCT6, STM32H523VEI6, STM32H523VET6, STM32H523ZCJ6, STM32H523ZCT6, STM32H523ZEJ6, STM32H523ZET6, STM32H533CET6, STM32H533CEU6, STM32H533HEY6TR, STM32H533RET6, STM32H533VEI6, STM32H533VET6, STM32H533ZEJ6, STM32H533ZET6, STM32H562AGI6, STM32H562AII6, STM32H562IGK6, STM32H562IGT6, STM32H562IIK6, STM32H562IIT6, STM32H562RGT6, STM32H562RGV6, STM32H562RIT6, STM32H562RIV6, STM32H562VGT6, STM32H562VIT6, STM32H562ZGT6, STM32H562ZIT6, STM32H563AGI6, STM32H563AII3Q, STM32H563AII6, STM32H563IGK6, STM32H563IGT6, STM32H563IIK3Q, STM32H563IIK6, STM32H563IIT3Q, STM32H563IIT6, STM32H563MIY3QTR, STM32H563RGT6, STM32H563RGV6, STM32H563RIT6, STM32H563RIV6, STM32H563VGT6, STM32H563VIT3Q, STM32H563VIT6, STM32H563ZGT6, STM32H563ZIT3Q, STM32H563ZIT6, STM32H573AII3Q, STM32H573AII6, STM32H573I-DK, STM32H573IIK3Q, STM32H573IIK6, STM32H573IIT3Q, STM32H573IIT6, STM32H573MIY3QTR, STM32H573RIT6, STM32H573RIV6, STM32H573VIT3Q, STM32H573VIT6, STM32H573ZIT3Q, STM32H573ZIT6, STM32H7R3A8I6, STM32H7R3I8K6, STM32H7R3I8T6, STM32H7R3L8H6, STM32H7R3L8H6H, STM32H7R3R8V6, STM32H7R3V8H6, STM32H7R3V8T6, STM32H7R3V8Y6TR, STM32H7R3Z8J6, STM32H7R3Z8T6, STM32H7R7A8I6, STM32H7R7I8K6, STM32H7R7I8T6, STM32H7R7L8H6, STM32H7R7L8H6H, STM32H7R7Z8J6, STM32H7S3A8I6, STM32H7S3I8K6, STM32H7S3I8T6, STM32H7S3L8H6, STM32H7S3L8H6H, STM32H7S3R8V6, STM32H7S3V8H6, STM32H7S3V8T6, STM32H7S3V8Y6TR, STM32H7S3Z8J6, STM32H7S3Z8T6, STM32H7S78-DK, STM32H7S7A8I6, STM32H7S7I8K6, STM32H7S7I8T6, STM32H7S7L8H6, STM32H7S7L8H6H, STM32H7S7Z8J6, STM32L4R5QGI6STR, STM32MP131AAE3, STM32MP131AAF3, STM32MP131AAG3, STM32MP131CAE3, STM32MP131CAF3, STM32MP131CAG3, STM32MP131DAE7, STM32MP131DAF7, STM32MP131DAG7, STM32MP131FAE7, STM32MP131FAF7, STM32MP131FAG7, STM32MP133AAE3, STM32MP133AAF3, STM32MP133AAG3, STM32MP133CAE3, STM32MP133CAF3, STM32MP133CAG3, STM32MP133DAE7, STM32MP133DAF7, STM32MP133DAG7, STM32MP133FAE7, STM32MP133FAF7, STM32MP133FAG7, STM32MP135AAE3, STM32MP135AAF3, STM32MP135AAG3, STM32MP135CAE3, STM32MP135CAF3, STM32MP135CAG3, STM32MP135DAE7, STM32MP135DAF7, STM32MP135DAG7, STM32MP135F-DK, STM32MP135FAE7, STM32MP135FAF7, STM32MP135FAF7T, STM32MP135FAF7U, STM32MP135FAG7, STM32MP231AAJ3, STM32MP231AAK3, STM32MP231AAL3, STM32MP231CAJ3, STM32MP231CAK3, STM32MP231CAL3, STM32MP231DAJ3, STM32MP231DAK3, STM32MP231DAL3, STM32MP231FAJ3, STM32MP231FAK3, STM32MP231FAL3, STM32MP233AAJ3, STM32MP233AAK3, STM32MP233AAL3, STM32MP233CAJ3, STM32MP233CAK3, STM32MP233CAL3, STM32MP233DAJ3, STM32MP233DAK3, STM32MP233DAL3, STM32MP233FAJ3, STM32MP233FAK3, STM32MP233FAL3, STM32MP235AAJ3, STM32MP235AAK3, STM32MP235AAL3, STM32MP235CAJ3, STM32MP235CAK3, STM32MP235CAL3, STM32MP235DAJ3, STM32MP235DAK3, STM32MP235DAL3, STM32MP235FAJ3, STM32MP235FAK3, STM32MP235FAL3, STM32MP251AAI3, STM32MP251AAJ3, STM32MP251AAK3, STM32MP251AAL3, STM32MP251CAI3, STM32MP251CAJ3, STM32MP251CAK3, STM32MP251CAL3, STM32MP251DAI3, STM32MP251DAJ3, STM32MP251DAK3, STM32MP251DAL3, STM32MP251FAI3, STM32MP251FAJ3, STM32MP251FAK3, STM32MP251FAL3, STM32MP253AAI3, STM32MP253AAJ3, STM32MP253AAK3, STM32MP253AAL3, STM32MP253CAI3, STM32MP253CAJ3, STM32MP253CAK3, STM32MP253CAL3, STM32MP253DAI3, STM32MP253DAJ3, STM32MP253DAK3, STM32MP253DAL3, STM32MP253FAI3, STM32MP253FAJ3, STM32MP253FAK3, STM32MP253FAL3, STM32MP255AAI3, STM32MP255AAJ3, STM32MP255AAK3, STM32MP255AAL3, STM32MP255CAI3, STM32MP255CAJ3, STM32MP255CAK3, STM32MP255CAL3, STM32MP255DAI3, STM32MP255DAJ3, STM32MP255DAK3, STM32MP255DAL3, STM32MP255FAI3, STM32MP255FAJ3, STM32MP255FAK3, STM32MP255FAL3, STM32MP257AAI3, STM32MP257AAJ3, STM32MP257AAK3, STM32MP257AAL3, STM32MP257CAI3, STM32MP257CAJ3, STM32MP257CAK3, STM32MP257CAL3, STM32MP257DAI3, STM32MP257DAJ3, STM32MP257DAK3, STM32MP257DAL3, STM32MP257F-DK, STM32MP257F-EV1, STM32MP257FAI3, STM32MP257FAJ3, STM32MP257FAK3, STM32MP257FAL3, STM32N645A0H3Q, STM32N645B0H3Q, STM32N645I0H3Q, STM32N645L0H3Q, STM32N645X0H3Q, STM32N645Z0H3Q, STM32N647A0H3Q, STM32N647B0H3Q, STM32N647I0H3Q, STM32N647L0H3Q, STM32N647X0H3Q, STM32N647Z0H3Q, STM32N655A0H3Q, STM32N655B0H3Q, STM32N655I0H3Q, STM32N655L0H3Q, STM32N655X0H3Q, STM32N655Z0H3Q, STM32N6570-DK, STM32N657A0H3Q, STM32N657B0H3Q, STM32N657I0H3Q, STM32N657L0H3Q, STM32N657X0H3Q, STM32N657Z0H3Q, STM32U031C6T6, STM32U031C6U6, STM32U031C8T6, STM32U031C8U6, STM32U031F4P6, STM32U031F6P6, STM32U031F8P6, STM32U031G6Y6TR, STM32U031G8Y6TR, STM32U031K4U6, STM32U031K6U6, STM32U031K8U6, STM32U031R6I6, STM32U031R6T6, STM32U031R8I6, STM32U031R8T6, STM32U073C8T6, STM32U073C8U6, STM32U073CBT6, STM32U073CBU6, STM32U073CCT6, STM32U073CCU6, STM32U073H8Y6TR, STM32U073HBY6TR, STM32U073HCY6TR, STM32U073K8U6, STM32U073KBU6, STM32U073KCU6, STM32U073M8I6, STM32U073M8T6, STM32U073MBI6, STM32U073MBT6, STM32U073MCI6, STM32U073MCT6, STM32U073R8I6, STM32U073R8T6, STM32U073RBI6, STM32U073RBT6, STM32U073RCI6, STM32U073RCT6, STM32U083C-DK, STM32U083CCT6, STM32U083CCU6, STM32U083HCY6TR, STM32U083KCU6, STM32U083MCI6, STM32U083MCT6, STM32U083RCI6, STM32U083RCT6, STM32U375CET6, STM32U375CET6Q, STM32U375CEU6, STM32U375CEU6Q, STM32U375CEY6QTR, STM32U375CGT6, STM32U375CGT6Q, STM32U375CGU6, STM32U375CGU6Q, STM32U375CGY6QTR, STM32U375KEU6, STM32U375KGU6, STM32U375REI6, STM32U375REI6Q, STM32U375RET6, STM32U375RET6Q, STM32U375REY6GTR, STM32U375REY6QTR, STM32U375RGI6, STM32U375RGI6Q, STM32U375RGT6, STM32U375RGT6Q, STM32U375RGY6GTR, STM32U375RGY6QTR, STM32U375VEI6, STM32U375VEI6Q, STM32U375VET6, STM32U375VET6Q, STM32U375VGI6, STM32U375VGI6Q, STM32U375VGT6, STM32U375VGT6Q, STM32U385CGT6, STM32U385CGT6Q, STM32U385CGU6, STM32U385CGU6Q, STM32U385CGY6QTR, STM32U385KGU6, STM32U385RGI6, STM32U385RGI6Q, STM32U385RGT6, STM32U385RGT6Q, STM32U385RGY6GTR, STM32U385RGY6QTR, STM32U385VGI6, STM32U385VGI6Q, STM32U385VGT6, STM32U385VGT6Q, STM32U535CBT6, STM32U535CBT6Q, STM32U535CBU6, STM32U535CBU6Q, STM32U535CCT6, STM32U535CCT6Q, STM32U535CCU6, STM32U535CCU6Q, STM32U535CET6, STM32U535CET6Q, STM32U535CEU6, STM32U535CEU6Q, STM32U535JEY6QTR, STM32U535NCY6QTR, STM32U535NEY6QTR, STM32U535RBI6, STM32U535RBI6Q, STM32U535RBT6, STM32U535RBT6Q, STM32U535RCI6, STM32U535RCI6Q, STM32U535RCT6, STM32U535RCT6Q, STM32U535REI6, STM32U535REI6Q, STM32U535RET6, STM32U535RET6Q, STM32U535VCI6, STM32U535VCI6Q, STM32U535VCT6, STM32U535VCT6Q, STM32U535VEI6, STM32U535VEI6Q, STM32U535VET6, STM32U535VET6Q, STM32U545CET6, STM32U545CET6Q, STM32U545CEU6, STM32U545CEU6Q, STM32U545JEY6QTR, STM32U545NEY6QTR, STM32U545REI6, STM32U545REI6Q, STM32U545RET6, STM32U545RET6Q, STM32U545VEI6, STM32U545VEI6Q, STM32U545VET6, STM32U545VET6Q, STM32U595AIH6, STM32U595AIH6Q, STM32U595AJH6, STM32U595AJH6Q, STM32U595QII6, STM32U595QII6Q, STM32U595QJI6, STM32U595QJI6Q, STM32U595RIT6, STM32U595RIT6Q, STM32U595RJT6, STM32U595RJT6Q, STM32U595VIT6, STM32U595VIT6Q, STM32U595VJT6, STM32U595VJT6Q, STM32U595ZIT6, STM32U595ZIT6Q, STM32U595ZIY6QTR, STM32U595ZJT6, STM32U595ZJT6Q, STM32U595ZJY6QTR, STM32U599BJY6QTR, STM32U599NIH6Q, STM32U599NJH6Q, STM32U599VIT6Q, STM32U599VJT6, STM32U599VJT6Q, STM32U599ZIT6Q, STM32U599ZIY6QTR, STM32U599ZJT6Q, STM32U599ZJY6QTR, STM32U5A5AJH6, STM32U5A5AJH6Q, STM32U5A5QII3Q , STM32U5A5QJI6, STM32U5A5QJI6Q, STM32U5A5RJT6, STM32U5A5RJT6Q, STM32U5A5VJT6, STM32U5A5VJT6Q, STM32U5A5ZJT6, STM32U5A5ZJT6Q, STM32U5A5ZJY6QTR, STM32U5A9BJY6QTR, STM32U5A9J-DK, STM32U5A9NJH6Q, STM32U5A9VJT6Q, STM32U5A9ZJT6Q, STM32U5A9ZJY6QTR, STM32U5F7VIT6, STM32U5F7VIT6Q, STM32U5F7VJT6, STM32U5F7VJT6Q, STM32U5F9BJY6QTR, STM32U5F9NJH6Q, STM32U5F9VIT6Q, STM32U5F9VJT6Q, STM32U5F9ZIJ6QTR, STM32U5F9ZIT6Q, STM32U5F9ZJJ6QTR, STM32U5F9ZJT6Q, STM32U5G7VJT6, STM32U5G7VJT6Q, STM32U5G9BJY6QTR, STM32U5G9J-DK1, STM32U5G9J-DK2, STM32U5G9NJH6Q, STM32U5G9VJT6Q, STM32U5G9ZJJ6QTR, STM32U5G9ZJT6Q, STM32WB05KZV6TR, STM32WB05KZV7TR, STM32WB05TZF6TR, STM32WB05TZF7TR, STM32WB06CCF6TR, STM32WB06CCF7TR, STM32WB06CCV6TR, STM32WB06CCV7TR, STM32WB06KCV6TR, STM32WB06KCV7TR, STM32WB07CCF6TR, STM32WB07CCF7TR, STM32WB07CCV6TR, STM32WB07CCV7TR, STM32WB07KCV6TR, STM32WB07KCV7TR, STM32WB09KEV6TR, STM32WB09KEV7TR, STM32WB09TEF6TR, STM32WB09TEF7TR, STM32WB1MMCH6, STM32WBA50KGU6, STM32WBA50KGU6TR, STM32WBA52CEU6, STM32WBA52CEU6TR, STM32WBA52CEU7, STM32WBA52CEU7TR, STM32WBA52CGU6, STM32WBA52CGU6TR, STM32WBA52CGU6U, STM32WBA52CGU7, STM32WBA52CGU7TR, STM32WBA52KEU6, STM32WBA52KEU6TR, STM32WBA52KGU6, STM32WBA52KGU6TR, STM32WBA54CEU6, STM32WBA54CEU6TR, STM32WBA54CEU7, STM32WBA54CEU7TR, STM32WBA54CGU6, STM32WBA54CGU6TR, STM32WBA54CGU7, STM32WBA54CGU7TR, STM32WBA54KEU6, STM32WBA54KEU6TR, STM32WBA54KEU7, STM32WBA54KEU7TR, STM32WBA54KGU6, STM32WBA54KGU6TR, STM32WBA54KGU7, STM32WBA54KGU7TR, STM32WBA55CEU6, STM32WBA55CEU6TR, STM32WBA55CEU7, STM32WBA55CEU7TR, STM32WBA55CGU6, STM32WBA55CGU6TR, STM32WBA55CGU6U, STM32WBA55CGU7, STM32WBA55CGU7TR, STM32WBA55G-DK1, STM32WBA55HEF6, STM32WBA55HEF7, STM32WBA55HGF6, STM32WBA55HGF7, STM32WBA55UEI6, STM32WBA55UEI6TR, STM32WBA55UEI7, STM32WBA55UEI7TR, STM32WBA55UGI6, STM32WBA55UGI6TR, STM32WBA55UGI7, STM32WBA55UGI7TR, STM32WBA5MJGH6TR, STM32WBA62CGU6, STM32WBA62CIU6, STM32WBA62MGF6, STM32WBA62MIF6, STM32WBA62PGI6, STM32WBA62PII6, STM32WBA63CGU6, STM32WBA63CGU7, STM32WBA63CIU6, STM32WBA63CIU7, STM32WBA64CGU6, STM32WBA64CGU7, STM32WBA64CIU6, STM32WBA64CIU7, STM32WBA65CGU6, STM32WBA65CGU7, STM32WBA65CIU6, STM32WBA65CIU7, STM32WBA65I-DK1, STM32WBA65MGF6, STM32WBA65MGF7, STM32WBA65MIF6, STM32WBA65MIF7, STM32WBA65PGI6, STM32WBA65PGI7, STM32WBA65PII6, STM32WBA65PII7, STM32WBA65RGV6, STM32WBA65RGV7, STM32WBA65RIV6, STM32WBA65RIV7, STM32WL30K8V6, STM32WL30KBV6, STM32WL31C8V6, STM32WL31CBV6, STM32WL31K8V6, STM32WL31KBV6, STM32WL33C8V6, STM32WL33C8V6TR, STM32WL33C8V7, STM32WL33C8V7TR, STM32WL33CBV6, STM32WL33CBV6TR, STM32WL33CBV7, STM32WL33CBV7TR, STM32WL33CCV6, STM32WL33CCV6TR, STM32WL33CCV7, STM32WL33CCV7A, STM32WL33CCV7ATR, STM32WL33CCV7TR, STM32WL33K8V6, STM32WL33K8V6TR, STM32WL33K8V7, STM32WL33K8V7TR, STM32WL33KBV6, STM32WL33KBV6TR, STM32WL33KBV7, STM32WL33KBV7TR, STM32WL33KCV6, STM32WL33KCV6TR, STM32WL33KCV7, STM32WL33KCV7TR, STM32WL5MOCH6, STM32WL5MOCH6TR]
2025-08-10 23:23:25,716 [INFO] DbMcus:218 - Found 4747 MCUs, 4747 are supported
2025-08-10 23:23:25,717 [INFO] ApiDb:423 - Load user favorites file C:\Users\piotr/.stm32cubeide/favorites.mcus.txt: 0 item(s)
2025-08-10 23:23:25,717 [INFO] ApiDb:427 - User favorites MCUs=[]
2025-08-10 23:23:25,717 [INFO] DbMcus:224 - Set 0 / 0 favorites MCUs
2025-08-10 23:23:26,444 [INFO] BoardInfo:889 - No configuration file found for board P-NUCLEO-WB55
2025-08-10 23:23:26,446 [INFO] DbBoards:161 - Kit is not supported: P-NUCLEO-WB55
2025-08-10 23:23:26,454 [INFO] BoardInfo:889 - No configuration file found for board STEVAL-BFA001V1B
2025-08-10 23:23:26,455 [INFO] DbBoards:161 - Kit is not supported: STEVAL-BFA001V1B
2025-08-10 23:23:26,456 [INFO] BoardInfo:889 - No configuration file found for board STEVAL-BFA001V2B
2025-08-10 23:23:26,458 [INFO] DbBoards:161 - Kit is not supported: STEVAL-BFA001V2B
2025-08-10 23:23:26,757 [INFO] DbBoards:168 - Found 211 boards, 208 are supported
2025-08-10 23:23:26,757 [INFO] DbBoards:169 - Found 211 boards, 43 of them is supported for  Bsp
2025-08-10 23:23:26,760 [INFO] ApiDb:423 - Load user favorites file C:\Users\piotr/.stm32cubeide/favorites.boards.txt: 1 item(s)
2025-08-10 23:23:26,760 [INFO] ApiDb:427 - User favorites Boards=[NUCLEO-G431KB]
2025-08-10 23:23:26,760 [INFO] DbBoards:198 - Set 1 / 1 favorites Boards
2025-08-10 23:23:26,761 [INFO] McuFinderGlobals:76 - Set McuFinderConnectedMode to true
2025-08-10 23:23:26,768 [INFO] MultiScanPanel:200 - Auto-refresh data requested => check proxy status ongoing
2025-08-10 23:23:26,771 [INFO] FinderPluginLoader:95 - Searching for filters in installed packs
2025-08-10 23:23:28,169 [ERROR] WebUtils:398 - Updater is busy
2025-08-10 23:23:28,169 [WARN] DetailPanel:346 - Failed to get advertising image, set to default
2025-08-10 23:23:29,397 [INFO] MultiScanPanel:200 - Auto-refresh data requested => check proxy status ongoing
2025-08-10 23:23:29,594 [ERROR] WebUtils:398 - Updater is busy
2025-08-10 23:23:29,594 [WARN] DetailPanel:346 - Failed to get advertising image, set to default
2025-08-10 23:23:29,606 [INFO] DbBoards:642 - Loading board mini-images...
2025-08-10 23:23:32,156 [INFO] DbBoards:665 - Loaded 211 board mini-images
2025-08-10 23:23:32,244 [INFO] MultiScanPanel:200 - Auto-refresh data requested => check proxy status ongoing
2025-08-10 23:23:32,247 [INFO] ApiDb:668 - CubeFinder database Data Model version=2.1
2025-08-10 23:23:32,247 [INFO] ApiDb:669 - CubeFinder database Configuration version=3.0.39
2025-08-10 23:23:32,247 [INFO] ApiDb:670 - CubeFinder database generation date=2025-07-24 (1753349077)
2025-08-10 23:23:32,247 [INFO] ApiDb:671 - CubeFinder database FW Pack versions=[FP-ATR-ASTRA1_V2.0.0, FP-SNS-FLIGHT1_V5.1.0, FP-SNS-MOTENV1_V5.0.0, FP-SNS-MOTENVWB1_V1.4.0, FP-SNS-SMARTAG2_V1.2.0, FP-SNS-STBOX1_V2.0.0, STM32Cube_FW_C0_V1.4.0, STM32Cube_FW_F4_V1.28.2, STM32Cube_FW_F7_V1.17.3, STM32Cube_FW_G0_V1.6.2, STM32Cube_FW_G4_V1.6.1, STM32Cube_FW_H5_V1.5.0, STM32Cube_FW_H7RS_V1.2.0, STM32Cube_FW_H7_V1.12.1, STM32Cube_FW_L0_V1.12.2, STM32Cube_FW_L4_V1.18.1, STM32Cube_FW_L5_V1.5.1, STM32Cube_FW_N6_V1.2.0, STM32Cube_FW_U0_V1.3.0, STM32Cube_FW_U3_V1.2.0, STM32Cube_FW_U5_V1.8.0, STM32Cube_FW_WB0_V1.3.0, STM32Cube_FW_WBA_V1.7.0, STM32Cube_FW_WB_V1.23.0, STM32Cube_FW_WL3_V1.2.0, STM32Cube_FW_WL_V1.3.1, X-CUBE-ALGOBUILD_V1.4.0, X-CUBE-ALS_V1.0.2, X-CUBE-AZRTOS-F4_V1.1.0, X-CUBE-AZRTOS-F7_V1.1.0, X-CUBE-AZRTOS-G0_V1.1.0, X-CUBE-AZRTOS-G4_V2.0.0, X-CUBE-AZRTOS-H7RS_V1.1.0, X-CUBE-AZRTOS-H7_V3.4.0, X-CUBE-AZRTOS-L4_V2.0.0, X-CUBE-AZRTOS-L5_V2.0.0, X-CUBE-AZRTOS-WB_V2.0.0, X-CUBE-AZRTOS-WL_V2.0.0, X-CUBE-BLE1_V7.1.0, X-CUBE-BLE2_V3.3.0, X-CUBE-BLEMGR_V4.1.0, X-CUBE-EEPRMA1_V5.2.0, X-CUBE-FREERTOS_V1.3.1, X-CUBE-GNSS1_V6.0.0, X-CUBE-MEMS1_V11.3.0, X-CUBE-NFC4_V3.0.0, X-CUBE-NFC7_V2.0.0, X-CUBE-SFXS2LP1_V4.0.0, X-CUBE-ST67W61_V1.0.0, X-CUBE-SUBG2_V5.0.0, X-CUBE-TOF1_V3.4.3]
2025-08-10 23:23:33,347 [ERROR] DbExamplesSqlite:437 - Missing JSON key: board_cpn
2025-08-10 23:23:33,348 [ERROR] DbExamplesSqlite:437 - Missing JSON key: board_cpn
2025-08-10 23:23:33,348 [ERROR] DbExamplesSqlite:437 - Missing JSON key: board_cpn
2025-08-10 23:23:33,348 [ERROR] DbExamplesSqlite:437 - Missing JSON key: board_cpn
2025-08-10 23:23:33,584 [ERROR] DbExamplesSqlite:437 - Missing JSON key: board_cpn
2025-08-10 23:23:33,584 [ERROR] DbExamplesSqlite:437 - Missing JSON key: board_cpn
2025-08-10 23:23:33,585 [ERROR] DbExamplesSqlite:437 - Missing JSON key: board_cpn
2025-08-10 23:23:33,585 [ERROR] DbExamplesSqlite:437 - Missing JSON key: board_cpn
2025-08-10 23:23:33,585 [ERROR] DbExamplesSqlite:437 - Missing JSON key: board_cpn
2025-08-10 23:23:33,586 [ERROR] DbExamplesSqlite:437 - Missing JSON key: board_cpn
2025-08-10 23:23:33,586 [ERROR] DbExamplesSqlite:437 - Missing JSON key: board_cpn
2025-08-10 23:23:33,587 [ERROR] DbExamplesSqlite:437 - Missing JSON key: board_cpn
2025-08-10 23:23:33,587 [ERROR] DbExamplesSqlite:437 - Missing JSON key: board_cpn
2025-08-10 23:23:33,927 [ERROR] DbExamplesSqlite:437 - Missing JSON key: board_cpn
2025-08-10 23:23:33,927 [ERROR] DbExamplesSqlite:437 - Missing JSON key: board_cpn
2025-08-10 23:23:33,933 [INFO] DbExamplesSqlite:395 - Ignored 33 examples not supported by CubeIDE
2025-08-10 23:23:33,934 [INFO] DbExamplesSqlite:396 - Found 10866 examples active
2025-08-10 23:23:33,934 [INFO] DbExamplesSqlite:397 - Found 0 examples obsolete
2025-08-10 23:23:33,935 [INFO] DbExamplesSqlite:398 - Found 0 examples under development
2025-08-10 23:23:33,935 [INFO] DbExamplesSqlite:399 - Found 65 examples not building
2025-08-10 23:23:33,943 [INFO] DbExamples:125 - Found 10898 examples
2025-08-10 23:23:33,967 [INFO] DbExamples:222 - Found 134 boards with related examples
2025-08-10 23:23:33,969 [INFO] DbExamples:235 - Found 111 MCUs with related examples
2025-08-10 23:23:34,010 [INFO] ApiDb:423 - Load user favorites file C:\Users\piotr/.stm32cubeide/favorites.examples.txt: 0 item(s)
2025-08-10 23:23:34,010 [INFO] ApiDb:427 - User favorites Examples=[]
2025-08-10 23:23:34,010 [INFO] DbExamples:250 - Set 0 / 0 favorites Examples
2025-08-10 23:23:35,680 [INFO] SoftwarePacks:135 - Updater is busy - Cannot check SW pack 'FP-ATR-ASTRA1_V2.0.0'
2025-08-10 23:23:35,681 [ERROR] SoftwarePacks:139 - Unknown SW pack 'FP-SNS-FLIGHT1_V5.1.0'
2025-08-10 23:23:35,681 [INFO] SoftwarePacks:135 - Updater is busy - Cannot check SW pack 'FP-SNS-MOTENV1_V5.0.0'
2025-08-10 23:23:35,681 [INFO] SoftwarePacks:135 - Updater is busy - Cannot check SW pack 'FP-SNS-MOTENVWB1_V1.4.0'
2025-08-10 23:23:35,681 [INFO] SoftwarePacks:135 - Updater is busy - Cannot check SW pack 'FP-SNS-SMARTAG2_V1.2.0'
2025-08-10 23:23:35,681 [INFO] SoftwarePacks:135 - Updater is busy - Cannot check SW pack 'FP-SNS-STBOX1_V2.0.0'
2025-08-10 23:23:35,682 [INFO] SoftwarePacks:135 - Updater is busy - Cannot check SW pack 'STM32Cube_FW_C0_V1.4.0'
2025-08-10 23:23:35,682 [INFO] SoftwarePacks:135 - Updater is busy - Cannot check SW pack 'STM32Cube_FW_F4_V1.28.2'
2025-08-10 23:23:35,683 [INFO] SoftwarePacks:135 - Updater is busy - Cannot check SW pack 'STM32Cube_FW_F7_V1.17.3'
2025-08-10 23:23:35,683 [INFO] SoftwarePacks:135 - Updater is busy - Cannot check SW pack 'STM32Cube_FW_G0_V1.6.2'
2025-08-10 23:23:35,683 [INFO] SoftwarePacks:131 - Found SW pack 'STM32Cube_FW_G4_V1.6.1' up-to-date on disk.
2025-08-10 23:23:35,683 [INFO] SoftwarePacks:135 - Updater is busy - Cannot check SW pack 'STM32Cube_FW_H5_V1.5.0'
2025-08-10 23:23:35,683 [INFO] SoftwarePacks:135 - Updater is busy - Cannot check SW pack 'STM32Cube_FW_H7RS_V1.2.0'
2025-08-10 23:23:35,684 [INFO] SoftwarePacks:135 - Updater is busy - Cannot check SW pack 'STM32Cube_FW_H7_V1.12.1'
2025-08-10 23:23:35,684 [INFO] SoftwarePacks:135 - Updater is busy - Cannot check SW pack 'STM32Cube_FW_L0_V1.12.2'
2025-08-10 23:23:35,684 [INFO] SoftwarePacks:135 - Updater is busy - Cannot check SW pack 'STM32Cube_FW_L4_V1.18.1'
2025-08-10 23:23:35,684 [INFO] SoftwarePacks:135 - Updater is busy - Cannot check SW pack 'STM32Cube_FW_L5_V1.5.1'
2025-08-10 23:23:35,684 [INFO] SoftwarePacks:135 - Updater is busy - Cannot check SW pack 'STM32Cube_FW_N6_V1.2.0'
2025-08-10 23:23:35,685 [INFO] SoftwarePacks:135 - Updater is busy - Cannot check SW pack 'STM32Cube_FW_U0_V1.3.0'
2025-08-10 23:23:35,685 [INFO] SoftwarePacks:135 - Updater is busy - Cannot check SW pack 'STM32Cube_FW_U3_V1.2.0'
2025-08-10 23:23:35,685 [INFO] SoftwarePacks:135 - Updater is busy - Cannot check SW pack 'STM32Cube_FW_U5_V1.8.0'
2025-08-10 23:23:35,685 [INFO] SoftwarePacks:135 - Updater is busy - Cannot check SW pack 'STM32Cube_FW_WB0_V1.3.0'
2025-08-10 23:23:35,685 [INFO] SoftwarePacks:135 - Updater is busy - Cannot check SW pack 'STM32Cube_FW_WBA_V1.7.0'
2025-08-10 23:23:35,685 [INFO] SoftwarePacks:135 - Updater is busy - Cannot check SW pack 'STM32Cube_FW_WB_V1.23.0'
2025-08-10 23:23:35,686 [INFO] SoftwarePacks:135 - Updater is busy - Cannot check SW pack 'STM32Cube_FW_WL3_V1.2.0'
2025-08-10 23:23:35,686 [INFO] SoftwarePacks:135 - Updater is busy - Cannot check SW pack 'STM32Cube_FW_WL_V1.3.1'
2025-08-10 23:23:35,686 [INFO] SoftwarePacks:135 - Updater is busy - Cannot check SW pack 'X-CUBE-ALGOBUILD_V1.4.0'
2025-08-10 23:23:35,686 [INFO] SoftwarePacks:135 - Updater is busy - Cannot check SW pack 'X-CUBE-ALS_V1.0.2'
2025-08-10 23:23:35,686 [INFO] SoftwarePacks:135 - Updater is busy - Cannot check SW pack 'X-CUBE-AZRTOS-F4_V1.1.0'
2025-08-10 23:23:35,686 [INFO] SoftwarePacks:135 - Updater is busy - Cannot check SW pack 'X-CUBE-AZRTOS-F7_V1.1.0'
2025-08-10 23:23:35,686 [INFO] SoftwarePacks:135 - Updater is busy - Cannot check SW pack 'X-CUBE-AZRTOS-G0_V1.1.0'
2025-08-10 23:23:35,687 [INFO] SoftwarePacks:135 - Updater is busy - Cannot check SW pack 'X-CUBE-AZRTOS-G4_V2.0.0'
2025-08-10 23:23:35,687 [INFO] SoftwarePacks:135 - Updater is busy - Cannot check SW pack 'X-CUBE-AZRTOS-H7RS_V1.1.0'
2025-08-10 23:23:35,687 [INFO] SoftwarePacks:135 - Updater is busy - Cannot check SW pack 'X-CUBE-AZRTOS-H7_V3.4.0'
2025-08-10 23:23:35,687 [INFO] SoftwarePacks:135 - Updater is busy - Cannot check SW pack 'X-CUBE-AZRTOS-L4_V2.0.0'
2025-08-10 23:23:35,687 [INFO] SoftwarePacks:135 - Updater is busy - Cannot check SW pack 'X-CUBE-AZRTOS-L5_V2.0.0'
2025-08-10 23:23:35,687 [INFO] SoftwarePacks:135 - Updater is busy - Cannot check SW pack 'X-CUBE-AZRTOS-WB_V2.0.0'
2025-08-10 23:23:35,687 [INFO] SoftwarePacks:135 - Updater is busy - Cannot check SW pack 'X-CUBE-AZRTOS-WL_V2.0.0'
2025-08-10 23:23:35,688 [INFO] SoftwarePacks:135 - Updater is busy - Cannot check SW pack 'X-CUBE-BLE1_V7.1.0'
2025-08-10 23:23:35,688 [INFO] SoftwarePacks:135 - Updater is busy - Cannot check SW pack 'X-CUBE-BLE2_V3.3.0'
2025-08-10 23:23:35,688 [INFO] SoftwarePacks:135 - Updater is busy - Cannot check SW pack 'X-CUBE-BLEMGR_V4.1.0'
2025-08-10 23:23:35,688 [INFO] SoftwarePacks:135 - Updater is busy - Cannot check SW pack 'X-CUBE-EEPRMA1_V5.2.0'
2025-08-10 23:23:35,688 [INFO] SoftwarePacks:135 - Updater is busy - Cannot check SW pack 'X-CUBE-FREERTOS_V1.3.1'
2025-08-10 23:23:35,688 [INFO] SoftwarePacks:135 - Updater is busy - Cannot check SW pack 'X-CUBE-GNSS1_V6.0.0'
2025-08-10 23:23:35,688 [INFO] SoftwarePacks:135 - Updater is busy - Cannot check SW pack 'X-CUBE-MEMS1_V11.3.0'
2025-08-10 23:23:35,688 [INFO] SoftwarePacks:135 - Updater is busy - Cannot check SW pack 'X-CUBE-NFC4_V3.0.0'
2025-08-10 23:23:35,688 [INFO] SoftwarePacks:135 - Updater is busy - Cannot check SW pack 'X-CUBE-NFC7_V2.0.0'
2025-08-10 23:23:35,688 [INFO] SoftwarePacks:135 - Updater is busy - Cannot check SW pack 'X-CUBE-SFXS2LP1_V4.0.0'
2025-08-10 23:23:35,688 [INFO] SoftwarePacks:135 - Updater is busy - Cannot check SW pack 'X-CUBE-ST67W61_V1.0.0'
2025-08-10 23:23:35,688 [INFO] SoftwarePacks:135 - Updater is busy - Cannot check SW pack 'X-CUBE-SUBG2_V5.0.0'
2025-08-10 23:23:35,688 [INFO] SoftwarePacks:135 - Updater is busy - Cannot check SW pack 'X-CUBE-TOF1_V3.4.3'
2025-08-10 23:23:38,544 [ERROR] WebUtils:398 - Updater is busy
2025-08-10 23:23:38,544 [WARN] DetailPanel:346 - Failed to get advertising image, set to default
2025-08-10 23:23:39,925 [ERROR] AppliInfo:139 - Unknown STM32CubeMX version: 6.15.0
2025-08-10 23:23:39,925 [ERROR] AppliInfo:139 - Unknown STM32CubeMX version: 6.15.0
2025-08-10 23:23:39,927 [ERROR] AppliInfo:139 - Unknown STM32CubeMX version: 6.15.0
2025-08-10 23:23:39,928 [ERROR] AppliInfo:139 - Unknown STM32CubeMX version: 6.15.0
2025-08-10 23:23:39,928 [ERROR] AppliInfo:139 - Unknown STM32CubeMX version: 6.15.0
2025-08-10 23:23:39,930 [ERROR] AppliInfo:139 - Unknown STM32CubeMX version: 6.15.0
2025-08-10 23:23:39,932 [ERROR] AppliInfo:139 - Unknown STM32CubeMX version: 6.15.0
2025-08-10 23:23:39,933 [ERROR] AppliInfo:139 - Unknown STM32CubeMX version: 6.15.0
2025-08-10 23:23:39,939 [ERROR] AppliInfo:139 - Unknown STM32CubeMX version: 6.15.0
2025-08-10 23:23:39,940 [ERROR] AppliInfo:139 - Unknown STM32CubeMX version: 6.15.0
2025-08-10 23:23:39,943 [ERROR] AppliInfo:139 - Unknown STM32CubeMX version: 6.15.0
2025-08-10 23:23:39,944 [ERROR] AppliInfo:139 - Unknown STM32CubeMX version: 6.15.0
2025-08-10 23:23:39,944 [ERROR] AppliInfo:139 - Unknown STM32CubeMX version: 6.15.0
2025-08-10 23:23:39,955 [ERROR] AppliInfo:139 - Unknown STM32CubeMX version: 6.15.0
2025-08-10 23:23:39,957 [ERROR] AppliInfo:139 - Unknown STM32CubeMX version: 6.15.0
2025-08-10 23:23:39,959 [ERROR] AppliInfo:139 - Unknown STM32CubeMX version: 6.15.0
2025-08-10 23:23:39,959 [ERROR] AppliInfo:139 - Unknown STM32CubeMX version: 6.15.0
2025-08-10 23:23:39,960 [ERROR] AppliInfo:139 - Unknown STM32CubeMX version: 6.15.0
2025-08-10 23:23:39,960 [ERROR] AppliInfo:139 - Unknown STM32CubeMX version: 6.15.0
2025-08-10 23:23:39,960 [ERROR] AppliInfo:139 - Unknown STM32CubeMX version: 6.15.0
2025-08-10 23:23:39,963 [ERROR] AppliInfo:139 - Unknown STM32CubeMX version: 6.15.0
2025-08-10 23:23:39,966 [ERROR] AppliInfo:139 - Unknown STM32CubeMX version: 6.15.0
2025-08-10 23:23:40,164 [ERROR] AppliInfo:139 - Unknown STM32CubeMX version: 6.15.0
2025-08-10 23:23:40,166 [ERROR] AppliInfo:139 - Unknown STM32CubeMX version: 6.15.0
2025-08-10 23:23:40,169 [ERROR] AppliInfo:139 - Unknown STM32CubeMX version: 6.15.0
2025-08-10 23:23:40,170 [ERROR] AppliInfo:139 - Unknown STM32CubeMX version: 6.15.0
2025-08-10 23:23:40,170 [ERROR] AppliInfo:139 - Unknown STM32CubeMX version: 6.15.0
2025-08-10 23:23:40,182 [ERROR] AppliInfo:139 - Unknown STM32CubeMX version: 6.15.0
2025-08-10 23:23:40,183 [ERROR] AppliInfo:139 - Unknown STM32CubeMX version: 6.15.0
2025-08-10 23:23:40,337 [ERROR] AppliInfo:139 - Unknown STM32CubeMX version: 6.12.1
2025-08-10 23:23:40,409 [ERROR] AppliInfo:139 - Unknown STM32CubeMX version: 6.15.0
2025-08-10 23:23:40,409 [ERROR] AppliInfo:139 - Unknown STM32CubeMX version: 6.15.0
2025-08-10 23:23:40,409 [ERROR] AppliInfo:139 - Unknown STM32CubeMX version: 6.15.0
2025-08-10 23:23:40,410 [ERROR] AppliInfo:139 - Unknown STM32CubeMX version: 6.15.0
2025-08-10 23:23:40,410 [ERROR] AppliInfo:139 - Unknown STM32CubeMX version: 6.15.0
2025-08-10 23:23:40,410 [ERROR] AppliInfo:139 - Unknown STM32CubeMX version: 6.15.0
2025-08-10 23:23:40,411 [ERROR] AppliInfo:139 - Unknown STM32CubeMX version: 6.15.0
2025-08-10 23:23:40,411 [ERROR] AppliInfo:139 - Unknown STM32CubeMX version: 6.15.0
2025-08-10 23:23:40,412 [ERROR] AppliInfo:139 - Unknown STM32CubeMX version: 6.15.0
2025-08-10 23:23:40,412 [ERROR] AppliInfo:139 - Unknown STM32CubeMX version: 6.15.0
2025-08-10 23:23:40,412 [ERROR] AppliInfo:139 - Unknown STM32CubeMX version: 6.15.0
2025-08-10 23:23:40,413 [ERROR] AppliInfo:139 - Unknown STM32CubeMX version: 6.15.0
2025-08-10 23:23:40,413 [ERROR] AppliInfo:139 - Unknown STM32CubeMX version: 6.15.0
2025-08-10 23:23:40,413 [ERROR] AppliInfo:139 - Unknown STM32CubeMX version: 6.15.0
2025-08-10 23:23:40,414 [ERROR] AppliInfo:139 - Unknown STM32CubeMX version: 6.15.0
2025-08-10 23:23:40,414 [ERROR] AppliInfo:139 - Unknown STM32CubeMX version: 6.15.0
2025-08-10 23:23:40,414 [ERROR] AppliInfo:139 - Unknown STM32CubeMX version: 6.15.0
2025-08-10 23:23:40,414 [ERROR] AppliInfo:139 - Unknown STM32CubeMX version: 6.15.0
2025-08-10 23:23:40,415 [ERROR] AppliInfo:139 - Unknown STM32CubeMX version: 6.15.0
2025-08-10 23:23:40,416 [ERROR] AppliInfo:139 - Unknown STM32CubeMX version: 6.15.0
2025-08-10 23:23:40,416 [ERROR] AppliInfo:139 - Unknown STM32CubeMX version: 6.15.0
2025-08-10 23:23:40,417 [ERROR] AppliInfo:139 - Unknown STM32CubeMX version: 6.15.0
2025-08-10 23:23:40,417 [ERROR] AppliInfo:139 - Unknown STM32CubeMX version: 6.15.0
2025-08-10 23:23:40,417 [ERROR] AppliInfo:139 - Unknown STM32CubeMX version: 6.15.0
2025-08-10 23:23:40,482 [ERROR] AppliInfo:139 - Unknown STM32CubeMX version: 6.15.0
2025-08-10 23:23:40,482 [ERROR] AppliInfo:139 - Unknown STM32CubeMX version: 6.15.0
2025-08-10 23:23:40,483 [ERROR] AppliInfo:139 - Unknown STM32CubeMX version: 6.15.0
2025-08-10 23:23:40,485 [ERROR] AppliInfo:139 - Unknown STM32CubeMX version: 6.15.0
2025-08-10 23:23:40,486 [ERROR] AppliInfo:139 - Unknown STM32CubeMX version: 6.15.0
2025-08-10 23:23:40,486 [ERROR] AppliInfo:139 - Unknown STM32CubeMX version: 6.15.0
2025-08-10 23:23:40,488 [ERROR] AppliInfo:139 - Unknown STM32CubeMX version: 6.15.0
2025-08-10 23:23:40,489 [ERROR] AppliInfo:139 - Unknown STM32CubeMX version: 6.15.0
2025-08-10 23:23:40,489 [ERROR] AppliInfo:139 - Unknown STM32CubeMX version: 6.15.0
2025-08-10 23:23:40,489 [ERROR] AppliInfo:139 - Unknown STM32CubeMX version: 6.15.0
2025-08-10 23:23:40,490 [ERROR] AppliInfo:139 - Unknown STM32CubeMX version: 6.15.0
2025-08-10 23:23:40,490 [ERROR] AppliInfo:139 - Unknown STM32CubeMX version: 6.15.0
2025-08-10 23:23:40,490 [ERROR] AppliInfo:139 - Unknown STM32CubeMX version: 6.15.0
2025-08-10 23:23:40,490 [ERROR] AppliInfo:139 - Unknown STM32CubeMX version: 6.15.0
2025-08-10 23:23:40,491 [ERROR] AppliInfo:139 - Unknown STM32CubeMX version: 6.15.0
2025-08-10 23:23:40,491 [ERROR] AppliInfo:139 - Unknown STM32CubeMX version: 6.15.0
2025-08-10 23:23:40,491 [ERROR] AppliInfo:139 - Unknown STM32CubeMX version: 6.15.0
2025-08-10 23:23:40,491 [ERROR] AppliInfo:139 - Unknown STM32CubeMX version: 6.15.0
2025-08-10 23:23:40,491 [ERROR] AppliInfo:139 - Unknown STM32CubeMX version: 6.15.0
2025-08-10 23:23:40,491 [ERROR] AppliInfo:139 - Unknown STM32CubeMX version: 6.15.0
2025-08-10 23:23:40,492 [ERROR] AppliInfo:139 - Unknown STM32CubeMX version: 6.15.0
2025-08-10 23:23:40,492 [ERROR] AppliInfo:139 - Unknown STM32CubeMX version: 6.15.0
2025-08-10 23:23:40,492 [ERROR] AppliInfo:139 - Unknown STM32CubeMX version: 6.15.0
2025-08-10 23:23:40,492 [ERROR] AppliInfo:139 - Unknown STM32CubeMX version: 6.15.0
2025-08-10 23:23:40,493 [ERROR] AppliInfo:139 - Unknown STM32CubeMX version: 6.15.0
2025-08-10 23:23:40,493 [ERROR] AppliInfo:139 - Unknown STM32CubeMX version: 6.15.0
2025-08-10 23:23:40,493 [ERROR] AppliInfo:139 - Unknown STM32CubeMX version: 6.15.0
2025-08-10 23:23:40,493 [ERROR] AppliInfo:139 - Unknown STM32CubeMX version: 6.15.0
2025-08-10 23:23:40,493 [ERROR] AppliInfo:139 - Unknown STM32CubeMX version: 6.15.0
2025-08-10 23:23:40,494 [ERROR] AppliInfo:139 - Unknown STM32CubeMX version: 6.15.0
2025-08-10 23:23:40,494 [ERROR] AppliInfo:139 - Unknown STM32CubeMX version: 6.15.0
2025-08-10 23:23:40,494 [ERROR] AppliInfo:139 - Unknown STM32CubeMX version: 6.15.0
2025-08-10 23:23:40,494 [ERROR] AppliInfo:139 - Unknown STM32CubeMX version: 6.15.0
2025-08-10 23:23:40,495 [ERROR] AppliInfo:139 - Unknown STM32CubeMX version: 6.15.0
2025-08-10 23:23:40,496 [ERROR] AppliInfo:139 - Unknown STM32CubeMX version: 6.15.0
2025-08-10 23:23:40,497 [ERROR] AppliInfo:139 - Unknown STM32CubeMX version: 6.15.0
2025-08-10 23:23:40,497 [ERROR] AppliInfo:139 - Unknown STM32CubeMX version: 6.15.0
2025-08-10 23:23:40,497 [ERROR] AppliInfo:139 - Unknown STM32CubeMX version: 6.15.0
2025-08-10 23:23:40,497 [ERROR] AppliInfo:139 - Unknown STM32CubeMX version: 6.15.0
2025-08-10 23:23:40,498 [ERROR] AppliInfo:139 - Unknown STM32CubeMX version: 6.15.0
2025-08-10 23:23:40,498 [ERROR] AppliInfo:139 - Unknown STM32CubeMX version: 6.15.0
2025-08-10 23:23:40,498 [ERROR] AppliInfo:139 - Unknown STM32CubeMX version: 6.15.0
2025-08-10 23:23:40,499 [ERROR] AppliInfo:139 - Unknown STM32CubeMX version: 6.15.0
2025-08-10 23:23:40,499 [ERROR] AppliInfo:139 - Unknown STM32CubeMX version: 6.15.0
2025-08-10 23:23:40,499 [ERROR] AppliInfo:139 - Unknown STM32CubeMX version: 6.15.0
2025-08-10 23:23:40,499 [ERROR] AppliInfo:139 - Unknown STM32CubeMX version: 6.15.0
2025-08-10 23:23:40,501 [ERROR] AppliInfo:139 - Unknown STM32CubeMX version: 6.15.0
2025-08-10 23:23:40,501 [ERROR] AppliInfo:139 - Unknown STM32CubeMX version: 6.15.0
2025-08-10 23:23:40,501 [ERROR] AppliInfo:139 - Unknown STM32CubeMX version: 6.15.0
2025-08-10 23:23:40,502 [ERROR] AppliInfo:139 - Unknown STM32CubeMX version: 6.15.0
2025-08-10 23:23:40,502 [ERROR] AppliInfo:139 - Unknown STM32CubeMX version: 6.15.0
2025-08-10 23:23:40,502 [ERROR] AppliInfo:139 - Unknown STM32CubeMX version: 6.15.0
2025-08-10 23:23:40,502 [ERROR] AppliInfo:139 - Unknown STM32CubeMX version: 6.15.0
2025-08-10 23:23:40,503 [ERROR] AppliInfo:139 - Unknown STM32CubeMX version: 6.15.0
2025-08-10 23:23:40,503 [ERROR] AppliInfo:139 - Unknown STM32CubeMX version: 6.15.0
2025-08-10 23:23:40,503 [ERROR] AppliInfo:139 - Unknown STM32CubeMX version: 6.15.0
2025-08-10 23:23:40,503 [ERROR] AppliInfo:139 - Unknown STM32CubeMX version: 6.15.0
2025-08-10 23:23:40,503 [ERROR] AppliInfo:139 - Unknown STM32CubeMX version: 6.15.0
2025-08-10 23:23:40,506 [ERROR] AppliInfo:139 - Unknown STM32CubeMX version: 6.15.0
2025-08-10 23:23:40,507 [ERROR] AppliInfo:139 - Unknown STM32CubeMX version: 6.15.0
2025-08-10 23:23:40,507 [ERROR] AppliInfo:139 - Unknown STM32CubeMX version: 6.15.0
2025-08-10 23:23:40,507 [ERROR] AppliInfo:139 - Unknown STM32CubeMX version: 6.15.0
2025-08-10 23:23:40,507 [ERROR] AppliInfo:139 - Unknown STM32CubeMX version: 6.15.0
2025-08-10 23:23:40,507 [ERROR] AppliInfo:139 - Unknown STM32CubeMX version: 6.15.0
2025-08-10 23:23:40,507 [ERROR] AppliInfo:139 - Unknown STM32CubeMX version: 6.15.0
2025-08-10 23:23:40,508 [ERROR] AppliInfo:139 - Unknown STM32CubeMX version: 6.15.0
2025-08-10 23:23:40,508 [ERROR] AppliInfo:139 - Unknown STM32CubeMX version: 6.15.0
2025-08-10 23:23:40,508 [ERROR] AppliInfo:139 - Unknown STM32CubeMX version: 6.15.0
2025-08-10 23:23:40,508 [ERROR] AppliInfo:139 - Unknown STM32CubeMX version: 6.15.0
2025-08-10 23:23:40,508 [ERROR] AppliInfo:139 - Unknown STM32CubeMX version: 6.15.0
2025-08-10 23:23:40,509 [ERROR] AppliInfo:139 - Unknown STM32CubeMX version: 6.15.0
2025-08-10 23:23:40,509 [ERROR] AppliInfo:139 - Unknown STM32CubeMX version: 6.15.0
2025-08-10 23:23:40,509 [ERROR] AppliInfo:139 - Unknown STM32CubeMX version: 6.15.0
2025-08-10 23:23:40,509 [ERROR] AppliInfo:139 - Unknown STM32CubeMX version: 6.15.0
2025-08-10 23:23:40,510 [ERROR] AppliInfo:139 - Unknown STM32CubeMX version: 6.15.0
2025-08-10 23:23:40,511 [ERROR] AppliInfo:139 - Unknown STM32CubeMX version: 6.15.0
2025-08-10 23:23:40,512 [ERROR] AppliInfo:139 - Unknown STM32CubeMX version: 6.15.0
2025-08-10 23:23:40,512 [ERROR] AppliInfo:139 - Unknown STM32CubeMX version: 6.15.0
2025-08-10 23:23:40,512 [ERROR] AppliInfo:139 - Unknown STM32CubeMX version: 6.15.0
2025-08-10 23:23:40,512 [ERROR] AppliInfo:139 - Unknown STM32CubeMX version: 6.15.0
2025-08-10 23:23:40,512 [ERROR] AppliInfo:139 - Unknown STM32CubeMX version: 6.15.0
2025-08-10 23:23:40,513 [ERROR] AppliInfo:139 - Unknown STM32CubeMX version: 6.15.0
2025-08-10 23:23:40,513 [ERROR] AppliInfo:139 - Unknown STM32CubeMX version: 6.15.0
2025-08-10 23:23:40,513 [ERROR] AppliInfo:139 - Unknown STM32CubeMX version: 6.15.0
2025-08-10 23:23:40,513 [ERROR] AppliInfo:139 - Unknown STM32CubeMX version: 6.15.0
2025-08-10 23:23:40,513 [ERROR] AppliInfo:139 - Unknown STM32CubeMX version: 6.15.0
2025-08-10 23:23:40,514 [ERROR] AppliInfo:139 - Unknown STM32CubeMX version: 6.15.0
2025-08-10 23:23:40,514 [ERROR] AppliInfo:139 - Unknown STM32CubeMX version: 6.15.0
2025-08-10 23:23:40,514 [ERROR] AppliInfo:139 - Unknown STM32CubeMX version: 6.15.0
2025-08-10 23:23:40,515 [ERROR] AppliInfo:139 - Unknown STM32CubeMX version: 6.15.0
2025-08-10 23:23:40,515 [ERROR] AppliInfo:139 - Unknown STM32CubeMX version: 6.15.0
2025-08-10 23:23:40,515 [ERROR] AppliInfo:139 - Unknown STM32CubeMX version: 6.15.0
2025-08-10 23:23:40,515 [ERROR] AppliInfo:139 - Unknown STM32CubeMX version: 6.15.0
2025-08-10 23:23:40,515 [ERROR] AppliInfo:139 - Unknown STM32CubeMX version: 6.15.0
2025-08-10 23:23:40,516 [ERROR] AppliInfo:139 - Unknown STM32CubeMX version: 6.15.0
2025-08-10 23:23:40,516 [ERROR] AppliInfo:139 - Unknown STM32CubeMX version: 6.15.0
2025-08-10 23:23:40,517 [ERROR] AppliInfo:139 - Unknown STM32CubeMX version: 6.15.0
2025-08-10 23:23:40,517 [ERROR] AppliInfo:139 - Unknown STM32CubeMX version: 6.15.0
2025-08-10 23:23:40,517 [ERROR] AppliInfo:139 - Unknown STM32CubeMX version: 6.15.0
2025-08-10 23:23:40,523 [ERROR] AppliInfo:139 - Unknown STM32CubeMX version: 6.15.0
2025-08-10 23:23:40,523 [ERROR] AppliInfo:139 - Unknown STM32CubeMX version: 6.15.0
2025-08-10 23:23:40,523 [ERROR] AppliInfo:139 - Unknown STM32CubeMX version: 6.15.0
2025-08-10 23:23:40,524 [ERROR] AppliInfo:139 - Unknown STM32CubeMX version: 6.15.0
2025-08-10 23:23:40,524 [ERROR] AppliInfo:139 - Unknown STM32CubeMX version: 6.15.0
2025-08-10 23:23:40,524 [ERROR] AppliInfo:139 - Unknown STM32CubeMX version: 6.15.0
2025-08-10 23:23:40,525 [ERROR] AppliInfo:139 - Unknown STM32CubeMX version: 6.15.0
2025-08-10 23:23:40,525 [ERROR] AppliInfo:139 - Unknown STM32CubeMX version: 6.15.0
2025-08-10 23:23:40,530 [ERROR] AppliInfo:139 - Unknown STM32CubeMX version: 6.15.0
2025-08-10 23:23:40,530 [ERROR] AppliInfo:139 - Unknown STM32CubeMX version: 6.15.0
2025-08-10 23:23:40,531 [ERROR] AppliInfo:139 - Unknown STM32CubeMX version: 6.15.0
2025-08-10 23:23:40,531 [ERROR] AppliInfo:139 - Unknown STM32CubeMX version: 6.15.0
2025-08-10 23:23:40,531 [ERROR] AppliInfo:139 - Unknown STM32CubeMX version: 6.15.0
2025-08-10 23:23:40,531 [ERROR] AppliInfo:139 - Unknown STM32CubeMX version: 6.15.0
2025-08-10 23:23:40,532 [ERROR] AppliInfo:139 - Unknown STM32CubeMX version: 6.15.0
2025-08-10 23:23:40,532 [ERROR] AppliInfo:139 - Unknown STM32CubeMX version: 6.15.0
2025-08-10 23:23:40,532 [ERROR] AppliInfo:139 - Unknown STM32CubeMX version: 6.15.0
2025-08-10 23:23:40,533 [ERROR] AppliInfo:139 - Unknown STM32CubeMX version: 6.15.0
2025-08-10 23:23:40,533 [ERROR] AppliInfo:139 - Unknown STM32CubeMX version: 6.15.0
2025-08-10 23:23:40,533 [ERROR] AppliInfo:139 - Unknown STM32CubeMX version: 6.15.0
2025-08-10 23:23:40,533 [ERROR] AppliInfo:139 - Unknown STM32CubeMX version: 6.15.0
2025-08-10 23:23:40,534 [ERROR] AppliInfo:139 - Unknown STM32CubeMX version: 6.15.0
2025-08-10 23:23:40,539 [ERROR] AppliInfo:139 - Unknown STM32CubeMX version: 6.15.0
2025-08-10 23:23:40,540 [ERROR] AppliInfo:139 - Unknown STM32CubeMX version: 6.15.0
2025-08-10 23:23:40,540 [ERROR] AppliInfo:139 - Unknown STM32CubeMX version: 6.15.0
2025-08-10 23:23:40,541 [ERROR] AppliInfo:139 - Unknown STM32CubeMX version: 6.15.0
2025-08-10 23:23:40,541 [ERROR] AppliInfo:139 - Unknown STM32CubeMX version: 6.15.0
2025-08-10 23:23:40,541 [ERROR] AppliInfo:139 - Unknown STM32CubeMX version: 6.15.0
2025-08-10 23:23:40,541 [ERROR] AppliInfo:139 - Unknown STM32CubeMX version: 6.15.0
2025-08-10 23:23:40,610 [ERROR] AppliInfo:139 - Unknown STM32CubeMX version: 6.15.0
2025-08-10 23:23:40,611 [ERROR] AppliInfo:139 - Unknown STM32CubeMX version: 6.15.0
2025-08-10 23:23:40,611 [ERROR] AppliInfo:139 - Unknown STM32CubeMX version: 6.15.0
2025-08-10 23:23:40,611 [ERROR] AppliInfo:139 - Unknown STM32CubeMX version: 6.15.0
2025-08-10 23:23:40,611 [ERROR] AppliInfo:139 - Unknown STM32CubeMX version: 6.15.0
2025-08-10 23:23:40,612 [ERROR] AppliInfo:139 - Unknown STM32CubeMX version: 6.15.0
2025-08-10 23:23:40,612 [ERROR] AppliInfo:139 - Unknown STM32CubeMX version: 6.15.0
2025-08-10 23:23:40,616 [ERROR] AppliInfo:139 - Unknown STM32CubeMX version: 6.15.0
2025-08-10 23:23:40,616 [ERROR] AppliInfo:139 - Unknown STM32CubeMX version: 6.15.0
2025-08-10 23:23:40,617 [ERROR] AppliInfo:139 - Unknown STM32CubeMX version: 6.15.0
2025-08-10 23:23:40,617 [ERROR] AppliInfo:139 - Unknown STM32CubeMX version: 6.15.0
2025-08-10 23:23:40,617 [ERROR] AppliInfo:139 - Unknown STM32CubeMX version: 6.15.0
2025-08-10 23:23:40,618 [ERROR] AppliInfo:139 - Unknown STM32CubeMX version: 6.15.0
2025-08-10 23:23:40,618 [ERROR] AppliInfo:139 - Unknown STM32CubeMX version: 6.15.0
2025-08-10 23:23:40,618 [ERROR] AppliInfo:139 - Unknown STM32CubeMX version: 6.15.0
2025-08-10 23:23:40,618 [ERROR] AppliInfo:139 - Unknown STM32CubeMX version: 6.15.0
2025-08-10 23:23:40,619 [ERROR] AppliInfo:139 - Unknown STM32CubeMX version: 6.15.0
2025-08-10 23:23:40,619 [ERROR] AppliInfo:139 - Unknown STM32CubeMX version: 6.15.0
2025-08-10 23:23:40,619 [ERROR] AppliInfo:139 - Unknown STM32CubeMX version: 6.15.0
2025-08-10 23:23:40,619 [ERROR] AppliInfo:139 - Unknown STM32CubeMX version: 6.15.0
2025-08-10 23:23:40,627 [ERROR] AppliInfo:139 - Unknown STM32CubeMX version: 6.15.0
2025-08-10 23:23:40,628 [ERROR] AppliInfo:139 - Unknown STM32CubeMX version: 6.15.0
2025-08-10 23:23:40,628 [ERROR] AppliInfo:139 - Unknown STM32CubeMX version: 6.15.0
2025-08-10 23:23:40,628 [ERROR] AppliInfo:139 - Unknown STM32CubeMX version: 6.15.0
2025-08-10 23:23:40,628 [ERROR] AppliInfo:139 - Unknown STM32CubeMX version: 6.15.0
2025-08-10 23:23:40,629 [ERROR] AppliInfo:139 - Unknown STM32CubeMX version: 6.15.0
2025-08-10 23:23:40,629 [ERROR] AppliInfo:139 - Unknown STM32CubeMX version: 6.15.0
2025-08-10 23:23:40,635 [ERROR] AppliInfo:139 - Unknown STM32CubeMX version: 6.15.0
2025-08-10 23:23:40,635 [ERROR] AppliInfo:139 - Unknown STM32CubeMX version: 6.15.0
2025-08-10 23:23:40,636 [ERROR] AppliInfo:139 - Unknown STM32CubeMX version: 6.15.0
2025-08-10 23:23:40,636 [ERROR] AppliInfo:139 - Unknown STM32CubeMX version: 6.15.0
2025-08-10 23:23:40,636 [ERROR] AppliInfo:139 - Unknown STM32CubeMX version: 6.15.0
2025-08-10 23:23:40,636 [ERROR] AppliInfo:139 - Unknown STM32CubeMX version: 6.15.0
2025-08-10 23:23:40,637 [ERROR] AppliInfo:139 - Unknown STM32CubeMX version: 6.15.0
2025-08-10 23:23:40,637 [ERROR] AppliInfo:139 - Unknown STM32CubeMX version: 6.15.0
2025-08-10 23:23:40,637 [ERROR] AppliInfo:139 - Unknown STM32CubeMX version: 6.15.0
2025-08-10 23:23:40,638 [ERROR] AppliInfo:139 - Unknown STM32CubeMX version: 6.15.0
2025-08-10 23:23:40,640 [ERROR] AppliInfo:139 - Unknown STM32CubeMX version: 6.15.0
2025-08-10 23:23:40,640 [ERROR] AppliInfo:139 - Unknown STM32CubeMX version: 6.15.0
2025-08-10 23:23:40,640 [ERROR] AppliInfo:139 - Unknown STM32CubeMX version: 6.15.0
2025-08-10 23:23:40,659 [ERROR] AppliInfo:139 - Unknown STM32CubeMX version: 6.15.0
2025-08-10 23:23:40,660 [ERROR] AppliInfo:139 - Unknown STM32CubeMX version: 6.15.0
2025-08-10 23:23:40,660 [ERROR] AppliInfo:139 - Unknown STM32CubeMX version: 6.15.0
2025-08-10 23:23:40,661 [ERROR] AppliInfo:139 - Unknown STM32CubeMX version: 6.15.0
2025-08-10 23:23:40,661 [ERROR] AppliInfo:139 - Unknown STM32CubeMX version: 6.15.0
2025-08-10 23:23:40,661 [ERROR] AppliInfo:139 - Unknown STM32CubeMX version: 6.15.0
2025-08-10 23:23:40,661 [ERROR] AppliInfo:139 - Unknown STM32CubeMX version: 6.15.0
2025-08-10 23:23:40,662 [ERROR] AppliInfo:139 - Unknown STM32CubeMX version: 6.15.0
2025-08-10 23:23:40,662 [ERROR] AppliInfo:139 - Unknown STM32CubeMX version: 6.15.0
2025-08-10 23:23:40,662 [ERROR] AppliInfo:139 - Unknown STM32CubeMX version: 6.15.0
2025-08-10 23:23:40,662 [ERROR] AppliInfo:139 - Unknown STM32CubeMX version: 6.15.0
2025-08-10 23:23:40,663 [ERROR] AppliInfo:139 - Unknown STM32CubeMX version: 6.15.0
2025-08-10 23:23:40,663 [ERROR] AppliInfo:139 - Unknown STM32CubeMX version: 6.15.0
2025-08-10 23:23:40,663 [ERROR] AppliInfo:139 - Unknown STM32CubeMX version: 6.15.0
2025-08-10 23:23:40,663 [ERROR] AppliInfo:139 - Unknown STM32CubeMX version: 6.15.0
2025-08-10 23:23:40,663 [ERROR] AppliInfo:139 - Unknown STM32CubeMX version: 6.15.0
2025-08-10 23:23:40,664 [ERROR] AppliInfo:139 - Unknown STM32CubeMX version: 6.15.0
2025-08-10 23:23:40,664 [ERROR] AppliInfo:139 - Unknown STM32CubeMX version: 6.15.0
2025-08-10 23:23:40,664 [ERROR] AppliInfo:139 - Unknown STM32CubeMX version: 6.15.0
2025-08-10 23:23:40,664 [ERROR] AppliInfo:139 - Unknown STM32CubeMX version: 6.15.0
2025-08-10 23:23:40,664 [ERROR] AppliInfo:139 - Unknown STM32CubeMX version: 6.15.0
2025-08-10 23:23:40,665 [ERROR] AppliInfo:139 - Unknown STM32CubeMX version: 6.15.0
2025-08-10 23:23:40,665 [ERROR] AppliInfo:139 - Unknown STM32CubeMX version: 6.15.0
2025-08-10 23:23:40,665 [ERROR] AppliInfo:139 - Unknown STM32CubeMX version: 6.15.0
2025-08-10 23:23:40,665 [ERROR] AppliInfo:139 - Unknown STM32CubeMX version: 6.15.0
2025-08-10 23:23:40,666 [ERROR] AppliInfo:139 - Unknown STM32CubeMX version: 6.15.0
2025-08-10 23:23:40,666 [ERROR] AppliInfo:139 - Unknown STM32CubeMX version: 6.15.0
2025-08-10 23:23:40,666 [ERROR] AppliInfo:139 - Unknown STM32CubeMX version: 6.15.0
2025-08-10 23:23:40,666 [ERROR] AppliInfo:139 - Unknown STM32CubeMX version: 6.15.0
2025-08-10 23:23:40,667 [ERROR] AppliInfo:139 - Unknown STM32CubeMX version: 6.15.0
2025-08-10 23:23:40,667 [ERROR] AppliInfo:139 - Unknown STM32CubeMX version: 6.15.0
2025-08-10 23:23:40,667 [ERROR] AppliInfo:139 - Unknown STM32CubeMX version: 6.15.0
2025-08-10 23:23:40,668 [ERROR] AppliInfo:139 - Unknown STM32CubeMX version: 6.15.0
2025-08-10 23:23:40,668 [ERROR] AppliInfo:139 - Unknown STM32CubeMX version: 6.15.0
2025-08-10 23:23:40,668 [ERROR] AppliInfo:139 - Unknown STM32CubeMX version: 6.15.0
2025-08-10 23:23:40,668 [ERROR] AppliInfo:139 - Unknown STM32CubeMX version: 6.15.0
2025-08-10 23:23:40,668 [ERROR] AppliInfo:139 - Unknown STM32CubeMX version: 6.15.0
2025-08-10 23:23:40,668 [ERROR] AppliInfo:139 - Unknown STM32CubeMX version: 6.15.0
2025-08-10 23:23:40,669 [ERROR] AppliInfo:139 - Unknown STM32CubeMX version: 6.15.0
2025-08-10 23:23:40,669 [ERROR] AppliInfo:139 - Unknown STM32CubeMX version: 6.15.0
2025-08-10 23:23:40,669 [ERROR] AppliInfo:139 - Unknown STM32CubeMX version: 6.15.0
2025-08-10 23:23:40,669 [ERROR] AppliInfo:139 - Unknown STM32CubeMX version: 6.15.0
2025-08-10 23:23:40,670 [ERROR] AppliInfo:139 - Unknown STM32CubeMX version: 6.15.0
2025-08-10 23:23:40,689 [ERROR] AppliInfo:139 - Unknown STM32CubeMX version: 6.14.1
2025-08-10 23:23:40,690 [ERROR] AppliInfo:139 - Unknown STM32CubeMX version: 6.14.1
2025-08-10 23:23:40,690 [ERROR] AppliInfo:139 - Unknown STM32CubeMX version: 6.14.1
2025-08-10 23:23:40,690 [ERROR] AppliInfo:139 - Unknown STM32CubeMX version: 6.14.1
2025-08-10 23:23:40,691 [ERROR] AppliInfo:139 - Unknown STM32CubeMX version: 6.14.1
2025-08-10 23:23:40,691 [ERROR] AppliInfo:139 - Unknown STM32CubeMX version: 6.14.1
2025-08-10 23:23:40,691 [ERROR] AppliInfo:139 - Unknown STM32CubeMX version: 6.14.1
2025-08-10 23:23:40,692 [ERROR] AppliInfo:139 - Unknown STM32CubeMX version: 6.14.1
2025-08-10 23:23:40,692 [ERROR] AppliInfo:139 - Unknown STM32CubeMX version: 6.14.1
2025-08-10 23:23:40,692 [ERROR] AppliInfo:139 - Unknown STM32CubeMX version: 6.14.1
2025-08-10 23:23:40,692 [ERROR] AppliInfo:139 - Unknown STM32CubeMX version: 6.14.1
2025-08-10 23:23:40,692 [ERROR] AppliInfo:139 - Unknown STM32CubeMX version: 6.14.1
2025-08-10 23:23:40,693 [ERROR] AppliInfo:139 - Unknown STM32CubeMX version: 6.14.1
2025-08-10 23:23:40,693 [ERROR] AppliInfo:139 - Unknown STM32CubeMX version: 6.14.1
2025-08-10 23:23:40,693 [ERROR] AppliInfo:139 - Unknown STM32CubeMX version: 6.14.1
2025-08-10 23:23:40,694 [ERROR] AppliInfo:139 - Unknown STM32CubeMX version: 6.14.1
2025-08-10 23:23:40,694 [ERROR] AppliInfo:139 - Unknown STM32CubeMX version: 6.14.1
2025-08-10 23:23:40,695 [ERROR] AppliInfo:139 - Unknown STM32CubeMX version: 6.14.1
2025-08-10 23:23:40,695 [ERROR] AppliInfo:139 - Unknown STM32CubeMX version: 6.14.1
2025-08-10 23:23:40,696 [ERROR] AppliInfo:139 - Unknown STM32CubeMX version: 6.14.1
2025-08-10 23:23:40,696 [ERROR] AppliInfo:139 - Unknown STM32CubeMX version: 6.14.1
2025-08-10 23:23:40,696 [ERROR] AppliInfo:139 - Unknown STM32CubeMX version: 6.14.1
2025-08-10 23:23:40,697 [ERROR] AppliInfo:139 - Unknown STM32CubeMX version: 6.14.1
2025-08-10 23:23:40,697 [ERROR] AppliInfo:139 - Unknown STM32CubeMX version: 6.14.1
2025-08-10 23:23:40,697 [ERROR] AppliInfo:139 - Unknown STM32CubeMX version: 6.14.1
2025-08-10 23:23:40,697 [ERROR] AppliInfo:139 - Unknown STM32CubeMX version: 6.14.1
2025-08-10 23:23:40,697 [ERROR] AppliInfo:139 - Unknown STM32CubeMX version: 6.14.1
2025-08-10 23:23:40,698 [ERROR] AppliInfo:139 - Unknown STM32CubeMX version: 6.14.1
2025-08-10 23:23:40,698 [ERROR] AppliInfo:139 - Unknown STM32CubeMX version: 6.14.1
2025-08-10 23:23:40,698 [ERROR] AppliInfo:139 - Unknown STM32CubeMX version: 6.14.1
2025-08-10 23:23:40,698 [ERROR] AppliInfo:139 - Unknown STM32CubeMX version: 6.14.1
2025-08-10 23:23:40,699 [ERROR] AppliInfo:139 - Unknown STM32CubeMX version: 6.14.1
2025-08-10 23:23:40,699 [ERROR] AppliInfo:139 - Unknown STM32CubeMX version: 6.14.1
2025-08-10 23:23:40,699 [ERROR] AppliInfo:139 - Unknown STM32CubeMX version: 6.14.1
2025-08-10 23:23:40,699 [ERROR] AppliInfo:139 - Unknown STM32CubeMX version: 6.14.1
2025-08-10 23:23:40,700 [ERROR] AppliInfo:139 - Unknown STM32CubeMX version: 6.14.1
2025-08-10 23:23:40,701 [ERROR] AppliInfo:139 - Unknown STM32CubeMX version: 6.14.1
2025-08-10 23:23:40,701 [ERROR] AppliInfo:139 - Unknown STM32CubeMX version: 6.14.1
2025-08-10 23:23:40,701 [ERROR] AppliInfo:139 - Unknown STM32CubeMX version: 6.14.1
2025-08-10 23:23:40,702 [ERROR] AppliInfo:139 - Unknown STM32CubeMX version: 6.14.1
2025-08-10 23:23:40,702 [ERROR] AppliInfo:139 - Unknown STM32CubeMX version: 6.14.1
2025-08-10 23:23:40,702 [ERROR] AppliInfo:139 - Unknown STM32CubeMX version: 6.14.1
2025-08-10 23:23:40,702 [ERROR] AppliInfo:139 - Unknown STM32CubeMX version: 6.14.1
2025-08-10 23:23:40,703 [ERROR] AppliInfo:139 - Unknown STM32CubeMX version: 6.14.1
2025-08-10 23:23:40,703 [ERROR] AppliInfo:139 - Unknown STM32CubeMX version: 6.14.1
2025-08-10 23:23:40,703 [ERROR] AppliInfo:139 - Unknown STM32CubeMX version: 6.14.1
2025-08-10 23:23:40,703 [ERROR] AppliInfo:139 - Unknown STM32CubeMX version: 6.14.1
2025-08-10 23:23:40,703 [ERROR] AppliInfo:139 - Unknown STM32CubeMX version: 6.14.1
2025-08-10 23:23:40,704 [ERROR] AppliInfo:139 - Unknown STM32CubeMX version: 6.14.1
2025-08-10 23:23:40,704 [ERROR] AppliInfo:139 - Unknown STM32CubeMX version: 6.14.1
2025-08-10 23:23:40,705 [ERROR] AppliInfo:139 - Unknown STM32CubeMX version: 6.14.1
2025-08-10 23:23:40,706 [ERROR] AppliInfo:139 - Unknown STM32CubeMX version: 6.14.1
2025-08-10 23:23:40,706 [ERROR] AppliInfo:139 - Unknown STM32CubeMX version: 6.14.1
2025-08-10 23:23:40,707 [ERROR] AppliInfo:139 - Unknown STM32CubeMX version: 6.14.1
2025-08-10 23:23:40,707 [ERROR] AppliInfo:139 - Unknown STM32CubeMX version: 6.14.1
2025-08-10 23:23:40,707 [ERROR] AppliInfo:139 - Unknown STM32CubeMX version: 6.14.1
2025-08-10 23:23:40,707 [ERROR] AppliInfo:139 - Unknown STM32CubeMX version: 6.14.1
2025-08-10 23:23:40,708 [ERROR] AppliInfo:139 - Unknown STM32CubeMX version: 6.14.1
2025-08-10 23:23:40,708 [ERROR] AppliInfo:139 - Unknown STM32CubeMX version: 6.14.1
2025-08-10 23:23:40,708 [ERROR] AppliInfo:139 - Unknown STM32CubeMX version: 6.14.1
2025-08-10 23:23:40,709 [ERROR] AppliInfo:139 - Unknown STM32CubeMX version: 6.14.1
2025-08-10 23:23:40,709 [ERROR] AppliInfo:139 - Unknown STM32CubeMX version: 6.14.1
2025-08-10 23:23:40,710 [ERROR] AppliInfo:139 - Unknown STM32CubeMX version: 6.14.1
2025-08-10 23:23:40,710 [ERROR] AppliInfo:139 - Unknown STM32CubeMX version: 6.14.1
2025-08-10 23:23:40,710 [ERROR] AppliInfo:139 - Unknown STM32CubeMX version: 6.14.1
2025-08-10 23:23:40,711 [ERROR] AppliInfo:139 - Unknown STM32CubeMX version: 6.14.1
2025-08-10 23:23:40,711 [ERROR] AppliInfo:139 - Unknown STM32CubeMX version: 6.14.1
2025-08-10 23:23:40,712 [ERROR] AppliInfo:139 - Unknown STM32CubeMX version: 6.14.1
2025-08-10 23:23:40,712 [ERROR] AppliInfo:139 - Unknown STM32CubeMX version: 6.14.1
2025-08-10 23:23:40,712 [ERROR] AppliInfo:139 - Unknown STM32CubeMX version: 6.14.1
2025-08-10 23:23:40,713 [ERROR] AppliInfo:139 - Unknown STM32CubeMX version: 6.14.1
2025-08-10 23:23:40,713 [ERROR] AppliInfo:139 - Unknown STM32CubeMX version: 6.14.1
2025-08-10 23:23:40,713 [ERROR] AppliInfo:139 - Unknown STM32CubeMX version: 6.14.1
2025-08-10 23:23:40,713 [ERROR] AppliInfo:139 - Unknown STM32CubeMX version: 6.14.1
2025-08-10 23:23:40,714 [ERROR] AppliInfo:139 - Unknown STM32CubeMX version: 6.14.1
2025-08-10 23:23:40,714 [ERROR] AppliInfo:139 - Unknown STM32CubeMX version: 6.14.1
2025-08-10 23:23:40,714 [ERROR] AppliInfo:139 - Unknown STM32CubeMX version: 6.14.1
2025-08-10 23:23:40,715 [ERROR] AppliInfo:139 - Unknown STM32CubeMX version: 6.14.1
2025-08-10 23:23:40,715 [ERROR] AppliInfo:139 - Unknown STM32CubeMX version: 6.14.1
2025-08-10 23:23:40,715 [ERROR] AppliInfo:139 - Unknown STM32CubeMX version: 6.14.1
2025-08-10 23:23:40,716 [ERROR] AppliInfo:139 - Unknown STM32CubeMX version: 6.14.1
2025-08-10 23:23:40,716 [ERROR] AppliInfo:139 - Unknown STM32CubeMX version: 6.14.1
2025-08-10 23:23:40,717 [ERROR] AppliInfo:139 - Unknown STM32CubeMX version: 6.14.1
2025-08-10 23:23:40,717 [ERROR] AppliInfo:139 - Unknown STM32CubeMX version: 6.14.1
2025-08-10 23:23:40,717 [ERROR] AppliInfo:139 - Unknown STM32CubeMX version: 6.14.1
2025-08-10 23:23:40,718 [ERROR] AppliInfo:139 - Unknown STM32CubeMX version: 6.14.1
2025-08-10 23:23:40,718 [ERROR] AppliInfo:139 - Unknown STM32CubeMX version: 6.14.1
2025-08-10 23:23:40,718 [ERROR] AppliInfo:139 - Unknown STM32CubeMX version: 6.14.1
2025-08-10 23:23:40,719 [ERROR] AppliInfo:139 - Unknown STM32CubeMX version: 6.14.1
2025-08-10 23:23:40,719 [ERROR] AppliInfo:139 - Unknown STM32CubeMX version: 6.14.1
2025-08-10 23:23:40,719 [ERROR] AppliInfo:139 - Unknown STM32CubeMX version: 6.14.1
2025-08-10 23:23:40,719 [ERROR] AppliInfo:139 - Unknown STM32CubeMX version: 6.14.1
2025-08-10 23:23:40,720 [ERROR] AppliInfo:139 - Unknown STM32CubeMX version: 6.14.1
2025-08-10 23:23:40,720 [ERROR] AppliInfo:139 - Unknown STM32CubeMX version: 6.14.1
2025-08-10 23:23:40,720 [ERROR] AppliInfo:139 - Unknown STM32CubeMX version: 6.14.1
2025-08-10 23:23:40,722 [ERROR] AppliInfo:139 - Unknown STM32CubeMX version: 6.14.1
2025-08-10 23:23:40,723 [ERROR] AppliInfo:139 - Unknown STM32CubeMX version: 6.14.1
2025-08-10 23:23:40,723 [ERROR] AppliInfo:139 - Unknown STM32CubeMX version: 6.14.1
2025-08-10 23:23:40,723 [ERROR] AppliInfo:139 - Unknown STM32CubeMX version: 6.14.1
2025-08-10 23:23:40,724 [ERROR] AppliInfo:139 - Unknown STM32CubeMX version: 6.14.1
2025-08-10 23:23:40,724 [ERROR] AppliInfo:139 - Unknown STM32CubeMX version: 6.14.1
2025-08-10 23:23:40,724 [ERROR] AppliInfo:139 - Unknown STM32CubeMX version: 6.14.1
2025-08-10 23:23:40,724 [ERROR] AppliInfo:139 - Unknown STM32CubeMX version: 6.14.1
2025-08-10 23:23:40,724 [ERROR] AppliInfo:139 - Unknown STM32CubeMX version: 6.14.1
2025-08-10 23:23:40,725 [ERROR] AppliInfo:139 - Unknown STM32CubeMX version: 6.14.1
2025-08-10 23:23:40,725 [ERROR] AppliInfo:139 - Unknown STM32CubeMX version: 6.14.1
2025-08-10 23:23:40,725 [ERROR] AppliInfo:139 - Unknown STM32CubeMX version: 6.14.1
2025-08-10 23:23:40,725 [ERROR] AppliInfo:139 - Unknown STM32CubeMX version: 6.14.1
2025-08-10 23:23:40,725 [ERROR] AppliInfo:139 - Unknown STM32CubeMX version: 6.14.1
2025-08-10 23:23:40,726 [ERROR] AppliInfo:139 - Unknown STM32CubeMX version: 6.14.1
2025-08-10 23:23:40,726 [ERROR] AppliInfo:139 - Unknown STM32CubeMX version: 6.14.1
2025-08-10 23:23:40,726 [ERROR] AppliInfo:139 - Unknown STM32CubeMX version: 6.14.1
2025-08-10 23:23:40,726 [ERROR] AppliInfo:139 - Unknown STM32CubeMX version: 6.14.1
2025-08-10 23:23:40,726 [ERROR] AppliInfo:139 - Unknown STM32CubeMX version: 6.14.1
2025-08-10 23:23:40,727 [ERROR] AppliInfo:139 - Unknown STM32CubeMX version: 6.14.1
2025-08-10 23:23:40,727 [ERROR] AppliInfo:139 - Unknown STM32CubeMX version: 6.14.1
2025-08-10 23:23:40,727 [ERROR] AppliInfo:139 - Unknown STM32CubeMX version: 6.14.1
2025-08-10 23:23:40,727 [ERROR] AppliInfo:139 - Unknown STM32CubeMX version: 6.14.1
2025-08-10 23:23:40,727 [ERROR] AppliInfo:139 - Unknown STM32CubeMX version: 6.14.1
2025-08-10 23:23:40,728 [ERROR] AppliInfo:139 - Unknown STM32CubeMX version: 6.14.1
2025-08-10 23:23:40,728 [ERROR] AppliInfo:139 - Unknown STM32CubeMX version: 6.14.1
2025-08-10 23:23:40,728 [ERROR] AppliInfo:139 - Unknown STM32CubeMX version: 6.14.1
2025-08-10 23:23:40,729 [ERROR] AppliInfo:139 - Unknown STM32CubeMX version: 6.14.1
2025-08-10 23:23:40,729 [ERROR] AppliInfo:139 - Unknown STM32CubeMX version: 6.14.1
2025-08-10 23:23:40,729 [ERROR] AppliInfo:139 - Unknown STM32CubeMX version: 6.14.1
2025-08-10 23:23:40,729 [ERROR] AppliInfo:139 - Unknown STM32CubeMX version: 6.14.1
2025-08-10 23:23:40,730 [ERROR] AppliInfo:139 - Unknown STM32CubeMX version: 6.14.1
2025-08-10 23:23:40,730 [ERROR] AppliInfo:139 - Unknown STM32CubeMX version: 6.14.1
2025-08-10 23:23:40,730 [ERROR] AppliInfo:139 - Unknown STM32CubeMX version: 6.14.1
2025-08-10 23:23:40,730 [ERROR] AppliInfo:139 - Unknown STM32CubeMX version: 6.14.1
2025-08-10 23:23:40,731 [ERROR] AppliInfo:139 - Unknown STM32CubeMX version: 6.14.1
2025-08-10 23:23:40,731 [ERROR] AppliInfo:139 - Unknown STM32CubeMX version: 6.14.1
2025-08-10 23:23:40,731 [ERROR] AppliInfo:139 - Unknown STM32CubeMX version: 6.14.1
2025-08-10 23:23:40,731 [ERROR] AppliInfo:139 - Unknown STM32CubeMX version: 6.14.1
2025-08-10 23:23:40,732 [ERROR] AppliInfo:139 - Unknown STM32CubeMX version: 6.14.1
2025-08-10 23:23:40,732 [ERROR] AppliInfo:139 - Unknown STM32CubeMX version: 6.14.1
2025-08-10 23:23:40,732 [ERROR] AppliInfo:139 - Unknown STM32CubeMX version: 6.14.1
2025-08-10 23:23:40,732 [ERROR] AppliInfo:139 - Unknown STM32CubeMX version: 6.14.1
2025-08-10 23:23:40,733 [ERROR] AppliInfo:139 - Unknown STM32CubeMX version: 6.14.1
2025-08-10 23:23:40,733 [ERROR] AppliInfo:139 - Unknown STM32CubeMX version: 6.14.1
2025-08-10 23:23:40,733 [ERROR] AppliInfo:139 - Unknown STM32CubeMX version: 6.14.1
2025-08-10 23:23:40,733 [ERROR] AppliInfo:139 - Unknown STM32CubeMX version: 6.14.1
2025-08-10 23:23:40,733 [ERROR] AppliInfo:139 - Unknown STM32CubeMX version: 6.14.1
2025-08-10 23:23:40,734 [ERROR] AppliInfo:139 - Unknown STM32CubeMX version: 6.14.1
2025-08-10 23:23:40,734 [ERROR] AppliInfo:139 - Unknown STM32CubeMX version: 6.14.1
2025-08-10 23:23:40,734 [ERROR] AppliInfo:139 - Unknown STM32CubeMX version: 6.14.1
2025-08-10 23:23:40,734 [ERROR] AppliInfo:139 - Unknown STM32CubeMX version: 6.14.1
2025-08-10 23:23:40,735 [ERROR] AppliInfo:139 - Unknown STM32CubeMX version: 6.14.1
2025-08-10 23:23:40,735 [ERROR] AppliInfo:139 - Unknown STM32CubeMX version: 6.14.1
2025-08-10 23:23:40,735 [ERROR] AppliInfo:139 - Unknown STM32CubeMX version: 6.14.1
2025-08-10 23:23:40,736 [ERROR] AppliInfo:139 - Unknown STM32CubeMX version: 6.14.1
2025-08-10 23:23:40,736 [ERROR] AppliInfo:139 - Unknown STM32CubeMX version: 6.14.1
2025-08-10 23:23:40,736 [ERROR] AppliInfo:139 - Unknown STM32CubeMX version: 6.14.1
2025-08-10 23:23:40,736 [ERROR] AppliInfo:139 - Unknown STM32CubeMX version: 6.14.1
2025-08-10 23:23:40,737 [ERROR] AppliInfo:139 - Unknown STM32CubeMX version: 6.14.1
2025-08-10 23:23:40,737 [ERROR] AppliInfo:139 - Unknown STM32CubeMX version: 6.14.1
2025-08-10 23:23:40,739 [ERROR] AppliInfo:139 - Unknown STM32CubeMX version: 6.14.1
2025-08-10 23:23:40,739 [ERROR] AppliInfo:139 - Unknown STM32CubeMX version: 6.14.1
2025-08-10 23:23:40,740 [ERROR] AppliInfo:139 - Unknown STM32CubeMX version: 6.14.1
2025-08-10 23:23:40,740 [ERROR] AppliInfo:139 - Unknown STM32CubeMX version: 6.14.1
2025-08-10 23:23:40,740 [ERROR] AppliInfo:139 - Unknown STM32CubeMX version: 6.14.1
2025-08-10 23:23:40,740 [ERROR] AppliInfo:139 - Unknown STM32CubeMX version: 6.14.1
2025-08-10 23:23:40,741 [ERROR] AppliInfo:139 - Unknown STM32CubeMX version: 6.14.1
2025-08-10 23:23:40,741 [ERROR] AppliInfo:139 - Unknown STM32CubeMX version: 6.14.1
2025-08-10 23:23:40,741 [ERROR] AppliInfo:139 - Unknown STM32CubeMX version: 6.14.1
2025-08-10 23:23:40,742 [ERROR] AppliInfo:139 - Unknown STM32CubeMX version: 6.14.1
2025-08-10 23:23:40,742 [ERROR] AppliInfo:139 - Unknown STM32CubeMX version: 6.14.1
2025-08-10 23:23:40,742 [ERROR] AppliInfo:139 - Unknown STM32CubeMX version: 6.14.1
2025-08-10 23:23:40,742 [ERROR] AppliInfo:139 - Unknown STM32CubeMX version: 6.14.1
2025-08-10 23:23:40,743 [ERROR] AppliInfo:139 - Unknown STM32CubeMX version: 6.14.1
2025-08-10 23:23:40,743 [ERROR] AppliInfo:139 - Unknown STM32CubeMX version: 6.14.1
2025-08-10 23:23:40,743 [ERROR] AppliInfo:139 - Unknown STM32CubeMX version: 6.14.1
2025-08-10 23:23:40,744 [ERROR] AppliInfo:139 - Unknown STM32CubeMX version: 6.14.1
2025-08-10 23:23:40,744 [ERROR] AppliInfo:139 - Unknown STM32CubeMX version: 6.14.1
2025-08-10 23:23:40,744 [ERROR] AppliInfo:139 - Unknown STM32CubeMX version: 6.14.1
2025-08-10 23:23:40,745 [ERROR] AppliInfo:139 - Unknown STM32CubeMX version: 6.14.1
2025-08-10 23:23:40,745 [ERROR] AppliInfo:139 - Unknown STM32CubeMX version: 6.14.1
2025-08-10 23:23:40,745 [ERROR] AppliInfo:139 - Unknown STM32CubeMX version: 6.14.1
2025-08-10 23:23:40,745 [ERROR] AppliInfo:139 - Unknown STM32CubeMX version: 6.14.1
2025-08-10 23:23:40,746 [ERROR] AppliInfo:139 - Unknown STM32CubeMX version: 6.14.1
2025-08-10 23:23:40,746 [ERROR] AppliInfo:139 - Unknown STM32CubeMX version: 6.14.1
2025-08-10 23:23:40,746 [ERROR] AppliInfo:139 - Unknown STM32CubeMX version: 6.14.1
2025-08-10 23:23:40,747 [ERROR] AppliInfo:139 - Unknown STM32CubeMX version: 6.14.1
2025-08-10 23:23:40,747 [ERROR] AppliInfo:139 - Unknown STM32CubeMX version: 6.14.1
2025-08-10 23:23:40,747 [ERROR] AppliInfo:139 - Unknown STM32CubeMX version: 6.14.1
2025-08-10 23:23:40,747 [ERROR] AppliInfo:139 - Unknown STM32CubeMX version: 6.14.1
2025-08-10 23:23:40,748 [ERROR] AppliInfo:139 - Unknown STM32CubeMX version: 6.14.1
2025-08-10 23:23:40,748 [ERROR] AppliInfo:139 - Unknown STM32CubeMX version: 6.14.1
2025-08-10 23:23:40,748 [ERROR] AppliInfo:139 - Unknown STM32CubeMX version: 6.14.1
2025-08-10 23:23:40,748 [ERROR] AppliInfo:139 - Unknown STM32CubeMX version: 6.14.1
2025-08-10 23:23:40,749 [ERROR] AppliInfo:139 - Unknown STM32CubeMX version: 6.14.1
2025-08-10 23:23:40,749 [ERROR] AppliInfo:139 - Unknown STM32CubeMX version: 6.14.1
2025-08-10 23:23:40,749 [ERROR] AppliInfo:139 - Unknown STM32CubeMX version: 6.14.1
2025-08-10 23:23:40,749 [ERROR] AppliInfo:139 - Unknown STM32CubeMX version: 6.14.1
2025-08-10 23:23:40,777 [ERROR] AppliInfo:139 - Unknown STM32CubeMX version: 6.14.1
2025-08-10 23:23:40,777 [ERROR] AppliInfo:139 - Unknown STM32CubeMX version: 6.14.1
2025-08-10 23:23:40,778 [ERROR] AppliInfo:139 - Unknown STM32CubeMX version: 6.14.1
2025-08-10 23:23:40,778 [ERROR] AppliInfo:139 - Unknown STM32CubeMX version: 6.14.1
2025-08-10 23:23:40,778 [ERROR] AppliInfo:139 - Unknown STM32CubeMX version: 6.14.1
2025-08-10 23:23:40,778 [ERROR] AppliInfo:139 - Unknown STM32CubeMX version: 6.14.1
2025-08-10 23:23:40,779 [ERROR] AppliInfo:139 - Unknown STM32CubeMX version: 6.14.1
2025-08-10 23:23:40,779 [ERROR] AppliInfo:139 - Unknown STM32CubeMX version: 6.14.1
2025-08-10 23:23:40,779 [ERROR] AppliInfo:139 - Unknown STM32CubeMX version: 6.14.1
2025-08-10 23:23:40,779 [ERROR] AppliInfo:139 - Unknown STM32CubeMX version: 6.14.1
2025-08-10 23:23:40,779 [ERROR] AppliInfo:139 - Unknown STM32CubeMX version: 6.14.1
2025-08-10 23:23:40,779 [ERROR] AppliInfo:139 - Unknown STM32CubeMX version: 6.14.1
2025-08-10 23:23:40,779 [ERROR] AppliInfo:139 - Unknown STM32CubeMX version: 6.14.1
2025-08-10 23:23:40,780 [ERROR] AppliInfo:139 - Unknown STM32CubeMX version: 6.14.1
2025-08-10 23:23:40,780 [ERROR] AppliInfo:139 - Unknown STM32CubeMX version: 6.14.1
2025-08-10 23:23:40,780 [ERROR] AppliInfo:139 - Unknown STM32CubeMX version: 6.14.1
2025-08-10 23:23:40,780 [ERROR] AppliInfo:139 - Unknown STM32CubeMX version: 6.14.1
2025-08-10 23:23:40,780 [ERROR] AppliInfo:139 - Unknown STM32CubeMX version: 6.14.1
2025-08-10 23:23:40,780 [ERROR] AppliInfo:139 - Unknown STM32CubeMX version: 6.14.1
2025-08-10 23:23:40,780 [ERROR] AppliInfo:139 - Unknown STM32CubeMX version: 6.14.1
2025-08-10 23:23:40,780 [ERROR] AppliInfo:139 - Unknown STM32CubeMX version: 6.14.1
2025-08-10 23:23:40,781 [ERROR] AppliInfo:139 - Unknown STM32CubeMX version: 6.14.1
2025-08-10 23:23:40,781 [ERROR] AppliInfo:139 - Unknown STM32CubeMX version: 6.14.1
2025-08-10 23:23:40,781 [ERROR] AppliInfo:139 - Unknown STM32CubeMX version: 6.14.1
2025-08-10 23:23:40,781 [ERROR] AppliInfo:139 - Unknown STM32CubeMX version: 6.14.1
2025-08-10 23:23:40,781 [ERROR] AppliInfo:139 - Unknown STM32CubeMX version: 6.14.1
2025-08-10 23:23:40,781 [ERROR] AppliInfo:139 - Unknown STM32CubeMX version: 6.14.1
2025-08-10 23:23:40,781 [ERROR] AppliInfo:139 - Unknown STM32CubeMX version: 6.14.1
2025-08-10 23:23:40,781 [ERROR] AppliInfo:139 - Unknown STM32CubeMX version: 6.14.1
2025-08-10 23:23:40,782 [ERROR] AppliInfo:139 - Unknown STM32CubeMX version: 6.14.1
2025-08-10 23:23:40,782 [ERROR] AppliInfo:139 - Unknown STM32CubeMX version: 6.14.1
2025-08-10 23:23:40,782 [ERROR] AppliInfo:139 - Unknown STM32CubeMX version: 6.14.1
2025-08-10 23:23:40,782 [ERROR] AppliInfo:139 - Unknown STM32CubeMX version: 6.14.1
2025-08-10 23:23:40,782 [ERROR] AppliInfo:139 - Unknown STM32CubeMX version: 6.14.1
2025-08-10 23:23:40,782 [ERROR] AppliInfo:139 - Unknown STM32CubeMX version: 6.14.1
2025-08-10 23:23:40,782 [ERROR] AppliInfo:139 - Unknown STM32CubeMX version: 6.14.1
2025-08-10 23:23:40,783 [ERROR] AppliInfo:139 - Unknown STM32CubeMX version: 6.14.1
2025-08-10 23:23:40,783 [ERROR] AppliInfo:139 - Unknown STM32CubeMX version: 6.14.1
2025-08-10 23:23:40,783 [ERROR] AppliInfo:139 - Unknown STM32CubeMX version: 6.14.1
2025-08-10 23:23:40,783 [ERROR] AppliInfo:139 - Unknown STM32CubeMX version: 6.14.1
2025-08-10 23:23:40,783 [ERROR] AppliInfo:139 - Unknown STM32CubeMX version: 6.14.1
2025-08-10 23:23:40,783 [ERROR] AppliInfo:139 - Unknown STM32CubeMX version: 6.14.1
2025-08-10 23:23:40,783 [ERROR] AppliInfo:139 - Unknown STM32CubeMX version: 6.14.1
2025-08-10 23:23:40,783 [ERROR] AppliInfo:139 - Unknown STM32CubeMX version: 6.14.1
2025-08-10 23:23:40,784 [ERROR] AppliInfo:139 - Unknown STM32CubeMX version: 6.14.1
2025-08-10 23:23:40,784 [ERROR] AppliInfo:139 - Unknown STM32CubeMX version: 6.14.1
2025-08-10 23:23:40,784 [ERROR] AppliInfo:139 - Unknown STM32CubeMX version: 6.14.1
2025-08-10 23:23:40,784 [ERROR] AppliInfo:139 - Unknown STM32CubeMX version: 6.14.1
2025-08-10 23:23:40,784 [ERROR] AppliInfo:139 - Unknown STM32CubeMX version: 6.14.1
2025-08-10 23:23:40,784 [ERROR] AppliInfo:139 - Unknown STM32CubeMX version: 6.14.1
2025-08-10 23:23:40,785 [ERROR] AppliInfo:139 - Unknown STM32CubeMX version: 6.14.1
2025-08-10 23:23:40,785 [ERROR] AppliInfo:139 - Unknown STM32CubeMX version: 6.14.1
2025-08-10 23:23:40,785 [ERROR] AppliInfo:139 - Unknown STM32CubeMX version: 6.14.1
2025-08-10 23:23:40,785 [ERROR] AppliInfo:139 - Unknown STM32CubeMX version: 6.14.1
2025-08-10 23:23:40,785 [ERROR] AppliInfo:139 - Unknown STM32CubeMX version: 6.14.1
2025-08-10 23:23:40,785 [ERROR] AppliInfo:139 - Unknown STM32CubeMX version: 6.14.1
2025-08-10 23:23:40,785 [ERROR] AppliInfo:139 - Unknown STM32CubeMX version: 6.14.1
2025-08-10 23:23:40,786 [ERROR] AppliInfo:139 - Unknown STM32CubeMX version: 6.14.1
2025-08-10 23:23:40,786 [ERROR] AppliInfo:139 - Unknown STM32CubeMX version: 6.14.1
2025-08-10 23:23:40,786 [ERROR] AppliInfo:139 - Unknown STM32CubeMX version: 6.14.1
2025-08-10 23:23:40,786 [ERROR] AppliInfo:139 - Unknown STM32CubeMX version: 6.14.1
2025-08-10 23:23:40,786 [ERROR] AppliInfo:139 - Unknown STM32CubeMX version: 6.14.1
2025-08-10 23:23:40,786 [ERROR] AppliInfo:139 - Unknown STM32CubeMX version: 6.14.1
2025-08-10 23:23:40,786 [ERROR] AppliInfo:139 - Unknown STM32CubeMX version: 6.14.1
2025-08-10 23:23:40,787 [ERROR] AppliInfo:139 - Unknown STM32CubeMX version: 6.14.1
2025-08-10 23:23:40,787 [ERROR] AppliInfo:139 - Unknown STM32CubeMX version: 6.14.1
2025-08-10 23:23:40,795 [ERROR] AppliInfo:139 - Unknown STM32CubeMX version: 6.14.1
2025-08-10 23:23:40,796 [ERROR] AppliInfo:139 - Unknown STM32CubeMX version: 6.14.1
2025-08-10 23:23:40,796 [ERROR] AppliInfo:139 - Unknown STM32CubeMX version: 6.14.1
2025-08-10 23:23:40,796 [ERROR] AppliInfo:139 - Unknown STM32CubeMX version: 6.14.1
2025-08-10 23:23:40,796 [ERROR] AppliInfo:139 - Unknown STM32CubeMX version: 6.14.1
2025-08-10 23:23:40,796 [ERROR] AppliInfo:139 - Unknown STM32CubeMX version: 6.14.1
2025-08-10 23:23:40,797 [ERROR] AppliInfo:139 - Unknown STM32CubeMX version: 6.14.1
2025-08-10 23:23:40,797 [ERROR] AppliInfo:139 - Unknown STM32CubeMX version: 6.14.1
2025-08-10 23:23:40,797 [ERROR] AppliInfo:139 - Unknown STM32CubeMX version: 6.14.1
2025-08-10 23:23:40,797 [ERROR] AppliInfo:139 - Unknown STM32CubeMX version: 6.14.1
2025-08-10 23:23:40,797 [ERROR] AppliInfo:139 - Unknown STM32CubeMX version: 6.14.1
2025-08-10 23:23:40,798 [ERROR] AppliInfo:139 - Unknown STM32CubeMX version: 6.14.1
2025-08-10 23:23:40,798 [ERROR] AppliInfo:139 - Unknown STM32CubeMX version: 6.14.1
2025-08-10 23:23:40,798 [ERROR] AppliInfo:139 - Unknown STM32CubeMX version: 6.14.1
2025-08-10 23:23:40,798 [ERROR] AppliInfo:139 - Unknown STM32CubeMX version: 6.14.1
2025-08-10 23:23:40,798 [ERROR] AppliInfo:139 - Unknown STM32CubeMX version: 6.14.1
