2025-06-20 03:30:10,060 [INFO] WebApp:190 - Connection lost
2025-06-20 03:30:10,219 [INFO] WebApp:187 - Connection restablished
2025-06-20 03:30:10,881 [ERROR] LogOutputStream:75 - [STDERR_REDIRECT] [Fatal Error] :1:1: Premature end of file.
2025-06-20 03:30:10,881 [ERROR] LogOutputStream:75 - [STDERR_REDIRECT] 
2025-06-20 03:30:11,966 [ERROR] LogOutputStream:75 - [STDERR_REDIRECT] [Fatal Error] :1:1: Premature end of file.
2025-06-20 03:30:11,967 [ERROR] LogOutputStream:75 - [STDERR_REDIRECT] 
2025-06-20 03:30:12,899 [ERROR] LogOutputStream:75 - [STDERR_REDIRECT] [Fatal Error] :1:1: Premature end of file.
2025-06-20 03:30:12,899 [ERROR] LogOutputStream:75 - [STDERR_REDIRECT] 
2025-06-20 03:30:13,058 [INFO] WebApp:190 - Connection lost
2025-06-20 03:30:13,337 [INFO] WebApp:187 - Connection restablished
2025-06-20 03:30:13,880 [ERROR] LogOutputStream:75 - [STDERR_REDIRECT] [Fatal Error] :1:1: Premature end of file.
2025-06-20 03:30:13,880 [ERROR] LogOutputStream:75 - [STDERR_REDIRECT] 
2025-06-20 03:30:14,879 [ERROR] LogOutputStream:75 - [STDERR_REDIRECT] [Fatal Error] :1:1: Premature end of file.
2025-06-20 03:30:14,879 [ERROR] LogOutputStream:75 - [STDERR_REDIRECT] 
2025-06-20 03:30:15,880 [ERROR] LogOutputStream:75 - [STDERR_REDIRECT] [Fatal Error] :1:1: Premature end of file.
2025-06-20 03:30:15,880 [ERROR] LogOutputStream:75 - [STDERR_REDIRECT] 
2025-06-20 03:30:16,882 [ERROR] LogOutputStream:75 - [STDERR_REDIRECT] [Fatal Error] :1:1: Premature end of file.
2025-06-20 03:30:16,882 [ERROR] LogOutputStream:75 - [STDERR_REDIRECT] 
2025-06-20 03:30:17,881 [ERROR] LogOutputStream:75 - [STDERR_REDIRECT] [Fatal Error] :1:1: Premature end of file.
2025-06-20 03:30:17,881 [ERROR] LogOutputStream:75 - [STDERR_REDIRECT] 
2025-06-20 03:30:18,882 [ERROR] LogOutputStream:75 - [STDERR_REDIRECT] [Fatal Error] :1:1: Premature end of file.
2025-06-20 03:30:18,882 [ERROR] LogOutputStream:75 - [STDERR_REDIRECT] 
2025-06-20 03:30:19,879 [ERROR] LogOutputStream:75 - [STDERR_REDIRECT] [Fatal Error] :1:1: Premature end of file.
2025-06-20 03:30:19,879 [ERROR] LogOutputStream:75 - [STDERR_REDIRECT] 
2025-06-20 03:30:20,890 [ERROR] LogOutputStream:75 - [STDERR_REDIRECT] [Fatal Error] :1:1: Premature end of file.
2025-06-20 03:30:20,890 [ERROR] LogOutputStream:75 - [STDERR_REDIRECT] 
2025-06-20 03:30:21,880 [ERROR] LogOutputStream:75 - [STDERR_REDIRECT] [Fatal Error] :1:1: Premature end of file.
2025-06-20 03:30:21,880 [ERROR] LogOutputStream:75 - [STDERR_REDIRECT] 
2025-06-20 03:30:22,882 [ERROR] LogOutputStream:75 - [STDERR_REDIRECT] [Fatal Error] :1:1: Premature end of file.
2025-06-20 03:30:22,882 [ERROR] LogOutputStream:75 - [STDERR_REDIRECT] 
2025-06-20 03:30:23,882 [ERROR] LogOutputStream:75 - [STDERR_REDIRECT] [Fatal Error] :1:1: Premature end of file.
2025-06-20 03:30:23,882 [ERROR] LogOutputStream:75 - [STDERR_REDIRECT] 
2025-06-20 03:30:24,881 [ERROR] LogOutputStream:75 - [STDERR_REDIRECT] [Fatal Error] :1:1: Premature end of file.
2025-06-20 03:30:24,881 [ERROR] LogOutputStream:75 - [STDERR_REDIRECT] 
2025-06-20 03:30:25,881 [ERROR] LogOutputStream:75 - [STDERR_REDIRECT] [Fatal Error] :1:1: Premature end of file.
2025-06-20 03:30:25,881 [ERROR] LogOutputStream:75 - [STDERR_REDIRECT] 
2025-06-20 03:30:26,879 [ERROR] LogOutputStream:75 - [STDERR_REDIRECT] [Fatal Error] :1:1: Premature end of file.
2025-06-20 03:30:26,879 [ERROR] LogOutputStream:75 - [STDERR_REDIRECT] 
2025-06-20 03:30:27,880 [ERROR] LogOutputStream:75 - [STDERR_REDIRECT] [Fatal Error] :1:1: Premature end of file.
2025-06-20 03:30:27,880 [ERROR] LogOutputStream:75 - [STDERR_REDIRECT] 
2025-06-20 03:30:28,879 [ERROR] LogOutputStream:75 - [STDERR_REDIRECT] [Fatal Error] :1:1: Premature end of file.
2025-06-20 03:30:28,880 [ERROR] LogOutputStream:75 - [STDERR_REDIRECT] 
2025-06-20 03:30:29,878 [ERROR] LogOutputStream:75 - [STDERR_REDIRECT] [Fatal Error] :1:1: Premature end of file.
2025-06-20 03:30:29,878 [ERROR] LogOutputStream:75 - [STDERR_REDIRECT] 
2025-06-20 03:30:30,881 [ERROR] LogOutputStream:75 - [STDERR_REDIRECT] [Fatal Error] :1:1: Premature end of file.
2025-06-20 03:30:30,882 [ERROR] LogOutputStream:75 - [STDERR_REDIRECT] 
2025-06-20 03:30:31,883 [ERROR] LogOutputStream:75 - [STDERR_REDIRECT] [Fatal Error] :1:1: Premature end of file.
2025-06-20 03:30:31,883 [ERROR] LogOutputStream:75 - [STDERR_REDIRECT] 
2025-06-20 03:30:32,881 [ERROR] LogOutputStream:75 - [STDERR_REDIRECT] [Fatal Error] :1:1: Premature end of file.
2025-06-20 03:30:32,881 [ERROR] LogOutputStream:75 - [STDERR_REDIRECT] 
2025-06-20 03:30:33,881 [ERROR] LogOutputStream:75 - [STDERR_REDIRECT] [Fatal Error] :1:1: Premature end of file.
2025-06-20 03:30:33,881 [ERROR] LogOutputStream:75 - [STDERR_REDIRECT] 
2025-06-20 03:30:34,883 [ERROR] LogOutputStream:75 - [STDERR_REDIRECT] [Fatal Error] :1:1: Premature end of file.
2025-06-20 03:30:34,883 [ERROR] LogOutputStream:75 - [STDERR_REDIRECT] 
2025-06-20 03:30:35,882 [ERROR] LogOutputStream:75 - [STDERR_REDIRECT] [Fatal Error] :1:1: Premature end of file.
2025-06-20 03:30:35,882 [ERROR] LogOutputStream:75 - [STDERR_REDIRECT] 
2025-06-20 03:30:36,881 [ERROR] LogOutputStream:75 - [STDERR_REDIRECT] [Fatal Error] :1:1: Premature end of file.
2025-06-20 03:30:36,881 [ERROR] LogOutputStream:75 - [STDERR_REDIRECT] 
2025-06-20 03:30:37,881 [ERROR] LogOutputStream:75 - [STDERR_REDIRECT] [Fatal Error] :1:1: Premature end of file.
2025-06-20 03:30:37,881 [ERROR] LogOutputStream:75 - [STDERR_REDIRECT] 
2025-06-20 03:30:38,881 [ERROR] LogOutputStream:75 - [STDERR_REDIRECT] [Fatal Error] :1:1: Premature end of file.
2025-06-20 03:30:38,881 [ERROR] LogOutputStream:75 - [STDERR_REDIRECT] 
2025-06-20 03:30:39,882 [ERROR] LogOutputStream:75 - [STDERR_REDIRECT] [Fatal Error] :1:1: Premature end of file.
2025-06-20 03:30:39,882 [ERROR] LogOutputStream:75 - [STDERR_REDIRECT] 
2025-06-20 03:30:40,883 [ERROR] LogOutputStream:75 - [STDERR_REDIRECT] [Fatal Error] :1:1: Premature end of file.
2025-06-20 03:30:40,883 [ERROR] LogOutputStream:75 - [STDERR_REDIRECT] 
2025-06-20 03:30:41,881 [ERROR] LogOutputStream:75 - [STDERR_REDIRECT] [Fatal Error] :1:1: Premature end of file.
2025-06-20 03:30:41,881 [ERROR] LogOutputStream:75 - [STDERR_REDIRECT] 
2025-06-20 03:30:42,882 [ERROR] LogOutputStream:75 - [STDERR_REDIRECT] [Fatal Error] :1:1: Premature end of file.
2025-06-20 03:30:42,882 [ERROR] LogOutputStream:75 - [STDERR_REDIRECT] 
2025-06-20 03:30:43,882 [ERROR] LogOutputStream:75 - [STDERR_REDIRECT] [Fatal Error] :1:1: Premature end of file.
2025-06-20 03:30:43,882 [ERROR] LogOutputStream:75 - [STDERR_REDIRECT] 
2025-06-20 03:30:44,881 [ERROR] LogOutputStream:75 - [STDERR_REDIRECT] [Fatal Error] :1:1: Premature end of file.
2025-06-20 03:30:44,881 [ERROR] LogOutputStream:75 - [STDERR_REDIRECT] 
2025-06-20 03:30:45,882 [ERROR] LogOutputStream:75 - [STDERR_REDIRECT] [Fatal Error] :1:1: Premature end of file.
2025-06-20 03:30:45,882 [ERROR] LogOutputStream:75 - [STDERR_REDIRECT] 
2025-06-20 03:30:46,881 [ERROR] LogOutputStream:75 - [STDERR_REDIRECT] [Fatal Error] :1:1: Premature end of file.
2025-06-20 03:30:46,881 [ERROR] LogOutputStream:75 - [STDERR_REDIRECT] 
2025-06-20 03:30:47,881 [ERROR] LogOutputStream:75 - [STDERR_REDIRECT] [Fatal Error] :1:1: Premature end of file.
2025-06-20 03:30:47,881 [ERROR] LogOutputStream:75 - [STDERR_REDIRECT] 
2025-06-20 03:30:48,882 [ERROR] LogOutputStream:75 - [STDERR_REDIRECT] [Fatal Error] :1:1: Premature end of file.
2025-06-20 03:30:48,882 [ERROR] LogOutputStream:75 - [STDERR_REDIRECT] 
2025-06-20 03:30:49,881 [ERROR] LogOutputStream:75 - [STDERR_REDIRECT] [Fatal Error] :1:1: Premature end of file.
2025-06-20 03:30:49,881 [ERROR] LogOutputStream:75 - [STDERR_REDIRECT] 
2025-06-20 03:30:50,881 [ERROR] LogOutputStream:75 - [STDERR_REDIRECT] [Fatal Error] :1:1: Premature end of file.
2025-06-20 03:30:50,881 [ERROR] LogOutputStream:75 - [STDERR_REDIRECT] 
2025-06-20 03:30:51,880 [ERROR] LogOutputStream:75 - [STDERR_REDIRECT] [Fatal Error] :1:1: Premature end of file.
2025-06-20 03:30:51,880 [ERROR] LogOutputStream:75 - [STDERR_REDIRECT] 
2025-06-20 03:30:52,881 [ERROR] LogOutputStream:75 - [STDERR_REDIRECT] [Fatal Error] :1:1: Premature end of file.
2025-06-20 03:30:52,881 [ERROR] LogOutputStream:75 - [STDERR_REDIRECT] 
2025-06-20 03:30:53,880 [ERROR] LogOutputStream:75 - [STDERR_REDIRECT] [Fatal Error] :1:1: Premature end of file.
2025-06-20 03:30:53,880 [ERROR] LogOutputStream:75 - [STDERR_REDIRECT] 
2025-06-20 03:30:54,880 [ERROR] LogOutputStream:75 - [STDERR_REDIRECT] [Fatal Error] :1:1: Premature end of file.
2025-06-20 03:30:54,880 [ERROR] LogOutputStream:75 - [STDERR_REDIRECT] 
2025-06-20 03:30:55,882 [ERROR] LogOutputStream:75 - [STDERR_REDIRECT] [Fatal Error] :1:1: Premature end of file.
2025-06-20 03:30:55,882 [ERROR] LogOutputStream:75 - [STDERR_REDIRECT] 
2025-06-20 03:30:56,880 [ERROR] LogOutputStream:75 - [STDERR_REDIRECT] [Fatal Error] :1:1: Premature end of file.
2025-06-20 03:30:56,880 [ERROR] LogOutputStream:75 - [STDERR_REDIRECT] 
2025-06-20 03:30:57,881 [ERROR] LogOutputStream:75 - [STDERR_REDIRECT] [Fatal Error] :1:1: Premature end of file.
2025-06-20 03:30:57,881 [ERROR] LogOutputStream:75 - [STDERR_REDIRECT] 
2025-06-20 03:30:58,881 [ERROR] LogOutputStream:75 - [STDERR_REDIRECT] [Fatal Error] :1:1: Premature end of file.
2025-06-20 03:30:58,882 [ERROR] LogOutputStream:75 - [STDERR_REDIRECT] 
2025-06-20 03:30:59,880 [ERROR] LogOutputStream:75 - [STDERR_REDIRECT] [Fatal Error] :1:1: Premature end of file.
2025-06-20 03:30:59,880 [ERROR] LogOutputStream:75 - [STDERR_REDIRECT] 
2025-06-20 03:31:00,880 [ERROR] LogOutputStream:75 - [STDERR_REDIRECT] [Fatal Error] :1:1: Premature end of file.
2025-06-20 03:31:00,880 [ERROR] LogOutputStream:75 - [STDERR_REDIRECT] 
2025-06-20 03:31:01,880 [ERROR] LogOutputStream:75 - [STDERR_REDIRECT] [Fatal Error] :1:1: Premature end of file.
2025-06-20 03:31:01,881 [ERROR] LogOutputStream:75 - [STDERR_REDIRECT] 
2025-06-20 03:31:02,882 [ERROR] LogOutputStream:75 - [STDERR_REDIRECT] [Fatal Error] :1:1: Premature end of file.
2025-06-20 03:31:02,882 [ERROR] LogOutputStream:75 - [STDERR_REDIRECT] 
2025-06-20 03:31:03,880 [ERROR] LogOutputStream:75 - [STDERR_REDIRECT] [Fatal Error] :1:1: Premature end of file.
2025-06-20 03:31:03,880 [ERROR] LogOutputStream:75 - [STDERR_REDIRECT] 
2025-06-20 03:31:04,881 [ERROR] LogOutputStream:75 - [STDERR_REDIRECT] [Fatal Error] :1:1: Premature end of file.
2025-06-20 03:31:04,881 [ERROR] LogOutputStream:75 - [STDERR_REDIRECT] 
2025-06-20 03:31:05,879 [ERROR] LogOutputStream:75 - [STDERR_REDIRECT] [Fatal Error] :1:1: Premature end of file.
2025-06-20 03:31:05,879 [ERROR] LogOutputStream:75 - [STDERR_REDIRECT] 
2025-06-20 03:31:06,882 [ERROR] LogOutputStream:75 - [STDERR_REDIRECT] [Fatal Error] :1:1: Premature end of file.
2025-06-20 03:31:06,882 [ERROR] LogOutputStream:75 - [STDERR_REDIRECT] 
2025-06-20 03:31:07,882 [ERROR] LogOutputStream:75 - [STDERR_REDIRECT] [Fatal Error] :1:1: Premature end of file.
2025-06-20 03:31:07,882 [ERROR] LogOutputStream:75 - [STDERR_REDIRECT] 
2025-06-20 03:31:08,881 [ERROR] LogOutputStream:75 - [STDERR_REDIRECT] [Fatal Error] :1:1: Premature end of file.
2025-06-20 03:31:08,881 [ERROR] LogOutputStream:75 - [STDERR_REDIRECT] 
2025-06-20 03:31:09,882 [ERROR] LogOutputStream:75 - [STDERR_REDIRECT] [Fatal Error] :1:1: Premature end of file.
2025-06-20 03:31:09,882 [ERROR] LogOutputStream:75 - [STDERR_REDIRECT] 
2025-06-20 03:31:10,883 [ERROR] LogOutputStream:75 - [STDERR_REDIRECT] [Fatal Error] :1:1: Premature end of file.
2025-06-20 03:31:10,883 [ERROR] LogOutputStream:75 - [STDERR_REDIRECT] 
2025-06-20 03:31:11,879 [ERROR] LogOutputStream:75 - [STDERR_REDIRECT] [Fatal Error] :1:1: Premature end of file.
2025-06-20 03:31:11,879 [ERROR] LogOutputStream:75 - [STDERR_REDIRECT] 
2025-06-20 03:31:12,883 [ERROR] LogOutputStream:75 - [STDERR_REDIRECT] [Fatal Error] :1:1: Premature end of file.
2025-06-20 03:31:12,883 [ERROR] LogOutputStream:75 - [STDERR_REDIRECT] 
2025-06-20 03:31:13,882 [ERROR] LogOutputStream:75 - [STDERR_REDIRECT] [Fatal Error] :1:1: Premature end of file.
2025-06-20 03:31:13,882 [ERROR] LogOutputStream:75 - [STDERR_REDIRECT] 
2025-06-20 03:31:14,882 [ERROR] LogOutputStream:75 - [STDERR_REDIRECT] [Fatal Error] :1:1: Premature end of file.
2025-06-20 03:31:14,882 [ERROR] LogOutputStream:75 - [STDERR_REDIRECT] 
2025-06-20 03:31:15,882 [ERROR] LogOutputStream:75 - [STDERR_REDIRECT] [Fatal Error] :1:1: Premature end of file.
2025-06-20 03:31:15,882 [ERROR] LogOutputStream:75 - [STDERR_REDIRECT] 
2025-06-20 03:31:16,882 [ERROR] LogOutputStream:75 - [STDERR_REDIRECT] [Fatal Error] :1:1: Premature end of file.
2025-06-20 03:31:16,882 [ERROR] LogOutputStream:75 - [STDERR_REDIRECT] 
2025-06-20 03:31:17,887 [ERROR] LogOutputStream:75 - [STDERR_REDIRECT] [Fatal Error] :1:1: Premature end of file.
2025-06-20 03:31:17,887 [ERROR] LogOutputStream:75 - [STDERR_REDIRECT] 
2025-06-20 03:31:18,883 [ERROR] LogOutputStream:75 - [STDERR_REDIRECT] [Fatal Error] :1:1: Premature end of file.
2025-06-20 03:31:18,883 [ERROR] LogOutputStream:75 - [STDERR_REDIRECT] 
2025-06-20 03:31:19,882 [ERROR] LogOutputStream:75 - [STDERR_REDIRECT] [Fatal Error] :1:1: Premature end of file.
2025-06-20 03:31:19,882 [ERROR] LogOutputStream:75 - [STDERR_REDIRECT] 
2025-06-20 03:31:20,880 [ERROR] LogOutputStream:75 - [STDERR_REDIRECT] [Fatal Error] :1:1: Premature end of file.
2025-06-20 03:31:20,880 [ERROR] LogOutputStream:75 - [STDERR_REDIRECT] 
2025-06-20 03:31:21,881 [ERROR] LogOutputStream:75 - [STDERR_REDIRECT] [Fatal Error] :1:1: Premature end of file.
2025-06-20 03:31:21,881 [ERROR] LogOutputStream:75 - [STDERR_REDIRECT] 
2025-06-20 03:31:22,883 [ERROR] LogOutputStream:75 - [STDERR_REDIRECT] [Fatal Error] :1:1: Premature end of file.
2025-06-20 03:31:22,883 [ERROR] LogOutputStream:75 - [STDERR_REDIRECT] 
2025-06-20 03:31:23,880 [ERROR] LogOutputStream:75 - [STDERR_REDIRECT] [Fatal Error] :1:1: Premature end of file.
2025-06-20 03:31:23,880 [ERROR] LogOutputStream:75 - [STDERR_REDIRECT] 
2025-06-20 03:31:24,880 [ERROR] LogOutputStream:75 - [STDERR_REDIRECT] [Fatal Error] :1:1: Premature end of file.
2025-06-20 03:31:24,880 [ERROR] LogOutputStream:75 - [STDERR_REDIRECT] 
2025-06-20 03:31:25,881 [ERROR] LogOutputStream:75 - [STDERR_REDIRECT] [Fatal Error] :1:1: Premature end of file.
2025-06-20 03:31:25,881 [ERROR] LogOutputStream:75 - [STDERR_REDIRECT] 
2025-06-20 03:31:26,882 [ERROR] LogOutputStream:75 - [STDERR_REDIRECT] [Fatal Error] :1:1: Premature end of file.
2025-06-20 03:31:26,882 [ERROR] LogOutputStream:75 - [STDERR_REDIRECT] 
2025-06-20 03:31:27,884 [ERROR] LogOutputStream:75 - [STDERR_REDIRECT] [Fatal Error] :1:1: Premature end of file.
2025-06-20 03:31:27,884 [ERROR] LogOutputStream:75 - [STDERR_REDIRECT] 
2025-06-20 03:31:28,882 [ERROR] LogOutputStream:75 - [STDERR_REDIRECT] [Fatal Error] :1:1: Premature end of file.
2025-06-20 03:31:28,882 [ERROR] LogOutputStream:75 - [STDERR_REDIRECT] 
2025-06-20 03:31:29,891 [ERROR] LogOutputStream:75 - [STDERR_REDIRECT] [Fatal Error] :1:1: Premature end of file.
2025-06-20 03:31:29,891 [ERROR] LogOutputStream:75 - [STDERR_REDIRECT] 
2025-06-20 03:31:30,882 [ERROR] LogOutputStream:75 - [STDERR_REDIRECT] [Fatal Error] :1:1: Premature end of file.
2025-06-20 03:31:30,882 [ERROR] LogOutputStream:75 - [STDERR_REDIRECT] 
2025-06-20 03:31:31,881 [ERROR] LogOutputStream:75 - [STDERR_REDIRECT] [Fatal Error] :1:1: Premature end of file.
2025-06-20 03:31:31,881 [ERROR] LogOutputStream:75 - [STDERR_REDIRECT] 
2025-06-20 03:31:32,882 [ERROR] LogOutputStream:75 - [STDERR_REDIRECT] [Fatal Error] :1:1: Premature end of file.
2025-06-20 03:31:32,882 [ERROR] LogOutputStream:75 - [STDERR_REDIRECT] 
2025-06-20 03:31:33,881 [ERROR] LogOutputStream:75 - [STDERR_REDIRECT] [Fatal Error] :1:1: Premature end of file.
2025-06-20 03:31:33,881 [ERROR] LogOutputStream:75 - [STDERR_REDIRECT] 
2025-06-20 03:31:34,882 [ERROR] LogOutputStream:75 - [STDERR_REDIRECT] [Fatal Error] :1:1: Premature end of file.
2025-06-20 03:31:34,882 [ERROR] LogOutputStream:75 - [STDERR_REDIRECT] 
2025-06-20 03:31:35,883 [ERROR] LogOutputStream:75 - [STDERR_REDIRECT] [Fatal Error] :1:1: Premature end of file.
2025-06-20 03:31:35,883 [ERROR] LogOutputStream:75 - [STDERR_REDIRECT] 
2025-06-20 03:31:36,882 [ERROR] LogOutputStream:75 - [STDERR_REDIRECT] [Fatal Error] :1:1: Premature end of file.
2025-06-20 03:31:36,882 [ERROR] LogOutputStream:75 - [STDERR_REDIRECT] 
2025-06-20 03:31:37,880 [ERROR] LogOutputStream:75 - [STDERR_REDIRECT] [Fatal Error] :1:1: Premature end of file.
2025-06-20 03:31:37,881 [ERROR] LogOutputStream:75 - [STDERR_REDIRECT] 
2025-06-20 03:31:38,881 [ERROR] LogOutputStream:75 - [STDERR_REDIRECT] [Fatal Error] :1:1: Premature end of file.
2025-06-20 03:31:38,881 [ERROR] LogOutputStream:75 - [STDERR_REDIRECT] 
2025-06-20 03:31:39,882 [ERROR] LogOutputStream:75 - [STDERR_REDIRECT] [Fatal Error] :1:1: Premature end of file.
2025-06-20 03:31:39,882 [ERROR] LogOutputStream:75 - [STDERR_REDIRECT] 
2025-06-20 03:31:40,881 [ERROR] LogOutputStream:75 - [STDERR_REDIRECT] [Fatal Error] :1:1: Premature end of file.
2025-06-20 03:31:40,881 [ERROR] LogOutputStream:75 - [STDERR_REDIRECT] 
2025-06-20 03:31:41,881 [ERROR] LogOutputStream:75 - [STDERR_REDIRECT] [Fatal Error] :1:1: Premature end of file.
2025-06-20 03:31:41,881 [ERROR] LogOutputStream:75 - [STDERR_REDIRECT] 
2025-06-20 03:31:42,882 [ERROR] LogOutputStream:75 - [STDERR_REDIRECT] [Fatal Error] :1:1: Premature end of file.
2025-06-20 03:31:42,882 [ERROR] LogOutputStream:75 - [STDERR_REDIRECT] 
2025-06-20 03:31:43,881 [ERROR] LogOutputStream:75 - [STDERR_REDIRECT] [Fatal Error] :1:1: Premature end of file.
2025-06-20 03:31:43,881 [ERROR] LogOutputStream:75 - [STDERR_REDIRECT] 
2025-06-20 03:31:44,880 [ERROR] LogOutputStream:75 - [STDERR_REDIRECT] [Fatal Error] :1:1: Premature end of file.
2025-06-20 03:31:44,880 [ERROR] LogOutputStream:75 - [STDERR_REDIRECT] 
2025-06-20 03:31:45,881 [ERROR] LogOutputStream:75 - [STDERR_REDIRECT] [Fatal Error] :1:1: Premature end of file.
2025-06-20 03:31:45,881 [ERROR] LogOutputStream:75 - [STDERR_REDIRECT] 
2025-06-20 03:31:46,882 [ERROR] LogOutputStream:75 - [STDERR_REDIRECT] [Fatal Error] :1:1: Premature end of file.
2025-06-20 03:31:46,882 [ERROR] LogOutputStream:75 - [STDERR_REDIRECT] 
2025-06-20 03:31:47,881 [ERROR] LogOutputStream:75 - [STDERR_REDIRECT] [Fatal Error] :1:1: Premature end of file.
2025-06-20 03:31:47,881 [ERROR] LogOutputStream:75 - [STDERR_REDIRECT] 
2025-06-20 03:31:48,881 [ERROR] LogOutputStream:75 - [STDERR_REDIRECT] [Fatal Error] :1:1: Premature end of file.
2025-06-20 03:31:48,881 [ERROR] LogOutputStream:75 - [STDERR_REDIRECT] 
2025-06-20 03:31:49,882 [ERROR] LogOutputStream:75 - [STDERR_REDIRECT] [Fatal Error] :1:1: Premature end of file.
2025-06-20 03:31:49,882 [ERROR] LogOutputStream:75 - [STDERR_REDIRECT] 
2025-06-20 03:31:50,880 [ERROR] LogOutputStream:75 - [STDERR_REDIRECT] [Fatal Error] :1:1: Premature end of file.
2025-06-20 03:31:50,880 [ERROR] LogOutputStream:75 - [STDERR_REDIRECT] 
2025-06-20 03:31:51,880 [ERROR] LogOutputStream:75 - [STDERR_REDIRECT] [Fatal Error] :1:1: Premature end of file.
2025-06-20 03:31:51,881 [ERROR] LogOutputStream:75 - [STDERR_REDIRECT] 
2025-06-20 03:31:52,883 [ERROR] LogOutputStream:75 - [STDERR_REDIRECT] [Fatal Error] :1:1: Premature end of file.
2025-06-20 03:31:52,883 [ERROR] LogOutputStream:75 - [STDERR_REDIRECT] 
2025-06-20 03:31:53,882 [ERROR] LogOutputStream:75 - [STDERR_REDIRECT] [Fatal Error] :1:1: Premature end of file.
2025-06-20 03:31:53,882 [ERROR] LogOutputStream:75 - [STDERR_REDIRECT] 
2025-06-20 03:31:54,882 [ERROR] LogOutputStream:75 - [STDERR_REDIRECT] [Fatal Error] :1:1: Premature end of file.
2025-06-20 03:31:54,882 [ERROR] LogOutputStream:75 - [STDERR_REDIRECT] 
2025-06-20 03:31:55,882 [ERROR] LogOutputStream:75 - [STDERR_REDIRECT] [Fatal Error] :1:1: Premature end of file.
2025-06-20 03:31:55,882 [ERROR] LogOutputStream:75 - [STDERR_REDIRECT] 
2025-06-20 03:31:56,882 [ERROR] LogOutputStream:75 - [STDERR_REDIRECT] [Fatal Error] :1:1: Premature end of file.
2025-06-20 03:31:56,882 [ERROR] LogOutputStream:75 - [STDERR_REDIRECT] 
2025-06-20 03:31:57,882 [ERROR] LogOutputStream:75 - [STDERR_REDIRECT] [Fatal Error] :1:1: Premature end of file.
2025-06-20 03:31:57,882 [ERROR] LogOutputStream:75 - [STDERR_REDIRECT] 
2025-06-20 03:31:58,883 [ERROR] LogOutputStream:75 - [STDERR_REDIRECT] [Fatal Error] :1:1: Premature end of file.
2025-06-20 03:31:58,883 [ERROR] LogOutputStream:75 - [STDERR_REDIRECT] 
2025-06-20 03:31:59,880 [ERROR] LogOutputStream:75 - [STDERR_REDIRECT] [Fatal Error] :1:1: Premature end of file.
2025-06-20 03:31:59,880 [ERROR] LogOutputStream:75 - [STDERR_REDIRECT] 
2025-06-20 03:32:00,882 [ERROR] LogOutputStream:75 - [STDERR_REDIRECT] [Fatal Error] :1:1: Premature end of file.
2025-06-20 03:32:00,882 [ERROR] LogOutputStream:75 - [STDERR_REDIRECT] 
2025-06-20 03:32:01,882 [ERROR] LogOutputStream:75 - [STDERR_REDIRECT] [Fatal Error] :1:1: Premature end of file.
2025-06-20 03:32:01,882 [ERROR] LogOutputStream:75 - [STDERR_REDIRECT] 
2025-06-20 03:32:02,883 [ERROR] LogOutputStream:75 - [STDERR_REDIRECT] [Fatal Error] :1:1: Premature end of file.
2025-06-20 03:32:02,883 [ERROR] LogOutputStream:75 - [STDERR_REDIRECT] 
2025-06-20 03:32:03,882 [ERROR] LogOutputStream:75 - [STDERR_REDIRECT] [Fatal Error] :1:1: Premature end of file.
2025-06-20 03:32:03,882 [ERROR] LogOutputStream:75 - [STDERR_REDIRECT] 
2025-06-20 03:32:04,882 [ERROR] LogOutputStream:75 - [STDERR_REDIRECT] [Fatal Error] :1:1: Premature end of file.
2025-06-20 03:32:04,882 [ERROR] LogOutputStream:75 - [STDERR_REDIRECT] 
2025-06-20 03:32:05,882 [ERROR] LogOutputStream:75 - [STDERR_REDIRECT] [Fatal Error] :1:1: Premature end of file.
2025-06-20 03:32:05,882 [ERROR] LogOutputStream:75 - [STDERR_REDIRECT] 
2025-06-20 03:32:06,882 [ERROR] LogOutputStream:75 - [STDERR_REDIRECT] [Fatal Error] :1:1: Premature end of file.
2025-06-20 03:32:06,882 [ERROR] LogOutputStream:75 - [STDERR_REDIRECT] 
2025-06-20 03:32:07,881 [ERROR] LogOutputStream:75 - [STDERR_REDIRECT] [Fatal Error] :1:1: Premature end of file.
2025-06-20 03:32:07,882 [ERROR] LogOutputStream:75 - [STDERR_REDIRECT] 
2025-06-20 03:32:08,882 [ERROR] LogOutputStream:75 - [STDERR_REDIRECT] [Fatal Error] :1:1: Premature end of file.
2025-06-20 03:32:08,882 [ERROR] LogOutputStream:75 - [STDERR_REDIRECT] 
2025-06-20 03:32:09,882 [ERROR] LogOutputStream:75 - [STDERR_REDIRECT] [Fatal Error] :1:1: Premature end of file.
2025-06-20 03:32:09,882 [ERROR] LogOutputStream:75 - [STDERR_REDIRECT] 
2025-06-20 03:32:10,881 [ERROR] LogOutputStream:75 - [STDERR_REDIRECT] [Fatal Error] :1:1: Premature end of file.
2025-06-20 03:32:10,881 [ERROR] LogOutputStream:75 - [STDERR_REDIRECT] 
2025-06-20 03:32:11,883 [ERROR] LogOutputStream:75 - [STDERR_REDIRECT] [Fatal Error] :1:1: Premature end of file.
2025-06-20 03:32:11,883 [ERROR] LogOutputStream:75 - [STDERR_REDIRECT] 
2025-06-20 03:32:12,882 [ERROR] LogOutputStream:75 - [STDERR_REDIRECT] [Fatal Error] :1:1: Premature end of file.
2025-06-20 03:32:12,882 [ERROR] LogOutputStream:75 - [STDERR_REDIRECT] 
2025-06-20 03:32:13,882 [ERROR] LogOutputStream:75 - [STDERR_REDIRECT] [Fatal Error] :1:1: Premature end of file.
2025-06-20 03:32:13,883 [ERROR] LogOutputStream:75 - [STDERR_REDIRECT] 
2025-06-20 03:32:14,881 [ERROR] LogOutputStream:75 - [STDERR_REDIRECT] [Fatal Error] :1:1: Premature end of file.
2025-06-20 03:32:14,881 [ERROR] LogOutputStream:75 - [STDERR_REDIRECT] 
2025-06-20 03:32:15,881 [ERROR] LogOutputStream:75 - [STDERR_REDIRECT] [Fatal Error] :1:1: Premature end of file.
2025-06-20 03:32:15,881 [ERROR] LogOutputStream:75 - [STDERR_REDIRECT] 
2025-06-20 03:32:16,882 [ERROR] LogOutputStream:75 - [STDERR_REDIRECT] [Fatal Error] :1:1: Premature end of file.
2025-06-20 03:32:16,882 [ERROR] LogOutputStream:75 - [STDERR_REDIRECT] 
2025-06-20 03:32:17,881 [ERROR] LogOutputStream:75 - [STDERR_REDIRECT] [Fatal Error] :1:1: Premature end of file.
2025-06-20 03:32:17,882 [ERROR] LogOutputStream:75 - [STDERR_REDIRECT] 
2025-06-20 03:32:18,882 [ERROR] LogOutputStream:75 - [STDERR_REDIRECT] [Fatal Error] :1:1: Premature end of file.
2025-06-20 03:32:18,882 [ERROR] LogOutputStream:75 - [STDERR_REDIRECT] 
2025-06-20 03:32:19,882 [ERROR] LogOutputStream:75 - [STDERR_REDIRECT] [Fatal Error] :1:1: Premature end of file.
2025-06-20 03:32:19,882 [ERROR] LogOutputStream:75 - [STDERR_REDIRECT] 
2025-06-20 03:32:20,882 [ERROR] LogOutputStream:75 - [STDERR_REDIRECT] [Fatal Error] :1:1: Premature end of file.
2025-06-20 03:32:20,882 [ERROR] LogOutputStream:75 - [STDERR_REDIRECT] 
2025-06-20 03:32:21,880 [ERROR] LogOutputStream:75 - [STDERR_REDIRECT] [Fatal Error] :1:1: Premature end of file.
2025-06-20 03:32:21,880 [ERROR] LogOutputStream:75 - [STDERR_REDIRECT] 
2025-06-20 03:32:22,883 [ERROR] LogOutputStream:75 - [STDERR_REDIRECT] [Fatal Error] :1:1: Premature end of file.
2025-06-20 03:32:22,883 [ERROR] LogOutputStream:75 - [STDERR_REDIRECT] 
2025-06-20 03:32:23,886 [ERROR] LogOutputStream:75 - [STDERR_REDIRECT] [Fatal Error] :1:1: Premature end of file.
2025-06-20 03:32:23,886 [ERROR] LogOutputStream:75 - [STDERR_REDIRECT] 
2025-06-20 03:32:24,882 [ERROR] LogOutputStream:75 - [STDERR_REDIRECT] [Fatal Error] :1:1: Premature end of file.
2025-06-20 03:32:24,882 [ERROR] LogOutputStream:75 - [STDERR_REDIRECT] 
2025-06-20 03:32:25,881 [ERROR] LogOutputStream:75 - [STDERR_REDIRECT] [Fatal Error] :1:1: Premature end of file.
2025-06-20 03:32:25,882 [ERROR] LogOutputStream:75 - [STDERR_REDIRECT] 
2025-06-20 03:32:26,881 [ERROR] LogOutputStream:75 - [STDERR_REDIRECT] [Fatal Error] :1:1: Premature end of file.
2025-06-20 03:32:26,881 [ERROR] LogOutputStream:75 - [STDERR_REDIRECT] 
2025-06-20 03:32:27,881 [ERROR] LogOutputStream:75 - [STDERR_REDIRECT] [Fatal Error] :1:1: Premature end of file.
2025-06-20 03:32:27,881 [ERROR] LogOutputStream:75 - [STDERR_REDIRECT] 
2025-06-20 03:32:28,882 [ERROR] LogOutputStream:75 - [STDERR_REDIRECT] [Fatal Error] :1:1: Premature end of file.
2025-06-20 03:32:28,882 [ERROR] LogOutputStream:75 - [STDERR_REDIRECT] 
2025-06-20 03:32:29,881 [ERROR] LogOutputStream:75 - [STDERR_REDIRECT] [Fatal Error] :1:1: Premature end of file.
2025-06-20 03:32:29,881 [ERROR] LogOutputStream:75 - [STDERR_REDIRECT] 
2025-06-20 03:32:30,882 [ERROR] LogOutputStream:75 - [STDERR_REDIRECT] [Fatal Error] :1:1: Premature end of file.
2025-06-20 03:32:30,882 [ERROR] LogOutputStream:75 - [STDERR_REDIRECT] 
2025-06-20 03:32:31,880 [ERROR] LogOutputStream:75 - [STDERR_REDIRECT] [Fatal Error] :1:1: Premature end of file.
2025-06-20 03:32:31,880 [ERROR] LogOutputStream:75 - [STDERR_REDIRECT] 
2025-06-20 03:32:32,880 [ERROR] LogOutputStream:75 - [STDERR_REDIRECT] [Fatal Error] :1:1: Premature end of file.
2025-06-20 03:32:32,881 [ERROR] LogOutputStream:75 - [STDERR_REDIRECT] 
2025-06-20 03:32:33,881 [ERROR] LogOutputStream:75 - [STDERR_REDIRECT] [Fatal Error] :1:1: Premature end of file.
2025-06-20 03:32:33,881 [ERROR] LogOutputStream:75 - [STDERR_REDIRECT] 
2025-06-20 03:32:34,881 [ERROR] LogOutputStream:75 - [STDERR_REDIRECT] [Fatal Error] :1:1: Premature end of file.
2025-06-20 03:32:34,881 [ERROR] LogOutputStream:75 - [STDERR_REDIRECT] 
2025-06-20 03:32:35,881 [ERROR] LogOutputStream:75 - [STDERR_REDIRECT] [Fatal Error] :1:1: Premature end of file.
2025-06-20 03:32:35,881 [ERROR] LogOutputStream:75 - [STDERR_REDIRECT] 
2025-06-20 03:32:36,881 [ERROR] LogOutputStream:75 - [STDERR_REDIRECT] [Fatal Error] :1:1: Premature end of file.
2025-06-20 03:32:36,881 [ERROR] LogOutputStream:75 - [STDERR_REDIRECT] 
2025-06-20 03:32:37,880 [ERROR] LogOutputStream:75 - [STDERR_REDIRECT] [Fatal Error] :1:1: Premature end of file.
2025-06-20 03:32:37,880 [ERROR] LogOutputStream:75 - [STDERR_REDIRECT] 
2025-06-20 03:32:38,889 [ERROR] LogOutputStream:75 - [STDERR_REDIRECT] [Fatal Error] :1:1: Premature end of file.
2025-06-20 03:32:38,889 [ERROR] LogOutputStream:75 - [STDERR_REDIRECT] 
2025-06-20 03:32:39,882 [ERROR] LogOutputStream:75 - [STDERR_REDIRECT] [Fatal Error] :1:1: Premature end of file.
2025-06-20 03:32:39,882 [ERROR] LogOutputStream:75 - [STDERR_REDIRECT] 
2025-06-20 03:32:40,883 [ERROR] LogOutputStream:75 - [STDERR_REDIRECT] [Fatal Error] :1:1: Premature end of file.
2025-06-20 03:32:40,883 [ERROR] LogOutputStream:75 - [STDERR_REDIRECT] 
2025-06-20 03:32:41,882 [ERROR] LogOutputStream:75 - [STDERR_REDIRECT] [Fatal Error] :1:1: Premature end of file.
2025-06-20 03:32:41,883 [ERROR] LogOutputStream:75 - [STDERR_REDIRECT] 
2025-06-20 03:32:42,881 [ERROR] LogOutputStream:75 - [STDERR_REDIRECT] [Fatal Error] :1:1: Premature end of file.
2025-06-20 03:32:42,882 [ERROR] LogOutputStream:75 - [STDERR_REDIRECT] 
2025-06-20 03:32:43,883 [ERROR] LogOutputStream:75 - [STDERR_REDIRECT] [Fatal Error] :1:1: Premature end of file.
2025-06-20 03:32:43,883 [ERROR] LogOutputStream:75 - [STDERR_REDIRECT] 
2025-06-20 03:32:44,882 [ERROR] LogOutputStream:75 - [STDERR_REDIRECT] [Fatal Error] :1:1: Premature end of file.
2025-06-20 03:32:44,882 [ERROR] LogOutputStream:75 - [STDERR_REDIRECT] 
2025-06-20 03:32:45,882 [ERROR] LogOutputStream:75 - [STDERR_REDIRECT] [Fatal Error] :1:1: Premature end of file.
2025-06-20 03:32:45,882 [ERROR] LogOutputStream:75 - [STDERR_REDIRECT] 
2025-06-20 03:32:46,883 [ERROR] LogOutputStream:75 - [STDERR_REDIRECT] [Fatal Error] :1:1: Premature end of file.
2025-06-20 03:32:46,883 [ERROR] LogOutputStream:75 - [STDERR_REDIRECT] 
2025-06-20 03:32:47,881 [ERROR] LogOutputStream:75 - [STDERR_REDIRECT] [Fatal Error] :1:1: Premature end of file.
2025-06-20 03:32:47,881 [ERROR] LogOutputStream:75 - [STDERR_REDIRECT] 
2025-06-20 03:32:48,879 [ERROR] LogOutputStream:75 - [STDERR_REDIRECT] [Fatal Error] :1:1: Premature end of file.
2025-06-20 03:32:48,880 [ERROR] LogOutputStream:75 - [STDERR_REDIRECT] 
2025-06-20 03:32:49,882 [ERROR] LogOutputStream:75 - [STDERR_REDIRECT] [Fatal Error] :1:1: Premature end of file.
2025-06-20 03:32:49,882 [ERROR] LogOutputStream:75 - [STDERR_REDIRECT] 
2025-06-20 03:32:50,882 [ERROR] LogOutputStream:75 - [STDERR_REDIRECT] [Fatal Error] :1:1: Premature end of file.
2025-06-20 03:32:50,882 [ERROR] LogOutputStream:75 - [STDERR_REDIRECT] 
2025-06-20 03:32:51,881 [ERROR] LogOutputStream:75 - [STDERR_REDIRECT] [Fatal Error] :1:1: Premature end of file.
2025-06-20 03:32:51,881 [ERROR] LogOutputStream:75 - [STDERR_REDIRECT] 
2025-06-20 03:32:52,882 [ERROR] LogOutputStream:75 - [STDERR_REDIRECT] [Fatal Error] :1:1: Premature end of file.
2025-06-20 03:32:52,883 [ERROR] LogOutputStream:75 - [STDERR_REDIRECT] 
2025-06-20 03:32:53,881 [ERROR] LogOutputStream:75 - [STDERR_REDIRECT] [Fatal Error] :1:1: Premature end of file.
2025-06-20 03:32:53,881 [ERROR] LogOutputStream:75 - [STDERR_REDIRECT] 
2025-06-20 03:32:54,881 [ERROR] LogOutputStream:75 - [STDERR_REDIRECT] [Fatal Error] :1:1: Premature end of file.
2025-06-20 03:32:54,881 [ERROR] LogOutputStream:75 - [STDERR_REDIRECT] 
2025-06-20 03:32:55,883 [ERROR] LogOutputStream:75 - [STDERR_REDIRECT] [Fatal Error] :1:1: Premature end of file.
2025-06-20 03:32:55,883 [ERROR] LogOutputStream:75 - [STDERR_REDIRECT] 
2025-06-20 03:32:56,882 [ERROR] LogOutputStream:75 - [STDERR_REDIRECT] [Fatal Error] :1:1: Premature end of file.
2025-06-20 03:32:56,882 [ERROR] LogOutputStream:75 - [STDERR_REDIRECT] 
2025-06-20 03:32:57,882 [ERROR] LogOutputStream:75 - [STDERR_REDIRECT] [Fatal Error] :1:1: Premature end of file.
2025-06-20 03:32:57,882 [ERROR] LogOutputStream:75 - [STDERR_REDIRECT] 
2025-06-20 03:32:58,879 [ERROR] LogOutputStream:75 - [STDERR_REDIRECT] [Fatal Error] :1:1: Premature end of file.
2025-06-20 03:32:58,879 [ERROR] LogOutputStream:75 - [STDERR_REDIRECT] 
2025-06-20 03:32:59,882 [ERROR] LogOutputStream:75 - [STDERR_REDIRECT] [Fatal Error] :1:1: Premature end of file.
2025-06-20 03:32:59,882 [ERROR] LogOutputStream:75 - [STDERR_REDIRECT] 
2025-06-20 03:33:00,882 [ERROR] LogOutputStream:75 - [STDERR_REDIRECT] [Fatal Error] :1:1: Premature end of file.
2025-06-20 03:33:00,882 [ERROR] LogOutputStream:75 - [STDERR_REDIRECT] 
2025-06-20 03:33:01,882 [ERROR] LogOutputStream:75 - [STDERR_REDIRECT] [Fatal Error] :1:1: Premature end of file.
2025-06-20 03:33:01,882 [ERROR] LogOutputStream:75 - [STDERR_REDIRECT] 
2025-06-20 03:33:02,882 [ERROR] LogOutputStream:75 - [STDERR_REDIRECT] [Fatal Error] :1:1: Premature end of file.
2025-06-20 03:33:02,882 [ERROR] LogOutputStream:75 - [STDERR_REDIRECT] 
2025-06-20 03:33:03,882 [ERROR] LogOutputStream:75 - [STDERR_REDIRECT] [Fatal Error] :1:1: Premature end of file.
2025-06-20 03:33:03,882 [ERROR] LogOutputStream:75 - [STDERR_REDIRECT] 
2025-06-20 03:33:04,882 [ERROR] LogOutputStream:75 - [STDERR_REDIRECT] [Fatal Error] :1:1: Premature end of file.
2025-06-20 03:33:04,882 [ERROR] LogOutputStream:75 - [STDERR_REDIRECT] 
2025-06-20 03:33:05,882 [ERROR] LogOutputStream:75 - [STDERR_REDIRECT] [Fatal Error] :1:1: Premature end of file.
2025-06-20 03:33:05,882 [ERROR] LogOutputStream:75 - [STDERR_REDIRECT] 
2025-06-20 03:33:06,881 [ERROR] LogOutputStream:75 - [STDERR_REDIRECT] [Fatal Error] :1:1: Premature end of file.
2025-06-20 03:33:06,881 [ERROR] LogOutputStream:75 - [STDERR_REDIRECT] 
2025-06-20 03:33:07,882 [ERROR] LogOutputStream:75 - [STDERR_REDIRECT] [Fatal Error] :1:1: Premature end of file.
2025-06-20 03:33:07,882 [ERROR] LogOutputStream:75 - [STDERR_REDIRECT] 
2025-06-20 03:33:08,877 [ERROR] LogOutputStream:75 - [STDERR_REDIRECT] [Fatal Error] :1:1: Premature end of file.
2025-06-20 03:33:08,878 [ERROR] LogOutputStream:75 - [STDERR_REDIRECT] 
2025-06-20 03:33:09,882 [ERROR] LogOutputStream:75 - [STDERR_REDIRECT] [Fatal Error] :1:1: Premature end of file.
2025-06-20 03:33:09,882 [ERROR] LogOutputStream:75 - [STDERR_REDIRECT] 
2025-06-20 03:33:10,882 [ERROR] LogOutputStream:75 - [STDERR_REDIRECT] [Fatal Error] :1:1: Premature end of file.
2025-06-20 03:33:10,882 [ERROR] LogOutputStream:75 - [STDERR_REDIRECT] 
2025-06-20 03:33:11,882 [ERROR] LogOutputStream:75 - [STDERR_REDIRECT] [Fatal Error] :1:1: Premature end of file.
2025-06-20 03:33:11,882 [ERROR] LogOutputStream:75 - [STDERR_REDIRECT] 
2025-06-20 03:33:12,881 [ERROR] LogOutputStream:75 - [STDERR_REDIRECT] [Fatal Error] :1:1: Premature end of file.
2025-06-20 03:33:12,881 [ERROR] LogOutputStream:75 - [STDERR_REDIRECT] 
2025-06-20 03:33:13,881 [ERROR] LogOutputStream:75 - [STDERR_REDIRECT] [Fatal Error] :1:1: Premature end of file.
2025-06-20 03:33:13,882 [ERROR] LogOutputStream:75 - [STDERR_REDIRECT] 
2025-06-20 03:33:14,882 [ERROR] LogOutputStream:75 - [STDERR_REDIRECT] [Fatal Error] :1:1: Premature end of file.
2025-06-20 03:33:14,882 [ERROR] LogOutputStream:75 - [STDERR_REDIRECT] 
2025-06-20 03:33:15,881 [ERROR] LogOutputStream:75 - [STDERR_REDIRECT] [Fatal Error] :1:1: Premature end of file.
2025-06-20 03:33:15,881 [ERROR] LogOutputStream:75 - [STDERR_REDIRECT] 
2025-06-20 03:33:16,882 [ERROR] LogOutputStream:75 - [STDERR_REDIRECT] [Fatal Error] :1:1: Premature end of file.
2025-06-20 03:33:16,882 [ERROR] LogOutputStream:75 - [STDERR_REDIRECT] 
2025-06-20 03:33:17,882 [ERROR] LogOutputStream:75 - [STDERR_REDIRECT] [Fatal Error] :1:1: Premature end of file.
2025-06-20 03:33:17,882 [ERROR] LogOutputStream:75 - [STDERR_REDIRECT] 
2025-06-20 03:33:18,885 [ERROR] LogOutputStream:75 - [STDERR_REDIRECT] [Fatal Error] :1:1: Premature end of file.
2025-06-20 03:33:18,885 [ERROR] LogOutputStream:75 - [STDERR_REDIRECT] 
2025-06-20 03:33:19,881 [ERROR] LogOutputStream:75 - [STDERR_REDIRECT] [Fatal Error] :1:1: Premature end of file.
2025-06-20 03:33:19,881 [ERROR] LogOutputStream:75 - [STDERR_REDIRECT] 
2025-06-20 03:33:20,882 [ERROR] LogOutputStream:75 - [STDERR_REDIRECT] [Fatal Error] :1:1: Premature end of file.
2025-06-20 03:33:20,882 [ERROR] LogOutputStream:75 - [STDERR_REDIRECT] 
2025-06-20 03:33:21,882 [ERROR] LogOutputStream:75 - [STDERR_REDIRECT] [Fatal Error] :1:1: Premature end of file.
2025-06-20 03:33:21,882 [ERROR] LogOutputStream:75 - [STDERR_REDIRECT] 
2025-06-20 03:33:22,883 [ERROR] LogOutputStream:75 - [STDERR_REDIRECT] [Fatal Error] :1:1: Premature end of file.
2025-06-20 03:33:22,883 [ERROR] LogOutputStream:75 - [STDERR_REDIRECT] 
2025-06-20 03:33:23,882 [ERROR] LogOutputStream:75 - [STDERR_REDIRECT] [Fatal Error] :1:1: Premature end of file.
2025-06-20 03:33:23,882 [ERROR] LogOutputStream:75 - [STDERR_REDIRECT] 
2025-06-20 03:33:24,881 [ERROR] LogOutputStream:75 - [STDERR_REDIRECT] [Fatal Error] :1:1: Premature end of file.
2025-06-20 03:33:24,881 [ERROR] LogOutputStream:75 - [STDERR_REDIRECT] 
2025-06-20 03:33:25,882 [ERROR] LogOutputStream:75 - [STDERR_REDIRECT] [Fatal Error] :1:1: Premature end of file.
2025-06-20 03:33:25,882 [ERROR] LogOutputStream:75 - [STDERR_REDIRECT] 
2025-06-20 03:33:26,883 [ERROR] LogOutputStream:75 - [STDERR_REDIRECT] [Fatal Error] :1:1: Premature end of file.
2025-06-20 03:33:26,883 [ERROR] LogOutputStream:75 - [STDERR_REDIRECT] 
2025-06-20 03:33:27,882 [ERROR] LogOutputStream:75 - [STDERR_REDIRECT] [Fatal Error] :1:1: Premature end of file.
2025-06-20 03:33:27,882 [ERROR] LogOutputStream:75 - [STDERR_REDIRECT] 
2025-06-20 03:33:28,882 [ERROR] LogOutputStream:75 - [STDERR_REDIRECT] [Fatal Error] :1:1: Premature end of file.
2025-06-20 03:33:28,882 [ERROR] LogOutputStream:75 - [STDERR_REDIRECT] 
2025-06-20 03:33:29,881 [ERROR] LogOutputStream:75 - [STDERR_REDIRECT] [Fatal Error] :1:1: Premature end of file.
2025-06-20 03:33:29,881 [ERROR] LogOutputStream:75 - [STDERR_REDIRECT] 
2025-06-20 03:33:30,881 [ERROR] LogOutputStream:75 - [STDERR_REDIRECT] [Fatal Error] :1:1: Premature end of file.
2025-06-20 03:33:30,881 [ERROR] LogOutputStream:75 - [STDERR_REDIRECT] 
2025-06-20 03:33:31,882 [ERROR] LogOutputStream:75 - [STDERR_REDIRECT] [Fatal Error] :1:1: Premature end of file.
2025-06-20 03:33:31,882 [ERROR] LogOutputStream:75 - [STDERR_REDIRECT] 
2025-06-20 03:33:32,880 [ERROR] LogOutputStream:75 - [STDERR_REDIRECT] [Fatal Error] :1:1: Premature end of file.
2025-06-20 03:33:32,880 [ERROR] LogOutputStream:75 - [STDERR_REDIRECT] 
2025-06-20 03:33:33,880 [ERROR] LogOutputStream:75 - [STDERR_REDIRECT] [Fatal Error] :1:1: Premature end of file.
2025-06-20 03:33:33,880 [ERROR] LogOutputStream:75 - [STDERR_REDIRECT] 
2025-06-20 03:33:34,882 [ERROR] LogOutputStream:75 - [STDERR_REDIRECT] [Fatal Error] :1:1: Premature end of file.
2025-06-20 03:33:34,882 [ERROR] LogOutputStream:75 - [STDERR_REDIRECT] 
2025-06-20 03:33:35,882 [ERROR] LogOutputStream:75 - [STDERR_REDIRECT] [Fatal Error] :1:1: Premature end of file.
2025-06-20 03:33:35,883 [ERROR] LogOutputStream:75 - [STDERR_REDIRECT] 
2025-06-20 03:33:36,882 [ERROR] LogOutputStream:75 - [STDERR_REDIRECT] [Fatal Error] :1:1: Premature end of file.
2025-06-20 03:33:36,882 [ERROR] LogOutputStream:75 - [STDERR_REDIRECT] 
2025-06-20 03:33:37,881 [ERROR] LogOutputStream:75 - [STDERR_REDIRECT] [Fatal Error] :1:1: Premature end of file.
2025-06-20 03:33:37,881 [ERROR] LogOutputStream:75 - [STDERR_REDIRECT] 
2025-06-20 03:33:38,879 [ERROR] LogOutputStream:75 - [STDERR_REDIRECT] [Fatal Error] :1:1: Premature end of file.
2025-06-20 03:33:38,879 [ERROR] LogOutputStream:75 - [STDERR_REDIRECT] 
2025-06-20 03:33:39,882 [ERROR] LogOutputStream:75 - [STDERR_REDIRECT] [Fatal Error] :1:1: Premature end of file.
2025-06-20 03:33:39,882 [ERROR] LogOutputStream:75 - [STDERR_REDIRECT] 
2025-06-20 03:33:40,882 [ERROR] LogOutputStream:75 - [STDERR_REDIRECT] [Fatal Error] :1:1: Premature end of file.
2025-06-20 03:33:40,882 [ERROR] LogOutputStream:75 - [STDERR_REDIRECT] 
2025-06-20 03:33:41,882 [ERROR] LogOutputStream:75 - [STDERR_REDIRECT] [Fatal Error] :1:1: Premature end of file.
2025-06-20 03:33:41,882 [ERROR] LogOutputStream:75 - [STDERR_REDIRECT] 
2025-06-20 03:33:42,882 [ERROR] LogOutputStream:75 - [STDERR_REDIRECT] [Fatal Error] :1:1: Premature end of file.
2025-06-20 03:33:42,882 [ERROR] LogOutputStream:75 - [STDERR_REDIRECT] 
2025-06-20 03:33:43,881 [ERROR] LogOutputStream:75 - [STDERR_REDIRECT] [Fatal Error] :1:1: Premature end of file.
2025-06-20 03:33:43,881 [ERROR] LogOutputStream:75 - [STDERR_REDIRECT] 
2025-06-20 03:33:44,882 [ERROR] LogOutputStream:75 - [STDERR_REDIRECT] [Fatal Error] :1:1: Premature end of file.
2025-06-20 03:33:44,882 [ERROR] LogOutputStream:75 - [STDERR_REDIRECT] 
2025-06-20 03:33:45,881 [ERROR] LogOutputStream:75 - [STDERR_REDIRECT] [Fatal Error] :1:1: Premature end of file.
2025-06-20 03:33:45,882 [ERROR] LogOutputStream:75 - [STDERR_REDIRECT] 
2025-06-20 03:33:46,882 [ERROR] LogOutputStream:75 - [STDERR_REDIRECT] [Fatal Error] :1:1: Premature end of file.
2025-06-20 03:33:46,882 [ERROR] LogOutputStream:75 - [STDERR_REDIRECT] 
2025-06-20 03:33:47,883 [ERROR] LogOutputStream:75 - [STDERR_REDIRECT] [Fatal Error] :1:1: Premature end of file.
2025-06-20 03:33:47,883 [ERROR] LogOutputStream:75 - [STDERR_REDIRECT] 
2025-06-20 03:33:48,881 [ERROR] LogOutputStream:75 - [STDERR_REDIRECT] [Fatal Error] :1:1: Premature end of file.
2025-06-20 03:33:48,881 [ERROR] LogOutputStream:75 - [STDERR_REDIRECT] 
2025-06-20 03:33:49,882 [ERROR] LogOutputStream:75 - [STDERR_REDIRECT] [Fatal Error] :1:1: Premature end of file.
2025-06-20 03:33:49,882 [ERROR] LogOutputStream:75 - [STDERR_REDIRECT] 
2025-06-20 03:33:50,882 [ERROR] LogOutputStream:75 - [STDERR_REDIRECT] [Fatal Error] :1:1: Premature end of file.
2025-06-20 03:33:50,882 [ERROR] LogOutputStream:75 - [STDERR_REDIRECT] 
2025-06-20 03:33:51,882 [ERROR] LogOutputStream:75 - [STDERR_REDIRECT] [Fatal Error] :1:1: Premature end of file.
2025-06-20 03:33:51,882 [ERROR] LogOutputStream:75 - [STDERR_REDIRECT] 
2025-06-20 03:33:52,882 [ERROR] LogOutputStream:75 - [STDERR_REDIRECT] [Fatal Error] :1:1: Premature end of file.
2025-06-20 03:33:52,882 [ERROR] LogOutputStream:75 - [STDERR_REDIRECT] 
2025-06-20 03:33:53,881 [ERROR] LogOutputStream:75 - [STDERR_REDIRECT] [Fatal Error] :1:1: Premature end of file.
2025-06-20 03:33:53,881 [ERROR] LogOutputStream:75 - [STDERR_REDIRECT] 
2025-06-20 03:33:54,882 [ERROR] LogOutputStream:75 - [STDERR_REDIRECT] [Fatal Error] :1:1: Premature end of file.
2025-06-20 03:33:54,882 [ERROR] LogOutputStream:75 - [STDERR_REDIRECT] 
2025-06-20 03:33:55,882 [ERROR] LogOutputStream:75 - [STDERR_REDIRECT] [Fatal Error] :1:1: Premature end of file.
2025-06-20 03:33:55,882 [ERROR] LogOutputStream:75 - [STDERR_REDIRECT] 
2025-06-20 03:33:56,881 [ERROR] LogOutputStream:75 - [STDERR_REDIRECT] [Fatal Error] :1:1: Premature end of file.
2025-06-20 03:33:56,881 [ERROR] LogOutputStream:75 - [STDERR_REDIRECT] 
2025-06-20 03:33:57,881 [ERROR] LogOutputStream:75 - [STDERR_REDIRECT] [Fatal Error] :1:1: Premature end of file.
2025-06-20 03:33:57,881 [ERROR] LogOutputStream:75 - [STDERR_REDIRECT] 
2025-06-20 03:33:58,882 [ERROR] LogOutputStream:75 - [STDERR_REDIRECT] [Fatal Error] :1:1: Premature end of file.
2025-06-20 03:33:58,882 [ERROR] LogOutputStream:75 - [STDERR_REDIRECT] 
2025-06-20 03:33:59,879 [ERROR] LogOutputStream:75 - [STDERR_REDIRECT] [Fatal Error] :1:1: Premature end of file.
2025-06-20 03:33:59,879 [ERROR] LogOutputStream:75 - [STDERR_REDIRECT] 
2025-06-20 03:34:00,883 [ERROR] LogOutputStream:75 - [STDERR_REDIRECT] [Fatal Error] :1:1: Premature end of file.
2025-06-20 03:34:00,883 [ERROR] LogOutputStream:75 - [STDERR_REDIRECT] 
2025-06-20 03:34:01,881 [ERROR] LogOutputStream:75 - [STDERR_REDIRECT] [Fatal Error] :1:1: Premature end of file.
2025-06-20 03:34:01,881 [ERROR] LogOutputStream:75 - [STDERR_REDIRECT] 
2025-06-20 03:34:02,881 [ERROR] LogOutputStream:75 - [STDERR_REDIRECT] [Fatal Error] :1:1: Premature end of file.
2025-06-20 03:34:02,881 [ERROR] LogOutputStream:75 - [STDERR_REDIRECT] 
2025-06-20 03:34:03,884 [ERROR] LogOutputStream:75 - [STDERR_REDIRECT] [Fatal Error] :1:1: Premature end of file.
2025-06-20 03:34:03,884 [ERROR] LogOutputStream:75 - [STDERR_REDIRECT] 
2025-06-20 03:34:04,881 [ERROR] LogOutputStream:75 - [STDERR_REDIRECT] [Fatal Error] :1:1: Premature end of file.
2025-06-20 03:34:04,881 [ERROR] LogOutputStream:75 - [STDERR_REDIRECT] 
2025-06-20 03:34:05,882 [ERROR] LogOutputStream:75 - [STDERR_REDIRECT] [Fatal Error] :1:1: Premature end of file.
2025-06-20 03:34:05,882 [ERROR] LogOutputStream:75 - [STDERR_REDIRECT] 
2025-06-20 03:34:06,882 [ERROR] LogOutputStream:75 - [STDERR_REDIRECT] [Fatal Error] :1:1: Premature end of file.
2025-06-20 03:34:06,882 [ERROR] LogOutputStream:75 - [STDERR_REDIRECT] 
2025-06-20 03:34:07,881 [ERROR] LogOutputStream:75 - [STDERR_REDIRECT] [Fatal Error] :1:1: Premature end of file.
2025-06-20 03:34:07,881 [ERROR] LogOutputStream:75 - [STDERR_REDIRECT] 
2025-06-20 03:34:08,882 [ERROR] LogOutputStream:75 - [STDERR_REDIRECT] [Fatal Error] :1:1: Premature end of file.
2025-06-20 03:34:08,882 [ERROR] LogOutputStream:75 - [STDERR_REDIRECT] 
2025-06-20 03:34:09,882 [ERROR] LogOutputStream:75 - [STDERR_REDIRECT] [Fatal Error] :1:1: Premature end of file.
2025-06-20 03:34:09,882 [ERROR] LogOutputStream:75 - [STDERR_REDIRECT] 
2025-06-20 03:34:10,882 [ERROR] LogOutputStream:75 - [STDERR_REDIRECT] [Fatal Error] :1:1: Premature end of file.
2025-06-20 03:34:10,882 [ERROR] LogOutputStream:75 - [STDERR_REDIRECT] 
2025-06-20 03:34:11,881 [ERROR] LogOutputStream:75 - [STDERR_REDIRECT] [Fatal Error] :1:1: Premature end of file.
2025-06-20 03:34:11,881 [ERROR] LogOutputStream:75 - [STDERR_REDIRECT] 
2025-06-20 03:34:12,882 [ERROR] LogOutputStream:75 - [STDERR_REDIRECT] [Fatal Error] :1:1: Premature end of file.
2025-06-20 03:34:12,882 [ERROR] LogOutputStream:75 - [STDERR_REDIRECT] 
2025-06-20 03:34:13,882 [ERROR] LogOutputStream:75 - [STDERR_REDIRECT] [Fatal Error] :1:1: Premature end of file.
2025-06-20 03:34:13,882 [ERROR] LogOutputStream:75 - [STDERR_REDIRECT] 
2025-06-20 03:34:14,882 [ERROR] LogOutputStream:75 - [STDERR_REDIRECT] [Fatal Error] :1:1: Premature end of file.
2025-06-20 03:34:14,882 [ERROR] LogOutputStream:75 - [STDERR_REDIRECT] 
2025-06-20 03:34:15,882 [ERROR] LogOutputStream:75 - [STDERR_REDIRECT] [Fatal Error] :1:1: Premature end of file.
2025-06-20 03:34:15,882 [ERROR] LogOutputStream:75 - [STDERR_REDIRECT] 
2025-06-20 03:34:16,881 [ERROR] LogOutputStream:75 - [STDERR_REDIRECT] [Fatal Error] :1:1: Premature end of file.
2025-06-20 03:34:16,881 [ERROR] LogOutputStream:75 - [STDERR_REDIRECT] 
2025-06-20 03:34:17,881 [ERROR] LogOutputStream:75 - [STDERR_REDIRECT] [Fatal Error] :1:1: Premature end of file.
2025-06-20 03:34:17,881 [ERROR] LogOutputStream:75 - [STDERR_REDIRECT] 
2025-06-20 03:34:18,881 [ERROR] LogOutputStream:75 - [STDERR_REDIRECT] [Fatal Error] :1:1: Premature end of file.
2025-06-20 03:34:18,881 [ERROR] LogOutputStream:75 - [STDERR_REDIRECT] 
2025-06-20 03:34:19,882 [ERROR] LogOutputStream:75 - [STDERR_REDIRECT] [Fatal Error] :1:1: Premature end of file.
2025-06-20 03:34:19,882 [ERROR] LogOutputStream:75 - [STDERR_REDIRECT] 
2025-06-20 03:34:20,882 [ERROR] LogOutputStream:75 - [STDERR_REDIRECT] [Fatal Error] :1:1: Premature end of file.
2025-06-20 03:34:20,882 [ERROR] LogOutputStream:75 - [STDERR_REDIRECT] 
2025-06-20 03:34:21,882 [ERROR] LogOutputStream:75 - [STDERR_REDIRECT] [Fatal Error] :1:1: Premature end of file.
2025-06-20 03:34:21,882 [ERROR] LogOutputStream:75 - [STDERR_REDIRECT] 
2025-06-20 03:34:22,882 [ERROR] LogOutputStream:75 - [STDERR_REDIRECT] [Fatal Error] :1:1: Premature end of file.
2025-06-20 03:34:22,882 [ERROR] LogOutputStream:75 - [STDERR_REDIRECT] 
2025-06-20 03:34:23,881 [ERROR] LogOutputStream:75 - [STDERR_REDIRECT] [Fatal Error] :1:1: Premature end of file.
2025-06-20 03:34:23,881 [ERROR] LogOutputStream:75 - [STDERR_REDIRECT] 
2025-06-20 03:34:24,881 [ERROR] LogOutputStream:75 - [STDERR_REDIRECT] [Fatal Error] :1:1: Premature end of file.
2025-06-20 03:34:24,881 [ERROR] LogOutputStream:75 - [STDERR_REDIRECT] 
2025-06-20 03:34:25,883 [ERROR] LogOutputStream:75 - [STDERR_REDIRECT] [Fatal Error] :1:1: Premature end of file.
2025-06-20 03:34:25,883 [ERROR] LogOutputStream:75 - [STDERR_REDIRECT] 
2025-06-20 03:34:26,882 [ERROR] LogOutputStream:75 - [STDERR_REDIRECT] [Fatal Error] :1:1: Premature end of file.
2025-06-20 03:34:26,882 [ERROR] LogOutputStream:75 - [STDERR_REDIRECT] 
2025-06-20 03:34:27,882 [ERROR] LogOutputStream:75 - [STDERR_REDIRECT] [Fatal Error] :1:1: Premature end of file.
2025-06-20 03:34:27,882 [ERROR] LogOutputStream:75 - [STDERR_REDIRECT] 
2025-06-20 03:34:28,880 [ERROR] LogOutputStream:75 - [STDERR_REDIRECT] [Fatal Error] :1:1: Premature end of file.
2025-06-20 03:34:28,880 [ERROR] LogOutputStream:75 - [STDERR_REDIRECT] 
2025-06-20 03:34:29,882 [ERROR] LogOutputStream:75 - [STDERR_REDIRECT] [Fatal Error] :1:1: Premature end of file.
2025-06-20 03:34:29,882 [ERROR] LogOutputStream:75 - [STDERR_REDIRECT] 
2025-06-20 03:34:30,883 [ERROR] LogOutputStream:75 - [STDERR_REDIRECT] [Fatal Error] :1:1: Premature end of file.
2025-06-20 03:34:30,883 [ERROR] LogOutputStream:75 - [STDERR_REDIRECT] 
2025-06-20 03:34:31,881 [ERROR] LogOutputStream:75 - [STDERR_REDIRECT] [Fatal Error] :1:1: Premature end of file.
2025-06-20 03:34:31,881 [ERROR] LogOutputStream:75 - [STDERR_REDIRECT] 
2025-06-20 03:34:32,881 [ERROR] LogOutputStream:75 - [STDERR_REDIRECT] [Fatal Error] :1:1: Premature end of file.
2025-06-20 03:34:32,881 [ERROR] LogOutputStream:75 - [STDERR_REDIRECT] 
2025-06-20 03:34:33,891 [ERROR] LogOutputStream:75 - [STDERR_REDIRECT] [Fatal Error] :1:1: Premature end of file.
2025-06-20 03:34:33,891 [ERROR] LogOutputStream:75 - [STDERR_REDIRECT] 
2025-06-20 03:34:34,879 [ERROR] LogOutputStream:75 - [STDERR_REDIRECT] [Fatal Error] :1:1: Premature end of file.
2025-06-20 03:34:34,879 [ERROR] LogOutputStream:75 - [STDERR_REDIRECT] 
2025-06-20 03:34:35,878 [ERROR] LogOutputStream:75 - [STDERR_REDIRECT] [Fatal Error] :1:1: Premature end of file.
2025-06-20 03:34:35,878 [ERROR] LogOutputStream:75 - [STDERR_REDIRECT] 
2025-06-20 03:34:36,881 [ERROR] LogOutputStream:75 - [STDERR_REDIRECT] [Fatal Error] :1:1: Premature end of file.
2025-06-20 03:34:36,881 [ERROR] LogOutputStream:75 - [STDERR_REDIRECT] 
2025-06-20 03:34:37,882 [ERROR] LogOutputStream:75 - [STDERR_REDIRECT] [Fatal Error] :1:1: Premature end of file.
2025-06-20 03:34:37,882 [ERROR] LogOutputStream:75 - [STDERR_REDIRECT] 
2025-06-20 03:34:38,883 [ERROR] LogOutputStream:75 - [STDERR_REDIRECT] [Fatal Error] :1:1: Premature end of file.
2025-06-20 03:34:38,883 [ERROR] LogOutputStream:75 - [STDERR_REDIRECT] 
2025-06-20 03:34:39,881 [ERROR] LogOutputStream:75 - [STDERR_REDIRECT] [Fatal Error] :1:1: Premature end of file.
2025-06-20 03:34:39,882 [ERROR] LogOutputStream:75 - [STDERR_REDIRECT] 
2025-06-20 03:34:40,882 [ERROR] LogOutputStream:75 - [STDERR_REDIRECT] [Fatal Error] :1:1: Premature end of file.
2025-06-20 03:34:40,887 [ERROR] LogOutputStream:75 - [STDERR_REDIRECT] 
2025-06-20 03:34:41,880 [ERROR] LogOutputStream:75 - [STDERR_REDIRECT] [Fatal Error] :1:1: Premature end of file.
2025-06-20 03:34:41,880 [ERROR] LogOutputStream:75 - [STDERR_REDIRECT] 
2025-06-20 03:34:42,882 [ERROR] LogOutputStream:75 - [STDERR_REDIRECT] [Fatal Error] :1:1: Premature end of file.
2025-06-20 03:34:42,882 [ERROR] LogOutputStream:75 - [STDERR_REDIRECT] 
2025-06-20 03:34:43,883 [ERROR] LogOutputStream:75 - [STDERR_REDIRECT] [Fatal Error] :1:1: Premature end of file.
2025-06-20 03:34:43,883 [ERROR] LogOutputStream:75 - [STDERR_REDIRECT] 
2025-06-20 03:34:44,881 [ERROR] LogOutputStream:75 - [STDERR_REDIRECT] [Fatal Error] :1:1: Premature end of file.
2025-06-20 03:34:44,881 [ERROR] LogOutputStream:75 - [STDERR_REDIRECT] 
2025-06-20 03:34:45,879 [ERROR] LogOutputStream:75 - [STDERR_REDIRECT] [Fatal Error] :1:1: Premature end of file.
2025-06-20 03:34:45,879 [ERROR] LogOutputStream:75 - [STDERR_REDIRECT] 
2025-06-20 03:34:46,881 [ERROR] LogOutputStream:75 - [STDERR_REDIRECT] [Fatal Error] :1:1: Premature end of file.
2025-06-20 03:34:46,882 [ERROR] LogOutputStream:75 - [STDERR_REDIRECT] 
2025-06-20 03:34:47,881 [ERROR] LogOutputStream:75 - [STDERR_REDIRECT] [Fatal Error] :1:1: Premature end of file.
2025-06-20 03:34:47,881 [ERROR] LogOutputStream:75 - [STDERR_REDIRECT] 
2025-06-20 03:34:48,881 [ERROR] LogOutputStream:75 - [STDERR_REDIRECT] [Fatal Error] :1:1: Premature end of file.
2025-06-20 03:34:48,881 [ERROR] LogOutputStream:75 - [STDERR_REDIRECT] 
2025-06-20 03:34:49,882 [ERROR] LogOutputStream:75 - [STDERR_REDIRECT] [Fatal Error] :1:1: Premature end of file.
2025-06-20 03:34:49,882 [ERROR] LogOutputStream:75 - [STDERR_REDIRECT] 
2025-06-20 03:34:50,881 [ERROR] LogOutputStream:75 - [STDERR_REDIRECT] [Fatal Error] :1:1: Premature end of file.
2025-06-20 03:34:50,881 [ERROR] LogOutputStream:75 - [STDERR_REDIRECT] 
2025-06-20 03:34:51,881 [ERROR] LogOutputStream:75 - [STDERR_REDIRECT] [Fatal Error] :1:1: Premature end of file.
2025-06-20 03:34:51,881 [ERROR] LogOutputStream:75 - [STDERR_REDIRECT] 
2025-06-20 03:34:52,882 [ERROR] LogOutputStream:75 - [STDERR_REDIRECT] [Fatal Error] :1:1: Premature end of file.
2025-06-20 03:34:52,882 [ERROR] LogOutputStream:75 - [STDERR_REDIRECT] 
2025-06-20 03:34:53,881 [ERROR] LogOutputStream:75 - [STDERR_REDIRECT] [Fatal Error] :1:1: Premature end of file.
2025-06-20 03:34:53,881 [ERROR] LogOutputStream:75 - [STDERR_REDIRECT] 
2025-06-20 03:34:54,882 [ERROR] LogOutputStream:75 - [STDERR_REDIRECT] [Fatal Error] :1:1: Premature end of file.
2025-06-20 03:34:54,882 [ERROR] LogOutputStream:75 - [STDERR_REDIRECT] 
2025-06-20 03:34:55,881 [ERROR] LogOutputStream:75 - [STDERR_REDIRECT] [Fatal Error] :1:1: Premature end of file.
2025-06-20 03:34:55,881 [ERROR] LogOutputStream:75 - [STDERR_REDIRECT] 
2025-06-20 03:34:56,882 [ERROR] LogOutputStream:75 - [STDERR_REDIRECT] [Fatal Error] :1:1: Premature end of file.
2025-06-20 03:34:56,882 [ERROR] LogOutputStream:75 - [STDERR_REDIRECT] 
2025-06-20 03:34:57,881 [ERROR] LogOutputStream:75 - [STDERR_REDIRECT] [Fatal Error] :1:1: Premature end of file.
2025-06-20 03:34:57,881 [ERROR] LogOutputStream:75 - [STDERR_REDIRECT] 
2025-06-20 03:34:58,881 [ERROR] LogOutputStream:75 - [STDERR_REDIRECT] [Fatal Error] :1:1: Premature end of file.
2025-06-20 03:34:58,881 [ERROR] LogOutputStream:75 - [STDERR_REDIRECT] 
2025-06-20 03:34:59,882 [ERROR] LogOutputStream:75 - [STDERR_REDIRECT] [Fatal Error] :1:1: Premature end of file.
2025-06-20 03:34:59,882 [ERROR] LogOutputStream:75 - [STDERR_REDIRECT] 
2025-06-20 03:35:00,881 [ERROR] LogOutputStream:75 - [STDERR_REDIRECT] [Fatal Error] :1:1: Premature end of file.
2025-06-20 03:35:00,881 [ERROR] LogOutputStream:75 - [STDERR_REDIRECT] 
2025-06-20 03:35:01,881 [ERROR] LogOutputStream:75 - [STDERR_REDIRECT] [Fatal Error] :1:1: Premature end of file.
2025-06-20 03:35:01,881 [ERROR] LogOutputStream:75 - [STDERR_REDIRECT] 
2025-06-20 03:35:02,880 [ERROR] LogOutputStream:75 - [STDERR_REDIRECT] [Fatal Error] :1:1: Premature end of file.
2025-06-20 03:35:02,880 [ERROR] LogOutputStream:75 - [STDERR_REDIRECT] 
2025-06-20 03:35:03,882 [ERROR] LogOutputStream:75 - [STDERR_REDIRECT] [Fatal Error] :1:1: Premature end of file.
2025-06-20 03:35:03,882 [ERROR] LogOutputStream:75 - [STDERR_REDIRECT] 
2025-06-20 03:35:04,882 [ERROR] LogOutputStream:75 - [STDERR_REDIRECT] [Fatal Error] :1:1: Premature end of file.
2025-06-20 03:35:04,882 [ERROR] LogOutputStream:75 - [STDERR_REDIRECT] 
2025-06-20 03:35:05,881 [ERROR] LogOutputStream:75 - [STDERR_REDIRECT] [Fatal Error] :1:1: Premature end of file.
2025-06-20 03:35:05,881 [ERROR] LogOutputStream:75 - [STDERR_REDIRECT] 
2025-06-20 03:35:06,882 [ERROR] LogOutputStream:75 - [STDERR_REDIRECT] [Fatal Error] :1:1: Premature end of file.
2025-06-20 03:35:06,882 [ERROR] LogOutputStream:75 - [STDERR_REDIRECT] 
2025-06-20 03:35:07,882 [ERROR] LogOutputStream:75 - [STDERR_REDIRECT] [Fatal Error] :1:1: Premature end of file.
2025-06-20 03:35:07,882 [ERROR] LogOutputStream:75 - [STDERR_REDIRECT] 
2025-06-20 03:35:08,882 [ERROR] LogOutputStream:75 - [STDERR_REDIRECT] [Fatal Error] :1:1: Premature end of file.
2025-06-20 03:35:08,882 [ERROR] LogOutputStream:75 - [STDERR_REDIRECT] 
2025-06-20 03:35:09,882 [ERROR] LogOutputStream:75 - [STDERR_REDIRECT] [Fatal Error] :1:1: Premature end of file.
2025-06-20 03:35:09,882 [ERROR] LogOutputStream:75 - [STDERR_REDIRECT] 
2025-06-20 03:35:10,881 [ERROR] LogOutputStream:75 - [STDERR_REDIRECT] [Fatal Error] :1:1: Premature end of file.
2025-06-20 03:35:10,881 [ERROR] LogOutputStream:75 - [STDERR_REDIRECT] 
2025-06-20 03:35:11,881 [ERROR] LogOutputStream:75 - [STDERR_REDIRECT] [Fatal Error] :1:1: Premature end of file.
2025-06-20 03:35:11,881 [ERROR] LogOutputStream:75 - [STDERR_REDIRECT] 
2025-06-20 03:35:12,880 [ERROR] LogOutputStream:75 - [STDERR_REDIRECT] [Fatal Error] :1:1: Premature end of file.
2025-06-20 03:35:12,880 [ERROR] LogOutputStream:75 - [STDERR_REDIRECT] 
2025-06-20 03:35:13,882 [ERROR] LogOutputStream:75 - [STDERR_REDIRECT] [Fatal Error] :1:1: Premature end of file.
2025-06-20 03:35:13,882 [ERROR] LogOutputStream:75 - [STDERR_REDIRECT] 
2025-06-20 03:35:14,882 [ERROR] LogOutputStream:75 - [STDERR_REDIRECT] [Fatal Error] :1:1: Premature end of file.
2025-06-20 03:35:14,882 [ERROR] LogOutputStream:75 - [STDERR_REDIRECT] 
2025-06-20 03:35:15,881 [ERROR] LogOutputStream:75 - [STDERR_REDIRECT] [Fatal Error] :1:1: Premature end of file.
2025-06-20 03:35:15,881 [ERROR] LogOutputStream:75 - [STDERR_REDIRECT] 
2025-06-20 03:35:16,882 [ERROR] LogOutputStream:75 - [STDERR_REDIRECT] [Fatal Error] :1:1: Premature end of file.
2025-06-20 03:35:16,882 [ERROR] LogOutputStream:75 - [STDERR_REDIRECT] 
2025-06-20 03:35:17,880 [ERROR] LogOutputStream:75 - [STDERR_REDIRECT] [Fatal Error] :1:1: Premature end of file.
2025-06-20 03:35:17,880 [ERROR] LogOutputStream:75 - [STDERR_REDIRECT] 
2025-06-20 03:35:18,881 [ERROR] LogOutputStream:75 - [STDERR_REDIRECT] [Fatal Error] :1:1: Premature end of file.
2025-06-20 03:35:18,881 [ERROR] LogOutputStream:75 - [STDERR_REDIRECT] 
2025-06-20 03:35:19,882 [ERROR] LogOutputStream:75 - [STDERR_REDIRECT] [Fatal Error] :1:1: Premature end of file.
2025-06-20 03:35:19,882 [ERROR] LogOutputStream:75 - [STDERR_REDIRECT] 
2025-06-20 03:35:20,881 [ERROR] LogOutputStream:75 - [STDERR_REDIRECT] [Fatal Error] :1:1: Premature end of file.
2025-06-20 03:35:20,881 [ERROR] LogOutputStream:75 - [STDERR_REDIRECT] 
2025-06-20 03:35:21,880 [ERROR] LogOutputStream:75 - [STDERR_REDIRECT] [Fatal Error] :1:1: Premature end of file.
2025-06-20 03:35:21,880 [ERROR] LogOutputStream:75 - [STDERR_REDIRECT] 
2025-06-20 03:35:22,881 [ERROR] LogOutputStream:75 - [STDERR_REDIRECT] [Fatal Error] :1:1: Premature end of file.
2025-06-20 03:35:22,881 [ERROR] LogOutputStream:75 - [STDERR_REDIRECT] 
2025-06-20 03:35:23,881 [ERROR] LogOutputStream:75 - [STDERR_REDIRECT] [Fatal Error] :1:1: Premature end of file.
2025-06-20 03:35:23,882 [ERROR] LogOutputStream:75 - [STDERR_REDIRECT] 
2025-06-20 03:35:24,882 [ERROR] LogOutputStream:75 - [STDERR_REDIRECT] [Fatal Error] :1:1: Premature end of file.
2025-06-20 03:35:24,882 [ERROR] LogOutputStream:75 - [STDERR_REDIRECT] 
2025-06-20 03:35:25,881 [ERROR] LogOutputStream:75 - [STDERR_REDIRECT] [Fatal Error] :1:1: Premature end of file.
2025-06-20 03:35:25,881 [ERROR] LogOutputStream:75 - [STDERR_REDIRECT] 
2025-06-20 03:35:26,882 [ERROR] LogOutputStream:75 - [STDERR_REDIRECT] [Fatal Error] :1:1: Premature end of file.
2025-06-20 03:35:26,882 [ERROR] LogOutputStream:75 - [STDERR_REDIRECT] 
2025-06-20 03:35:27,880 [ERROR] LogOutputStream:75 - [STDERR_REDIRECT] [Fatal Error] :1:1: Premature end of file.
2025-06-20 03:35:27,880 [ERROR] LogOutputStream:75 - [STDERR_REDIRECT] 
2025-06-20 03:35:28,882 [ERROR] LogOutputStream:75 - [STDERR_REDIRECT] [Fatal Error] :1:1: Premature end of file.
2025-06-20 03:35:28,882 [ERROR] LogOutputStream:75 - [STDERR_REDIRECT] 
2025-06-20 03:35:29,880 [ERROR] LogOutputStream:75 - [STDERR_REDIRECT] [Fatal Error] :1:1: Premature end of file.
2025-06-20 03:35:29,880 [ERROR] LogOutputStream:75 - [STDERR_REDIRECT] 
2025-06-20 03:35:30,881 [ERROR] LogOutputStream:75 - [STDERR_REDIRECT] [Fatal Error] :1:1: Premature end of file.
2025-06-20 03:35:30,881 [ERROR] LogOutputStream:75 - [STDERR_REDIRECT] 
2025-06-20 03:35:31,882 [ERROR] LogOutputStream:75 - [STDERR_REDIRECT] [Fatal Error] :1:1: Premature end of file.
2025-06-20 03:35:31,882 [ERROR] LogOutputStream:75 - [STDERR_REDIRECT] 
2025-06-20 03:35:32,882 [ERROR] LogOutputStream:75 - [STDERR_REDIRECT] [Fatal Error] :1:1: Premature end of file.
2025-06-20 03:35:32,882 [ERROR] LogOutputStream:75 - [STDERR_REDIRECT] 
2025-06-20 03:35:33,881 [ERROR] LogOutputStream:75 - [STDERR_REDIRECT] [Fatal Error] :1:1: Premature end of file.
2025-06-20 03:35:33,881 [ERROR] LogOutputStream:75 - [STDERR_REDIRECT] 
2025-06-20 03:35:34,882 [ERROR] LogOutputStream:75 - [STDERR_REDIRECT] [Fatal Error] :1:1: Premature end of file.
2025-06-20 03:35:34,882 [ERROR] LogOutputStream:75 - [STDERR_REDIRECT] 
2025-06-20 03:35:35,882 [ERROR] LogOutputStream:75 - [STDERR_REDIRECT] [Fatal Error] :1:1: Premature end of file.
2025-06-20 03:35:35,882 [ERROR] LogOutputStream:75 - [STDERR_REDIRECT] 
2025-06-20 03:35:36,883 [ERROR] LogOutputStream:75 - [STDERR_REDIRECT] [Fatal Error] :1:1: Premature end of file.
2025-06-20 03:35:36,883 [ERROR] LogOutputStream:75 - [STDERR_REDIRECT] 
2025-06-20 03:35:37,881 [ERROR] LogOutputStream:75 - [STDERR_REDIRECT] [Fatal Error] :1:1: Premature end of file.
2025-06-20 03:35:37,881 [ERROR] LogOutputStream:75 - [STDERR_REDIRECT] 
2025-06-20 03:35:38,881 [ERROR] LogOutputStream:75 - [STDERR_REDIRECT] [Fatal Error] :1:1: Premature end of file.
2025-06-20 03:35:38,881 [ERROR] LogOutputStream:75 - [STDERR_REDIRECT] 
2025-06-20 03:35:39,882 [ERROR] LogOutputStream:75 - [STDERR_REDIRECT] [Fatal Error] :1:1: Premature end of file.
2025-06-20 03:35:39,882 [ERROR] LogOutputStream:75 - [STDERR_REDIRECT] 
2025-06-20 03:35:40,881 [ERROR] LogOutputStream:75 - [STDERR_REDIRECT] [Fatal Error] :1:1: Premature end of file.
2025-06-20 03:35:40,881 [ERROR] LogOutputStream:75 - [STDERR_REDIRECT] 
2025-06-20 03:35:41,884 [ERROR] LogOutputStream:75 - [STDERR_REDIRECT] [Fatal Error] :1:1: Premature end of file.
2025-06-20 03:35:41,884 [ERROR] LogOutputStream:75 - [STDERR_REDIRECT] 
2025-06-20 03:35:42,882 [ERROR] LogOutputStream:75 - [STDERR_REDIRECT] [Fatal Error] :1:1: Premature end of file.
2025-06-20 03:35:42,882 [ERROR] LogOutputStream:75 - [STDERR_REDIRECT] 
2025-06-20 03:35:43,882 [ERROR] LogOutputStream:75 - [STDERR_REDIRECT] [Fatal Error] :1:1: Premature end of file.
2025-06-20 03:35:43,882 [ERROR] LogOutputStream:75 - [STDERR_REDIRECT] 
2025-06-20 03:35:44,881 [ERROR] LogOutputStream:75 - [STDERR_REDIRECT] [Fatal Error] :1:1: Premature end of file.
2025-06-20 03:35:44,881 [ERROR] LogOutputStream:75 - [STDERR_REDIRECT] 
2025-06-20 03:35:45,881 [ERROR] LogOutputStream:75 - [STDERR_REDIRECT] [Fatal Error] :1:1: Premature end of file.
2025-06-20 03:35:45,881 [ERROR] LogOutputStream:75 - [STDERR_REDIRECT] 
2025-06-20 03:35:46,880 [ERROR] LogOutputStream:75 - [STDERR_REDIRECT] [Fatal Error] :1:1: Premature end of file.
2025-06-20 03:35:46,881 [ERROR] LogOutputStream:75 - [STDERR_REDIRECT] 
2025-06-20 03:35:47,881 [ERROR] LogOutputStream:75 - [STDERR_REDIRECT] [Fatal Error] :1:1: Premature end of file.
2025-06-20 03:35:47,881 [ERROR] LogOutputStream:75 - [STDERR_REDIRECT] 
2025-06-20 03:35:48,881 [ERROR] LogOutputStream:75 - [STDERR_REDIRECT] [Fatal Error] :1:1: Premature end of file.
2025-06-20 03:35:48,881 [ERROR] LogOutputStream:75 - [STDERR_REDIRECT] 
2025-06-20 03:35:49,881 [ERROR] LogOutputStream:75 - [STDERR_REDIRECT] [Fatal Error] :1:1: Premature end of file.
2025-06-20 03:35:49,881 [ERROR] LogOutputStream:75 - [STDERR_REDIRECT] 
2025-06-20 03:35:50,881 [ERROR] LogOutputStream:75 - [STDERR_REDIRECT] [Fatal Error] :1:1: Premature end of file.
2025-06-20 03:35:50,881 [ERROR] LogOutputStream:75 - [STDERR_REDIRECT] 
2025-06-20 03:35:51,882 [ERROR] LogOutputStream:75 - [STDERR_REDIRECT] [Fatal Error] :1:1: Premature end of file.
2025-06-20 03:35:51,882 [ERROR] LogOutputStream:75 - [STDERR_REDIRECT] 
2025-06-20 03:35:52,881 [ERROR] LogOutputStream:75 - [STDERR_REDIRECT] [Fatal Error] :1:1: Premature end of file.
2025-06-20 03:35:52,881 [ERROR] LogOutputStream:75 - [STDERR_REDIRECT] 
2025-06-20 03:35:53,882 [ERROR] LogOutputStream:75 - [STDERR_REDIRECT] [Fatal Error] :1:1: Premature end of file.
2025-06-20 03:35:53,882 [ERROR] LogOutputStream:75 - [STDERR_REDIRECT] 
2025-06-20 03:35:54,881 [ERROR] LogOutputStream:75 - [STDERR_REDIRECT] [Fatal Error] :1:1: Premature end of file.
2025-06-20 03:35:54,882 [ERROR] LogOutputStream:75 - [STDERR_REDIRECT] 
2025-06-20 03:35:55,882 [ERROR] LogOutputStream:75 - [STDERR_REDIRECT] [Fatal Error] :1:1: Premature end of file.
2025-06-20 03:35:55,882 [ERROR] LogOutputStream:75 - [STDERR_REDIRECT] 
2025-06-20 03:35:56,881 [ERROR] LogOutputStream:75 - [STDERR_REDIRECT] [Fatal Error] :1:1: Premature end of file.
2025-06-20 03:35:56,881 [ERROR] LogOutputStream:75 - [STDERR_REDIRECT] 
2025-06-20 03:35:57,882 [ERROR] LogOutputStream:75 - [STDERR_REDIRECT] [Fatal Error] :1:1: Premature end of file.
2025-06-20 03:35:57,882 [ERROR] LogOutputStream:75 - [STDERR_REDIRECT] 
2025-06-20 03:35:58,882 [ERROR] LogOutputStream:75 - [STDERR_REDIRECT] [Fatal Error] :1:1: Premature end of file.
2025-06-20 03:35:58,882 [ERROR] LogOutputStream:75 - [STDERR_REDIRECT] 
2025-06-20 03:35:59,881 [ERROR] LogOutputStream:75 - [STDERR_REDIRECT] [Fatal Error] :1:1: Premature end of file.
2025-06-20 03:35:59,881 [ERROR] LogOutputStream:75 - [STDERR_REDIRECT] 
2025-06-20 03:36:00,881 [ERROR] LogOutputStream:75 - [STDERR_REDIRECT] [Fatal Error] :1:1: Premature end of file.
2025-06-20 03:36:00,881 [ERROR] LogOutputStream:75 - [STDERR_REDIRECT] 
2025-06-20 03:36:01,880 [ERROR] LogOutputStream:75 - [STDERR_REDIRECT] [Fatal Error] :1:1: Premature end of file.
2025-06-20 03:36:01,880 [ERROR] LogOutputStream:75 - [STDERR_REDIRECT] 
2025-06-20 03:36:02,881 [ERROR] LogOutputStream:75 - [STDERR_REDIRECT] [Fatal Error] :1:1: Premature end of file.
2025-06-20 03:36:02,881 [ERROR] LogOutputStream:75 - [STDERR_REDIRECT] 
2025-06-20 03:36:03,881 [ERROR] LogOutputStream:75 - [STDERR_REDIRECT] [Fatal Error] :1:1: Premature end of file.
2025-06-20 03:36:03,881 [ERROR] LogOutputStream:75 - [STDERR_REDIRECT] 
2025-06-20 03:36:04,882 [ERROR] LogOutputStream:75 - [STDERR_REDIRECT] [Fatal Error] :1:1: Premature end of file.
2025-06-20 03:36:04,882 [ERROR] LogOutputStream:75 - [STDERR_REDIRECT] 
2025-06-20 03:36:05,881 [ERROR] LogOutputStream:75 - [STDERR_REDIRECT] [Fatal Error] :1:1: Premature end of file.
2025-06-20 03:36:05,882 [ERROR] LogOutputStream:75 - [STDERR_REDIRECT] 
2025-06-20 03:36:06,880 [ERROR] LogOutputStream:75 - [STDERR_REDIRECT] [Fatal Error] :1:1: Premature end of file.
2025-06-20 03:36:06,881 [ERROR] LogOutputStream:75 - [STDERR_REDIRECT] 
2025-06-20 03:36:07,882 [ERROR] LogOutputStream:75 - [STDERR_REDIRECT] [Fatal Error] :1:1: Premature end of file.
2025-06-20 03:36:07,882 [ERROR] LogOutputStream:75 - [STDERR_REDIRECT] 
2025-06-20 03:36:08,881 [ERROR] LogOutputStream:75 - [STDERR_REDIRECT] [Fatal Error] :1:1: Premature end of file.
2025-06-20 03:36:08,881 [ERROR] LogOutputStream:75 - [STDERR_REDIRECT] 
2025-06-20 03:36:09,881 [ERROR] LogOutputStream:75 - [STDERR_REDIRECT] [Fatal Error] :1:1: Premature end of file.
2025-06-20 03:36:09,881 [ERROR] LogOutputStream:75 - [STDERR_REDIRECT] 
2025-06-20 03:36:10,881 [ERROR] LogOutputStream:75 - [STDERR_REDIRECT] [Fatal Error] :1:1: Premature end of file.
2025-06-20 03:36:10,881 [ERROR] LogOutputStream:75 - [STDERR_REDIRECT] 
2025-06-20 03:36:11,882 [ERROR] LogOutputStream:75 - [STDERR_REDIRECT] [Fatal Error] :1:1: Premature end of file.
2025-06-20 03:36:11,882 [ERROR] LogOutputStream:75 - [STDERR_REDIRECT] 
2025-06-20 03:36:12,881 [ERROR] LogOutputStream:75 - [STDERR_REDIRECT] [Fatal Error] :1:1: Premature end of file.
2025-06-20 03:36:12,881 [ERROR] LogOutputStream:75 - [STDERR_REDIRECT] 
2025-06-20 03:36:13,881 [ERROR] LogOutputStream:75 - [STDERR_REDIRECT] [Fatal Error] :1:1: Premature end of file.
2025-06-20 03:36:13,882 [ERROR] LogOutputStream:75 - [STDERR_REDIRECT] 
2025-06-20 03:36:14,881 [ERROR] LogOutputStream:75 - [STDERR_REDIRECT] [Fatal Error] :1:1: Premature end of file.
2025-06-20 03:36:14,881 [ERROR] LogOutputStream:75 - [STDERR_REDIRECT] 
2025-06-20 03:36:15,882 [ERROR] LogOutputStream:75 - [STDERR_REDIRECT] [Fatal Error] :1:1: Premature end of file.
2025-06-20 03:36:15,883 [ERROR] LogOutputStream:75 - [STDERR_REDIRECT] 
2025-06-20 03:36:16,883 [ERROR] LogOutputStream:75 - [STDERR_REDIRECT] [Fatal Error] :1:1: Premature end of file.
2025-06-20 03:36:16,883 [ERROR] LogOutputStream:75 - [STDERR_REDIRECT] 
2025-06-20 03:36:17,881 [ERROR] LogOutputStream:75 - [STDERR_REDIRECT] [Fatal Error] :1:1: Premature end of file.
2025-06-20 03:36:17,881 [ERROR] LogOutputStream:75 - [STDERR_REDIRECT] 
2025-06-20 03:36:18,881 [ERROR] LogOutputStream:75 - [STDERR_REDIRECT] [Fatal Error] :1:1: Premature end of file.
2025-06-20 03:36:18,881 [ERROR] LogOutputStream:75 - [STDERR_REDIRECT] 
2025-06-20 03:36:19,881 [ERROR] LogOutputStream:75 - [STDERR_REDIRECT] [Fatal Error] :1:1: Premature end of file.
2025-06-20 03:36:19,881 [ERROR] LogOutputStream:75 - [STDERR_REDIRECT] 
2025-06-20 03:36:20,880 [ERROR] LogOutputStream:75 - [STDERR_REDIRECT] [Fatal Error] :1:1: Premature end of file.
2025-06-20 03:36:20,881 [ERROR] LogOutputStream:75 - [STDERR_REDIRECT] 
2025-06-20 03:36:21,882 [ERROR] LogOutputStream:75 - [STDERR_REDIRECT] [Fatal Error] :1:1: Premature end of file.
2025-06-20 03:36:21,882 [ERROR] LogOutputStream:75 - [STDERR_REDIRECT] 
2025-06-20 03:36:22,881 [ERROR] LogOutputStream:75 - [STDERR_REDIRECT] [Fatal Error] :1:1: Premature end of file.
2025-06-20 03:36:22,882 [ERROR] LogOutputStream:75 - [STDERR_REDIRECT] 
2025-06-20 03:36:23,881 [ERROR] LogOutputStream:75 - [STDERR_REDIRECT] [Fatal Error] :1:1: Premature end of file.
2025-06-20 03:36:23,881 [ERROR] LogOutputStream:75 - [STDERR_REDIRECT] 
2025-06-20 03:36:24,880 [ERROR] LogOutputStream:75 - [STDERR_REDIRECT] [Fatal Error] :1:1: Premature end of file.
2025-06-20 03:36:24,880 [ERROR] LogOutputStream:75 - [STDERR_REDIRECT] 
2025-06-20 03:36:25,882 [ERROR] LogOutputStream:75 - [STDERR_REDIRECT] [Fatal Error] :1:1: Premature end of file.
2025-06-20 03:36:25,882 [ERROR] LogOutputStream:75 - [STDERR_REDIRECT] 
2025-06-20 03:36:26,880 [ERROR] LogOutputStream:75 - [STDERR_REDIRECT] [Fatal Error] :1:1: Premature end of file.
2025-06-20 03:36:26,880 [ERROR] LogOutputStream:75 - [STDERR_REDIRECT] 
2025-06-20 03:36:27,881 [ERROR] LogOutputStream:75 - [STDERR_REDIRECT] [Fatal Error] :1:1: Premature end of file.
2025-06-20 03:36:27,881 [ERROR] LogOutputStream:75 - [STDERR_REDIRECT] 
2025-06-20 03:36:28,882 [ERROR] LogOutputStream:75 - [STDERR_REDIRECT] [Fatal Error] :1:1: Premature end of file.
2025-06-20 03:36:28,882 [ERROR] LogOutputStream:75 - [STDERR_REDIRECT] 
2025-06-20 03:36:29,881 [ERROR] LogOutputStream:75 - [STDERR_REDIRECT] [Fatal Error] :1:1: Premature end of file.
2025-06-20 03:36:29,881 [ERROR] LogOutputStream:75 - [STDERR_REDIRECT] 
2025-06-20 03:36:30,881 [ERROR] LogOutputStream:75 - [STDERR_REDIRECT] [Fatal Error] :1:1: Premature end of file.
2025-06-20 03:36:30,882 [ERROR] LogOutputStream:75 - [STDERR_REDIRECT] 
2025-06-20 03:36:31,881 [ERROR] LogOutputStream:75 - [STDERR_REDIRECT] [Fatal Error] :1:1: Premature end of file.
2025-06-20 03:36:31,882 [ERROR] LogOutputStream:75 - [STDERR_REDIRECT] 
2025-06-20 03:36:32,881 [ERROR] LogOutputStream:75 - [STDERR_REDIRECT] [Fatal Error] :1:1: Premature end of file.
2025-06-20 03:36:32,882 [ERROR] LogOutputStream:75 - [STDERR_REDIRECT] 
2025-06-20 03:36:33,881 [ERROR] LogOutputStream:75 - [STDERR_REDIRECT] [Fatal Error] :1:1: Premature end of file.
2025-06-20 03:36:33,881 [ERROR] LogOutputStream:75 - [STDERR_REDIRECT] 
2025-06-20 03:36:34,882 [ERROR] LogOutputStream:75 - [STDERR_REDIRECT] [Fatal Error] :1:1: Premature end of file.
2025-06-20 03:36:34,882 [ERROR] LogOutputStream:75 - [STDERR_REDIRECT] 
2025-06-20 03:36:35,882 [ERROR] LogOutputStream:75 - [STDERR_REDIRECT] [Fatal Error] :1:1: Premature end of file.
2025-06-20 03:36:35,882 [ERROR] LogOutputStream:75 - [STDERR_REDIRECT] 
2025-06-20 03:36:36,880 [ERROR] LogOutputStream:75 - [STDERR_REDIRECT] [Fatal Error] :1:1: Premature end of file.
2025-06-20 03:36:36,881 [ERROR] LogOutputStream:75 - [STDERR_REDIRECT] 
2025-06-20 03:36:37,881 [ERROR] LogOutputStream:75 - [STDERR_REDIRECT] [Fatal Error] :1:1: Premature end of file.
2025-06-20 03:36:37,881 [ERROR] LogOutputStream:75 - [STDERR_REDIRECT] 
2025-06-20 03:36:38,879 [ERROR] LogOutputStream:75 - [STDERR_REDIRECT] [Fatal Error] :1:1: Premature end of file.
2025-06-20 03:36:38,879 [ERROR] LogOutputStream:75 - [STDERR_REDIRECT] 
2025-06-20 03:36:39,880 [ERROR] LogOutputStream:75 - [STDERR_REDIRECT] [Fatal Error] :1:1: Premature end of file.
2025-06-20 03:36:39,880 [ERROR] LogOutputStream:75 - [STDERR_REDIRECT] 
2025-06-20 03:36:40,882 [ERROR] LogOutputStream:75 - [STDERR_REDIRECT] [Fatal Error] :1:1: Premature end of file.
2025-06-20 03:36:40,882 [ERROR] LogOutputStream:75 - [STDERR_REDIRECT] 
2025-06-20 03:36:41,882 [ERROR] LogOutputStream:75 - [STDERR_REDIRECT] [Fatal Error] :1:1: Premature end of file.
2025-06-20 03:36:41,882 [ERROR] LogOutputStream:75 - [STDERR_REDIRECT] 
2025-06-20 03:36:42,882 [ERROR] LogOutputStream:75 - [STDERR_REDIRECT] [Fatal Error] :1:1: Premature end of file.
2025-06-20 03:36:42,882 [ERROR] LogOutputStream:75 - [STDERR_REDIRECT] 
2025-06-20 03:36:43,881 [ERROR] LogOutputStream:75 - [STDERR_REDIRECT] [Fatal Error] :1:1: Premature end of file.
2025-06-20 03:36:43,881 [ERROR] LogOutputStream:75 - [STDERR_REDIRECT] 
2025-06-20 03:36:44,881 [ERROR] LogOutputStream:75 - [STDERR_REDIRECT] [Fatal Error] :1:1: Premature end of file.
2025-06-20 03:36:44,881 [ERROR] LogOutputStream:75 - [STDERR_REDIRECT] 
2025-06-20 03:36:45,882 [ERROR] LogOutputStream:75 - [STDERR_REDIRECT] [Fatal Error] :1:1: Premature end of file.
2025-06-20 03:36:45,882 [ERROR] LogOutputStream:75 - [STDERR_REDIRECT] 
2025-06-20 03:36:46,882 [ERROR] LogOutputStream:75 - [STDERR_REDIRECT] [Fatal Error] :1:1: Premature end of file.
2025-06-20 03:36:46,882 [ERROR] LogOutputStream:75 - [STDERR_REDIRECT] 
2025-06-20 03:36:47,881 [ERROR] LogOutputStream:75 - [STDERR_REDIRECT] [Fatal Error] :1:1: Premature end of file.
2025-06-20 03:36:47,881 [ERROR] LogOutputStream:75 - [STDERR_REDIRECT] 
2025-06-20 03:36:48,881 [ERROR] LogOutputStream:75 - [STDERR_REDIRECT] [Fatal Error] :1:1: Premature end of file.
2025-06-20 03:36:48,881 [ERROR] LogOutputStream:75 - [STDERR_REDIRECT] 
2025-06-20 03:36:49,882 [ERROR] LogOutputStream:75 - [STDERR_REDIRECT] [Fatal Error] :1:1: Premature end of file.
2025-06-20 03:36:49,882 [ERROR] LogOutputStream:75 - [STDERR_REDIRECT] 
2025-06-20 03:36:50,880 [ERROR] LogOutputStream:75 - [STDERR_REDIRECT] [Fatal Error] :1:1: Premature end of file.
2025-06-20 03:36:50,880 [ERROR] LogOutputStream:75 - [STDERR_REDIRECT] 
2025-06-20 03:36:51,879 [ERROR] LogOutputStream:75 - [STDERR_REDIRECT] [Fatal Error] :1:1: Premature end of file.
2025-06-20 03:36:51,879 [ERROR] LogOutputStream:75 - [STDERR_REDIRECT] 
2025-06-20 03:36:52,881 [ERROR] LogOutputStream:75 - [STDERR_REDIRECT] [Fatal Error] :1:1: Premature end of file.
2025-06-20 03:36:52,881 [ERROR] LogOutputStream:75 - [STDERR_REDIRECT] 
2025-06-20 03:36:53,879 [ERROR] LogOutputStream:75 - [STDERR_REDIRECT] [Fatal Error] :1:1: Premature end of file.
2025-06-20 03:36:53,879 [ERROR] LogOutputStream:75 - [STDERR_REDIRECT] 
2025-06-20 03:36:54,880 [ERROR] LogOutputStream:75 - [STDERR_REDIRECT] [Fatal Error] :1:1: Premature end of file.
2025-06-20 03:36:54,880 [ERROR] LogOutputStream:75 - [STDERR_REDIRECT] 
2025-06-20 03:36:55,881 [ERROR] LogOutputStream:75 - [STDERR_REDIRECT] [Fatal Error] :1:1: Premature end of file.
2025-06-20 03:36:55,881 [ERROR] LogOutputStream:75 - [STDERR_REDIRECT] 
2025-06-20 03:36:56,881 [ERROR] LogOutputStream:75 - [STDERR_REDIRECT] [Fatal Error] :1:1: Premature end of file.
2025-06-20 03:36:56,881 [ERROR] LogOutputStream:75 - [STDERR_REDIRECT] 
2025-06-20 03:36:57,881 [ERROR] LogOutputStream:75 - [STDERR_REDIRECT] [Fatal Error] :1:1: Premature end of file.
2025-06-20 03:36:57,881 [ERROR] LogOutputStream:75 - [STDERR_REDIRECT] 
2025-06-20 03:36:58,880 [ERROR] LogOutputStream:75 - [STDERR_REDIRECT] [Fatal Error] :1:1: Premature end of file.
2025-06-20 03:36:58,880 [ERROR] LogOutputStream:75 - [STDERR_REDIRECT] 
2025-06-20 03:36:59,881 [ERROR] LogOutputStream:75 - [STDERR_REDIRECT] [Fatal Error] :1:1: Premature end of file.
2025-06-20 03:36:59,881 [ERROR] LogOutputStream:75 - [STDERR_REDIRECT] 
2025-06-20 03:37:00,881 [ERROR] LogOutputStream:75 - [STDERR_REDIRECT] [Fatal Error] :1:1: Premature end of file.
2025-06-20 03:37:00,881 [ERROR] LogOutputStream:75 - [STDERR_REDIRECT] 
2025-06-20 03:37:01,883 [ERROR] LogOutputStream:75 - [STDERR_REDIRECT] [Fatal Error] :1:1: Premature end of file.
2025-06-20 03:37:01,883 [ERROR] LogOutputStream:75 - [STDERR_REDIRECT] 
2025-06-20 03:37:02,881 [ERROR] LogOutputStream:75 - [STDERR_REDIRECT] [Fatal Error] :1:1: Premature end of file.
2025-06-20 03:37:02,881 [ERROR] LogOutputStream:75 - [STDERR_REDIRECT] 
2025-06-20 03:37:03,882 [ERROR] LogOutputStream:75 - [STDERR_REDIRECT] [Fatal Error] :1:1: Premature end of file.
2025-06-20 03:37:03,882 [ERROR] LogOutputStream:75 - [STDERR_REDIRECT] 
2025-06-20 03:37:04,882 [ERROR] LogOutputStream:75 - [STDERR_REDIRECT] [Fatal Error] :1:1: Premature end of file.
2025-06-20 03:37:04,882 [ERROR] LogOutputStream:75 - [STDERR_REDIRECT] 
2025-06-20 03:37:05,881 [ERROR] LogOutputStream:75 - [STDERR_REDIRECT] [Fatal Error] :1:1: Premature end of file.
2025-06-20 03:37:05,881 [ERROR] LogOutputStream:75 - [STDERR_REDIRECT] 
2025-06-20 03:37:06,882 [ERROR] LogOutputStream:75 - [STDERR_REDIRECT] [Fatal Error] :1:1: Premature end of file.
2025-06-20 03:37:06,882 [ERROR] LogOutputStream:75 - [STDERR_REDIRECT] 
2025-06-20 03:37:07,882 [ERROR] LogOutputStream:75 - [STDERR_REDIRECT] [Fatal Error] :1:1: Premature end of file.
2025-06-20 03:37:07,882 [ERROR] LogOutputStream:75 - [STDERR_REDIRECT] 
2025-06-20 03:37:08,881 [ERROR] LogOutputStream:75 - [STDERR_REDIRECT] [Fatal Error] :1:1: Premature end of file.
2025-06-20 03:37:08,881 [ERROR] LogOutputStream:75 - [STDERR_REDIRECT] 
2025-06-20 03:37:09,881 [ERROR] LogOutputStream:75 - [STDERR_REDIRECT] [Fatal Error] :1:1: Premature end of file.
2025-06-20 03:37:09,881 [ERROR] LogOutputStream:75 - [STDERR_REDIRECT] 
2025-06-20 03:37:10,881 [ERROR] LogOutputStream:75 - [STDERR_REDIRECT] [Fatal Error] :1:1: Premature end of file.
2025-06-20 03:37:10,881 [ERROR] LogOutputStream:75 - [STDERR_REDIRECT] 
2025-06-20 03:37:11,881 [ERROR] LogOutputStream:75 - [STDERR_REDIRECT] [Fatal Error] :1:1: Premature end of file.
2025-06-20 03:37:11,881 [ERROR] LogOutputStream:75 - [STDERR_REDIRECT] 
2025-06-20 03:37:12,882 [ERROR] LogOutputStream:75 - [STDERR_REDIRECT] [Fatal Error] :1:1: Premature end of file.
2025-06-20 03:37:12,882 [ERROR] LogOutputStream:75 - [STDERR_REDIRECT] 
2025-06-20 03:37:13,881 [ERROR] LogOutputStream:75 - [STDERR_REDIRECT] [Fatal Error] :1:1: Premature end of file.
2025-06-20 03:37:13,881 [ERROR] LogOutputStream:75 - [STDERR_REDIRECT] 
2025-06-20 03:37:14,883 [ERROR] LogOutputStream:75 - [STDERR_REDIRECT] [Fatal Error] :1:1: Premature end of file.
2025-06-20 03:37:14,883 [ERROR] LogOutputStream:75 - [STDERR_REDIRECT] 
2025-06-20 03:37:15,881 [ERROR] LogOutputStream:75 - [STDERR_REDIRECT] [Fatal Error] :1:1: Premature end of file.
2025-06-20 03:37:15,881 [ERROR] LogOutputStream:75 - [STDERR_REDIRECT] 
2025-06-20 03:37:16,881 [ERROR] LogOutputStream:75 - [STDERR_REDIRECT] [Fatal Error] :1:1: Premature end of file.
2025-06-20 03:37:16,881 [ERROR] LogOutputStream:75 - [STDERR_REDIRECT] 
2025-06-20 03:37:17,880 [ERROR] LogOutputStream:75 - [STDERR_REDIRECT] [Fatal Error] :1:1: Premature end of file.
2025-06-20 03:37:17,881 [ERROR] LogOutputStream:75 - [STDERR_REDIRECT] 
2025-06-20 03:37:18,881 [ERROR] LogOutputStream:75 - [STDERR_REDIRECT] [Fatal Error] :1:1: Premature end of file.
2025-06-20 03:37:18,881 [ERROR] LogOutputStream:75 - [STDERR_REDIRECT] 
2025-06-20 03:37:19,880 [ERROR] LogOutputStream:75 - [STDERR_REDIRECT] [Fatal Error] :1:1: Premature end of file.
2025-06-20 03:37:19,880 [ERROR] LogOutputStream:75 - [STDERR_REDIRECT] 
2025-06-20 03:37:20,881 [ERROR] LogOutputStream:75 - [STDERR_REDIRECT] [Fatal Error] :1:1: Premature end of file.
2025-06-20 03:37:20,881 [ERROR] LogOutputStream:75 - [STDERR_REDIRECT] 
2025-06-20 03:37:21,882 [ERROR] LogOutputStream:75 - [STDERR_REDIRECT] [Fatal Error] :1:1: Premature end of file.
2025-06-20 03:37:21,882 [ERROR] LogOutputStream:75 - [STDERR_REDIRECT] 
2025-06-20 03:37:22,882 [ERROR] LogOutputStream:75 - [STDERR_REDIRECT] [Fatal Error] :1:1: Premature end of file.
2025-06-20 03:37:22,882 [ERROR] LogOutputStream:75 - [STDERR_REDIRECT] 
2025-06-20 03:37:23,881 [ERROR] LogOutputStream:75 - [STDERR_REDIRECT] [Fatal Error] :1:1: Premature end of file.
2025-06-20 03:37:23,881 [ERROR] LogOutputStream:75 - [STDERR_REDIRECT] 
2025-06-20 03:37:24,882 [ERROR] LogOutputStream:75 - [STDERR_REDIRECT] [Fatal Error] :1:1: Premature end of file.
2025-06-20 03:37:24,882 [ERROR] LogOutputStream:75 - [STDERR_REDIRECT] 
2025-06-20 03:37:25,881 [ERROR] LogOutputStream:75 - [STDERR_REDIRECT] [Fatal Error] :1:1: Premature end of file.
2025-06-20 03:37:25,882 [ERROR] LogOutputStream:75 - [STDERR_REDIRECT] 
2025-06-20 03:37:26,881 [ERROR] LogOutputStream:75 - [STDERR_REDIRECT] [Fatal Error] :1:1: Premature end of file.
2025-06-20 03:37:26,881 [ERROR] LogOutputStream:75 - [STDERR_REDIRECT] 
2025-06-20 03:37:27,881 [ERROR] LogOutputStream:75 - [STDERR_REDIRECT] [Fatal Error] :1:1: Premature end of file.
2025-06-20 03:37:27,881 [ERROR] LogOutputStream:75 - [STDERR_REDIRECT] 
2025-06-20 03:37:28,882 [ERROR] LogOutputStream:75 - [STDERR_REDIRECT] [Fatal Error] :1:1: Premature end of file.
2025-06-20 03:37:28,882 [ERROR] LogOutputStream:75 - [STDERR_REDIRECT] 
2025-06-20 03:37:29,881 [ERROR] LogOutputStream:75 - [STDERR_REDIRECT] [Fatal Error] :1:1: Premature end of file.
2025-06-20 03:37:29,881 [ERROR] LogOutputStream:75 - [STDERR_REDIRECT] 
2025-06-20 03:37:30,881 [ERROR] LogOutputStream:75 - [STDERR_REDIRECT] [Fatal Error] :1:1: Premature end of file.
2025-06-20 03:37:30,881 [ERROR] LogOutputStream:75 - [STDERR_REDIRECT] 
2025-06-20 03:37:31,881 [ERROR] LogOutputStream:75 - [STDERR_REDIRECT] [Fatal Error] :1:1: Premature end of file.
2025-06-20 03:37:31,881 [ERROR] LogOutputStream:75 - [STDERR_REDIRECT] 
2025-06-20 03:37:32,881 [ERROR] LogOutputStream:75 - [STDERR_REDIRECT] [Fatal Error] :1:1: Premature end of file.
2025-06-20 03:37:32,882 [ERROR] LogOutputStream:75 - [STDERR_REDIRECT] 
2025-06-20 03:37:33,881 [ERROR] LogOutputStream:75 - [STDERR_REDIRECT] [Fatal Error] :1:1: Premature end of file.
2025-06-20 03:37:33,881 [ERROR] LogOutputStream:75 - [STDERR_REDIRECT] 
2025-06-20 03:37:34,881 [ERROR] LogOutputStream:75 - [STDERR_REDIRECT] [Fatal Error] :1:1: Premature end of file.
2025-06-20 03:37:34,881 [ERROR] LogOutputStream:75 - [STDERR_REDIRECT] 
2025-06-20 03:37:35,881 [ERROR] LogOutputStream:75 - [STDERR_REDIRECT] [Fatal Error] :1:1: Premature end of file.
2025-06-20 03:37:35,881 [ERROR] LogOutputStream:75 - [STDERR_REDIRECT] 
2025-06-20 03:37:36,881 [ERROR] LogOutputStream:75 - [STDERR_REDIRECT] [Fatal Error] :1:1: Premature end of file.
2025-06-20 03:37:36,881 [ERROR] LogOutputStream:75 - [STDERR_REDIRECT] 
2025-06-20 03:37:37,881 [ERROR] LogOutputStream:75 - [STDERR_REDIRECT] [Fatal Error] :1:1: Premature end of file.
2025-06-20 03:37:37,881 [ERROR] LogOutputStream:75 - [STDERR_REDIRECT] 
2025-06-20 03:37:38,882 [ERROR] LogOutputStream:75 - [STDERR_REDIRECT] [Fatal Error] :1:1: Premature end of file.
2025-06-20 03:37:38,882 [ERROR] LogOutputStream:75 - [STDERR_REDIRECT] 
2025-06-20 03:37:39,879 [ERROR] LogOutputStream:75 - [STDERR_REDIRECT] [Fatal Error] :1:1: Premature end of file.
2025-06-20 03:37:39,879 [ERROR] LogOutputStream:75 - [STDERR_REDIRECT] 
2025-06-20 03:37:40,881 [ERROR] LogOutputStream:75 - [STDERR_REDIRECT] [Fatal Error] :1:1: Premature end of file.
2025-06-20 03:37:40,881 [ERROR] LogOutputStream:75 - [STDERR_REDIRECT] 
2025-06-20 03:37:41,882 [ERROR] LogOutputStream:75 - [STDERR_REDIRECT] [Fatal Error] :1:1: Premature end of file.
2025-06-20 03:37:41,882 [ERROR] LogOutputStream:75 - [STDERR_REDIRECT] 
2025-06-20 03:37:42,881 [ERROR] LogOutputStream:75 - [STDERR_REDIRECT] [Fatal Error] :1:1: Premature end of file.
2025-06-20 03:37:42,881 [ERROR] LogOutputStream:75 - [STDERR_REDIRECT] 
2025-06-20 03:37:43,881 [ERROR] LogOutputStream:75 - [STDERR_REDIRECT] [Fatal Error] :1:1: Premature end of file.
2025-06-20 03:37:43,881 [ERROR] LogOutputStream:75 - [STDERR_REDIRECT] 
2025-06-20 03:37:44,882 [ERROR] LogOutputStream:75 - [STDERR_REDIRECT] [Fatal Error] :1:1: Premature end of file.
2025-06-20 03:37:44,882 [ERROR] LogOutputStream:75 - [STDERR_REDIRECT] 
2025-06-20 03:37:45,882 [ERROR] LogOutputStream:75 - [STDERR_REDIRECT] [Fatal Error] :1:1: Premature end of file.
2025-06-20 03:37:45,882 [ERROR] LogOutputStream:75 - [STDERR_REDIRECT] 
2025-06-20 03:37:46,881 [ERROR] LogOutputStream:75 - [STDERR_REDIRECT] [Fatal Error] :1:1: Premature end of file.
2025-06-20 03:37:46,881 [ERROR] LogOutputStream:75 - [STDERR_REDIRECT] 
2025-06-20 03:37:47,881 [ERROR] LogOutputStream:75 - [STDERR_REDIRECT] [Fatal Error] :1:1: Premature end of file.
2025-06-20 03:37:47,881 [ERROR] LogOutputStream:75 - [STDERR_REDIRECT] 
2025-06-20 03:37:48,881 [ERROR] LogOutputStream:75 - [STDERR_REDIRECT] [Fatal Error] :1:1: Premature end of file.
2025-06-20 03:37:48,881 [ERROR] LogOutputStream:75 - [STDERR_REDIRECT] 
2025-06-20 03:37:49,880 [ERROR] LogOutputStream:75 - [STDERR_REDIRECT] [Fatal Error] :1:1: Premature end of file.
2025-06-20 03:37:49,880 [ERROR] LogOutputStream:75 - [STDERR_REDIRECT] 
2025-06-20 03:37:50,881 [ERROR] LogOutputStream:75 - [STDERR_REDIRECT] [Fatal Error] :1:1: Premature end of file.
2025-06-20 03:37:50,881 [ERROR] LogOutputStream:75 - [STDERR_REDIRECT] 
2025-06-20 03:37:51,881 [ERROR] LogOutputStream:75 - [STDERR_REDIRECT] [Fatal Error] :1:1: Premature end of file.
2025-06-20 03:37:51,881 [ERROR] LogOutputStream:75 - [STDERR_REDIRECT] 
2025-06-20 03:37:52,881 [ERROR] LogOutputStream:75 - [STDERR_REDIRECT] [Fatal Error] :1:1: Premature end of file.
2025-06-20 03:37:52,881 [ERROR] LogOutputStream:75 - [STDERR_REDIRECT] 
2025-06-20 03:37:53,881 [ERROR] LogOutputStream:75 - [STDERR_REDIRECT] [Fatal Error] :1:1: Premature end of file.
2025-06-20 03:37:53,881 [ERROR] LogOutputStream:75 - [STDERR_REDIRECT] 
2025-06-20 03:37:54,955 [ERROR] LogOutputStream:75 - [STDERR_REDIRECT] [Fatal Error] :1:1: Premature end of file.
2025-06-20 03:37:54,955 [ERROR] LogOutputStream:75 - [STDERR_REDIRECT] 
2025-06-20 03:37:55,881 [ERROR] LogOutputStream:75 - [STDERR_REDIRECT] [Fatal Error] :1:1: Premature end of file.
2025-06-20 03:37:55,881 [ERROR] LogOutputStream:75 - [STDERR_REDIRECT] 
2025-06-20 03:37:56,881 [ERROR] LogOutputStream:75 - [STDERR_REDIRECT] [Fatal Error] :1:1: Premature end of file.
2025-06-20 03:37:56,881 [ERROR] LogOutputStream:75 - [STDERR_REDIRECT] 
2025-06-20 03:37:57,882 [ERROR] LogOutputStream:75 - [STDERR_REDIRECT] [Fatal Error] :1:1: Premature end of file.
2025-06-20 03:37:57,883 [ERROR] LogOutputStream:75 - [STDERR_REDIRECT] 
2025-06-20 03:37:58,881 [ERROR] LogOutputStream:75 - [STDERR_REDIRECT] [Fatal Error] :1:1: Premature end of file.
2025-06-20 03:37:58,881 [ERROR] LogOutputStream:75 - [STDERR_REDIRECT] 
2025-06-20 03:37:59,881 [ERROR] LogOutputStream:75 - [STDERR_REDIRECT] [Fatal Error] :1:1: Premature end of file.
2025-06-20 03:37:59,881 [ERROR] LogOutputStream:75 - [STDERR_REDIRECT] 
2025-06-20 03:38:00,882 [ERROR] LogOutputStream:75 - [STDERR_REDIRECT] [Fatal Error] :1:1: Premature end of file.
2025-06-20 03:38:00,882 [ERROR] LogOutputStream:75 - [STDERR_REDIRECT] 
2025-06-20 03:38:01,880 [ERROR] LogOutputStream:75 - [STDERR_REDIRECT] [Fatal Error] :1:1: Premature end of file.
2025-06-20 03:38:01,880 [ERROR] LogOutputStream:75 - [STDERR_REDIRECT] 
2025-06-20 03:38:02,881 [ERROR] LogOutputStream:75 - [STDERR_REDIRECT] [Fatal Error] :1:1: Premature end of file.
2025-06-20 03:38:02,881 [ERROR] LogOutputStream:75 - [STDERR_REDIRECT] 
2025-06-20 03:38:03,879 [ERROR] LogOutputStream:75 - [STDERR_REDIRECT] [Fatal Error] :1:1: Premature end of file.
2025-06-20 03:38:03,879 [ERROR] LogOutputStream:75 - [STDERR_REDIRECT] 
2025-06-20 03:38:04,882 [ERROR] LogOutputStream:75 - [STDERR_REDIRECT] [Fatal Error] :1:1: Premature end of file.
2025-06-20 03:38:04,882 [ERROR] LogOutputStream:75 - [STDERR_REDIRECT] 
2025-06-20 03:38:05,881 [ERROR] LogOutputStream:75 - [STDERR_REDIRECT] [Fatal Error] :1:1: Premature end of file.
2025-06-20 03:38:05,881 [ERROR] LogOutputStream:75 - [STDERR_REDIRECT] 
2025-06-20 03:38:06,881 [ERROR] LogOutputStream:75 - [STDERR_REDIRECT] [Fatal Error] :1:1: Premature end of file.
2025-06-20 03:38:06,881 [ERROR] LogOutputStream:75 - [STDERR_REDIRECT] 
2025-06-20 03:38:07,882 [ERROR] LogOutputStream:75 - [STDERR_REDIRECT] [Fatal Error] :1:1: Premature end of file.
2025-06-20 03:38:07,882 [ERROR] LogOutputStream:75 - [STDERR_REDIRECT] 
2025-06-20 03:38:08,881 [ERROR] LogOutputStream:75 - [STDERR_REDIRECT] [Fatal Error] :1:1: Premature end of file.
2025-06-20 03:38:08,881 [ERROR] LogOutputStream:75 - [STDERR_REDIRECT] 
2025-06-20 03:38:09,884 [ERROR] LogOutputStream:75 - [STDERR_REDIRECT] [Fatal Error] :1:1: Premature end of file.
2025-06-20 03:38:09,884 [ERROR] LogOutputStream:75 - [STDERR_REDIRECT] 
2025-06-20 03:38:10,881 [ERROR] LogOutputStream:75 - [STDERR_REDIRECT] [Fatal Error] :1:1: Premature end of file.
2025-06-20 03:38:10,881 [ERROR] LogOutputStream:75 - [STDERR_REDIRECT] 
2025-06-20 03:38:11,881 [ERROR] LogOutputStream:75 - [STDERR_REDIRECT] [Fatal Error] :1:1: Premature end of file.
2025-06-20 03:38:11,881 [ERROR] LogOutputStream:75 - [STDERR_REDIRECT] 
2025-06-20 03:38:12,880 [ERROR] LogOutputStream:75 - [STDERR_REDIRECT] [Fatal Error] :1:1: Premature end of file.
2025-06-20 03:38:12,880 [ERROR] LogOutputStream:75 - [STDERR_REDIRECT] 
2025-06-20 03:38:13,880 [ERROR] LogOutputStream:75 - [STDERR_REDIRECT] [Fatal Error] :1:1: Premature end of file.
2025-06-20 03:38:13,880 [ERROR] LogOutputStream:75 - [STDERR_REDIRECT] 
2025-06-20 03:38:14,881 [ERROR] LogOutputStream:75 - [STDERR_REDIRECT] [Fatal Error] :1:1: Premature end of file.
2025-06-20 03:38:14,881 [ERROR] LogOutputStream:75 - [STDERR_REDIRECT] 
2025-06-20 03:38:15,881 [ERROR] LogOutputStream:75 - [STDERR_REDIRECT] [Fatal Error] :1:1: Premature end of file.
2025-06-20 03:38:15,881 [ERROR] LogOutputStream:75 - [STDERR_REDIRECT] 
2025-06-20 03:38:16,881 [ERROR] LogOutputStream:75 - [STDERR_REDIRECT] [Fatal Error] :1:1: Premature end of file.
2025-06-20 03:38:16,881 [ERROR] LogOutputStream:75 - [STDERR_REDIRECT] 
2025-06-20 03:38:17,881 [ERROR] LogOutputStream:75 - [STDERR_REDIRECT] [Fatal Error] :1:1: Premature end of file.
2025-06-20 03:38:17,881 [ERROR] LogOutputStream:75 - [STDERR_REDIRECT] 
2025-06-20 03:38:18,881 [ERROR] LogOutputStream:75 - [STDERR_REDIRECT] [Fatal Error] :1:1: Premature end of file.
2025-06-20 03:38:18,881 [ERROR] LogOutputStream:75 - [STDERR_REDIRECT] 
2025-06-20 03:38:19,881 [ERROR] LogOutputStream:75 - [STDERR_REDIRECT] [Fatal Error] :1:1: Premature end of file.
2025-06-20 03:38:19,881 [ERROR] LogOutputStream:75 - [STDERR_REDIRECT] 
2025-06-20 03:38:20,881 [ERROR] LogOutputStream:75 - [STDERR_REDIRECT] [Fatal Error] :1:1: Premature end of file.
2025-06-20 03:38:20,882 [ERROR] LogOutputStream:75 - [STDERR_REDIRECT] 
2025-06-20 03:38:21,880 [ERROR] LogOutputStream:75 - [STDERR_REDIRECT] [Fatal Error] :1:1: Premature end of file.
2025-06-20 03:38:21,880 [ERROR] LogOutputStream:75 - [STDERR_REDIRECT] 
2025-06-20 03:38:22,878 [ERROR] LogOutputStream:75 - [STDERR_REDIRECT] [Fatal Error] :1:1: Premature end of file.
2025-06-20 03:38:22,878 [ERROR] LogOutputStream:75 - [STDERR_REDIRECT] 
2025-06-20 03:38:23,881 [ERROR] LogOutputStream:75 - [STDERR_REDIRECT] [Fatal Error] :1:1: Premature end of file.
2025-06-20 03:38:23,881 [ERROR] LogOutputStream:75 - [STDERR_REDIRECT] 
2025-06-20 03:38:24,880 [ERROR] LogOutputStream:75 - [STDERR_REDIRECT] [Fatal Error] :1:1: Premature end of file.
2025-06-20 03:38:24,880 [ERROR] LogOutputStream:75 - [STDERR_REDIRECT] 
2025-06-20 03:38:25,881 [ERROR] LogOutputStream:75 - [STDERR_REDIRECT] [Fatal Error] :1:1: Premature end of file.
2025-06-20 03:38:25,881 [ERROR] LogOutputStream:75 - [STDERR_REDIRECT] 
2025-06-20 03:38:26,880 [ERROR] LogOutputStream:75 - [STDERR_REDIRECT] [Fatal Error] :1:1: Premature end of file.
2025-06-20 03:38:26,880 [ERROR] LogOutputStream:75 - [STDERR_REDIRECT] 
2025-06-20 03:38:27,882 [ERROR] LogOutputStream:75 - [STDERR_REDIRECT] [Fatal Error] :1:1: Premature end of file.
2025-06-20 03:38:27,882 [ERROR] LogOutputStream:75 - [STDERR_REDIRECT] 
2025-06-20 03:38:28,881 [ERROR] LogOutputStream:75 - [STDERR_REDIRECT] [Fatal Error] :1:1: Premature end of file.
2025-06-20 03:38:28,881 [ERROR] LogOutputStream:75 - [STDERR_REDIRECT] 
2025-06-20 03:38:29,880 [ERROR] LogOutputStream:75 - [STDERR_REDIRECT] [Fatal Error] :1:1: Premature end of file.
2025-06-20 03:38:29,880 [ERROR] LogOutputStream:75 - [STDERR_REDIRECT] 
2025-06-20 03:38:30,880 [ERROR] LogOutputStream:75 - [STDERR_REDIRECT] [Fatal Error] :1:1: Premature end of file.
2025-06-20 03:38:30,880 [ERROR] LogOutputStream:75 - [STDERR_REDIRECT] 
2025-06-20 03:38:31,880 [ERROR] LogOutputStream:75 - [STDERR_REDIRECT] [Fatal Error] :1:1: Premature end of file.
2025-06-20 03:38:31,880 [ERROR] LogOutputStream:75 - [STDERR_REDIRECT] 
2025-06-20 03:38:32,884 [ERROR] LogOutputStream:75 - [STDERR_REDIRECT] [Fatal Error] :1:1: Premature end of file.
2025-06-20 03:38:32,884 [ERROR] LogOutputStream:75 - [STDERR_REDIRECT] 
2025-06-20 03:38:33,881 [ERROR] LogOutputStream:75 - [STDERR_REDIRECT] [Fatal Error] :1:1: Premature end of file.
2025-06-20 03:38:33,881 [ERROR] LogOutputStream:75 - [STDERR_REDIRECT] 
2025-06-20 03:38:34,879 [ERROR] LogOutputStream:75 - [STDERR_REDIRECT] [Fatal Error] :1:1: Premature end of file.
2025-06-20 03:38:34,880 [ERROR] LogOutputStream:75 - [STDERR_REDIRECT] 
2025-06-20 03:38:35,882 [ERROR] LogOutputStream:75 - [STDERR_REDIRECT] [Fatal Error] :1:1: Premature end of file.
2025-06-20 03:38:35,882 [ERROR] LogOutputStream:75 - [STDERR_REDIRECT] 
2025-06-20 03:38:36,881 [ERROR] LogOutputStream:75 - [STDERR_REDIRECT] [Fatal Error] :1:1: Premature end of file.
2025-06-20 03:38:36,881 [ERROR] LogOutputStream:75 - [STDERR_REDIRECT] 
2025-06-20 03:38:37,881 [ERROR] LogOutputStream:75 - [STDERR_REDIRECT] [Fatal Error] :1:1: Premature end of file.
2025-06-20 03:38:37,881 [ERROR] LogOutputStream:75 - [STDERR_REDIRECT] 
2025-06-20 03:38:38,881 [ERROR] LogOutputStream:75 - [STDERR_REDIRECT] [Fatal Error] :1:1: Premature end of file.
2025-06-20 03:38:38,881 [ERROR] LogOutputStream:75 - [STDERR_REDIRECT] 
2025-06-20 03:38:39,881 [ERROR] LogOutputStream:75 - [STDERR_REDIRECT] [Fatal Error] :1:1: Premature end of file.
2025-06-20 03:38:39,881 [ERROR] LogOutputStream:75 - [STDERR_REDIRECT] 
2025-06-20 03:38:40,882 [ERROR] LogOutputStream:75 - [STDERR_REDIRECT] [Fatal Error] :1:1: Premature end of file.
2025-06-20 03:38:40,882 [ERROR] LogOutputStream:75 - [STDERR_REDIRECT] 
2025-06-20 03:38:41,880 [ERROR] LogOutputStream:75 - [STDERR_REDIRECT] [Fatal Error] :1:1: Premature end of file.
2025-06-20 03:38:41,881 [ERROR] LogOutputStream:75 - [STDERR_REDIRECT] 
2025-06-20 03:38:42,882 [ERROR] LogOutputStream:75 - [STDERR_REDIRECT] [Fatal Error] :1:1: Premature end of file.
2025-06-20 03:38:42,882 [ERROR] LogOutputStream:75 - [STDERR_REDIRECT] 
2025-06-20 03:38:43,881 [ERROR] LogOutputStream:75 - [STDERR_REDIRECT] [Fatal Error] :1:1: Premature end of file.
2025-06-20 03:38:43,881 [ERROR] LogOutputStream:75 - [STDERR_REDIRECT] 
2025-06-20 03:38:44,881 [ERROR] LogOutputStream:75 - [STDERR_REDIRECT] [Fatal Error] :1:1: Premature end of file.
2025-06-20 03:38:44,881 [ERROR] LogOutputStream:75 - [STDERR_REDIRECT] 
2025-06-20 03:38:45,881 [ERROR] LogOutputStream:75 - [STDERR_REDIRECT] [Fatal Error] :1:1: Premature end of file.
2025-06-20 03:38:45,881 [ERROR] LogOutputStream:75 - [STDERR_REDIRECT] 
2025-06-20 03:38:46,881 [ERROR] LogOutputStream:75 - [STDERR_REDIRECT] [Fatal Error] :1:1: Premature end of file.
2025-06-20 03:38:46,881 [ERROR] LogOutputStream:75 - [STDERR_REDIRECT] 
2025-06-20 03:38:47,882 [ERROR] LogOutputStream:75 - [STDERR_REDIRECT] [Fatal Error] :1:1: Premature end of file.
2025-06-20 03:38:47,882 [ERROR] LogOutputStream:75 - [STDERR_REDIRECT] 
2025-06-20 03:38:48,881 [ERROR] LogOutputStream:75 - [STDERR_REDIRECT] [Fatal Error] :1:1: Premature end of file.
2025-06-20 03:38:48,882 [ERROR] LogOutputStream:75 - [STDERR_REDIRECT] 
2025-06-20 03:38:49,883 [ERROR] LogOutputStream:75 - [STDERR_REDIRECT] [Fatal Error] :1:1: Premature end of file.
2025-06-20 03:38:49,883 [ERROR] LogOutputStream:75 - [STDERR_REDIRECT] 
2025-06-20 03:38:50,883 [ERROR] LogOutputStream:75 - [STDERR_REDIRECT] [Fatal Error] :1:1: Premature end of file.
2025-06-20 03:38:50,883 [ERROR] LogOutputStream:75 - [STDERR_REDIRECT] 
2025-06-20 03:38:51,881 [ERROR] LogOutputStream:75 - [STDERR_REDIRECT] [Fatal Error] :1:1: Premature end of file.
2025-06-20 03:38:51,881 [ERROR] LogOutputStream:75 - [STDERR_REDIRECT] 
2025-06-20 03:38:52,880 [ERROR] LogOutputStream:75 - [STDERR_REDIRECT] [Fatal Error] :1:1: Premature end of file.
2025-06-20 03:38:52,880 [ERROR] LogOutputStream:75 - [STDERR_REDIRECT] 
2025-06-20 03:38:53,881 [ERROR] LogOutputStream:75 - [STDERR_REDIRECT] [Fatal Error] :1:1: Premature end of file.
2025-06-20 03:38:53,881 [ERROR] LogOutputStream:75 - [STDERR_REDIRECT] 
2025-06-20 03:38:54,881 [ERROR] LogOutputStream:75 - [STDERR_REDIRECT] [Fatal Error] :1:1: Premature end of file.
2025-06-20 03:38:54,881 [ERROR] LogOutputStream:75 - [STDERR_REDIRECT] 
2025-06-20 03:38:55,881 [ERROR] LogOutputStream:75 - [STDERR_REDIRECT] [Fatal Error] :1:1: Premature end of file.
2025-06-20 03:38:55,881 [ERROR] LogOutputStream:75 - [STDERR_REDIRECT] 
2025-06-20 03:38:56,880 [ERROR] LogOutputStream:75 - [STDERR_REDIRECT] [Fatal Error] :1:1: Premature end of file.
2025-06-20 03:38:56,880 [ERROR] LogOutputStream:75 - [STDERR_REDIRECT] 
2025-06-20 03:38:57,880 [ERROR] LogOutputStream:75 - [STDERR_REDIRECT] [Fatal Error] :1:1: Premature end of file.
2025-06-20 03:38:57,880 [ERROR] LogOutputStream:75 - [STDERR_REDIRECT] 
2025-06-20 03:38:58,881 [ERROR] LogOutputStream:75 - [STDERR_REDIRECT] [Fatal Error] :1:1: Premature end of file.
2025-06-20 03:38:58,881 [ERROR] LogOutputStream:75 - [STDERR_REDIRECT] 
2025-06-20 03:38:59,881 [ERROR] LogOutputStream:75 - [STDERR_REDIRECT] [Fatal Error] :1:1: Premature end of file.
2025-06-20 03:38:59,881 [ERROR] LogOutputStream:75 - [STDERR_REDIRECT] 
2025-06-20 03:39:00,881 [ERROR] LogOutputStream:75 - [STDERR_REDIRECT] [Fatal Error] :1:1: Premature end of file.
2025-06-20 03:39:00,882 [ERROR] LogOutputStream:75 - [STDERR_REDIRECT] 
2025-06-20 03:39:01,881 [ERROR] LogOutputStream:75 - [STDERR_REDIRECT] [Fatal Error] :1:1: Premature end of file.
2025-06-20 03:39:01,881 [ERROR] LogOutputStream:75 - [STDERR_REDIRECT] 
2025-06-20 03:39:02,880 [ERROR] LogOutputStream:75 - [STDERR_REDIRECT] [Fatal Error] :1:1: Premature end of file.
2025-06-20 03:39:02,880 [ERROR] LogOutputStream:75 - [STDERR_REDIRECT] 
2025-06-20 03:39:03,882 [ERROR] LogOutputStream:75 - [STDERR_REDIRECT] [Fatal Error] :1:1: Premature end of file.
2025-06-20 03:39:03,882 [ERROR] LogOutputStream:75 - [STDERR_REDIRECT] 
2025-06-20 03:39:04,882 [ERROR] LogOutputStream:75 - [STDERR_REDIRECT] [Fatal Error] :1:1: Premature end of file.
2025-06-20 03:39:04,882 [ERROR] LogOutputStream:75 - [STDERR_REDIRECT] 
2025-06-20 03:39:05,882 [ERROR] LogOutputStream:75 - [STDERR_REDIRECT] [Fatal Error] :1:1: Premature end of file.
2025-06-20 03:39:05,882 [ERROR] LogOutputStream:75 - [STDERR_REDIRECT] 
2025-06-20 03:39:06,880 [ERROR] LogOutputStream:75 - [STDERR_REDIRECT] [Fatal Error] :1:1: Premature end of file.
2025-06-20 03:39:06,880 [ERROR] LogOutputStream:75 - [STDERR_REDIRECT] 
2025-06-20 03:39:07,881 [ERROR] LogOutputStream:75 - [STDERR_REDIRECT] [Fatal Error] :1:1: Premature end of file.
2025-06-20 03:39:07,881 [ERROR] LogOutputStream:75 - [STDERR_REDIRECT] 
2025-06-20 03:39:08,880 [ERROR] LogOutputStream:75 - [STDERR_REDIRECT] [Fatal Error] :1:1: Premature end of file.
2025-06-20 03:39:08,880 [ERROR] LogOutputStream:75 - [STDERR_REDIRECT] 
2025-06-20 03:39:09,880 [ERROR] LogOutputStream:75 - [STDERR_REDIRECT] [Fatal Error] :1:1: Premature end of file.
2025-06-20 03:39:09,880 [ERROR] LogOutputStream:75 - [STDERR_REDIRECT] 
2025-06-20 03:39:10,880 [ERROR] LogOutputStream:75 - [STDERR_REDIRECT] [Fatal Error] :1:1: Premature end of file.
2025-06-20 03:39:10,880 [ERROR] LogOutputStream:75 - [STDERR_REDIRECT] 
2025-06-20 03:39:11,881 [ERROR] LogOutputStream:75 - [STDERR_REDIRECT] [Fatal Error] :1:1: Premature end of file.
2025-06-20 03:39:11,881 [ERROR] LogOutputStream:75 - [STDERR_REDIRECT] 
2025-06-20 03:39:12,881 [ERROR] LogOutputStream:75 - [STDERR_REDIRECT] [Fatal Error] :1:1: Premature end of file.
2025-06-20 03:39:12,881 [ERROR] LogOutputStream:75 - [STDERR_REDIRECT] 
2025-06-20 03:39:13,881 [ERROR] LogOutputStream:75 - [STDERR_REDIRECT] [Fatal Error] :1:1: Premature end of file.
2025-06-20 03:39:13,881 [ERROR] LogOutputStream:75 - [STDERR_REDIRECT] 
2025-06-20 03:39:14,881 [ERROR] LogOutputStream:75 - [STDERR_REDIRECT] [Fatal Error] :1:1: Premature end of file.
2025-06-20 03:39:14,881 [ERROR] LogOutputStream:75 - [STDERR_REDIRECT] 
2025-06-20 03:39:15,880 [ERROR] LogOutputStream:75 - [STDERR_REDIRECT] [Fatal Error] :1:1: Premature end of file.
2025-06-20 03:39:15,880 [ERROR] LogOutputStream:75 - [STDERR_REDIRECT] 
2025-06-20 03:39:16,881 [ERROR] LogOutputStream:75 - [STDERR_REDIRECT] [Fatal Error] :1:1: Premature end of file.
2025-06-20 03:39:16,881 [ERROR] LogOutputStream:75 - [STDERR_REDIRECT] 
2025-06-20 03:39:17,880 [ERROR] LogOutputStream:75 - [STDERR_REDIRECT] [Fatal Error] :1:1: Premature end of file.
2025-06-20 03:39:17,880 [ERROR] LogOutputStream:75 - [STDERR_REDIRECT] 
2025-06-20 03:39:18,880 [ERROR] LogOutputStream:75 - [STDERR_REDIRECT] [Fatal Error] :1:1: Premature end of file.
2025-06-20 03:39:18,880 [ERROR] LogOutputStream:75 - [STDERR_REDIRECT] 
2025-06-20 03:39:19,880 [ERROR] LogOutputStream:75 - [STDERR_REDIRECT] [Fatal Error] :1:1: Premature end of file.
2025-06-20 03:39:19,880 [ERROR] LogOutputStream:75 - [STDERR_REDIRECT] 
2025-06-20 03:39:20,880 [ERROR] LogOutputStream:75 - [STDERR_REDIRECT] [Fatal Error] :1:1: Premature end of file.
2025-06-20 03:39:20,880 [ERROR] LogOutputStream:75 - [STDERR_REDIRECT] 
2025-06-20 03:39:21,880 [ERROR] LogOutputStream:75 - [STDERR_REDIRECT] [Fatal Error] :1:1: Premature end of file.
2025-06-20 03:39:21,881 [ERROR] LogOutputStream:75 - [STDERR_REDIRECT] 
2025-06-20 03:39:22,880 [ERROR] LogOutputStream:75 - [STDERR_REDIRECT] [Fatal Error] :1:1: Premature end of file.
2025-06-20 03:39:22,880 [ERROR] LogOutputStream:75 - [STDERR_REDIRECT] 
2025-06-20 03:39:23,882 [ERROR] LogOutputStream:75 - [STDERR_REDIRECT] [Fatal Error] :1:1: Premature end of file.
2025-06-20 03:39:23,882 [ERROR] LogOutputStream:75 - [STDERR_REDIRECT] 
2025-06-20 03:39:24,879 [ERROR] LogOutputStream:75 - [STDERR_REDIRECT] [Fatal Error] :1:1: Premature end of file.
2025-06-20 03:39:24,879 [ERROR] LogOutputStream:75 - [STDERR_REDIRECT] 
2025-06-20 03:39:25,881 [ERROR] LogOutputStream:75 - [STDERR_REDIRECT] [Fatal Error] :1:1: Premature end of file.
2025-06-20 03:39:25,881 [ERROR] LogOutputStream:75 - [STDERR_REDIRECT] 
2025-06-20 03:39:26,881 [ERROR] LogOutputStream:75 - [STDERR_REDIRECT] [Fatal Error] :1:1: Premature end of file.
2025-06-20 03:39:26,881 [ERROR] LogOutputStream:75 - [STDERR_REDIRECT] 
2025-06-20 03:39:27,881 [ERROR] LogOutputStream:75 - [STDERR_REDIRECT] [Fatal Error] :1:1: Premature end of file.
2025-06-20 03:39:27,881 [ERROR] LogOutputStream:75 - [STDERR_REDIRECT] 
2025-06-20 03:39:28,881 [ERROR] LogOutputStream:75 - [STDERR_REDIRECT] [Fatal Error] :1:1: Premature end of file.
2025-06-20 03:39:28,881 [ERROR] LogOutputStream:75 - [STDERR_REDIRECT] 
2025-06-20 03:39:29,880 [ERROR] LogOutputStream:75 - [STDERR_REDIRECT] [Fatal Error] :1:1: Premature end of file.
2025-06-20 03:39:29,880 [ERROR] LogOutputStream:75 - [STDERR_REDIRECT] 
2025-06-20 03:39:30,881 [ERROR] LogOutputStream:75 - [STDERR_REDIRECT] [Fatal Error] :1:1: Premature end of file.
2025-06-20 03:39:30,881 [ERROR] LogOutputStream:75 - [STDERR_REDIRECT] 
2025-06-20 03:39:31,881 [ERROR] LogOutputStream:75 - [STDERR_REDIRECT] [Fatal Error] :1:1: Premature end of file.
2025-06-20 03:39:31,881 [ERROR] LogOutputStream:75 - [STDERR_REDIRECT] 
2025-06-20 03:39:32,880 [ERROR] LogOutputStream:75 - [STDERR_REDIRECT] [Fatal Error] :1:1: Premature end of file.
2025-06-20 03:39:32,880 [ERROR] LogOutputStream:75 - [STDERR_REDIRECT] 
2025-06-20 03:39:33,880 [ERROR] LogOutputStream:75 - [STDERR_REDIRECT] [Fatal Error] :1:1: Premature end of file.
2025-06-20 03:39:33,881 [ERROR] LogOutputStream:75 - [STDERR_REDIRECT] 
2025-06-20 03:39:34,881 [ERROR] LogOutputStream:75 - [STDERR_REDIRECT] [Fatal Error] :1:1: Premature end of file.
2025-06-20 03:39:34,881 [ERROR] LogOutputStream:75 - [STDERR_REDIRECT] 
2025-06-20 03:39:35,881 [ERROR] LogOutputStream:75 - [STDERR_REDIRECT] [Fatal Error] :1:1: Premature end of file.
2025-06-20 03:39:35,881 [ERROR] LogOutputStream:75 - [STDERR_REDIRECT] 
2025-06-20 03:39:36,880 [ERROR] LogOutputStream:75 - [STDERR_REDIRECT] [Fatal Error] :1:1: Premature end of file.
2025-06-20 03:39:36,880 [ERROR] LogOutputStream:75 - [STDERR_REDIRECT] 
2025-06-20 03:39:37,881 [ERROR] LogOutputStream:75 - [STDERR_REDIRECT] [Fatal Error] :1:1: Premature end of file.
2025-06-20 03:39:37,881 [ERROR] LogOutputStream:75 - [STDERR_REDIRECT] 
2025-06-20 03:39:38,880 [ERROR] LogOutputStream:75 - [STDERR_REDIRECT] [Fatal Error] :1:1: Premature end of file.
2025-06-20 03:39:38,880 [ERROR] LogOutputStream:75 - [STDERR_REDIRECT] 
2025-06-20 03:39:39,881 [ERROR] LogOutputStream:75 - [STDERR_REDIRECT] [Fatal Error] :1:1: Premature end of file.
2025-06-20 03:39:39,881 [ERROR] LogOutputStream:75 - [STDERR_REDIRECT] 
2025-06-20 03:39:40,880 [ERROR] LogOutputStream:75 - [STDERR_REDIRECT] [Fatal Error] :1:1: Premature end of file.
2025-06-20 03:39:40,880 [ERROR] LogOutputStream:75 - [STDERR_REDIRECT] 
2025-06-20 03:39:41,881 [ERROR] LogOutputStream:75 - [STDERR_REDIRECT] [Fatal Error] :1:1: Premature end of file.
2025-06-20 03:39:41,881 [ERROR] LogOutputStream:75 - [STDERR_REDIRECT] 
2025-06-20 03:39:42,881 [ERROR] LogOutputStream:75 - [STDERR_REDIRECT] [Fatal Error] :1:1: Premature end of file.
2025-06-20 03:39:42,881 [ERROR] LogOutputStream:75 - [STDERR_REDIRECT] 
2025-06-20 03:39:43,887 [ERROR] LogOutputStream:75 - [STDERR_REDIRECT] [Fatal Error] :1:1: Premature end of file.
2025-06-20 03:39:43,887 [ERROR] LogOutputStream:75 - [STDERR_REDIRECT] 
2025-06-20 03:39:44,881 [ERROR] LogOutputStream:75 - [STDERR_REDIRECT] [Fatal Error] :1:1: Premature end of file.
2025-06-20 03:39:44,881 [ERROR] LogOutputStream:75 - [STDERR_REDIRECT] 
2025-06-20 03:39:45,879 [ERROR] LogOutputStream:75 - [STDERR_REDIRECT] [Fatal Error] :1:1: Premature end of file.
2025-06-20 03:39:45,879 [ERROR] LogOutputStream:75 - [STDERR_REDIRECT] 
2025-06-20 03:39:46,880 [ERROR] LogOutputStream:75 - [STDERR_REDIRECT] [Fatal Error] :1:1: Premature end of file.
2025-06-20 03:39:46,880 [ERROR] LogOutputStream:75 - [STDERR_REDIRECT] 
2025-06-20 03:39:47,881 [ERROR] LogOutputStream:75 - [STDERR_REDIRECT] [Fatal Error] :1:1: Premature end of file.
2025-06-20 03:39:47,881 [ERROR] LogOutputStream:75 - [STDERR_REDIRECT] 
2025-06-20 03:39:48,880 [ERROR] LogOutputStream:75 - [STDERR_REDIRECT] [Fatal Error] :1:1: Premature end of file.
2025-06-20 03:39:48,881 [ERROR] LogOutputStream:75 - [STDERR_REDIRECT] 
2025-06-20 03:39:49,880 [ERROR] LogOutputStream:75 - [STDERR_REDIRECT] [Fatal Error] :1:1: Premature end of file.
2025-06-20 03:39:49,880 [ERROR] LogOutputStream:75 - [STDERR_REDIRECT] 
2025-06-20 03:39:50,882 [ERROR] LogOutputStream:75 - [STDERR_REDIRECT] [Fatal Error] :1:1: Premature end of file.
2025-06-20 03:39:50,882 [ERROR] LogOutputStream:75 - [STDERR_REDIRECT] 
2025-06-20 03:39:51,891 [ERROR] LogOutputStream:75 - [STDERR_REDIRECT] [Fatal Error] :1:1: Premature end of file.
2025-06-20 03:39:51,891 [ERROR] LogOutputStream:75 - [STDERR_REDIRECT] 
2025-06-20 03:39:52,881 [ERROR] LogOutputStream:75 - [STDERR_REDIRECT] [Fatal Error] :1:1: Premature end of file.
2025-06-20 03:39:52,881 [ERROR] LogOutputStream:75 - [STDERR_REDIRECT] 
2025-06-20 03:39:53,879 [ERROR] LogOutputStream:75 - [STDERR_REDIRECT] [Fatal Error] :1:1: Premature end of file.
2025-06-20 03:39:53,880 [ERROR] LogOutputStream:75 - [STDERR_REDIRECT] 
2025-06-20 03:39:54,881 [ERROR] LogOutputStream:75 - [STDERR_REDIRECT] [Fatal Error] :1:1: Premature end of file.
2025-06-20 03:39:54,881 [ERROR] LogOutputStream:75 - [STDERR_REDIRECT] 
2025-06-20 03:39:55,880 [ERROR] LogOutputStream:75 - [STDERR_REDIRECT] [Fatal Error] :1:1: Premature end of file.
2025-06-20 03:39:55,880 [ERROR] LogOutputStream:75 - [STDERR_REDIRECT] 
2025-06-20 03:39:56,881 [ERROR] LogOutputStream:75 - [STDERR_REDIRECT] [Fatal Error] :1:1: Premature end of file.
2025-06-20 03:39:56,882 [ERROR] LogOutputStream:75 - [STDERR_REDIRECT] 
2025-06-20 03:39:57,881 [ERROR] LogOutputStream:75 - [STDERR_REDIRECT] [Fatal Error] :1:1: Premature end of file.
2025-06-20 03:39:57,881 [ERROR] LogOutputStream:75 - [STDERR_REDIRECT] 
2025-06-20 03:39:58,880 [ERROR] LogOutputStream:75 - [STDERR_REDIRECT] [Fatal Error] :1:1: Premature end of file.
2025-06-20 03:39:58,880 [ERROR] LogOutputStream:75 - [STDERR_REDIRECT] 
2025-06-20 03:39:59,882 [ERROR] LogOutputStream:75 - [STDERR_REDIRECT] [Fatal Error] :1:1: Premature end of file.
2025-06-20 03:39:59,882 [ERROR] LogOutputStream:75 - [STDERR_REDIRECT] 
2025-06-20 03:40:00,881 [ERROR] LogOutputStream:75 - [STDERR_REDIRECT] [Fatal Error] :1:1: Premature end of file.
2025-06-20 03:40:00,881 [ERROR] LogOutputStream:75 - [STDERR_REDIRECT] 
2025-06-20 03:40:01,882 [ERROR] LogOutputStream:75 - [STDERR_REDIRECT] [Fatal Error] :1:1: Premature end of file.
2025-06-20 03:40:01,882 [ERROR] LogOutputStream:75 - [STDERR_REDIRECT] 
2025-06-20 03:40:02,880 [ERROR] LogOutputStream:75 - [STDERR_REDIRECT] [Fatal Error] :1:1: Premature end of file.
2025-06-20 03:40:02,880 [ERROR] LogOutputStream:75 - [STDERR_REDIRECT] 
2025-06-20 03:40:03,881 [ERROR] LogOutputStream:75 - [STDERR_REDIRECT] [Fatal Error] :1:1: Premature end of file.
2025-06-20 03:40:03,881 [ERROR] LogOutputStream:75 - [STDERR_REDIRECT] 
2025-06-20 03:40:04,880 [ERROR] LogOutputStream:75 - [STDERR_REDIRECT] [Fatal Error] :1:1: Premature end of file.
2025-06-20 03:40:04,880 [ERROR] LogOutputStream:75 - [STDERR_REDIRECT] 
2025-06-20 03:40:05,880 [ERROR] LogOutputStream:75 - [STDERR_REDIRECT] [Fatal Error] :1:1: Premature end of file.
2025-06-20 03:40:05,880 [ERROR] LogOutputStream:75 - [STDERR_REDIRECT] 
2025-06-20 03:40:06,881 [ERROR] LogOutputStream:75 - [STDERR_REDIRECT] [Fatal Error] :1:1: Premature end of file.
2025-06-20 03:40:06,882 [ERROR] LogOutputStream:75 - [STDERR_REDIRECT] 
2025-06-20 03:40:07,881 [ERROR] LogOutputStream:75 - [STDERR_REDIRECT] [Fatal Error] :1:1: Premature end of file.
2025-06-20 03:40:07,881 [ERROR] LogOutputStream:75 - [STDERR_REDIRECT] 
2025-06-20 03:40:08,880 [ERROR] LogOutputStream:75 - [STDERR_REDIRECT] [Fatal Error] :1:1: Premature end of file.
2025-06-20 03:40:08,880 [ERROR] LogOutputStream:75 - [STDERR_REDIRECT] 
2025-06-20 03:40:09,880 [ERROR] LogOutputStream:75 - [STDERR_REDIRECT] [Fatal Error] :1:1: Premature end of file.
2025-06-20 03:40:09,880 [ERROR] LogOutputStream:75 - [STDERR_REDIRECT] 
2025-06-20 03:40:10,880 [ERROR] LogOutputStream:75 - [STDERR_REDIRECT] [Fatal Error] :1:1: Premature end of file.
2025-06-20 03:40:10,880 [ERROR] LogOutputStream:75 - [STDERR_REDIRECT] 
2025-06-20 03:40:11,879 [ERROR] LogOutputStream:75 - [STDERR_REDIRECT] [Fatal Error] :1:1: Premature end of file.
2025-06-20 03:40:11,879 [ERROR] LogOutputStream:75 - [STDERR_REDIRECT] 
2025-06-20 03:40:12,881 [ERROR] LogOutputStream:75 - [STDERR_REDIRECT] [Fatal Error] :1:1: Premature end of file.
2025-06-20 03:40:12,881 [ERROR] LogOutputStream:75 - [STDERR_REDIRECT] 
2025-06-20 03:40:13,881 [ERROR] LogOutputStream:75 - [STDERR_REDIRECT] [Fatal Error] :1:1: Premature end of file.
2025-06-20 03:40:13,881 [ERROR] LogOutputStream:75 - [STDERR_REDIRECT] 
2025-06-20 03:40:14,881 [ERROR] LogOutputStream:75 - [STDERR_REDIRECT] [Fatal Error] :1:1: Premature end of file.
2025-06-20 03:40:14,881 [ERROR] LogOutputStream:75 - [STDERR_REDIRECT] 
2025-06-20 03:40:15,881 [ERROR] LogOutputStream:75 - [STDERR_REDIRECT] [Fatal Error] :1:1: Premature end of file.
2025-06-20 03:40:15,881 [ERROR] LogOutputStream:75 - [STDERR_REDIRECT] 
2025-06-20 03:40:16,879 [ERROR] LogOutputStream:75 - [STDERR_REDIRECT] [Fatal Error] :1:1: Premature end of file.
2025-06-20 03:40:16,879 [ERROR] LogOutputStream:75 - [STDERR_REDIRECT] 
2025-06-20 03:40:17,881 [ERROR] LogOutputStream:75 - [STDERR_REDIRECT] [Fatal Error] :1:1: Premature end of file.
2025-06-20 03:40:17,881 [ERROR] LogOutputStream:75 - [STDERR_REDIRECT] 
2025-06-20 03:40:18,880 [ERROR] LogOutputStream:75 - [STDERR_REDIRECT] [Fatal Error] :1:1: Premature end of file.
2025-06-20 03:40:18,881 [ERROR] LogOutputStream:75 - [STDERR_REDIRECT] 
2025-06-20 03:40:19,880 [ERROR] LogOutputStream:75 - [STDERR_REDIRECT] [Fatal Error] :1:1: Premature end of file.
2025-06-20 03:40:19,880 [ERROR] LogOutputStream:75 - [STDERR_REDIRECT] 
2025-06-20 03:40:20,880 [ERROR] LogOutputStream:75 - [STDERR_REDIRECT] [Fatal Error] :1:1: Premature end of file.
2025-06-20 03:40:20,880 [ERROR] LogOutputStream:75 - [STDERR_REDIRECT] 
2025-06-20 03:40:21,881 [ERROR] LogOutputStream:75 - [STDERR_REDIRECT] [Fatal Error] :1:1: Premature end of file.
2025-06-20 03:40:21,881 [ERROR] LogOutputStream:75 - [STDERR_REDIRECT] 
2025-06-20 03:40:22,882 [ERROR] LogOutputStream:75 - [STDERR_REDIRECT] [Fatal Error] :1:1: Premature end of file.
2025-06-20 03:40:22,882 [ERROR] LogOutputStream:75 - [STDERR_REDIRECT] 
2025-06-20 03:40:23,882 [ERROR] LogOutputStream:75 - [STDERR_REDIRECT] [Fatal Error] :1:1: Premature end of file.
2025-06-20 03:40:23,882 [ERROR] LogOutputStream:75 - [STDERR_REDIRECT] 
2025-06-20 03:40:24,880 [ERROR] LogOutputStream:75 - [STDERR_REDIRECT] [Fatal Error] :1:1: Premature end of file.
2025-06-20 03:40:24,880 [ERROR] LogOutputStream:75 - [STDERR_REDIRECT] 
2025-06-20 03:40:25,880 [ERROR] LogOutputStream:75 - [STDERR_REDIRECT] [Fatal Error] :1:1: Premature end of file.
2025-06-20 03:40:25,880 [ERROR] LogOutputStream:75 - [STDERR_REDIRECT] 
2025-06-20 03:40:26,880 [ERROR] LogOutputStream:75 - [STDERR_REDIRECT] [Fatal Error] :1:1: Premature end of file.
2025-06-20 03:40:26,881 [ERROR] LogOutputStream:75 - [STDERR_REDIRECT] 
2025-06-20 03:40:27,879 [ERROR] LogOutputStream:75 - [STDERR_REDIRECT] [Fatal Error] :1:1: Premature end of file.
2025-06-20 03:40:27,879 [ERROR] LogOutputStream:75 - [STDERR_REDIRECT] 
2025-06-20 03:40:28,881 [ERROR] LogOutputStream:75 - [STDERR_REDIRECT] [Fatal Error] :1:1: Premature end of file.
2025-06-20 03:40:28,881 [ERROR] LogOutputStream:75 - [STDERR_REDIRECT] 
2025-06-20 03:40:29,880 [ERROR] LogOutputStream:75 - [STDERR_REDIRECT] [Fatal Error] :1:1: Premature end of file.
2025-06-20 03:40:29,880 [ERROR] LogOutputStream:75 - [STDERR_REDIRECT] 
2025-06-20 03:40:30,880 [ERROR] LogOutputStream:75 - [STDERR_REDIRECT] [Fatal Error] :1:1: Premature end of file.
2025-06-20 03:40:30,880 [ERROR] LogOutputStream:75 - [STDERR_REDIRECT] 
2025-06-20 03:40:31,879 [ERROR] LogOutputStream:75 - [STDERR_REDIRECT] [Fatal Error] :1:1: Premature end of file.
2025-06-20 03:40:31,880 [ERROR] LogOutputStream:75 - [STDERR_REDIRECT] 
2025-06-20 03:40:32,881 [ERROR] LogOutputStream:75 - [STDERR_REDIRECT] [Fatal Error] :1:1: Premature end of file.
2025-06-20 03:40:32,881 [ERROR] LogOutputStream:75 - [STDERR_REDIRECT] 
2025-06-20 03:40:33,881 [ERROR] LogOutputStream:75 - [STDERR_REDIRECT] [Fatal Error] :1:1: Premature end of file.
2025-06-20 03:40:33,882 [ERROR] LogOutputStream:75 - [STDERR_REDIRECT] 
2025-06-20 03:40:34,883 [ERROR] LogOutputStream:75 - [STDERR_REDIRECT] [Fatal Error] :1:1: Premature end of file.
2025-06-20 03:40:34,883 [ERROR] LogOutputStream:75 - [STDERR_REDIRECT] 
2025-06-20 03:40:35,883 [ERROR] LogOutputStream:75 - [STDERR_REDIRECT] [Fatal Error] :1:1: Premature end of file.
2025-06-20 03:40:35,883 [ERROR] LogOutputStream:75 - [STDERR_REDIRECT] 
2025-06-20 03:40:36,881 [ERROR] LogOutputStream:75 - [STDERR_REDIRECT] [Fatal Error] :1:1: Premature end of file.
2025-06-20 03:40:36,881 [ERROR] LogOutputStream:75 - [STDERR_REDIRECT] 
2025-06-20 03:40:37,881 [ERROR] LogOutputStream:75 - [STDERR_REDIRECT] [Fatal Error] :1:1: Premature end of file.
2025-06-20 03:40:37,881 [ERROR] LogOutputStream:75 - [STDERR_REDIRECT] 
2025-06-20 03:40:38,881 [ERROR] LogOutputStream:75 - [STDERR_REDIRECT] [Fatal Error] :1:1: Premature end of file.
2025-06-20 03:40:38,881 [ERROR] LogOutputStream:75 - [STDERR_REDIRECT] 
2025-06-20 03:40:39,880 [ERROR] LogOutputStream:75 - [STDERR_REDIRECT] [Fatal Error] :1:1: Premature end of file.
2025-06-20 03:40:39,880 [ERROR] LogOutputStream:75 - [STDERR_REDIRECT] 
2025-06-20 03:40:40,881 [ERROR] LogOutputStream:75 - [STDERR_REDIRECT] [Fatal Error] :1:1: Premature end of file.
2025-06-20 03:40:40,881 [ERROR] LogOutputStream:75 - [STDERR_REDIRECT] 
2025-06-20 03:40:41,882 [ERROR] LogOutputStream:75 - [STDERR_REDIRECT] [Fatal Error] :1:1: Premature end of file.
2025-06-20 03:40:41,882 [ERROR] LogOutputStream:75 - [STDERR_REDIRECT] 
2025-06-20 03:40:42,881 [ERROR] LogOutputStream:75 - [STDERR_REDIRECT] [Fatal Error] :1:1: Premature end of file.
2025-06-20 03:40:42,881 [ERROR] LogOutputStream:75 - [STDERR_REDIRECT] 
2025-06-20 03:40:43,883 [ERROR] LogOutputStream:75 - [STDERR_REDIRECT] [Fatal Error] :1:1: Premature end of file.
2025-06-20 03:40:43,883 [ERROR] LogOutputStream:75 - [STDERR_REDIRECT] 
2025-06-20 03:40:44,880 [ERROR] LogOutputStream:75 - [STDERR_REDIRECT] [Fatal Error] :1:1: Premature end of file.
2025-06-20 03:40:44,881 [ERROR] LogOutputStream:75 - [STDERR_REDIRECT] 
2025-06-20 03:40:45,889 [ERROR] LogOutputStream:75 - [STDERR_REDIRECT] [Fatal Error] :1:1: Premature end of file.
2025-06-20 03:40:45,889 [ERROR] LogOutputStream:75 - [STDERR_REDIRECT] 
2025-06-20 03:40:46,881 [ERROR] LogOutputStream:75 - [STDERR_REDIRECT] [Fatal Error] :1:1: Premature end of file.
2025-06-20 03:40:46,881 [ERROR] LogOutputStream:75 - [STDERR_REDIRECT] 
2025-06-20 03:40:47,881 [ERROR] LogOutputStream:75 - [STDERR_REDIRECT] [Fatal Error] :1:1: Premature end of file.
2025-06-20 03:40:47,881 [ERROR] LogOutputStream:75 - [STDERR_REDIRECT] 
2025-06-20 03:40:48,881 [ERROR] LogOutputStream:75 - [STDERR_REDIRECT] [Fatal Error] :1:1: Premature end of file.
2025-06-20 03:40:48,881 [ERROR] LogOutputStream:75 - [STDERR_REDIRECT] 
2025-06-20 03:40:49,881 [ERROR] LogOutputStream:75 - [STDERR_REDIRECT] [Fatal Error] :1:1: Premature end of file.
2025-06-20 03:40:49,881 [ERROR] LogOutputStream:75 - [STDERR_REDIRECT] 
2025-06-20 03:40:50,880 [ERROR] LogOutputStream:75 - [STDERR_REDIRECT] [Fatal Error] :1:1: Premature end of file.
2025-06-20 03:40:50,880 [ERROR] LogOutputStream:75 - [STDERR_REDIRECT] 
2025-06-20 03:40:51,882 [ERROR] LogOutputStream:75 - [STDERR_REDIRECT] [Fatal Error] :1:1: Premature end of file.
2025-06-20 03:40:51,882 [ERROR] LogOutputStream:75 - [STDERR_REDIRECT] 
2025-06-20 03:40:52,880 [ERROR] LogOutputStream:75 - [STDERR_REDIRECT] [Fatal Error] :1:1: Premature end of file.
2025-06-20 03:40:52,880 [ERROR] LogOutputStream:75 - [STDERR_REDIRECT] 
2025-06-20 03:40:53,880 [ERROR] LogOutputStream:75 - [STDERR_REDIRECT] [Fatal Error] :1:1: Premature end of file.
2025-06-20 03:40:53,880 [ERROR] LogOutputStream:75 - [STDERR_REDIRECT] 
2025-06-20 03:40:54,881 [ERROR] LogOutputStream:75 - [STDERR_REDIRECT] [Fatal Error] :1:1: Premature end of file.
2025-06-20 03:40:54,881 [ERROR] LogOutputStream:75 - [STDERR_REDIRECT] 
2025-06-20 03:40:55,880 [ERROR] LogOutputStream:75 - [STDERR_REDIRECT] [Fatal Error] :1:1: Premature end of file.
2025-06-20 03:40:55,880 [ERROR] LogOutputStream:75 - [STDERR_REDIRECT] 
2025-06-20 03:40:56,880 [ERROR] LogOutputStream:75 - [STDERR_REDIRECT] [Fatal Error] :1:1: Premature end of file.
2025-06-20 03:40:56,880 [ERROR] LogOutputStream:75 - [STDERR_REDIRECT] 
2025-06-20 03:40:57,881 [ERROR] LogOutputStream:75 - [STDERR_REDIRECT] [Fatal Error] :1:1: Premature end of file.
2025-06-20 03:40:57,881 [ERROR] LogOutputStream:75 - [STDERR_REDIRECT] 
2025-06-20 03:40:58,880 [ERROR] LogOutputStream:75 - [STDERR_REDIRECT] [Fatal Error] :1:1: Premature end of file.
2025-06-20 03:40:58,880 [ERROR] LogOutputStream:75 - [STDERR_REDIRECT] 
2025-06-20 03:40:59,879 [ERROR] LogOutputStream:75 - [STDERR_REDIRECT] [Fatal Error] :1:1: Premature end of file.
2025-06-20 03:40:59,879 [ERROR] LogOutputStream:75 - [STDERR_REDIRECT] 
2025-06-20 03:41:00,881 [ERROR] LogOutputStream:75 - [STDERR_REDIRECT] [Fatal Error] :1:1: Premature end of file.
2025-06-20 03:41:00,881 [ERROR] LogOutputStream:75 - [STDERR_REDIRECT] 
2025-06-20 03:41:01,880 [ERROR] LogOutputStream:75 - [STDERR_REDIRECT] [Fatal Error] :1:1: Premature end of file.
2025-06-20 03:41:01,880 [ERROR] LogOutputStream:75 - [STDERR_REDIRECT] 
2025-06-20 03:41:02,880 [ERROR] LogOutputStream:75 - [STDERR_REDIRECT] [Fatal Error] :1:1: Premature end of file.
2025-06-20 03:41:02,880 [ERROR] LogOutputStream:75 - [STDERR_REDIRECT] 
2025-06-20 03:41:03,880 [ERROR] LogOutputStream:75 - [STDERR_REDIRECT] [Fatal Error] :1:1: Premature end of file.
2025-06-20 03:41:03,880 [ERROR] LogOutputStream:75 - [STDERR_REDIRECT] 
2025-06-20 03:41:04,881 [ERROR] LogOutputStream:75 - [STDERR_REDIRECT] [Fatal Error] :1:1: Premature end of file.
2025-06-20 03:41:04,881 [ERROR] LogOutputStream:75 - [STDERR_REDIRECT] 
2025-06-20 03:41:05,881 [ERROR] LogOutputStream:75 - [STDERR_REDIRECT] [Fatal Error] :1:1: Premature end of file.
2025-06-20 03:41:05,881 [ERROR] LogOutputStream:75 - [STDERR_REDIRECT] 
2025-06-20 03:41:06,879 [ERROR] LogOutputStream:75 - [STDERR_REDIRECT] [Fatal Error] :1:1: Premature end of file.
2025-06-20 03:41:06,880 [ERROR] LogOutputStream:75 - [STDERR_REDIRECT] 
2025-06-20 03:41:07,881 [ERROR] LogOutputStream:75 - [STDERR_REDIRECT] [Fatal Error] :1:1: Premature end of file.
2025-06-20 03:41:07,881 [ERROR] LogOutputStream:75 - [STDERR_REDIRECT] 
2025-06-20 03:41:08,880 [ERROR] LogOutputStream:75 - [STDERR_REDIRECT] [Fatal Error] :1:1: Premature end of file.
2025-06-20 03:41:08,881 [ERROR] LogOutputStream:75 - [STDERR_REDIRECT] 
2025-06-20 03:41:09,880 [ERROR] LogOutputStream:75 - [STDERR_REDIRECT] [Fatal Error] :1:1: Premature end of file.
2025-06-20 03:41:09,880 [ERROR] LogOutputStream:75 - [STDERR_REDIRECT] 
2025-06-20 03:41:10,882 [ERROR] LogOutputStream:75 - [STDERR_REDIRECT] [Fatal Error] :1:1: Premature end of file.
2025-06-20 03:41:10,882 [ERROR] LogOutputStream:75 - [STDERR_REDIRECT] 
2025-06-20 03:41:11,880 [ERROR] LogOutputStream:75 - [STDERR_REDIRECT] [Fatal Error] :1:1: Premature end of file.
2025-06-20 03:41:11,880 [ERROR] LogOutputStream:75 - [STDERR_REDIRECT] 
2025-06-20 03:41:12,880 [ERROR] LogOutputStream:75 - [STDERR_REDIRECT] [Fatal Error] :1:1: Premature end of file.
2025-06-20 03:41:12,880 [ERROR] LogOutputStream:75 - [STDERR_REDIRECT] 
2025-06-20 03:41:13,880 [ERROR] LogOutputStream:75 - [STDERR_REDIRECT] [Fatal Error] :1:1: Premature end of file.
2025-06-20 03:41:13,880 [ERROR] LogOutputStream:75 - [STDERR_REDIRECT] 
2025-06-20 03:41:14,881 [ERROR] LogOutputStream:75 - [STDERR_REDIRECT] [Fatal Error] :1:1: Premature end of file.
2025-06-20 03:41:14,881 [ERROR] LogOutputStream:75 - [STDERR_REDIRECT] 
2025-06-20 03:41:15,891 [ERROR] LogOutputStream:75 - [STDERR_REDIRECT] [Fatal Error] :1:1: Premature end of file.
2025-06-20 03:41:15,892 [ERROR] LogOutputStream:75 - [STDERR_REDIRECT] 
2025-06-20 03:41:16,880 [ERROR] LogOutputStream:75 - [STDERR_REDIRECT] [Fatal Error] :1:1: Premature end of file.
2025-06-20 03:41:16,880 [ERROR] LogOutputStream:75 - [STDERR_REDIRECT] 
2025-06-20 03:41:17,879 [ERROR] LogOutputStream:75 - [STDERR_REDIRECT] [Fatal Error] :1:1: Premature end of file.
2025-06-20 03:41:17,879 [ERROR] LogOutputStream:75 - [STDERR_REDIRECT] 
2025-06-20 03:41:18,880 [ERROR] LogOutputStream:75 - [STDERR_REDIRECT] [Fatal Error] :1:1: Premature end of file.
2025-06-20 03:41:18,880 [ERROR] LogOutputStream:75 - [STDERR_REDIRECT] 
2025-06-20 03:41:19,881 [ERROR] LogOutputStream:75 - [STDERR_REDIRECT] [Fatal Error] :1:1: Premature end of file.
2025-06-20 03:41:19,881 [ERROR] LogOutputStream:75 - [STDERR_REDIRECT] 
2025-06-20 03:41:20,882 [ERROR] LogOutputStream:75 - [STDERR_REDIRECT] [Fatal Error] :1:1: Premature end of file.
2025-06-20 03:41:20,882 [ERROR] LogOutputStream:75 - [STDERR_REDIRECT] 
2025-06-20 03:41:21,879 [ERROR] LogOutputStream:75 - [STDERR_REDIRECT] [Fatal Error] :1:1: Premature end of file.
2025-06-20 03:41:21,879 [ERROR] LogOutputStream:75 - [STDERR_REDIRECT] 
2025-06-20 03:41:22,881 [ERROR] LogOutputStream:75 - [STDERR_REDIRECT] [Fatal Error] :1:1: Premature end of file.
2025-06-20 03:41:22,881 [ERROR] LogOutputStream:75 - [STDERR_REDIRECT] 
2025-06-20 03:41:23,880 [ERROR] LogOutputStream:75 - [STDERR_REDIRECT] [Fatal Error] :1:1: Premature end of file.
2025-06-20 03:41:23,881 [ERROR] LogOutputStream:75 - [STDERR_REDIRECT] 
2025-06-20 03:41:24,878 [ERROR] LogOutputStream:75 - [STDERR_REDIRECT] [Fatal Error] :1:1: Premature end of file.
2025-06-20 03:41:24,878 [ERROR] LogOutputStream:75 - [STDERR_REDIRECT] 
2025-06-20 03:41:25,881 [ERROR] LogOutputStream:75 - [STDERR_REDIRECT] [Fatal Error] :1:1: Premature end of file.
2025-06-20 03:41:25,881 [ERROR] LogOutputStream:75 - [STDERR_REDIRECT] 
2025-06-20 03:41:26,881 [ERROR] LogOutputStream:75 - [STDERR_REDIRECT] [Fatal Error] :1:1: Premature end of file.
2025-06-20 03:41:26,881 [ERROR] LogOutputStream:75 - [STDERR_REDIRECT] 
2025-06-20 03:41:27,881 [ERROR] LogOutputStream:75 - [STDERR_REDIRECT] [Fatal Error] :1:1: Premature end of file.
2025-06-20 03:41:27,881 [ERROR] LogOutputStream:75 - [STDERR_REDIRECT] 
2025-06-20 03:41:28,881 [ERROR] LogOutputStream:75 - [STDERR_REDIRECT] [Fatal Error] :1:1: Premature end of file.
2025-06-20 03:41:28,881 [ERROR] LogOutputStream:75 - [STDERR_REDIRECT] 
2025-06-20 03:41:29,886 [ERROR] LogOutputStream:75 - [STDERR_REDIRECT] [Fatal Error] :1:1: Premature end of file.
2025-06-20 03:41:29,886 [ERROR] LogOutputStream:75 - [STDERR_REDIRECT] 
2025-06-20 03:41:30,882 [ERROR] LogOutputStream:75 - [STDERR_REDIRECT] [Fatal Error] :1:1: Premature end of file.
2025-06-20 03:41:30,882 [ERROR] LogOutputStream:75 - [STDERR_REDIRECT] 
2025-06-20 03:41:31,881 [ERROR] LogOutputStream:75 - [STDERR_REDIRECT] [Fatal Error] :1:1: Premature end of file.
2025-06-20 03:41:31,881 [ERROR] LogOutputStream:75 - [STDERR_REDIRECT] 
2025-06-20 03:41:32,882 [ERROR] LogOutputStream:75 - [STDERR_REDIRECT] [Fatal Error] :1:1: Premature end of file.
2025-06-20 03:41:32,882 [ERROR] LogOutputStream:75 - [STDERR_REDIRECT] 
2025-06-20 03:41:33,880 [ERROR] LogOutputStream:75 - [STDERR_REDIRECT] [Fatal Error] :1:1: Premature end of file.
2025-06-20 03:41:33,880 [ERROR] LogOutputStream:75 - [STDERR_REDIRECT] 
2025-06-20 03:41:34,884 [ERROR] LogOutputStream:75 - [STDERR_REDIRECT] [Fatal Error] :1:1: Premature end of file.
2025-06-20 03:41:34,885 [ERROR] LogOutputStream:75 - [STDERR_REDIRECT] 
2025-06-20 03:41:35,880 [ERROR] LogOutputStream:75 - [STDERR_REDIRECT] [Fatal Error] :1:1: Premature end of file.
2025-06-20 03:41:35,880 [ERROR] LogOutputStream:75 - [STDERR_REDIRECT] 
2025-06-20 03:41:36,881 [ERROR] LogOutputStream:75 - [STDERR_REDIRECT] [Fatal Error] :1:1: Premature end of file.
2025-06-20 03:41:36,881 [ERROR] LogOutputStream:75 - [STDERR_REDIRECT] 
2025-06-20 03:41:37,880 [ERROR] LogOutputStream:75 - [STDERR_REDIRECT] [Fatal Error] :1:1: Premature end of file.
2025-06-20 03:41:37,880 [ERROR] LogOutputStream:75 - [STDERR_REDIRECT] 
2025-06-20 03:41:38,879 [ERROR] LogOutputStream:75 - [STDERR_REDIRECT] [Fatal Error] :1:1: Premature end of file.
2025-06-20 03:41:38,879 [ERROR] LogOutputStream:75 - [STDERR_REDIRECT] 
2025-06-20 03:41:39,881 [ERROR] LogOutputStream:75 - [STDERR_REDIRECT] [Fatal Error] :1:1: Premature end of file.
2025-06-20 03:41:39,881 [ERROR] LogOutputStream:75 - [STDERR_REDIRECT] 
2025-06-20 03:41:40,881 [ERROR] LogOutputStream:75 - [STDERR_REDIRECT] [Fatal Error] :1:1: Premature end of file.
2025-06-20 03:41:40,881 [ERROR] LogOutputStream:75 - [STDERR_REDIRECT] 
2025-06-20 03:41:41,881 [ERROR] LogOutputStream:75 - [STDERR_REDIRECT] [Fatal Error] :1:1: Premature end of file.
2025-06-20 03:41:41,881 [ERROR] LogOutputStream:75 - [STDERR_REDIRECT] 
2025-06-20 03:41:42,879 [ERROR] LogOutputStream:75 - [STDERR_REDIRECT] [Fatal Error] :1:1: Premature end of file.
2025-06-20 03:41:42,879 [ERROR] LogOutputStream:75 - [STDERR_REDIRECT] 
2025-06-20 03:41:43,882 [ERROR] LogOutputStream:75 - [STDERR_REDIRECT] [Fatal Error] :1:1: Premature end of file.
2025-06-20 03:41:43,882 [ERROR] LogOutputStream:75 - [STDERR_REDIRECT] 
2025-06-20 03:41:44,880 [ERROR] LogOutputStream:75 - [STDERR_REDIRECT] [Fatal Error] :1:1: Premature end of file.
2025-06-20 03:41:44,880 [ERROR] LogOutputStream:75 - [STDERR_REDIRECT] 
2025-06-20 03:41:45,881 [ERROR] LogOutputStream:75 - [STDERR_REDIRECT] [Fatal Error] :1:1: Premature end of file.
2025-06-20 03:41:45,881 [ERROR] LogOutputStream:75 - [STDERR_REDIRECT] 
2025-06-20 03:41:46,879 [ERROR] LogOutputStream:75 - [STDERR_REDIRECT] [Fatal Error] :1:1: Premature end of file.
2025-06-20 03:41:46,879 [ERROR] LogOutputStream:75 - [STDERR_REDIRECT] 
2025-06-20 03:41:47,887 [ERROR] LogOutputStream:75 - [STDERR_REDIRECT] [Fatal Error] :1:1: Premature end of file.
2025-06-20 03:41:47,887 [ERROR] LogOutputStream:75 - [STDERR_REDIRECT] 
2025-06-20 03:41:48,881 [ERROR] LogOutputStream:75 - [STDERR_REDIRECT] [Fatal Error] :1:1: Premature end of file.
2025-06-20 03:41:48,881 [ERROR] LogOutputStream:75 - [STDERR_REDIRECT] 
2025-06-20 03:41:49,880 [ERROR] LogOutputStream:75 - [STDERR_REDIRECT] [Fatal Error] :1:1: Premature end of file.
2025-06-20 03:41:49,880 [ERROR] LogOutputStream:75 - [STDERR_REDIRECT] 
2025-06-20 03:41:50,880 [ERROR] LogOutputStream:75 - [STDERR_REDIRECT] [Fatal Error] :1:1: Premature end of file.
2025-06-20 03:41:50,880 [ERROR] LogOutputStream:75 - [STDERR_REDIRECT] 
2025-06-20 03:41:51,881 [ERROR] LogOutputStream:75 - [STDERR_REDIRECT] [Fatal Error] :1:1: Premature end of file.
2025-06-20 03:41:51,881 [ERROR] LogOutputStream:75 - [STDERR_REDIRECT] 
2025-06-20 03:41:52,880 [ERROR] LogOutputStream:75 - [STDERR_REDIRECT] [Fatal Error] :1:1: Premature end of file.
2025-06-20 03:41:52,880 [ERROR] LogOutputStream:75 - [STDERR_REDIRECT] 
2025-06-20 03:41:53,880 [ERROR] LogOutputStream:75 - [STDERR_REDIRECT] [Fatal Error] :1:1: Premature end of file.
2025-06-20 03:41:53,880 [ERROR] LogOutputStream:75 - [STDERR_REDIRECT] 
2025-06-20 03:41:54,880 [ERROR] LogOutputStream:75 - [STDERR_REDIRECT] [Fatal Error] :1:1: Premature end of file.
2025-06-20 03:41:54,880 [ERROR] LogOutputStream:75 - [STDERR_REDIRECT] 
2025-06-20 03:41:55,881 [ERROR] LogOutputStream:75 - [STDERR_REDIRECT] [Fatal Error] :1:1: Premature end of file.
2025-06-20 03:41:55,881 [ERROR] LogOutputStream:75 - [STDERR_REDIRECT] 
2025-06-20 03:41:56,881 [ERROR] LogOutputStream:75 - [STDERR_REDIRECT] [Fatal Error] :1:1: Premature end of file.
2025-06-20 03:41:56,881 [ERROR] LogOutputStream:75 - [STDERR_REDIRECT] 
2025-06-20 03:41:57,881 [ERROR] LogOutputStream:75 - [STDERR_REDIRECT] [Fatal Error] :1:1: Premature end of file.
2025-06-20 03:41:57,881 [ERROR] LogOutputStream:75 - [STDERR_REDIRECT] 
2025-06-20 03:41:58,881 [ERROR] LogOutputStream:75 - [STDERR_REDIRECT] [Fatal Error] :1:1: Premature end of file.
2025-06-20 03:41:58,881 [ERROR] LogOutputStream:75 - [STDERR_REDIRECT] 
2025-06-20 03:41:59,881 [ERROR] LogOutputStream:75 - [STDERR_REDIRECT] [Fatal Error] :1:1: Premature end of file.
2025-06-20 03:41:59,882 [ERROR] LogOutputStream:75 - [STDERR_REDIRECT] 
2025-06-20 03:42:00,880 [ERROR] LogOutputStream:75 - [STDERR_REDIRECT] [Fatal Error] :1:1: Premature end of file.
2025-06-20 03:42:00,880 [ERROR] LogOutputStream:75 - [STDERR_REDIRECT] 
2025-06-20 03:42:01,880 [ERROR] LogOutputStream:75 - [STDERR_REDIRECT] [Fatal Error] :1:1: Premature end of file.
2025-06-20 03:42:01,880 [ERROR] LogOutputStream:75 - [STDERR_REDIRECT] 
2025-06-20 03:42:02,880 [ERROR] LogOutputStream:75 - [STDERR_REDIRECT] [Fatal Error] :1:1: Premature end of file.
2025-06-20 03:42:02,880 [ERROR] LogOutputStream:75 - [STDERR_REDIRECT] 
2025-06-20 03:42:03,880 [ERROR] LogOutputStream:75 - [STDERR_REDIRECT] [Fatal Error] :1:1: Premature end of file.
2025-06-20 03:42:03,881 [ERROR] LogOutputStream:75 - [STDERR_REDIRECT] 
2025-06-20 03:42:04,881 [ERROR] LogOutputStream:75 - [STDERR_REDIRECT] [Fatal Error] :1:1: Premature end of file.
2025-06-20 03:42:04,881 [ERROR] LogOutputStream:75 - [STDERR_REDIRECT] 
2025-06-20 03:42:05,881 [ERROR] LogOutputStream:75 - [STDERR_REDIRECT] [Fatal Error] :1:1: Premature end of file.
2025-06-20 03:42:05,881 [ERROR] LogOutputStream:75 - [STDERR_REDIRECT] 
2025-06-20 03:42:06,880 [ERROR] LogOutputStream:75 - [STDERR_REDIRECT] [Fatal Error] :1:1: Premature end of file.
2025-06-20 03:42:06,880 [ERROR] LogOutputStream:75 - [STDERR_REDIRECT] 
2025-06-20 03:42:07,880 [ERROR] LogOutputStream:75 - [STDERR_REDIRECT] [Fatal Error] :1:1: Premature end of file.
2025-06-20 03:42:07,880 [ERROR] LogOutputStream:75 - [STDERR_REDIRECT] 
2025-06-20 03:42:08,880 [ERROR] LogOutputStream:75 - [STDERR_REDIRECT] [Fatal Error] :1:1: Premature end of file.
2025-06-20 03:42:08,880 [ERROR] LogOutputStream:75 - [STDERR_REDIRECT] 
2025-06-20 03:42:09,880 [ERROR] LogOutputStream:75 - [STDERR_REDIRECT] [Fatal Error] :1:1: Premature end of file.
2025-06-20 03:42:09,880 [ERROR] LogOutputStream:75 - [STDERR_REDIRECT] 
2025-06-20 03:42:10,879 [ERROR] LogOutputStream:75 - [STDERR_REDIRECT] [Fatal Error] :1:1: Premature end of file.
2025-06-20 03:42:10,880 [ERROR] LogOutputStream:75 - [STDERR_REDIRECT] 
2025-06-20 03:42:11,881 [ERROR] LogOutputStream:75 - [STDERR_REDIRECT] [Fatal Error] :1:1: Premature end of file.
2025-06-20 03:42:11,881 [ERROR] LogOutputStream:75 - [STDERR_REDIRECT] 
2025-06-20 03:42:12,879 [ERROR] LogOutputStream:75 - [STDERR_REDIRECT] [Fatal Error] :1:1: Premature end of file.
2025-06-20 03:42:12,879 [ERROR] LogOutputStream:75 - [STDERR_REDIRECT] 
2025-06-20 03:42:13,880 [ERROR] LogOutputStream:75 - [STDERR_REDIRECT] [Fatal Error] :1:1: Premature end of file.
2025-06-20 03:42:13,880 [ERROR] LogOutputStream:75 - [STDERR_REDIRECT] 
2025-06-20 03:42:14,885 [ERROR] LogOutputStream:75 - [STDERR_REDIRECT] [Fatal Error] :1:1: Premature end of file.
2025-06-20 03:42:14,885 [ERROR] LogOutputStream:75 - [STDERR_REDIRECT] 
2025-06-20 03:42:15,882 [ERROR] LogOutputStream:75 - [STDERR_REDIRECT] [Fatal Error] :1:1: Premature end of file.
2025-06-20 03:42:15,882 [ERROR] LogOutputStream:75 - [STDERR_REDIRECT] 
2025-06-20 03:42:16,880 [ERROR] LogOutputStream:75 - [STDERR_REDIRECT] [Fatal Error] :1:1: Premature end of file.
2025-06-20 03:42:16,880 [ERROR] LogOutputStream:75 - [STDERR_REDIRECT] 
2025-06-20 03:42:17,880 [ERROR] LogOutputStream:75 - [STDERR_REDIRECT] [Fatal Error] :1:1: Premature end of file.
2025-06-20 03:42:17,880 [ERROR] LogOutputStream:75 - [STDERR_REDIRECT] 
2025-06-20 03:42:18,880 [ERROR] LogOutputStream:75 - [STDERR_REDIRECT] [Fatal Error] :1:1: Premature end of file.
2025-06-20 03:42:18,880 [ERROR] LogOutputStream:75 - [STDERR_REDIRECT] 
2025-06-20 03:42:19,881 [ERROR] LogOutputStream:75 - [STDERR_REDIRECT] [Fatal Error] :1:1: Premature end of file.
2025-06-20 03:42:19,881 [ERROR] LogOutputStream:75 - [STDERR_REDIRECT] 
2025-06-20 03:42:20,880 [ERROR] LogOutputStream:75 - [STDERR_REDIRECT] [Fatal Error] :1:1: Premature end of file.
2025-06-20 03:42:20,880 [ERROR] LogOutputStream:75 - [STDERR_REDIRECT] 
2025-06-20 03:42:21,881 [ERROR] LogOutputStream:75 - [STDERR_REDIRECT] [Fatal Error] :1:1: Premature end of file.
2025-06-20 03:42:21,881 [ERROR] LogOutputStream:75 - [STDERR_REDIRECT] 
2025-06-20 03:42:22,879 [ERROR] LogOutputStream:75 - [STDERR_REDIRECT] [Fatal Error] :1:1: Premature end of file.
2025-06-20 03:42:22,879 [ERROR] LogOutputStream:75 - [STDERR_REDIRECT] 
2025-06-20 03:42:23,879 [ERROR] LogOutputStream:75 - [STDERR_REDIRECT] [Fatal Error] :1:1: Premature end of file.
2025-06-20 03:42:23,879 [ERROR] LogOutputStream:75 - [STDERR_REDIRECT] 
2025-06-20 03:42:24,880 [ERROR] LogOutputStream:75 - [STDERR_REDIRECT] [Fatal Error] :1:1: Premature end of file.
2025-06-20 03:42:24,880 [ERROR] LogOutputStream:75 - [STDERR_REDIRECT] 
2025-06-20 03:42:25,880 [ERROR] LogOutputStream:75 - [STDERR_REDIRECT] [Fatal Error] :1:1: Premature end of file.
2025-06-20 03:42:25,880 [ERROR] LogOutputStream:75 - [STDERR_REDIRECT] 
2025-06-20 03:42:26,880 [ERROR] LogOutputStream:75 - [STDERR_REDIRECT] [Fatal Error] :1:1: Premature end of file.
2025-06-20 03:42:26,880 [ERROR] LogOutputStream:75 - [STDERR_REDIRECT] 
2025-06-20 03:42:27,880 [ERROR] LogOutputStream:75 - [STDERR_REDIRECT] [Fatal Error] :1:1: Premature end of file.
2025-06-20 03:42:27,880 [ERROR] LogOutputStream:75 - [STDERR_REDIRECT] 
2025-06-20 03:42:28,879 [ERROR] LogOutputStream:75 - [STDERR_REDIRECT] [Fatal Error] :1:1: Premature end of file.
2025-06-20 03:42:28,879 [ERROR] LogOutputStream:75 - [STDERR_REDIRECT] 
2025-06-20 03:42:29,879 [ERROR] LogOutputStream:75 - [STDERR_REDIRECT] [Fatal Error] :1:1: Premature end of file.
2025-06-20 03:42:29,879 [ERROR] LogOutputStream:75 - [STDERR_REDIRECT] 
2025-06-20 03:42:30,881 [ERROR] LogOutputStream:75 - [STDERR_REDIRECT] [Fatal Error] :1:1: Premature end of file.
2025-06-20 03:42:30,881 [ERROR] LogOutputStream:75 - [STDERR_REDIRECT] 
2025-06-20 03:42:31,879 [ERROR] LogOutputStream:75 - [STDERR_REDIRECT] [Fatal Error] :1:1: Premature end of file.
2025-06-20 03:42:31,879 [ERROR] LogOutputStream:75 - [STDERR_REDIRECT] 
2025-06-20 03:42:32,880 [ERROR] LogOutputStream:75 - [STDERR_REDIRECT] [Fatal Error] :1:1: Premature end of file.
2025-06-20 03:42:32,881 [ERROR] LogOutputStream:75 - [STDERR_REDIRECT] 
2025-06-20 03:42:33,879 [ERROR] LogOutputStream:75 - [STDERR_REDIRECT] [Fatal Error] :1:1: Premature end of file.
2025-06-20 03:42:33,879 [ERROR] LogOutputStream:75 - [STDERR_REDIRECT] 
2025-06-20 03:42:34,881 [ERROR] LogOutputStream:75 - [STDERR_REDIRECT] [Fatal Error] :1:1: Premature end of file.
2025-06-20 03:42:34,881 [ERROR] LogOutputStream:75 - [STDERR_REDIRECT] 
2025-06-20 03:42:35,880 [ERROR] LogOutputStream:75 - [STDERR_REDIRECT] [Fatal Error] :1:1: Premature end of file.
2025-06-20 03:42:35,880 [ERROR] LogOutputStream:75 - [STDERR_REDIRECT] 
2025-06-20 03:42:36,880 [ERROR] LogOutputStream:75 - [STDERR_REDIRECT] [Fatal Error] :1:1: Premature end of file.
2025-06-20 03:42:36,880 [ERROR] LogOutputStream:75 - [STDERR_REDIRECT] 
2025-06-20 03:42:37,880 [ERROR] LogOutputStream:75 - [STDERR_REDIRECT] [Fatal Error] :1:1: Premature end of file.
2025-06-20 03:42:37,880 [ERROR] LogOutputStream:75 - [STDERR_REDIRECT] 
2025-06-20 03:42:38,879 [ERROR] LogOutputStream:75 - [STDERR_REDIRECT] [Fatal Error] :1:1: Premature end of file.
2025-06-20 03:42:38,879 [ERROR] LogOutputStream:75 - [STDERR_REDIRECT] 
2025-06-20 03:42:39,882 [ERROR] LogOutputStream:75 - [STDERR_REDIRECT] [Fatal Error] :1:1: Premature end of file.
2025-06-20 03:42:39,882 [ERROR] LogOutputStream:75 - [STDERR_REDIRECT] 
2025-06-20 03:42:40,878 [ERROR] LogOutputStream:75 - [STDERR_REDIRECT] [Fatal Error] :1:1: Premature end of file.
2025-06-20 03:42:40,878 [ERROR] LogOutputStream:75 - [STDERR_REDIRECT] 
2025-06-20 03:42:41,881 [ERROR] LogOutputStream:75 - [STDERR_REDIRECT] [Fatal Error] :1:1: Premature end of file.
2025-06-20 03:42:41,881 [ERROR] LogOutputStream:75 - [STDERR_REDIRECT] 
2025-06-20 03:42:42,880 [ERROR] LogOutputStream:75 - [STDERR_REDIRECT] [Fatal Error] :1:1: Premature end of file.
2025-06-20 03:42:42,880 [ERROR] LogOutputStream:75 - [STDERR_REDIRECT] 
2025-06-20 03:42:43,881 [ERROR] LogOutputStream:75 - [STDERR_REDIRECT] [Fatal Error] :1:1: Premature end of file.
2025-06-20 03:42:43,881 [ERROR] LogOutputStream:75 - [STDERR_REDIRECT] 
2025-06-20 03:42:44,880 [ERROR] LogOutputStream:75 - [STDERR_REDIRECT] [Fatal Error] :1:1: Premature end of file.
2025-06-20 03:42:44,880 [ERROR] LogOutputStream:75 - [STDERR_REDIRECT] 
2025-06-20 03:42:45,881 [ERROR] LogOutputStream:75 - [STDERR_REDIRECT] [Fatal Error] :1:1: Premature end of file.
2025-06-20 03:42:45,881 [ERROR] LogOutputStream:75 - [STDERR_REDIRECT] 
2025-06-20 03:42:46,880 [ERROR] LogOutputStream:75 - [STDERR_REDIRECT] [Fatal Error] :1:1: Premature end of file.
2025-06-20 03:42:46,880 [ERROR] LogOutputStream:75 - [STDERR_REDIRECT] 
2025-06-20 03:42:47,880 [ERROR] LogOutputStream:75 - [STDERR_REDIRECT] [Fatal Error] :1:1: Premature end of file.
2025-06-20 03:42:47,880 [ERROR] LogOutputStream:75 - [STDERR_REDIRECT] 
2025-06-20 03:42:48,879 [ERROR] LogOutputStream:75 - [STDERR_REDIRECT] [Fatal Error] :1:1: Premature end of file.
2025-06-20 03:42:48,879 [ERROR] LogOutputStream:75 - [STDERR_REDIRECT] 
2025-06-20 03:42:49,881 [ERROR] LogOutputStream:75 - [STDERR_REDIRECT] [Fatal Error] :1:1: Premature end of file.
2025-06-20 03:42:49,881 [ERROR] LogOutputStream:75 - [STDERR_REDIRECT] 
2025-06-20 03:42:50,878 [ERROR] LogOutputStream:75 - [STDERR_REDIRECT] [Fatal Error] :1:1: Premature end of file.
2025-06-20 03:42:50,878 [ERROR] LogOutputStream:75 - [STDERR_REDIRECT] 
2025-06-20 03:42:51,880 [ERROR] LogOutputStream:75 - [STDERR_REDIRECT] [Fatal Error] :1:1: Premature end of file.
2025-06-20 03:42:51,880 [ERROR] LogOutputStream:75 - [STDERR_REDIRECT] 
2025-06-20 03:42:52,880 [ERROR] LogOutputStream:75 - [STDERR_REDIRECT] [Fatal Error] :1:1: Premature end of file.
2025-06-20 03:42:52,880 [ERROR] LogOutputStream:75 - [STDERR_REDIRECT] 
2025-06-20 03:42:53,881 [ERROR] LogOutputStream:75 - [STDERR_REDIRECT] [Fatal Error] :1:1: Premature end of file.
2025-06-20 03:42:53,881 [ERROR] LogOutputStream:75 - [STDERR_REDIRECT] 
2025-06-20 03:42:54,879 [ERROR] LogOutputStream:75 - [STDERR_REDIRECT] [Fatal Error] :1:1: Premature end of file.
2025-06-20 03:42:54,879 [ERROR] LogOutputStream:75 - [STDERR_REDIRECT] 
2025-06-20 03:42:55,878 [ERROR] LogOutputStream:75 - [STDERR_REDIRECT] [Fatal Error] :1:1: Premature end of file.
2025-06-20 03:42:55,878 [ERROR] LogOutputStream:75 - [STDERR_REDIRECT] 
2025-06-20 03:42:56,881 [ERROR] LogOutputStream:75 - [STDERR_REDIRECT] [Fatal Error] :1:1: Premature end of file.
2025-06-20 03:42:56,881 [ERROR] LogOutputStream:75 - [STDERR_REDIRECT] 
2025-06-20 03:42:57,881 [ERROR] LogOutputStream:75 - [STDERR_REDIRECT] [Fatal Error] :1:1: Premature end of file.
2025-06-20 03:42:57,881 [ERROR] LogOutputStream:75 - [STDERR_REDIRECT] 
2025-06-20 03:42:58,881 [ERROR] LogOutputStream:75 - [STDERR_REDIRECT] [Fatal Error] :1:1: Premature end of file.
2025-06-20 03:42:58,881 [ERROR] LogOutputStream:75 - [STDERR_REDIRECT] 
2025-06-20 03:42:59,881 [ERROR] LogOutputStream:75 - [STDERR_REDIRECT] [Fatal Error] :1:1: Premature end of file.
2025-06-20 03:42:59,881 [ERROR] LogOutputStream:75 - [STDERR_REDIRECT] 
2025-06-20 03:43:00,879 [ERROR] LogOutputStream:75 - [STDERR_REDIRECT] [Fatal Error] :1:1: Premature end of file.
2025-06-20 03:43:00,879 [ERROR] LogOutputStream:75 - [STDERR_REDIRECT] 
2025-06-20 03:43:01,880 [ERROR] LogOutputStream:75 - [STDERR_REDIRECT] [Fatal Error] :1:1: Premature end of file.
2025-06-20 03:43:01,880 [ERROR] LogOutputStream:75 - [STDERR_REDIRECT] 
2025-06-20 03:43:02,880 [ERROR] LogOutputStream:75 - [STDERR_REDIRECT] [Fatal Error] :1:1: Premature end of file.
2025-06-20 03:43:02,880 [ERROR] LogOutputStream:75 - [STDERR_REDIRECT] 
2025-06-20 03:43:03,882 [ERROR] LogOutputStream:75 - [STDERR_REDIRECT] [Fatal Error] :1:1: Premature end of file.
2025-06-20 03:43:03,882 [ERROR] LogOutputStream:75 - [STDERR_REDIRECT] 
2025-06-20 03:43:04,881 [ERROR] LogOutputStream:75 - [STDERR_REDIRECT] [Fatal Error] :1:1: Premature end of file.
2025-06-20 03:43:04,881 [ERROR] LogOutputStream:75 - [STDERR_REDIRECT] 
2025-06-20 03:43:05,883 [ERROR] LogOutputStream:75 - [STDERR_REDIRECT] [Fatal Error] :1:1: Premature end of file.
2025-06-20 03:43:05,883 [ERROR] LogOutputStream:75 - [STDERR_REDIRECT] 
2025-06-20 03:43:06,880 [ERROR] LogOutputStream:75 - [STDERR_REDIRECT] [Fatal Error] :1:1: Premature end of file.
2025-06-20 03:43:06,880 [ERROR] LogOutputStream:75 - [STDERR_REDIRECT] 
2025-06-20 03:43:07,881 [ERROR] LogOutputStream:75 - [STDERR_REDIRECT] [Fatal Error] :1:1: Premature end of file.
2025-06-20 03:43:07,882 [ERROR] LogOutputStream:75 - [STDERR_REDIRECT] 
2025-06-20 03:43:08,881 [ERROR] LogOutputStream:75 - [STDERR_REDIRECT] [Fatal Error] :1:1: Premature end of file.
2025-06-20 03:43:08,881 [ERROR] LogOutputStream:75 - [STDERR_REDIRECT] 
2025-06-20 03:43:09,881 [ERROR] LogOutputStream:75 - [STDERR_REDIRECT] [Fatal Error] :1:1: Premature end of file.
2025-06-20 03:43:09,881 [ERROR] LogOutputStream:75 - [STDERR_REDIRECT] 
2025-06-20 03:43:10,884 [ERROR] LogOutputStream:75 - [STDERR_REDIRECT] [Fatal Error] :1:1: Premature end of file.
2025-06-20 03:43:10,884 [ERROR] LogOutputStream:75 - [STDERR_REDIRECT] 
2025-06-20 03:43:11,880 [ERROR] LogOutputStream:75 - [STDERR_REDIRECT] [Fatal Error] :1:1: Premature end of file.
2025-06-20 03:43:11,881 [ERROR] LogOutputStream:75 - [STDERR_REDIRECT] 
2025-06-20 03:43:12,880 [ERROR] LogOutputStream:75 - [STDERR_REDIRECT] [Fatal Error] :1:1: Premature end of file.
2025-06-20 03:43:12,880 [ERROR] LogOutputStream:75 - [STDERR_REDIRECT] 
2025-06-20 03:43:13,881 [ERROR] LogOutputStream:75 - [STDERR_REDIRECT] [Fatal Error] :1:1: Premature end of file.
2025-06-20 03:43:13,881 [ERROR] LogOutputStream:75 - [STDERR_REDIRECT] 
2025-06-20 03:43:14,879 [ERROR] LogOutputStream:75 - [STDERR_REDIRECT] [Fatal Error] :1:1: Premature end of file.
2025-06-20 03:43:14,879 [ERROR] LogOutputStream:75 - [STDERR_REDIRECT] 
2025-06-20 03:43:15,879 [ERROR] LogOutputStream:75 - [STDERR_REDIRECT] [Fatal Error] :1:1: Premature end of file.
2025-06-20 03:43:15,879 [ERROR] LogOutputStream:75 - [STDERR_REDIRECT] 
2025-06-20 03:43:16,879 [ERROR] LogOutputStream:75 - [STDERR_REDIRECT] [Fatal Error] :1:1: Premature end of file.
2025-06-20 03:43:16,879 [ERROR] LogOutputStream:75 - [STDERR_REDIRECT] 
2025-06-20 03:43:17,879 [ERROR] LogOutputStream:75 - [STDERR_REDIRECT] [Fatal Error] :1:1: Premature end of file.
2025-06-20 03:43:17,879 [ERROR] LogOutputStream:75 - [STDERR_REDIRECT] 
2025-06-20 03:43:18,880 [ERROR] LogOutputStream:75 - [STDERR_REDIRECT] [Fatal Error] :1:1: Premature end of file.
2025-06-20 03:43:18,880 [ERROR] LogOutputStream:75 - [STDERR_REDIRECT] 
2025-06-20 03:43:19,880 [ERROR] LogOutputStream:75 - [STDERR_REDIRECT] [Fatal Error] :1:1: Premature end of file.
2025-06-20 03:43:19,880 [ERROR] LogOutputStream:75 - [STDERR_REDIRECT] 
2025-06-20 03:43:20,882 [ERROR] LogOutputStream:75 - [STDERR_REDIRECT] [Fatal Error] :1:1: Premature end of file.
2025-06-20 03:43:20,883 [ERROR] LogOutputStream:75 - [STDERR_REDIRECT] 
2025-06-20 03:43:21,878 [ERROR] LogOutputStream:75 - [STDERR_REDIRECT] [Fatal Error] :1:1: Premature end of file.
2025-06-20 03:43:21,878 [ERROR] LogOutputStream:75 - [STDERR_REDIRECT] 
2025-06-20 03:43:22,882 [ERROR] LogOutputStream:75 - [STDERR_REDIRECT] [Fatal Error] :1:1: Premature end of file.
2025-06-20 03:43:22,883 [ERROR] LogOutputStream:75 - [STDERR_REDIRECT] 
2025-06-20 03:43:23,880 [ERROR] LogOutputStream:75 - [STDERR_REDIRECT] [Fatal Error] :1:1: Premature end of file.
2025-06-20 03:43:23,880 [ERROR] LogOutputStream:75 - [STDERR_REDIRECT] 
2025-06-20 03:43:24,882 [ERROR] LogOutputStream:75 - [STDERR_REDIRECT] [Fatal Error] :1:1: Premature end of file.
2025-06-20 03:43:24,882 [ERROR] LogOutputStream:75 - [STDERR_REDIRECT] 
2025-06-20 03:43:25,880 [ERROR] LogOutputStream:75 - [STDERR_REDIRECT] [Fatal Error] :1:1: Premature end of file.
2025-06-20 03:43:25,880 [ERROR] LogOutputStream:75 - [STDERR_REDIRECT] 
2025-06-20 03:43:26,882 [ERROR] LogOutputStream:75 - [STDERR_REDIRECT] [Fatal Error] :1:1: Premature end of file.
2025-06-20 03:43:26,882 [ERROR] LogOutputStream:75 - [STDERR_REDIRECT] 
2025-06-20 03:43:27,880 [ERROR] LogOutputStream:75 - [STDERR_REDIRECT] [Fatal Error] :1:1: Premature end of file.
2025-06-20 03:43:27,880 [ERROR] LogOutputStream:75 - [STDERR_REDIRECT] 
2025-06-20 03:43:28,880 [ERROR] LogOutputStream:75 - [STDERR_REDIRECT] [Fatal Error] :1:1: Premature end of file.
2025-06-20 03:43:28,880 [ERROR] LogOutputStream:75 - [STDERR_REDIRECT] 
2025-06-20 03:43:29,881 [ERROR] LogOutputStream:75 - [STDERR_REDIRECT] [Fatal Error] :1:1: Premature end of file.
2025-06-20 03:43:29,881 [ERROR] LogOutputStream:75 - [STDERR_REDIRECT] 
2025-06-20 03:43:30,880 [ERROR] LogOutputStream:75 - [STDERR_REDIRECT] [Fatal Error] :1:1: Premature end of file.
2025-06-20 03:43:30,880 [ERROR] LogOutputStream:75 - [STDERR_REDIRECT] 
2025-06-20 03:43:31,879 [ERROR] LogOutputStream:75 - [STDERR_REDIRECT] [Fatal Error] :1:1: Premature end of file.
2025-06-20 03:43:31,879 [ERROR] LogOutputStream:75 - [STDERR_REDIRECT] 
2025-06-20 03:43:32,879 [ERROR] LogOutputStream:75 - [STDERR_REDIRECT] [Fatal Error] :1:1: Premature end of file.
2025-06-20 03:43:32,879 [ERROR] LogOutputStream:75 - [STDERR_REDIRECT] 
2025-06-20 03:43:33,879 [ERROR] LogOutputStream:75 - [STDERR_REDIRECT] [Fatal Error] :1:1: Premature end of file.
2025-06-20 03:43:33,879 [ERROR] LogOutputStream:75 - [STDERR_REDIRECT] 
2025-06-20 03:43:34,880 [ERROR] LogOutputStream:75 - [STDERR_REDIRECT] [Fatal Error] :1:1: Premature end of file.
2025-06-20 03:43:34,881 [ERROR] LogOutputStream:75 - [STDERR_REDIRECT] 
2025-06-20 03:43:35,880 [ERROR] LogOutputStream:75 - [STDERR_REDIRECT] [Fatal Error] :1:1: Premature end of file.
2025-06-20 03:43:35,881 [ERROR] LogOutputStream:75 - [STDERR_REDIRECT] 
2025-06-20 03:43:36,880 [ERROR] LogOutputStream:75 - [STDERR_REDIRECT] [Fatal Error] :1:1: Premature end of file.
2025-06-20 03:43:36,880 [ERROR] LogOutputStream:75 - [STDERR_REDIRECT] 
2025-06-20 03:43:37,882 [ERROR] LogOutputStream:75 - [STDERR_REDIRECT] [Fatal Error] :1:1: Premature end of file.
2025-06-20 03:43:37,882 [ERROR] LogOutputStream:75 - [STDERR_REDIRECT] 
2025-06-20 03:43:38,880 [ERROR] LogOutputStream:75 - [STDERR_REDIRECT] [Fatal Error] :1:1: Premature end of file.
2025-06-20 03:43:38,880 [ERROR] LogOutputStream:75 - [STDERR_REDIRECT] 
2025-06-20 03:43:39,881 [ERROR] LogOutputStream:75 - [STDERR_REDIRECT] [Fatal Error] :1:1: Premature end of file.
2025-06-20 03:43:39,881 [ERROR] LogOutputStream:75 - [STDERR_REDIRECT] 
2025-06-20 03:43:40,879 [ERROR] LogOutputStream:75 - [STDERR_REDIRECT] [Fatal Error] :1:1: Premature end of file.
2025-06-20 03:43:40,879 [ERROR] LogOutputStream:75 - [STDERR_REDIRECT] 
2025-06-20 03:43:41,881 [ERROR] LogOutputStream:75 - [STDERR_REDIRECT] [Fatal Error] :1:1: Premature end of file.
2025-06-20 03:43:41,881 [ERROR] LogOutputStream:75 - [STDERR_REDIRECT] 
2025-06-20 03:43:42,881 [ERROR] LogOutputStream:75 - [STDERR_REDIRECT] [Fatal Error] :1:1: Premature end of file.
2025-06-20 03:43:42,881 [ERROR] LogOutputStream:75 - [STDERR_REDIRECT] 
2025-06-20 03:43:43,881 [ERROR] LogOutputStream:75 - [STDERR_REDIRECT] [Fatal Error] :1:1: Premature end of file.
2025-06-20 03:43:43,881 [ERROR] LogOutputStream:75 - [STDERR_REDIRECT] 
2025-06-20 03:43:44,879 [ERROR] LogOutputStream:75 - [STDERR_REDIRECT] [Fatal Error] :1:1: Premature end of file.
2025-06-20 03:43:44,879 [ERROR] LogOutputStream:75 - [STDERR_REDIRECT] 
2025-06-20 03:43:45,881 [ERROR] LogOutputStream:75 - [STDERR_REDIRECT] [Fatal Error] :1:1: Premature end of file.
2025-06-20 03:43:45,881 [ERROR] LogOutputStream:75 - [STDERR_REDIRECT] 
2025-06-20 03:43:46,881 [ERROR] LogOutputStream:75 - [STDERR_REDIRECT] [Fatal Error] :1:1: Premature end of file.
2025-06-20 03:43:46,881 [ERROR] LogOutputStream:75 - [STDERR_REDIRECT] 
2025-06-20 03:43:47,880 [ERROR] LogOutputStream:75 - [STDERR_REDIRECT] [Fatal Error] :1:1: Premature end of file.
2025-06-20 03:43:47,880 [ERROR] LogOutputStream:75 - [STDERR_REDIRECT] 
2025-06-20 03:43:48,881 [ERROR] LogOutputStream:75 - [STDERR_REDIRECT] [Fatal Error] :1:1: Premature end of file.
2025-06-20 03:43:48,881 [ERROR] LogOutputStream:75 - [STDERR_REDIRECT] 
2025-06-20 03:43:49,880 [ERROR] LogOutputStream:75 - [STDERR_REDIRECT] [Fatal Error] :1:1: Premature end of file.
2025-06-20 03:43:49,880 [ERROR] LogOutputStream:75 - [STDERR_REDIRECT] 
2025-06-20 03:43:50,883 [ERROR] LogOutputStream:75 - [STDERR_REDIRECT] [Fatal Error] :1:1: Premature end of file.
2025-06-20 03:43:50,883 [ERROR] LogOutputStream:75 - [STDERR_REDIRECT] 
2025-06-20 03:43:51,884 [ERROR] LogOutputStream:75 - [STDERR_REDIRECT] [Fatal Error] :1:1: Premature end of file.
2025-06-20 03:43:51,884 [ERROR] LogOutputStream:75 - [STDERR_REDIRECT] 
2025-06-20 03:43:52,882 [ERROR] LogOutputStream:75 - [STDERR_REDIRECT] [Fatal Error] :1:1: Premature end of file.
2025-06-20 03:43:52,882 [ERROR] LogOutputStream:75 - [STDERR_REDIRECT] 
2025-06-20 03:43:53,881 [ERROR] LogOutputStream:75 - [STDERR_REDIRECT] [Fatal Error] :1:1: Premature end of file.
2025-06-20 03:43:53,881 [ERROR] LogOutputStream:75 - [STDERR_REDIRECT] 
2025-06-20 03:43:54,880 [ERROR] LogOutputStream:75 - [STDERR_REDIRECT] [Fatal Error] :1:1: Premature end of file.
2025-06-20 03:43:54,880 [ERROR] LogOutputStream:75 - [STDERR_REDIRECT] 
2025-06-20 03:43:55,879 [ERROR] LogOutputStream:75 - [STDERR_REDIRECT] [Fatal Error] :1:1: Premature end of file.
2025-06-20 03:43:55,880 [ERROR] LogOutputStream:75 - [STDERR_REDIRECT] 
2025-06-20 03:43:56,881 [ERROR] LogOutputStream:75 - [STDERR_REDIRECT] [Fatal Error] :1:1: Premature end of file.
2025-06-20 03:43:56,881 [ERROR] LogOutputStream:75 - [STDERR_REDIRECT] 
2025-06-20 03:43:57,880 [ERROR] LogOutputStream:75 - [STDERR_REDIRECT] [Fatal Error] :1:1: Premature end of file.
2025-06-20 03:43:57,881 [ERROR] LogOutputStream:75 - [STDERR_REDIRECT] 
2025-06-20 03:43:58,880 [ERROR] LogOutputStream:75 - [STDERR_REDIRECT] [Fatal Error] :1:1: Premature end of file.
2025-06-20 03:43:58,880 [ERROR] LogOutputStream:75 - [STDERR_REDIRECT] 
2025-06-20 03:43:59,880 [ERROR] LogOutputStream:75 - [STDERR_REDIRECT] [Fatal Error] :1:1: Premature end of file.
2025-06-20 03:43:59,880 [ERROR] LogOutputStream:75 - [STDERR_REDIRECT] 
2025-06-20 03:44:00,881 [ERROR] LogOutputStream:75 - [STDERR_REDIRECT] [Fatal Error] :1:1: Premature end of file.
2025-06-20 03:44:00,881 [ERROR] LogOutputStream:75 - [STDERR_REDIRECT] 
2025-06-20 03:44:01,879 [ERROR] LogOutputStream:75 - [STDERR_REDIRECT] [Fatal Error] :1:1: Premature end of file.
2025-06-20 03:44:01,879 [ERROR] LogOutputStream:75 - [STDERR_REDIRECT] 
2025-06-20 03:44:02,880 [ERROR] LogOutputStream:75 - [STDERR_REDIRECT] [Fatal Error] :1:1: Premature end of file.
2025-06-20 03:44:02,881 [ERROR] LogOutputStream:75 - [STDERR_REDIRECT] 
2025-06-20 03:44:03,881 [ERROR] LogOutputStream:75 - [STDERR_REDIRECT] [Fatal Error] :1:1: Premature end of file.
2025-06-20 03:44:03,882 [ERROR] LogOutputStream:75 - [STDERR_REDIRECT] 
2025-06-20 03:44:04,882 [ERROR] LogOutputStream:75 - [STDERR_REDIRECT] [Fatal Error] :1:1: Premature end of file.
2025-06-20 03:44:04,882 [ERROR] LogOutputStream:75 - [STDERR_REDIRECT] 
2025-06-20 03:44:05,881 [ERROR] LogOutputStream:75 - [STDERR_REDIRECT] [Fatal Error] :1:1: Premature end of file.
2025-06-20 03:44:05,881 [ERROR] LogOutputStream:75 - [STDERR_REDIRECT] 
2025-06-20 03:44:06,881 [ERROR] LogOutputStream:75 - [STDERR_REDIRECT] [Fatal Error] :1:1: Premature end of file.
2025-06-20 03:44:06,881 [ERROR] LogOutputStream:75 - [STDERR_REDIRECT] 
2025-06-20 03:44:07,880 [ERROR] LogOutputStream:75 - [STDERR_REDIRECT] [Fatal Error] :1:1: Premature end of file.
2025-06-20 03:44:07,880 [ERROR] LogOutputStream:75 - [STDERR_REDIRECT] 
2025-06-20 03:44:08,881 [ERROR] LogOutputStream:75 - [STDERR_REDIRECT] [Fatal Error] :1:1: Premature end of file.
2025-06-20 03:44:08,881 [ERROR] LogOutputStream:75 - [STDERR_REDIRECT] 
2025-06-20 03:44:09,879 [ERROR] LogOutputStream:75 - [STDERR_REDIRECT] [Fatal Error] :1:1: Premature end of file.
2025-06-20 03:44:09,879 [ERROR] LogOutputStream:75 - [STDERR_REDIRECT] 
2025-06-20 03:44:10,880 [ERROR] LogOutputStream:75 - [STDERR_REDIRECT] [Fatal Error] :1:1: Premature end of file.
2025-06-20 03:44:10,880 [ERROR] LogOutputStream:75 - [STDERR_REDIRECT] 
2025-06-20 03:44:11,883 [ERROR] LogOutputStream:75 - [STDERR_REDIRECT] [Fatal Error] :1:1: Premature end of file.
2025-06-20 03:44:11,883 [ERROR] LogOutputStream:75 - [STDERR_REDIRECT] 
2025-06-20 03:44:12,880 [ERROR] LogOutputStream:75 - [STDERR_REDIRECT] [Fatal Error] :1:1: Premature end of file.
2025-06-20 03:44:12,880 [ERROR] LogOutputStream:75 - [STDERR_REDIRECT] 
2025-06-20 03:44:13,881 [ERROR] LogOutputStream:75 - [STDERR_REDIRECT] [Fatal Error] :1:1: Premature end of file.
2025-06-20 03:44:13,881 [ERROR] LogOutputStream:75 - [STDERR_REDIRECT] 
2025-06-20 03:44:14,881 [ERROR] LogOutputStream:75 - [STDERR_REDIRECT] [Fatal Error] :1:1: Premature end of file.
2025-06-20 03:44:14,881 [ERROR] LogOutputStream:75 - [STDERR_REDIRECT] 
2025-06-20 03:44:15,881 [ERROR] LogOutputStream:75 - [STDERR_REDIRECT] [Fatal Error] :1:1: Premature end of file.
2025-06-20 03:44:15,881 [ERROR] LogOutputStream:75 - [STDERR_REDIRECT] 
2025-06-20 03:44:16,880 [ERROR] LogOutputStream:75 - [STDERR_REDIRECT] [Fatal Error] :1:1: Premature end of file.
2025-06-20 03:44:16,880 [ERROR] LogOutputStream:75 - [STDERR_REDIRECT] 
2025-06-20 03:44:17,881 [ERROR] LogOutputStream:75 - [STDERR_REDIRECT] [Fatal Error] :1:1: Premature end of file.
2025-06-20 03:44:17,881 [ERROR] LogOutputStream:75 - [STDERR_REDIRECT] 
2025-06-20 03:44:18,880 [ERROR] LogOutputStream:75 - [STDERR_REDIRECT] [Fatal Error] :1:1: Premature end of file.
2025-06-20 03:44:18,880 [ERROR] LogOutputStream:75 - [STDERR_REDIRECT] 
2025-06-20 03:44:19,880 [ERROR] LogOutputStream:75 - [STDERR_REDIRECT] [Fatal Error] :1:1: Premature end of file.
2025-06-20 03:44:19,880 [ERROR] LogOutputStream:75 - [STDERR_REDIRECT] 
2025-06-20 03:44:20,881 [ERROR] LogOutputStream:75 - [STDERR_REDIRECT] [Fatal Error] :1:1: Premature end of file.
2025-06-20 03:44:20,881 [ERROR] LogOutputStream:75 - [STDERR_REDIRECT] 
2025-06-20 03:44:21,879 [ERROR] LogOutputStream:75 - [STDERR_REDIRECT] [Fatal Error] :1:1: Premature end of file.
2025-06-20 03:44:21,879 [ERROR] LogOutputStream:75 - [STDERR_REDIRECT] 
2025-06-20 03:44:22,880 [ERROR] LogOutputStream:75 - [STDERR_REDIRECT] [Fatal Error] :1:1: Premature end of file.
2025-06-20 03:44:22,880 [ERROR] LogOutputStream:75 - [STDERR_REDIRECT] 
2025-06-20 03:44:23,881 [ERROR] LogOutputStream:75 - [STDERR_REDIRECT] [Fatal Error] :1:1: Premature end of file.
2025-06-20 03:44:23,881 [ERROR] LogOutputStream:75 - [STDERR_REDIRECT] 
2025-06-20 03:44:24,880 [ERROR] LogOutputStream:75 - [STDERR_REDIRECT] [Fatal Error] :1:1: Premature end of file.
2025-06-20 03:44:24,880 [ERROR] LogOutputStream:75 - [STDERR_REDIRECT] 
2025-06-20 03:44:25,882 [ERROR] LogOutputStream:75 - [STDERR_REDIRECT] [Fatal Error] :1:1: Premature end of file.
2025-06-20 03:44:25,882 [ERROR] LogOutputStream:75 - [STDERR_REDIRECT] 
2025-06-20 03:44:26,880 [ERROR] LogOutputStream:75 - [STDERR_REDIRECT] [Fatal Error] :1:1: Premature end of file.
2025-06-20 03:44:26,880 [ERROR] LogOutputStream:75 - [STDERR_REDIRECT] 
2025-06-20 03:44:27,882 [ERROR] LogOutputStream:75 - [STDERR_REDIRECT] [Fatal Error] :1:1: Premature end of file.
2025-06-20 03:44:27,882 [ERROR] LogOutputStream:75 - [STDERR_REDIRECT] 
2025-06-20 03:44:28,880 [ERROR] LogOutputStream:75 - [STDERR_REDIRECT] [Fatal Error] :1:1: Premature end of file.
2025-06-20 03:44:28,880 [ERROR] LogOutputStream:75 - [STDERR_REDIRECT] 
2025-06-20 03:44:29,882 [ERROR] LogOutputStream:75 - [STDERR_REDIRECT] [Fatal Error] :1:1: Premature end of file.
2025-06-20 03:44:29,882 [ERROR] LogOutputStream:75 - [STDERR_REDIRECT] 
2025-06-20 03:44:30,880 [ERROR] LogOutputStream:75 - [STDERR_REDIRECT] [Fatal Error] :1:1: Premature end of file.
2025-06-20 03:44:30,880 [ERROR] LogOutputStream:75 - [STDERR_REDIRECT] 
2025-06-20 03:44:31,892 [ERROR] LogOutputStream:75 - [STDERR_REDIRECT] [Fatal Error] :1:1: Premature end of file.
2025-06-20 03:44:31,892 [ERROR] LogOutputStream:75 - [STDERR_REDIRECT] 
2025-06-20 03:44:32,880 [ERROR] LogOutputStream:75 - [STDERR_REDIRECT] [Fatal Error] :1:1: Premature end of file.
2025-06-20 03:44:32,880 [ERROR] LogOutputStream:75 - [STDERR_REDIRECT] 
2025-06-20 03:44:33,880 [ERROR] LogOutputStream:75 - [STDERR_REDIRECT] [Fatal Error] :1:1: Premature end of file.
2025-06-20 03:44:33,880 [ERROR] LogOutputStream:75 - [STDERR_REDIRECT] 
2025-06-20 03:44:34,881 [ERROR] LogOutputStream:75 - [STDERR_REDIRECT] [Fatal Error] :1:1: Premature end of file.
2025-06-20 03:44:34,881 [ERROR] LogOutputStream:75 - [STDERR_REDIRECT] 
2025-06-20 03:44:35,878 [ERROR] LogOutputStream:75 - [STDERR_REDIRECT] [Fatal Error] :1:1: Premature end of file.
2025-06-20 03:44:35,878 [ERROR] LogOutputStream:75 - [STDERR_REDIRECT] 
2025-06-20 03:44:36,897 [ERROR] LogOutputStream:75 - [STDERR_REDIRECT] [Fatal Error] :1:1: Premature end of file.
2025-06-20 03:44:36,897 [ERROR] LogOutputStream:75 - [STDERR_REDIRECT] 
2025-06-20 03:44:37,881 [ERROR] LogOutputStream:75 - [STDERR_REDIRECT] [Fatal Error] :1:1: Premature end of file.
2025-06-20 03:44:37,881 [ERROR] LogOutputStream:75 - [STDERR_REDIRECT] 
2025-06-20 03:44:38,880 [ERROR] LogOutputStream:75 - [STDERR_REDIRECT] [Fatal Error] :1:1: Premature end of file.
2025-06-20 03:44:38,880 [ERROR] LogOutputStream:75 - [STDERR_REDIRECT] 
2025-06-20 03:44:39,878 [ERROR] LogOutputStream:75 - [STDERR_REDIRECT] [Fatal Error] :1:1: Premature end of file.
2025-06-20 03:44:39,878 [ERROR] LogOutputStream:75 - [STDERR_REDIRECT] 
2025-06-20 03:44:40,880 [ERROR] LogOutputStream:75 - [STDERR_REDIRECT] [Fatal Error] :1:1: Premature end of file.
2025-06-20 03:44:40,880 [ERROR] LogOutputStream:75 - [STDERR_REDIRECT] 
2025-06-20 03:44:41,882 [ERROR] LogOutputStream:75 - [STDERR_REDIRECT] [Fatal Error] :1:1: Premature end of file.
2025-06-20 03:44:41,882 [ERROR] LogOutputStream:75 - [STDERR_REDIRECT] 
2025-06-20 03:44:42,881 [ERROR] LogOutputStream:75 - [STDERR_REDIRECT] [Fatal Error] :1:1: Premature end of file.
2025-06-20 03:44:42,881 [ERROR] LogOutputStream:75 - [STDERR_REDIRECT] 
2025-06-20 03:44:43,880 [ERROR] LogOutputStream:75 - [STDERR_REDIRECT] [Fatal Error] :1:1: Premature end of file.
2025-06-20 03:44:43,880 [ERROR] LogOutputStream:75 - [STDERR_REDIRECT] 
2025-06-20 03:44:44,880 [ERROR] LogOutputStream:75 - [STDERR_REDIRECT] [Fatal Error] :1:1: Premature end of file.
2025-06-20 03:44:44,880 [ERROR] LogOutputStream:75 - [STDERR_REDIRECT] 
2025-06-20 03:44:45,881 [ERROR] LogOutputStream:75 - [STDERR_REDIRECT] [Fatal Error] :1:1: Premature end of file.
2025-06-20 03:44:45,881 [ERROR] LogOutputStream:75 - [STDERR_REDIRECT] 
2025-06-20 03:44:46,880 [ERROR] LogOutputStream:75 - [STDERR_REDIRECT] [Fatal Error] :1:1: Premature end of file.
2025-06-20 03:44:46,880 [ERROR] LogOutputStream:75 - [STDERR_REDIRECT] 
2025-06-20 03:44:47,881 [ERROR] LogOutputStream:75 - [STDERR_REDIRECT] [Fatal Error] :1:1: Premature end of file.
2025-06-20 03:44:47,881 [ERROR] LogOutputStream:75 - [STDERR_REDIRECT] 
2025-06-20 03:44:48,881 [ERROR] LogOutputStream:75 - [STDERR_REDIRECT] [Fatal Error] :1:1: Premature end of file.
2025-06-20 03:44:48,881 [ERROR] LogOutputStream:75 - [STDERR_REDIRECT] 
2025-06-20 03:44:49,881 [ERROR] LogOutputStream:75 - [STDERR_REDIRECT] [Fatal Error] :1:1: Premature end of file.
2025-06-20 03:44:49,881 [ERROR] LogOutputStream:75 - [STDERR_REDIRECT] 
2025-06-20 03:44:50,880 [ERROR] LogOutputStream:75 - [STDERR_REDIRECT] [Fatal Error] :1:1: Premature end of file.
2025-06-20 03:44:50,880 [ERROR] LogOutputStream:75 - [STDERR_REDIRECT] 
2025-06-20 03:44:51,880 [ERROR] LogOutputStream:75 - [STDERR_REDIRECT] [Fatal Error] :1:1: Premature end of file.
2025-06-20 03:44:51,880 [ERROR] LogOutputStream:75 - [STDERR_REDIRECT] 
2025-06-20 03:44:52,880 [ERROR] LogOutputStream:75 - [STDERR_REDIRECT] [Fatal Error] :1:1: Premature end of file.
2025-06-20 03:44:52,880 [ERROR] LogOutputStream:75 - [STDERR_REDIRECT] 
2025-06-20 03:44:53,882 [ERROR] LogOutputStream:75 - [STDERR_REDIRECT] [Fatal Error] :1:1: Premature end of file.
2025-06-20 03:44:53,882 [ERROR] LogOutputStream:75 - [STDERR_REDIRECT] 
2025-06-20 03:44:54,880 [ERROR] LogOutputStream:75 - [STDERR_REDIRECT] [Fatal Error] :1:1: Premature end of file.
2025-06-20 03:44:54,880 [ERROR] LogOutputStream:75 - [STDERR_REDIRECT] 
2025-06-20 03:44:55,881 [ERROR] LogOutputStream:75 - [STDERR_REDIRECT] [Fatal Error] :1:1: Premature end of file.
2025-06-20 03:44:55,881 [ERROR] LogOutputStream:75 - [STDERR_REDIRECT] 
2025-06-20 03:44:56,878 [ERROR] LogOutputStream:75 - [STDERR_REDIRECT] [Fatal Error] :1:1: Premature end of file.
2025-06-20 03:44:56,878 [ERROR] LogOutputStream:75 - [STDERR_REDIRECT] 
2025-06-20 03:44:57,881 [ERROR] LogOutputStream:75 - [STDERR_REDIRECT] [Fatal Error] :1:1: Premature end of file.
2025-06-20 03:44:57,881 [ERROR] LogOutputStream:75 - [STDERR_REDIRECT] 
2025-06-20 03:44:58,882 [ERROR] LogOutputStream:75 - [STDERR_REDIRECT] [Fatal Error] :1:1: Premature end of file.
2025-06-20 03:44:58,882 [ERROR] LogOutputStream:75 - [STDERR_REDIRECT] 
2025-06-20 03:44:59,879 [ERROR] LogOutputStream:75 - [STDERR_REDIRECT] [Fatal Error] :1:1: Premature end of file.
2025-06-20 03:44:59,880 [ERROR] LogOutputStream:75 - [STDERR_REDIRECT] 
2025-06-20 03:45:00,879 [ERROR] LogOutputStream:75 - [STDERR_REDIRECT] [Fatal Error] :1:1: Premature end of file.
2025-06-20 03:45:00,879 [ERROR] LogOutputStream:75 - [STDERR_REDIRECT] 
2025-06-20 03:45:01,879 [ERROR] LogOutputStream:75 - [STDERR_REDIRECT] [Fatal Error] :1:1: Premature end of file.
2025-06-20 03:45:01,879 [ERROR] LogOutputStream:75 - [STDERR_REDIRECT] 
2025-06-20 03:45:02,880 [ERROR] LogOutputStream:75 - [STDERR_REDIRECT] [Fatal Error] :1:1: Premature end of file.
2025-06-20 03:45:02,880 [ERROR] LogOutputStream:75 - [STDERR_REDIRECT] 
2025-06-20 03:45:03,880 [ERROR] LogOutputStream:75 - [STDERR_REDIRECT] [Fatal Error] :1:1: Premature end of file.
2025-06-20 03:45:03,880 [ERROR] LogOutputStream:75 - [STDERR_REDIRECT] 
2025-06-20 03:45:04,880 [ERROR] LogOutputStream:75 - [STDERR_REDIRECT] [Fatal Error] :1:1: Premature end of file.
2025-06-20 03:45:04,880 [ERROR] LogOutputStream:75 - [STDERR_REDIRECT] 
2025-06-20 03:45:05,880 [ERROR] LogOutputStream:75 - [STDERR_REDIRECT] [Fatal Error] :1:1: Premature end of file.
2025-06-20 03:45:05,880 [ERROR] LogOutputStream:75 - [STDERR_REDIRECT] 
2025-06-20 03:45:06,880 [ERROR] LogOutputStream:75 - [STDERR_REDIRECT] [Fatal Error] :1:1: Premature end of file.
2025-06-20 03:45:06,880 [ERROR] LogOutputStream:75 - [STDERR_REDIRECT] 
2025-06-20 03:45:07,880 [ERROR] LogOutputStream:75 - [STDERR_REDIRECT] [Fatal Error] :1:1: Premature end of file.
2025-06-20 03:45:07,880 [ERROR] LogOutputStream:75 - [STDERR_REDIRECT] 
2025-06-20 03:45:08,880 [ERROR] LogOutputStream:75 - [STDERR_REDIRECT] [Fatal Error] :1:1: Premature end of file.
2025-06-20 03:45:08,880 [ERROR] LogOutputStream:75 - [STDERR_REDIRECT] 
2025-06-20 03:45:09,881 [ERROR] LogOutputStream:75 - [STDERR_REDIRECT] [Fatal Error] :1:1: Premature end of file.
2025-06-20 03:45:09,881 [ERROR] LogOutputStream:75 - [STDERR_REDIRECT] 
2025-06-20 03:45:10,880 [ERROR] LogOutputStream:75 - [STDERR_REDIRECT] [Fatal Error] :1:1: Premature end of file.
2025-06-20 03:45:10,880 [ERROR] LogOutputStream:75 - [STDERR_REDIRECT] 
2025-06-20 03:45:11,879 [ERROR] LogOutputStream:75 - [STDERR_REDIRECT] [Fatal Error] :1:1: Premature end of file.
2025-06-20 03:45:11,880 [ERROR] LogOutputStream:75 - [STDERR_REDIRECT] 
2025-06-20 03:45:12,880 [ERROR] LogOutputStream:75 - [STDERR_REDIRECT] [Fatal Error] :1:1: Premature end of file.
2025-06-20 03:45:12,880 [ERROR] LogOutputStream:75 - [STDERR_REDIRECT] 
2025-06-20 03:45:13,882 [ERROR] LogOutputStream:75 - [STDERR_REDIRECT] [Fatal Error] :1:1: Premature end of file.
2025-06-20 03:45:13,882 [ERROR] LogOutputStream:75 - [STDERR_REDIRECT] 
2025-06-20 03:45:14,879 [ERROR] LogOutputStream:75 - [STDERR_REDIRECT] [Fatal Error] :1:1: Premature end of file.
2025-06-20 03:45:14,880 [ERROR] LogOutputStream:75 - [STDERR_REDIRECT] 
2025-06-20 03:45:15,881 [ERROR] LogOutputStream:75 - [STDERR_REDIRECT] [Fatal Error] :1:1: Premature end of file.
2025-06-20 03:45:15,881 [ERROR] LogOutputStream:75 - [STDERR_REDIRECT] 
2025-06-20 03:45:16,880 [ERROR] LogOutputStream:75 - [STDERR_REDIRECT] [Fatal Error] :1:1: Premature end of file.
2025-06-20 03:45:16,880 [ERROR] LogOutputStream:75 - [STDERR_REDIRECT] 
2025-06-20 03:45:17,880 [ERROR] LogOutputStream:75 - [STDERR_REDIRECT] [Fatal Error] :1:1: Premature end of file.
2025-06-20 03:45:17,880 [ERROR] LogOutputStream:75 - [STDERR_REDIRECT] 
2025-06-20 03:45:18,880 [ERROR] LogOutputStream:75 - [STDERR_REDIRECT] [Fatal Error] :1:1: Premature end of file.
2025-06-20 03:45:18,880 [ERROR] LogOutputStream:75 - [STDERR_REDIRECT] 
2025-06-20 03:45:19,879 [ERROR] LogOutputStream:75 - [STDERR_REDIRECT] [Fatal Error] :1:1: Premature end of file.
2025-06-20 03:45:19,879 [ERROR] LogOutputStream:75 - [STDERR_REDIRECT] 
2025-06-20 03:45:20,888 [ERROR] LogOutputStream:75 - [STDERR_REDIRECT] [Fatal Error] :1:1: Premature end of file.
2025-06-20 03:45:20,888 [ERROR] LogOutputStream:75 - [STDERR_REDIRECT] 
2025-06-20 03:45:21,881 [ERROR] LogOutputStream:75 - [STDERR_REDIRECT] [Fatal Error] :1:1: Premature end of file.
2025-06-20 03:45:21,881 [ERROR] LogOutputStream:75 - [STDERR_REDIRECT] 
2025-06-20 03:45:22,880 [ERROR] LogOutputStream:75 - [STDERR_REDIRECT] [Fatal Error] :1:1: Premature end of file.
2025-06-20 03:45:22,880 [ERROR] LogOutputStream:75 - [STDERR_REDIRECT] 
2025-06-20 03:45:23,881 [ERROR] LogOutputStream:75 - [STDERR_REDIRECT] [Fatal Error] :1:1: Premature end of file.
2025-06-20 03:45:23,881 [ERROR] LogOutputStream:75 - [STDERR_REDIRECT] 
2025-06-20 03:45:24,880 [ERROR] LogOutputStream:75 - [STDERR_REDIRECT] [Fatal Error] :1:1: Premature end of file.
2025-06-20 03:45:24,880 [ERROR] LogOutputStream:75 - [STDERR_REDIRECT] 
2025-06-20 03:45:25,880 [ERROR] LogOutputStream:75 - [STDERR_REDIRECT] [Fatal Error] :1:1: Premature end of file.
2025-06-20 03:45:25,880 [ERROR] LogOutputStream:75 - [STDERR_REDIRECT] 
2025-06-20 03:45:26,879 [ERROR] LogOutputStream:75 - [STDERR_REDIRECT] [Fatal Error] :1:1: Premature end of file.
2025-06-20 03:45:26,879 [ERROR] LogOutputStream:75 - [STDERR_REDIRECT] 
2025-06-20 03:45:27,881 [ERROR] LogOutputStream:75 - [STDERR_REDIRECT] [Fatal Error] :1:1: Premature end of file.
2025-06-20 03:45:27,881 [ERROR] LogOutputStream:75 - [STDERR_REDIRECT] 
2025-06-20 03:45:28,880 [ERROR] LogOutputStream:75 - [STDERR_REDIRECT] [Fatal Error] :1:1: Premature end of file.
2025-06-20 03:45:28,881 [ERROR] LogOutputStream:75 - [STDERR_REDIRECT] 
2025-06-20 03:45:29,880 [ERROR] LogOutputStream:75 - [STDERR_REDIRECT] [Fatal Error] :1:1: Premature end of file.
2025-06-20 03:45:29,881 [ERROR] LogOutputStream:75 - [STDERR_REDIRECT] 
2025-06-20 03:45:30,880 [ERROR] LogOutputStream:75 - [STDERR_REDIRECT] [Fatal Error] :1:1: Premature end of file.
2025-06-20 03:45:30,880 [ERROR] LogOutputStream:75 - [STDERR_REDIRECT] 
2025-06-20 03:45:31,878 [ERROR] LogOutputStream:75 - [STDERR_REDIRECT] [Fatal Error] :1:1: Premature end of file.
2025-06-20 03:45:31,879 [ERROR] LogOutputStream:75 - [STDERR_REDIRECT] 
2025-06-20 03:45:32,877 [ERROR] LogOutputStream:75 - [STDERR_REDIRECT] [Fatal Error] :1:1: Premature end of file.
2025-06-20 03:45:32,877 [ERROR] LogOutputStream:75 - [STDERR_REDIRECT] 
2025-06-20 03:45:33,879 [ERROR] LogOutputStream:75 - [STDERR_REDIRECT] [Fatal Error] :1:1: Premature end of file.
2025-06-20 03:45:33,879 [ERROR] LogOutputStream:75 - [STDERR_REDIRECT] 
2025-06-20 03:45:34,880 [ERROR] LogOutputStream:75 - [STDERR_REDIRECT] [Fatal Error] :1:1: Premature end of file.
2025-06-20 03:45:34,880 [ERROR] LogOutputStream:75 - [STDERR_REDIRECT] 
2025-06-20 03:45:35,881 [ERROR] LogOutputStream:75 - [STDERR_REDIRECT] [Fatal Error] :1:1: Premature end of file.
2025-06-20 03:45:35,881 [ERROR] LogOutputStream:75 - [STDERR_REDIRECT] 
2025-06-20 03:45:36,880 [ERROR] LogOutputStream:75 - [STDERR_REDIRECT] [Fatal Error] :1:1: Premature end of file.
2025-06-20 03:45:36,880 [ERROR] LogOutputStream:75 - [STDERR_REDIRECT] 
2025-06-20 03:45:37,880 [ERROR] LogOutputStream:75 - [STDERR_REDIRECT] [Fatal Error] :1:1: Premature end of file.
2025-06-20 03:45:37,880 [ERROR] LogOutputStream:75 - [STDERR_REDIRECT] 
2025-06-20 03:45:38,880 [ERROR] LogOutputStream:75 - [STDERR_REDIRECT] [Fatal Error] :1:1: Premature end of file.
2025-06-20 03:45:38,881 [ERROR] LogOutputStream:75 - [STDERR_REDIRECT] 
2025-06-20 03:45:39,879 [ERROR] LogOutputStream:75 - [STDERR_REDIRECT] [Fatal Error] :1:1: Premature end of file.
2025-06-20 03:45:39,880 [ERROR] LogOutputStream:75 - [STDERR_REDIRECT] 
2025-06-20 03:45:40,881 [ERROR] LogOutputStream:75 - [STDERR_REDIRECT] [Fatal Error] :1:1: Premature end of file.
2025-06-20 03:45:40,881 [ERROR] LogOutputStream:75 - [STDERR_REDIRECT] 
2025-06-20 03:45:41,880 [ERROR] LogOutputStream:75 - [STDERR_REDIRECT] [Fatal Error] :1:1: Premature end of file.
2025-06-20 03:45:41,880 [ERROR] LogOutputStream:75 - [STDERR_REDIRECT] 
2025-06-20 03:45:42,880 [ERROR] LogOutputStream:75 - [STDERR_REDIRECT] [Fatal Error] :1:1: Premature end of file.
2025-06-20 03:45:42,880 [ERROR] LogOutputStream:75 - [STDERR_REDIRECT] 
2025-06-20 03:45:43,880 [ERROR] LogOutputStream:75 - [STDERR_REDIRECT] [Fatal Error] :1:1: Premature end of file.
2025-06-20 03:45:43,880 [ERROR] LogOutputStream:75 - [STDERR_REDIRECT] 
2025-06-20 03:45:44,880 [ERROR] LogOutputStream:75 - [STDERR_REDIRECT] [Fatal Error] :1:1: Premature end of file.
2025-06-20 03:45:44,880 [ERROR] LogOutputStream:75 - [STDERR_REDIRECT] 
2025-06-20 03:45:45,879 [ERROR] LogOutputStream:75 - [STDERR_REDIRECT] [Fatal Error] :1:1: Premature end of file.
2025-06-20 03:45:45,880 [ERROR] LogOutputStream:75 - [STDERR_REDIRECT] 
2025-06-20 03:45:46,880 [ERROR] LogOutputStream:75 - [STDERR_REDIRECT] [Fatal Error] :1:1: Premature end of file.
2025-06-20 03:45:46,880 [ERROR] LogOutputStream:75 - [STDERR_REDIRECT] 
2025-06-20 03:45:47,880 [ERROR] LogOutputStream:75 - [STDERR_REDIRECT] [Fatal Error] :1:1: Premature end of file.
2025-06-20 03:45:47,880 [ERROR] LogOutputStream:75 - [STDERR_REDIRECT] 
2025-06-20 03:45:48,880 [ERROR] LogOutputStream:75 - [STDERR_REDIRECT] [Fatal Error] :1:1: Premature end of file.
2025-06-20 03:45:48,880 [ERROR] LogOutputStream:75 - [STDERR_REDIRECT] 
2025-06-20 03:45:49,880 [ERROR] LogOutputStream:75 - [STDERR_REDIRECT] [Fatal Error] :1:1: Premature end of file.
2025-06-20 03:45:49,880 [ERROR] LogOutputStream:75 - [STDERR_REDIRECT] 
2025-06-20 03:45:50,882 [ERROR] LogOutputStream:75 - [STDERR_REDIRECT] [Fatal Error] :1:1: Premature end of file.
2025-06-20 03:45:50,882 [ERROR] LogOutputStream:75 - [STDERR_REDIRECT] 
2025-06-20 03:45:51,880 [ERROR] LogOutputStream:75 - [STDERR_REDIRECT] [Fatal Error] :1:1: Premature end of file.
2025-06-20 03:45:51,881 [ERROR] LogOutputStream:75 - [STDERR_REDIRECT] 
2025-06-20 03:45:52,880 [ERROR] LogOutputStream:75 - [STDERR_REDIRECT] [Fatal Error] :1:1: Premature end of file.
2025-06-20 03:45:52,880 [ERROR] LogOutputStream:75 - [STDERR_REDIRECT] 
2025-06-20 03:45:53,880 [ERROR] LogOutputStream:75 - [STDERR_REDIRECT] [Fatal Error] :1:1: Premature end of file.
2025-06-20 03:45:53,880 [ERROR] LogOutputStream:75 - [STDERR_REDIRECT] 
2025-06-20 03:45:54,879 [ERROR] LogOutputStream:75 - [STDERR_REDIRECT] [Fatal Error] :1:1: Premature end of file.
2025-06-20 03:45:54,879 [ERROR] LogOutputStream:75 - [STDERR_REDIRECT] 
2025-06-20 03:45:55,881 [ERROR] LogOutputStream:75 - [STDERR_REDIRECT] [Fatal Error] :1:1: Premature end of file.
2025-06-20 03:45:55,881 [ERROR] LogOutputStream:75 - [STDERR_REDIRECT] 
2025-06-20 03:45:56,881 [ERROR] LogOutputStream:75 - [STDERR_REDIRECT] [Fatal Error] :1:1: Premature end of file.
2025-06-20 03:45:56,881 [ERROR] LogOutputStream:75 - [STDERR_REDIRECT] 
2025-06-20 03:45:57,881 [ERROR] LogOutputStream:75 - [STDERR_REDIRECT] [Fatal Error] :1:1: Premature end of file.
2025-06-20 03:45:57,881 [ERROR] LogOutputStream:75 - [STDERR_REDIRECT] 
2025-06-20 03:45:58,880 [ERROR] LogOutputStream:75 - [STDERR_REDIRECT] [Fatal Error] :1:1: Premature end of file.
2025-06-20 03:45:58,880 [ERROR] LogOutputStream:75 - [STDERR_REDIRECT] 
2025-06-20 03:45:59,881 [ERROR] LogOutputStream:75 - [STDERR_REDIRECT] [Fatal Error] :1:1: Premature end of file.
2025-06-20 03:45:59,881 [ERROR] LogOutputStream:75 - [STDERR_REDIRECT] 
2025-06-20 03:46:00,881 [ERROR] LogOutputStream:75 - [STDERR_REDIRECT] [Fatal Error] :1:1: Premature end of file.
2025-06-20 03:46:00,881 [ERROR] LogOutputStream:75 - [STDERR_REDIRECT] 
2025-06-20 03:46:01,881 [ERROR] LogOutputStream:75 - [STDERR_REDIRECT] [Fatal Error] :1:1: Premature end of file.
2025-06-20 03:46:01,881 [ERROR] LogOutputStream:75 - [STDERR_REDIRECT] 
2025-06-20 03:46:02,879 [ERROR] LogOutputStream:75 - [STDERR_REDIRECT] [Fatal Error] :1:1: Premature end of file.
2025-06-20 03:46:02,879 [ERROR] LogOutputStream:75 - [STDERR_REDIRECT] 
2025-06-20 03:46:03,880 [ERROR] LogOutputStream:75 - [STDERR_REDIRECT] [Fatal Error] :1:1: Premature end of file.
2025-06-20 03:46:03,880 [ERROR] LogOutputStream:75 - [STDERR_REDIRECT] 
2025-06-20 03:46:04,879 [ERROR] LogOutputStream:75 - [STDERR_REDIRECT] [Fatal Error] :1:1: Premature end of file.
2025-06-20 03:46:04,879 [ERROR] LogOutputStream:75 - [STDERR_REDIRECT] 
2025-06-20 03:46:05,880 [ERROR] LogOutputStream:75 - [STDERR_REDIRECT] [Fatal Error] :1:1: Premature end of file.
2025-06-20 03:46:05,880 [ERROR] LogOutputStream:75 - [STDERR_REDIRECT] 
2025-06-20 03:46:06,879 [ERROR] LogOutputStream:75 - [STDERR_REDIRECT] [Fatal Error] :1:1: Premature end of file.
2025-06-20 03:46:06,880 [ERROR] LogOutputStream:75 - [STDERR_REDIRECT] 
2025-06-20 03:46:07,877 [ERROR] LogOutputStream:75 - [STDERR_REDIRECT] [Fatal Error] :1:1: Premature end of file.
2025-06-20 03:46:07,877 [ERROR] LogOutputStream:75 - [STDERR_REDIRECT] 
2025-06-20 03:46:08,880 [ERROR] LogOutputStream:75 - [STDERR_REDIRECT] [Fatal Error] :1:1: Premature end of file.
2025-06-20 03:46:08,880 [ERROR] LogOutputStream:75 - [STDERR_REDIRECT] 
2025-06-20 03:46:09,881 [ERROR] LogOutputStream:75 - [STDERR_REDIRECT] [Fatal Error] :1:1: Premature end of file.
2025-06-20 03:46:09,882 [ERROR] LogOutputStream:75 - [STDERR_REDIRECT] 
2025-06-20 03:46:10,881 [ERROR] LogOutputStream:75 - [STDERR_REDIRECT] [Fatal Error] :1:1: Premature end of file.
2025-06-20 03:46:10,881 [ERROR] LogOutputStream:75 - [STDERR_REDIRECT] 
2025-06-20 03:46:11,880 [ERROR] LogOutputStream:75 - [STDERR_REDIRECT] [Fatal Error] :1:1: Premature end of file.
2025-06-20 03:46:11,880 [ERROR] LogOutputStream:75 - [STDERR_REDIRECT] 
2025-06-20 03:46:12,880 [ERROR] LogOutputStream:75 - [STDERR_REDIRECT] [Fatal Error] :1:1: Premature end of file.
2025-06-20 03:46:12,880 [ERROR] LogOutputStream:75 - [STDERR_REDIRECT] 
2025-06-20 03:46:13,881 [ERROR] LogOutputStream:75 - [STDERR_REDIRECT] [Fatal Error] :1:1: Premature end of file.
2025-06-20 03:46:13,881 [ERROR] LogOutputStream:75 - [STDERR_REDIRECT] 
2025-06-20 03:46:14,880 [ERROR] LogOutputStream:75 - [STDERR_REDIRECT] [Fatal Error] :1:1: Premature end of file.
2025-06-20 03:46:14,880 [ERROR] LogOutputStream:75 - [STDERR_REDIRECT] 
2025-06-20 03:46:15,881 [ERROR] LogOutputStream:75 - [STDERR_REDIRECT] [Fatal Error] :1:1: Premature end of file.
2025-06-20 03:46:15,881 [ERROR] LogOutputStream:75 - [STDERR_REDIRECT] 
2025-06-20 03:46:16,881 [ERROR] LogOutputStream:75 - [STDERR_REDIRECT] [Fatal Error] :1:1: Premature end of file.
2025-06-20 03:46:16,881 [ERROR] LogOutputStream:75 - [STDERR_REDIRECT] 
2025-06-20 03:46:17,883 [ERROR] LogOutputStream:75 - [STDERR_REDIRECT] [Fatal Error] :1:1: Premature end of file.
2025-06-20 03:46:17,883 [ERROR] LogOutputStream:75 - [STDERR_REDIRECT] 
2025-06-20 03:46:18,881 [ERROR] LogOutputStream:75 - [STDERR_REDIRECT] [Fatal Error] :1:1: Premature end of file.
2025-06-20 03:46:18,881 [ERROR] LogOutputStream:75 - [STDERR_REDIRECT] 
2025-06-20 03:46:19,880 [ERROR] LogOutputStream:75 - [STDERR_REDIRECT] [Fatal Error] :1:1: Premature end of file.
2025-06-20 03:46:19,880 [ERROR] LogOutputStream:75 - [STDERR_REDIRECT] 
2025-06-20 03:46:20,879 [ERROR] LogOutputStream:75 - [STDERR_REDIRECT] [Fatal Error] :1:1: Premature end of file.
2025-06-20 03:46:20,879 [ERROR] LogOutputStream:75 - [STDERR_REDIRECT] 
2025-06-20 03:46:21,879 [ERROR] LogOutputStream:75 - [STDERR_REDIRECT] [Fatal Error] :1:1: Premature end of file.
2025-06-20 03:46:21,879 [ERROR] LogOutputStream:75 - [STDERR_REDIRECT] 
2025-06-20 03:46:22,880 [ERROR] LogOutputStream:75 - [STDERR_REDIRECT] [Fatal Error] :1:1: Premature end of file.
2025-06-20 03:46:22,880 [ERROR] LogOutputStream:75 - [STDERR_REDIRECT] 
2025-06-20 03:46:23,878 [ERROR] LogOutputStream:75 - [STDERR_REDIRECT] [Fatal Error] :1:1: Premature end of file.
2025-06-20 03:46:23,878 [ERROR] LogOutputStream:75 - [STDERR_REDIRECT] 
2025-06-20 03:46:24,878 [ERROR] LogOutputStream:75 - [STDERR_REDIRECT] [Fatal Error] :1:1: Premature end of file.
2025-06-20 03:46:24,878 [ERROR] LogOutputStream:75 - [STDERR_REDIRECT] 
2025-06-20 03:46:25,880 [ERROR] LogOutputStream:75 - [STDERR_REDIRECT] [Fatal Error] :1:1: Premature end of file.
2025-06-20 03:46:25,880 [ERROR] LogOutputStream:75 - [STDERR_REDIRECT] 
2025-06-20 03:46:26,881 [ERROR] LogOutputStream:75 - [STDERR_REDIRECT] [Fatal Error] :1:1: Premature end of file.
2025-06-20 03:46:26,882 [ERROR] LogOutputStream:75 - [STDERR_REDIRECT] 
2025-06-20 03:46:27,880 [ERROR] LogOutputStream:75 - [STDERR_REDIRECT] [Fatal Error] :1:1: Premature end of file.
2025-06-20 03:46:27,880 [ERROR] LogOutputStream:75 - [STDERR_REDIRECT] 
2025-06-20 03:46:28,881 [ERROR] LogOutputStream:75 - [STDERR_REDIRECT] [Fatal Error] :1:1: Premature end of file.
2025-06-20 03:46:28,881 [ERROR] LogOutputStream:75 - [STDERR_REDIRECT] 
2025-06-20 03:46:29,880 [ERROR] LogOutputStream:75 - [STDERR_REDIRECT] [Fatal Error] :1:1: Premature end of file.
2025-06-20 03:46:29,880 [ERROR] LogOutputStream:75 - [STDERR_REDIRECT] 
2025-06-20 03:46:30,880 [ERROR] LogOutputStream:75 - [STDERR_REDIRECT] [Fatal Error] :1:1: Premature end of file.
2025-06-20 03:46:30,880 [ERROR] LogOutputStream:75 - [STDERR_REDIRECT] 
2025-06-20 03:46:31,881 [ERROR] LogOutputStream:75 - [STDERR_REDIRECT] [Fatal Error] :1:1: Premature end of file.
2025-06-20 03:46:31,881 [ERROR] LogOutputStream:75 - [STDERR_REDIRECT] 
2025-06-20 03:46:32,881 [ERROR] LogOutputStream:75 - [STDERR_REDIRECT] [Fatal Error] :1:1: Premature end of file.
2025-06-20 03:46:32,881 [ERROR] LogOutputStream:75 - [STDERR_REDIRECT] 
2025-06-20 03:46:33,881 [ERROR] LogOutputStream:75 - [STDERR_REDIRECT] [Fatal Error] :1:1: Premature end of file.
2025-06-20 03:46:33,881 [ERROR] LogOutputStream:75 - [STDERR_REDIRECT] 
2025-06-20 03:46:34,880 [ERROR] LogOutputStream:75 - [STDERR_REDIRECT] [Fatal Error] :1:1: Premature end of file.
2025-06-20 03:46:34,880 [ERROR] LogOutputStream:75 - [STDERR_REDIRECT] 
2025-06-20 03:46:35,880 [ERROR] LogOutputStream:75 - [STDERR_REDIRECT] [Fatal Error] :1:1: Premature end of file.
2025-06-20 03:46:35,880 [ERROR] LogOutputStream:75 - [STDERR_REDIRECT] 
2025-06-20 03:46:36,880 [ERROR] LogOutputStream:75 - [STDERR_REDIRECT] [Fatal Error] :1:1: Premature end of file.
2025-06-20 03:46:36,880 [ERROR] LogOutputStream:75 - [STDERR_REDIRECT] 
2025-06-20 03:46:37,881 [ERROR] LogOutputStream:75 - [STDERR_REDIRECT] [Fatal Error] :1:1: Premature end of file.
2025-06-20 03:46:37,881 [ERROR] LogOutputStream:75 - [STDERR_REDIRECT] 
2025-06-20 03:46:38,880 [ERROR] LogOutputStream:75 - [STDERR_REDIRECT] [Fatal Error] :1:1: Premature end of file.
2025-06-20 03:46:38,881 [ERROR] LogOutputStream:75 - [STDERR_REDIRECT] 
2025-06-20 03:46:39,881 [ERROR] LogOutputStream:75 - [STDERR_REDIRECT] [Fatal Error] :1:1: Premature end of file.
2025-06-20 03:46:39,881 [ERROR] LogOutputStream:75 - [STDERR_REDIRECT] 
2025-06-20 03:46:40,880 [ERROR] LogOutputStream:75 - [STDERR_REDIRECT] [Fatal Error] :1:1: Premature end of file.
2025-06-20 03:46:40,880 [ERROR] LogOutputStream:75 - [STDERR_REDIRECT] 
2025-06-20 03:46:41,880 [ERROR] LogOutputStream:75 - [STDERR_REDIRECT] [Fatal Error] :1:1: Premature end of file.
2025-06-20 03:46:41,881 [ERROR] LogOutputStream:75 - [STDERR_REDIRECT] 
2025-06-20 03:46:42,880 [ERROR] LogOutputStream:75 - [STDERR_REDIRECT] [Fatal Error] :1:1: Premature end of file.
2025-06-20 03:46:42,880 [ERROR] LogOutputStream:75 - [STDERR_REDIRECT] 
2025-06-20 03:46:43,880 [ERROR] LogOutputStream:75 - [STDERR_REDIRECT] [Fatal Error] :1:1: Premature end of file.
2025-06-20 03:46:43,880 [ERROR] LogOutputStream:75 - [STDERR_REDIRECT] 
2025-06-20 03:46:44,881 [ERROR] LogOutputStream:75 - [STDERR_REDIRECT] [Fatal Error] :1:1: Premature end of file.
2025-06-20 03:46:44,881 [ERROR] LogOutputStream:75 - [STDERR_REDIRECT] 
2025-06-20 03:46:45,879 [ERROR] LogOutputStream:75 - [STDERR_REDIRECT] [Fatal Error] :1:1: Premature end of file.
2025-06-20 03:46:45,879 [ERROR] LogOutputStream:75 - [STDERR_REDIRECT] 
2025-06-20 03:46:46,879 [ERROR] LogOutputStream:75 - [STDERR_REDIRECT] [Fatal Error] :1:1: Premature end of file.
2025-06-20 03:46:46,879 [ERROR] LogOutputStream:75 - [STDERR_REDIRECT] 
2025-06-20 03:46:47,880 [ERROR] LogOutputStream:75 - [STDERR_REDIRECT] [Fatal Error] :1:1: Premature end of file.
2025-06-20 03:46:47,880 [ERROR] LogOutputStream:75 - [STDERR_REDIRECT] 
2025-06-20 03:46:48,880 [ERROR] LogOutputStream:75 - [STDERR_REDIRECT] [Fatal Error] :1:1: Premature end of file.
2025-06-20 03:46:48,880 [ERROR] LogOutputStream:75 - [STDERR_REDIRECT] 
2025-06-20 03:46:49,880 [ERROR] LogOutputStream:75 - [STDERR_REDIRECT] [Fatal Error] :1:1: Premature end of file.
2025-06-20 03:46:49,880 [ERROR] LogOutputStream:75 - [STDERR_REDIRECT] 
2025-06-20 03:46:50,880 [ERROR] LogOutputStream:75 - [STDERR_REDIRECT] [Fatal Error] :1:1: Premature end of file.
2025-06-20 03:46:50,880 [ERROR] LogOutputStream:75 - [STDERR_REDIRECT] 
2025-06-20 03:46:51,880 [ERROR] LogOutputStream:75 - [STDERR_REDIRECT] [Fatal Error] :1:1: Premature end of file.
2025-06-20 03:46:51,880 [ERROR] LogOutputStream:75 - [STDERR_REDIRECT] 
2025-06-20 03:46:52,880 [ERROR] LogOutputStream:75 - [STDERR_REDIRECT] [Fatal Error] :1:1: Premature end of file.
2025-06-20 03:46:52,880 [ERROR] LogOutputStream:75 - [STDERR_REDIRECT] 
2025-06-20 03:46:53,879 [ERROR] LogOutputStream:75 - [STDERR_REDIRECT] [Fatal Error] :1:1: Premature end of file.
2025-06-20 03:46:53,880 [ERROR] LogOutputStream:75 - [STDERR_REDIRECT] 
2025-06-20 03:46:54,880 [ERROR] LogOutputStream:75 - [STDERR_REDIRECT] [Fatal Error] :1:1: Premature end of file.
2025-06-20 03:46:54,880 [ERROR] LogOutputStream:75 - [STDERR_REDIRECT] 
2025-06-20 03:46:55,879 [ERROR] LogOutputStream:75 - [STDERR_REDIRECT] [Fatal Error] :1:1: Premature end of file.
2025-06-20 03:46:55,879 [ERROR] LogOutputStream:75 - [STDERR_REDIRECT] 
2025-06-20 03:46:56,880 [ERROR] LogOutputStream:75 - [STDERR_REDIRECT] [Fatal Error] :1:1: Premature end of file.
2025-06-20 03:46:56,881 [ERROR] LogOutputStream:75 - [STDERR_REDIRECT] 
2025-06-20 03:46:57,880 [ERROR] LogOutputStream:75 - [STDERR_REDIRECT] [Fatal Error] :1:1: Premature end of file.
2025-06-20 03:46:57,880 [ERROR] LogOutputStream:75 - [STDERR_REDIRECT] 
2025-06-20 03:46:58,879 [ERROR] LogOutputStream:75 - [STDERR_REDIRECT] [Fatal Error] :1:1: Premature end of file.
2025-06-20 03:46:58,879 [ERROR] LogOutputStream:75 - [STDERR_REDIRECT] 
2025-06-20 03:46:59,879 [ERROR] LogOutputStream:75 - [STDERR_REDIRECT] [Fatal Error] :1:1: Premature end of file.
2025-06-20 03:46:59,879 [ERROR] LogOutputStream:75 - [STDERR_REDIRECT] 
2025-06-20 03:47:00,879 [ERROR] LogOutputStream:75 - [STDERR_REDIRECT] [Fatal Error] :1:1: Premature end of file.
2025-06-20 03:47:00,880 [ERROR] LogOutputStream:75 - [STDERR_REDIRECT] 
2025-06-20 03:47:01,880 [ERROR] LogOutputStream:75 - [STDERR_REDIRECT] [Fatal Error] :1:1: Premature end of file.
2025-06-20 03:47:01,880 [ERROR] LogOutputStream:75 - [STDERR_REDIRECT] 
2025-06-20 03:47:02,881 [ERROR] LogOutputStream:75 - [STDERR_REDIRECT] [Fatal Error] :1:1: Premature end of file.
2025-06-20 03:47:02,881 [ERROR] LogOutputStream:75 - [STDERR_REDIRECT] 
2025-06-20 03:47:03,882 [ERROR] LogOutputStream:75 - [STDERR_REDIRECT] [Fatal Error] :1:1: Premature end of file.
2025-06-20 03:47:03,882 [ERROR] LogOutputStream:75 - [STDERR_REDIRECT] 
2025-06-20 03:47:04,880 [ERROR] LogOutputStream:75 - [STDERR_REDIRECT] [Fatal Error] :1:1: Premature end of file.
2025-06-20 03:47:04,880 [ERROR] LogOutputStream:75 - [STDERR_REDIRECT] 
2025-06-20 03:47:05,881 [ERROR] LogOutputStream:75 - [STDERR_REDIRECT] [Fatal Error] :1:1: Premature end of file.
2025-06-20 03:47:05,881 [ERROR] LogOutputStream:75 - [STDERR_REDIRECT] 
2025-06-20 03:47:06,880 [ERROR] LogOutputStream:75 - [STDERR_REDIRECT] [Fatal Error] :1:1: Premature end of file.
2025-06-20 03:47:06,880 [ERROR] LogOutputStream:75 - [STDERR_REDIRECT] 
2025-06-20 03:47:07,881 [ERROR] LogOutputStream:75 - [STDERR_REDIRECT] [Fatal Error] :1:1: Premature end of file.
2025-06-20 03:47:07,881 [ERROR] LogOutputStream:75 - [STDERR_REDIRECT] 
2025-06-20 03:47:08,881 [ERROR] LogOutputStream:75 - [STDERR_REDIRECT] [Fatal Error] :1:1: Premature end of file.
2025-06-20 03:47:08,881 [ERROR] LogOutputStream:75 - [STDERR_REDIRECT] 
2025-06-20 03:47:09,879 [ERROR] LogOutputStream:75 - [STDERR_REDIRECT] [Fatal Error] :1:1: Premature end of file.
2025-06-20 03:47:09,880 [ERROR] LogOutputStream:75 - [STDERR_REDIRECT] 
2025-06-20 03:47:10,880 [ERROR] LogOutputStream:75 - [STDERR_REDIRECT] [Fatal Error] :1:1: Premature end of file.
2025-06-20 03:47:10,880 [ERROR] LogOutputStream:75 - [STDERR_REDIRECT] 
2025-06-20 03:47:11,879 [ERROR] LogOutputStream:75 - [STDERR_REDIRECT] [Fatal Error] :1:1: Premature end of file.
2025-06-20 03:47:11,879 [ERROR] LogOutputStream:75 - [STDERR_REDIRECT] 
2025-06-20 03:47:12,881 [ERROR] LogOutputStream:75 - [STDERR_REDIRECT] [Fatal Error] :1:1: Premature end of file.
2025-06-20 03:47:12,881 [ERROR] LogOutputStream:75 - [STDERR_REDIRECT] 
2025-06-20 03:47:13,880 [ERROR] LogOutputStream:75 - [STDERR_REDIRECT] [Fatal Error] :1:1: Premature end of file.
2025-06-20 03:47:13,880 [ERROR] LogOutputStream:75 - [STDERR_REDIRECT] 
2025-06-20 03:47:14,879 [ERROR] LogOutputStream:75 - [STDERR_REDIRECT] [Fatal Error] :1:1: Premature end of file.
2025-06-20 03:47:14,880 [ERROR] LogOutputStream:75 - [STDERR_REDIRECT] 
2025-06-20 03:47:15,882 [ERROR] LogOutputStream:75 - [STDERR_REDIRECT] [Fatal Error] :1:1: Premature end of file.
2025-06-20 03:47:15,882 [ERROR] LogOutputStream:75 - [STDERR_REDIRECT] 
2025-06-20 03:47:16,880 [ERROR] LogOutputStream:75 - [STDERR_REDIRECT] [Fatal Error] :1:1: Premature end of file.
2025-06-20 03:47:16,880 [ERROR] LogOutputStream:75 - [STDERR_REDIRECT] 
2025-06-20 03:47:17,879 [ERROR] LogOutputStream:75 - [STDERR_REDIRECT] [Fatal Error] :1:1: Premature end of file.
2025-06-20 03:47:17,879 [ERROR] LogOutputStream:75 - [STDERR_REDIRECT] 
2025-06-20 03:47:18,879 [ERROR] LogOutputStream:75 - [STDERR_REDIRECT] [Fatal Error] :1:1: Premature end of file.
2025-06-20 03:47:18,879 [ERROR] LogOutputStream:75 - [STDERR_REDIRECT] 
2025-06-20 03:47:19,878 [ERROR] LogOutputStream:75 - [STDERR_REDIRECT] [Fatal Error] :1:1: Premature end of file.
2025-06-20 03:47:19,878 [ERROR] LogOutputStream:75 - [STDERR_REDIRECT] 
2025-06-20 03:47:20,881 [ERROR] LogOutputStream:75 - [STDERR_REDIRECT] [Fatal Error] :1:1: Premature end of file.
2025-06-20 03:47:20,881 [ERROR] LogOutputStream:75 - [STDERR_REDIRECT] 
2025-06-20 03:47:21,881 [ERROR] LogOutputStream:75 - [STDERR_REDIRECT] [Fatal Error] :1:1: Premature end of file.
2025-06-20 03:47:21,881 [ERROR] LogOutputStream:75 - [STDERR_REDIRECT] 
2025-06-20 03:47:22,881 [ERROR] LogOutputStream:75 - [STDERR_REDIRECT] [Fatal Error] :1:1: Premature end of file.
2025-06-20 03:47:22,881 [ERROR] LogOutputStream:75 - [STDERR_REDIRECT] 
2025-06-20 03:47:23,882 [ERROR] LogOutputStream:75 - [STDERR_REDIRECT] [Fatal Error] :1:1: Premature end of file.
2025-06-20 03:47:23,882 [ERROR] LogOutputStream:75 - [STDERR_REDIRECT] 
2025-06-20 03:47:24,880 [ERROR] LogOutputStream:75 - [STDERR_REDIRECT] [Fatal Error] :1:1: Premature end of file.
2025-06-20 03:47:24,880 [ERROR] LogOutputStream:75 - [STDERR_REDIRECT] 
2025-06-20 03:47:25,880 [ERROR] LogOutputStream:75 - [STDERR_REDIRECT] [Fatal Error] :1:1: Premature end of file.
2025-06-20 03:47:25,881 [ERROR] LogOutputStream:75 - [STDERR_REDIRECT] 
2025-06-20 03:47:26,880 [ERROR] LogOutputStream:75 - [STDERR_REDIRECT] [Fatal Error] :1:1: Premature end of file.
2025-06-20 03:47:26,880 [ERROR] LogOutputStream:75 - [STDERR_REDIRECT] 
2025-06-20 03:47:27,880 [ERROR] LogOutputStream:75 - [STDERR_REDIRECT] [Fatal Error] :1:1: Premature end of file.
2025-06-20 03:47:27,880 [ERROR] LogOutputStream:75 - [STDERR_REDIRECT] 
2025-06-20 03:47:28,878 [ERROR] LogOutputStream:75 - [STDERR_REDIRECT] [Fatal Error] :1:1: Premature end of file.
2025-06-20 03:47:28,878 [ERROR] LogOutputStream:75 - [STDERR_REDIRECT] 
2025-06-20 03:47:29,880 [ERROR] LogOutputStream:75 - [STDERR_REDIRECT] [Fatal Error] :1:1: Premature end of file.
2025-06-20 03:47:29,880 [ERROR] LogOutputStream:75 - [STDERR_REDIRECT] 
2025-06-20 03:47:30,880 [ERROR] LogOutputStream:75 - [STDERR_REDIRECT] [Fatal Error] :1:1: Premature end of file.
2025-06-20 03:47:30,880 [ERROR] LogOutputStream:75 - [STDERR_REDIRECT] 
2025-06-20 03:47:31,879 [ERROR] LogOutputStream:75 - [STDERR_REDIRECT] [Fatal Error] :1:1: Premature end of file.
2025-06-20 03:47:31,879 [ERROR] LogOutputStream:75 - [STDERR_REDIRECT] 
2025-06-20 03:47:32,882 [ERROR] LogOutputStream:75 - [STDERR_REDIRECT] [Fatal Error] :1:1: Premature end of file.
2025-06-20 03:47:32,882 [ERROR] LogOutputStream:75 - [STDERR_REDIRECT] 
2025-06-20 03:47:33,879 [ERROR] LogOutputStream:75 - [STDERR_REDIRECT] [Fatal Error] :1:1: Premature end of file.
2025-06-20 03:47:33,879 [ERROR] LogOutputStream:75 - [STDERR_REDIRECT] 
2025-06-20 03:47:34,881 [ERROR] LogOutputStream:75 - [STDERR_REDIRECT] [Fatal Error] :1:1: Premature end of file.
2025-06-20 03:47:34,881 [ERROR] LogOutputStream:75 - [STDERR_REDIRECT] 
2025-06-20 03:47:35,881 [ERROR] LogOutputStream:75 - [STDERR_REDIRECT] [Fatal Error] :1:1: Premature end of file.
2025-06-20 03:47:35,881 [ERROR] LogOutputStream:75 - [STDERR_REDIRECT] 
2025-06-20 03:47:36,880 [ERROR] LogOutputStream:75 - [STDERR_REDIRECT] [Fatal Error] :1:1: Premature end of file.
2025-06-20 03:47:36,880 [ERROR] LogOutputStream:75 - [STDERR_REDIRECT] 
2025-06-20 03:47:37,880 [ERROR] LogOutputStream:75 - [STDERR_REDIRECT] [Fatal Error] :1:1: Premature end of file.
2025-06-20 03:47:37,880 [ERROR] LogOutputStream:75 - [STDERR_REDIRECT] 
2025-06-20 03:47:38,895 [ERROR] LogOutputStream:75 - [STDERR_REDIRECT] [Fatal Error] :1:1: Premature end of file.
2025-06-20 03:47:38,895 [ERROR] LogOutputStream:75 - [STDERR_REDIRECT] 
2025-06-20 03:47:39,881 [ERROR] LogOutputStream:75 - [STDERR_REDIRECT] [Fatal Error] :1:1: Premature end of file.
2025-06-20 03:47:39,881 [ERROR] LogOutputStream:75 - [STDERR_REDIRECT] 
2025-06-20 03:47:40,882 [ERROR] LogOutputStream:75 - [STDERR_REDIRECT] [Fatal Error] :1:1: Premature end of file.
2025-06-20 03:47:40,882 [ERROR] LogOutputStream:75 - [STDERR_REDIRECT] 
2025-06-20 03:47:41,879 [ERROR] LogOutputStream:75 - [STDERR_REDIRECT] [Fatal Error] :1:1: Premature end of file.
2025-06-20 03:47:41,879 [ERROR] LogOutputStream:75 - [STDERR_REDIRECT] 
2025-06-20 03:47:42,880 [ERROR] LogOutputStream:75 - [STDERR_REDIRECT] [Fatal Error] :1:1: Premature end of file.
2025-06-20 03:47:42,880 [ERROR] LogOutputStream:75 - [STDERR_REDIRECT] 
2025-06-20 03:47:43,880 [ERROR] LogOutputStream:75 - [STDERR_REDIRECT] [Fatal Error] :1:1: Premature end of file.
2025-06-20 03:47:43,881 [ERROR] LogOutputStream:75 - [STDERR_REDIRECT] 
2025-06-20 03:47:44,880 [ERROR] LogOutputStream:75 - [STDERR_REDIRECT] [Fatal Error] :1:1: Premature end of file.
2025-06-20 03:47:44,880 [ERROR] LogOutputStream:75 - [STDERR_REDIRECT] 
2025-06-20 03:47:45,880 [ERROR] LogOutputStream:75 - [STDERR_REDIRECT] [Fatal Error] :1:1: Premature end of file.
2025-06-20 03:47:45,880 [ERROR] LogOutputStream:75 - [STDERR_REDIRECT] 
2025-06-20 03:47:46,881 [ERROR] LogOutputStream:75 - [STDERR_REDIRECT] [Fatal Error] :1:1: Premature end of file.
2025-06-20 03:47:46,881 [ERROR] LogOutputStream:75 - [STDERR_REDIRECT] 
2025-06-20 03:47:47,881 [ERROR] LogOutputStream:75 - [STDERR_REDIRECT] [Fatal Error] :1:1: Premature end of file.
2025-06-20 03:47:47,881 [ERROR] LogOutputStream:75 - [STDERR_REDIRECT] 
2025-06-20 03:47:48,880 [ERROR] LogOutputStream:75 - [STDERR_REDIRECT] [Fatal Error] :1:1: Premature end of file.
2025-06-20 03:47:48,881 [ERROR] LogOutputStream:75 - [STDERR_REDIRECT] 
2025-06-20 03:47:49,880 [ERROR] LogOutputStream:75 - [STDERR_REDIRECT] [Fatal Error] :1:1: Premature end of file.
2025-06-20 03:47:49,880 [ERROR] LogOutputStream:75 - [STDERR_REDIRECT] 
2025-06-20 03:47:50,881 [ERROR] LogOutputStream:75 - [STDERR_REDIRECT] [Fatal Error] :1:1: Premature end of file.
2025-06-20 03:47:50,881 [ERROR] LogOutputStream:75 - [STDERR_REDIRECT] 
2025-06-20 03:47:51,879 [ERROR] LogOutputStream:75 - [STDERR_REDIRECT] [Fatal Error] :1:1: Premature end of file.
2025-06-20 03:47:51,879 [ERROR] LogOutputStream:75 - [STDERR_REDIRECT] 
2025-06-20 03:47:52,890 [ERROR] LogOutputStream:75 - [STDERR_REDIRECT] [Fatal Error] :1:1: Premature end of file.
2025-06-20 03:47:52,890 [ERROR] LogOutputStream:75 - [STDERR_REDIRECT] 
2025-06-20 03:47:53,880 [ERROR] LogOutputStream:75 - [STDERR_REDIRECT] [Fatal Error] :1:1: Premature end of file.
2025-06-20 03:47:53,880 [ERROR] LogOutputStream:75 - [STDERR_REDIRECT] 
2025-06-20 03:47:54,882 [ERROR] LogOutputStream:75 - [STDERR_REDIRECT] [Fatal Error] :1:1: Premature end of file.
2025-06-20 03:47:54,882 [ERROR] LogOutputStream:75 - [STDERR_REDIRECT] 
2025-06-20 03:47:55,879 [ERROR] LogOutputStream:75 - [STDERR_REDIRECT] [Fatal Error] :1:1: Premature end of file.
2025-06-20 03:47:55,879 [ERROR] LogOutputStream:75 - [STDERR_REDIRECT] 
2025-06-20 03:47:56,880 [ERROR] LogOutputStream:75 - [STDERR_REDIRECT] [Fatal Error] :1:1: Premature end of file.
2025-06-20 03:47:56,880 [ERROR] LogOutputStream:75 - [STDERR_REDIRECT] 
2025-06-20 03:47:57,891 [ERROR] LogOutputStream:75 - [STDERR_REDIRECT] [Fatal Error] :1:1: Premature end of file.
2025-06-20 03:47:57,891 [ERROR] LogOutputStream:75 - [STDERR_REDIRECT] 
2025-06-20 03:47:58,881 [ERROR] LogOutputStream:75 - [STDERR_REDIRECT] [Fatal Error] :1:1: Premature end of file.
2025-06-20 03:47:58,881 [ERROR] LogOutputStream:75 - [STDERR_REDIRECT] 
2025-06-20 03:47:59,881 [ERROR] LogOutputStream:75 - [STDERR_REDIRECT] [Fatal Error] :1:1: Premature end of file.
2025-06-20 03:47:59,881 [ERROR] LogOutputStream:75 - [STDERR_REDIRECT] 
2025-06-20 03:48:00,879 [ERROR] LogOutputStream:75 - [STDERR_REDIRECT] [Fatal Error] :1:1: Premature end of file.
2025-06-20 03:48:00,879 [ERROR] LogOutputStream:75 - [STDERR_REDIRECT] 
2025-06-20 03:48:01,879 [ERROR] LogOutputStream:75 - [STDERR_REDIRECT] [Fatal Error] :1:1: Premature end of file.
2025-06-20 03:48:01,879 [ERROR] LogOutputStream:75 - [STDERR_REDIRECT] 
2025-06-20 03:48:02,880 [ERROR] LogOutputStream:75 - [STDERR_REDIRECT] [Fatal Error] :1:1: Premature end of file.
2025-06-20 03:48:02,880 [ERROR] LogOutputStream:75 - [STDERR_REDIRECT] 
2025-06-20 03:48:03,881 [ERROR] LogOutputStream:75 - [STDERR_REDIRECT] [Fatal Error] :1:1: Premature end of file.
2025-06-20 03:48:03,881 [ERROR] LogOutputStream:75 - [STDERR_REDIRECT] 
2025-06-20 03:48:04,880 [ERROR] LogOutputStream:75 - [STDERR_REDIRECT] [Fatal Error] :1:1: Premature end of file.
2025-06-20 03:48:04,880 [ERROR] LogOutputStream:75 - [STDERR_REDIRECT] 
2025-06-20 03:48:05,880 [ERROR] LogOutputStream:75 - [STDERR_REDIRECT] [Fatal Error] :1:1: Premature end of file.
2025-06-20 03:48:05,880 [ERROR] LogOutputStream:75 - [STDERR_REDIRECT] 
2025-06-20 03:48:06,880 [ERROR] LogOutputStream:75 - [STDERR_REDIRECT] [Fatal Error] :1:1: Premature end of file.
2025-06-20 03:48:06,880 [ERROR] LogOutputStream:75 - [STDERR_REDIRECT] 
2025-06-20 03:48:07,879 [ERROR] LogOutputStream:75 - [STDERR_REDIRECT] [Fatal Error] :1:1: Premature end of file.
2025-06-20 03:48:07,879 [ERROR] LogOutputStream:75 - [STDERR_REDIRECT] 
2025-06-20 03:48:08,881 [ERROR] LogOutputStream:75 - [STDERR_REDIRECT] [Fatal Error] :1:1: Premature end of file.
2025-06-20 03:48:08,881 [ERROR] LogOutputStream:75 - [STDERR_REDIRECT] 
2025-06-20 03:48:09,881 [ERROR] LogOutputStream:75 - [STDERR_REDIRECT] [Fatal Error] :1:1: Premature end of file.
2025-06-20 03:48:09,881 [ERROR] LogOutputStream:75 - [STDERR_REDIRECT] 
2025-06-20 03:48:10,880 [ERROR] LogOutputStream:75 - [STDERR_REDIRECT] [Fatal Error] :1:1: Premature end of file.
2025-06-20 03:48:10,880 [ERROR] LogOutputStream:75 - [STDERR_REDIRECT] 
2025-06-20 03:48:11,882 [ERROR] LogOutputStream:75 - [STDERR_REDIRECT] [Fatal Error] :1:1: Premature end of file.
2025-06-20 03:48:11,882 [ERROR] LogOutputStream:75 - [STDERR_REDIRECT] 
2025-06-20 03:48:12,881 [ERROR] LogOutputStream:75 - [STDERR_REDIRECT] [Fatal Error] :1:1: Premature end of file.
2025-06-20 03:48:12,881 [ERROR] LogOutputStream:75 - [STDERR_REDIRECT] 
2025-06-20 03:48:13,880 [ERROR] LogOutputStream:75 - [STDERR_REDIRECT] [Fatal Error] :1:1: Premature end of file.
2025-06-20 03:48:13,880 [ERROR] LogOutputStream:75 - [STDERR_REDIRECT] 
2025-06-20 03:48:14,880 [ERROR] LogOutputStream:75 - [STDERR_REDIRECT] [Fatal Error] :1:1: Premature end of file.
2025-06-20 03:48:14,880 [ERROR] LogOutputStream:75 - [STDERR_REDIRECT] 
2025-06-20 03:48:15,880 [ERROR] LogOutputStream:75 - [STDERR_REDIRECT] [Fatal Error] :1:1: Premature end of file.
2025-06-20 03:48:15,880 [ERROR] LogOutputStream:75 - [STDERR_REDIRECT] 
2025-06-20 03:48:16,880 [ERROR] LogOutputStream:75 - [STDERR_REDIRECT] [Fatal Error] :1:1: Premature end of file.
2025-06-20 03:48:16,880 [ERROR] LogOutputStream:75 - [STDERR_REDIRECT] 
2025-06-20 03:48:17,879 [ERROR] LogOutputStream:75 - [STDERR_REDIRECT] [Fatal Error] :1:1: Premature end of file.
2025-06-20 03:48:17,880 [ERROR] LogOutputStream:75 - [STDERR_REDIRECT] 
2025-06-20 03:48:18,878 [ERROR] LogOutputStream:75 - [STDERR_REDIRECT] [Fatal Error] :1:1: Premature end of file.
2025-06-20 03:48:18,878 [ERROR] LogOutputStream:75 - [STDERR_REDIRECT] 
2025-06-20 03:48:19,881 [ERROR] LogOutputStream:75 - [STDERR_REDIRECT] [Fatal Error] :1:1: Premature end of file.
2025-06-20 03:48:19,882 [ERROR] LogOutputStream:75 - [STDERR_REDIRECT] 
2025-06-20 03:48:20,881 [ERROR] LogOutputStream:75 - [STDERR_REDIRECT] [Fatal Error] :1:1: Premature end of file.
2025-06-20 03:48:20,881 [ERROR] LogOutputStream:75 - [STDERR_REDIRECT] 
2025-06-20 03:48:21,880 [ERROR] LogOutputStream:75 - [STDERR_REDIRECT] [Fatal Error] :1:1: Premature end of file.
2025-06-20 03:48:21,881 [ERROR] LogOutputStream:75 - [STDERR_REDIRECT] 
2025-06-20 03:48:22,878 [ERROR] LogOutputStream:75 - [STDERR_REDIRECT] [Fatal Error] :1:1: Premature end of file.
2025-06-20 03:48:22,878 [ERROR] LogOutputStream:75 - [STDERR_REDIRECT] 
2025-06-20 03:48:23,881 [ERROR] LogOutputStream:75 - [STDERR_REDIRECT] [Fatal Error] :1:1: Premature end of file.
2025-06-20 03:48:23,881 [ERROR] LogOutputStream:75 - [STDERR_REDIRECT] 
2025-06-20 03:48:24,882 [ERROR] LogOutputStream:75 - [STDERR_REDIRECT] [Fatal Error] :1:1: Premature end of file.
2025-06-20 03:48:24,882 [ERROR] LogOutputStream:75 - [STDERR_REDIRECT] 
2025-06-20 03:48:25,881 [ERROR] LogOutputStream:75 - [STDERR_REDIRECT] [Fatal Error] :1:1: Premature end of file.
2025-06-20 03:48:25,881 [ERROR] LogOutputStream:75 - [STDERR_REDIRECT] 
2025-06-20 03:48:26,880 [ERROR] LogOutputStream:75 - [STDERR_REDIRECT] [Fatal Error] :1:1: Premature end of file.
2025-06-20 03:48:26,880 [ERROR] LogOutputStream:75 - [STDERR_REDIRECT] 
2025-06-20 03:48:27,879 [ERROR] LogOutputStream:75 - [STDERR_REDIRECT] [Fatal Error] :1:1: Premature end of file.
2025-06-20 03:48:27,879 [ERROR] LogOutputStream:75 - [STDERR_REDIRECT] 
2025-06-20 03:48:28,880 [ERROR] LogOutputStream:75 - [STDERR_REDIRECT] [Fatal Error] :1:1: Premature end of file.
2025-06-20 03:48:28,880 [ERROR] LogOutputStream:75 - [STDERR_REDIRECT] 
2025-06-20 03:48:29,880 [ERROR] LogOutputStream:75 - [STDERR_REDIRECT] [Fatal Error] :1:1: Premature end of file.
2025-06-20 03:48:29,881 [ERROR] LogOutputStream:75 - [STDERR_REDIRECT] 
2025-06-20 03:48:30,880 [ERROR] LogOutputStream:75 - [STDERR_REDIRECT] [Fatal Error] :1:1: Premature end of file.
2025-06-20 03:48:30,880 [ERROR] LogOutputStream:75 - [STDERR_REDIRECT] 
2025-06-20 03:48:31,881 [ERROR] LogOutputStream:75 - [STDERR_REDIRECT] [Fatal Error] :1:1: Premature end of file.
2025-06-20 03:48:31,881 [ERROR] LogOutputStream:75 - [STDERR_REDIRECT] 
2025-06-20 03:48:32,880 [ERROR] LogOutputStream:75 - [STDERR_REDIRECT] [Fatal Error] :1:1: Premature end of file.
2025-06-20 03:48:32,880 [ERROR] LogOutputStream:75 - [STDERR_REDIRECT] 
2025-06-20 03:48:33,881 [ERROR] LogOutputStream:75 - [STDERR_REDIRECT] [Fatal Error] :1:1: Premature end of file.
2025-06-20 03:48:33,881 [ERROR] LogOutputStream:75 - [STDERR_REDIRECT] 
2025-06-20 03:48:34,881 [ERROR] LogOutputStream:75 - [STDERR_REDIRECT] [Fatal Error] :1:1: Premature end of file.
2025-06-20 03:48:34,881 [ERROR] LogOutputStream:75 - [STDERR_REDIRECT] 
2025-06-20 03:48:35,881 [ERROR] LogOutputStream:75 - [STDERR_REDIRECT] [Fatal Error] :1:1: Premature end of file.
2025-06-20 03:48:35,881 [ERROR] LogOutputStream:75 - [STDERR_REDIRECT] 
2025-06-20 03:48:36,881 [ERROR] LogOutputStream:75 - [STDERR_REDIRECT] [Fatal Error] :1:1: Premature end of file.
2025-06-20 03:48:36,881 [ERROR] LogOutputStream:75 - [STDERR_REDIRECT] 
2025-06-20 03:48:37,880 [ERROR] LogOutputStream:75 - [STDERR_REDIRECT] [Fatal Error] :1:1: Premature end of file.
2025-06-20 03:48:37,880 [ERROR] LogOutputStream:75 - [STDERR_REDIRECT] 
2025-06-20 03:48:38,881 [ERROR] LogOutputStream:75 - [STDERR_REDIRECT] [Fatal Error] :1:1: Premature end of file.
2025-06-20 03:48:38,881 [ERROR] LogOutputStream:75 - [STDERR_REDIRECT] 
2025-06-20 03:48:39,880 [ERROR] LogOutputStream:75 - [STDERR_REDIRECT] [Fatal Error] :1:1: Premature end of file.
2025-06-20 03:48:39,881 [ERROR] LogOutputStream:75 - [STDERR_REDIRECT] 
2025-06-20 03:48:40,880 [ERROR] LogOutputStream:75 - [STDERR_REDIRECT] [Fatal Error] :1:1: Premature end of file.
2025-06-20 03:48:40,880 [ERROR] LogOutputStream:75 - [STDERR_REDIRECT] 
2025-06-20 03:48:41,881 [ERROR] LogOutputStream:75 - [STDERR_REDIRECT] [Fatal Error] :1:1: Premature end of file.
2025-06-20 03:48:41,881 [ERROR] LogOutputStream:75 - [STDERR_REDIRECT] 
2025-06-20 03:48:42,880 [ERROR] LogOutputStream:75 - [STDERR_REDIRECT] [Fatal Error] :1:1: Premature end of file.
2025-06-20 03:48:42,880 [ERROR] LogOutputStream:75 - [STDERR_REDIRECT] 
2025-06-20 03:48:43,880 [ERROR] LogOutputStream:75 - [STDERR_REDIRECT] [Fatal Error] :1:1: Premature end of file.
2025-06-20 03:48:43,880 [ERROR] LogOutputStream:75 - [STDERR_REDIRECT] 
2025-06-20 03:48:44,879 [ERROR] LogOutputStream:75 - [STDERR_REDIRECT] [Fatal Error] :1:1: Premature end of file.
2025-06-20 03:48:44,879 [ERROR] LogOutputStream:75 - [STDERR_REDIRECT] 
2025-06-20 03:48:45,880 [ERROR] LogOutputStream:75 - [STDERR_REDIRECT] [Fatal Error] :1:1: Premature end of file.
2025-06-20 03:48:45,880 [ERROR] LogOutputStream:75 - [STDERR_REDIRECT] 
2025-06-20 03:48:46,880 [ERROR] LogOutputStream:75 - [STDERR_REDIRECT] [Fatal Error] :1:1: Premature end of file.
2025-06-20 03:48:46,880 [ERROR] LogOutputStream:75 - [STDERR_REDIRECT] 
2025-06-20 03:48:47,880 [ERROR] LogOutputStream:75 - [STDERR_REDIRECT] [Fatal Error] :1:1: Premature end of file.
2025-06-20 03:48:47,880 [ERROR] LogOutputStream:75 - [STDERR_REDIRECT] 
2025-06-20 03:48:48,880 [ERROR] LogOutputStream:75 - [STDERR_REDIRECT] [Fatal Error] :1:1: Premature end of file.
2025-06-20 03:48:48,880 [ERROR] LogOutputStream:75 - [STDERR_REDIRECT] 
2025-06-20 03:48:49,881 [ERROR] LogOutputStream:75 - [STDERR_REDIRECT] [Fatal Error] :1:1: Premature end of file.
2025-06-20 03:48:49,881 [ERROR] LogOutputStream:75 - [STDERR_REDIRECT] 
2025-06-20 03:48:50,880 [ERROR] LogOutputStream:75 - [STDERR_REDIRECT] [Fatal Error] :1:1: Premature end of file.
2025-06-20 03:48:50,881 [ERROR] LogOutputStream:75 - [STDERR_REDIRECT] 
2025-06-20 03:48:51,880 [ERROR] LogOutputStream:75 - [STDERR_REDIRECT] [Fatal Error] :1:1: Premature end of file.
2025-06-20 03:48:51,880 [ERROR] LogOutputStream:75 - [STDERR_REDIRECT] 
2025-06-20 03:48:52,902 [ERROR] LogOutputStream:75 - [STDERR_REDIRECT] [Fatal Error] :1:1: Premature end of file.
2025-06-20 03:48:52,902 [ERROR] LogOutputStream:75 - [STDERR_REDIRECT] 
2025-06-20 03:48:53,882 [ERROR] LogOutputStream:75 - [STDERR_REDIRECT] [Fatal Error] :1:1: Premature end of file.
2025-06-20 03:48:53,882 [ERROR] LogOutputStream:75 - [STDERR_REDIRECT] 
2025-06-20 03:48:54,881 [ERROR] LogOutputStream:75 - [STDERR_REDIRECT] [Fatal Error] :1:1: Premature end of file.
2025-06-20 03:48:54,881 [ERROR] LogOutputStream:75 - [STDERR_REDIRECT] 
2025-06-20 03:48:55,880 [ERROR] LogOutputStream:75 - [STDERR_REDIRECT] [Fatal Error] :1:1: Premature end of file.
2025-06-20 03:48:55,880 [ERROR] LogOutputStream:75 - [STDERR_REDIRECT] 
2025-06-20 03:48:56,882 [ERROR] LogOutputStream:75 - [STDERR_REDIRECT] [Fatal Error] :1:1: Premature end of file.
2025-06-20 03:48:56,882 [ERROR] LogOutputStream:75 - [STDERR_REDIRECT] 
2025-06-20 03:48:57,882 [ERROR] LogOutputStream:75 - [STDERR_REDIRECT] [Fatal Error] :1:1: Premature end of file.
2025-06-20 03:48:57,883 [ERROR] LogOutputStream:75 - [STDERR_REDIRECT] 
2025-06-20 03:48:58,882 [ERROR] LogOutputStream:75 - [STDERR_REDIRECT] [Fatal Error] :1:1: Premature end of file.
2025-06-20 03:48:58,882 [ERROR] LogOutputStream:75 - [STDERR_REDIRECT] 
2025-06-20 03:48:59,890 [ERROR] LogOutputStream:75 - [STDERR_REDIRECT] [Fatal Error] :1:1: Premature end of file.
2025-06-20 03:48:59,890 [ERROR] LogOutputStream:75 - [STDERR_REDIRECT] 
2025-06-20 03:49:00,878 [ERROR] LogOutputStream:75 - [STDERR_REDIRECT] [Fatal Error] :1:1: Premature end of file.
2025-06-20 03:49:00,879 [ERROR] LogOutputStream:75 - [STDERR_REDIRECT] 
2025-06-20 03:49:01,878 [ERROR] LogOutputStream:75 - [STDERR_REDIRECT] [Fatal Error] :1:1: Premature end of file.
2025-06-20 03:49:01,878 [ERROR] LogOutputStream:75 - [STDERR_REDIRECT] 
2025-06-20 03:49:02,882 [ERROR] LogOutputStream:75 - [STDERR_REDIRECT] [Fatal Error] :1:1: Premature end of file.
2025-06-20 03:49:02,883 [ERROR] LogOutputStream:75 - [STDERR_REDIRECT] 
2025-06-20 03:49:03,878 [ERROR] LogOutputStream:75 - [STDERR_REDIRECT] [Fatal Error] :1:1: Premature end of file.
2025-06-20 03:49:03,878 [ERROR] LogOutputStream:75 - [STDERR_REDIRECT] 
2025-06-20 03:49:04,882 [ERROR] LogOutputStream:75 - [STDERR_REDIRECT] [Fatal Error] :1:1: Premature end of file.
2025-06-20 03:49:04,882 [ERROR] LogOutputStream:75 - [STDERR_REDIRECT] 
2025-06-20 03:49:05,881 [ERROR] LogOutputStream:75 - [STDERR_REDIRECT] [Fatal Error] :1:1: Premature end of file.
2025-06-20 03:49:05,881 [ERROR] LogOutputStream:75 - [STDERR_REDIRECT] 
2025-06-20 03:49:06,880 [ERROR] LogOutputStream:75 - [STDERR_REDIRECT] [Fatal Error] :1:1: Premature end of file.
2025-06-20 03:49:06,880 [ERROR] LogOutputStream:75 - [STDERR_REDIRECT] 
2025-06-20 03:49:07,881 [ERROR] LogOutputStream:75 - [STDERR_REDIRECT] [Fatal Error] :1:1: Premature end of file.
2025-06-20 03:49:07,881 [ERROR] LogOutputStream:75 - [STDERR_REDIRECT] 
2025-06-20 03:49:08,881 [ERROR] LogOutputStream:75 - [STDERR_REDIRECT] [Fatal Error] :1:1: Premature end of file.
2025-06-20 03:49:08,881 [ERROR] LogOutputStream:75 - [STDERR_REDIRECT] 
2025-06-20 03:49:09,881 [ERROR] LogOutputStream:75 - [STDERR_REDIRECT] [Fatal Error] :1:1: Premature end of file.
2025-06-20 03:49:09,882 [ERROR] LogOutputStream:75 - [STDERR_REDIRECT] 
2025-06-20 03:49:10,879 [ERROR] LogOutputStream:75 - [STDERR_REDIRECT] [Fatal Error] :1:1: Premature end of file.
2025-06-20 03:49:10,879 [ERROR] LogOutputStream:75 - [STDERR_REDIRECT] 
2025-06-20 03:49:11,879 [ERROR] LogOutputStream:75 - [STDERR_REDIRECT] [Fatal Error] :1:1: Premature end of file.
2025-06-20 03:49:11,879 [ERROR] LogOutputStream:75 - [STDERR_REDIRECT] 
2025-06-20 03:49:12,883 [ERROR] LogOutputStream:75 - [STDERR_REDIRECT] [Fatal Error] :1:1: Premature end of file.
2025-06-20 03:49:12,883 [ERROR] LogOutputStream:75 - [STDERR_REDIRECT] 
2025-06-20 03:49:13,881 [ERROR] LogOutputStream:75 - [STDERR_REDIRECT] [Fatal Error] :1:1: Premature end of file.
2025-06-20 03:49:13,881 [ERROR] LogOutputStream:75 - [STDERR_REDIRECT] 
2025-06-20 03:49:14,880 [ERROR] LogOutputStream:75 - [STDERR_REDIRECT] [Fatal Error] :1:1: Premature end of file.
2025-06-20 03:49:14,880 [ERROR] LogOutputStream:75 - [STDERR_REDIRECT] 
2025-06-20 03:49:15,881 [ERROR] LogOutputStream:75 - [STDERR_REDIRECT] [Fatal Error] :1:1: Premature end of file.
2025-06-20 03:49:15,881 [ERROR] LogOutputStream:75 - [STDERR_REDIRECT] 
2025-06-20 03:49:16,879 [ERROR] LogOutputStream:75 - [STDERR_REDIRECT] [Fatal Error] :1:1: Premature end of file.
2025-06-20 03:49:16,879 [ERROR] LogOutputStream:75 - [STDERR_REDIRECT] 
2025-06-20 03:49:17,881 [ERROR] LogOutputStream:75 - [STDERR_REDIRECT] [Fatal Error] :1:1: Premature end of file.
2025-06-20 03:49:17,881 [ERROR] LogOutputStream:75 - [STDERR_REDIRECT] 
2025-06-20 03:49:18,880 [ERROR] LogOutputStream:75 - [STDERR_REDIRECT] [Fatal Error] :1:1: Premature end of file.
2025-06-20 03:49:18,880 [ERROR] LogOutputStream:75 - [STDERR_REDIRECT] 
2025-06-20 03:49:19,880 [ERROR] LogOutputStream:75 - [STDERR_REDIRECT] [Fatal Error] :1:1: Premature end of file.
2025-06-20 03:49:19,880 [ERROR] LogOutputStream:75 - [STDERR_REDIRECT] 
2025-06-20 03:49:20,880 [ERROR] LogOutputStream:75 - [STDERR_REDIRECT] [Fatal Error] :1:1: Premature end of file.
2025-06-20 03:49:20,880 [ERROR] LogOutputStream:75 - [STDERR_REDIRECT] 
2025-06-20 03:49:21,881 [ERROR] LogOutputStream:75 - [STDERR_REDIRECT] [Fatal Error] :1:1: Premature end of file.
2025-06-20 03:49:21,882 [ERROR] LogOutputStream:75 - [STDERR_REDIRECT] 
2025-06-20 03:49:22,881 [ERROR] LogOutputStream:75 - [STDERR_REDIRECT] [Fatal Error] :1:1: Premature end of file.
2025-06-20 03:49:22,881 [ERROR] LogOutputStream:75 - [STDERR_REDIRECT] 
2025-06-20 03:49:23,881 [ERROR] LogOutputStream:75 - [STDERR_REDIRECT] [Fatal Error] :1:1: Premature end of file.
2025-06-20 03:49:23,881 [ERROR] LogOutputStream:75 - [STDERR_REDIRECT] 
2025-06-20 03:49:24,881 [ERROR] LogOutputStream:75 - [STDERR_REDIRECT] [Fatal Error] :1:1: Premature end of file.
2025-06-20 03:49:24,881 [ERROR] LogOutputStream:75 - [STDERR_REDIRECT] 
2025-06-20 03:49:25,881 [ERROR] LogOutputStream:75 - [STDERR_REDIRECT] [Fatal Error] :1:1: Premature end of file.
2025-06-20 03:49:25,881 [ERROR] LogOutputStream:75 - [STDERR_REDIRECT] 
2025-06-20 03:49:26,881 [ERROR] LogOutputStream:75 - [STDERR_REDIRECT] [Fatal Error] :1:1: Premature end of file.
2025-06-20 03:49:26,881 [ERROR] LogOutputStream:75 - [STDERR_REDIRECT] 
2025-06-20 03:49:27,881 [ERROR] LogOutputStream:75 - [STDERR_REDIRECT] [Fatal Error] :1:1: Premature end of file.
2025-06-20 03:49:27,881 [ERROR] LogOutputStream:75 - [STDERR_REDIRECT] 
2025-06-20 03:49:28,880 [ERROR] LogOutputStream:75 - [STDERR_REDIRECT] [Fatal Error] :1:1: Premature end of file.
2025-06-20 03:49:28,880 [ERROR] LogOutputStream:75 - [STDERR_REDIRECT] 
2025-06-20 03:49:29,880 [ERROR] LogOutputStream:75 - [STDERR_REDIRECT] [Fatal Error] :1:1: Premature end of file.
2025-06-20 03:49:29,880 [ERROR] LogOutputStream:75 - [STDERR_REDIRECT] 
2025-06-20 03:49:30,880 [ERROR] LogOutputStream:75 - [STDERR_REDIRECT] [Fatal Error] :1:1: Premature end of file.
2025-06-20 03:49:30,880 [ERROR] LogOutputStream:75 - [STDERR_REDIRECT] 
2025-06-20 03:49:31,880 [ERROR] LogOutputStream:75 - [STDERR_REDIRECT] [Fatal Error] :1:1: Premature end of file.
2025-06-20 03:49:31,880 [ERROR] LogOutputStream:75 - [STDERR_REDIRECT] 
2025-06-20 03:49:32,880 [ERROR] LogOutputStream:75 - [STDERR_REDIRECT] [Fatal Error] :1:1: Premature end of file.
2025-06-20 03:49:32,880 [ERROR] LogOutputStream:75 - [STDERR_REDIRECT] 
2025-06-20 03:49:33,880 [ERROR] LogOutputStream:75 - [STDERR_REDIRECT] [Fatal Error] :1:1: Premature end of file.
2025-06-20 03:49:33,880 [ERROR] LogOutputStream:75 - [STDERR_REDIRECT] 
2025-06-20 03:49:34,881 [ERROR] LogOutputStream:75 - [STDERR_REDIRECT] [Fatal Error] :1:1: Premature end of file.
2025-06-20 03:49:34,881 [ERROR] LogOutputStream:75 - [STDERR_REDIRECT] 
2025-06-20 03:49:35,879 [ERROR] LogOutputStream:75 - [STDERR_REDIRECT] [Fatal Error] :1:1: Premature end of file.
2025-06-20 03:49:35,879 [ERROR] LogOutputStream:75 - [STDERR_REDIRECT] 
2025-06-20 03:49:36,882 [ERROR] LogOutputStream:75 - [STDERR_REDIRECT] [Fatal Error] :1:1: Premature end of file.
2025-06-20 03:49:36,882 [ERROR] LogOutputStream:75 - [STDERR_REDIRECT] 
2025-06-20 03:49:37,881 [ERROR] LogOutputStream:75 - [STDERR_REDIRECT] [Fatal Error] :1:1: Premature end of file.
2025-06-20 03:49:37,881 [ERROR] LogOutputStream:75 - [STDERR_REDIRECT] 
2025-06-20 03:49:38,880 [ERROR] LogOutputStream:75 - [STDERR_REDIRECT] [Fatal Error] :1:1: Premature end of file.
2025-06-20 03:49:38,880 [ERROR] LogOutputStream:75 - [STDERR_REDIRECT] 
2025-06-20 03:49:39,881 [ERROR] LogOutputStream:75 - [STDERR_REDIRECT] [Fatal Error] :1:1: Premature end of file.
2025-06-20 03:49:39,881 [ERROR] LogOutputStream:75 - [STDERR_REDIRECT] 
2025-06-20 03:49:40,879 [ERROR] LogOutputStream:75 - [STDERR_REDIRECT] [Fatal Error] :1:1: Premature end of file.
2025-06-20 03:49:40,880 [ERROR] LogOutputStream:75 - [STDERR_REDIRECT] 
2025-06-20 03:49:41,882 [ERROR] LogOutputStream:75 - [STDERR_REDIRECT] [Fatal Error] :1:1: Premature end of file.
2025-06-20 03:49:41,882 [ERROR] LogOutputStream:75 - [STDERR_REDIRECT] 
2025-06-20 03:49:42,882 [ERROR] LogOutputStream:75 - [STDERR_REDIRECT] [Fatal Error] :1:1: Premature end of file.
2025-06-20 03:49:42,882 [ERROR] LogOutputStream:75 - [STDERR_REDIRECT] 
2025-06-20 03:49:43,881 [ERROR] LogOutputStream:75 - [STDERR_REDIRECT] [Fatal Error] :1:1: Premature end of file.
2025-06-20 03:49:43,881 [ERROR] LogOutputStream:75 - [STDERR_REDIRECT] 
2025-06-20 03:49:44,881 [ERROR] LogOutputStream:75 - [STDERR_REDIRECT] [Fatal Error] :1:1: Premature end of file.
2025-06-20 03:49:44,882 [ERROR] LogOutputStream:75 - [STDERR_REDIRECT] 
2025-06-20 03:49:45,880 [ERROR] LogOutputStream:75 - [STDERR_REDIRECT] [Fatal Error] :1:1: Premature end of file.
2025-06-20 03:49:45,880 [ERROR] LogOutputStream:75 - [STDERR_REDIRECT] 
2025-06-20 03:49:46,880 [ERROR] LogOutputStream:75 - [STDERR_REDIRECT] [Fatal Error] :1:1: Premature end of file.
2025-06-20 03:49:46,880 [ERROR] LogOutputStream:75 - [STDERR_REDIRECT] 
2025-06-20 03:49:47,883 [ERROR] LogOutputStream:75 - [STDERR_REDIRECT] [Fatal Error] :1:1: Premature end of file.
2025-06-20 03:49:47,883 [ERROR] LogOutputStream:75 - [STDERR_REDIRECT] 
2025-06-20 03:49:48,880 [ERROR] LogOutputStream:75 - [STDERR_REDIRECT] [Fatal Error] :1:1: Premature end of file.
2025-06-20 03:49:48,880 [ERROR] LogOutputStream:75 - [STDERR_REDIRECT] 
2025-06-20 03:49:49,880 [ERROR] LogOutputStream:75 - [STDERR_REDIRECT] [Fatal Error] :1:1: Premature end of file.
2025-06-20 03:49:49,880 [ERROR] LogOutputStream:75 - [STDERR_REDIRECT] 
2025-06-20 03:49:50,881 [ERROR] LogOutputStream:75 - [STDERR_REDIRECT] [Fatal Error] :1:1: Premature end of file.
2025-06-20 03:49:50,881 [ERROR] LogOutputStream:75 - [STDERR_REDIRECT] 
2025-06-20 03:49:51,882 [ERROR] LogOutputStream:75 - [STDERR_REDIRECT] [Fatal Error] :1:1: Premature end of file.
2025-06-20 03:49:51,882 [ERROR] LogOutputStream:75 - [STDERR_REDIRECT] 
2025-06-20 03:49:52,882 [ERROR] LogOutputStream:75 - [STDERR_REDIRECT] [Fatal Error] :1:1: Premature end of file.
2025-06-20 03:49:52,882 [ERROR] LogOutputStream:75 - [STDERR_REDIRECT] 
2025-06-20 03:49:53,881 [ERROR] LogOutputStream:75 - [STDERR_REDIRECT] [Fatal Error] :1:1: Premature end of file.
2025-06-20 03:49:53,881 [ERROR] LogOutputStream:75 - [STDERR_REDIRECT] 
2025-06-20 03:49:54,881 [ERROR] LogOutputStream:75 - [STDERR_REDIRECT] [Fatal Error] :1:1: Premature end of file.
2025-06-20 03:49:54,881 [ERROR] LogOutputStream:75 - [STDERR_REDIRECT] 
2025-06-20 03:49:55,881 [ERROR] LogOutputStream:75 - [STDERR_REDIRECT] [Fatal Error] :1:1: Premature end of file.
2025-06-20 03:49:55,881 [ERROR] LogOutputStream:75 - [STDERR_REDIRECT] 
2025-06-20 03:49:56,882 [ERROR] LogOutputStream:75 - [STDERR_REDIRECT] [Fatal Error] :1:1: Premature end of file.
2025-06-20 03:49:56,882 [ERROR] LogOutputStream:75 - [STDERR_REDIRECT] 
2025-06-20 03:49:57,881 [ERROR] LogOutputStream:75 - [STDERR_REDIRECT] [Fatal Error] :1:1: Premature end of file.
2025-06-20 03:49:57,881 [ERROR] LogOutputStream:75 - [STDERR_REDIRECT] 
2025-06-20 03:49:58,882 [ERROR] LogOutputStream:75 - [STDERR_REDIRECT] [Fatal Error] :1:1: Premature end of file.
2025-06-20 03:49:58,882 [ERROR] LogOutputStream:75 - [STDERR_REDIRECT] 
2025-06-20 03:49:59,879 [ERROR] LogOutputStream:75 - [STDERR_REDIRECT] [Fatal Error] :1:1: Premature end of file.
2025-06-20 03:49:59,880 [ERROR] LogOutputStream:75 - [STDERR_REDIRECT] 
2025-06-20 03:50:00,880 [ERROR] LogOutputStream:75 - [STDERR_REDIRECT] [Fatal Error] :1:1: Premature end of file.
2025-06-20 03:50:00,880 [ERROR] LogOutputStream:75 - [STDERR_REDIRECT] 
2025-06-20 03:50:01,889 [ERROR] LogOutputStream:75 - [STDERR_REDIRECT] [Fatal Error] :1:1: Premature end of file.
2025-06-20 03:50:01,889 [ERROR] LogOutputStream:75 - [STDERR_REDIRECT] 
2025-06-20 03:50:02,880 [ERROR] LogOutputStream:75 - [STDERR_REDIRECT] [Fatal Error] :1:1: Premature end of file.
2025-06-20 03:50:02,881 [ERROR] LogOutputStream:75 - [STDERR_REDIRECT] 
2025-06-20 03:50:03,882 [ERROR] LogOutputStream:75 - [STDERR_REDIRECT] [Fatal Error] :1:1: Premature end of file.
2025-06-20 03:50:03,882 [ERROR] LogOutputStream:75 - [STDERR_REDIRECT] 
2025-06-20 03:50:04,877 [ERROR] LogOutputStream:75 - [STDERR_REDIRECT] [Fatal Error] :1:1: Premature end of file.
2025-06-20 03:50:04,877 [ERROR] LogOutputStream:75 - [STDERR_REDIRECT] 
2025-06-20 03:50:05,879 [ERROR] LogOutputStream:75 - [STDERR_REDIRECT] [Fatal Error] :1:1: Premature end of file.
2025-06-20 03:50:05,879 [ERROR] LogOutputStream:75 - [STDERR_REDIRECT] 
2025-06-20 03:50:06,883 [ERROR] LogOutputStream:75 - [STDERR_REDIRECT] [Fatal Error] :1:1: Premature end of file.
2025-06-20 03:50:06,883 [ERROR] LogOutputStream:75 - [STDERR_REDIRECT] 
2025-06-20 03:50:07,882 [ERROR] LogOutputStream:75 - [STDERR_REDIRECT] [Fatal Error] :1:1: Premature end of file.
2025-06-20 03:50:07,882 [ERROR] LogOutputStream:75 - [STDERR_REDIRECT] 
2025-06-20 03:50:08,894 [ERROR] LogOutputStream:75 - [STDERR_REDIRECT] [Fatal Error] :1:1: Premature end of file.
2025-06-20 03:50:08,894 [ERROR] LogOutputStream:75 - [STDERR_REDIRECT] 
2025-06-20 03:50:09,880 [ERROR] LogOutputStream:75 - [STDERR_REDIRECT] [Fatal Error] :1:1: Premature end of file.
2025-06-20 03:50:09,880 [ERROR] LogOutputStream:75 - [STDERR_REDIRECT] 
2025-06-20 03:50:10,880 [ERROR] LogOutputStream:75 - [STDERR_REDIRECT] [Fatal Error] :1:1: Premature end of file.
2025-06-20 03:50:10,881 [ERROR] LogOutputStream:75 - [STDERR_REDIRECT] 
2025-06-20 03:50:11,881 [ERROR] LogOutputStream:75 - [STDERR_REDIRECT] [Fatal Error] :1:1: Premature end of file.
2025-06-20 03:50:11,881 [ERROR] LogOutputStream:75 - [STDERR_REDIRECT] 
2025-06-20 03:50:12,881 [ERROR] LogOutputStream:75 - [STDERR_REDIRECT] [Fatal Error] :1:1: Premature end of file.
2025-06-20 03:50:12,881 [ERROR] LogOutputStream:75 - [STDERR_REDIRECT] 
2025-06-20 03:50:13,881 [ERROR] LogOutputStream:75 - [STDERR_REDIRECT] [Fatal Error] :1:1: Premature end of file.
2025-06-20 03:50:13,882 [ERROR] LogOutputStream:75 - [STDERR_REDIRECT] 
2025-06-20 03:50:14,881 [ERROR] LogOutputStream:75 - [STDERR_REDIRECT] [Fatal Error] :1:1: Premature end of file.
2025-06-20 03:50:14,882 [ERROR] LogOutputStream:75 - [STDERR_REDIRECT] 
2025-06-20 03:50:15,883 [ERROR] LogOutputStream:75 - [STDERR_REDIRECT] [Fatal Error] :1:1: Premature end of file.
2025-06-20 03:50:15,883 [ERROR] LogOutputStream:75 - [STDERR_REDIRECT] 
2025-06-20 03:50:16,881 [ERROR] LogOutputStream:75 - [STDERR_REDIRECT] [Fatal Error] :1:1: Premature end of file.
2025-06-20 03:50:16,882 [ERROR] LogOutputStream:75 - [STDERR_REDIRECT] 
2025-06-20 03:50:17,880 [ERROR] LogOutputStream:75 - [STDERR_REDIRECT] [Fatal Error] :1:1: Premature end of file.
2025-06-20 03:50:17,880 [ERROR] LogOutputStream:75 - [STDERR_REDIRECT] 
2025-06-20 03:50:18,880 [ERROR] LogOutputStream:75 - [STDERR_REDIRECT] [Fatal Error] :1:1: Premature end of file.
2025-06-20 03:50:18,880 [ERROR] LogOutputStream:75 - [STDERR_REDIRECT] 
2025-06-20 03:50:19,882 [ERROR] LogOutputStream:75 - [STDERR_REDIRECT] [Fatal Error] :1:1: Premature end of file.
2025-06-20 03:50:19,882 [ERROR] LogOutputStream:75 - [STDERR_REDIRECT] 
2025-06-20 03:50:20,878 [ERROR] LogOutputStream:75 - [STDERR_REDIRECT] [Fatal Error] :1:1: Premature end of file.
2025-06-20 03:50:20,878 [ERROR] LogOutputStream:75 - [STDERR_REDIRECT] 
2025-06-20 03:50:21,881 [ERROR] LogOutputStream:75 - [STDERR_REDIRECT] [Fatal Error] :1:1: Premature end of file.
2025-06-20 03:50:21,881 [ERROR] LogOutputStream:75 - [STDERR_REDIRECT] 
2025-06-20 03:50:22,881 [ERROR] LogOutputStream:75 - [STDERR_REDIRECT] [Fatal Error] :1:1: Premature end of file.
2025-06-20 03:50:22,881 [ERROR] LogOutputStream:75 - [STDERR_REDIRECT] 
2025-06-20 03:50:23,882 [ERROR] LogOutputStream:75 - [STDERR_REDIRECT] [Fatal Error] :1:1: Premature end of file.
2025-06-20 03:50:23,882 [ERROR] LogOutputStream:75 - [STDERR_REDIRECT] 
2025-06-20 03:50:24,883 [ERROR] LogOutputStream:75 - [STDERR_REDIRECT] [Fatal Error] :1:1: Premature end of file.
2025-06-20 03:50:24,883 [ERROR] LogOutputStream:75 - [STDERR_REDIRECT] 
2025-06-20 03:50:25,881 [ERROR] LogOutputStream:75 - [STDERR_REDIRECT] [Fatal Error] :1:1: Premature end of file.
2025-06-20 03:50:25,881 [ERROR] LogOutputStream:75 - [STDERR_REDIRECT] 
2025-06-20 03:50:26,882 [ERROR] LogOutputStream:75 - [STDERR_REDIRECT] [Fatal Error] :1:1: Premature end of file.
2025-06-20 03:50:26,882 [ERROR] LogOutputStream:75 - [STDERR_REDIRECT] 
2025-06-20 03:50:27,880 [ERROR] LogOutputStream:75 - [STDERR_REDIRECT] [Fatal Error] :1:1: Premature end of file.
2025-06-20 03:50:27,880 [ERROR] LogOutputStream:75 - [STDERR_REDIRECT] 
2025-06-20 03:50:28,881 [ERROR] LogOutputStream:75 - [STDERR_REDIRECT] [Fatal Error] :1:1: Premature end of file.
2025-06-20 03:50:28,881 [ERROR] LogOutputStream:75 - [STDERR_REDIRECT] 
2025-06-20 03:50:29,881 [ERROR] LogOutputStream:75 - [STDERR_REDIRECT] [Fatal Error] :1:1: Premature end of file.
2025-06-20 03:50:29,881 [ERROR] LogOutputStream:75 - [STDERR_REDIRECT] 
2025-06-20 03:50:30,884 [ERROR] LogOutputStream:75 - [STDERR_REDIRECT] [Fatal Error] :1:1: Premature end of file.
2025-06-20 03:50:30,884 [ERROR] LogOutputStream:75 - [STDERR_REDIRECT] 
2025-06-20 03:50:31,880 [ERROR] LogOutputStream:75 - [STDERR_REDIRECT] [Fatal Error] :1:1: Premature end of file.
2025-06-20 03:50:31,880 [ERROR] LogOutputStream:75 - [STDERR_REDIRECT] 
2025-06-20 03:50:32,881 [ERROR] LogOutputStream:75 - [STDERR_REDIRECT] [Fatal Error] :1:1: Premature end of file.
2025-06-20 03:50:32,881 [ERROR] LogOutputStream:75 - [STDERR_REDIRECT] 
2025-06-20 03:50:33,878 [ERROR] LogOutputStream:75 - [STDERR_REDIRECT] [Fatal Error] :1:1: Premature end of file.
2025-06-20 03:50:33,878 [ERROR] LogOutputStream:75 - [STDERR_REDIRECT] 
2025-06-20 03:50:34,882 [ERROR] LogOutputStream:75 - [STDERR_REDIRECT] [Fatal Error] :1:1: Premature end of file.
2025-06-20 03:50:34,882 [ERROR] LogOutputStream:75 - [STDERR_REDIRECT] 
2025-06-20 03:50:35,882 [ERROR] LogOutputStream:75 - [STDERR_REDIRECT] [Fatal Error] :1:1: Premature end of file.
2025-06-20 03:50:35,882 [ERROR] LogOutputStream:75 - [STDERR_REDIRECT] 
2025-06-20 03:50:36,881 [ERROR] LogOutputStream:75 - [STDERR_REDIRECT] [Fatal Error] :1:1: Premature end of file.
2025-06-20 03:50:36,881 [ERROR] LogOutputStream:75 - [STDERR_REDIRECT] 
2025-06-20 03:50:37,881 [ERROR] LogOutputStream:75 - [STDERR_REDIRECT] [Fatal Error] :1:1: Premature end of file.
2025-06-20 03:50:37,881 [ERROR] LogOutputStream:75 - [STDERR_REDIRECT] 
2025-06-20 03:50:38,880 [ERROR] LogOutputStream:75 - [STDERR_REDIRECT] [Fatal Error] :1:1: Premature end of file.
2025-06-20 03:50:38,880 [ERROR] LogOutputStream:75 - [STDERR_REDIRECT] 
2025-06-20 03:50:39,880 [ERROR] LogOutputStream:75 - [STDERR_REDIRECT] [Fatal Error] :1:1: Premature end of file.
2025-06-20 03:50:39,880 [ERROR] LogOutputStream:75 - [STDERR_REDIRECT] 
2025-06-20 03:50:40,882 [ERROR] LogOutputStream:75 - [STDERR_REDIRECT] [Fatal Error] :1:1: Premature end of file.
2025-06-20 03:50:40,882 [ERROR] LogOutputStream:75 - [STDERR_REDIRECT] 
2025-06-20 03:50:41,881 [ERROR] LogOutputStream:75 - [STDERR_REDIRECT] [Fatal Error] :1:1: Premature end of file.
2025-06-20 03:50:41,881 [ERROR] LogOutputStream:75 - [STDERR_REDIRECT] 
2025-06-20 03:50:42,880 [ERROR] LogOutputStream:75 - [STDERR_REDIRECT] [Fatal Error] :1:1: Premature end of file.
2025-06-20 03:50:42,880 [ERROR] LogOutputStream:75 - [STDERR_REDIRECT] 
2025-06-20 03:50:43,880 [ERROR] LogOutputStream:75 - [STDERR_REDIRECT] [Fatal Error] :1:1: Premature end of file.
2025-06-20 03:50:43,881 [ERROR] LogOutputStream:75 - [STDERR_REDIRECT] 
2025-06-20 03:50:44,881 [ERROR] LogOutputStream:75 - [STDERR_REDIRECT] [Fatal Error] :1:1: Premature end of file.
2025-06-20 03:50:44,881 [ERROR] LogOutputStream:75 - [STDERR_REDIRECT] 
2025-06-20 03:50:45,880 [ERROR] LogOutputStream:75 - [STDERR_REDIRECT] [Fatal Error] :1:1: Premature end of file.
2025-06-20 03:50:45,880 [ERROR] LogOutputStream:75 - [STDERR_REDIRECT] 
2025-06-20 03:50:46,882 [ERROR] LogOutputStream:75 - [STDERR_REDIRECT] [Fatal Error] :1:1: Premature end of file.
2025-06-20 03:50:46,882 [ERROR] LogOutputStream:75 - [STDERR_REDIRECT] 
2025-06-20 03:50:47,878 [ERROR] LogOutputStream:75 - [STDERR_REDIRECT] [Fatal Error] :1:1: Premature end of file.
2025-06-20 03:50:47,878 [ERROR] LogOutputStream:75 - [STDERR_REDIRECT] 
2025-06-20 03:50:48,880 [ERROR] LogOutputStream:75 - [STDERR_REDIRECT] [Fatal Error] :1:1: Premature end of file.
2025-06-20 03:50:48,880 [ERROR] LogOutputStream:75 - [STDERR_REDIRECT] 
2025-06-20 03:50:49,881 [ERROR] LogOutputStream:75 - [STDERR_REDIRECT] [Fatal Error] :1:1: Premature end of file.
2025-06-20 03:50:49,881 [ERROR] LogOutputStream:75 - [STDERR_REDIRECT] 
2025-06-20 03:50:50,882 [ERROR] LogOutputStream:75 - [STDERR_REDIRECT] [Fatal Error] :1:1: Premature end of file.
2025-06-20 03:50:50,882 [ERROR] LogOutputStream:75 - [STDERR_REDIRECT] 
2025-06-20 03:50:51,882 [ERROR] LogOutputStream:75 - [STDERR_REDIRECT] [Fatal Error] :1:1: Premature end of file.
2025-06-20 03:50:51,882 [ERROR] LogOutputStream:75 - [STDERR_REDIRECT] 
2025-06-20 03:50:52,884 [ERROR] LogOutputStream:75 - [STDERR_REDIRECT] [Fatal Error] :1:1: Premature end of file.
2025-06-20 03:50:52,884 [ERROR] LogOutputStream:75 - [STDERR_REDIRECT] 
2025-06-20 03:50:53,880 [ERROR] LogOutputStream:75 - [STDERR_REDIRECT] [Fatal Error] :1:1: Premature end of file.
2025-06-20 03:50:53,880 [ERROR] LogOutputStream:75 - [STDERR_REDIRECT] 
2025-06-20 03:50:54,878 [ERROR] LogOutputStream:75 - [STDERR_REDIRECT] [Fatal Error] :1:1: Premature end of file.
2025-06-20 03:50:54,878 [ERROR] LogOutputStream:75 - [STDERR_REDIRECT] 
2025-06-20 03:50:55,879 [ERROR] LogOutputStream:75 - [STDERR_REDIRECT] [Fatal Error] :1:1: Premature end of file.
2025-06-20 03:50:55,879 [ERROR] LogOutputStream:75 - [STDERR_REDIRECT] 
2025-06-20 03:50:56,887 [ERROR] LogOutputStream:75 - [STDERR_REDIRECT] [Fatal Error] :1:1: Premature end of file.
2025-06-20 03:50:56,887 [ERROR] LogOutputStream:75 - [STDERR_REDIRECT] 
2025-06-20 03:50:57,881 [ERROR] LogOutputStream:75 - [STDERR_REDIRECT] [Fatal Error] :1:1: Premature end of file.
2025-06-20 03:50:57,882 [ERROR] LogOutputStream:75 - [STDERR_REDIRECT] 
2025-06-20 03:50:58,882 [ERROR] LogOutputStream:75 - [STDERR_REDIRECT] [Fatal Error] :1:1: Premature end of file.
2025-06-20 03:50:58,882 [ERROR] LogOutputStream:75 - [STDERR_REDIRECT] 
2025-06-20 03:50:59,881 [ERROR] LogOutputStream:75 - [STDERR_REDIRECT] [Fatal Error] :1:1: Premature end of file.
2025-06-20 03:50:59,881 [ERROR] LogOutputStream:75 - [STDERR_REDIRECT] 
2025-06-20 03:51:00,880 [ERROR] LogOutputStream:75 - [STDERR_REDIRECT] [Fatal Error] :1:1: Premature end of file.
2025-06-20 03:51:00,880 [ERROR] LogOutputStream:75 - [STDERR_REDIRECT] 
2025-06-20 03:51:01,881 [ERROR] LogOutputStream:75 - [STDERR_REDIRECT] [Fatal Error] :1:1: Premature end of file.
2025-06-20 03:51:01,881 [ERROR] LogOutputStream:75 - [STDERR_REDIRECT] 
2025-06-20 03:51:02,878 [ERROR] LogOutputStream:75 - [STDERR_REDIRECT] [Fatal Error] :1:1: Premature end of file.
2025-06-20 03:51:02,878 [ERROR] LogOutputStream:75 - [STDERR_REDIRECT] 
2025-06-20 03:51:03,881 [ERROR] LogOutputStream:75 - [STDERR_REDIRECT] [Fatal Error] :1:1: Premature end of file.
2025-06-20 03:51:03,881 [ERROR] LogOutputStream:75 - [STDERR_REDIRECT] 
2025-06-20 03:51:04,881 [ERROR] LogOutputStream:75 - [STDERR_REDIRECT] [Fatal Error] :1:1: Premature end of file.
2025-06-20 03:51:04,881 [ERROR] LogOutputStream:75 - [STDERR_REDIRECT] 
2025-06-20 03:51:05,886 [ERROR] LogOutputStream:75 - [STDERR_REDIRECT] [Fatal Error] :1:1: Premature end of file.
2025-06-20 03:51:05,886 [ERROR] LogOutputStream:75 - [STDERR_REDIRECT] 
2025-06-20 03:51:06,880 [ERROR] LogOutputStream:75 - [STDERR_REDIRECT] [Fatal Error] :1:1: Premature end of file.
2025-06-20 03:51:06,880 [ERROR] LogOutputStream:75 - [STDERR_REDIRECT] 
2025-06-20 03:51:07,882 [ERROR] LogOutputStream:75 - [STDERR_REDIRECT] [Fatal Error] :1:1: Premature end of file.
2025-06-20 03:51:07,882 [ERROR] LogOutputStream:75 - [STDERR_REDIRECT] 
2025-06-20 03:51:08,882 [ERROR] LogOutputStream:75 - [STDERR_REDIRECT] [Fatal Error] :1:1: Premature end of file.
2025-06-20 03:51:08,882 [ERROR] LogOutputStream:75 - [STDERR_REDIRECT] 
2025-06-20 03:51:09,880 [ERROR] LogOutputStream:75 - [STDERR_REDIRECT] [Fatal Error] :1:1: Premature end of file.
2025-06-20 03:51:09,880 [ERROR] LogOutputStream:75 - [STDERR_REDIRECT] 
2025-06-20 03:51:10,881 [ERROR] LogOutputStream:75 - [STDERR_REDIRECT] [Fatal Error] :1:1: Premature end of file.
2025-06-20 03:51:10,881 [ERROR] LogOutputStream:75 - [STDERR_REDIRECT] 
2025-06-20 03:51:11,878 [ERROR] LogOutputStream:75 - [STDERR_REDIRECT] [Fatal Error] :1:1: Premature end of file.
2025-06-20 03:51:11,878 [ERROR] LogOutputStream:75 - [STDERR_REDIRECT] 
2025-06-20 03:51:12,883 [ERROR] LogOutputStream:75 - [STDERR_REDIRECT] [Fatal Error] :1:1: Premature end of file.
2025-06-20 03:51:12,883 [ERROR] LogOutputStream:75 - [STDERR_REDIRECT] 
2025-06-20 03:51:13,880 [ERROR] LogOutputStream:75 - [STDERR_REDIRECT] [Fatal Error] :1:1: Premature end of file.
2025-06-20 03:51:13,880 [ERROR] LogOutputStream:75 - [STDERR_REDIRECT] 
2025-06-20 03:51:14,882 [ERROR] LogOutputStream:75 - [STDERR_REDIRECT] [Fatal Error] :1:1: Premature end of file.
2025-06-20 03:51:14,882 [ERROR] LogOutputStream:75 - [STDERR_REDIRECT] 
2025-06-20 03:51:15,881 [ERROR] LogOutputStream:75 - [STDERR_REDIRECT] [Fatal Error] :1:1: Premature end of file.
2025-06-20 03:51:15,881 [ERROR] LogOutputStream:75 - [STDERR_REDIRECT] 
2025-06-20 03:51:16,881 [ERROR] LogOutputStream:75 - [STDERR_REDIRECT] [Fatal Error] :1:1: Premature end of file.
2025-06-20 03:51:16,881 [ERROR] LogOutputStream:75 - [STDERR_REDIRECT] 
2025-06-20 03:51:17,880 [ERROR] LogOutputStream:75 - [STDERR_REDIRECT] [Fatal Error] :1:1: Premature end of file.
2025-06-20 03:51:17,880 [ERROR] LogOutputStream:75 - [STDERR_REDIRECT] 
2025-06-20 03:51:18,889 [ERROR] LogOutputStream:75 - [STDERR_REDIRECT] [Fatal Error] :1:1: Premature end of file.
2025-06-20 03:51:18,889 [ERROR] LogOutputStream:75 - [STDERR_REDIRECT] 
2025-06-20 03:51:19,881 [ERROR] LogOutputStream:75 - [STDERR_REDIRECT] [Fatal Error] :1:1: Premature end of file.
2025-06-20 03:51:19,881 [ERROR] LogOutputStream:75 - [STDERR_REDIRECT] 
2025-06-20 03:51:20,881 [ERROR] LogOutputStream:75 - [STDERR_REDIRECT] [Fatal Error] :1:1: Premature end of file.
2025-06-20 03:51:20,881 [ERROR] LogOutputStream:75 - [STDERR_REDIRECT] 
2025-06-20 03:51:21,880 [ERROR] LogOutputStream:75 - [STDERR_REDIRECT] [Fatal Error] :1:1: Premature end of file.
2025-06-20 03:51:21,880 [ERROR] LogOutputStream:75 - [STDERR_REDIRECT] 
2025-06-20 03:51:22,879 [ERROR] LogOutputStream:75 - [STDERR_REDIRECT] [Fatal Error] :1:1: Premature end of file.
2025-06-20 03:51:22,879 [ERROR] LogOutputStream:75 - [STDERR_REDIRECT] 
2025-06-20 03:51:23,883 [ERROR] LogOutputStream:75 - [STDERR_REDIRECT] [Fatal Error] :1:1: Premature end of file.
2025-06-20 03:51:23,883 [ERROR] LogOutputStream:75 - [STDERR_REDIRECT] 
2025-06-20 03:51:24,880 [ERROR] LogOutputStream:75 - [STDERR_REDIRECT] [Fatal Error] :1:1: Premature end of file.
2025-06-20 03:51:24,881 [ERROR] LogOutputStream:75 - [STDERR_REDIRECT] 
2025-06-20 03:51:25,881 [ERROR] LogOutputStream:75 - [STDERR_REDIRECT] [Fatal Error] :1:1: Premature end of file.
2025-06-20 03:51:25,881 [ERROR] LogOutputStream:75 - [STDERR_REDIRECT] 
2025-06-20 03:51:26,881 [ERROR] LogOutputStream:75 - [STDERR_REDIRECT] [Fatal Error] :1:1: Premature end of file.
2025-06-20 03:51:26,881 [ERROR] LogOutputStream:75 - [STDERR_REDIRECT] 
2025-06-20 03:51:27,882 [ERROR] LogOutputStream:75 - [STDERR_REDIRECT] [Fatal Error] :1:1: Premature end of file.
2025-06-20 03:51:27,882 [ERROR] LogOutputStream:75 - [STDERR_REDIRECT] 
2025-06-20 03:51:28,881 [ERROR] LogOutputStream:75 - [STDERR_REDIRECT] [Fatal Error] :1:1: Premature end of file.
2025-06-20 03:51:28,881 [ERROR] LogOutputStream:75 - [STDERR_REDIRECT] 
2025-06-20 03:51:29,881 [ERROR] LogOutputStream:75 - [STDERR_REDIRECT] [Fatal Error] :1:1: Premature end of file.
2025-06-20 03:51:29,881 [ERROR] LogOutputStream:75 - [STDERR_REDIRECT] 
2025-06-20 03:51:30,880 [ERROR] LogOutputStream:75 - [STDERR_REDIRECT] [Fatal Error] :1:1: Premature end of file.
2025-06-20 03:51:30,880 [ERROR] LogOutputStream:75 - [STDERR_REDIRECT] 
2025-06-20 03:51:31,881 [ERROR] LogOutputStream:75 - [STDERR_REDIRECT] [Fatal Error] :1:1: Premature end of file.
2025-06-20 03:51:31,881 [ERROR] LogOutputStream:75 - [STDERR_REDIRECT] 
2025-06-20 03:51:32,880 [ERROR] LogOutputStream:75 - [STDERR_REDIRECT] [Fatal Error] :1:1: Premature end of file.
2025-06-20 03:51:32,880 [ERROR] LogOutputStream:75 - [STDERR_REDIRECT] 
2025-06-20 03:51:33,882 [ERROR] LogOutputStream:75 - [STDERR_REDIRECT] [Fatal Error] :1:1: Premature end of file.
2025-06-20 03:51:33,882 [ERROR] LogOutputStream:75 - [STDERR_REDIRECT] 
2025-06-20 03:51:34,881 [ERROR] LogOutputStream:75 - [STDERR_REDIRECT] [Fatal Error] :1:1: Premature end of file.
2025-06-20 03:51:34,881 [ERROR] LogOutputStream:75 - [STDERR_REDIRECT] 
2025-06-20 03:51:35,879 [ERROR] LogOutputStream:75 - [STDERR_REDIRECT] [Fatal Error] :1:1: Premature end of file.
2025-06-20 03:51:35,880 [ERROR] LogOutputStream:75 - [STDERR_REDIRECT] 
2025-06-20 03:51:36,882 [ERROR] LogOutputStream:75 - [STDERR_REDIRECT] [Fatal Error] :1:1: Premature end of file.
2025-06-20 03:51:36,882 [ERROR] LogOutputStream:75 - [STDERR_REDIRECT] 
2025-06-20 03:51:37,880 [ERROR] LogOutputStream:75 - [STDERR_REDIRECT] [Fatal Error] :1:1: Premature end of file.
2025-06-20 03:51:37,880 [ERROR] LogOutputStream:75 - [STDERR_REDIRECT] 
2025-06-20 03:51:39,018 [ERROR] LogOutputStream:75 - [STDERR_REDIRECT] [Fatal Error] :1:1: Premature end of file.
2025-06-20 03:51:39,018 [ERROR] LogOutputStream:75 - [STDERR_REDIRECT] 
2025-06-20 03:51:39,892 [ERROR] LogOutputStream:75 - [STDERR_REDIRECT] [Fatal Error] :1:1: Premature end of file.
2025-06-20 03:51:39,892 [ERROR] LogOutputStream:75 - [STDERR_REDIRECT] 
2025-06-20 03:51:40,881 [ERROR] LogOutputStream:75 - [STDERR_REDIRECT] [Fatal Error] :1:1: Premature end of file.
2025-06-20 03:51:40,881 [ERROR] LogOutputStream:75 - [STDERR_REDIRECT] 
2025-06-20 03:51:41,881 [ERROR] LogOutputStream:75 - [STDERR_REDIRECT] [Fatal Error] :1:1: Premature end of file.
2025-06-20 03:51:41,881 [ERROR] LogOutputStream:75 - [STDERR_REDIRECT] 
2025-06-20 03:51:42,882 [ERROR] LogOutputStream:75 - [STDERR_REDIRECT] [Fatal Error] :1:1: Premature end of file.
2025-06-20 03:51:42,882 [ERROR] LogOutputStream:75 - [STDERR_REDIRECT] 
2025-06-20 03:51:43,879 [ERROR] LogOutputStream:75 - [STDERR_REDIRECT] [Fatal Error] :1:1: Premature end of file.
2025-06-20 03:51:43,879 [ERROR] LogOutputStream:75 - [STDERR_REDIRECT] 
2025-06-20 03:51:44,869 [ERROR] LogOutputStream:75 - [STDERR_REDIRECT] [Fatal Error] :1:1: Premature end of file.
2025-06-20 03:51:44,869 [ERROR] LogOutputStream:75 - [STDERR_REDIRECT] 
2025-06-20 03:51:45,874 [ERROR] LogOutputStream:75 - [STDERR_REDIRECT] [Fatal Error] :1:1: Premature end of file.
2025-06-20 03:51:45,874 [ERROR] LogOutputStream:75 - [STDERR_REDIRECT] 
2025-06-20 03:51:46,873 [ERROR] LogOutputStream:75 - [STDERR_REDIRECT] [Fatal Error] :1:1: Premature end of file.
2025-06-20 03:51:46,873 [ERROR] LogOutputStream:75 - [STDERR_REDIRECT] 
2025-06-20 03:51:47,881 [ERROR] LogOutputStream:75 - [STDERR_REDIRECT] [Fatal Error] :1:1: Premature end of file.
2025-06-20 03:51:47,881 [ERROR] LogOutputStream:75 - [STDERR_REDIRECT] 
2025-06-20 03:51:48,882 [ERROR] LogOutputStream:75 - [STDERR_REDIRECT] [Fatal Error] :1:1: Premature end of file.
2025-06-20 03:51:48,882 [ERROR] LogOutputStream:75 - [STDERR_REDIRECT] 
2025-06-20 03:51:49,872 [ERROR] LogOutputStream:75 - [STDERR_REDIRECT] [Fatal Error] :1:1: Premature end of file.
2025-06-20 03:51:49,872 [ERROR] LogOutputStream:75 - [STDERR_REDIRECT] 
2025-06-20 03:51:50,889 [ERROR] LogOutputStream:75 - [STDERR_REDIRECT] [Fatal Error] :1:1: Premature end of file.
2025-06-20 03:51:50,889 [ERROR] LogOutputStream:75 - [STDERR_REDIRECT] 
2025-06-20 03:51:51,866 [ERROR] LogOutputStream:75 - [STDERR_REDIRECT] [Fatal Error] :1:1: Premature end of file.
2025-06-20 03:51:51,866 [ERROR] LogOutputStream:75 - [STDERR_REDIRECT] 
2025-06-20 03:51:52,869 [ERROR] LogOutputStream:75 - [STDERR_REDIRECT] [Fatal Error] :1:1: Premature end of file.
2025-06-20 03:51:52,869 [ERROR] LogOutputStream:75 - [STDERR_REDIRECT] 
2025-06-20 03:51:53,873 [ERROR] LogOutputStream:75 - [STDERR_REDIRECT] [Fatal Error] :1:1: Premature end of file.
2025-06-20 03:51:53,873 [ERROR] LogOutputStream:75 - [STDERR_REDIRECT] 
2025-06-20 03:51:54,878 [ERROR] LogOutputStream:75 - [STDERR_REDIRECT] [Fatal Error] :1:1: Premature end of file.
2025-06-20 03:51:54,878 [ERROR] LogOutputStream:75 - [STDERR_REDIRECT] 
2025-06-20 03:51:55,886 [ERROR] LogOutputStream:75 - [STDERR_REDIRECT] [Fatal Error] :1:1: Premature end of file.
2025-06-20 03:51:55,886 [ERROR] LogOutputStream:75 - [STDERR_REDIRECT] 
2025-06-20 03:51:56,868 [ERROR] LogOutputStream:75 - [STDERR_REDIRECT] [Fatal Error] :1:1: Premature end of file.
2025-06-20 03:51:56,868 [ERROR] LogOutputStream:75 - [STDERR_REDIRECT] 
2025-06-20 03:51:57,874 [ERROR] LogOutputStream:75 - [STDERR_REDIRECT] [Fatal Error] :1:1: Premature end of file.
2025-06-20 03:51:57,874 [ERROR] LogOutputStream:75 - [STDERR_REDIRECT] 
2025-06-20 03:51:58,880 [ERROR] LogOutputStream:75 - [STDERR_REDIRECT] [Fatal Error] :1:1: Premature end of file.
2025-06-20 03:51:58,880 [ERROR] LogOutputStream:75 - [STDERR_REDIRECT] 
2025-06-20 03:51:59,867 [ERROR] LogOutputStream:75 - [STDERR_REDIRECT] [Fatal Error] :1:1: Premature end of file.
2025-06-20 03:51:59,867 [ERROR] LogOutputStream:75 - [STDERR_REDIRECT] 
2025-06-20 03:52:00,872 [ERROR] LogOutputStream:75 - [STDERR_REDIRECT] [Fatal Error] :1:1: Premature end of file.
2025-06-20 03:52:00,872 [ERROR] LogOutputStream:75 - [STDERR_REDIRECT] 
2025-06-20 03:52:01,877 [ERROR] LogOutputStream:75 - [STDERR_REDIRECT] [Fatal Error] :1:1: Premature end of file.
2025-06-20 03:52:01,877 [ERROR] LogOutputStream:75 - [STDERR_REDIRECT] 
2025-06-20 03:52:02,882 [ERROR] LogOutputStream:75 - [STDERR_REDIRECT] [Fatal Error] :1:1: Premature end of file.
2025-06-20 03:52:02,882 [ERROR] LogOutputStream:75 - [STDERR_REDIRECT] 
2025-06-20 03:52:03,874 [ERROR] LogOutputStream:75 - [STDERR_REDIRECT] [Fatal Error] :1:1: Premature end of file.
2025-06-20 03:52:03,874 [ERROR] LogOutputStream:75 - [STDERR_REDIRECT] 
2025-06-20 03:52:04,877 [ERROR] LogOutputStream:75 - [STDERR_REDIRECT] [Fatal Error] :1:1: Premature end of file.
2025-06-20 03:52:04,877 [ERROR] LogOutputStream:75 - [STDERR_REDIRECT] 
2025-06-20 03:52:05,891 [ERROR] LogOutputStream:75 - [STDERR_REDIRECT] [Fatal Error] :1:1: Premature end of file.
2025-06-20 03:52:05,891 [ERROR] LogOutputStream:75 - [STDERR_REDIRECT] 
2025-06-20 03:52:06,879 [ERROR] LogOutputStream:75 - [STDERR_REDIRECT] [Fatal Error] :1:1: Premature end of file.
2025-06-20 03:52:06,879 [ERROR] LogOutputStream:75 - [STDERR_REDIRECT] 
2025-06-20 03:52:07,867 [ERROR] LogOutputStream:75 - [STDERR_REDIRECT] [Fatal Error] :1:1: Premature end of file.
2025-06-20 03:52:07,867 [ERROR] LogOutputStream:75 - [STDERR_REDIRECT] 
2025-06-20 03:52:08,877 [ERROR] LogOutputStream:75 - [STDERR_REDIRECT] [Fatal Error] :1:1: Premature end of file.
2025-06-20 03:52:08,877 [ERROR] LogOutputStream:75 - [STDERR_REDIRECT] 
2025-06-20 03:52:09,873 [ERROR] LogOutputStream:75 - [STDERR_REDIRECT] [Fatal Error] :1:1: Premature end of file.
2025-06-20 03:52:09,873 [ERROR] LogOutputStream:75 - [STDERR_REDIRECT] 
2025-06-20 03:52:10,874 [ERROR] LogOutputStream:75 - [STDERR_REDIRECT] [Fatal Error] :1:1: Premature end of file.
2025-06-20 03:52:10,874 [ERROR] LogOutputStream:75 - [STDERR_REDIRECT] 
2025-06-20 03:52:11,876 [ERROR] LogOutputStream:75 - [STDERR_REDIRECT] [Fatal Error] :1:1: Premature end of file.
2025-06-20 03:52:11,876 [ERROR] LogOutputStream:75 - [STDERR_REDIRECT] 
2025-06-20 03:52:12,877 [ERROR] LogOutputStream:75 - [STDERR_REDIRECT] [Fatal Error] :1:1: Premature end of file.
2025-06-20 03:52:12,877 [ERROR] LogOutputStream:75 - [STDERR_REDIRECT] 
2025-06-20 03:52:13,875 [ERROR] LogOutputStream:75 - [STDERR_REDIRECT] [Fatal Error] :1:1: Premature end of file.
2025-06-20 03:52:13,875 [ERROR] LogOutputStream:75 - [STDERR_REDIRECT] 
2025-06-20 03:52:14,879 [ERROR] LogOutputStream:75 - [STDERR_REDIRECT] [Fatal Error] :1:1: Premature end of file.
2025-06-20 03:52:14,879 [ERROR] LogOutputStream:75 - [STDERR_REDIRECT] 
2025-06-20 03:52:15,868 [ERROR] LogOutputStream:75 - [STDERR_REDIRECT] [Fatal Error] :1:1: Premature end of file.
2025-06-20 03:52:15,868 [ERROR] LogOutputStream:75 - [STDERR_REDIRECT] 
2025-06-20 03:52:16,880 [ERROR] LogOutputStream:75 - [STDERR_REDIRECT] [Fatal Error] :1:1: Premature end of file.
2025-06-20 03:52:16,880 [ERROR] LogOutputStream:75 - [STDERR_REDIRECT] 
2025-06-20 03:52:17,880 [ERROR] LogOutputStream:75 - [STDERR_REDIRECT] [Fatal Error] :1:1: Premature end of file.
2025-06-20 03:52:17,880 [ERROR] LogOutputStream:75 - [STDERR_REDIRECT] 
2025-06-20 03:52:18,877 [ERROR] LogOutputStream:75 - [STDERR_REDIRECT] [Fatal Error] :1:1: Premature end of file.
2025-06-20 03:52:18,877 [ERROR] LogOutputStream:75 - [STDERR_REDIRECT] 
2025-06-20 03:52:19,874 [ERROR] LogOutputStream:75 - [STDERR_REDIRECT] [Fatal Error] :1:1: Premature end of file.
2025-06-20 03:52:19,874 [ERROR] LogOutputStream:75 - [STDERR_REDIRECT] 
2025-06-20 03:52:20,874 [ERROR] LogOutputStream:75 - [STDERR_REDIRECT] [Fatal Error] :1:1: Premature end of file.
2025-06-20 03:52:20,874 [ERROR] LogOutputStream:75 - [STDERR_REDIRECT] 
2025-06-20 03:52:21,876 [ERROR] LogOutputStream:75 - [STDERR_REDIRECT] [Fatal Error] :1:1: Premature end of file.
2025-06-20 03:52:21,876 [ERROR] LogOutputStream:75 - [STDERR_REDIRECT] 
2025-06-20 03:52:22,876 [ERROR] LogOutputStream:75 - [STDERR_REDIRECT] [Fatal Error] :1:1: Premature end of file.
2025-06-20 03:52:22,876 [ERROR] LogOutputStream:75 - [STDERR_REDIRECT] 
2025-06-20 03:52:23,880 [ERROR] LogOutputStream:75 - [STDERR_REDIRECT] [Fatal Error] :1:1: Premature end of file.
2025-06-20 03:52:23,880 [ERROR] LogOutputStream:75 - [STDERR_REDIRECT] 
2025-06-20 03:52:24,870 [ERROR] LogOutputStream:75 - [STDERR_REDIRECT] [Fatal Error] :1:1: Premature end of file.
2025-06-20 03:52:24,870 [ERROR] LogOutputStream:75 - [STDERR_REDIRECT] 
2025-06-20 03:52:25,874 [ERROR] LogOutputStream:75 - [STDERR_REDIRECT] [Fatal Error] :1:1: Premature end of file.
2025-06-20 03:52:25,874 [ERROR] LogOutputStream:75 - [STDERR_REDIRECT] 
2025-06-20 03:52:26,879 [ERROR] LogOutputStream:75 - [STDERR_REDIRECT] [Fatal Error] :1:1: Premature end of file.
2025-06-20 03:52:26,879 [ERROR] LogOutputStream:75 - [STDERR_REDIRECT] 
2025-06-20 03:52:27,868 [ERROR] LogOutputStream:75 - [STDERR_REDIRECT] [Fatal Error] :1:1: Premature end of file.
2025-06-20 03:52:27,868 [ERROR] LogOutputStream:75 - [STDERR_REDIRECT] 
2025-06-20 03:52:28,872 [ERROR] LogOutputStream:75 - [STDERR_REDIRECT] [Fatal Error] :1:1: Premature end of file.
2025-06-20 03:52:28,872 [ERROR] LogOutputStream:75 - [STDERR_REDIRECT] 
2025-06-20 03:52:29,878 [ERROR] LogOutputStream:75 - [STDERR_REDIRECT] [Fatal Error] :1:1: Premature end of file.
2025-06-20 03:52:29,878 [ERROR] LogOutputStream:75 - [STDERR_REDIRECT] 
2025-06-20 03:52:30,866 [ERROR] LogOutputStream:75 - [STDERR_REDIRECT] [Fatal Error] :1:1: Premature end of file.
2025-06-20 03:52:30,866 [ERROR] LogOutputStream:75 - [STDERR_REDIRECT] 
2025-06-20 03:52:31,872 [ERROR] LogOutputStream:75 - [STDERR_REDIRECT] [Fatal Error] :1:1: Premature end of file.
2025-06-20 03:52:31,872 [ERROR] LogOutputStream:75 - [STDERR_REDIRECT] 
2025-06-20 03:52:32,878 [ERROR] LogOutputStream:75 - [STDERR_REDIRECT] [Fatal Error] :1:1: Premature end of file.
2025-06-20 03:52:32,878 [ERROR] LogOutputStream:75 - [STDERR_REDIRECT] 
2025-06-20 03:52:33,880 [ERROR] LogOutputStream:75 - [STDERR_REDIRECT] [Fatal Error] :1:1: Premature end of file.
2025-06-20 03:52:33,880 [ERROR] LogOutputStream:75 - [STDERR_REDIRECT] 
2025-06-20 03:52:34,880 [ERROR] LogOutputStream:75 - [STDERR_REDIRECT] [Fatal Error] :1:1: Premature end of file.
2025-06-20 03:52:34,880 [ERROR] LogOutputStream:75 - [STDERR_REDIRECT] 
2025-06-20 03:52:35,881 [ERROR] LogOutputStream:75 - [STDERR_REDIRECT] [Fatal Error] :1:1: Premature end of file.
2025-06-20 03:52:35,881 [ERROR] LogOutputStream:75 - [STDERR_REDIRECT] 
2025-06-20 03:52:36,869 [ERROR] LogOutputStream:75 - [STDERR_REDIRECT] [Fatal Error] :1:1: Premature end of file.
2025-06-20 03:52:36,869 [ERROR] LogOutputStream:75 - [STDERR_REDIRECT] 
2025-06-20 03:52:37,875 [ERROR] LogOutputStream:75 - [STDERR_REDIRECT] [Fatal Error] :1:1: Premature end of file.
2025-06-20 03:52:37,875 [ERROR] LogOutputStream:75 - [STDERR_REDIRECT] 
2025-06-20 03:52:38,878 [ERROR] LogOutputStream:75 - [STDERR_REDIRECT] [Fatal Error] :1:1: Premature end of file.
2025-06-20 03:52:38,878 [ERROR] LogOutputStream:75 - [STDERR_REDIRECT] 
2025-06-20 03:52:39,866 [ERROR] LogOutputStream:75 - [STDERR_REDIRECT] [Fatal Error] :1:1: Premature end of file.
2025-06-20 03:52:39,866 [ERROR] LogOutputStream:75 - [STDERR_REDIRECT] 
2025-06-20 03:52:40,869 [ERROR] LogOutputStream:75 - [STDERR_REDIRECT] [Fatal Error] :1:1: Premature end of file.
2025-06-20 03:52:40,869 [ERROR] LogOutputStream:75 - [STDERR_REDIRECT] 
2025-06-20 03:52:41,876 [ERROR] LogOutputStream:75 - [STDERR_REDIRECT] [Fatal Error] :1:1: Premature end of file.
2025-06-20 03:52:41,876 [ERROR] LogOutputStream:75 - [STDERR_REDIRECT] 
2025-06-20 03:52:42,882 [ERROR] LogOutputStream:75 - [STDERR_REDIRECT] [Fatal Error] :1:1: Premature end of file.
2025-06-20 03:52:42,882 [ERROR] LogOutputStream:75 - [STDERR_REDIRECT] 
2025-06-20 03:52:43,875 [ERROR] LogOutputStream:75 - [STDERR_REDIRECT] [Fatal Error] :1:1: Premature end of file.
2025-06-20 03:52:43,875 [ERROR] LogOutputStream:75 - [STDERR_REDIRECT] 
2025-06-20 03:52:44,878 [ERROR] LogOutputStream:75 - [STDERR_REDIRECT] [Fatal Error] :1:1: Premature end of file.
2025-06-20 03:52:44,878 [ERROR] LogOutputStream:75 - [STDERR_REDIRECT] 
2025-06-20 03:52:45,894 [ERROR] LogOutputStream:75 - [STDERR_REDIRECT] [Fatal Error] :1:1: Premature end of file.
2025-06-20 03:52:45,894 [ERROR] LogOutputStream:75 - [STDERR_REDIRECT] 
2025-06-20 03:52:46,869 [ERROR] LogOutputStream:75 - [STDERR_REDIRECT] [Fatal Error] :1:1: Premature end of file.
2025-06-20 03:52:46,869 [ERROR] LogOutputStream:75 - [STDERR_REDIRECT] 
2025-06-20 03:52:47,876 [ERROR] LogOutputStream:75 - [STDERR_REDIRECT] [Fatal Error] :1:1: Premature end of file.
2025-06-20 03:52:47,876 [ERROR] LogOutputStream:75 - [STDERR_REDIRECT] 
2025-06-20 03:52:48,890 [ERROR] LogOutputStream:75 - [STDERR_REDIRECT] [Fatal Error] :1:1: Premature end of file.
2025-06-20 03:52:48,890 [ERROR] LogOutputStream:75 - [STDERR_REDIRECT] 
2025-06-20 03:52:49,874 [ERROR] LogOutputStream:75 - [STDERR_REDIRECT] [Fatal Error] :1:1: Premature end of file.
2025-06-20 03:52:49,874 [ERROR] LogOutputStream:75 - [STDERR_REDIRECT] 
2025-06-20 03:52:50,883 [ERROR] LogOutputStream:75 - [STDERR_REDIRECT] [Fatal Error] :1:1: Premature end of file.
2025-06-20 03:52:50,883 [ERROR] LogOutputStream:75 - [STDERR_REDIRECT] 
2025-06-20 03:52:51,874 [ERROR] LogOutputStream:75 - [STDERR_REDIRECT] [Fatal Error] :1:1: Premature end of file.
2025-06-20 03:52:51,874 [ERROR] LogOutputStream:75 - [STDERR_REDIRECT] 
2025-06-20 03:52:52,877 [ERROR] LogOutputStream:75 - [STDERR_REDIRECT] [Fatal Error] :1:1: Premature end of file.
2025-06-20 03:52:52,877 [ERROR] LogOutputStream:75 - [STDERR_REDIRECT] 
2025-06-20 03:52:53,878 [ERROR] LogOutputStream:75 - [STDERR_REDIRECT] [Fatal Error] :1:1: Premature end of file.
2025-06-20 03:52:53,878 [ERROR] LogOutputStream:75 - [STDERR_REDIRECT] 
2025-06-20 03:52:54,882 [ERROR] LogOutputStream:75 - [STDERR_REDIRECT] [Fatal Error] :1:1: Premature end of file.
2025-06-20 03:52:54,882 [ERROR] LogOutputStream:75 - [STDERR_REDIRECT] 
2025-06-20 03:52:55,872 [ERROR] LogOutputStream:75 - [STDERR_REDIRECT] [Fatal Error] :1:1: Premature end of file.
2025-06-20 03:52:55,872 [ERROR] LogOutputStream:75 - [STDERR_REDIRECT] 
2025-06-20 03:52:56,890 [ERROR] LogOutputStream:75 - [STDERR_REDIRECT] [Fatal Error] :1:1: Premature end of file.
2025-06-20 03:52:56,890 [ERROR] LogOutputStream:75 - [STDERR_REDIRECT] 
2025-06-20 03:52:57,879 [ERROR] LogOutputStream:75 - [STDERR_REDIRECT] [Fatal Error] :1:1: Premature end of file.
2025-06-20 03:52:57,879 [ERROR] LogOutputStream:75 - [STDERR_REDIRECT] 
2025-06-20 03:52:58,868 [ERROR] LogOutputStream:75 - [STDERR_REDIRECT] [Fatal Error] :1:1: Premature end of file.
2025-06-20 03:52:58,868 [ERROR] LogOutputStream:75 - [STDERR_REDIRECT] 
2025-06-20 03:52:59,885 [ERROR] LogOutputStream:75 - [STDERR_REDIRECT] [Fatal Error] :1:1: Premature end of file.
2025-06-20 03:52:59,885 [ERROR] LogOutputStream:75 - [STDERR_REDIRECT] 
2025-06-20 03:53:00,880 [ERROR] LogOutputStream:75 - [STDERR_REDIRECT] [Fatal Error] :1:1: Premature end of file.
2025-06-20 03:53:00,880 [ERROR] LogOutputStream:75 - [STDERR_REDIRECT] 
2025-06-20 03:53:01,868 [ERROR] LogOutputStream:75 - [STDERR_REDIRECT] [Fatal Error] :1:1: Premature end of file.
2025-06-20 03:53:01,868 [ERROR] LogOutputStream:75 - [STDERR_REDIRECT] 
2025-06-20 03:53:02,870 [ERROR] LogOutputStream:75 - [STDERR_REDIRECT] [Fatal Error] :1:1: Premature end of file.
2025-06-20 03:53:02,870 [ERROR] LogOutputStream:75 - [STDERR_REDIRECT] 
2025-06-20 03:53:03,874 [ERROR] LogOutputStream:75 - [STDERR_REDIRECT] [Fatal Error] :1:1: Premature end of file.
2025-06-20 03:53:03,874 [ERROR] LogOutputStream:75 - [STDERR_REDIRECT] 
2025-06-20 03:53:04,879 [ERROR] LogOutputStream:75 - [STDERR_REDIRECT] [Fatal Error] :1:1: Premature end of file.
2025-06-20 03:53:04,879 [ERROR] LogOutputStream:75 - [STDERR_REDIRECT] 
2025-06-20 03:53:05,868 [ERROR] LogOutputStream:75 - [STDERR_REDIRECT] [Fatal Error] :1:1: Premature end of file.
2025-06-20 03:53:05,868 [ERROR] LogOutputStream:75 - [STDERR_REDIRECT] 
2025-06-20 03:53:06,883 [ERROR] LogOutputStream:75 - [STDERR_REDIRECT] [Fatal Error] :1:1: Premature end of file.
2025-06-20 03:53:06,883 [ERROR] LogOutputStream:75 - [STDERR_REDIRECT] 
2025-06-20 03:53:07,875 [ERROR] LogOutputStream:75 - [STDERR_REDIRECT] [Fatal Error] :1:1: Premature end of file.
2025-06-20 03:53:07,875 [ERROR] LogOutputStream:75 - [STDERR_REDIRECT] 
2025-06-20 03:53:08,877 [ERROR] LogOutputStream:75 - [STDERR_REDIRECT] [Fatal Error] :1:1: Premature end of file.
2025-06-20 03:53:08,877 [ERROR] LogOutputStream:75 - [STDERR_REDIRECT] 
2025-06-20 03:53:09,880 [ERROR] LogOutputStream:75 - [STDERR_REDIRECT] [Fatal Error] :1:1: Premature end of file.
2025-06-20 03:53:09,880 [ERROR] LogOutputStream:75 - [STDERR_REDIRECT] 
2025-06-20 03:53:10,884 [ERROR] LogOutputStream:75 - [STDERR_REDIRECT] [Fatal Error] :1:1: Premature end of file.
2025-06-20 03:53:10,884 [ERROR] LogOutputStream:75 - [STDERR_REDIRECT] 
2025-06-20 03:53:11,869 [ERROR] LogOutputStream:75 - [STDERR_REDIRECT] [Fatal Error] :1:1: Premature end of file.
2025-06-20 03:53:11,869 [ERROR] LogOutputStream:75 - [STDERR_REDIRECT] 
2025-06-20 03:53:12,881 [ERROR] LogOutputStream:75 - [STDERR_REDIRECT] [Fatal Error] :1:1: Premature end of file.
2025-06-20 03:53:12,881 [ERROR] LogOutputStream:75 - [STDERR_REDIRECT] 
2025-06-20 03:53:13,868 [ERROR] LogOutputStream:75 - [STDERR_REDIRECT] [Fatal Error] :1:1: Premature end of file.
2025-06-20 03:53:13,868 [ERROR] LogOutputStream:75 - [STDERR_REDIRECT] 
2025-06-20 03:53:14,881 [ERROR] LogOutputStream:75 - [STDERR_REDIRECT] [Fatal Error] :1:1: Premature end of file.
2025-06-20 03:53:14,881 [ERROR] LogOutputStream:75 - [STDERR_REDIRECT] 
2025-06-20 03:53:15,873 [ERROR] LogOutputStream:75 - [STDERR_REDIRECT] [Fatal Error] :1:1: Premature end of file.
2025-06-20 03:53:15,873 [ERROR] LogOutputStream:75 - [STDERR_REDIRECT] 
2025-06-20 03:53:16,878 [ERROR] LogOutputStream:75 - [STDERR_REDIRECT] [Fatal Error] :1:1: Premature end of file.
2025-06-20 03:53:16,878 [ERROR] LogOutputStream:75 - [STDERR_REDIRECT] 
2025-06-20 03:53:17,881 [ERROR] LogOutputStream:75 - [STDERR_REDIRECT] [Fatal Error] :1:1: Premature end of file.
2025-06-20 03:53:17,881 [ERROR] LogOutputStream:75 - [STDERR_REDIRECT] 
2025-06-20 03:53:18,871 [ERROR] LogOutputStream:75 - [STDERR_REDIRECT] [Fatal Error] :1:1: Premature end of file.
2025-06-20 03:53:18,871 [ERROR] LogOutputStream:75 - [STDERR_REDIRECT] 
2025-06-20 03:53:19,883 [ERROR] LogOutputStream:75 - [STDERR_REDIRECT] [Fatal Error] :1:1: Premature end of file.
2025-06-20 03:53:19,883 [ERROR] LogOutputStream:75 - [STDERR_REDIRECT] 
2025-06-20 03:53:20,877 [ERROR] LogOutputStream:75 - [STDERR_REDIRECT] [Fatal Error] :1:1: Premature end of file.
2025-06-20 03:53:20,877 [ERROR] LogOutputStream:75 - [STDERR_REDIRECT] 
2025-06-20 03:53:21,878 [ERROR] LogOutputStream:75 - [STDERR_REDIRECT] [Fatal Error] :1:1: Premature end of file.
2025-06-20 03:53:21,878 [ERROR] LogOutputStream:75 - [STDERR_REDIRECT] 
2025-06-20 03:53:22,881 [ERROR] LogOutputStream:75 - [STDERR_REDIRECT] [Fatal Error] :1:1: Premature end of file.
2025-06-20 03:53:22,881 [ERROR] LogOutputStream:75 - [STDERR_REDIRECT] 
2025-06-20 03:53:23,891 [ERROR] LogOutputStream:75 - [STDERR_REDIRECT] [Fatal Error] :1:1: Premature end of file.
2025-06-20 03:53:23,891 [ERROR] LogOutputStream:75 - [STDERR_REDIRECT] 
2025-06-20 03:53:24,894 [ERROR] LogOutputStream:75 - [STDERR_REDIRECT] [Fatal Error] :1:1: Premature end of file.
2025-06-20 03:53:24,894 [ERROR] LogOutputStream:75 - [STDERR_REDIRECT] 
2025-06-20 03:53:25,877 [ERROR] LogOutputStream:75 - [STDERR_REDIRECT] [Fatal Error] :1:1: Premature end of file.
2025-06-20 03:53:25,877 [ERROR] LogOutputStream:75 - [STDERR_REDIRECT] 
2025-06-20 03:53:26,881 [ERROR] LogOutputStream:75 - [STDERR_REDIRECT] [Fatal Error] :1:1: Premature end of file.
2025-06-20 03:53:26,881 [ERROR] LogOutputStream:75 - [STDERR_REDIRECT] 
2025-06-20 03:53:27,869 [ERROR] LogOutputStream:75 - [STDERR_REDIRECT] [Fatal Error] :1:1: Premature end of file.
2025-06-20 03:53:27,869 [ERROR] LogOutputStream:75 - [STDERR_REDIRECT] 
2025-06-20 03:53:28,869 [ERROR] LogOutputStream:75 - [STDERR_REDIRECT] [Fatal Error] :1:1: Premature end of file.
2025-06-20 03:53:28,869 [ERROR] LogOutputStream:75 - [STDERR_REDIRECT] 
2025-06-20 03:53:29,873 [ERROR] LogOutputStream:75 - [STDERR_REDIRECT] [Fatal Error] :1:1: Premature end of file.
2025-06-20 03:53:29,873 [ERROR] LogOutputStream:75 - [STDERR_REDIRECT] 
2025-06-20 03:53:30,877 [ERROR] LogOutputStream:75 - [STDERR_REDIRECT] [Fatal Error] :1:1: Premature end of file.
2025-06-20 03:53:30,877 [ERROR] LogOutputStream:75 - [STDERR_REDIRECT] 
2025-06-20 03:53:31,879 [ERROR] LogOutputStream:75 - [STDERR_REDIRECT] [Fatal Error] :1:1: Premature end of file.
2025-06-20 03:53:31,879 [ERROR] LogOutputStream:75 - [STDERR_REDIRECT] 
2025-06-20 03:53:32,878 [ERROR] LogOutputStream:75 - [STDERR_REDIRECT] [Fatal Error] :1:1: Premature end of file.
2025-06-20 03:53:32,878 [ERROR] LogOutputStream:75 - [STDERR_REDIRECT] 
2025-06-20 03:53:33,882 [ERROR] LogOutputStream:75 - [STDERR_REDIRECT] [Fatal Error] :1:1: Premature end of file.
2025-06-20 03:53:33,882 [ERROR] LogOutputStream:75 - [STDERR_REDIRECT] 
2025-06-20 03:53:34,871 [ERROR] LogOutputStream:75 - [STDERR_REDIRECT] [Fatal Error] :1:1: Premature end of file.
2025-06-20 03:53:34,871 [ERROR] LogOutputStream:75 - [STDERR_REDIRECT] 
2025-06-20 03:53:35,876 [ERROR] LogOutputStream:75 - [STDERR_REDIRECT] [Fatal Error] :1:1: Premature end of file.
2025-06-20 03:53:35,876 [ERROR] LogOutputStream:75 - [STDERR_REDIRECT] 
2025-06-20 03:53:36,885 [ERROR] LogOutputStream:75 - [STDERR_REDIRECT] [Fatal Error] :1:1: Premature end of file.
2025-06-20 03:53:36,885 [ERROR] LogOutputStream:75 - [STDERR_REDIRECT] 
2025-06-20 03:53:37,871 [ERROR] LogOutputStream:75 - [STDERR_REDIRECT] [Fatal Error] :1:1: Premature end of file.
2025-06-20 03:53:37,871 [ERROR] LogOutputStream:75 - [STDERR_REDIRECT] 
2025-06-20 03:53:38,873 [ERROR] LogOutputStream:75 - [STDERR_REDIRECT] [Fatal Error] :1:1: Premature end of file.
2025-06-20 03:53:38,873 [ERROR] LogOutputStream:75 - [STDERR_REDIRECT] 
2025-06-20 03:53:39,876 [ERROR] LogOutputStream:75 - [STDERR_REDIRECT] [Fatal Error] :1:1: Premature end of file.
2025-06-20 03:53:39,876 [ERROR] LogOutputStream:75 - [STDERR_REDIRECT] 
2025-06-20 03:53:40,889 [ERROR] LogOutputStream:75 - [STDERR_REDIRECT] [Fatal Error] :1:1: Premature end of file.
2025-06-20 03:53:40,889 [ERROR] LogOutputStream:75 - [STDERR_REDIRECT] 
2025-06-20 03:53:41,884 [ERROR] LogOutputStream:75 - [STDERR_REDIRECT] [Fatal Error] :1:1: Premature end of file.
2025-06-20 03:53:41,884 [ERROR] LogOutputStream:75 - [STDERR_REDIRECT] 
2025-06-20 03:53:42,874 [ERROR] LogOutputStream:75 - [STDERR_REDIRECT] [Fatal Error] :1:1: Premature end of file.
2025-06-20 03:53:42,874 [ERROR] LogOutputStream:75 - [STDERR_REDIRECT] 
2025-06-20 03:53:43,869 [ERROR] LogOutputStream:75 - [STDERR_REDIRECT] [Fatal Error] :1:1: Premature end of file.
2025-06-20 03:53:43,869 [ERROR] LogOutputStream:75 - [STDERR_REDIRECT] 
2025-06-20 03:53:44,875 [ERROR] LogOutputStream:75 - [STDERR_REDIRECT] [Fatal Error] :1:1: Premature end of file.
2025-06-20 03:53:44,875 [ERROR] LogOutputStream:75 - [STDERR_REDIRECT] 
2025-06-20 03:53:45,881 [ERROR] LogOutputStream:75 - [STDERR_REDIRECT] [Fatal Error] :1:1: Premature end of file.
2025-06-20 03:53:45,881 [ERROR] LogOutputStream:75 - [STDERR_REDIRECT] 
2025-06-20 03:53:46,870 [ERROR] LogOutputStream:75 - [STDERR_REDIRECT] [Fatal Error] :1:1: Premature end of file.
2025-06-20 03:53:46,870 [ERROR] LogOutputStream:75 - [STDERR_REDIRECT] 
2025-06-20 03:53:47,879 [ERROR] LogOutputStream:75 - [STDERR_REDIRECT] [Fatal Error] :1:1: Premature end of file.
2025-06-20 03:53:47,879 [ERROR] LogOutputStream:75 - [STDERR_REDIRECT] 
2025-06-20 03:53:48,877 [ERROR] LogOutputStream:75 - [STDERR_REDIRECT] [Fatal Error] :1:1: Premature end of file.
2025-06-20 03:53:48,877 [ERROR] LogOutputStream:75 - [STDERR_REDIRECT] 
2025-06-20 03:53:49,881 [ERROR] LogOutputStream:75 - [STDERR_REDIRECT] [Fatal Error] :1:1: Premature end of file.
2025-06-20 03:53:49,881 [ERROR] LogOutputStream:75 - [STDERR_REDIRECT] 
2025-06-20 03:53:50,879 [ERROR] LogOutputStream:75 - [STDERR_REDIRECT] [Fatal Error] :1:1: Premature end of file.
2025-06-20 03:53:50,879 [ERROR] LogOutputStream:75 - [STDERR_REDIRECT] 
2025-06-20 03:53:51,873 [ERROR] LogOutputStream:75 - [STDERR_REDIRECT] [Fatal Error] :1:1: Premature end of file.
2025-06-20 03:53:51,873 [ERROR] LogOutputStream:75 - [STDERR_REDIRECT] 
2025-06-20 03:53:52,875 [ERROR] LogOutputStream:75 - [STDERR_REDIRECT] [Fatal Error] :1:1: Premature end of file.
2025-06-20 03:53:52,875 [ERROR] LogOutputStream:75 - [STDERR_REDIRECT] 
2025-06-20 03:53:53,878 [ERROR] LogOutputStream:75 - [STDERR_REDIRECT] [Fatal Error] :1:1: Premature end of file.
2025-06-20 03:53:53,878 [ERROR] LogOutputStream:75 - [STDERR_REDIRECT] 
2025-06-20 03:53:54,876 [ERROR] LogOutputStream:75 - [STDERR_REDIRECT] [Fatal Error] :1:1: Premature end of file.
2025-06-20 03:53:54,876 [ERROR] LogOutputStream:75 - [STDERR_REDIRECT] 
2025-06-20 03:53:55,866 [ERROR] LogOutputStream:75 - [STDERR_REDIRECT] [Fatal Error] :1:1: Premature end of file.
2025-06-20 03:53:55,866 [ERROR] LogOutputStream:75 - [STDERR_REDIRECT] 
2025-06-20 03:53:56,869 [ERROR] LogOutputStream:75 - [STDERR_REDIRECT] [Fatal Error] :1:1: Premature end of file.
2025-06-20 03:53:56,869 [ERROR] LogOutputStream:75 - [STDERR_REDIRECT] 
2025-06-20 03:53:57,875 [ERROR] LogOutputStream:75 - [STDERR_REDIRECT] [Fatal Error] :1:1: Premature end of file.
2025-06-20 03:53:57,875 [ERROR] LogOutputStream:75 - [STDERR_REDIRECT] 
2025-06-20 03:53:58,879 [ERROR] LogOutputStream:75 - [STDERR_REDIRECT] [Fatal Error] :1:1: Premature end of file.
2025-06-20 03:53:58,879 [ERROR] LogOutputStream:75 - [STDERR_REDIRECT] 
2025-06-20 03:53:59,869 [ERROR] LogOutputStream:75 - [STDERR_REDIRECT] [Fatal Error] :1:1: Premature end of file.
2025-06-20 03:53:59,869 [ERROR] LogOutputStream:75 - [STDERR_REDIRECT] 
2025-06-20 03:54:00,872 [ERROR] LogOutputStream:75 - [STDERR_REDIRECT] [Fatal Error] :1:1: Premature end of file.
2025-06-20 03:54:00,872 [ERROR] LogOutputStream:75 - [STDERR_REDIRECT] 
2025-06-20 03:54:01,875 [ERROR] LogOutputStream:75 - [STDERR_REDIRECT] [Fatal Error] :1:1: Premature end of file.
2025-06-20 03:54:01,875 [ERROR] LogOutputStream:75 - [STDERR_REDIRECT] 
2025-06-20 03:54:02,879 [ERROR] LogOutputStream:75 - [STDERR_REDIRECT] [Fatal Error] :1:1: Premature end of file.
2025-06-20 03:54:02,879 [ERROR] LogOutputStream:75 - [STDERR_REDIRECT] 
2025-06-20 03:54:03,879 [ERROR] LogOutputStream:75 - [STDERR_REDIRECT] [Fatal Error] :1:1: Premature end of file.
2025-06-20 03:54:03,879 [ERROR] LogOutputStream:75 - [STDERR_REDIRECT] 
2025-06-20 03:54:04,879 [ERROR] LogOutputStream:75 - [STDERR_REDIRECT] [Fatal Error] :1:1: Premature end of file.
2025-06-20 03:54:04,879 [ERROR] LogOutputStream:75 - [STDERR_REDIRECT] 
2025-06-20 03:54:05,869 [ERROR] LogOutputStream:75 - [STDERR_REDIRECT] [Fatal Error] :1:1: Premature end of file.
2025-06-20 03:54:05,869 [ERROR] LogOutputStream:75 - [STDERR_REDIRECT] 
2025-06-20 03:54:06,872 [ERROR] LogOutputStream:75 - [STDERR_REDIRECT] [Fatal Error] :1:1: Premature end of file.
2025-06-20 03:54:06,872 [ERROR] LogOutputStream:75 - [STDERR_REDIRECT] 
2025-06-20 03:54:07,886 [ERROR] LogOutputStream:75 - [STDERR_REDIRECT] [Fatal Error] :1:1: Premature end of file.
2025-06-20 03:54:07,886 [ERROR] LogOutputStream:75 - [STDERR_REDIRECT] 
2025-06-20 03:54:08,866 [ERROR] LogOutputStream:75 - [STDERR_REDIRECT] [Fatal Error] :1:1: Premature end of file.
2025-06-20 03:54:08,866 [ERROR] LogOutputStream:75 - [STDERR_REDIRECT] 
2025-06-20 03:54:09,881 [ERROR] LogOutputStream:75 - [STDERR_REDIRECT] [Fatal Error] :1:1: Premature end of file.
2025-06-20 03:54:09,881 [ERROR] LogOutputStream:75 - [STDERR_REDIRECT] 
2025-06-20 03:54:10,893 [ERROR] LogOutputStream:75 - [STDERR_REDIRECT] [Fatal Error] :1:1: Premature end of file.
2025-06-20 03:54:10,893 [ERROR] LogOutputStream:75 - [STDERR_REDIRECT] 
2025-06-20 03:54:11,875 [ERROR] LogOutputStream:75 - [STDERR_REDIRECT] [Fatal Error] :1:1: Premature end of file.
2025-06-20 03:54:11,875 [ERROR] LogOutputStream:75 - [STDERR_REDIRECT] 
2025-06-20 03:54:12,887 [ERROR] LogOutputStream:75 - [STDERR_REDIRECT] [Fatal Error] :1:1: Premature end of file.
2025-06-20 03:54:12,887 [ERROR] LogOutputStream:75 - [STDERR_REDIRECT] 
2025-06-20 03:54:13,874 [ERROR] LogOutputStream:75 - [STDERR_REDIRECT] [Fatal Error] :1:1: Premature end of file.
2025-06-20 03:54:13,874 [ERROR] LogOutputStream:75 - [STDERR_REDIRECT] 
2025-06-20 03:54:14,890 [ERROR] LogOutputStream:75 - [STDERR_REDIRECT] [Fatal Error] :1:1: Premature end of file.
2025-06-20 03:54:14,890 [ERROR] LogOutputStream:75 - [STDERR_REDIRECT] 
2025-06-20 03:54:15,866 [ERROR] LogOutputStream:75 - [STDERR_REDIRECT] [Fatal Error] :1:1: Premature end of file.
2025-06-20 03:54:15,866 [ERROR] LogOutputStream:75 - [STDERR_REDIRECT] 
2025-06-20 03:54:16,868 [ERROR] LogOutputStream:75 - [STDERR_REDIRECT] [Fatal Error] :1:1: Premature end of file.
2025-06-20 03:54:16,868 [ERROR] LogOutputStream:75 - [STDERR_REDIRECT] 
2025-06-20 03:54:17,869 [ERROR] LogOutputStream:75 - [STDERR_REDIRECT] [Fatal Error] :1:1: Premature end of file.
2025-06-20 03:54:17,869 [ERROR] LogOutputStream:75 - [STDERR_REDIRECT] 
2025-06-20 03:54:18,875 [ERROR] LogOutputStream:75 - [STDERR_REDIRECT] [Fatal Error] :1:1: Premature end of file.
2025-06-20 03:54:18,875 [ERROR] LogOutputStream:75 - [STDERR_REDIRECT] 
2025-06-20 03:54:19,879 [ERROR] LogOutputStream:75 - [STDERR_REDIRECT] [Fatal Error] :1:1: Premature end of file.
2025-06-20 03:54:19,879 [ERROR] LogOutputStream:75 - [STDERR_REDIRECT] 
2025-06-20 03:54:20,869 [ERROR] LogOutputStream:75 - [STDERR_REDIRECT] [Fatal Error] :1:1: Premature end of file.
2025-06-20 03:54:20,869 [ERROR] LogOutputStream:75 - [STDERR_REDIRECT] 
2025-06-20 03:54:21,873 [ERROR] LogOutputStream:75 - [STDERR_REDIRECT] [Fatal Error] :1:1: Premature end of file.
2025-06-20 03:54:21,873 [ERROR] LogOutputStream:75 - [STDERR_REDIRECT] 
2025-06-20 03:54:22,876 [ERROR] LogOutputStream:75 - [STDERR_REDIRECT] [Fatal Error] :1:1: Premature end of file.
2025-06-20 03:54:22,876 [ERROR] LogOutputStream:75 - [STDERR_REDIRECT] 
2025-06-20 03:54:23,886 [ERROR] LogOutputStream:75 - [STDERR_REDIRECT] [Fatal Error] :1:1: Premature end of file.
2025-06-20 03:54:23,886 [ERROR] LogOutputStream:75 - [STDERR_REDIRECT] 
2025-06-20 03:54:24,868 [ERROR] LogOutputStream:75 - [STDERR_REDIRECT] [Fatal Error] :1:1: Premature end of file.
2025-06-20 03:54:24,868 [ERROR] LogOutputStream:75 - [STDERR_REDIRECT] 
2025-06-20 03:54:25,874 [ERROR] LogOutputStream:75 - [STDERR_REDIRECT] [Fatal Error] :1:1: Premature end of file.
2025-06-20 03:54:25,874 [ERROR] LogOutputStream:75 - [STDERR_REDIRECT] 
2025-06-20 03:54:26,885 [ERROR] LogOutputStream:75 - [STDERR_REDIRECT] [Fatal Error] :1:1: Premature end of file.
2025-06-20 03:54:26,885 [ERROR] LogOutputStream:75 - [STDERR_REDIRECT] 
2025-06-20 03:54:27,888 [ERROR] LogOutputStream:75 - [STDERR_REDIRECT] [Fatal Error] :1:1: Premature end of file.
2025-06-20 03:54:27,888 [ERROR] LogOutputStream:75 - [STDERR_REDIRECT] 
2025-06-20 03:54:28,869 [ERROR] LogOutputStream:75 - [STDERR_REDIRECT] [Fatal Error] :1:1: Premature end of file.
2025-06-20 03:54:28,869 [ERROR] LogOutputStream:75 - [STDERR_REDIRECT] 
2025-06-20 03:54:29,867 [ERROR] LogOutputStream:75 - [STDERR_REDIRECT] [Fatal Error] :1:1: Premature end of file.
2025-06-20 03:54:29,867 [ERROR] LogOutputStream:75 - [STDERR_REDIRECT] 
2025-06-20 03:54:30,878 [ERROR] LogOutputStream:75 - [STDERR_REDIRECT] [Fatal Error] :1:1: Premature end of file.
2025-06-20 03:54:30,878 [ERROR] LogOutputStream:75 - [STDERR_REDIRECT] 
2025-06-20 03:54:31,876 [ERROR] LogOutputStream:75 - [STDERR_REDIRECT] [Fatal Error] :1:1: Premature end of file.
2025-06-20 03:54:31,876 [ERROR] LogOutputStream:75 - [STDERR_REDIRECT] 
2025-06-20 03:54:32,871 [ERROR] LogOutputStream:75 - [STDERR_REDIRECT] [Fatal Error] :1:1: Premature end of file.
2025-06-20 03:54:32,871 [ERROR] LogOutputStream:75 - [STDERR_REDIRECT] 
2025-06-20 03:54:33,881 [ERROR] LogOutputStream:75 - [STDERR_REDIRECT] [Fatal Error] :1:1: Premature end of file.
2025-06-20 03:54:33,881 [ERROR] LogOutputStream:75 - [STDERR_REDIRECT] 
2025-06-20 03:54:34,867 [ERROR] LogOutputStream:75 - [STDERR_REDIRECT] [Fatal Error] :1:1: Premature end of file.
2025-06-20 03:54:34,867 [ERROR] LogOutputStream:75 - [STDERR_REDIRECT] 
2025-06-20 03:54:35,868 [ERROR] LogOutputStream:75 - [STDERR_REDIRECT] [Fatal Error] :1:1: Premature end of file.
2025-06-20 03:54:35,868 [ERROR] LogOutputStream:75 - [STDERR_REDIRECT] 
2025-06-20 03:54:36,870 [ERROR] LogOutputStream:75 - [STDERR_REDIRECT] [Fatal Error] :1:1: Premature end of file.
2025-06-20 03:54:36,870 [ERROR] LogOutputStream:75 - [STDERR_REDIRECT] 
2025-06-20 03:54:37,870 [ERROR] LogOutputStream:75 - [STDERR_REDIRECT] [Fatal Error] :1:1: Premature end of file.
2025-06-20 03:54:37,870 [ERROR] LogOutputStream:75 - [STDERR_REDIRECT] 
2025-06-20 03:54:38,874 [ERROR] LogOutputStream:75 - [STDERR_REDIRECT] [Fatal Error] :1:1: Premature end of file.
2025-06-20 03:54:38,874 [ERROR] LogOutputStream:75 - [STDERR_REDIRECT] 
2025-06-20 03:54:39,888 [ERROR] LogOutputStream:75 - [STDERR_REDIRECT] [Fatal Error] :1:1: Premature end of file.
2025-06-20 03:54:39,888 [ERROR] LogOutputStream:75 - [STDERR_REDIRECT] 
2025-06-20 03:54:40,892 [ERROR] LogOutputStream:75 - [STDERR_REDIRECT] [Fatal Error] :1:1: Premature end of file.
2025-06-20 03:54:40,892 [ERROR] LogOutputStream:75 - [STDERR_REDIRECT] 
2025-06-20 03:54:41,866 [ERROR] LogOutputStream:75 - [STDERR_REDIRECT] [Fatal Error] :1:1: Premature end of file.
2025-06-20 03:54:41,866 [ERROR] LogOutputStream:75 - [STDERR_REDIRECT] 
2025-06-20 03:54:42,872 [ERROR] LogOutputStream:75 - [STDERR_REDIRECT] [Fatal Error] :1:1: Premature end of file.
2025-06-20 03:54:42,872 [ERROR] LogOutputStream:75 - [STDERR_REDIRECT] 
2025-06-20 03:54:43,873 [ERROR] LogOutputStream:75 - [STDERR_REDIRECT] [Fatal Error] :1:1: Premature end of file.
2025-06-20 03:54:43,873 [ERROR] LogOutputStream:75 - [STDERR_REDIRECT] 
2025-06-20 03:54:44,878 [ERROR] LogOutputStream:75 - [STDERR_REDIRECT] [Fatal Error] :1:1: Premature end of file.
2025-06-20 03:54:44,878 [ERROR] LogOutputStream:75 - [STDERR_REDIRECT] 
2025-06-20 03:54:45,881 [ERROR] LogOutputStream:75 - [STDERR_REDIRECT] [Fatal Error] :1:1: Premature end of file.
2025-06-20 03:54:45,881 [ERROR] LogOutputStream:75 - [STDERR_REDIRECT] 
2025-06-20 03:54:46,867 [ERROR] LogOutputStream:75 - [STDERR_REDIRECT] [Fatal Error] :1:1: Premature end of file.
2025-06-20 03:54:46,867 [ERROR] LogOutputStream:75 - [STDERR_REDIRECT] 
2025-06-20 03:54:47,875 [ERROR] LogOutputStream:75 - [STDERR_REDIRECT] [Fatal Error] :1:1: Premature end of file.
2025-06-20 03:54:47,875 [ERROR] LogOutputStream:75 - [STDERR_REDIRECT] 
2025-06-20 03:54:48,878 [ERROR] LogOutputStream:75 - [STDERR_REDIRECT] [Fatal Error] :1:1: Premature end of file.
2025-06-20 03:54:48,878 [ERROR] LogOutputStream:75 - [STDERR_REDIRECT] 
2025-06-20 03:54:49,867 [ERROR] LogOutputStream:75 - [STDERR_REDIRECT] [Fatal Error] :1:1: Premature end of file.
2025-06-20 03:54:49,867 [ERROR] LogOutputStream:75 - [STDERR_REDIRECT] 
2025-06-20 03:54:50,869 [ERROR] LogOutputStream:75 - [STDERR_REDIRECT] [Fatal Error] :1:1: Premature end of file.
2025-06-20 03:54:50,869 [ERROR] LogOutputStream:75 - [STDERR_REDIRECT] 
2025-06-20 03:54:51,875 [ERROR] LogOutputStream:75 - [STDERR_REDIRECT] [Fatal Error] :1:1: Premature end of file.
2025-06-20 03:54:51,875 [ERROR] LogOutputStream:75 - [STDERR_REDIRECT] 
2025-06-20 03:54:52,878 [ERROR] LogOutputStream:75 - [STDERR_REDIRECT] [Fatal Error] :1:1: Premature end of file.
2025-06-20 03:54:52,878 [ERROR] LogOutputStream:75 - [STDERR_REDIRECT] 
2025-06-20 03:54:53,879 [ERROR] LogOutputStream:75 - [STDERR_REDIRECT] [Fatal Error] :1:1: Premature end of file.
2025-06-20 03:54:53,879 [ERROR] LogOutputStream:75 - [STDERR_REDIRECT] 
2025-06-20 03:54:54,867 [ERROR] LogOutputStream:75 - [STDERR_REDIRECT] [Fatal Error] :1:1: Premature end of file.
2025-06-20 03:54:54,867 [ERROR] LogOutputStream:75 - [STDERR_REDIRECT] 
2025-06-20 03:54:55,871 [ERROR] LogOutputStream:75 - [STDERR_REDIRECT] [Fatal Error] :1:1: Premature end of file.
2025-06-20 03:54:55,871 [ERROR] LogOutputStream:75 - [STDERR_REDIRECT] 
2025-06-20 03:54:56,889 [ERROR] LogOutputStream:75 - [STDERR_REDIRECT] [Fatal Error] :1:1: Premature end of file.
2025-06-20 03:54:56,889 [ERROR] LogOutputStream:75 - [STDERR_REDIRECT] 
2025-06-20 03:54:57,890 [ERROR] LogOutputStream:75 - [STDERR_REDIRECT] [Fatal Error] :1:1: Premature end of file.
2025-06-20 03:54:57,890 [ERROR] LogOutputStream:75 - [STDERR_REDIRECT] 
2025-06-20 03:54:58,867 [ERROR] LogOutputStream:75 - [STDERR_REDIRECT] [Fatal Error] :1:1: Premature end of file.
2025-06-20 03:54:58,867 [ERROR] LogOutputStream:75 - [STDERR_REDIRECT] 
2025-06-20 03:54:59,871 [ERROR] LogOutputStream:75 - [STDERR_REDIRECT] [Fatal Error] :1:1: Premature end of file.
2025-06-20 03:54:59,871 [ERROR] LogOutputStream:75 - [STDERR_REDIRECT] 
2025-06-20 03:55:00,874 [ERROR] LogOutputStream:75 - [STDERR_REDIRECT] [Fatal Error] :1:1: Premature end of file.
2025-06-20 03:55:00,874 [ERROR] LogOutputStream:75 - [STDERR_REDIRECT] 
2025-06-20 03:55:01,878 [ERROR] LogOutputStream:75 - [STDERR_REDIRECT] [Fatal Error] :1:1: Premature end of file.
2025-06-20 03:55:01,878 [ERROR] LogOutputStream:75 - [STDERR_REDIRECT] 
2025-06-20 03:55:02,894 [ERROR] LogOutputStream:75 - [STDERR_REDIRECT] [Fatal Error] :1:1: Premature end of file.
2025-06-20 03:55:02,894 [ERROR] LogOutputStream:75 - [STDERR_REDIRECT] 
2025-06-20 03:55:03,885 [ERROR] LogOutputStream:75 - [STDERR_REDIRECT] [Fatal Error] :1:1: Premature end of file.
2025-06-20 03:55:03,885 [ERROR] LogOutputStream:75 - [STDERR_REDIRECT] 
2025-06-20 03:55:04,882 [ERROR] LogOutputStream:75 - [STDERR_REDIRECT] [Fatal Error] :1:1: Premature end of file.
2025-06-20 03:55:04,882 [ERROR] LogOutputStream:75 - [STDERR_REDIRECT] 
2025-06-20 03:55:05,888 [ERROR] LogOutputStream:75 - [STDERR_REDIRECT] [Fatal Error] :1:1: Premature end of file.
2025-06-20 03:55:05,888 [ERROR] LogOutputStream:75 - [STDERR_REDIRECT] 
2025-06-20 03:55:06,876 [ERROR] LogOutputStream:75 - [STDERR_REDIRECT] [Fatal Error] :1:1: Premature end of file.
2025-06-20 03:55:06,876 [ERROR] LogOutputStream:75 - [STDERR_REDIRECT] 
2025-06-20 03:55:07,877 [ERROR] LogOutputStream:75 - [STDERR_REDIRECT] [Fatal Error] :1:1: Premature end of file.
2025-06-20 03:55:07,877 [ERROR] LogOutputStream:75 - [STDERR_REDIRECT] 
2025-06-20 03:55:08,880 [ERROR] LogOutputStream:75 - [STDERR_REDIRECT] [Fatal Error] :1:1: Premature end of file.
2025-06-20 03:55:08,880 [ERROR] LogOutputStream:75 - [STDERR_REDIRECT] 
2025-06-20 03:55:09,887 [ERROR] LogOutputStream:75 - [STDERR_REDIRECT] [Fatal Error] :1:1: Premature end of file.
2025-06-20 03:55:09,887 [ERROR] LogOutputStream:75 - [STDERR_REDIRECT] 
2025-06-20 03:55:10,885 [ERROR] LogOutputStream:75 - [STDERR_REDIRECT] [Fatal Error] :1:1: Premature end of file.
2025-06-20 03:55:10,885 [ERROR] LogOutputStream:75 - [STDERR_REDIRECT] 
2025-06-20 03:55:11,890 [ERROR] LogOutputStream:75 - [STDERR_REDIRECT] [Fatal Error] :1:1: Premature end of file.
2025-06-20 03:55:11,890 [ERROR] LogOutputStream:75 - [STDERR_REDIRECT] 
2025-06-20 03:55:12,881 [ERROR] LogOutputStream:75 - [STDERR_REDIRECT] [Fatal Error] :1:1: Premature end of file.
2025-06-20 03:55:12,881 [ERROR] LogOutputStream:75 - [STDERR_REDIRECT] 
2025-06-20 03:55:13,868 [ERROR] LogOutputStream:75 - [STDERR_REDIRECT] [Fatal Error] :1:1: Premature end of file.
2025-06-20 03:55:13,868 [ERROR] LogOutputStream:75 - [STDERR_REDIRECT] 
2025-06-20 03:55:14,871 [ERROR] LogOutputStream:75 - [STDERR_REDIRECT] [Fatal Error] :1:1: Premature end of file.
2025-06-20 03:55:14,871 [ERROR] LogOutputStream:75 - [STDERR_REDIRECT] 
2025-06-20 03:55:15,878 [ERROR] LogOutputStream:75 - [STDERR_REDIRECT] [Fatal Error] :1:1: Premature end of file.
2025-06-20 03:55:15,878 [ERROR] LogOutputStream:75 - [STDERR_REDIRECT] 
2025-06-20 03:55:16,887 [ERROR] LogOutputStream:75 - [STDERR_REDIRECT] [Fatal Error] :1:1: Premature end of file.
2025-06-20 03:55:16,887 [ERROR] LogOutputStream:75 - [STDERR_REDIRECT] 
2025-06-20 03:55:17,879 [ERROR] LogOutputStream:75 - [STDERR_REDIRECT] [Fatal Error] :1:1: Premature end of file.
2025-06-20 03:55:17,879 [ERROR] LogOutputStream:75 - [STDERR_REDIRECT] 
2025-06-20 03:55:18,866 [ERROR] LogOutputStream:75 - [STDERR_REDIRECT] [Fatal Error] :1:1: Premature end of file.
2025-06-20 03:55:18,866 [ERROR] LogOutputStream:75 - [STDERR_REDIRECT] 
2025-06-20 03:55:19,881 [ERROR] LogOutputStream:75 - [STDERR_REDIRECT] [Fatal Error] :1:1: Premature end of file.
2025-06-20 03:55:19,881 [ERROR] LogOutputStream:75 - [STDERR_REDIRECT] 
2025-06-20 03:55:20,878 [ERROR] LogOutputStream:75 - [STDERR_REDIRECT] [Fatal Error] :1:1: Premature end of file.
2025-06-20 03:55:20,878 [ERROR] LogOutputStream:75 - [STDERR_REDIRECT] 
2025-06-20 03:55:21,881 [ERROR] LogOutputStream:75 - [STDERR_REDIRECT] [Fatal Error] :1:1: Premature end of file.
2025-06-20 03:55:21,881 [ERROR] LogOutputStream:75 - [STDERR_REDIRECT] 
2025-06-20 03:55:22,882 [ERROR] LogOutputStream:75 - [STDERR_REDIRECT] [Fatal Error] :1:1: Premature end of file.
2025-06-20 03:55:22,882 [ERROR] LogOutputStream:75 - [STDERR_REDIRECT] 
2025-06-20 03:55:23,883 [ERROR] LogOutputStream:75 - [STDERR_REDIRECT] [Fatal Error] :1:1: Premature end of file.
2025-06-20 03:55:23,883 [ERROR] LogOutputStream:75 - [STDERR_REDIRECT] 
2025-06-20 03:55:24,872 [ERROR] LogOutputStream:75 - [STDERR_REDIRECT] [Fatal Error] :1:1: Premature end of file.
2025-06-20 03:55:24,872 [ERROR] LogOutputStream:75 - [STDERR_REDIRECT] 
2025-06-20 03:55:25,874 [ERROR] LogOutputStream:75 - [STDERR_REDIRECT] [Fatal Error] :1:1: Premature end of file.
2025-06-20 03:55:25,874 [ERROR] LogOutputStream:75 - [STDERR_REDIRECT] 
2025-06-20 03:55:26,878 [ERROR] LogOutputStream:75 - [STDERR_REDIRECT] [Fatal Error] :1:1: Premature end of file.
2025-06-20 03:55:26,878 [ERROR] LogOutputStream:75 - [STDERR_REDIRECT] 
2025-06-20 03:55:27,872 [ERROR] LogOutputStream:75 - [STDERR_REDIRECT] [Fatal Error] :1:1: Premature end of file.
2025-06-20 03:55:27,872 [ERROR] LogOutputStream:75 - [STDERR_REDIRECT] 
2025-06-20 03:55:28,873 [ERROR] LogOutputStream:75 - [STDERR_REDIRECT] [Fatal Error] :1:1: Premature end of file.
2025-06-20 03:55:28,873 [ERROR] LogOutputStream:75 - [STDERR_REDIRECT] 
2025-06-20 03:55:29,873 [ERROR] LogOutputStream:75 - [STDERR_REDIRECT] [Fatal Error] :1:1: Premature end of file.
2025-06-20 03:55:29,873 [ERROR] LogOutputStream:75 - [STDERR_REDIRECT] 
2025-06-20 03:55:30,891 [ERROR] LogOutputStream:75 - [STDERR_REDIRECT] [Fatal Error] :1:1: Premature end of file.
2025-06-20 03:55:30,891 [ERROR] LogOutputStream:75 - [STDERR_REDIRECT] 
2025-06-20 03:55:31,877 [ERROR] LogOutputStream:75 - [STDERR_REDIRECT] [Fatal Error] :1:1: Premature end of file.
2025-06-20 03:55:31,877 [ERROR] LogOutputStream:75 - [STDERR_REDIRECT] 
2025-06-20 03:55:32,875 [ERROR] LogOutputStream:75 - [STDERR_REDIRECT] [Fatal Error] :1:1: Premature end of file.
2025-06-20 03:55:32,875 [ERROR] LogOutputStream:75 - [STDERR_REDIRECT] 
2025-06-20 03:55:33,875 [ERROR] LogOutputStream:75 - [STDERR_REDIRECT] [Fatal Error] :1:1: Premature end of file.
2025-06-20 03:55:33,875 [ERROR] LogOutputStream:75 - [STDERR_REDIRECT] 
2025-06-20 03:55:34,872 [ERROR] LogOutputStream:75 - [STDERR_REDIRECT] [Fatal Error] :1:1: Premature end of file.
2025-06-20 03:55:34,872 [ERROR] LogOutputStream:75 - [STDERR_REDIRECT] 
2025-06-20 03:55:35,870 [ERROR] LogOutputStream:75 - [STDERR_REDIRECT] [Fatal Error] :1:1: Premature end of file.
2025-06-20 03:55:35,870 [ERROR] LogOutputStream:75 - [STDERR_REDIRECT] 
2025-06-20 03:55:36,883 [ERROR] LogOutputStream:75 - [STDERR_REDIRECT] [Fatal Error] :1:1: Premature end of file.
2025-06-20 03:55:36,883 [ERROR] LogOutputStream:75 - [STDERR_REDIRECT] 
2025-06-20 03:55:37,884 [ERROR] LogOutputStream:75 - [STDERR_REDIRECT] [Fatal Error] :1:1: Premature end of file.
2025-06-20 03:55:37,884 [ERROR] LogOutputStream:75 - [STDERR_REDIRECT] 
2025-06-20 03:55:38,878 [ERROR] LogOutputStream:75 - [STDERR_REDIRECT] [Fatal Error] :1:1: Premature end of file.
2025-06-20 03:55:38,878 [ERROR] LogOutputStream:75 - [STDERR_REDIRECT] 
2025-06-20 03:55:39,870 [ERROR] LogOutputStream:75 - [STDERR_REDIRECT] [Fatal Error] :1:1: Premature end of file.
2025-06-20 03:55:39,870 [ERROR] LogOutputStream:75 - [STDERR_REDIRECT] 
2025-06-20 03:55:40,873 [ERROR] LogOutputStream:75 - [STDERR_REDIRECT] [Fatal Error] :1:1: Premature end of file.
2025-06-20 03:55:40,873 [ERROR] LogOutputStream:75 - [STDERR_REDIRECT] 
2025-06-20 03:55:41,877 [ERROR] LogOutputStream:75 - [STDERR_REDIRECT] [Fatal Error] :1:1: Premature end of file.
2025-06-20 03:55:41,877 [ERROR] LogOutputStream:75 - [STDERR_REDIRECT] 
2025-06-20 03:55:42,884 [ERROR] LogOutputStream:75 - [STDERR_REDIRECT] [Fatal Error] :1:1: Premature end of file.
2025-06-20 03:55:42,884 [ERROR] LogOutputStream:75 - [STDERR_REDIRECT] 
2025-06-20 03:55:43,884 [ERROR] LogOutputStream:75 - [STDERR_REDIRECT] [Fatal Error] :1:1: Premature end of file.
2025-06-20 03:55:43,884 [ERROR] LogOutputStream:75 - [STDERR_REDIRECT] 
2025-06-20 03:55:44,892 [ERROR] LogOutputStream:75 - [STDERR_REDIRECT] [Fatal Error] :1:1: Premature end of file.
2025-06-20 03:55:44,892 [ERROR] LogOutputStream:75 - [STDERR_REDIRECT] 
2025-06-20 03:55:45,883 [ERROR] LogOutputStream:75 - [STDERR_REDIRECT] [Fatal Error] :1:1: Premature end of file.
2025-06-20 03:55:45,883 [ERROR] LogOutputStream:75 - [STDERR_REDIRECT] 
2025-06-20 03:55:46,873 [ERROR] LogOutputStream:75 - [STDERR_REDIRECT] [Fatal Error] :1:1: Premature end of file.
2025-06-20 03:55:46,873 [ERROR] LogOutputStream:75 - [STDERR_REDIRECT] 
2025-06-20 03:55:47,874 [ERROR] LogOutputStream:75 - [STDERR_REDIRECT] [Fatal Error] :1:1: Premature end of file.
2025-06-20 03:55:47,874 [ERROR] LogOutputStream:75 - [STDERR_REDIRECT] 
2025-06-20 03:55:48,880 [ERROR] LogOutputStream:75 - [STDERR_REDIRECT] [Fatal Error] :1:1: Premature end of file.
2025-06-20 03:55:48,880 [ERROR] LogOutputStream:75 - [STDERR_REDIRECT] 
2025-06-20 03:55:49,866 [ERROR] LogOutputStream:75 - [STDERR_REDIRECT] [Fatal Error] :1:1: Premature end of file.
2025-06-20 03:55:49,866 [ERROR] LogOutputStream:75 - [STDERR_REDIRECT] 
2025-06-20 03:55:50,870 [ERROR] LogOutputStream:75 - [STDERR_REDIRECT] [Fatal Error] :1:1: Premature end of file.
2025-06-20 03:55:50,870 [ERROR] LogOutputStream:75 - [STDERR_REDIRECT] 
2025-06-20 03:55:51,872 [ERROR] LogOutputStream:75 - [STDERR_REDIRECT] [Fatal Error] :1:1: Premature end of file.
2025-06-20 03:55:51,872 [ERROR] LogOutputStream:75 - [STDERR_REDIRECT] 
2025-06-20 03:55:52,875 [ERROR] LogOutputStream:75 - [STDERR_REDIRECT] [Fatal Error] :1:1: Premature end of file.
2025-06-20 03:55:52,875 [ERROR] LogOutputStream:75 - [STDERR_REDIRECT] 
2025-06-20 03:55:53,879 [ERROR] LogOutputStream:75 - [STDERR_REDIRECT] [Fatal Error] :1:1: Premature end of file.
2025-06-20 03:55:53,879 [ERROR] LogOutputStream:75 - [STDERR_REDIRECT] 
2025-06-20 03:55:54,888 [ERROR] LogOutputStream:75 - [STDERR_REDIRECT] [Fatal Error] :1:1: Premature end of file.
2025-06-20 03:55:54,888 [ERROR] LogOutputStream:75 - [STDERR_REDIRECT] 
2025-06-20 03:55:55,879 [ERROR] LogOutputStream:75 - [STDERR_REDIRECT] [Fatal Error] :1:1: Premature end of file.
2025-06-20 03:55:55,879 [ERROR] LogOutputStream:75 - [STDERR_REDIRECT] 
2025-06-20 03:55:56,868 [ERROR] LogOutputStream:75 - [STDERR_REDIRECT] [Fatal Error] :1:1: Premature end of file.
2025-06-20 03:55:56,868 [ERROR] LogOutputStream:75 - [STDERR_REDIRECT] 
2025-06-20 03:55:57,873 [ERROR] LogOutputStream:75 - [STDERR_REDIRECT] [Fatal Error] :1:1: Premature end of file.
2025-06-20 03:55:57,873 [ERROR] LogOutputStream:75 - [STDERR_REDIRECT] 
2025-06-20 03:55:58,886 [ERROR] LogOutputStream:75 - [STDERR_REDIRECT] [Fatal Error] :1:1: Premature end of file.
2025-06-20 03:55:58,886 [ERROR] LogOutputStream:75 - [STDERR_REDIRECT] 
2025-06-20 03:55:59,891 [ERROR] LogOutputStream:75 - [STDERR_REDIRECT] [Fatal Error] :1:1: Premature end of file.
2025-06-20 03:55:59,891 [ERROR] LogOutputStream:75 - [STDERR_REDIRECT] 
2025-06-20 03:56:00,879 [ERROR] LogOutputStream:75 - [STDERR_REDIRECT] [Fatal Error] :1:1: Premature end of file.
2025-06-20 03:56:00,879 [ERROR] LogOutputStream:75 - [STDERR_REDIRECT] 
2025-06-20 03:56:01,870 [ERROR] LogOutputStream:75 - [STDERR_REDIRECT] [Fatal Error] :1:1: Premature end of file.
2025-06-20 03:56:01,870 [ERROR] LogOutputStream:75 - [STDERR_REDIRECT] 
2025-06-20 03:56:02,874 [ERROR] LogOutputStream:75 - [STDERR_REDIRECT] [Fatal Error] :1:1: Premature end of file.
2025-06-20 03:56:02,874 [ERROR] LogOutputStream:75 - [STDERR_REDIRECT] 
2025-06-20 03:56:03,879 [ERROR] LogOutputStream:75 - [STDERR_REDIRECT] [Fatal Error] :1:1: Premature end of file.
2025-06-20 03:56:03,879 [ERROR] LogOutputStream:75 - [STDERR_REDIRECT] 
2025-06-20 03:56:04,884 [ERROR] LogOutputStream:75 - [STDERR_REDIRECT] [Fatal Error] :1:1: Premature end of file.
2025-06-20 03:56:04,884 [ERROR] LogOutputStream:75 - [STDERR_REDIRECT] 
2025-06-20 03:56:05,877 [ERROR] LogOutputStream:75 - [STDERR_REDIRECT] [Fatal Error] :1:1: Premature end of file.
2025-06-20 03:56:05,877 [ERROR] LogOutputStream:75 - [STDERR_REDIRECT] 
2025-06-20 03:56:06,874 [ERROR] LogOutputStream:75 - [STDERR_REDIRECT] [Fatal Error] :1:1: Premature end of file.
2025-06-20 03:56:06,874 [ERROR] LogOutputStream:75 - [STDERR_REDIRECT] 
2025-06-20 03:56:07,876 [ERROR] LogOutputStream:75 - [STDERR_REDIRECT] [Fatal Error] :1:1: Premature end of file.
2025-06-20 03:56:07,876 [ERROR] LogOutputStream:75 - [STDERR_REDIRECT] 
2025-06-20 03:56:08,885 [ERROR] LogOutputStream:75 - [STDERR_REDIRECT] [Fatal Error] :1:1: Premature end of file.
2025-06-20 03:56:08,885 [ERROR] LogOutputStream:75 - [STDERR_REDIRECT] 
2025-06-20 03:56:09,877 [ERROR] LogOutputStream:75 - [STDERR_REDIRECT] [Fatal Error] :1:1: Premature end of file.
2025-06-20 03:56:09,877 [ERROR] LogOutputStream:75 - [STDERR_REDIRECT] 
2025-06-20 03:56:10,887 [ERROR] LogOutputStream:75 - [STDERR_REDIRECT] [Fatal Error] :1:1: Premature end of file.
2025-06-20 03:56:10,887 [ERROR] LogOutputStream:75 - [STDERR_REDIRECT] 
2025-06-20 03:56:11,884 [ERROR] LogOutputStream:75 - [STDERR_REDIRECT] [Fatal Error] :1:1: Premature end of file.
2025-06-20 03:56:11,884 [ERROR] LogOutputStream:75 - [STDERR_REDIRECT] 
2025-06-20 03:56:12,890 [ERROR] LogOutputStream:75 - [STDERR_REDIRECT] [Fatal Error] :1:1: Premature end of file.
2025-06-20 03:56:12,890 [ERROR] LogOutputStream:75 - [STDERR_REDIRECT] 
2025-06-20 03:56:13,878 [ERROR] LogOutputStream:75 - [STDERR_REDIRECT] [Fatal Error] :1:1: Premature end of file.
2025-06-20 03:56:13,878 [ERROR] LogOutputStream:75 - [STDERR_REDIRECT] 
2025-06-20 03:56:14,870 [ERROR] LogOutputStream:75 - [STDERR_REDIRECT] [Fatal Error] :1:1: Premature end of file.
2025-06-20 03:56:14,870 [ERROR] LogOutputStream:75 - [STDERR_REDIRECT] 
2025-06-20 03:56:15,873 [ERROR] LogOutputStream:75 - [STDERR_REDIRECT] [Fatal Error] :1:1: Premature end of file.
2025-06-20 03:56:15,873 [ERROR] LogOutputStream:75 - [STDERR_REDIRECT] 
2025-06-20 03:56:16,878 [ERROR] LogOutputStream:75 - [STDERR_REDIRECT] [Fatal Error] :1:1: Premature end of file.
2025-06-20 03:56:16,878 [ERROR] LogOutputStream:75 - [STDERR_REDIRECT] 
2025-06-20 03:56:17,879 [ERROR] LogOutputStream:75 - [STDERR_REDIRECT] [Fatal Error] :1:1: Premature end of file.
2025-06-20 03:56:17,879 [ERROR] LogOutputStream:75 - [STDERR_REDIRECT] 
2025-06-20 03:56:18,868 [ERROR] LogOutputStream:75 - [STDERR_REDIRECT] [Fatal Error] :1:1: Premature end of file.
2025-06-20 03:56:18,868 [ERROR] LogOutputStream:75 - [STDERR_REDIRECT] 
2025-06-20 03:56:19,876 [ERROR] LogOutputStream:75 - [STDERR_REDIRECT] [Fatal Error] :1:1: Premature end of file.
2025-06-20 03:56:19,876 [ERROR] LogOutputStream:75 - [STDERR_REDIRECT] 
2025-06-20 03:56:20,875 [ERROR] LogOutputStream:75 - [STDERR_REDIRECT] [Fatal Error] :1:1: Premature end of file.
2025-06-20 03:56:20,875 [ERROR] LogOutputStream:75 - [STDERR_REDIRECT] 
2025-06-20 03:56:21,891 [ERROR] LogOutputStream:75 - [STDERR_REDIRECT] [Fatal Error] :1:1: Premature end of file.
2025-06-20 03:56:21,891 [ERROR] LogOutputStream:75 - [STDERR_REDIRECT] 
2025-06-20 03:56:22,878 [ERROR] LogOutputStream:75 - [STDERR_REDIRECT] [Fatal Error] :1:1: Premature end of file.
2025-06-20 03:56:22,878 [ERROR] LogOutputStream:75 - [STDERR_REDIRECT] 
2025-06-20 03:56:23,881 [ERROR] LogOutputStream:75 - [STDERR_REDIRECT] [Fatal Error] :1:1: Premature end of file.
2025-06-20 03:56:23,881 [ERROR] LogOutputStream:75 - [STDERR_REDIRECT] 
2025-06-20 03:56:24,881 [ERROR] LogOutputStream:75 - [STDERR_REDIRECT] [Fatal Error] :1:1: Premature end of file.
2025-06-20 03:56:24,881 [ERROR] LogOutputStream:75 - [STDERR_REDIRECT] 
2025-06-20 03:56:25,882 [ERROR] LogOutputStream:75 - [STDERR_REDIRECT] [Fatal Error] :1:1: Premature end of file.
2025-06-20 03:56:25,882 [ERROR] LogOutputStream:75 - [STDERR_REDIRECT] 
2025-06-20 03:56:26,886 [ERROR] LogOutputStream:75 - [STDERR_REDIRECT] [Fatal Error] :1:1: Premature end of file.
2025-06-20 03:56:26,886 [ERROR] LogOutputStream:75 - [STDERR_REDIRECT] 
2025-06-20 03:56:27,886 [ERROR] LogOutputStream:75 - [STDERR_REDIRECT] [Fatal Error] :1:1: Premature end of file.
2025-06-20 03:56:27,886 [ERROR] LogOutputStream:75 - [STDERR_REDIRECT] 
2025-06-20 03:56:28,890 [ERROR] LogOutputStream:75 - [STDERR_REDIRECT] [Fatal Error] :1:1: Premature end of file.
2025-06-20 03:56:28,890 [ERROR] LogOutputStream:75 - [STDERR_REDIRECT] 
2025-06-20 03:56:29,895 [ERROR] LogOutputStream:75 - [STDERR_REDIRECT] [Fatal Error] :1:1: Premature end of file.
2025-06-20 03:56:29,895 [ERROR] LogOutputStream:75 - [STDERR_REDIRECT] 
2025-06-20 03:56:30,880 [ERROR] LogOutputStream:75 - [STDERR_REDIRECT] [Fatal Error] :1:1: Premature end of file.
2025-06-20 03:56:30,880 [ERROR] LogOutputStream:75 - [STDERR_REDIRECT] 
2025-06-20 03:56:31,868 [ERROR] LogOutputStream:75 - [STDERR_REDIRECT] [Fatal Error] :1:1: Premature end of file.
2025-06-20 03:56:31,868 [ERROR] LogOutputStream:75 - [STDERR_REDIRECT] 
2025-06-20 03:56:32,874 [ERROR] LogOutputStream:75 - [STDERR_REDIRECT] [Fatal Error] :1:1: Premature end of file.
2025-06-20 03:56:32,874 [ERROR] LogOutputStream:75 - [STDERR_REDIRECT] 
2025-06-20 03:56:33,877 [ERROR] LogOutputStream:75 - [STDERR_REDIRECT] [Fatal Error] :1:1: Premature end of file.
2025-06-20 03:56:33,877 [ERROR] LogOutputStream:75 - [STDERR_REDIRECT] 
2025-06-20 03:56:34,879 [ERROR] LogOutputStream:75 - [STDERR_REDIRECT] [Fatal Error] :1:1: Premature end of file.
2025-06-20 03:56:34,879 [ERROR] LogOutputStream:75 - [STDERR_REDIRECT] 
2025-06-20 03:56:35,881 [ERROR] LogOutputStream:75 - [STDERR_REDIRECT] [Fatal Error] :1:1: Premature end of file.
2025-06-20 03:56:35,881 [ERROR] LogOutputStream:75 - [STDERR_REDIRECT] 
2025-06-20 03:56:36,867 [ERROR] LogOutputStream:75 - [STDERR_REDIRECT] [Fatal Error] :1:1: Premature end of file.
2025-06-20 03:56:36,867 [ERROR] LogOutputStream:75 - [STDERR_REDIRECT] 
2025-06-20 03:56:37,872 [ERROR] LogOutputStream:75 - [STDERR_REDIRECT] [Fatal Error] :1:1: Premature end of file.
2025-06-20 03:56:37,872 [ERROR] LogOutputStream:75 - [STDERR_REDIRECT] 
2025-06-20 03:56:38,875 [ERROR] LogOutputStream:75 - [STDERR_REDIRECT] [Fatal Error] :1:1: Premature end of file.
2025-06-20 03:56:38,875 [ERROR] LogOutputStream:75 - [STDERR_REDIRECT] 
2025-06-20 03:56:39,878 [ERROR] LogOutputStream:75 - [STDERR_REDIRECT] [Fatal Error] :1:1: Premature end of file.
2025-06-20 03:56:39,878 [ERROR] LogOutputStream:75 - [STDERR_REDIRECT] 
2025-06-20 03:56:40,887 [ERROR] LogOutputStream:75 - [STDERR_REDIRECT] [Fatal Error] :1:1: Premature end of file.
2025-06-20 03:56:40,887 [ERROR] LogOutputStream:75 - [STDERR_REDIRECT] 
2025-06-20 03:56:41,875 [ERROR] LogOutputStream:75 - [STDERR_REDIRECT] [Fatal Error] :1:1: Premature end of file.
2025-06-20 03:56:41,875 [ERROR] LogOutputStream:75 - [STDERR_REDIRECT] 
2025-06-20 03:56:42,875 [ERROR] LogOutputStream:75 - [STDERR_REDIRECT] [Fatal Error] :1:1: Premature end of file.
2025-06-20 03:56:42,875 [ERROR] LogOutputStream:75 - [STDERR_REDIRECT] 
2025-06-20 03:56:43,870 [ERROR] LogOutputStream:75 - [STDERR_REDIRECT] [Fatal Error] :1:1: Premature end of file.
2025-06-20 03:56:43,870 [ERROR] LogOutputStream:75 - [STDERR_REDIRECT] 
2025-06-20 03:56:44,894 [ERROR] LogOutputStream:75 - [STDERR_REDIRECT] [Fatal Error] :1:1: Premature end of file.
2025-06-20 03:56:44,894 [ERROR] LogOutputStream:75 - [STDERR_REDIRECT] 
2025-06-20 03:56:45,866 [ERROR] LogOutputStream:75 - [STDERR_REDIRECT] [Fatal Error] :1:1: Premature end of file.
2025-06-20 03:56:45,866 [ERROR] LogOutputStream:75 - [STDERR_REDIRECT] 
2025-06-20 03:56:46,870 [ERROR] LogOutputStream:75 - [STDERR_REDIRECT] [Fatal Error] :1:1: Premature end of file.
2025-06-20 03:56:46,870 [ERROR] LogOutputStream:75 - [STDERR_REDIRECT] 
2025-06-20 03:56:47,873 [ERROR] LogOutputStream:75 - [STDERR_REDIRECT] [Fatal Error] :1:1: Premature end of file.
2025-06-20 03:56:47,873 [ERROR] LogOutputStream:75 - [STDERR_REDIRECT] 
2025-06-20 03:56:48,889 [ERROR] LogOutputStream:75 - [STDERR_REDIRECT] [Fatal Error] :1:1: Premature end of file.
2025-06-20 03:56:48,889 [ERROR] LogOutputStream:75 - [STDERR_REDIRECT] 
2025-06-20 03:56:49,878 [ERROR] LogOutputStream:75 - [STDERR_REDIRECT] [Fatal Error] :1:1: Premature end of file.
2025-06-20 03:56:49,878 [ERROR] LogOutputStream:75 - [STDERR_REDIRECT] 
2025-06-20 03:56:50,878 [ERROR] LogOutputStream:75 - [STDERR_REDIRECT] [Fatal Error] :1:1: Premature end of file.
2025-06-20 03:56:50,878 [ERROR] LogOutputStream:75 - [STDERR_REDIRECT] 
2025-06-20 03:56:51,879 [ERROR] LogOutputStream:75 - [STDERR_REDIRECT] [Fatal Error] :1:1: Premature end of file.
2025-06-20 03:56:51,879 [ERROR] LogOutputStream:75 - [STDERR_REDIRECT] 
2025-06-20 03:56:52,881 [ERROR] LogOutputStream:75 - [STDERR_REDIRECT] [Fatal Error] :1:1: Premature end of file.
2025-06-20 03:56:52,881 [ERROR] LogOutputStream:75 - [STDERR_REDIRECT] 
2025-06-20 03:56:53,868 [ERROR] LogOutputStream:75 - [STDERR_REDIRECT] [Fatal Error] :1:1: Premature end of file.
2025-06-20 03:56:53,868 [ERROR] LogOutputStream:75 - [STDERR_REDIRECT] 
2025-06-20 03:56:54,874 [ERROR] LogOutputStream:75 - [STDERR_REDIRECT] [Fatal Error] :1:1: Premature end of file.
2025-06-20 03:56:54,874 [ERROR] LogOutputStream:75 - [STDERR_REDIRECT] 
2025-06-20 03:56:55,876 [ERROR] LogOutputStream:75 - [STDERR_REDIRECT] [Fatal Error] :1:1: Premature end of file.
2025-06-20 03:56:55,876 [ERROR] LogOutputStream:75 - [STDERR_REDIRECT] 
2025-06-20 03:56:56,884 [ERROR] LogOutputStream:75 - [STDERR_REDIRECT] [Fatal Error] :1:1: Premature end of file.
2025-06-20 03:56:56,884 [ERROR] LogOutputStream:75 - [STDERR_REDIRECT] 
2025-06-20 03:56:57,867 [ERROR] LogOutputStream:75 - [STDERR_REDIRECT] [Fatal Error] :1:1: Premature end of file.
2025-06-20 03:56:57,867 [ERROR] LogOutputStream:75 - [STDERR_REDIRECT] 
2025-06-20 03:56:58,873 [ERROR] LogOutputStream:75 - [STDERR_REDIRECT] [Fatal Error] :1:1: Premature end of file.
2025-06-20 03:56:58,873 [ERROR] LogOutputStream:75 - [STDERR_REDIRECT] 
2025-06-20 03:56:59,873 [ERROR] LogOutputStream:75 - [STDERR_REDIRECT] [Fatal Error] :1:1: Premature end of file.
2025-06-20 03:56:59,873 [ERROR] LogOutputStream:75 - [STDERR_REDIRECT] 
2025-06-20 03:57:00,881 [ERROR] LogOutputStream:75 - [STDERR_REDIRECT] [Fatal Error] :1:1: Premature end of file.
2025-06-20 03:57:00,881 [ERROR] LogOutputStream:75 - [STDERR_REDIRECT] 
2025-06-20 03:57:01,885 [ERROR] LogOutputStream:75 - [STDERR_REDIRECT] [Fatal Error] :1:1: Premature end of file.
2025-06-20 03:57:01,885 [ERROR] LogOutputStream:75 - [STDERR_REDIRECT] 
2025-06-20 03:57:02,868 [ERROR] LogOutputStream:75 - [STDERR_REDIRECT] [Fatal Error] :1:1: Premature end of file.
2025-06-20 03:57:02,868 [ERROR] LogOutputStream:75 - [STDERR_REDIRECT] 
2025-06-20 03:57:03,872 [ERROR] LogOutputStream:75 - [STDERR_REDIRECT] [Fatal Error] :1:1: Premature end of file.
2025-06-20 03:57:03,872 [ERROR] LogOutputStream:75 - [STDERR_REDIRECT] 
2025-06-20 03:57:04,875 [ERROR] LogOutputStream:75 - [STDERR_REDIRECT] [Fatal Error] :1:1: Premature end of file.
2025-06-20 03:57:04,875 [ERROR] LogOutputStream:75 - [STDERR_REDIRECT] 
2025-06-20 03:57:05,881 [ERROR] LogOutputStream:75 - [STDERR_REDIRECT] [Fatal Error] :1:1: Premature end of file.
2025-06-20 03:57:05,881 [ERROR] LogOutputStream:75 - [STDERR_REDIRECT] 
2025-06-20 03:57:06,878 [ERROR] LogOutputStream:75 - [STDERR_REDIRECT] [Fatal Error] :1:1: Premature end of file.
2025-06-20 03:57:06,878 [ERROR] LogOutputStream:75 - [STDERR_REDIRECT] 
2025-06-20 03:57:07,871 [ERROR] LogOutputStream:75 - [STDERR_REDIRECT] [Fatal Error] :1:1: Premature end of file.
2025-06-20 03:57:07,871 [ERROR] LogOutputStream:75 - [STDERR_REDIRECT] 
2025-06-20 03:57:08,880 [ERROR] LogOutputStream:75 - [STDERR_REDIRECT] [Fatal Error] :1:1: Premature end of file.
2025-06-20 03:57:08,880 [ERROR] LogOutputStream:75 - [STDERR_REDIRECT] 
2025-06-20 03:57:09,868 [ERROR] LogOutputStream:75 - [STDERR_REDIRECT] [Fatal Error] :1:1: Premature end of file.
2025-06-20 03:57:09,868 [ERROR] LogOutputStream:75 - [STDERR_REDIRECT] 
2025-06-20 03:57:10,868 [ERROR] LogOutputStream:75 - [STDERR_REDIRECT] [Fatal Error] :1:1: Premature end of file.
2025-06-20 03:57:10,868 [ERROR] LogOutputStream:75 - [STDERR_REDIRECT] 
2025-06-20 03:57:11,877 [ERROR] LogOutputStream:75 - [STDERR_REDIRECT] [Fatal Error] :1:1: Premature end of file.
2025-06-20 03:57:11,877 [ERROR] LogOutputStream:75 - [STDERR_REDIRECT] 
2025-06-20 03:57:12,888 [ERROR] LogOutputStream:75 - [STDERR_REDIRECT] [Fatal Error] :1:1: Premature end of file.
2025-06-20 03:57:12,888 [ERROR] LogOutputStream:75 - [STDERR_REDIRECT] 
2025-06-20 03:57:13,890 [ERROR] LogOutputStream:75 - [STDERR_REDIRECT] [Fatal Error] :1:1: Premature end of file.
2025-06-20 03:57:13,890 [ERROR] LogOutputStream:75 - [STDERR_REDIRECT] 
2025-06-20 03:57:14,885 [ERROR] LogOutputStream:75 - [STDERR_REDIRECT] [Fatal Error] :1:1: Premature end of file.
2025-06-20 03:57:14,885 [ERROR] LogOutputStream:75 - [STDERR_REDIRECT] 
2025-06-20 03:57:15,867 [ERROR] LogOutputStream:75 - [STDERR_REDIRECT] [Fatal Error] :1:1: Premature end of file.
2025-06-20 03:57:15,867 [ERROR] LogOutputStream:75 - [STDERR_REDIRECT] 
2025-06-20 03:57:16,880 [ERROR] LogOutputStream:75 - [STDERR_REDIRECT] [Fatal Error] :1:1: Premature end of file.
2025-06-20 03:57:16,880 [ERROR] LogOutputStream:75 - [STDERR_REDIRECT] 
2025-06-20 03:57:17,873 [ERROR] LogOutputStream:75 - [STDERR_REDIRECT] [Fatal Error] :1:1: Premature end of file.
2025-06-20 03:57:17,873 [ERROR] LogOutputStream:75 - [STDERR_REDIRECT] 
2025-06-20 03:57:18,874 [ERROR] LogOutputStream:75 - [STDERR_REDIRECT] [Fatal Error] :1:1: Premature end of file.
2025-06-20 03:57:18,874 [ERROR] LogOutputStream:75 - [STDERR_REDIRECT] 
2025-06-20 03:57:19,879 [ERROR] LogOutputStream:75 - [STDERR_REDIRECT] [Fatal Error] :1:1: Premature end of file.
2025-06-20 03:57:19,879 [ERROR] LogOutputStream:75 - [STDERR_REDIRECT] 
2025-06-20 03:57:20,889 [ERROR] LogOutputStream:75 - [STDERR_REDIRECT] [Fatal Error] :1:1: Premature end of file.
2025-06-20 03:57:20,889 [ERROR] LogOutputStream:75 - [STDERR_REDIRECT] 
2025-06-20 03:57:21,886 [ERROR] LogOutputStream:75 - [STDERR_REDIRECT] [Fatal Error] :1:1: Premature end of file.
2025-06-20 03:57:21,886 [ERROR] LogOutputStream:75 - [STDERR_REDIRECT] 
2025-06-20 03:57:22,869 [ERROR] LogOutputStream:75 - [STDERR_REDIRECT] [Fatal Error] :1:1: Premature end of file.
2025-06-20 03:57:22,869 [ERROR] LogOutputStream:75 - [STDERR_REDIRECT] 
2025-06-20 03:57:23,870 [ERROR] LogOutputStream:75 - [STDERR_REDIRECT] [Fatal Error] :1:1: Premature end of file.
2025-06-20 03:57:23,870 [ERROR] LogOutputStream:75 - [STDERR_REDIRECT] 
2025-06-20 03:57:24,877 [ERROR] LogOutputStream:75 - [STDERR_REDIRECT] [Fatal Error] :1:1: Premature end of file.
2025-06-20 03:57:24,877 [ERROR] LogOutputStream:75 - [STDERR_REDIRECT] 
2025-06-20 03:57:25,873 [ERROR] LogOutputStream:75 - [STDERR_REDIRECT] [Fatal Error] :1:1: Premature end of file.
2025-06-20 03:57:25,873 [ERROR] LogOutputStream:75 - [STDERR_REDIRECT] 
2025-06-20 03:57:26,876 [ERROR] LogOutputStream:75 - [STDERR_REDIRECT] [Fatal Error] :1:1: Premature end of file.
2025-06-20 03:57:26,876 [ERROR] LogOutputStream:75 - [STDERR_REDIRECT] 
2025-06-20 03:57:27,886 [ERROR] LogOutputStream:75 - [STDERR_REDIRECT] [Fatal Error] :1:1: Premature end of file.
2025-06-20 03:57:27,886 [ERROR] LogOutputStream:75 - [STDERR_REDIRECT] 
2025-06-20 03:57:28,871 [ERROR] LogOutputStream:75 - [STDERR_REDIRECT] [Fatal Error] :1:1: Premature end of file.
2025-06-20 03:57:28,871 [ERROR] LogOutputStream:75 - [STDERR_REDIRECT] 
2025-06-20 03:57:29,870 [ERROR] LogOutputStream:75 - [STDERR_REDIRECT] [Fatal Error] :1:1: Premature end of file.
2025-06-20 03:57:29,870 [ERROR] LogOutputStream:75 - [STDERR_REDIRECT] 
2025-06-20 03:57:30,884 [ERROR] LogOutputStream:75 - [STDERR_REDIRECT] [Fatal Error] :1:1: Premature end of file.
2025-06-20 03:57:30,884 [ERROR] LogOutputStream:75 - [STDERR_REDIRECT] 
2025-06-20 03:57:31,878 [ERROR] LogOutputStream:75 - [STDERR_REDIRECT] [Fatal Error] :1:1: Premature end of file.
2025-06-20 03:57:31,878 [ERROR] LogOutputStream:75 - [STDERR_REDIRECT] 
2025-06-20 03:57:32,882 [ERROR] LogOutputStream:75 - [STDERR_REDIRECT] [Fatal Error] :1:1: Premature end of file.
2025-06-20 03:57:32,882 [ERROR] LogOutputStream:75 - [STDERR_REDIRECT] 
2025-06-20 03:57:33,869 [ERROR] LogOutputStream:75 - [STDERR_REDIRECT] [Fatal Error] :1:1: Premature end of file.
2025-06-20 03:57:33,869 [ERROR] LogOutputStream:75 - [STDERR_REDIRECT] 
2025-06-20 03:57:34,884 [ERROR] LogOutputStream:75 - [STDERR_REDIRECT] [Fatal Error] :1:1: Premature end of file.
2025-06-20 03:57:34,884 [ERROR] LogOutputStream:75 - [STDERR_REDIRECT] 
2025-06-20 03:57:35,872 [ERROR] LogOutputStream:75 - [STDERR_REDIRECT] [Fatal Error] :1:1: Premature end of file.
2025-06-20 03:57:35,872 [ERROR] LogOutputStream:75 - [STDERR_REDIRECT] 
2025-06-20 03:57:36,872 [ERROR] LogOutputStream:75 - [STDERR_REDIRECT] [Fatal Error] :1:1: Premature end of file.
2025-06-20 03:57:36,872 [ERROR] LogOutputStream:75 - [STDERR_REDIRECT] 
2025-06-20 03:57:37,876 [ERROR] LogOutputStream:75 - [STDERR_REDIRECT] [Fatal Error] :1:1: Premature end of file.
2025-06-20 03:57:37,876 [ERROR] LogOutputStream:75 - [STDERR_REDIRECT] 
2025-06-20 03:57:38,878 [ERROR] LogOutputStream:75 - [STDERR_REDIRECT] [Fatal Error] :1:1: Premature end of file.
2025-06-20 03:57:38,878 [ERROR] LogOutputStream:75 - [STDERR_REDIRECT] 
2025-06-20 03:57:39,881 [ERROR] LogOutputStream:75 - [STDERR_REDIRECT] [Fatal Error] :1:1: Premature end of file.
2025-06-20 03:57:39,881 [ERROR] LogOutputStream:75 - [STDERR_REDIRECT] 
2025-06-20 03:57:40,867 [ERROR] LogOutputStream:75 - [STDERR_REDIRECT] [Fatal Error] :1:1: Premature end of file.
2025-06-20 03:57:40,867 [ERROR] LogOutputStream:75 - [STDERR_REDIRECT] 
2025-06-20 03:57:41,873 [ERROR] LogOutputStream:75 - [STDERR_REDIRECT] [Fatal Error] :1:1: Premature end of file.
2025-06-20 03:57:41,873 [ERROR] LogOutputStream:75 - [STDERR_REDIRECT] 
2025-06-20 03:57:42,875 [ERROR] LogOutputStream:75 - [STDERR_REDIRECT] [Fatal Error] :1:1: Premature end of file.
2025-06-20 03:57:42,875 [ERROR] LogOutputStream:75 - [STDERR_REDIRECT] 
2025-06-20 03:57:43,881 [ERROR] LogOutputStream:75 - [STDERR_REDIRECT] [Fatal Error] :1:1: Premature end of file.
2025-06-20 03:57:43,881 [ERROR] LogOutputStream:75 - [STDERR_REDIRECT] 
2025-06-20 03:57:44,866 [ERROR] LogOutputStream:75 - [STDERR_REDIRECT] [Fatal Error] :1:1: Premature end of file.
2025-06-20 03:57:44,866 [ERROR] LogOutputStream:75 - [STDERR_REDIRECT] 
2025-06-20 03:57:45,867 [ERROR] LogOutputStream:75 - [STDERR_REDIRECT] [Fatal Error] :1:1: Premature end of file.
2025-06-20 03:57:45,867 [ERROR] LogOutputStream:75 - [STDERR_REDIRECT] 
2025-06-20 03:57:46,871 [ERROR] LogOutputStream:75 - [STDERR_REDIRECT] [Fatal Error] :1:1: Premature end of file.
2025-06-20 03:57:46,871 [ERROR] LogOutputStream:75 - [STDERR_REDIRECT] 
2025-06-20 03:57:47,881 [ERROR] LogOutputStream:75 - [STDERR_REDIRECT] [Fatal Error] :1:1: Premature end of file.
2025-06-20 03:57:47,881 [ERROR] LogOutputStream:75 - [STDERR_REDIRECT] 
2025-06-20 03:57:48,881 [ERROR] LogOutputStream:75 - [STDERR_REDIRECT] [Fatal Error] :1:1: Premature end of file.
2025-06-20 03:57:48,881 [ERROR] LogOutputStream:75 - [STDERR_REDIRECT] 
2025-06-20 03:57:49,890 [ERROR] LogOutputStream:75 - [STDERR_REDIRECT] [Fatal Error] :1:1: Premature end of file.
2025-06-20 03:57:49,890 [ERROR] LogOutputStream:75 - [STDERR_REDIRECT] 
2025-06-20 03:57:50,869 [ERROR] LogOutputStream:75 - [STDERR_REDIRECT] [Fatal Error] :1:1: Premature end of file.
2025-06-20 03:57:50,869 [ERROR] LogOutputStream:75 - [STDERR_REDIRECT] 
2025-06-20 03:57:51,873 [ERROR] LogOutputStream:75 - [STDERR_REDIRECT] [Fatal Error] :1:1: Premature end of file.
2025-06-20 03:57:51,873 [ERROR] LogOutputStream:75 - [STDERR_REDIRECT] 
2025-06-20 03:57:52,873 [ERROR] LogOutputStream:75 - [STDERR_REDIRECT] [Fatal Error] :1:1: Premature end of file.
2025-06-20 03:57:52,873 [ERROR] LogOutputStream:75 - [STDERR_REDIRECT] 
2025-06-20 03:57:53,880 [ERROR] LogOutputStream:75 - [STDERR_REDIRECT] [Fatal Error] :1:1: Premature end of file.
2025-06-20 03:57:53,880 [ERROR] LogOutputStream:75 - [STDERR_REDIRECT] 
2025-06-20 03:57:54,880 [ERROR] LogOutputStream:75 - [STDERR_REDIRECT] [Fatal Error] :1:1: Premature end of file.
2025-06-20 03:57:54,880 [ERROR] LogOutputStream:75 - [STDERR_REDIRECT] 
2025-06-20 03:57:55,881 [ERROR] LogOutputStream:75 - [STDERR_REDIRECT] [Fatal Error] :1:1: Premature end of file.
2025-06-20 03:57:55,881 [ERROR] LogOutputStream:75 - [STDERR_REDIRECT] 
2025-06-20 03:57:56,881 [ERROR] LogOutputStream:75 - [STDERR_REDIRECT] [Fatal Error] :1:1: Premature end of file.
2025-06-20 03:57:56,881 [ERROR] LogOutputStream:75 - [STDERR_REDIRECT] 
2025-06-20 03:57:57,879 [ERROR] LogOutputStream:75 - [STDERR_REDIRECT] [Fatal Error] :1:1: Premature end of file.
2025-06-20 03:57:57,879 [ERROR] LogOutputStream:75 - [STDERR_REDIRECT] 
2025-06-20 03:57:58,867 [ERROR] LogOutputStream:75 - [STDERR_REDIRECT] [Fatal Error] :1:1: Premature end of file.
2025-06-20 03:57:58,867 [ERROR] LogOutputStream:75 - [STDERR_REDIRECT] 
2025-06-20 03:57:59,875 [ERROR] LogOutputStream:75 - [STDERR_REDIRECT] [Fatal Error] :1:1: Premature end of file.
2025-06-20 03:57:59,875 [ERROR] LogOutputStream:75 - [STDERR_REDIRECT] 
2025-06-20 03:58:00,877 [ERROR] LogOutputStream:75 - [STDERR_REDIRECT] [Fatal Error] :1:1: Premature end of file.
2025-06-20 03:58:00,877 [ERROR] LogOutputStream:75 - [STDERR_REDIRECT] 
2025-06-20 03:58:01,885 [ERROR] LogOutputStream:75 - [STDERR_REDIRECT] [Fatal Error] :1:1: Premature end of file.
2025-06-20 03:58:01,885 [ERROR] LogOutputStream:75 - [STDERR_REDIRECT] 
2025-06-20 03:58:02,878 [ERROR] LogOutputStream:75 - [STDERR_REDIRECT] [Fatal Error] :1:1: Premature end of file.
2025-06-20 03:58:02,878 [ERROR] LogOutputStream:75 - [STDERR_REDIRECT] 
2025-06-20 03:58:03,882 [ERROR] LogOutputStream:75 - [STDERR_REDIRECT] [Fatal Error] :1:1: Premature end of file.
2025-06-20 03:58:03,882 [ERROR] LogOutputStream:75 - [STDERR_REDIRECT] 
2025-06-20 03:58:04,867 [ERROR] LogOutputStream:75 - [STDERR_REDIRECT] [Fatal Error] :1:1: Premature end of file.
2025-06-20 03:58:04,867 [ERROR] LogOutputStream:75 - [STDERR_REDIRECT] 
2025-06-20 03:58:05,877 [ERROR] LogOutputStream:75 - [STDERR_REDIRECT] [Fatal Error] :1:1: Premature end of file.
2025-06-20 03:58:05,877 [ERROR] LogOutputStream:75 - [STDERR_REDIRECT] 
2025-06-20 03:58:06,874 [ERROR] LogOutputStream:75 - [STDERR_REDIRECT] [Fatal Error] :1:1: Premature end of file.
2025-06-20 03:58:06,874 [ERROR] LogOutputStream:75 - [STDERR_REDIRECT] 
2025-06-20 03:58:07,879 [ERROR] LogOutputStream:75 - [STDERR_REDIRECT] [Fatal Error] :1:1: Premature end of file.
2025-06-20 03:58:07,879 [ERROR] LogOutputStream:75 - [STDERR_REDIRECT] 
2025-06-20 03:58:08,879 [ERROR] LogOutputStream:75 - [STDERR_REDIRECT] [Fatal Error] :1:1: Premature end of file.
2025-06-20 03:58:08,879 [ERROR] LogOutputStream:75 - [STDERR_REDIRECT] 
2025-06-20 03:58:09,885 [ERROR] LogOutputStream:75 - [STDERR_REDIRECT] [Fatal Error] :1:1: Premature end of file.
2025-06-20 03:58:09,890 [ERROR] LogOutputStream:75 - [STDERR_REDIRECT] 
2025-06-20 03:58:10,875 [ERROR] LogOutputStream:75 - [STDERR_REDIRECT] [Fatal Error] :1:1: Premature end of file.
2025-06-20 03:58:10,875 [ERROR] LogOutputStream:75 - [STDERR_REDIRECT] 
2025-06-20 03:58:11,871 [ERROR] LogOutputStream:75 - [STDERR_REDIRECT] [Fatal Error] :1:1: Premature end of file.
2025-06-20 03:58:11,871 [ERROR] LogOutputStream:75 - [STDERR_REDIRECT] 
2025-06-20 03:58:12,868 [ERROR] LogOutputStream:75 - [STDERR_REDIRECT] [Fatal Error] :1:1: Premature end of file.
2025-06-20 03:58:12,868 [ERROR] LogOutputStream:75 - [STDERR_REDIRECT] 
2025-06-20 03:58:13,875 [ERROR] LogOutputStream:75 - [STDERR_REDIRECT] [Fatal Error] :1:1: Premature end of file.
2025-06-20 03:58:13,875 [ERROR] LogOutputStream:75 - [STDERR_REDIRECT] 
2025-06-20 03:58:14,868 [ERROR] LogOutputStream:75 - [STDERR_REDIRECT] [Fatal Error] :1:1: Premature end of file.
2025-06-20 03:58:14,884 [ERROR] LogOutputStream:75 - [STDERR_REDIRECT] 
2025-06-20 03:58:15,884 [ERROR] LogOutputStream:75 - [STDERR_REDIRECT] [Fatal Error] :1:1: Premature end of file.
2025-06-20 03:58:15,884 [ERROR] LogOutputStream:75 - [STDERR_REDIRECT] 
2025-06-20 03:58:16,874 [ERROR] LogOutputStream:75 - [STDERR_REDIRECT] [Fatal Error] :1:1: Premature end of file.
2025-06-20 03:58:16,874 [ERROR] LogOutputStream:75 - [STDERR_REDIRECT] 
2025-06-20 03:58:17,882 [ERROR] LogOutputStream:75 - [STDERR_REDIRECT] [Fatal Error] :1:1: Premature end of file.
2025-06-20 03:58:17,882 [ERROR] LogOutputStream:75 - [STDERR_REDIRECT] 
2025-06-20 03:58:18,869 [ERROR] LogOutputStream:75 - [STDERR_REDIRECT] [Fatal Error] :1:1: Premature end of file.
2025-06-20 03:58:18,869 [ERROR] LogOutputStream:75 - [STDERR_REDIRECT] 
2025-06-20 03:58:19,874 [ERROR] LogOutputStream:75 - [STDERR_REDIRECT] [Fatal Error] :1:1: Premature end of file.
2025-06-20 03:58:19,874 [ERROR] LogOutputStream:75 - [STDERR_REDIRECT] 
2025-06-20 03:58:20,878 [ERROR] LogOutputStream:75 - [STDERR_REDIRECT] [Fatal Error] :1:1: Premature end of file.
2025-06-20 03:58:20,878 [ERROR] LogOutputStream:75 - [STDERR_REDIRECT] 
2025-06-20 03:58:21,891 [ERROR] LogOutputStream:75 - [STDERR_REDIRECT] [Fatal Error] :1:1: Premature end of file.
2025-06-20 03:58:21,891 [ERROR] LogOutputStream:75 - [STDERR_REDIRECT] 
2025-06-20 03:58:22,894 [ERROR] LogOutputStream:75 - [STDERR_REDIRECT] [Fatal Error] :1:1: Premature end of file.
2025-06-20 03:58:22,894 [ERROR] LogOutputStream:75 - [STDERR_REDIRECT] 
2025-06-20 03:58:23,884 [ERROR] LogOutputStream:75 - [STDERR_REDIRECT] [Fatal Error] :1:1: Premature end of file.
2025-06-20 03:58:23,884 [ERROR] LogOutputStream:75 - [STDERR_REDIRECT] 
2025-06-20 03:58:24,888 [ERROR] LogOutputStream:75 - [STDERR_REDIRECT] [Fatal Error] :1:1: Premature end of file.
2025-06-20 03:58:24,888 [ERROR] LogOutputStream:75 - [STDERR_REDIRECT] 
2025-06-20 03:58:25,879 [ERROR] LogOutputStream:75 - [STDERR_REDIRECT] [Fatal Error] :1:1: Premature end of file.
2025-06-20 03:58:25,879 [ERROR] LogOutputStream:75 - [STDERR_REDIRECT] 
2025-06-20 03:58:26,882 [ERROR] LogOutputStream:75 - [STDERR_REDIRECT] [Fatal Error] :1:1: Premature end of file.
2025-06-20 03:58:26,882 [ERROR] LogOutputStream:75 - [STDERR_REDIRECT] 
2025-06-20 03:58:27,869 [ERROR] LogOutputStream:75 - [STDERR_REDIRECT] [Fatal Error] :1:1: Premature end of file.
2025-06-20 03:58:27,869 [ERROR] LogOutputStream:75 - [STDERR_REDIRECT] 
2025-06-20 03:58:28,887 [ERROR] LogOutputStream:75 - [STDERR_REDIRECT] [Fatal Error] :1:1: Premature end of file.
2025-06-20 03:58:28,887 [ERROR] LogOutputStream:75 - [STDERR_REDIRECT] 
2025-06-20 03:58:29,891 [ERROR] LogOutputStream:75 - [STDERR_REDIRECT] [Fatal Error] :1:1: Premature end of file.
2025-06-20 03:58:29,891 [ERROR] LogOutputStream:75 - [STDERR_REDIRECT] 
2025-06-20 03:58:30,894 [ERROR] LogOutputStream:75 - [STDERR_REDIRECT] [Fatal Error] :1:1: Premature end of file.
2025-06-20 03:58:30,894 [ERROR] LogOutputStream:75 - [STDERR_REDIRECT] 
2025-06-20 03:58:31,880 [ERROR] LogOutputStream:75 - [STDERR_REDIRECT] [Fatal Error] :1:1: Premature end of file.
2025-06-20 03:58:31,880 [ERROR] LogOutputStream:75 - [STDERR_REDIRECT] 
2025-06-20 03:58:32,880 [ERROR] LogOutputStream:75 - [STDERR_REDIRECT] [Fatal Error] :1:1: Premature end of file.
2025-06-20 03:58:32,880 [ERROR] LogOutputStream:75 - [STDERR_REDIRECT] 
2025-06-20 03:58:33,885 [ERROR] LogOutputStream:75 - [STDERR_REDIRECT] [Fatal Error] :1:1: Premature end of file.
2025-06-20 03:58:33,885 [ERROR] LogOutputStream:75 - [STDERR_REDIRECT] 
2025-06-20 03:58:34,881 [ERROR] LogOutputStream:75 - [STDERR_REDIRECT] [Fatal Error] :1:1: Premature end of file.
2025-06-20 03:58:34,881 [ERROR] LogOutputStream:75 - [STDERR_REDIRECT] 
2025-06-20 03:58:35,888 [ERROR] LogOutputStream:75 - [STDERR_REDIRECT] [Fatal Error] :1:1: Premature end of file.
2025-06-20 03:58:35,888 [ERROR] LogOutputStream:75 - [STDERR_REDIRECT] 
2025-06-20 03:58:36,885 [ERROR] LogOutputStream:75 - [STDERR_REDIRECT] [Fatal Error] :1:1: Premature end of file.
2025-06-20 03:58:36,885 [ERROR] LogOutputStream:75 - [STDERR_REDIRECT] 
2025-06-20 03:58:37,887 [ERROR] LogOutputStream:75 - [STDERR_REDIRECT] [Fatal Error] :1:1: Premature end of file.
2025-06-20 03:58:37,887 [ERROR] LogOutputStream:75 - [STDERR_REDIRECT] 
2025-06-20 03:58:38,892 [ERROR] LogOutputStream:75 - [STDERR_REDIRECT] [Fatal Error] :1:1: Premature end of file.
2025-06-20 03:58:38,892 [ERROR] LogOutputStream:75 - [STDERR_REDIRECT] 
2025-06-20 03:58:39,884 [ERROR] LogOutputStream:75 - [STDERR_REDIRECT] [Fatal Error] :1:1: Premature end of file.
2025-06-20 03:58:39,884 [ERROR] LogOutputStream:75 - [STDERR_REDIRECT] 
2025-06-20 03:58:40,868 [ERROR] LogOutputStream:75 - [STDERR_REDIRECT] [Fatal Error] :1:1: Premature end of file.
2025-06-20 03:58:40,868 [ERROR] LogOutputStream:75 - [STDERR_REDIRECT] 
2025-06-20 03:58:41,872 [ERROR] LogOutputStream:75 - [STDERR_REDIRECT] [Fatal Error] :1:1: Premature end of file.
2025-06-20 03:58:41,872 [ERROR] LogOutputStream:75 - [STDERR_REDIRECT] 
2025-06-20 03:58:42,873 [ERROR] LogOutputStream:75 - [STDERR_REDIRECT] [Fatal Error] :1:1: Premature end of file.
2025-06-20 03:58:42,873 [ERROR] LogOutputStream:75 - [STDERR_REDIRECT] 
2025-06-20 03:58:43,877 [ERROR] LogOutputStream:75 - [STDERR_REDIRECT] [Fatal Error] :1:1: Premature end of file.
2025-06-20 03:58:43,877 [ERROR] LogOutputStream:75 - [STDERR_REDIRECT] 
2025-06-20 03:58:44,882 [ERROR] LogOutputStream:75 - [STDERR_REDIRECT] [Fatal Error] :1:1: Premature end of file.
2025-06-20 03:58:44,882 [ERROR] LogOutputStream:75 - [STDERR_REDIRECT] 
2025-06-20 03:58:45,880 [ERROR] LogOutputStream:75 - [STDERR_REDIRECT] [Fatal Error] :1:1: Premature end of file.
2025-06-20 03:58:45,880 [ERROR] LogOutputStream:75 - [STDERR_REDIRECT] 
2025-06-20 03:58:46,876 [ERROR] LogOutputStream:75 - [STDERR_REDIRECT] [Fatal Error] :1:1: Premature end of file.
2025-06-20 03:58:46,876 [ERROR] LogOutputStream:75 - [STDERR_REDIRECT] 
2025-06-20 03:58:47,879 [ERROR] LogOutputStream:75 - [STDERR_REDIRECT] [Fatal Error] :1:1: Premature end of file.
2025-06-20 03:58:47,879 [ERROR] LogOutputStream:75 - [STDERR_REDIRECT] 
2025-06-20 03:58:48,868 [ERROR] LogOutputStream:75 - [STDERR_REDIRECT] [Fatal Error] :1:1: Premature end of file.
2025-06-20 03:58:48,868 [ERROR] LogOutputStream:75 - [STDERR_REDIRECT] 
2025-06-20 03:58:49,872 [ERROR] LogOutputStream:75 - [STDERR_REDIRECT] [Fatal Error] :1:1: Premature end of file.
2025-06-20 03:58:49,872 [ERROR] LogOutputStream:75 - [STDERR_REDIRECT] 
2025-06-20 03:58:50,877 [ERROR] LogOutputStream:75 - [STDERR_REDIRECT] [Fatal Error] :1:1: Premature end of file.
2025-06-20 03:58:50,877 [ERROR] LogOutputStream:75 - [STDERR_REDIRECT] 
2025-06-20 03:58:51,880 [ERROR] LogOutputStream:75 - [STDERR_REDIRECT] [Fatal Error] :1:1: Premature end of file.
2025-06-20 03:58:51,880 [ERROR] LogOutputStream:75 - [STDERR_REDIRECT] 
2025-06-20 03:58:52,880 [ERROR] LogOutputStream:75 - [STDERR_REDIRECT] [Fatal Error] :1:1: Premature end of file.
2025-06-20 03:58:52,880 [ERROR] LogOutputStream:75 - [STDERR_REDIRECT] 
2025-06-20 03:58:53,877 [ERROR] LogOutputStream:75 - [STDERR_REDIRECT] [Fatal Error] :1:1: Premature end of file.
2025-06-20 03:58:53,877 [ERROR] LogOutputStream:75 - [STDERR_REDIRECT] 
2025-06-20 03:58:54,877 [ERROR] LogOutputStream:75 - [STDERR_REDIRECT] [Fatal Error] :1:1: Premature end of file.
2025-06-20 03:58:54,877 [ERROR] LogOutputStream:75 - [STDERR_REDIRECT] 
2025-06-20 03:58:55,876 [ERROR] LogOutputStream:75 - [STDERR_REDIRECT] [Fatal Error] :1:1: Premature end of file.
2025-06-20 03:58:55,876 [ERROR] LogOutputStream:75 - [STDERR_REDIRECT] 
2025-06-20 03:58:56,873 [ERROR] LogOutputStream:75 - [STDERR_REDIRECT] [Fatal Error] :1:1: Premature end of file.
2025-06-20 03:58:56,873 [ERROR] LogOutputStream:75 - [STDERR_REDIRECT] 
2025-06-20 03:58:57,875 [ERROR] LogOutputStream:75 - [STDERR_REDIRECT] [Fatal Error] :1:1: Premature end of file.
2025-06-20 03:58:57,875 [ERROR] LogOutputStream:75 - [STDERR_REDIRECT] 
2025-06-20 03:58:58,874 [ERROR] LogOutputStream:75 - [STDERR_REDIRECT] [Fatal Error] :1:1: Premature end of file.
2025-06-20 03:58:58,874 [ERROR] LogOutputStream:75 - [STDERR_REDIRECT] 
2025-06-20 03:58:59,879 [ERROR] LogOutputStream:75 - [STDERR_REDIRECT] [Fatal Error] :1:1: Premature end of file.
2025-06-20 03:58:59,879 [ERROR] LogOutputStream:75 - [STDERR_REDIRECT] 
2025-06-20 03:59:00,867 [ERROR] LogOutputStream:75 - [STDERR_REDIRECT] [Fatal Error] :1:1: Premature end of file.
2025-06-20 03:59:00,867 [ERROR] LogOutputStream:75 - [STDERR_REDIRECT] 
2025-06-20 03:59:01,867 [ERROR] LogOutputStream:75 - [STDERR_REDIRECT] [Fatal Error] :1:1: Premature end of file.
2025-06-20 03:59:01,867 [ERROR] LogOutputStream:75 - [STDERR_REDIRECT] 
2025-06-20 03:59:02,876 [ERROR] LogOutputStream:75 - [STDERR_REDIRECT] [Fatal Error] :1:1: Premature end of file.
2025-06-20 03:59:02,876 [ERROR] LogOutputStream:75 - [STDERR_REDIRECT] 
2025-06-20 03:59:03,875 [ERROR] LogOutputStream:75 - [STDERR_REDIRECT] [Fatal Error] :1:1: Premature end of file.
2025-06-20 03:59:03,875 [ERROR] LogOutputStream:75 - [STDERR_REDIRECT] 
2025-06-20 03:59:04,871 [ERROR] LogOutputStream:75 - [STDERR_REDIRECT] [Fatal Error] :1:1: Premature end of file.
2025-06-20 03:59:04,871 [ERROR] LogOutputStream:75 - [STDERR_REDIRECT] 
2025-06-20 03:59:05,885 [ERROR] LogOutputStream:75 - [STDERR_REDIRECT] [Fatal Error] :1:1: Premature end of file.
2025-06-20 03:59:05,885 [ERROR] LogOutputStream:75 - [STDERR_REDIRECT] 
2025-06-20 03:59:06,884 [ERROR] LogOutputStream:75 - [STDERR_REDIRECT] [Fatal Error] :1:1: Premature end of file.
2025-06-20 03:59:06,884 [ERROR] LogOutputStream:75 - [STDERR_REDIRECT] 
2025-06-20 03:59:07,884 [ERROR] LogOutputStream:75 - [STDERR_REDIRECT] [Fatal Error] :1:1: Premature end of file.
2025-06-20 03:59:07,884 [ERROR] LogOutputStream:75 - [STDERR_REDIRECT] 
2025-06-20 03:59:08,870 [ERROR] LogOutputStream:75 - [STDERR_REDIRECT] [Fatal Error] :1:1: Premature end of file.
2025-06-20 03:59:08,870 [ERROR] LogOutputStream:75 - [STDERR_REDIRECT] 
2025-06-20 03:59:09,880 [ERROR] LogOutputStream:75 - [STDERR_REDIRECT] [Fatal Error] :1:1: Premature end of file.
2025-06-20 03:59:09,880 [ERROR] LogOutputStream:75 - [STDERR_REDIRECT] 
2025-06-20 03:59:10,880 [ERROR] LogOutputStream:75 - [STDERR_REDIRECT] [Fatal Error] :1:1: Premature end of file.
2025-06-20 03:59:10,880 [ERROR] LogOutputStream:75 - [STDERR_REDIRECT] 
2025-06-20 03:59:11,870 [ERROR] LogOutputStream:75 - [STDERR_REDIRECT] [Fatal Error] :1:1: Premature end of file.
2025-06-20 03:59:11,870 [ERROR] LogOutputStream:75 - [STDERR_REDIRECT] 
2025-06-20 03:59:12,892 [ERROR] LogOutputStream:75 - [STDERR_REDIRECT] [Fatal Error] :1:1: Premature end of file.
2025-06-20 03:59:12,892 [ERROR] LogOutputStream:75 - [STDERR_REDIRECT] 
2025-06-20 03:59:13,879 [ERROR] LogOutputStream:75 - [STDERR_REDIRECT] [Fatal Error] :1:1: Premature end of file.
2025-06-20 03:59:13,879 [ERROR] LogOutputStream:75 - [STDERR_REDIRECT] 
2025-06-20 03:59:14,869 [ERROR] LogOutputStream:75 - [STDERR_REDIRECT] [Fatal Error] :1:1: Premature end of file.
2025-06-20 03:59:14,869 [ERROR] LogOutputStream:75 - [STDERR_REDIRECT] 
2025-06-20 03:59:15,872 [ERROR] LogOutputStream:75 - [STDERR_REDIRECT] [Fatal Error] :1:1: Premature end of file.
2025-06-20 03:59:15,872 [ERROR] LogOutputStream:75 - [STDERR_REDIRECT] 
2025-06-20 03:59:16,892 [ERROR] LogOutputStream:75 - [STDERR_REDIRECT] [Fatal Error] :1:1: Premature end of file.
2025-06-20 03:59:16,892 [ERROR] LogOutputStream:75 - [STDERR_REDIRECT] 
2025-06-20 03:59:17,879 [ERROR] LogOutputStream:75 - [STDERR_REDIRECT] [Fatal Error] :1:1: Premature end of file.
2025-06-20 03:59:17,879 [ERROR] LogOutputStream:75 - [STDERR_REDIRECT] 
2025-06-20 03:59:18,875 [ERROR] LogOutputStream:75 - [STDERR_REDIRECT] [Fatal Error] :1:1: Premature end of file.
2025-06-20 03:59:18,875 [ERROR] LogOutputStream:75 - [STDERR_REDIRECT] 
2025-06-20 03:59:19,879 [ERROR] LogOutputStream:75 - [STDERR_REDIRECT] [Fatal Error] :1:1: Premature end of file.
2025-06-20 03:59:19,879 [ERROR] LogOutputStream:75 - [STDERR_REDIRECT] 
2025-06-20 03:59:20,866 [ERROR] LogOutputStream:75 - [STDERR_REDIRECT] [Fatal Error] :1:1: Premature end of file.
2025-06-20 03:59:20,866 [ERROR] LogOutputStream:75 - [STDERR_REDIRECT] 
2025-06-20 03:59:21,880 [ERROR] LogOutputStream:75 - [STDERR_REDIRECT] [Fatal Error] :1:1: Premature end of file.
2025-06-20 03:59:21,880 [ERROR] LogOutputStream:75 - [STDERR_REDIRECT] 
2025-06-20 03:59:22,875 [ERROR] LogOutputStream:75 - [STDERR_REDIRECT] [Fatal Error] :1:1: Premature end of file.
2025-06-20 03:59:22,875 [ERROR] LogOutputStream:75 - [STDERR_REDIRECT] 
2025-06-20 03:59:23,874 [ERROR] LogOutputStream:75 - [STDERR_REDIRECT] [Fatal Error] :1:1: Premature end of file.
2025-06-20 03:59:23,874 [ERROR] LogOutputStream:75 - [STDERR_REDIRECT] 
2025-06-20 03:59:24,877 [ERROR] LogOutputStream:75 - [STDERR_REDIRECT] [Fatal Error] :1:1: Premature end of file.
2025-06-20 03:59:24,877 [ERROR] LogOutputStream:75 - [STDERR_REDIRECT] 
2025-06-20 03:59:25,882 [ERROR] LogOutputStream:75 - [STDERR_REDIRECT] [Fatal Error] :1:1: Premature end of file.
2025-06-20 03:59:25,882 [ERROR] LogOutputStream:75 - [STDERR_REDIRECT] 
2025-06-20 03:59:26,882 [ERROR] LogOutputStream:75 - [STDERR_REDIRECT] [Fatal Error] :1:1: Premature end of file.
2025-06-20 03:59:26,882 [ERROR] LogOutputStream:75 - [STDERR_REDIRECT] 
2025-06-20 03:59:27,869 [ERROR] LogOutputStream:75 - [STDERR_REDIRECT] [Fatal Error] :1:1: Premature end of file.
2025-06-20 03:59:27,869 [ERROR] LogOutputStream:75 - [STDERR_REDIRECT] 
2025-06-20 03:59:28,871 [ERROR] LogOutputStream:75 - [STDERR_REDIRECT] [Fatal Error] :1:1: Premature end of file.
2025-06-20 03:59:28,871 [ERROR] LogOutputStream:75 - [STDERR_REDIRECT] 
2025-06-20 03:59:29,878 [ERROR] LogOutputStream:75 - [STDERR_REDIRECT] [Fatal Error] :1:1: Premature end of file.
2025-06-20 03:59:29,878 [ERROR] LogOutputStream:75 - [STDERR_REDIRECT] 
2025-06-20 03:59:30,883 [ERROR] LogOutputStream:75 - [STDERR_REDIRECT] [Fatal Error] :1:1: Premature end of file.
2025-06-20 03:59:30,883 [ERROR] LogOutputStream:75 - [STDERR_REDIRECT] 
2025-06-20 03:59:31,872 [ERROR] LogOutputStream:75 - [STDERR_REDIRECT] [Fatal Error] :1:1: Premature end of file.
2025-06-20 03:59:31,872 [ERROR] LogOutputStream:75 - [STDERR_REDIRECT] 
2025-06-20 03:59:32,871 [ERROR] LogOutputStream:75 - [STDERR_REDIRECT] [Fatal Error] :1:1: Premature end of file.
2025-06-20 03:59:32,871 [ERROR] LogOutputStream:75 - [STDERR_REDIRECT] 
2025-06-20 03:59:33,883 [ERROR] LogOutputStream:75 - [STDERR_REDIRECT] [Fatal Error] :1:1: Premature end of file.
2025-06-20 03:59:33,883 [ERROR] LogOutputStream:75 - [STDERR_REDIRECT] 
2025-06-20 03:59:34,875 [ERROR] LogOutputStream:75 - [STDERR_REDIRECT] [Fatal Error] :1:1: Premature end of file.
2025-06-20 03:59:34,875 [ERROR] LogOutputStream:75 - [STDERR_REDIRECT] 
2025-06-20 03:59:35,877 [ERROR] LogOutputStream:75 - [STDERR_REDIRECT] [Fatal Error] :1:1: Premature end of file.
2025-06-20 03:59:35,877 [ERROR] LogOutputStream:75 - [STDERR_REDIRECT] 
2025-06-20 03:59:36,877 [ERROR] LogOutputStream:75 - [STDERR_REDIRECT] [Fatal Error] :1:1: Premature end of file.
2025-06-20 03:59:36,877 [ERROR] LogOutputStream:75 - [STDERR_REDIRECT] 
2025-06-20 03:59:37,879 [ERROR] LogOutputStream:75 - [STDERR_REDIRECT] [Fatal Error] :1:1: Premature end of file.
2025-06-20 03:59:37,879 [ERROR] LogOutputStream:75 - [STDERR_REDIRECT] 
2025-06-20 03:59:38,871 [ERROR] LogOutputStream:75 - [STDERR_REDIRECT] [Fatal Error] :1:1: Premature end of file.
2025-06-20 03:59:38,871 [ERROR] LogOutputStream:75 - [STDERR_REDIRECT] 
2025-06-20 03:59:39,870 [ERROR] LogOutputStream:75 - [STDERR_REDIRECT] [Fatal Error] :1:1: Premature end of file.
2025-06-20 03:59:39,870 [ERROR] LogOutputStream:75 - [STDERR_REDIRECT] 
2025-06-20 03:59:40,867 [ERROR] LogOutputStream:75 - [STDERR_REDIRECT] [Fatal Error] :1:1: Premature end of file.
2025-06-20 03:59:40,867 [ERROR] LogOutputStream:75 - [STDERR_REDIRECT] 
2025-06-20 03:59:41,867 [ERROR] LogOutputStream:75 - [STDERR_REDIRECT] [Fatal Error] :1:1: Premature end of file.
2025-06-20 03:59:41,867 [ERROR] LogOutputStream:75 - [STDERR_REDIRECT] 
2025-06-20 03:59:42,869 [ERROR] LogOutputStream:75 - [STDERR_REDIRECT] [Fatal Error] :1:1: Premature end of file.
2025-06-20 03:59:42,869 [ERROR] LogOutputStream:75 - [STDERR_REDIRECT] 
2025-06-20 03:59:43,879 [ERROR] LogOutputStream:75 - [STDERR_REDIRECT] [Fatal Error] :1:1: Premature end of file.
2025-06-20 03:59:43,879 [ERROR] LogOutputStream:75 - [STDERR_REDIRECT] 
2025-06-20 03:59:44,882 [ERROR] LogOutputStream:75 - [STDERR_REDIRECT] [Fatal Error] :1:1: Premature end of file.
2025-06-20 03:59:44,882 [ERROR] LogOutputStream:75 - [STDERR_REDIRECT] 
2025-06-20 03:59:45,873 [ERROR] LogOutputStream:75 - [STDERR_REDIRECT] [Fatal Error] :1:1: Premature end of file.
2025-06-20 03:59:45,873 [ERROR] LogOutputStream:75 - [STDERR_REDIRECT] 
2025-06-20 03:59:46,871 [ERROR] LogOutputStream:75 - [STDERR_REDIRECT] [Fatal Error] :1:1: Premature end of file.
2025-06-20 03:59:46,871 [ERROR] LogOutputStream:75 - [STDERR_REDIRECT] 
2025-06-20 03:59:47,876 [ERROR] LogOutputStream:75 - [STDERR_REDIRECT] [Fatal Error] :1:1: Premature end of file.
2025-06-20 03:59:47,876 [ERROR] LogOutputStream:75 - [STDERR_REDIRECT] 
2025-06-20 03:59:48,877 [ERROR] LogOutputStream:75 - [STDERR_REDIRECT] [Fatal Error] :1:1: Premature end of file.
2025-06-20 03:59:48,877 [ERROR] LogOutputStream:75 - [STDERR_REDIRECT] 
2025-06-20 03:59:49,878 [ERROR] LogOutputStream:75 - [STDERR_REDIRECT] [Fatal Error] :1:1: Premature end of file.
2025-06-20 03:59:49,878 [ERROR] LogOutputStream:75 - [STDERR_REDIRECT] 
2025-06-20 03:59:50,866 [ERROR] LogOutputStream:75 - [STDERR_REDIRECT] [Fatal Error] :1:1: Premature end of file.
2025-06-20 03:59:50,866 [ERROR] LogOutputStream:75 - [STDERR_REDIRECT] 
2025-06-20 03:59:51,872 [ERROR] LogOutputStream:75 - [STDERR_REDIRECT] [Fatal Error] :1:1: Premature end of file.
2025-06-20 03:59:51,872 [ERROR] LogOutputStream:75 - [STDERR_REDIRECT] 
2025-06-20 03:59:52,869 [ERROR] LogOutputStream:75 - [STDERR_REDIRECT] [Fatal Error] :1:1: Premature end of file.
2025-06-20 03:59:52,869 [ERROR] LogOutputStream:75 - [STDERR_REDIRECT] 
2025-06-20 03:59:53,872 [ERROR] LogOutputStream:75 - [STDERR_REDIRECT] [Fatal Error] :1:1: Premature end of file.
2025-06-20 03:59:53,872 [ERROR] LogOutputStream:75 - [STDERR_REDIRECT] 
2025-06-20 03:59:54,879 [ERROR] LogOutputStream:75 - [STDERR_REDIRECT] [Fatal Error] :1:1: Premature end of file.
2025-06-20 03:59:54,879 [ERROR] LogOutputStream:75 - [STDERR_REDIRECT] 
2025-06-20 03:59:55,878 [ERROR] LogOutputStream:75 - [STDERR_REDIRECT] [Fatal Error] :1:1: Premature end of file.
2025-06-20 03:59:55,878 [ERROR] LogOutputStream:75 - [STDERR_REDIRECT] 
2025-06-20 03:59:56,867 [ERROR] LogOutputStream:75 - [STDERR_REDIRECT] [Fatal Error] :1:1: Premature end of file.
2025-06-20 03:59:56,867 [ERROR] LogOutputStream:75 - [STDERR_REDIRECT] 
2025-06-20 03:59:57,868 [ERROR] LogOutputStream:75 - [STDERR_REDIRECT] [Fatal Error] :1:1: Premature end of file.
2025-06-20 03:59:57,868 [ERROR] LogOutputStream:75 - [STDERR_REDIRECT] 
2025-06-20 03:59:58,884 [ERROR] LogOutputStream:75 - [STDERR_REDIRECT] [Fatal Error] :1:1: Premature end of file.
2025-06-20 03:59:58,884 [ERROR] LogOutputStream:75 - [STDERR_REDIRECT] 
2025-06-20 03:59:59,876 [ERROR] LogOutputStream:75 - [STDERR_REDIRECT] [Fatal Error] :1:1: Premature end of file.
2025-06-20 03:59:59,876 [ERROR] LogOutputStream:75 - [STDERR_REDIRECT] 
2025-06-20 04:00:00,873 [ERROR] LogOutputStream:75 - [STDERR_REDIRECT] [Fatal Error] :1:1: Premature end of file.
2025-06-20 04:00:00,873 [ERROR] LogOutputStream:75 - [STDERR_REDIRECT] 
2025-06-20 04:00:01,897 [ERROR] LogOutputStream:75 - [STDERR_REDIRECT] [Fatal Error] :1:1: Premature end of file.
2025-06-20 04:00:01,897 [ERROR] LogOutputStream:75 - [STDERR_REDIRECT] 
2025-06-20 04:00:02,881 [ERROR] LogOutputStream:75 - [STDERR_REDIRECT] [Fatal Error] :1:1: Premature end of file.
2025-06-20 04:00:02,881 [ERROR] LogOutputStream:75 - [STDERR_REDIRECT] 
2025-06-20 04:00:03,868 [ERROR] LogOutputStream:75 - [STDERR_REDIRECT] [Fatal Error] :1:1: Premature end of file.
2025-06-20 04:00:03,868 [ERROR] LogOutputStream:75 - [STDERR_REDIRECT] 
2025-06-20 04:00:04,869 [ERROR] LogOutputStream:75 - [STDERR_REDIRECT] [Fatal Error] :1:1: Premature end of file.
2025-06-20 04:00:04,869 [ERROR] LogOutputStream:75 - [STDERR_REDIRECT] 
2025-06-20 04:00:05,885 [ERROR] LogOutputStream:75 - [STDERR_REDIRECT] [Fatal Error] :1:1: Premature end of file.
2025-06-20 04:00:05,885 [ERROR] LogOutputStream:75 - [STDERR_REDIRECT] 
2025-06-20 04:00:06,877 [ERROR] LogOutputStream:75 - [STDERR_REDIRECT] [Fatal Error] :1:1: Premature end of file.
2025-06-20 04:00:06,877 [ERROR] LogOutputStream:75 - [STDERR_REDIRECT] 
2025-06-20 04:00:07,876 [ERROR] LogOutputStream:75 - [STDERR_REDIRECT] [Fatal Error] :1:1: Premature end of file.
2025-06-20 04:00:07,876 [ERROR] LogOutputStream:75 - [STDERR_REDIRECT] 
2025-06-20 04:00:08,888 [ERROR] LogOutputStream:75 - [STDERR_REDIRECT] [Fatal Error] :1:1: Premature end of file.
2025-06-20 04:00:08,888 [ERROR] LogOutputStream:75 - [STDERR_REDIRECT] 
2025-06-20 04:00:09,885 [ERROR] LogOutputStream:75 - [STDERR_REDIRECT] [Fatal Error] :1:1: Premature end of file.
2025-06-20 04:00:09,885 [ERROR] LogOutputStream:75 - [STDERR_REDIRECT] 
2025-06-20 04:00:10,877 [ERROR] LogOutputStream:75 - [STDERR_REDIRECT] [Fatal Error] :1:1: Premature end of file.
2025-06-20 04:00:10,877 [ERROR] LogOutputStream:75 - [STDERR_REDIRECT] 
2025-06-20 04:00:11,886 [ERROR] LogOutputStream:75 - [STDERR_REDIRECT] [Fatal Error] :1:1: Premature end of file.
2025-06-20 04:00:11,886 [ERROR] LogOutputStream:75 - [STDERR_REDIRECT] 
2025-06-20 04:00:12,886 [ERROR] LogOutputStream:75 - [STDERR_REDIRECT] [Fatal Error] :1:1: Premature end of file.
2025-06-20 04:00:12,886 [ERROR] LogOutputStream:75 - [STDERR_REDIRECT] 
2025-06-20 04:00:13,874 [ERROR] LogOutputStream:75 - [STDERR_REDIRECT] [Fatal Error] :1:1: Premature end of file.
2025-06-20 04:00:13,874 [ERROR] LogOutputStream:75 - [STDERR_REDIRECT] 
2025-06-20 04:00:14,878 [ERROR] LogOutputStream:75 - [STDERR_REDIRECT] [Fatal Error] :1:1: Premature end of file.
2025-06-20 04:00:14,878 [ERROR] LogOutputStream:75 - [STDERR_REDIRECT] 
2025-06-20 04:00:15,888 [ERROR] LogOutputStream:75 - [STDERR_REDIRECT] [Fatal Error] :1:1: Premature end of file.
2025-06-20 04:00:15,888 [ERROR] LogOutputStream:75 - [STDERR_REDIRECT] 
2025-06-20 04:00:16,885 [ERROR] LogOutputStream:75 - [STDERR_REDIRECT] [Fatal Error] :1:1: Premature end of file.
2025-06-20 04:00:16,885 [ERROR] LogOutputStream:75 - [STDERR_REDIRECT] 
2025-06-20 04:00:17,880 [ERROR] LogOutputStream:75 - [STDERR_REDIRECT] [Fatal Error] :1:1: Premature end of file.
2025-06-20 04:00:17,880 [ERROR] LogOutputStream:75 - [STDERR_REDIRECT] 
2025-06-20 04:00:18,869 [ERROR] LogOutputStream:75 - [STDERR_REDIRECT] [Fatal Error] :1:1: Premature end of file.
2025-06-20 04:00:18,869 [ERROR] LogOutputStream:75 - [STDERR_REDIRECT] 
2025-06-20 04:00:19,867 [ERROR] LogOutputStream:75 - [STDERR_REDIRECT] [Fatal Error] :1:1: Premature end of file.
2025-06-20 04:00:19,867 [ERROR] LogOutputStream:75 - [STDERR_REDIRECT] 
2025-06-20 04:00:20,882 [ERROR] LogOutputStream:75 - [STDERR_REDIRECT] [Fatal Error] :1:1: Premature end of file.
2025-06-20 04:00:20,882 [ERROR] LogOutputStream:75 - [STDERR_REDIRECT] 
2025-06-20 04:00:21,872 [ERROR] LogOutputStream:75 - [STDERR_REDIRECT] [Fatal Error] :1:1: Premature end of file.
2025-06-20 04:00:21,872 [ERROR] LogOutputStream:75 - [STDERR_REDIRECT] 
2025-06-20 04:00:22,870 [ERROR] LogOutputStream:75 - [STDERR_REDIRECT] [Fatal Error] :1:1: Premature end of file.
2025-06-20 04:00:22,870 [ERROR] LogOutputStream:75 - [STDERR_REDIRECT] 
2025-06-20 04:00:23,871 [ERROR] LogOutputStream:75 - [STDERR_REDIRECT] [Fatal Error] :1:1: Premature end of file.
2025-06-20 04:00:23,871 [ERROR] LogOutputStream:75 - [STDERR_REDIRECT] 
2025-06-20 04:00:24,878 [ERROR] LogOutputStream:75 - [STDERR_REDIRECT] [Fatal Error] :1:1: Premature end of file.
2025-06-20 04:00:24,878 [ERROR] LogOutputStream:75 - [STDERR_REDIRECT] 
2025-06-20 04:00:25,878 [ERROR] LogOutputStream:75 - [STDERR_REDIRECT] [Fatal Error] :1:1: Premature end of file.
2025-06-20 04:00:25,878 [ERROR] LogOutputStream:75 - [STDERR_REDIRECT] 
2025-06-20 04:00:26,884 [ERROR] LogOutputStream:75 - [STDERR_REDIRECT] [Fatal Error] :1:1: Premature end of file.
2025-06-20 04:00:26,884 [ERROR] LogOutputStream:75 - [STDERR_REDIRECT] 
2025-06-20 04:00:27,891 [ERROR] LogOutputStream:75 - [STDERR_REDIRECT] [Fatal Error] :1:1: Premature end of file.
2025-06-20 04:00:27,891 [ERROR] LogOutputStream:75 - [STDERR_REDIRECT] 
2025-06-20 04:00:28,881 [ERROR] LogOutputStream:75 - [STDERR_REDIRECT] [Fatal Error] :1:1: Premature end of file.
2025-06-20 04:00:28,881 [ERROR] LogOutputStream:75 - [STDERR_REDIRECT] 
2025-06-20 04:00:29,873 [ERROR] LogOutputStream:75 - [STDERR_REDIRECT] [Fatal Error] :1:1: Premature end of file.
2025-06-20 04:00:29,873 [ERROR] LogOutputStream:75 - [STDERR_REDIRECT] 
2025-06-20 04:00:30,874 [ERROR] LogOutputStream:75 - [STDERR_REDIRECT] [Fatal Error] :1:1: Premature end of file.
2025-06-20 04:00:30,874 [ERROR] LogOutputStream:75 - [STDERR_REDIRECT] 
2025-06-20 04:00:31,877 [ERROR] LogOutputStream:75 - [STDERR_REDIRECT] [Fatal Error] :1:1: Premature end of file.
2025-06-20 04:00:31,877 [ERROR] LogOutputStream:75 - [STDERR_REDIRECT] 
2025-06-20 04:00:32,876 [ERROR] LogOutputStream:75 - [STDERR_REDIRECT] [Fatal Error] :1:1: Premature end of file.
2025-06-20 04:00:32,876 [ERROR] LogOutputStream:75 - [STDERR_REDIRECT] 
2025-06-20 04:00:33,879 [ERROR] LogOutputStream:75 - [STDERR_REDIRECT] [Fatal Error] :1:1: Premature end of file.
2025-06-20 04:00:33,879 [ERROR] LogOutputStream:75 - [STDERR_REDIRECT] 
2025-06-20 04:00:34,881 [ERROR] LogOutputStream:75 - [STDERR_REDIRECT] [Fatal Error] :1:1: Premature end of file.
2025-06-20 04:00:34,881 [ERROR] LogOutputStream:75 - [STDERR_REDIRECT] 
2025-06-20 04:00:35,879 [ERROR] LogOutputStream:75 - [STDERR_REDIRECT] [Fatal Error] :1:1: Premature end of file.
2025-06-20 04:00:35,879 [ERROR] LogOutputStream:75 - [STDERR_REDIRECT] 
2025-06-20 04:00:36,884 [ERROR] LogOutputStream:75 - [STDERR_REDIRECT] [Fatal Error] :1:1: Premature end of file.
2025-06-20 04:00:36,884 [ERROR] LogOutputStream:75 - [STDERR_REDIRECT] 
2025-06-20 04:00:37,879 [ERROR] LogOutputStream:75 - [STDERR_REDIRECT] [Fatal Error] :1:1: Premature end of file.
2025-06-20 04:00:37,879 [ERROR] LogOutputStream:75 - [STDERR_REDIRECT] 
2025-06-20 04:00:38,870 [ERROR] LogOutputStream:75 - [STDERR_REDIRECT] [Fatal Error] :1:1: Premature end of file.
2025-06-20 04:00:38,870 [ERROR] LogOutputStream:75 - [STDERR_REDIRECT] 
2025-06-20 04:00:39,870 [ERROR] LogOutputStream:75 - [STDERR_REDIRECT] [Fatal Error] :1:1: Premature end of file.
2025-06-20 04:00:39,870 [ERROR] LogOutputStream:75 - [STDERR_REDIRECT] 
2025-06-20 04:00:40,873 [ERROR] LogOutputStream:75 - [STDERR_REDIRECT] [Fatal Error] :1:1: Premature end of file.
2025-06-20 04:00:40,873 [ERROR] LogOutputStream:75 - [STDERR_REDIRECT] 
2025-06-20 04:00:41,876 [ERROR] LogOutputStream:75 - [STDERR_REDIRECT] [Fatal Error] :1:1: Premature end of file.
2025-06-20 04:00:41,876 [ERROR] LogOutputStream:75 - [STDERR_REDIRECT] 
2025-06-20 04:00:42,880 [ERROR] LogOutputStream:75 - [STDERR_REDIRECT] [Fatal Error] :1:1: Premature end of file.
2025-06-20 04:00:42,880 [ERROR] LogOutputStream:75 - [STDERR_REDIRECT] 
2025-06-20 04:00:43,881 [ERROR] LogOutputStream:75 - [STDERR_REDIRECT] [Fatal Error] :1:1: Premature end of file.
2025-06-20 04:00:43,881 [ERROR] LogOutputStream:75 - [STDERR_REDIRECT] 
2025-06-20 04:00:44,866 [ERROR] LogOutputStream:75 - [STDERR_REDIRECT] [Fatal Error] :1:1: Premature end of file.
2025-06-20 04:00:44,866 [ERROR] LogOutputStream:75 - [STDERR_REDIRECT] 
2025-06-20 04:00:45,881 [ERROR] LogOutputStream:75 - [STDERR_REDIRECT] [Fatal Error] :1:1: Premature end of file.
2025-06-20 04:00:45,881 [ERROR] LogOutputStream:75 - [STDERR_REDIRECT] 
2025-06-20 04:00:46,866 [ERROR] LogOutputStream:75 - [STDERR_REDIRECT] [Fatal Error] :1:1: Premature end of file.
2025-06-20 04:00:46,866 [ERROR] LogOutputStream:75 - [STDERR_REDIRECT] 
2025-06-20 04:00:47,868 [ERROR] LogOutputStream:75 - [STDERR_REDIRECT] [Fatal Error] :1:1: Premature end of file.
2025-06-20 04:00:47,868 [ERROR] LogOutputStream:75 - [STDERR_REDIRECT] 
2025-06-20 04:00:48,872 [ERROR] LogOutputStream:75 - [STDERR_REDIRECT] [Fatal Error] :1:1: Premature end of file.
2025-06-20 04:00:48,872 [ERROR] LogOutputStream:75 - [STDERR_REDIRECT] 
2025-06-20 04:00:49,875 [ERROR] LogOutputStream:75 - [STDERR_REDIRECT] [Fatal Error] :1:1: Premature end of file.
2025-06-20 04:00:49,875 [ERROR] LogOutputStream:75 - [STDERR_REDIRECT] 
2025-06-20 04:00:50,877 [ERROR] LogOutputStream:75 - [STDERR_REDIRECT] [Fatal Error] :1:1: Premature end of file.
2025-06-20 04:00:50,877 [ERROR] LogOutputStream:75 - [STDERR_REDIRECT] 
2025-06-20 04:00:51,878 [ERROR] LogOutputStream:75 - [STDERR_REDIRECT] [Fatal Error] :1:1: Premature end of file.
2025-06-20 04:00:51,878 [ERROR] LogOutputStream:75 - [STDERR_REDIRECT] 
2025-06-20 04:00:52,881 [ERROR] LogOutputStream:75 - [STDERR_REDIRECT] [Fatal Error] :1:1: Premature end of file.
2025-06-20 04:00:52,881 [ERROR] LogOutputStream:75 - [STDERR_REDIRECT] 
2025-06-20 04:00:53,887 [ERROR] LogOutputStream:75 - [STDERR_REDIRECT] [Fatal Error] :1:1: Premature end of file.
2025-06-20 04:00:53,887 [ERROR] LogOutputStream:75 - [STDERR_REDIRECT] 
2025-06-20 04:00:54,868 [ERROR] LogOutputStream:75 - [STDERR_REDIRECT] [Fatal Error] :1:1: Premature end of file.
2025-06-20 04:00:54,868 [ERROR] LogOutputStream:75 - [STDERR_REDIRECT] 
2025-06-20 04:00:55,869 [ERROR] LogOutputStream:75 - [STDERR_REDIRECT] [Fatal Error] :1:1: Premature end of file.
2025-06-20 04:00:55,869 [ERROR] LogOutputStream:75 - [STDERR_REDIRECT] 
2025-06-20 04:00:56,873 [ERROR] LogOutputStream:75 - [STDERR_REDIRECT] [Fatal Error] :1:1: Premature end of file.
2025-06-20 04:00:56,873 [ERROR] LogOutputStream:75 - [STDERR_REDIRECT] 
2025-06-20 04:00:57,877 [ERROR] LogOutputStream:75 - [STDERR_REDIRECT] [Fatal Error] :1:1: Premature end of file.
2025-06-20 04:00:57,877 [ERROR] LogOutputStream:75 - [STDERR_REDIRECT] 
2025-06-20 04:00:58,877 [ERROR] LogOutputStream:75 - [STDERR_REDIRECT] [Fatal Error] :1:1: Premature end of file.
2025-06-20 04:00:58,877 [ERROR] LogOutputStream:75 - [STDERR_REDIRECT] 
2025-06-20 04:00:59,886 [ERROR] LogOutputStream:75 - [STDERR_REDIRECT] [Fatal Error] :1:1: Premature end of file.
2025-06-20 04:00:59,886 [ERROR] LogOutputStream:75 - [STDERR_REDIRECT] 
2025-06-20 04:01:00,868 [ERROR] LogOutputStream:75 - [STDERR_REDIRECT] [Fatal Error] :1:1: Premature end of file.
2025-06-20 04:01:00,868 [ERROR] LogOutputStream:75 - [STDERR_REDIRECT] 
2025-06-20 04:01:01,877 [ERROR] LogOutputStream:75 - [STDERR_REDIRECT] [Fatal Error] :1:1: Premature end of file.
2025-06-20 04:01:01,877 [ERROR] LogOutputStream:75 - [STDERR_REDIRECT] 
2025-06-20 04:01:02,875 [ERROR] LogOutputStream:75 - [STDERR_REDIRECT] [Fatal Error] :1:1: Premature end of file.
2025-06-20 04:01:02,875 [ERROR] LogOutputStream:75 - [STDERR_REDIRECT] 
2025-06-20 04:01:03,877 [ERROR] LogOutputStream:75 - [STDERR_REDIRECT] [Fatal Error] :1:1: Premature end of file.
2025-06-20 04:01:03,877 [ERROR] LogOutputStream:75 - [STDERR_REDIRECT] 
2025-06-20 04:01:04,874 [ERROR] LogOutputStream:75 - [STDERR_REDIRECT] [Fatal Error] :1:1: Premature end of file.
2025-06-20 04:01:04,874 [ERROR] LogOutputStream:75 - [STDERR_REDIRECT] 
2025-06-20 04:01:05,890 [ERROR] LogOutputStream:75 - [STDERR_REDIRECT] [Fatal Error] :1:1: Premature end of file.
2025-06-20 04:01:05,890 [ERROR] LogOutputStream:75 - [STDERR_REDIRECT] 
2025-06-20 04:01:06,890 [ERROR] LogOutputStream:75 - [STDERR_REDIRECT] [Fatal Error] :1:1: Premature end of file.
2025-06-20 04:01:06,890 [ERROR] LogOutputStream:75 - [STDERR_REDIRECT] 
2025-06-20 04:01:07,875 [ERROR] LogOutputStream:75 - [STDERR_REDIRECT] [Fatal Error] :1:1: Premature end of file.
2025-06-20 04:01:07,875 [ERROR] LogOutputStream:75 - [STDERR_REDIRECT] 
2025-06-20 04:01:08,875 [ERROR] LogOutputStream:75 - [STDERR_REDIRECT] [Fatal Error] :1:1: Premature end of file.
2025-06-20 04:01:08,875 [ERROR] LogOutputStream:75 - [STDERR_REDIRECT] 
2025-06-20 04:01:09,889 [ERROR] LogOutputStream:75 - [STDERR_REDIRECT] [Fatal Error] :1:1: Premature end of file.
2025-06-20 04:01:09,889 [ERROR] LogOutputStream:75 - [STDERR_REDIRECT] 
2025-06-20 04:01:10,879 [ERROR] LogOutputStream:75 - [STDERR_REDIRECT] [Fatal Error] :1:1: Premature end of file.
2025-06-20 04:01:10,879 [ERROR] LogOutputStream:75 - [STDERR_REDIRECT] 
2025-06-20 04:01:11,875 [ERROR] LogOutputStream:75 - [STDERR_REDIRECT] [Fatal Error] :1:1: Premature end of file.
2025-06-20 04:01:11,875 [ERROR] LogOutputStream:75 - [STDERR_REDIRECT] 
2025-06-20 04:01:12,873 [ERROR] LogOutputStream:75 - [STDERR_REDIRECT] [Fatal Error] :1:1: Premature end of file.
2025-06-20 04:01:12,873 [ERROR] LogOutputStream:75 - [STDERR_REDIRECT] 
2025-06-20 04:01:13,875 [ERROR] LogOutputStream:75 - [STDERR_REDIRECT] [Fatal Error] :1:1: Premature end of file.
2025-06-20 04:01:13,875 [ERROR] LogOutputStream:75 - [STDERR_REDIRECT] 
2025-06-20 04:01:14,878 [ERROR] LogOutputStream:75 - [STDERR_REDIRECT] [Fatal Error] :1:1: Premature end of file.
2025-06-20 04:01:14,878 [ERROR] LogOutputStream:75 - [STDERR_REDIRECT] 
2025-06-20 04:01:15,880 [ERROR] LogOutputStream:75 - [STDERR_REDIRECT] [Fatal Error] :1:1: Premature end of file.
2025-06-20 04:01:15,880 [ERROR] LogOutputStream:75 - [STDERR_REDIRECT] 
2025-06-20 04:01:16,869 [ERROR] LogOutputStream:75 - [STDERR_REDIRECT] [Fatal Error] :1:1: Premature end of file.
2025-06-20 04:01:16,869 [ERROR] LogOutputStream:75 - [STDERR_REDIRECT] 
2025-06-20 04:01:17,878 [ERROR] LogOutputStream:75 - [STDERR_REDIRECT] [Fatal Error] :1:1: Premature end of file.
2025-06-20 04:01:17,878 [ERROR] LogOutputStream:75 - [STDERR_REDIRECT] 
2025-06-20 04:01:18,875 [ERROR] LogOutputStream:75 - [STDERR_REDIRECT] [Fatal Error] :1:1: Premature end of file.
2025-06-20 04:01:18,875 [ERROR] LogOutputStream:75 - [STDERR_REDIRECT] 
2025-06-20 04:01:19,889 [ERROR] LogOutputStream:75 - [STDERR_REDIRECT] [Fatal Error] :1:1: Premature end of file.
2025-06-20 04:01:19,889 [ERROR] LogOutputStream:75 - [STDERR_REDIRECT] 
2025-06-20 04:01:20,888 [ERROR] LogOutputStream:75 - [STDERR_REDIRECT] [Fatal Error] :1:1: Premature end of file.
2025-06-20 04:01:20,888 [ERROR] LogOutputStream:75 - [STDERR_REDIRECT] 
2025-06-20 04:01:21,887 [ERROR] LogOutputStream:75 - [STDERR_REDIRECT] [Fatal Error] :1:1: Premature end of file.
2025-06-20 04:01:21,887 [ERROR] LogOutputStream:75 - [STDERR_REDIRECT] 
2025-06-20 04:01:22,891 [ERROR] LogOutputStream:75 - [STDERR_REDIRECT] [Fatal Error] :1:1: Premature end of file.
2025-06-20 04:01:22,891 [ERROR] LogOutputStream:75 - [STDERR_REDIRECT] 
2025-06-20 04:01:23,882 [ERROR] LogOutputStream:75 - [STDERR_REDIRECT] [Fatal Error] :1:1: Premature end of file.
2025-06-20 04:01:23,882 [ERROR] LogOutputStream:75 - [STDERR_REDIRECT] 
2025-06-20 04:01:24,866 [ERROR] LogOutputStream:75 - [STDERR_REDIRECT] [Fatal Error] :1:1: Premature end of file.
2025-06-20 04:01:24,866 [ERROR] LogOutputStream:75 - [STDERR_REDIRECT] 
2025-06-20 04:01:25,881 [ERROR] LogOutputStream:75 - [STDERR_REDIRECT] [Fatal Error] :1:1: Premature end of file.
2025-06-20 04:01:25,881 [ERROR] LogOutputStream:75 - [STDERR_REDIRECT] 
2025-06-20 04:01:26,867 [ERROR] LogOutputStream:75 - [STDERR_REDIRECT] [Fatal Error] :1:1: Premature end of file.
2025-06-20 04:01:26,867 [ERROR] LogOutputStream:75 - [STDERR_REDIRECT] 
2025-06-20 04:01:27,872 [ERROR] LogOutputStream:75 - [STDERR_REDIRECT] [Fatal Error] :1:1: Premature end of file.
2025-06-20 04:01:27,872 [ERROR] LogOutputStream:75 - [STDERR_REDIRECT] 
2025-06-20 04:01:28,872 [ERROR] LogOutputStream:75 - [STDERR_REDIRECT] [Fatal Error] :1:1: Premature end of file.
2025-06-20 04:01:28,872 [ERROR] LogOutputStream:75 - [STDERR_REDIRECT] 
2025-06-20 04:01:29,879 [ERROR] LogOutputStream:75 - [STDERR_REDIRECT] [Fatal Error] :1:1: Premature end of file.
2025-06-20 04:01:29,879 [ERROR] LogOutputStream:75 - [STDERR_REDIRECT] 
2025-06-20 04:01:30,884 [ERROR] LogOutputStream:75 - [STDERR_REDIRECT] [Fatal Error] :1:1: Premature end of file.
2025-06-20 04:01:30,884 [ERROR] LogOutputStream:75 - [STDERR_REDIRECT] 
2025-06-20 04:01:31,886 [ERROR] LogOutputStream:75 - [STDERR_REDIRECT] [Fatal Error] :1:1: Premature end of file.
2025-06-20 04:01:31,886 [ERROR] LogOutputStream:75 - [STDERR_REDIRECT] 
2025-06-20 04:01:32,870 [ERROR] LogOutputStream:75 - [STDERR_REDIRECT] [Fatal Error] :1:1: Premature end of file.
2025-06-20 04:01:32,870 [ERROR] LogOutputStream:75 - [STDERR_REDIRECT] 
2025-06-20 04:01:33,874 [ERROR] LogOutputStream:75 - [STDERR_REDIRECT] [Fatal Error] :1:1: Premature end of file.
2025-06-20 04:01:33,874 [ERROR] LogOutputStream:75 - [STDERR_REDIRECT] 
2025-06-20 04:01:34,877 [ERROR] LogOutputStream:75 - [STDERR_REDIRECT] [Fatal Error] :1:1: Premature end of file.
2025-06-20 04:01:34,877 [ERROR] LogOutputStream:75 - [STDERR_REDIRECT] 
2025-06-20 04:01:35,893 [ERROR] LogOutputStream:75 - [STDERR_REDIRECT] [Fatal Error] :1:1: Premature end of file.
2025-06-20 04:01:35,893 [ERROR] LogOutputStream:75 - [STDERR_REDIRECT] 
2025-06-20 04:01:36,881 [ERROR] LogOutputStream:75 - [STDERR_REDIRECT] [Fatal Error] :1:1: Premature end of file.
2025-06-20 04:01:36,881 [ERROR] LogOutputStream:75 - [STDERR_REDIRECT] 
2025-06-20 04:01:37,871 [ERROR] LogOutputStream:75 - [STDERR_REDIRECT] [Fatal Error] :1:1: Premature end of file.
2025-06-20 04:01:37,871 [ERROR] LogOutputStream:75 - [STDERR_REDIRECT] 
2025-06-20 04:01:38,873 [ERROR] LogOutputStream:75 - [STDERR_REDIRECT] [Fatal Error] :1:1: Premature end of file.
2025-06-20 04:01:38,873 [ERROR] LogOutputStream:75 - [STDERR_REDIRECT] 
2025-06-20 04:01:39,876 [ERROR] LogOutputStream:75 - [STDERR_REDIRECT] [Fatal Error] :1:1: Premature end of file.
2025-06-20 04:01:39,876 [ERROR] LogOutputStream:75 - [STDERR_REDIRECT] 
2025-06-20 04:01:40,874 [ERROR] LogOutputStream:75 - [STDERR_REDIRECT] [Fatal Error] :1:1: Premature end of file.
2025-06-20 04:01:40,874 [ERROR] LogOutputStream:75 - [STDERR_REDIRECT] 
2025-06-20 04:01:41,877 [ERROR] LogOutputStream:75 - [STDERR_REDIRECT] [Fatal Error] :1:1: Premature end of file.
2025-06-20 04:01:41,877 [ERROR] LogOutputStream:75 - [STDERR_REDIRECT] 
2025-06-20 04:01:42,880 [ERROR] LogOutputStream:75 - [STDERR_REDIRECT] [Fatal Error] :1:1: Premature end of file.
2025-06-20 04:01:42,880 [ERROR] LogOutputStream:75 - [STDERR_REDIRECT] 
2025-06-20 04:01:43,893 [ERROR] LogOutputStream:75 - [STDERR_REDIRECT] [Fatal Error] :1:1: Premature end of file.
2025-06-20 04:01:43,893 [ERROR] LogOutputStream:75 - [STDERR_REDIRECT] 
2025-06-20 04:01:44,868 [ERROR] LogOutputStream:75 - [STDERR_REDIRECT] [Fatal Error] :1:1: Premature end of file.
2025-06-20 04:01:44,868 [ERROR] LogOutputStream:75 - [STDERR_REDIRECT] 
2025-06-20 04:01:45,867 [ERROR] LogOutputStream:75 - [STDERR_REDIRECT] [Fatal Error] :1:1: Premature end of file.
2025-06-20 04:01:45,867 [ERROR] LogOutputStream:75 - [STDERR_REDIRECT] 
2025-06-20 04:01:46,883 [ERROR] LogOutputStream:75 - [STDERR_REDIRECT] [Fatal Error] :1:1: Premature end of file.
2025-06-20 04:01:46,883 [ERROR] LogOutputStream:75 - [STDERR_REDIRECT] 
2025-06-20 04:01:47,888 [ERROR] LogOutputStream:75 - [STDERR_REDIRECT] [Fatal Error] :1:1: Premature end of file.
2025-06-20 04:01:47,888 [ERROR] LogOutputStream:75 - [STDERR_REDIRECT] 
2025-06-20 04:01:48,875 [ERROR] LogOutputStream:75 - [STDERR_REDIRECT] [Fatal Error] :1:1: Premature end of file.
2025-06-20 04:01:48,875 [ERROR] LogOutputStream:75 - [STDERR_REDIRECT] 
2025-06-20 04:01:49,878 [ERROR] LogOutputStream:75 - [STDERR_REDIRECT] [Fatal Error] :1:1: Premature end of file.
2025-06-20 04:01:49,878 [ERROR] LogOutputStream:75 - [STDERR_REDIRECT] 
2025-06-20 04:01:50,880 [ERROR] LogOutputStream:75 - [STDERR_REDIRECT] [Fatal Error] :1:1: Premature end of file.
2025-06-20 04:01:50,880 [ERROR] LogOutputStream:75 - [STDERR_REDIRECT] 
2025-06-20 04:01:51,869 [ERROR] LogOutputStream:75 - [STDERR_REDIRECT] [Fatal Error] :1:1: Premature end of file.
2025-06-20 04:01:51,869 [ERROR] LogOutputStream:75 - [STDERR_REDIRECT] 
2025-06-20 04:01:52,868 [ERROR] LogOutputStream:75 - [STDERR_REDIRECT] [Fatal Error] :1:1: Premature end of file.
2025-06-20 04:01:52,868 [ERROR] LogOutputStream:75 - [STDERR_REDIRECT] 
2025-06-20 04:01:53,870 [ERROR] LogOutputStream:75 - [STDERR_REDIRECT] [Fatal Error] :1:1: Premature end of file.
2025-06-20 04:01:53,870 [ERROR] LogOutputStream:75 - [STDERR_REDIRECT] 
2025-06-20 04:01:54,873 [ERROR] LogOutputStream:75 - [STDERR_REDIRECT] [Fatal Error] :1:1: Premature end of file.
2025-06-20 04:01:54,873 [ERROR] LogOutputStream:75 - [STDERR_REDIRECT] 
2025-06-20 04:01:55,875 [ERROR] LogOutputStream:75 - [STDERR_REDIRECT] [Fatal Error] :1:1: Premature end of file.
2025-06-20 04:01:55,875 [ERROR] LogOutputStream:75 - [STDERR_REDIRECT] 
2025-06-20 04:01:56,880 [ERROR] LogOutputStream:75 - [STDERR_REDIRECT] [Fatal Error] :1:1: Premature end of file.
2025-06-20 04:01:56,880 [ERROR] LogOutputStream:75 - [STDERR_REDIRECT] 
2025-06-20 04:01:57,866 [ERROR] LogOutputStream:75 - [STDERR_REDIRECT] [Fatal Error] :1:1: Premature end of file.
2025-06-20 04:01:57,866 [ERROR] LogOutputStream:75 - [STDERR_REDIRECT] 
2025-06-20 04:01:58,867 [ERROR] LogOutputStream:75 - [STDERR_REDIRECT] [Fatal Error] :1:1: Premature end of file.
2025-06-20 04:01:58,867 [ERROR] LogOutputStream:75 - [STDERR_REDIRECT] 
2025-06-20 04:01:59,872 [ERROR] LogOutputStream:75 - [STDERR_REDIRECT] [Fatal Error] :1:1: Premature end of file.
2025-06-20 04:01:59,872 [ERROR] LogOutputStream:75 - [STDERR_REDIRECT] 
2025-06-20 04:02:00,872 [ERROR] LogOutputStream:75 - [STDERR_REDIRECT] [Fatal Error] :1:1: Premature end of file.
2025-06-20 04:02:00,872 [ERROR] LogOutputStream:75 - [STDERR_REDIRECT] 
2025-06-20 04:02:01,875 [ERROR] LogOutputStream:75 - [STDERR_REDIRECT] [Fatal Error] :1:1: Premature end of file.
2025-06-20 04:02:01,875 [ERROR] LogOutputStream:75 - [STDERR_REDIRECT] 
2025-06-20 04:02:02,877 [ERROR] LogOutputStream:75 - [STDERR_REDIRECT] [Fatal Error] :1:1: Premature end of file.
2025-06-20 04:02:02,877 [ERROR] LogOutputStream:75 - [STDERR_REDIRECT] 
2025-06-20 04:02:03,891 [ERROR] LogOutputStream:75 - [STDERR_REDIRECT] [Fatal Error] :1:1: Premature end of file.
2025-06-20 04:02:03,891 [ERROR] LogOutputStream:75 - [STDERR_REDIRECT] 
2025-06-20 04:02:04,892 [ERROR] LogOutputStream:75 - [STDERR_REDIRECT] [Fatal Error] :1:1: Premature end of file.
2025-06-20 04:02:04,892 [ERROR] LogOutputStream:75 - [STDERR_REDIRECT] 
2025-06-20 04:02:05,874 [ERROR] LogOutputStream:75 - [STDERR_REDIRECT] [Fatal Error] :1:1: Premature end of file.
2025-06-20 04:02:05,874 [ERROR] LogOutputStream:75 - [STDERR_REDIRECT] 
2025-06-20 04:02:06,885 [ERROR] LogOutputStream:75 - [STDERR_REDIRECT] [Fatal Error] :1:1: Premature end of file.
2025-06-20 04:02:06,885 [ERROR] LogOutputStream:75 - [STDERR_REDIRECT] 
2025-06-20 04:02:07,874 [ERROR] LogOutputStream:75 - [STDERR_REDIRECT] [Fatal Error] :1:1: Premature end of file.
2025-06-20 04:02:07,874 [ERROR] LogOutputStream:75 - [STDERR_REDIRECT] 
2025-06-20 04:02:08,874 [ERROR] LogOutputStream:75 - [STDERR_REDIRECT] [Fatal Error] :1:1: Premature end of file.
2025-06-20 04:02:08,874 [ERROR] LogOutputStream:75 - [STDERR_REDIRECT] 
2025-06-20 04:02:09,886 [ERROR] LogOutputStream:75 - [STDERR_REDIRECT] [Fatal Error] :1:1: Premature end of file.
2025-06-20 04:02:09,886 [ERROR] LogOutputStream:75 - [STDERR_REDIRECT] 
2025-06-20 04:02:10,872 [ERROR] LogOutputStream:75 - [STDERR_REDIRECT] [Fatal Error] :1:1: Premature end of file.
2025-06-20 04:02:10,872 [ERROR] LogOutputStream:75 - [STDERR_REDIRECT] 
2025-06-20 04:02:11,874 [ERROR] LogOutputStream:75 - [STDERR_REDIRECT] [Fatal Error] :1:1: Premature end of file.
2025-06-20 04:02:11,874 [ERROR] LogOutputStream:75 - [STDERR_REDIRECT] 
2025-06-20 04:02:12,890 [ERROR] LogOutputStream:75 - [STDERR_REDIRECT] [Fatal Error] :1:1: Premature end of file.
2025-06-20 04:02:12,890 [ERROR] LogOutputStream:75 - [STDERR_REDIRECT] 
2025-06-20 04:02:13,874 [ERROR] LogOutputStream:75 - [STDERR_REDIRECT] [Fatal Error] :1:1: Premature end of file.
2025-06-20 04:02:13,874 [ERROR] LogOutputStream:75 - [STDERR_REDIRECT] 
2025-06-20 04:02:14,908 [ERROR] LogOutputStream:75 - [STDERR_REDIRECT] [Fatal Error] :1:1: Premature end of file.
2025-06-20 04:02:14,908 [ERROR] LogOutputStream:75 - [STDERR_REDIRECT] 
2025-06-20 04:02:15,874 [ERROR] LogOutputStream:75 - [STDERR_REDIRECT] [Fatal Error] :1:1: Premature end of file.
2025-06-20 04:02:15,874 [ERROR] LogOutputStream:75 - [STDERR_REDIRECT] 
2025-06-20 04:02:16,878 [ERROR] LogOutputStream:75 - [STDERR_REDIRECT] [Fatal Error] :1:1: Premature end of file.
2025-06-20 04:02:16,878 [ERROR] LogOutputStream:75 - [STDERR_REDIRECT] 
2025-06-20 04:02:17,867 [ERROR] LogOutputStream:75 - [STDERR_REDIRECT] [Fatal Error] :1:1: Premature end of file.
2025-06-20 04:02:17,867 [ERROR] LogOutputStream:75 - [STDERR_REDIRECT] 
2025-06-20 04:02:18,867 [ERROR] LogOutputStream:75 - [STDERR_REDIRECT] [Fatal Error] :1:1: Premature end of file.
2025-06-20 04:02:18,867 [ERROR] LogOutputStream:75 - [STDERR_REDIRECT] 
2025-06-20 04:02:19,871 [ERROR] LogOutputStream:75 - [STDERR_REDIRECT] [Fatal Error] :1:1: Premature end of file.
2025-06-20 04:02:19,871 [ERROR] LogOutputStream:75 - [STDERR_REDIRECT] 
2025-06-20 04:02:20,876 [ERROR] LogOutputStream:75 - [STDERR_REDIRECT] [Fatal Error] :1:1: Premature end of file.
2025-06-20 04:02:20,876 [ERROR] LogOutputStream:75 - [STDERR_REDIRECT] 
2025-06-20 04:02:21,884 [ERROR] LogOutputStream:75 - [STDERR_REDIRECT] [Fatal Error] :1:1: Premature end of file.
2025-06-20 04:02:21,884 [ERROR] LogOutputStream:75 - [STDERR_REDIRECT] 
2025-06-20 04:02:22,875 [ERROR] LogOutputStream:75 - [STDERR_REDIRECT] [Fatal Error] :1:1: Premature end of file.
2025-06-20 04:02:22,875 [ERROR] LogOutputStream:75 - [STDERR_REDIRECT] 
2025-06-20 04:02:23,880 [ERROR] LogOutputStream:75 - [STDERR_REDIRECT] [Fatal Error] :1:1: Premature end of file.
2025-06-20 04:02:23,880 [ERROR] LogOutputStream:75 - [STDERR_REDIRECT] 
2025-06-20 04:02:24,866 [ERROR] LogOutputStream:75 - [STDERR_REDIRECT] [Fatal Error] :1:1: Premature end of file.
2025-06-20 04:02:24,866 [ERROR] LogOutputStream:75 - [STDERR_REDIRECT] 
2025-06-20 04:02:25,879 [ERROR] LogOutputStream:75 - [STDERR_REDIRECT] [Fatal Error] :1:1: Premature end of file.
2025-06-20 04:02:25,879 [ERROR] LogOutputStream:75 - [STDERR_REDIRECT] 
2025-06-20 04:02:26,881 [ERROR] LogOutputStream:75 - [STDERR_REDIRECT] [Fatal Error] :1:1: Premature end of file.
2025-06-20 04:02:26,881 [ERROR] LogOutputStream:75 - [STDERR_REDIRECT] 
2025-06-20 04:02:27,873 [ERROR] LogOutputStream:75 - [STDERR_REDIRECT] [Fatal Error] :1:1: Premature end of file.
2025-06-20 04:02:27,873 [ERROR] LogOutputStream:75 - [STDERR_REDIRECT] 
2025-06-20 04:02:28,873 [ERROR] LogOutputStream:75 - [STDERR_REDIRECT] [Fatal Error] :1:1: Premature end of file.
2025-06-20 04:02:28,873 [ERROR] LogOutputStream:75 - [STDERR_REDIRECT] 
2025-06-20 04:02:29,873 [ERROR] LogOutputStream:75 - [STDERR_REDIRECT] [Fatal Error] :1:1: Premature end of file.
2025-06-20 04:02:29,873 [ERROR] LogOutputStream:75 - [STDERR_REDIRECT] 
2025-06-20 04:02:30,880 [ERROR] LogOutputStream:75 - [STDERR_REDIRECT] [Fatal Error] :1:1: Premature end of file.
2025-06-20 04:02:30,880 [ERROR] LogOutputStream:75 - [STDERR_REDIRECT] 
2025-06-20 04:02:31,880 [ERROR] LogOutputStream:75 - [STDERR_REDIRECT] [Fatal Error] :1:1: Premature end of file.
2025-06-20 04:02:31,880 [ERROR] LogOutputStream:75 - [STDERR_REDIRECT] 
2025-06-20 04:02:32,869 [ERROR] LogOutputStream:75 - [STDERR_REDIRECT] [Fatal Error] :1:1: Premature end of file.
2025-06-20 04:02:32,869 [ERROR] LogOutputStream:75 - [STDERR_REDIRECT] 
2025-06-20 04:02:33,872 [ERROR] LogOutputStream:75 - [STDERR_REDIRECT] [Fatal Error] :1:1: Premature end of file.
2025-06-20 04:02:33,872 [ERROR] LogOutputStream:75 - [STDERR_REDIRECT] 
2025-06-20 04:02:34,874 [ERROR] LogOutputStream:75 - [STDERR_REDIRECT] [Fatal Error] :1:1: Premature end of file.
2025-06-20 04:02:34,874 [ERROR] LogOutputStream:75 - [STDERR_REDIRECT] 
2025-06-20 04:02:35,875 [ERROR] LogOutputStream:75 - [STDERR_REDIRECT] [Fatal Error] :1:1: Premature end of file.
2025-06-20 04:02:35,875 [ERROR] LogOutputStream:75 - [STDERR_REDIRECT] 
2025-06-20 04:02:36,870 [ERROR] LogOutputStream:75 - [STDERR_REDIRECT] [Fatal Error] :1:1: Premature end of file.
2025-06-20 04:02:36,870 [ERROR] LogOutputStream:75 - [STDERR_REDIRECT] 
2025-06-20 04:02:37,871 [ERROR] LogOutputStream:75 - [STDERR_REDIRECT] [Fatal Error] :1:1: Premature end of file.
2025-06-20 04:02:37,871 [ERROR] LogOutputStream:75 - [STDERR_REDIRECT] 
2025-06-20 04:02:38,878 [ERROR] LogOutputStream:75 - [STDERR_REDIRECT] [Fatal Error] :1:1: Premature end of file.
2025-06-20 04:02:38,878 [ERROR] LogOutputStream:75 - [STDERR_REDIRECT] 
2025-06-20 04:02:39,867 [ERROR] LogOutputStream:75 - [STDERR_REDIRECT] [Fatal Error] :1:1: Premature end of file.
2025-06-20 04:02:39,867 [ERROR] LogOutputStream:75 - [STDERR_REDIRECT] 
2025-06-20 04:02:40,874 [ERROR] LogOutputStream:75 - [STDERR_REDIRECT] [Fatal Error] :1:1: Premature end of file.
2025-06-20 04:02:40,874 [ERROR] LogOutputStream:75 - [STDERR_REDIRECT] 
2025-06-20 04:02:41,879 [ERROR] LogOutputStream:75 - [STDERR_REDIRECT] [Fatal Error] :1:1: Premature end of file.
2025-06-20 04:02:41,879 [ERROR] LogOutputStream:75 - [STDERR_REDIRECT] 
2025-06-20 04:02:42,882 [ERROR] LogOutputStream:75 - [STDERR_REDIRECT] [Fatal Error] :1:1: Premature end of file.
2025-06-20 04:02:42,882 [ERROR] LogOutputStream:75 - [STDERR_REDIRECT] 
2025-06-20 04:02:43,873 [ERROR] LogOutputStream:75 - [STDERR_REDIRECT] [Fatal Error] :1:1: Premature end of file.
2025-06-20 04:02:43,873 [ERROR] LogOutputStream:75 - [STDERR_REDIRECT] 
2025-06-20 04:02:44,879 [ERROR] LogOutputStream:75 - [STDERR_REDIRECT] [Fatal Error] :1:1: Premature end of file.
2025-06-20 04:02:44,879 [ERROR] LogOutputStream:75 - [STDERR_REDIRECT] 
2025-06-20 04:02:45,881 [ERROR] LogOutputStream:75 - [STDERR_REDIRECT] [Fatal Error] :1:1: Premature end of file.
2025-06-20 04:02:45,881 [ERROR] LogOutputStream:75 - [STDERR_REDIRECT] 
2025-06-20 04:02:46,875 [ERROR] LogOutputStream:75 - [STDERR_REDIRECT] [Fatal Error] :1:1: Premature end of file.
2025-06-20 04:02:46,875 [ERROR] LogOutputStream:75 - [STDERR_REDIRECT] 
2025-06-20 04:02:47,883 [ERROR] LogOutputStream:75 - [STDERR_REDIRECT] [Fatal Error] :1:1: Premature end of file.
2025-06-20 04:02:47,883 [ERROR] LogOutputStream:75 - [STDERR_REDIRECT] 
2025-06-20 04:02:48,884 [ERROR] LogOutputStream:75 - [STDERR_REDIRECT] [Fatal Error] :1:1: Premature end of file.
2025-06-20 04:02:48,884 [ERROR] LogOutputStream:75 - [STDERR_REDIRECT] 
2025-06-20 04:02:49,872 [ERROR] LogOutputStream:75 - [STDERR_REDIRECT] [Fatal Error] :1:1: Premature end of file.
2025-06-20 04:02:49,872 [ERROR] LogOutputStream:75 - [STDERR_REDIRECT] 
2025-06-20 04:02:50,883 [ERROR] LogOutputStream:75 - [STDERR_REDIRECT] [Fatal Error] :1:1: Premature end of file.
2025-06-20 04:02:50,883 [ERROR] LogOutputStream:75 - [STDERR_REDIRECT] 
2025-06-20 04:02:51,867 [ERROR] LogOutputStream:75 - [STDERR_REDIRECT] [Fatal Error] :1:1: Premature end of file.
2025-06-20 04:02:51,867 [ERROR] LogOutputStream:75 - [STDERR_REDIRECT] 
2025-06-20 04:02:52,871 [ERROR] LogOutputStream:75 - [STDERR_REDIRECT] [Fatal Error] :1:1: Premature end of file.
2025-06-20 04:02:52,871 [ERROR] LogOutputStream:75 - [STDERR_REDIRECT] 
2025-06-20 04:02:53,881 [ERROR] LogOutputStream:75 - [STDERR_REDIRECT] [Fatal Error] :1:1: Premature end of file.
2025-06-20 04:02:53,881 [ERROR] LogOutputStream:75 - [STDERR_REDIRECT] 
2025-06-20 04:02:54,885 [ERROR] LogOutputStream:75 - [STDERR_REDIRECT] [Fatal Error] :1:1: Premature end of file.
2025-06-20 04:02:54,885 [ERROR] LogOutputStream:75 - [STDERR_REDIRECT] 
2025-06-20 04:02:55,886 [ERROR] LogOutputStream:75 - [STDERR_REDIRECT] [Fatal Error] :1:1: Premature end of file.
2025-06-20 04:02:55,886 [ERROR] LogOutputStream:75 - [STDERR_REDIRECT] 
2025-06-20 04:02:56,879 [ERROR] LogOutputStream:75 - [STDERR_REDIRECT] [Fatal Error] :1:1: Premature end of file.
2025-06-20 04:02:56,879 [ERROR] LogOutputStream:75 - [STDERR_REDIRECT] 
2025-06-20 04:02:57,867 [ERROR] LogOutputStream:75 - [STDERR_REDIRECT] [Fatal Error] :1:1: Premature end of file.
2025-06-20 04:02:57,867 [ERROR] LogOutputStream:75 - [STDERR_REDIRECT] 
2025-06-20 04:02:58,874 [ERROR] LogOutputStream:75 - [STDERR_REDIRECT] [Fatal Error] :1:1: Premature end of file.
2025-06-20 04:02:58,874 [ERROR] LogOutputStream:75 - [STDERR_REDIRECT] 
2025-06-20 04:02:59,875 [ERROR] LogOutputStream:75 - [STDERR_REDIRECT] [Fatal Error] :1:1: Premature end of file.
2025-06-20 04:02:59,875 [ERROR] LogOutputStream:75 - [STDERR_REDIRECT] 
2025-06-20 04:03:00,885 [ERROR] LogOutputStream:75 - [STDERR_REDIRECT] [Fatal Error] :1:1: Premature end of file.
2025-06-20 04:03:00,885 [ERROR] LogOutputStream:75 - [STDERR_REDIRECT] 
2025-06-20 04:03:01,875 [ERROR] LogOutputStream:75 - [STDERR_REDIRECT] [Fatal Error] :1:1: Premature end of file.
2025-06-20 04:03:01,875 [ERROR] LogOutputStream:75 - [STDERR_REDIRECT] 
2025-06-20 04:03:02,883 [ERROR] LogOutputStream:75 - [STDERR_REDIRECT] [Fatal Error] :1:1: Premature end of file.
2025-06-20 04:03:02,883 [ERROR] LogOutputStream:75 - [STDERR_REDIRECT] 
2025-06-20 04:03:03,870 [ERROR] LogOutputStream:75 - [STDERR_REDIRECT] [Fatal Error] :1:1: Premature end of file.
2025-06-20 04:03:03,870 [ERROR] LogOutputStream:75 - [STDERR_REDIRECT] 
2025-06-20 04:03:04,875 [ERROR] LogOutputStream:75 - [STDERR_REDIRECT] [Fatal Error] :1:1: Premature end of file.
2025-06-20 04:03:04,875 [ERROR] LogOutputStream:75 - [STDERR_REDIRECT] 
2025-06-20 04:03:05,871 [ERROR] LogOutputStream:75 - [STDERR_REDIRECT] [Fatal Error] :1:1: Premature end of file.
2025-06-20 04:03:05,871 [ERROR] LogOutputStream:75 - [STDERR_REDIRECT] 
2025-06-20 04:03:06,874 [ERROR] LogOutputStream:75 - [STDERR_REDIRECT] [Fatal Error] :1:1: Premature end of file.
2025-06-20 04:03:06,874 [ERROR] LogOutputStream:75 - [STDERR_REDIRECT] 
2025-06-20 04:03:07,872 [ERROR] LogOutputStream:75 - [STDERR_REDIRECT] [Fatal Error] :1:1: Premature end of file.
2025-06-20 04:03:07,872 [ERROR] LogOutputStream:75 - [STDERR_REDIRECT] 
2025-06-20 04:03:08,871 [ERROR] LogOutputStream:75 - [STDERR_REDIRECT] [Fatal Error] :1:1: Premature end of file.
2025-06-20 04:03:08,871 [ERROR] LogOutputStream:75 - [STDERR_REDIRECT] 
2025-06-20 04:03:09,873 [ERROR] LogOutputStream:75 - [STDERR_REDIRECT] [Fatal Error] :1:1: Premature end of file.
2025-06-20 04:03:09,873 [ERROR] LogOutputStream:75 - [STDERR_REDIRECT] 
2025-06-20 04:03:10,875 [ERROR] LogOutputStream:75 - [STDERR_REDIRECT] [Fatal Error] :1:1: Premature end of file.
2025-06-20 04:03:10,875 [ERROR] LogOutputStream:75 - [STDERR_REDIRECT] 
2025-06-20 04:03:11,885 [ERROR] LogOutputStream:75 - [STDERR_REDIRECT] [Fatal Error] :1:1: Premature end of file.
2025-06-20 04:03:11,885 [ERROR] LogOutputStream:75 - [STDERR_REDIRECT] 
2025-06-20 04:03:12,869 [ERROR] LogOutputStream:75 - [STDERR_REDIRECT] [Fatal Error] :1:1: Premature end of file.
2025-06-20 04:03:12,869 [ERROR] LogOutputStream:75 - [STDERR_REDIRECT] 
2025-06-20 04:03:13,880 [ERROR] LogOutputStream:75 - [STDERR_REDIRECT] [Fatal Error] :1:1: Premature end of file.
2025-06-20 04:03:13,880 [ERROR] LogOutputStream:75 - [STDERR_REDIRECT] 
2025-06-20 04:03:14,880 [ERROR] LogOutputStream:75 - [STDERR_REDIRECT] [Fatal Error] :1:1: Premature end of file.
2025-06-20 04:03:14,880 [ERROR] LogOutputStream:75 - [STDERR_REDIRECT] 
2025-06-20 04:03:15,888 [ERROR] LogOutputStream:75 - [STDERR_REDIRECT] [Fatal Error] :1:1: Premature end of file.
2025-06-20 04:03:15,888 [ERROR] LogOutputStream:75 - [STDERR_REDIRECT] 
2025-06-20 04:03:16,878 [ERROR] LogOutputStream:75 - [STDERR_REDIRECT] [Fatal Error] :1:1: Premature end of file.
2025-06-20 04:03:16,878 [ERROR] LogOutputStream:75 - [STDERR_REDIRECT] 
2025-06-20 04:03:17,880 [ERROR] LogOutputStream:75 - [STDERR_REDIRECT] [Fatal Error] :1:1: Premature end of file.
2025-06-20 04:03:17,880 [ERROR] LogOutputStream:75 - [STDERR_REDIRECT] 
2025-06-20 04:03:18,894 [ERROR] LogOutputStream:75 - [STDERR_REDIRECT] [Fatal Error] :1:1: Premature end of file.
2025-06-20 04:03:18,894 [ERROR] LogOutputStream:75 - [STDERR_REDIRECT] 
2025-06-20 04:03:19,879 [ERROR] LogOutputStream:75 - [STDERR_REDIRECT] [Fatal Error] :1:1: Premature end of file.
2025-06-20 04:03:19,879 [ERROR] LogOutputStream:75 - [STDERR_REDIRECT] 
2025-06-20 04:03:20,870 [ERROR] LogOutputStream:75 - [STDERR_REDIRECT] [Fatal Error] :1:1: Premature end of file.
2025-06-20 04:03:20,870 [ERROR] LogOutputStream:75 - [STDERR_REDIRECT] 
2025-06-20 04:03:21,876 [ERROR] LogOutputStream:75 - [STDERR_REDIRECT] [Fatal Error] :1:1: Premature end of file.
2025-06-20 04:03:21,876 [ERROR] LogOutputStream:75 - [STDERR_REDIRECT] 
2025-06-20 04:03:22,881 [ERROR] LogOutputStream:75 - [STDERR_REDIRECT] [Fatal Error] :1:1: Premature end of file.
2025-06-20 04:03:22,881 [ERROR] LogOutputStream:75 - [STDERR_REDIRECT] 
2025-06-20 04:03:23,875 [ERROR] LogOutputStream:75 - [STDERR_REDIRECT] [Fatal Error] :1:1: Premature end of file.
2025-06-20 04:03:23,875 [ERROR] LogOutputStream:75 - [STDERR_REDIRECT] 
2025-06-20 04:03:24,887 [ERROR] LogOutputStream:75 - [STDERR_REDIRECT] [Fatal Error] :1:1: Premature end of file.
2025-06-20 04:03:24,887 [ERROR] LogOutputStream:75 - [STDERR_REDIRECT] 
2025-06-20 04:03:25,875 [ERROR] LogOutputStream:75 - [STDERR_REDIRECT] [Fatal Error] :1:1: Premature end of file.
2025-06-20 04:03:25,875 [ERROR] LogOutputStream:75 - [STDERR_REDIRECT] 
2025-06-20 04:03:26,894 [ERROR] LogOutputStream:75 - [STDERR_REDIRECT] [Fatal Error] :1:1: Premature end of file.
2025-06-20 04:03:26,894 [ERROR] LogOutputStream:75 - [STDERR_REDIRECT] 
2025-06-20 04:03:27,879 [ERROR] LogOutputStream:75 - [STDERR_REDIRECT] [Fatal Error] :1:1: Premature end of file.
2025-06-20 04:03:27,879 [ERROR] LogOutputStream:75 - [STDERR_REDIRECT] 
2025-06-20 04:03:28,876 [ERROR] LogOutputStream:75 - [STDERR_REDIRECT] [Fatal Error] :1:1: Premature end of file.
2025-06-20 04:03:28,876 [ERROR] LogOutputStream:75 - [STDERR_REDIRECT] 
2025-06-20 04:03:29,875 [ERROR] LogOutputStream:75 - [STDERR_REDIRECT] [Fatal Error] :1:1: Premature end of file.
2025-06-20 04:03:29,875 [ERROR] LogOutputStream:75 - [STDERR_REDIRECT] 
2025-06-20 04:03:30,884 [ERROR] LogOutputStream:75 - [STDERR_REDIRECT] [Fatal Error] :1:1: Premature end of file.
2025-06-20 04:03:30,884 [ERROR] LogOutputStream:75 - [STDERR_REDIRECT] 
2025-06-20 04:03:31,869 [ERROR] LogOutputStream:75 - [STDERR_REDIRECT] [Fatal Error] :1:1: Premature end of file.
2025-06-20 04:03:31,869 [ERROR] LogOutputStream:75 - [STDERR_REDIRECT] 
2025-06-20 04:03:32,872 [ERROR] LogOutputStream:75 - [STDERR_REDIRECT] [Fatal Error] :1:1: Premature end of file.
2025-06-20 04:03:32,872 [ERROR] LogOutputStream:75 - [STDERR_REDIRECT] 
2025-06-20 04:03:33,882 [ERROR] LogOutputStream:75 - [STDERR_REDIRECT] [Fatal Error] :1:1: Premature end of file.
2025-06-20 04:03:33,882 [ERROR] LogOutputStream:75 - [STDERR_REDIRECT] 
2025-06-20 04:03:34,871 [ERROR] LogOutputStream:75 - [STDERR_REDIRECT] [Fatal Error] :1:1: Premature end of file.
2025-06-20 04:03:34,871 [ERROR] LogOutputStream:75 - [STDERR_REDIRECT] 
2025-06-20 04:03:35,872 [ERROR] LogOutputStream:75 - [STDERR_REDIRECT] [Fatal Error] :1:1: Premature end of file.
2025-06-20 04:03:35,872 [ERROR] LogOutputStream:75 - [STDERR_REDIRECT] 
2025-06-20 04:03:36,880 [ERROR] LogOutputStream:75 - [STDERR_REDIRECT] [Fatal Error] :1:1: Premature end of file.
2025-06-20 04:03:36,880 [ERROR] LogOutputStream:75 - [STDERR_REDIRECT] 
2025-06-20 04:03:37,870 [ERROR] LogOutputStream:75 - [STDERR_REDIRECT] [Fatal Error] :1:1: Premature end of file.
2025-06-20 04:03:37,870 [ERROR] LogOutputStream:75 - [STDERR_REDIRECT] 
2025-06-20 04:03:38,886 [ERROR] LogOutputStream:75 - [STDERR_REDIRECT] [Fatal Error] :1:1: Premature end of file.
2025-06-20 04:03:38,886 [ERROR] LogOutputStream:75 - [STDERR_REDIRECT] 
2025-06-20 04:03:39,874 [ERROR] LogOutputStream:75 - [STDERR_REDIRECT] [Fatal Error] :1:1: Premature end of file.
2025-06-20 04:03:39,874 [ERROR] LogOutputStream:75 - [STDERR_REDIRECT] 
2025-06-20 04:03:40,880 [ERROR] LogOutputStream:75 - [STDERR_REDIRECT] [Fatal Error] :1:1: Premature end of file.
2025-06-20 04:03:40,880 [ERROR] LogOutputStream:75 - [STDERR_REDIRECT] 
2025-06-20 04:03:41,882 [ERROR] LogOutputStream:75 - [STDERR_REDIRECT] [Fatal Error] :1:1: Premature end of file.
2025-06-20 04:03:41,882 [ERROR] LogOutputStream:75 - [STDERR_REDIRECT] 
2025-06-20 04:03:42,877 [ERROR] LogOutputStream:75 - [STDERR_REDIRECT] [Fatal Error] :1:1: Premature end of file.
2025-06-20 04:03:42,877 [ERROR] LogOutputStream:75 - [STDERR_REDIRECT] 
2025-06-20 04:03:43,885 [ERROR] LogOutputStream:75 - [STDERR_REDIRECT] [Fatal Error] :1:1: Premature end of file.
2025-06-20 04:03:43,885 [ERROR] LogOutputStream:75 - [STDERR_REDIRECT] 
2025-06-20 04:03:44,876 [ERROR] LogOutputStream:75 - [STDERR_REDIRECT] [Fatal Error] :1:1: Premature end of file.
2025-06-20 04:03:44,876 [ERROR] LogOutputStream:75 - [STDERR_REDIRECT] 
2025-06-20 04:03:45,877 [ERROR] LogOutputStream:75 - [STDERR_REDIRECT] [Fatal Error] :1:1: Premature end of file.
2025-06-20 04:03:45,877 [ERROR] LogOutputStream:75 - [STDERR_REDIRECT] 
2025-06-20 04:03:46,869 [ERROR] LogOutputStream:75 - [STDERR_REDIRECT] [Fatal Error] :1:1: Premature end of file.
2025-06-20 04:03:46,869 [ERROR] LogOutputStream:75 - [STDERR_REDIRECT] 
2025-06-20 04:03:47,875 [ERROR] LogOutputStream:75 - [STDERR_REDIRECT] [Fatal Error] :1:1: Premature end of file.
2025-06-20 04:03:47,875 [ERROR] LogOutputStream:75 - [STDERR_REDIRECT] 
2025-06-20 04:03:48,878 [ERROR] LogOutputStream:75 - [STDERR_REDIRECT] [Fatal Error] :1:1: Premature end of file.
2025-06-20 04:03:48,878 [ERROR] LogOutputStream:75 - [STDERR_REDIRECT] 
2025-06-20 04:03:49,882 [ERROR] LogOutputStream:75 - [STDERR_REDIRECT] [Fatal Error] :1:1: Premature end of file.
2025-06-20 04:03:49,882 [ERROR] LogOutputStream:75 - [STDERR_REDIRECT] 
2025-06-20 04:03:50,870 [ERROR] LogOutputStream:75 - [STDERR_REDIRECT] [Fatal Error] :1:1: Premature end of file.
2025-06-20 04:03:50,870 [ERROR] LogOutputStream:75 - [STDERR_REDIRECT] 
2025-06-20 04:03:51,877 [ERROR] LogOutputStream:75 - [STDERR_REDIRECT] [Fatal Error] :1:1: Premature end of file.
2025-06-20 04:03:51,877 [ERROR] LogOutputStream:75 - [STDERR_REDIRECT] 
2025-06-20 04:03:52,869 [ERROR] LogOutputStream:75 - [STDERR_REDIRECT] [Fatal Error] :1:1: Premature end of file.
2025-06-20 04:03:52,869 [ERROR] LogOutputStream:75 - [STDERR_REDIRECT] 
2025-06-20 04:03:53,874 [ERROR] LogOutputStream:75 - [STDERR_REDIRECT] [Fatal Error] :1:1: Premature end of file.
2025-06-20 04:03:53,874 [ERROR] LogOutputStream:75 - [STDERR_REDIRECT] 
2025-06-20 04:03:54,882 [ERROR] LogOutputStream:75 - [STDERR_REDIRECT] [Fatal Error] :1:1: Premature end of file.
2025-06-20 04:03:54,882 [ERROR] LogOutputStream:75 - [STDERR_REDIRECT] 
2025-06-20 04:03:55,866 [ERROR] LogOutputStream:75 - [STDERR_REDIRECT] [Fatal Error] :1:1: Premature end of file.
2025-06-20 04:03:55,866 [ERROR] LogOutputStream:75 - [STDERR_REDIRECT] 
2025-06-20 04:03:56,872 [ERROR] LogOutputStream:75 - [STDERR_REDIRECT] [Fatal Error] :1:1: Premature end of file.
2025-06-20 04:03:56,872 [ERROR] LogOutputStream:75 - [STDERR_REDIRECT] 
2025-06-20 04:03:57,880 [ERROR] LogOutputStream:75 - [STDERR_REDIRECT] [Fatal Error] :1:1: Premature end of file.
2025-06-20 04:03:57,880 [ERROR] LogOutputStream:75 - [STDERR_REDIRECT] 
2025-06-20 04:03:58,871 [ERROR] LogOutputStream:75 - [STDERR_REDIRECT] [Fatal Error] :1:1: Premature end of file.
2025-06-20 04:03:58,871 [ERROR] LogOutputStream:75 - [STDERR_REDIRECT] 
2025-06-20 04:03:59,885 [ERROR] LogOutputStream:75 - [STDERR_REDIRECT] [Fatal Error] :1:1: Premature end of file.
2025-06-20 04:03:59,885 [ERROR] LogOutputStream:75 - [STDERR_REDIRECT] 
2025-06-20 04:04:00,878 [ERROR] LogOutputStream:75 - [STDERR_REDIRECT] [Fatal Error] :1:1: Premature end of file.
2025-06-20 04:04:00,878 [ERROR] LogOutputStream:75 - [STDERR_REDIRECT] 
2025-06-20 04:04:01,868 [ERROR] LogOutputStream:75 - [STDERR_REDIRECT] [Fatal Error] :1:1: Premature end of file.
2025-06-20 04:04:01,868 [ERROR] LogOutputStream:75 - [STDERR_REDIRECT] 
2025-06-20 04:04:02,873 [ERROR] LogOutputStream:75 - [STDERR_REDIRECT] [Fatal Error] :1:1: Premature end of file.
2025-06-20 04:04:02,873 [ERROR] LogOutputStream:75 - [STDERR_REDIRECT] 
2025-06-20 04:04:03,876 [ERROR] LogOutputStream:75 - [STDERR_REDIRECT] [Fatal Error] :1:1: Premature end of file.
2025-06-20 04:04:03,876 [ERROR] LogOutputStream:75 - [STDERR_REDIRECT] 
2025-06-20 04:04:04,877 [ERROR] LogOutputStream:75 - [STDERR_REDIRECT] [Fatal Error] :1:1: Premature end of file.
2025-06-20 04:04:04,877 [ERROR] LogOutputStream:75 - [STDERR_REDIRECT] 
2025-06-20 04:04:05,872 [ERROR] LogOutputStream:75 - [STDERR_REDIRECT] [Fatal Error] :1:1: Premature end of file.
2025-06-20 04:04:05,872 [ERROR] LogOutputStream:75 - [STDERR_REDIRECT] 
2025-06-20 04:04:06,874 [ERROR] LogOutputStream:75 - [STDERR_REDIRECT] [Fatal Error] :1:1: Premature end of file.
2025-06-20 04:04:06,874 [ERROR] LogOutputStream:75 - [STDERR_REDIRECT] 
2025-06-20 04:04:07,873 [ERROR] LogOutputStream:75 - [STDERR_REDIRECT] [Fatal Error] :1:1: Premature end of file.
2025-06-20 04:04:07,873 [ERROR] LogOutputStream:75 - [STDERR_REDIRECT] 
2025-06-20 04:04:08,873 [ERROR] LogOutputStream:75 - [STDERR_REDIRECT] [Fatal Error] :1:1: Premature end of file.
2025-06-20 04:04:08,873 [ERROR] LogOutputStream:75 - [STDERR_REDIRECT] 
2025-06-20 04:04:09,886 [ERROR] LogOutputStream:75 - [STDERR_REDIRECT] [Fatal Error] :1:1: Premature end of file.
2025-06-20 04:04:09,886 [ERROR] LogOutputStream:75 - [STDERR_REDIRECT] 
2025-06-20 04:04:10,872 [ERROR] LogOutputStream:75 - [STDERR_REDIRECT] [Fatal Error] :1:1: Premature end of file.
2025-06-20 04:04:10,872 [ERROR] LogOutputStream:75 - [STDERR_REDIRECT] 
2025-06-20 04:04:11,888 [ERROR] LogOutputStream:75 - [STDERR_REDIRECT] [Fatal Error] :1:1: Premature end of file.
2025-06-20 04:04:11,888 [ERROR] LogOutputStream:75 - [STDERR_REDIRECT] 
2025-06-20 04:04:12,872 [ERROR] LogOutputStream:75 - [STDERR_REDIRECT] [Fatal Error] :1:1: Premature end of file.
2025-06-20 04:04:12,872 [ERROR] LogOutputStream:75 - [STDERR_REDIRECT] 
2025-06-20 04:04:13,867 [ERROR] LogOutputStream:75 - [STDERR_REDIRECT] [Fatal Error] :1:1: Premature end of file.
2025-06-20 04:04:13,867 [ERROR] LogOutputStream:75 - [STDERR_REDIRECT] 
2025-06-20 04:04:14,876 [ERROR] LogOutputStream:75 - [STDERR_REDIRECT] [Fatal Error] :1:1: Premature end of file.
2025-06-20 04:04:14,876 [ERROR] LogOutputStream:75 - [STDERR_REDIRECT] 
2025-06-20 04:04:15,877 [ERROR] LogOutputStream:75 - [STDERR_REDIRECT] [Fatal Error] :1:1: Premature end of file.
2025-06-20 04:04:15,877 [ERROR] LogOutputStream:75 - [STDERR_REDIRECT] 
2025-06-20 04:04:16,894 [ERROR] LogOutputStream:75 - [STDERR_REDIRECT] [Fatal Error] :1:1: Premature end of file.
2025-06-20 04:04:16,894 [ERROR] LogOutputStream:75 - [STDERR_REDIRECT] 
2025-06-20 04:04:17,880 [ERROR] LogOutputStream:75 - [STDERR_REDIRECT] [Fatal Error] :1:1: Premature end of file.
2025-06-20 04:04:17,880 [ERROR] LogOutputStream:75 - [STDERR_REDIRECT] 
2025-06-20 04:04:18,888 [ERROR] LogOutputStream:75 - [STDERR_REDIRECT] [Fatal Error] :1:1: Premature end of file.
2025-06-20 04:04:18,888 [ERROR] LogOutputStream:75 - [STDERR_REDIRECT] 
2025-06-20 04:04:19,895 [ERROR] LogOutputStream:75 - [STDERR_REDIRECT] [Fatal Error] :1:1: Premature end of file.
2025-06-20 04:04:19,895 [ERROR] LogOutputStream:75 - [STDERR_REDIRECT] 
2025-06-20 04:04:20,882 [ERROR] LogOutputStream:75 - [STDERR_REDIRECT] [Fatal Error] :1:1: Premature end of file.
2025-06-20 04:04:20,882 [ERROR] LogOutputStream:75 - [STDERR_REDIRECT] 
2025-06-20 04:04:21,872 [ERROR] LogOutputStream:75 - [STDERR_REDIRECT] [Fatal Error] :1:1: Premature end of file.
2025-06-20 04:04:21,872 [ERROR] LogOutputStream:75 - [STDERR_REDIRECT] 
2025-06-20 04:04:22,871 [ERROR] LogOutputStream:75 - [STDERR_REDIRECT] [Fatal Error] :1:1: Premature end of file.
2025-06-20 04:04:22,871 [ERROR] LogOutputStream:75 - [STDERR_REDIRECT] 
2025-06-20 04:04:23,869 [ERROR] LogOutputStream:75 - [STDERR_REDIRECT] [Fatal Error] :1:1: Premature end of file.
2025-06-20 04:04:23,869 [ERROR] LogOutputStream:75 - [STDERR_REDIRECT] 
2025-06-20 04:04:24,870 [ERROR] LogOutputStream:75 - [STDERR_REDIRECT] [Fatal Error] :1:1: Premature end of file.
2025-06-20 04:04:24,870 [ERROR] LogOutputStream:75 - [STDERR_REDIRECT] 
2025-06-20 04:04:25,882 [ERROR] LogOutputStream:75 - [STDERR_REDIRECT] [Fatal Error] :1:1: Premature end of file.
2025-06-20 04:04:25,882 [ERROR] LogOutputStream:75 - [STDERR_REDIRECT] 
2025-06-20 04:04:26,874 [ERROR] LogOutputStream:75 - [STDERR_REDIRECT] [Fatal Error] :1:1: Premature end of file.
2025-06-20 04:04:26,874 [ERROR] LogOutputStream:75 - [STDERR_REDIRECT] 
2025-06-20 04:04:27,876 [ERROR] LogOutputStream:75 - [STDERR_REDIRECT] [Fatal Error] :1:1: Premature end of file.
2025-06-20 04:04:27,876 [ERROR] LogOutputStream:75 - [STDERR_REDIRECT] 
2025-06-20 04:04:28,879 [ERROR] LogOutputStream:75 - [STDERR_REDIRECT] [Fatal Error] :1:1: Premature end of file.
2025-06-20 04:04:28,879 [ERROR] LogOutputStream:75 - [STDERR_REDIRECT] 
2025-06-20 04:04:29,874 [ERROR] LogOutputStream:75 - [STDERR_REDIRECT] [Fatal Error] :1:1: Premature end of file.
2025-06-20 04:04:29,874 [ERROR] LogOutputStream:75 - [STDERR_REDIRECT] 
2025-06-20 04:04:30,886 [ERROR] LogOutputStream:75 - [STDERR_REDIRECT] [Fatal Error] :1:1: Premature end of file.
2025-06-20 04:04:30,886 [ERROR] LogOutputStream:75 - [STDERR_REDIRECT] 
2025-06-20 04:04:31,893 [ERROR] LogOutputStream:75 - [STDERR_REDIRECT] [Fatal Error] :1:1: Premature end of file.
2025-06-20 04:04:31,893 [ERROR] LogOutputStream:75 - [STDERR_REDIRECT] 
2025-06-20 04:04:32,880 [ERROR] LogOutputStream:75 - [STDERR_REDIRECT] [Fatal Error] :1:1: Premature end of file.
2025-06-20 04:04:32,880 [ERROR] LogOutputStream:75 - [STDERR_REDIRECT] 
2025-06-20 04:04:33,883 [ERROR] LogOutputStream:75 - [STDERR_REDIRECT] [Fatal Error] :1:1: Premature end of file.
2025-06-20 04:04:33,883 [ERROR] LogOutputStream:75 - [STDERR_REDIRECT] 
2025-06-20 04:04:34,890 [ERROR] LogOutputStream:75 - [STDERR_REDIRECT] [Fatal Error] :1:1: Premature end of file.
2025-06-20 04:04:34,890 [ERROR] LogOutputStream:75 - [STDERR_REDIRECT] 
2025-06-20 04:04:35,881 [ERROR] LogOutputStream:75 - [STDERR_REDIRECT] [Fatal Error] :1:1: Premature end of file.
2025-06-20 04:04:35,881 [ERROR] LogOutputStream:75 - [STDERR_REDIRECT] 
2025-06-20 04:04:36,867 [ERROR] LogOutputStream:75 - [STDERR_REDIRECT] [Fatal Error] :1:1: Premature end of file.
2025-06-20 04:04:36,867 [ERROR] LogOutputStream:75 - [STDERR_REDIRECT] 
2025-06-20 04:04:37,874 [ERROR] LogOutputStream:75 - [STDERR_REDIRECT] [Fatal Error] :1:1: Premature end of file.
2025-06-20 04:04:37,874 [ERROR] LogOutputStream:75 - [STDERR_REDIRECT] 
2025-06-20 04:04:38,877 [ERROR] LogOutputStream:75 - [STDERR_REDIRECT] [Fatal Error] :1:1: Premature end of file.
2025-06-20 04:04:38,877 [ERROR] LogOutputStream:75 - [STDERR_REDIRECT] 
2025-06-20 04:04:39,882 [ERROR] LogOutputStream:75 - [STDERR_REDIRECT] [Fatal Error] :1:1: Premature end of file.
2025-06-20 04:04:39,882 [ERROR] LogOutputStream:75 - [STDERR_REDIRECT] 
2025-06-20 04:04:40,870 [ERROR] LogOutputStream:75 - [STDERR_REDIRECT] [Fatal Error] :1:1: Premature end of file.
2025-06-20 04:04:40,870 [ERROR] LogOutputStream:75 - [STDERR_REDIRECT] 
2025-06-20 04:04:41,874 [ERROR] LogOutputStream:75 - [STDERR_REDIRECT] [Fatal Error] :1:1: Premature end of file.
2025-06-20 04:04:41,874 [ERROR] LogOutputStream:75 - [STDERR_REDIRECT] 
2025-06-20 04:04:42,886 [ERROR] LogOutputStream:75 - [STDERR_REDIRECT] [Fatal Error] :1:1: Premature end of file.
2025-06-20 04:04:42,886 [ERROR] LogOutputStream:75 - [STDERR_REDIRECT] 
2025-06-20 04:04:43,871 [ERROR] LogOutputStream:75 - [STDERR_REDIRECT] [Fatal Error] :1:1: Premature end of file.
2025-06-20 04:04:43,871 [ERROR] LogOutputStream:75 - [STDERR_REDIRECT] 
2025-06-20 04:04:44,874 [ERROR] LogOutputStream:75 - [STDERR_REDIRECT] [Fatal Error] :1:1: Premature end of file.
2025-06-20 04:04:44,874 [ERROR] LogOutputStream:75 - [STDERR_REDIRECT] 
2025-06-20 04:04:45,877 [ERROR] LogOutputStream:75 - [STDERR_REDIRECT] [Fatal Error] :1:1: Premature end of file.
2025-06-20 04:04:45,877 [ERROR] LogOutputStream:75 - [STDERR_REDIRECT] 
2025-06-20 04:04:46,867 [ERROR] LogOutputStream:75 - [STDERR_REDIRECT] [Fatal Error] :1:1: Premature end of file.
2025-06-20 04:04:46,867 [ERROR] LogOutputStream:75 - [STDERR_REDIRECT] 
2025-06-20 04:04:47,874 [ERROR] LogOutputStream:75 - [STDERR_REDIRECT] [Fatal Error] :1:1: Premature end of file.
2025-06-20 04:04:47,874 [ERROR] LogOutputStream:75 - [STDERR_REDIRECT] 
2025-06-20 04:04:48,878 [ERROR] LogOutputStream:75 - [STDERR_REDIRECT] [Fatal Error] :1:1: Premature end of file.
2025-06-20 04:04:48,878 [ERROR] LogOutputStream:75 - [STDERR_REDIRECT] 
2025-06-20 04:04:49,882 [ERROR] LogOutputStream:75 - [STDERR_REDIRECT] [Fatal Error] :1:1: Premature end of file.
2025-06-20 04:04:49,882 [ERROR] LogOutputStream:75 - [STDERR_REDIRECT] 
2025-06-20 04:04:50,871 [ERROR] LogOutputStream:75 - [STDERR_REDIRECT] [Fatal Error] :1:1: Premature end of file.
2025-06-20 04:04:50,871 [ERROR] LogOutputStream:75 - [STDERR_REDIRECT] 
2025-06-20 04:04:51,877 [ERROR] LogOutputStream:75 - [STDERR_REDIRECT] [Fatal Error] :1:1: Premature end of file.
2025-06-20 04:04:51,877 [ERROR] LogOutputStream:75 - [STDERR_REDIRECT] 
2025-06-20 04:04:52,867 [ERROR] LogOutputStream:75 - [STDERR_REDIRECT] [Fatal Error] :1:1: Premature end of file.
2025-06-20 04:04:52,867 [ERROR] LogOutputStream:75 - [STDERR_REDIRECT] 
2025-06-20 04:04:53,873 [ERROR] LogOutputStream:75 - [STDERR_REDIRECT] [Fatal Error] :1:1: Premature end of file.
2025-06-20 04:04:53,873 [ERROR] LogOutputStream:75 - [STDERR_REDIRECT] 
2025-06-20 04:04:54,874 [ERROR] LogOutputStream:75 - [STDERR_REDIRECT] [Fatal Error] :1:1: Premature end of file.
2025-06-20 04:04:54,874 [ERROR] LogOutputStream:75 - [STDERR_REDIRECT] 
2025-06-20 04:04:55,884 [ERROR] LogOutputStream:75 - [STDERR_REDIRECT] [Fatal Error] :1:1: Premature end of file.
2025-06-20 04:04:55,884 [ERROR] LogOutputStream:75 - [STDERR_REDIRECT] 
2025-06-20 04:04:56,881 [ERROR] LogOutputStream:75 - [STDERR_REDIRECT] [Fatal Error] :1:1: Premature end of file.
2025-06-20 04:04:56,881 [ERROR] LogOutputStream:75 - [STDERR_REDIRECT] 
2025-06-20 04:04:57,876 [ERROR] LogOutputStream:75 - [STDERR_REDIRECT] [Fatal Error] :1:1: Premature end of file.
2025-06-20 04:04:57,876 [ERROR] LogOutputStream:75 - [STDERR_REDIRECT] 
2025-06-20 04:04:58,881 [ERROR] LogOutputStream:75 - [STDERR_REDIRECT] [Fatal Error] :1:1: Premature end of file.
2025-06-20 04:04:58,881 [ERROR] LogOutputStream:75 - [STDERR_REDIRECT] 
2025-06-20 04:04:59,871 [ERROR] LogOutputStream:75 - [STDERR_REDIRECT] [Fatal Error] :1:1: Premature end of file.
2025-06-20 04:04:59,871 [ERROR] LogOutputStream:75 - [STDERR_REDIRECT] 
2025-06-20 04:05:00,874 [ERROR] LogOutputStream:75 - [STDERR_REDIRECT] [Fatal Error] :1:1: Premature end of file.
2025-06-20 04:05:00,874 [ERROR] LogOutputStream:75 - [STDERR_REDIRECT] 
2025-06-20 04:05:01,879 [ERROR] LogOutputStream:75 - [STDERR_REDIRECT] [Fatal Error] :1:1: Premature end of file.
2025-06-20 04:05:01,879 [ERROR] LogOutputStream:75 - [STDERR_REDIRECT] 
2025-06-20 04:05:02,867 [ERROR] LogOutputStream:75 - [STDERR_REDIRECT] [Fatal Error] :1:1: Premature end of file.
2025-06-20 04:05:02,867 [ERROR] LogOutputStream:75 - [STDERR_REDIRECT] 
2025-06-20 04:05:03,874 [ERROR] LogOutputStream:75 - [STDERR_REDIRECT] [Fatal Error] :1:1: Premature end of file.
2025-06-20 04:05:03,874 [ERROR] LogOutputStream:75 - [STDERR_REDIRECT] 
2025-06-20 04:05:04,880 [ERROR] LogOutputStream:75 - [STDERR_REDIRECT] [Fatal Error] :1:1: Premature end of file.
2025-06-20 04:05:04,880 [ERROR] LogOutputStream:75 - [STDERR_REDIRECT] 
2025-06-20 04:05:05,885 [ERROR] LogOutputStream:75 - [STDERR_REDIRECT] [Fatal Error] :1:1: Premature end of file.
2025-06-20 04:05:05,885 [ERROR] LogOutputStream:75 - [STDERR_REDIRECT] 
2025-06-20 04:05:06,887 [ERROR] LogOutputStream:75 - [STDERR_REDIRECT] [Fatal Error] :1:1: Premature end of file.
2025-06-20 04:05:06,887 [ERROR] LogOutputStream:75 - [STDERR_REDIRECT] 
2025-06-20 04:05:07,875 [ERROR] LogOutputStream:75 - [STDERR_REDIRECT] [Fatal Error] :1:1: Premature end of file.
2025-06-20 04:05:07,875 [ERROR] LogOutputStream:75 - [STDERR_REDIRECT] 
2025-06-20 04:05:08,876 [ERROR] LogOutputStream:75 - [STDERR_REDIRECT] [Fatal Error] :1:1: Premature end of file.
2025-06-20 04:05:08,876 [ERROR] LogOutputStream:75 - [STDERR_REDIRECT] 
2025-06-20 04:05:09,892 [ERROR] LogOutputStream:75 - [STDERR_REDIRECT] [Fatal Error] :1:1: Premature end of file.
2025-06-20 04:05:09,892 [ERROR] LogOutputStream:75 - [STDERR_REDIRECT] 
2025-06-20 04:05:10,893 [ERROR] LogOutputStream:75 - [STDERR_REDIRECT] [Fatal Error] :1:1: Premature end of file.
2025-06-20 04:05:10,893 [ERROR] LogOutputStream:75 - [STDERR_REDIRECT] 
2025-06-20 04:05:11,894 [ERROR] LogOutputStream:75 - [STDERR_REDIRECT] [Fatal Error] :1:1: Premature end of file.
2025-06-20 04:05:11,894 [ERROR] LogOutputStream:75 - [STDERR_REDIRECT] 
2025-06-20 04:05:12,878 [ERROR] LogOutputStream:75 - [STDERR_REDIRECT] [Fatal Error] :1:1: Premature end of file.
2025-06-20 04:05:12,878 [ERROR] LogOutputStream:75 - [STDERR_REDIRECT] 
2025-06-20 04:05:13,871 [ERROR] LogOutputStream:75 - [STDERR_REDIRECT] [Fatal Error] :1:1: Premature end of file.
2025-06-20 04:05:13,871 [ERROR] LogOutputStream:75 - [STDERR_REDIRECT] 
2025-06-20 04:05:14,877 [ERROR] LogOutputStream:75 - [STDERR_REDIRECT] [Fatal Error] :1:1: Premature end of file.
2025-06-20 04:05:14,877 [ERROR] LogOutputStream:75 - [STDERR_REDIRECT] 
2025-06-20 04:05:15,869 [ERROR] LogOutputStream:75 - [STDERR_REDIRECT] [Fatal Error] :1:1: Premature end of file.
2025-06-20 04:05:15,869 [ERROR] LogOutputStream:75 - [STDERR_REDIRECT] 
2025-06-20 04:05:16,870 [ERROR] LogOutputStream:75 - [STDERR_REDIRECT] [Fatal Error] :1:1: Premature end of file.
2025-06-20 04:05:16,870 [ERROR] LogOutputStream:75 - [STDERR_REDIRECT] 
2025-06-20 04:05:17,874 [ERROR] LogOutputStream:75 - [STDERR_REDIRECT] [Fatal Error] :1:1: Premature end of file.
2025-06-20 04:05:17,874 [ERROR] LogOutputStream:75 - [STDERR_REDIRECT] 
2025-06-20 04:05:18,877 [ERROR] LogOutputStream:75 - [STDERR_REDIRECT] [Fatal Error] :1:1: Premature end of file.
2025-06-20 04:05:18,877 [ERROR] LogOutputStream:75 - [STDERR_REDIRECT] 
2025-06-20 04:05:19,881 [ERROR] LogOutputStream:75 - [STDERR_REDIRECT] [Fatal Error] :1:1: Premature end of file.
2025-06-20 04:05:19,881 [ERROR] LogOutputStream:75 - [STDERR_REDIRECT] 
2025-06-20 04:05:20,868 [ERROR] LogOutputStream:75 - [STDERR_REDIRECT] [Fatal Error] :1:1: Premature end of file.
2025-06-20 04:05:20,868 [ERROR] LogOutputStream:75 - [STDERR_REDIRECT] 
2025-06-20 04:05:21,876 [ERROR] LogOutputStream:75 - [STDERR_REDIRECT] [Fatal Error] :1:1: Premature end of file.
2025-06-20 04:05:21,876 [ERROR] LogOutputStream:75 - [STDERR_REDIRECT] 
2025-06-20 04:05:22,880 [ERROR] LogOutputStream:75 - [STDERR_REDIRECT] [Fatal Error] :1:1: Premature end of file.
2025-06-20 04:05:22,880 [ERROR] LogOutputStream:75 - [STDERR_REDIRECT] 
2025-06-20 04:05:23,881 [ERROR] LogOutputStream:75 - [STDERR_REDIRECT] [Fatal Error] :1:1: Premature end of file.
2025-06-20 04:05:23,881 [ERROR] LogOutputStream:75 - [STDERR_REDIRECT] 
2025-06-20 04:05:24,873 [ERROR] LogOutputStream:75 - [STDERR_REDIRECT] [Fatal Error] :1:1: Premature end of file.
2025-06-20 04:05:24,873 [ERROR] LogOutputStream:75 - [STDERR_REDIRECT] 
2025-06-20 04:05:25,878 [ERROR] LogOutputStream:75 - [STDERR_REDIRECT] [Fatal Error] :1:1: Premature end of file.
2025-06-20 04:05:25,878 [ERROR] LogOutputStream:75 - [STDERR_REDIRECT] 
2025-06-20 04:05:26,880 [ERROR] LogOutputStream:75 - [STDERR_REDIRECT] [Fatal Error] :1:1: Premature end of file.
2025-06-20 04:05:26,880 [ERROR] LogOutputStream:75 - [STDERR_REDIRECT] 
2025-06-20 04:05:27,884 [ERROR] LogOutputStream:75 - [STDERR_REDIRECT] [Fatal Error] :1:1: Premature end of file.
2025-06-20 04:05:27,884 [ERROR] LogOutputStream:75 - [STDERR_REDIRECT] 
2025-06-20 04:05:28,875 [ERROR] LogOutputStream:75 - [STDERR_REDIRECT] [Fatal Error] :1:1: Premature end of file.
2025-06-20 04:05:28,875 [ERROR] LogOutputStream:75 - [STDERR_REDIRECT] 
2025-06-20 04:05:29,874 [ERROR] LogOutputStream:75 - [STDERR_REDIRECT] [Fatal Error] :1:1: Premature end of file.
2025-06-20 04:05:29,874 [ERROR] LogOutputStream:75 - [STDERR_REDIRECT] 
2025-06-20 04:05:30,872 [ERROR] LogOutputStream:75 - [STDERR_REDIRECT] [Fatal Error] :1:1: Premature end of file.
2025-06-20 04:05:30,872 [ERROR] LogOutputStream:75 - [STDERR_REDIRECT] 
2025-06-20 04:05:31,873 [ERROR] LogOutputStream:75 - [STDERR_REDIRECT] [Fatal Error] :1:1: Premature end of file.
2025-06-20 04:05:31,873 [ERROR] LogOutputStream:75 - [STDERR_REDIRECT] 
2025-06-20 04:05:32,882 [ERROR] LogOutputStream:75 - [STDERR_REDIRECT] [Fatal Error] :1:1: Premature end of file.
2025-06-20 04:05:32,882 [ERROR] LogOutputStream:75 - [STDERR_REDIRECT] 
2025-06-20 04:05:33,879 [ERROR] LogOutputStream:75 - [STDERR_REDIRECT] [Fatal Error] :1:1: Premature end of file.
2025-06-20 04:05:33,879 [ERROR] LogOutputStream:75 - [STDERR_REDIRECT] 
2025-06-20 04:05:34,879 [ERROR] LogOutputStream:75 - [STDERR_REDIRECT] [Fatal Error] :1:1: Premature end of file.
2025-06-20 04:05:34,879 [ERROR] LogOutputStream:75 - [STDERR_REDIRECT] 
2025-06-20 04:05:35,870 [ERROR] LogOutputStream:75 - [STDERR_REDIRECT] [Fatal Error] :1:1: Premature end of file.
2025-06-20 04:05:35,870 [ERROR] LogOutputStream:75 - [STDERR_REDIRECT] 
2025-06-20 04:05:36,882 [ERROR] LogOutputStream:75 - [STDERR_REDIRECT] [Fatal Error] :1:1: Premature end of file.
2025-06-20 04:05:36,882 [ERROR] LogOutputStream:75 - [STDERR_REDIRECT] 
2025-06-20 04:05:37,875 [ERROR] LogOutputStream:75 - [STDERR_REDIRECT] [Fatal Error] :1:1: Premature end of file.
2025-06-20 04:05:37,875 [ERROR] LogOutputStream:75 - [STDERR_REDIRECT] 
2025-06-20 04:05:38,882 [ERROR] LogOutputStream:75 - [STDERR_REDIRECT] [Fatal Error] :1:1: Premature end of file.
2025-06-20 04:05:38,882 [ERROR] LogOutputStream:75 - [STDERR_REDIRECT] 
2025-06-20 04:05:39,870 [ERROR] LogOutputStream:75 - [STDERR_REDIRECT] [Fatal Error] :1:1: Premature end of file.
2025-06-20 04:05:39,870 [ERROR] LogOutputStream:75 - [STDERR_REDIRECT] 
2025-06-20 04:05:40,875 [ERROR] LogOutputStream:75 - [STDERR_REDIRECT] [Fatal Error] :1:1: Premature end of file.
2025-06-20 04:05:40,875 [ERROR] LogOutputStream:75 - [STDERR_REDIRECT] 
2025-06-20 04:05:41,881 [ERROR] LogOutputStream:75 - [STDERR_REDIRECT] [Fatal Error] :1:1: Premature end of file.
2025-06-20 04:05:41,881 [ERROR] LogOutputStream:75 - [STDERR_REDIRECT] 
2025-06-20 04:05:42,873 [ERROR] LogOutputStream:75 - [STDERR_REDIRECT] [Fatal Error] :1:1: Premature end of file.
2025-06-20 04:05:42,873 [ERROR] LogOutputStream:75 - [STDERR_REDIRECT] 
2025-06-20 04:05:43,878 [ERROR] LogOutputStream:75 - [STDERR_REDIRECT] [Fatal Error] :1:1: Premature end of file.
2025-06-20 04:05:43,878 [ERROR] LogOutputStream:75 - [STDERR_REDIRECT] 
2025-06-20 04:05:44,877 [ERROR] LogOutputStream:75 - [STDERR_REDIRECT] [Fatal Error] :1:1: Premature end of file.
2025-06-20 04:05:44,877 [ERROR] LogOutputStream:75 - [STDERR_REDIRECT] 
2025-06-20 04:05:45,885 [ERROR] LogOutputStream:75 - [STDERR_REDIRECT] [Fatal Error] :1:1: Premature end of file.
2025-06-20 04:05:45,885 [ERROR] LogOutputStream:75 - [STDERR_REDIRECT] 
2025-06-20 04:05:46,882 [ERROR] LogOutputStream:75 - [STDERR_REDIRECT] [Fatal Error] :1:1: Premature end of file.
2025-06-20 04:05:46,882 [ERROR] LogOutputStream:75 - [STDERR_REDIRECT] 
2025-06-20 04:05:47,866 [ERROR] LogOutputStream:75 - [STDERR_REDIRECT] [Fatal Error] :1:1: Premature end of file.
2025-06-20 04:05:47,866 [ERROR] LogOutputStream:75 - [STDERR_REDIRECT] 
2025-06-20 04:05:48,873 [ERROR] LogOutputStream:75 - [STDERR_REDIRECT] [Fatal Error] :1:1: Premature end of file.
2025-06-20 04:05:48,873 [ERROR] LogOutputStream:75 - [STDERR_REDIRECT] 
2025-06-20 04:05:49,891 [ERROR] LogOutputStream:75 - [STDERR_REDIRECT] [Fatal Error] :1:1: Premature end of file.
2025-06-20 04:05:49,891 [ERROR] LogOutputStream:75 - [STDERR_REDIRECT] 
2025-06-20 04:05:50,871 [ERROR] LogOutputStream:75 - [STDERR_REDIRECT] [Fatal Error] :1:1: Premature end of file.
2025-06-20 04:05:50,871 [ERROR] LogOutputStream:75 - [STDERR_REDIRECT] 
2025-06-20 04:05:51,876 [ERROR] LogOutputStream:75 - [STDERR_REDIRECT] [Fatal Error] :1:1: Premature end of file.
2025-06-20 04:05:51,876 [ERROR] LogOutputStream:75 - [STDERR_REDIRECT] 
2025-06-20 04:05:52,889 [ERROR] LogOutputStream:75 - [STDERR_REDIRECT] [Fatal Error] :1:1: Premature end of file.
2025-06-20 04:05:52,889 [ERROR] LogOutputStream:75 - [STDERR_REDIRECT] 
2025-06-20 04:05:53,868 [ERROR] LogOutputStream:75 - [STDERR_REDIRECT] [Fatal Error] :1:1: Premature end of file.
2025-06-20 04:05:53,868 [ERROR] LogOutputStream:75 - [STDERR_REDIRECT] 
2025-06-20 04:05:54,874 [ERROR] LogOutputStream:75 - [STDERR_REDIRECT] [Fatal Error] :1:1: Premature end of file.
2025-06-20 04:05:54,874 [ERROR] LogOutputStream:75 - [STDERR_REDIRECT] 
2025-06-20 04:05:55,891 [ERROR] LogOutputStream:75 - [STDERR_REDIRECT] [Fatal Error] :1:1: Premature end of file.
2025-06-20 04:05:55,891 [ERROR] LogOutputStream:75 - [STDERR_REDIRECT] 
2025-06-20 04:05:56,869 [ERROR] LogOutputStream:75 - [STDERR_REDIRECT] [Fatal Error] :1:1: Premature end of file.
2025-06-20 04:05:56,869 [ERROR] LogOutputStream:75 - [STDERR_REDIRECT] 
2025-06-20 04:05:57,875 [ERROR] LogOutputStream:75 - [STDERR_REDIRECT] [Fatal Error] :1:1: Premature end of file.
2025-06-20 04:05:57,875 [ERROR] LogOutputStream:75 - [STDERR_REDIRECT] 
2025-06-20 04:05:58,880 [ERROR] LogOutputStream:75 - [STDERR_REDIRECT] [Fatal Error] :1:1: Premature end of file.
2025-06-20 04:05:58,880 [ERROR] LogOutputStream:75 - [STDERR_REDIRECT] 
2025-06-20 04:05:59,881 [ERROR] LogOutputStream:75 - [STDERR_REDIRECT] [Fatal Error] :1:1: Premature end of file.
2025-06-20 04:05:59,881 [ERROR] LogOutputStream:75 - [STDERR_REDIRECT] 
2025-06-20 04:06:00,873 [ERROR] LogOutputStream:75 - [STDERR_REDIRECT] [Fatal Error] :1:1: Premature end of file.
2025-06-20 04:06:00,873 [ERROR] LogOutputStream:75 - [STDERR_REDIRECT] 
2025-06-20 04:06:01,882 [ERROR] LogOutputStream:75 - [STDERR_REDIRECT] [Fatal Error] :1:1: Premature end of file.
2025-06-20 04:06:01,882 [ERROR] LogOutputStream:75 - [STDERR_REDIRECT] 
2025-06-20 04:06:02,869 [ERROR] LogOutputStream:75 - [STDERR_REDIRECT] [Fatal Error] :1:1: Premature end of file.
2025-06-20 04:06:02,869 [ERROR] LogOutputStream:75 - [STDERR_REDIRECT] 
2025-06-20 04:06:03,876 [ERROR] LogOutputStream:75 - [STDERR_REDIRECT] [Fatal Error] :1:1: Premature end of file.
2025-06-20 04:06:03,876 [ERROR] LogOutputStream:75 - [STDERR_REDIRECT] 
2025-06-20 04:06:04,881 [ERROR] LogOutputStream:75 - [STDERR_REDIRECT] [Fatal Error] :1:1: Premature end of file.
2025-06-20 04:06:04,881 [ERROR] LogOutputStream:75 - [STDERR_REDIRECT] 
2025-06-20 04:06:05,874 [ERROR] LogOutputStream:75 - [STDERR_REDIRECT] [Fatal Error] :1:1: Premature end of file.
2025-06-20 04:06:05,874 [ERROR] LogOutputStream:75 - [STDERR_REDIRECT] 
2025-06-20 04:06:06,874 [ERROR] LogOutputStream:75 - [STDERR_REDIRECT] [Fatal Error] :1:1: Premature end of file.
2025-06-20 04:06:06,874 [ERROR] LogOutputStream:75 - [STDERR_REDIRECT] 
2025-06-20 04:06:07,876 [ERROR] LogOutputStream:75 - [STDERR_REDIRECT] [Fatal Error] :1:1: Premature end of file.
2025-06-20 04:06:07,876 [ERROR] LogOutputStream:75 - [STDERR_REDIRECT] 
2025-06-20 04:06:08,878 [ERROR] LogOutputStream:75 - [STDERR_REDIRECT] [Fatal Error] :1:1: Premature end of file.
2025-06-20 04:06:08,878 [ERROR] LogOutputStream:75 - [STDERR_REDIRECT] 
2025-06-20 04:06:09,878 [ERROR] LogOutputStream:75 - [STDERR_REDIRECT] [Fatal Error] :1:1: Premature end of file.
2025-06-20 04:06:09,878 [ERROR] LogOutputStream:75 - [STDERR_REDIRECT] 
2025-06-20 04:06:10,879 [ERROR] LogOutputStream:75 - [STDERR_REDIRECT] [Fatal Error] :1:1: Premature end of file.
2025-06-20 04:06:10,879 [ERROR] LogOutputStream:75 - [STDERR_REDIRECT] 
2025-06-20 04:06:11,884 [ERROR] LogOutputStream:75 - [STDERR_REDIRECT] [Fatal Error] :1:1: Premature end of file.
2025-06-20 04:06:11,884 [ERROR] LogOutputStream:75 - [STDERR_REDIRECT] 
2025-06-20 04:06:12,866 [ERROR] LogOutputStream:75 - [STDERR_REDIRECT] [Fatal Error] :1:1: Premature end of file.
2025-06-20 04:06:12,866 [ERROR] LogOutputStream:75 - [STDERR_REDIRECT] 
2025-06-20 04:06:13,880 [ERROR] LogOutputStream:75 - [STDERR_REDIRECT] [Fatal Error] :1:1: Premature end of file.
2025-06-20 04:06:13,880 [ERROR] LogOutputStream:75 - [STDERR_REDIRECT] 
2025-06-20 04:06:14,869 [ERROR] LogOutputStream:75 - [STDERR_REDIRECT] [Fatal Error] :1:1: Premature end of file.
2025-06-20 04:06:14,869 [ERROR] LogOutputStream:75 - [STDERR_REDIRECT] 
2025-06-20 04:06:15,884 [ERROR] LogOutputStream:75 - [STDERR_REDIRECT] [Fatal Error] :1:1: Premature end of file.
2025-06-20 04:06:15,884 [ERROR] LogOutputStream:75 - [STDERR_REDIRECT] 
2025-06-20 04:06:16,878 [ERROR] LogOutputStream:75 - [STDERR_REDIRECT] [Fatal Error] :1:1: Premature end of file.
2025-06-20 04:06:16,878 [ERROR] LogOutputStream:75 - [STDERR_REDIRECT] 
2025-06-20 04:06:17,879 [ERROR] LogOutputStream:75 - [STDERR_REDIRECT] [Fatal Error] :1:1: Premature end of file.
2025-06-20 04:06:17,879 [ERROR] LogOutputStream:75 - [STDERR_REDIRECT] 
2025-06-20 04:06:18,873 [ERROR] LogOutputStream:75 - [STDERR_REDIRECT] [Fatal Error] :1:1: Premature end of file.
2025-06-20 04:06:18,873 [ERROR] LogOutputStream:75 - [STDERR_REDIRECT] 
2025-06-20 04:06:19,888 [ERROR] LogOutputStream:75 - [STDERR_REDIRECT] [Fatal Error] :1:1: Premature end of file.
2025-06-20 04:06:19,888 [ERROR] LogOutputStream:75 - [STDERR_REDIRECT] 
2025-06-20 04:06:20,882 [ERROR] LogOutputStream:75 - [STDERR_REDIRECT] [Fatal Error] :1:1: Premature end of file.
2025-06-20 04:06:20,882 [ERROR] LogOutputStream:75 - [STDERR_REDIRECT] 
2025-06-20 04:06:21,869 [ERROR] LogOutputStream:75 - [STDERR_REDIRECT] [Fatal Error] :1:1: Premature end of file.
2025-06-20 04:06:21,869 [ERROR] LogOutputStream:75 - [STDERR_REDIRECT] 
2025-06-20 04:06:22,876 [ERROR] LogOutputStream:75 - [STDERR_REDIRECT] [Fatal Error] :1:1: Premature end of file.
2025-06-20 04:06:22,876 [ERROR] LogOutputStream:75 - [STDERR_REDIRECT] 
2025-06-20 04:06:23,881 [ERROR] LogOutputStream:75 - [STDERR_REDIRECT] [Fatal Error] :1:1: Premature end of file.
2025-06-20 04:06:23,881 [ERROR] LogOutputStream:75 - [STDERR_REDIRECT] 
2025-06-20 04:06:24,871 [ERROR] LogOutputStream:75 - [STDERR_REDIRECT] [Fatal Error] :1:1: Premature end of file.
2025-06-20 04:06:24,871 [ERROR] LogOutputStream:75 - [STDERR_REDIRECT] 
2025-06-20 04:06:25,876 [ERROR] LogOutputStream:75 - [STDERR_REDIRECT] [Fatal Error] :1:1: Premature end of file.
2025-06-20 04:06:25,876 [ERROR] LogOutputStream:75 - [STDERR_REDIRECT] 
2025-06-20 04:06:26,880 [ERROR] LogOutputStream:75 - [STDERR_REDIRECT] [Fatal Error] :1:1: Premature end of file.
2025-06-20 04:06:26,880 [ERROR] LogOutputStream:75 - [STDERR_REDIRECT] 
2025-06-20 04:06:27,870 [ERROR] LogOutputStream:75 - [STDERR_REDIRECT] [Fatal Error] :1:1: Premature end of file.
2025-06-20 04:06:27,870 [ERROR] LogOutputStream:75 - [STDERR_REDIRECT] 
2025-06-20 04:06:28,871 [ERROR] LogOutputStream:75 - [STDERR_REDIRECT] [Fatal Error] :1:1: Premature end of file.
2025-06-20 04:06:28,871 [ERROR] LogOutputStream:75 - [STDERR_REDIRECT] 
2025-06-20 04:06:29,886 [ERROR] LogOutputStream:75 - [STDERR_REDIRECT] [Fatal Error] :1:1: Premature end of file.
2025-06-20 04:06:29,886 [ERROR] LogOutputStream:75 - [STDERR_REDIRECT] 
2025-06-20 04:06:30,881 [ERROR] LogOutputStream:75 - [STDERR_REDIRECT] [Fatal Error] :1:1: Premature end of file.
2025-06-20 04:06:30,881 [ERROR] LogOutputStream:75 - [STDERR_REDIRECT] 
2025-06-20 04:06:31,868 [ERROR] LogOutputStream:75 - [STDERR_REDIRECT] [Fatal Error] :1:1: Premature end of file.
2025-06-20 04:06:31,868 [ERROR] LogOutputStream:75 - [STDERR_REDIRECT] 
2025-06-20 04:06:32,871 [ERROR] LogOutputStream:75 - [STDERR_REDIRECT] [Fatal Error] :1:1: Premature end of file.
2025-06-20 04:06:32,871 [ERROR] LogOutputStream:75 - [STDERR_REDIRECT] 
2025-06-20 04:06:33,868 [ERROR] LogOutputStream:75 - [STDERR_REDIRECT] [Fatal Error] :1:1: Premature end of file.
2025-06-20 04:06:33,868 [ERROR] LogOutputStream:75 - [STDERR_REDIRECT] 
2025-06-20 04:06:34,868 [ERROR] LogOutputStream:75 - [STDERR_REDIRECT] [Fatal Error] :1:1: Premature end of file.
2025-06-20 04:06:34,868 [ERROR] LogOutputStream:75 - [STDERR_REDIRECT] 
2025-06-20 04:06:35,868 [ERROR] LogOutputStream:75 - [STDERR_REDIRECT] [Fatal Error] :1:1: Premature end of file.
2025-06-20 04:06:35,868 [ERROR] LogOutputStream:75 - [STDERR_REDIRECT] 
2025-06-20 04:06:36,867 [ERROR] LogOutputStream:75 - [STDERR_REDIRECT] [Fatal Error] :1:1: Premature end of file.
2025-06-20 04:06:36,867 [ERROR] LogOutputStream:75 - [STDERR_REDIRECT] 
2025-06-20 04:06:37,872 [ERROR] LogOutputStream:75 - [STDERR_REDIRECT] [Fatal Error] :1:1: Premature end of file.
2025-06-20 04:06:37,872 [ERROR] LogOutputStream:75 - [STDERR_REDIRECT] 
2025-06-20 04:06:38,877 [ERROR] LogOutputStream:75 - [STDERR_REDIRECT] [Fatal Error] :1:1: Premature end of file.
2025-06-20 04:06:38,877 [ERROR] LogOutputStream:75 - [STDERR_REDIRECT] 
2025-06-20 04:06:39,879 [ERROR] LogOutputStream:75 - [STDERR_REDIRECT] [Fatal Error] :1:1: Premature end of file.
2025-06-20 04:06:39,879 [ERROR] LogOutputStream:75 - [STDERR_REDIRECT] 
2025-06-20 04:06:40,869 [ERROR] LogOutputStream:75 - [STDERR_REDIRECT] [Fatal Error] :1:1: Premature end of file.
2025-06-20 04:06:40,869 [ERROR] LogOutputStream:75 - [STDERR_REDIRECT] 
2025-06-20 04:06:41,885 [ERROR] LogOutputStream:75 - [STDERR_REDIRECT] [Fatal Error] :1:1: Premature end of file.
2025-06-20 04:06:41,885 [ERROR] LogOutputStream:75 - [STDERR_REDIRECT] 
2025-06-20 04:06:42,878 [ERROR] LogOutputStream:75 - [STDERR_REDIRECT] [Fatal Error] :1:1: Premature end of file.
2025-06-20 04:06:42,878 [ERROR] LogOutputStream:75 - [STDERR_REDIRECT] 
2025-06-20 04:06:43,882 [ERROR] LogOutputStream:75 - [STDERR_REDIRECT] [Fatal Error] :1:1: Premature end of file.
2025-06-20 04:06:43,882 [ERROR] LogOutputStream:75 - [STDERR_REDIRECT] 
2025-06-20 04:06:44,871 [ERROR] LogOutputStream:75 - [STDERR_REDIRECT] [Fatal Error] :1:1: Premature end of file.
2025-06-20 04:06:44,871 [ERROR] LogOutputStream:75 - [STDERR_REDIRECT] 
2025-06-20 04:06:45,886 [ERROR] LogOutputStream:75 - [STDERR_REDIRECT] [Fatal Error] :1:1: Premature end of file.
2025-06-20 04:06:45,886 [ERROR] LogOutputStream:75 - [STDERR_REDIRECT] 
2025-06-20 04:06:46,893 [ERROR] LogOutputStream:75 - [STDERR_REDIRECT] [Fatal Error] :1:1: Premature end of file.
2025-06-20 04:06:46,893 [ERROR] LogOutputStream:75 - [STDERR_REDIRECT] 
2025-06-20 04:06:47,868 [ERROR] LogOutputStream:75 - [STDERR_REDIRECT] [Fatal Error] :1:1: Premature end of file.
2025-06-20 04:06:47,868 [ERROR] LogOutputStream:75 - [STDERR_REDIRECT] 
2025-06-20 04:06:48,875 [ERROR] LogOutputStream:75 - [STDERR_REDIRECT] [Fatal Error] :1:1: Premature end of file.
2025-06-20 04:06:48,875 [ERROR] LogOutputStream:75 - [STDERR_REDIRECT] 
2025-06-20 04:06:49,880 [ERROR] LogOutputStream:75 - [STDERR_REDIRECT] [Fatal Error] :1:1: Premature end of file.
2025-06-20 04:06:49,880 [ERROR] LogOutputStream:75 - [STDERR_REDIRECT] 
2025-06-20 04:06:50,870 [ERROR] LogOutputStream:75 - [STDERR_REDIRECT] [Fatal Error] :1:1: Premature end of file.
2025-06-20 04:06:50,870 [ERROR] LogOutputStream:75 - [STDERR_REDIRECT] 
2025-06-20 04:06:51,872 [ERROR] LogOutputStream:75 - [STDERR_REDIRECT] [Fatal Error] :1:1: Premature end of file.
2025-06-20 04:06:51,872 [ERROR] LogOutputStream:75 - [STDERR_REDIRECT] 
2025-06-20 04:06:52,879 [ERROR] LogOutputStream:75 - [STDERR_REDIRECT] [Fatal Error] :1:1: Premature end of file.
2025-06-20 04:06:52,879 [ERROR] LogOutputStream:75 - [STDERR_REDIRECT] 
2025-06-20 04:06:53,870 [ERROR] LogOutputStream:75 - [STDERR_REDIRECT] [Fatal Error] :1:1: Premature end of file.
2025-06-20 04:06:53,870 [ERROR] LogOutputStream:75 - [STDERR_REDIRECT] 
2025-06-20 04:06:54,873 [ERROR] LogOutputStream:75 - [STDERR_REDIRECT] [Fatal Error] :1:1: Premature end of file.
2025-06-20 04:06:54,873 [ERROR] LogOutputStream:75 - [STDERR_REDIRECT] 
2025-06-20 04:06:55,878 [ERROR] LogOutputStream:75 - [STDERR_REDIRECT] [Fatal Error] :1:1: Premature end of file.
2025-06-20 04:06:55,878 [ERROR] LogOutputStream:75 - [STDERR_REDIRECT] 
2025-06-20 04:06:56,870 [ERROR] LogOutputStream:75 - [STDERR_REDIRECT] [Fatal Error] :1:1: Premature end of file.
2025-06-20 04:06:56,870 [ERROR] LogOutputStream:75 - [STDERR_REDIRECT] 
2025-06-20 04:06:57,873 [ERROR] LogOutputStream:75 - [STDERR_REDIRECT] [Fatal Error] :1:1: Premature end of file.
2025-06-20 04:06:57,873 [ERROR] LogOutputStream:75 - [STDERR_REDIRECT] 
2025-06-20 04:06:58,878 [ERROR] LogOutputStream:75 - [STDERR_REDIRECT] [Fatal Error] :1:1: Premature end of file.
2025-06-20 04:06:58,878 [ERROR] LogOutputStream:75 - [STDERR_REDIRECT] 
2025-06-20 04:06:59,881 [ERROR] LogOutputStream:75 - [STDERR_REDIRECT] [Fatal Error] :1:1: Premature end of file.
2025-06-20 04:06:59,881 [ERROR] LogOutputStream:75 - [STDERR_REDIRECT] 
2025-06-20 04:07:00,872 [ERROR] LogOutputStream:75 - [STDERR_REDIRECT] [Fatal Error] :1:1: Premature end of file.
2025-06-20 04:07:00,872 [ERROR] LogOutputStream:75 - [STDERR_REDIRECT] 
2025-06-20 04:07:01,875 [ERROR] LogOutputStream:75 - [STDERR_REDIRECT] [Fatal Error] :1:1: Premature end of file.
2025-06-20 04:07:01,875 [ERROR] LogOutputStream:75 - [STDERR_REDIRECT] 
2025-06-20 04:07:02,881 [ERROR] LogOutputStream:75 - [STDERR_REDIRECT] [Fatal Error] :1:1: Premature end of file.
2025-06-20 04:07:02,881 [ERROR] LogOutputStream:75 - [STDERR_REDIRECT] 
2025-06-20 04:07:03,870 [ERROR] LogOutputStream:75 - [STDERR_REDIRECT] [Fatal Error] :1:1: Premature end of file.
2025-06-20 04:07:03,870 [ERROR] LogOutputStream:75 - [STDERR_REDIRECT] 
2025-06-20 04:07:04,888 [ERROR] LogOutputStream:75 - [STDERR_REDIRECT] [Fatal Error] :1:1: Premature end of file.
2025-06-20 04:07:04,888 [ERROR] LogOutputStream:75 - [STDERR_REDIRECT] 
2025-06-20 04:07:05,870 [ERROR] LogOutputStream:75 - [STDERR_REDIRECT] [Fatal Error] :1:1: Premature end of file.
2025-06-20 04:07:05,870 [ERROR] LogOutputStream:75 - [STDERR_REDIRECT] 
2025-06-20 04:07:06,873 [ERROR] LogOutputStream:75 - [STDERR_REDIRECT] [Fatal Error] :1:1: Premature end of file.
2025-06-20 04:07:06,873 [ERROR] LogOutputStream:75 - [STDERR_REDIRECT] 
2025-06-20 04:07:07,873 [ERROR] LogOutputStream:75 - [STDERR_REDIRECT] [Fatal Error] :1:1: Premature end of file.
2025-06-20 04:07:07,873 [ERROR] LogOutputStream:75 - [STDERR_REDIRECT] 
2025-06-20 04:07:08,875 [ERROR] LogOutputStream:75 - [STDERR_REDIRECT] [Fatal Error] :1:1: Premature end of file.
2025-06-20 04:07:08,875 [ERROR] LogOutputStream:75 - [STDERR_REDIRECT] 
2025-06-20 04:07:09,891 [ERROR] LogOutputStream:75 - [STDERR_REDIRECT] [Fatal Error] :1:1: Premature end of file.
2025-06-20 04:07:09,891 [ERROR] LogOutputStream:75 - [STDERR_REDIRECT] 
2025-06-20 04:07:10,874 [ERROR] LogOutputStream:75 - [STDERR_REDIRECT] [Fatal Error] :1:1: Premature end of file.
2025-06-20 04:07:10,874 [ERROR] LogOutputStream:75 - [STDERR_REDIRECT] 
2025-06-20 04:07:11,883 [ERROR] LogOutputStream:75 - [STDERR_REDIRECT] [Fatal Error] :1:1: Premature end of file.
2025-06-20 04:07:11,883 [ERROR] LogOutputStream:75 - [STDERR_REDIRECT] 
2025-06-20 04:07:12,883 [ERROR] LogOutputStream:75 - [STDERR_REDIRECT] [Fatal Error] :1:1: Premature end of file.
2025-06-20 04:07:12,883 [ERROR] LogOutputStream:75 - [STDERR_REDIRECT] 
2025-06-20 04:07:13,875 [ERROR] LogOutputStream:75 - [STDERR_REDIRECT] [Fatal Error] :1:1: Premature end of file.
2025-06-20 04:07:13,875 [ERROR] LogOutputStream:75 - [STDERR_REDIRECT] 
2025-06-20 04:07:14,881 [ERROR] LogOutputStream:75 - [STDERR_REDIRECT] [Fatal Error] :1:1: Premature end of file.
2025-06-20 04:07:14,881 [ERROR] LogOutputStream:75 - [STDERR_REDIRECT] 
2025-06-20 04:07:15,869 [ERROR] LogOutputStream:75 - [STDERR_REDIRECT] [Fatal Error] :1:1: Premature end of file.
2025-06-20 04:07:15,869 [ERROR] LogOutputStream:75 - [STDERR_REDIRECT] 
2025-06-20 04:07:16,880 [ERROR] LogOutputStream:75 - [STDERR_REDIRECT] [Fatal Error] :1:1: Premature end of file.
2025-06-20 04:07:16,880 [ERROR] LogOutputStream:75 - [STDERR_REDIRECT] 
2025-06-20 04:07:17,879 [ERROR] LogOutputStream:75 - [STDERR_REDIRECT] [Fatal Error] :1:1: Premature end of file.
2025-06-20 04:07:17,879 [ERROR] LogOutputStream:75 - [STDERR_REDIRECT] 
2025-06-20 04:07:18,866 [ERROR] LogOutputStream:75 - [STDERR_REDIRECT] [Fatal Error] :1:1: Premature end of file.
2025-06-20 04:07:18,866 [ERROR] LogOutputStream:75 - [STDERR_REDIRECT] 
2025-06-20 04:07:19,875 [ERROR] LogOutputStream:75 - [STDERR_REDIRECT] [Fatal Error] :1:1: Premature end of file.
2025-06-20 04:07:19,875 [ERROR] LogOutputStream:75 - [STDERR_REDIRECT] 
2025-06-20 04:07:20,880 [ERROR] LogOutputStream:75 - [STDERR_REDIRECT] [Fatal Error] :1:1: Premature end of file.
2025-06-20 04:07:20,880 [ERROR] LogOutputStream:75 - [STDERR_REDIRECT] 
2025-06-20 04:07:21,868 [ERROR] LogOutputStream:75 - [STDERR_REDIRECT] [Fatal Error] :1:1: Premature end of file.
2025-06-20 04:07:21,868 [ERROR] LogOutputStream:75 - [STDERR_REDIRECT] 
2025-06-20 04:07:22,873 [ERROR] LogOutputStream:75 - [STDERR_REDIRECT] [Fatal Error] :1:1: Premature end of file.
2025-06-20 04:07:22,873 [ERROR] LogOutputStream:75 - [STDERR_REDIRECT] 
2025-06-20 04:07:23,879 [ERROR] LogOutputStream:75 - [STDERR_REDIRECT] [Fatal Error] :1:1: Premature end of file.
2025-06-20 04:07:23,879 [ERROR] LogOutputStream:75 - [STDERR_REDIRECT] 
2025-06-20 04:07:24,872 [ERROR] LogOutputStream:75 - [STDERR_REDIRECT] [Fatal Error] :1:1: Premature end of file.
2025-06-20 04:07:24,872 [ERROR] LogOutputStream:75 - [STDERR_REDIRECT] 
2025-06-20 04:07:25,875 [ERROR] LogOutputStream:75 - [STDERR_REDIRECT] [Fatal Error] :1:1: Premature end of file.
2025-06-20 04:07:25,875 [ERROR] LogOutputStream:75 - [STDERR_REDIRECT] 
2025-06-20 04:07:26,881 [ERROR] LogOutputStream:75 - [STDERR_REDIRECT] [Fatal Error] :1:1: Premature end of file.
2025-06-20 04:07:26,881 [ERROR] LogOutputStream:75 - [STDERR_REDIRECT] 
2025-06-20 04:07:27,882 [ERROR] LogOutputStream:75 - [STDERR_REDIRECT] [Fatal Error] :1:1: Premature end of file.
2025-06-20 04:07:27,882 [ERROR] LogOutputStream:75 - [STDERR_REDIRECT] 
2025-06-20 04:07:28,879 [ERROR] LogOutputStream:75 - [STDERR_REDIRECT] [Fatal Error] :1:1: Premature end of file.
2025-06-20 04:07:28,879 [ERROR] LogOutputStream:75 - [STDERR_REDIRECT] 
2025-06-20 04:07:29,869 [ERROR] LogOutputStream:75 - [STDERR_REDIRECT] [Fatal Error] :1:1: Premature end of file.
2025-06-20 04:07:29,869 [ERROR] LogOutputStream:75 - [STDERR_REDIRECT] 
2025-06-20 04:07:30,888 [ERROR] LogOutputStream:75 - [STDERR_REDIRECT] [Fatal Error] :1:1: Premature end of file.
2025-06-20 04:07:30,888 [ERROR] LogOutputStream:75 - [STDERR_REDIRECT] 
2025-06-20 04:07:31,890 [ERROR] LogOutputStream:75 - [STDERR_REDIRECT] [Fatal Error] :1:1: Premature end of file.
2025-06-20 04:07:31,890 [ERROR] LogOutputStream:75 - [STDERR_REDIRECT] 
2025-06-20 04:07:32,877 [ERROR] LogOutputStream:75 - [STDERR_REDIRECT] [Fatal Error] :1:1: Premature end of file.
2025-06-20 04:07:32,877 [ERROR] LogOutputStream:75 - [STDERR_REDIRECT] 
2025-06-20 04:07:33,885 [ERROR] LogOutputStream:75 - [STDERR_REDIRECT] [Fatal Error] :1:1: Premature end of file.
2025-06-20 04:07:33,885 [ERROR] LogOutputStream:75 - [STDERR_REDIRECT] 
2025-06-20 04:07:34,870 [ERROR] LogOutputStream:75 - [STDERR_REDIRECT] [Fatal Error] :1:1: Premature end of file.
2025-06-20 04:07:34,870 [ERROR] LogOutputStream:75 - [STDERR_REDIRECT] 
2025-06-20 04:07:35,877 [ERROR] LogOutputStream:75 - [STDERR_REDIRECT] [Fatal Error] :1:1: Premature end of file.
2025-06-20 04:07:35,877 [ERROR] LogOutputStream:75 - [STDERR_REDIRECT] 
2025-06-20 04:07:36,883 [ERROR] LogOutputStream:75 - [STDERR_REDIRECT] [Fatal Error] :1:1: Premature end of file.
2025-06-20 04:07:36,883 [ERROR] LogOutputStream:75 - [STDERR_REDIRECT] 
2025-06-20 04:07:37,869 [ERROR] LogOutputStream:75 - [STDERR_REDIRECT] [Fatal Error] :1:1: Premature end of file.
2025-06-20 04:07:37,869 [ERROR] LogOutputStream:75 - [STDERR_REDIRECT] 
2025-06-20 04:07:38,882 [ERROR] LogOutputStream:75 - [STDERR_REDIRECT] [Fatal Error] :1:1: Premature end of file.
2025-06-20 04:07:38,882 [ERROR] LogOutputStream:75 - [STDERR_REDIRECT] 
2025-06-20 04:07:39,880 [ERROR] LogOutputStream:75 - [STDERR_REDIRECT] [Fatal Error] :1:1: Premature end of file.
2025-06-20 04:07:39,880 [ERROR] LogOutputStream:75 - [STDERR_REDIRECT] 
2025-06-20 04:07:40,881 [ERROR] LogOutputStream:75 - [STDERR_REDIRECT] [Fatal Error] :1:1: Premature end of file.
2025-06-20 04:07:40,881 [ERROR] LogOutputStream:75 - [STDERR_REDIRECT] 
2025-06-20 04:07:41,867 [ERROR] LogOutputStream:75 - [STDERR_REDIRECT] [Fatal Error] :1:1: Premature end of file.
2025-06-20 04:07:41,867 [ERROR] LogOutputStream:75 - [STDERR_REDIRECT] 
2025-06-20 04:07:42,881 [ERROR] LogOutputStream:75 - [STDERR_REDIRECT] [Fatal Error] :1:1: Premature end of file.
2025-06-20 04:07:42,881 [ERROR] LogOutputStream:75 - [STDERR_REDIRECT] 
2025-06-20 04:07:43,871 [ERROR] LogOutputStream:75 - [STDERR_REDIRECT] [Fatal Error] :1:1: Premature end of file.
2025-06-20 04:07:43,871 [ERROR] LogOutputStream:75 - [STDERR_REDIRECT] 
2025-06-20 04:07:44,878 [ERROR] LogOutputStream:75 - [STDERR_REDIRECT] [Fatal Error] :1:1: Premature end of file.
2025-06-20 04:07:44,878 [ERROR] LogOutputStream:75 - [STDERR_REDIRECT] 
2025-06-20 04:07:45,881 [ERROR] LogOutputStream:75 - [STDERR_REDIRECT] [Fatal Error] :1:1: Premature end of file.
2025-06-20 04:07:45,881 [ERROR] LogOutputStream:75 - [STDERR_REDIRECT] 
2025-06-20 04:07:46,872 [ERROR] LogOutputStream:75 - [STDERR_REDIRECT] [Fatal Error] :1:1: Premature end of file.
2025-06-20 04:07:46,872 [ERROR] LogOutputStream:75 - [STDERR_REDIRECT] 
2025-06-20 04:07:47,877 [ERROR] LogOutputStream:75 - [STDERR_REDIRECT] [Fatal Error] :1:1: Premature end of file.
2025-06-20 04:07:47,877 [ERROR] LogOutputStream:75 - [STDERR_REDIRECT] 
2025-06-20 04:07:48,881 [ERROR] LogOutputStream:75 - [STDERR_REDIRECT] [Fatal Error] :1:1: Premature end of file.
2025-06-20 04:07:48,881 [ERROR] LogOutputStream:75 - [STDERR_REDIRECT] 
2025-06-20 04:07:49,881 [ERROR] LogOutputStream:75 - [STDERR_REDIRECT] [Fatal Error] :1:1: Premature end of file.
2025-06-20 04:07:49,881 [ERROR] LogOutputStream:75 - [STDERR_REDIRECT] 
2025-06-20 04:07:50,870 [ERROR] LogOutputStream:75 - [STDERR_REDIRECT] [Fatal Error] :1:1: Premature end of file.
2025-06-20 04:07:50,870 [ERROR] LogOutputStream:75 - [STDERR_REDIRECT] 
2025-06-20 04:07:51,873 [ERROR] LogOutputStream:75 - [STDERR_REDIRECT] [Fatal Error] :1:1: Premature end of file.
2025-06-20 04:07:51,873 [ERROR] LogOutputStream:75 - [STDERR_REDIRECT] 
2025-06-20 04:07:52,887 [ERROR] LogOutputStream:75 - [STDERR_REDIRECT] [Fatal Error] :1:1: Premature end of file.
2025-06-20 04:07:52,887 [ERROR] LogOutputStream:75 - [STDERR_REDIRECT] 
2025-06-20 04:07:53,880 [ERROR] LogOutputStream:75 - [STDERR_REDIRECT] [Fatal Error] :1:1: Premature end of file.
2025-06-20 04:07:53,880 [ERROR] LogOutputStream:75 - [STDERR_REDIRECT] 
2025-06-20 04:07:54,880 [ERROR] LogOutputStream:75 - [STDERR_REDIRECT] [Fatal Error] :1:1: Premature end of file.
2025-06-20 04:07:54,880 [ERROR] LogOutputStream:75 - [STDERR_REDIRECT] 
2025-06-20 04:07:55,891 [ERROR] LogOutputStream:75 - [STDERR_REDIRECT] [Fatal Error] :1:1: Premature end of file.
2025-06-20 04:07:55,891 [ERROR] LogOutputStream:75 - [STDERR_REDIRECT] 
2025-06-20 04:07:56,891 [ERROR] LogOutputStream:75 - [STDERR_REDIRECT] [Fatal Error] :1:1: Premature end of file.
2025-06-20 04:07:56,891 [ERROR] LogOutputStream:75 - [STDERR_REDIRECT] 
2025-06-20 04:07:57,884 [ERROR] LogOutputStream:75 - [STDERR_REDIRECT] [Fatal Error] :1:1: Premature end of file.
2025-06-20 04:07:57,884 [ERROR] LogOutputStream:75 - [STDERR_REDIRECT] 
2025-06-20 04:07:58,876 [ERROR] LogOutputStream:75 - [STDERR_REDIRECT] [Fatal Error] :1:1: Premature end of file.
2025-06-20 04:07:58,876 [ERROR] LogOutputStream:75 - [STDERR_REDIRECT] 
2025-06-20 04:07:59,881 [ERROR] LogOutputStream:75 - [STDERR_REDIRECT] [Fatal Error] :1:1: Premature end of file.
2025-06-20 04:07:59,881 [ERROR] LogOutputStream:75 - [STDERR_REDIRECT] 
2025-06-20 04:08:00,868 [ERROR] LogOutputStream:75 - [STDERR_REDIRECT] [Fatal Error] :1:1: Premature end of file.
2025-06-20 04:08:00,868 [ERROR] LogOutputStream:75 - [STDERR_REDIRECT] 
2025-06-20 04:08:01,871 [ERROR] LogOutputStream:75 - [STDERR_REDIRECT] [Fatal Error] :1:1: Premature end of file.
2025-06-20 04:08:01,871 [ERROR] LogOutputStream:75 - [STDERR_REDIRECT] 
2025-06-20 04:08:02,869 [ERROR] LogOutputStream:75 - [STDERR_REDIRECT] [Fatal Error] :1:1: Premature end of file.
2025-06-20 04:08:02,869 [ERROR] LogOutputStream:75 - [STDERR_REDIRECT] 
2025-06-20 04:08:03,878 [ERROR] LogOutputStream:75 - [STDERR_REDIRECT] [Fatal Error] :1:1: Premature end of file.
2025-06-20 04:08:03,878 [ERROR] LogOutputStream:75 - [STDERR_REDIRECT] 
2025-06-20 04:08:04,883 [ERROR] LogOutputStream:75 - [STDERR_REDIRECT] [Fatal Error] :1:1: Premature end of file.
2025-06-20 04:08:04,883 [ERROR] LogOutputStream:75 - [STDERR_REDIRECT] 
2025-06-20 04:08:05,887 [ERROR] LogOutputStream:75 - [STDERR_REDIRECT] [Fatal Error] :1:1: Premature end of file.
2025-06-20 04:08:05,887 [ERROR] LogOutputStream:75 - [STDERR_REDIRECT] 
2025-06-20 04:08:06,874 [ERROR] LogOutputStream:75 - [STDERR_REDIRECT] [Fatal Error] :1:1: Premature end of file.
2025-06-20 04:08:06,874 [ERROR] LogOutputStream:75 - [STDERR_REDIRECT] 
2025-06-20 04:08:07,879 [ERROR] LogOutputStream:75 - [STDERR_REDIRECT] [Fatal Error] :1:1: Premature end of file.
2025-06-20 04:08:07,879 [ERROR] LogOutputStream:75 - [STDERR_REDIRECT] 
2025-06-20 04:08:08,887 [ERROR] LogOutputStream:75 - [STDERR_REDIRECT] [Fatal Error] :1:1: Premature end of file.
2025-06-20 04:08:08,887 [ERROR] LogOutputStream:75 - [STDERR_REDIRECT] 
2025-06-20 04:08:09,875 [ERROR] LogOutputStream:75 - [STDERR_REDIRECT] [Fatal Error] :1:1: Premature end of file.
2025-06-20 04:08:09,875 [ERROR] LogOutputStream:75 - [STDERR_REDIRECT] 
2025-06-20 04:08:10,882 [ERROR] LogOutputStream:75 - [STDERR_REDIRECT] [Fatal Error] :1:1: Premature end of file.
2025-06-20 04:08:10,882 [ERROR] LogOutputStream:75 - [STDERR_REDIRECT] 
2025-06-20 04:08:11,882 [ERROR] LogOutputStream:75 - [STDERR_REDIRECT] [Fatal Error] :1:1: Premature end of file.
2025-06-20 04:08:11,882 [ERROR] LogOutputStream:75 - [STDERR_REDIRECT] 
2025-06-20 04:08:12,877 [ERROR] LogOutputStream:75 - [STDERR_REDIRECT] [Fatal Error] :1:1: Premature end of file.
2025-06-20 04:08:12,877 [ERROR] LogOutputStream:75 - [STDERR_REDIRECT] 
2025-06-20 04:08:13,868 [ERROR] LogOutputStream:75 - [STDERR_REDIRECT] [Fatal Error] :1:1: Premature end of file.
2025-06-20 04:08:13,868 [ERROR] LogOutputStream:75 - [STDERR_REDIRECT] 
2025-06-20 04:08:14,876 [ERROR] LogOutputStream:75 - [STDERR_REDIRECT] [Fatal Error] :1:1: Premature end of file.
2025-06-20 04:08:14,876 [ERROR] LogOutputStream:75 - [STDERR_REDIRECT] 
2025-06-20 04:08:15,878 [ERROR] LogOutputStream:75 - [STDERR_REDIRECT] [Fatal Error] :1:1: Premature end of file.
2025-06-20 04:08:15,878 [ERROR] LogOutputStream:75 - [STDERR_REDIRECT] 
2025-06-20 04:08:16,872 [ERROR] LogOutputStream:75 - [STDERR_REDIRECT] [Fatal Error] :1:1: Premature end of file.
2025-06-20 04:08:16,872 [ERROR] LogOutputStream:75 - [STDERR_REDIRECT] 
2025-06-20 04:08:17,885 [ERROR] LogOutputStream:75 - [STDERR_REDIRECT] [Fatal Error] :1:1: Premature end of file.
2025-06-20 04:08:17,885 [ERROR] LogOutputStream:75 - [STDERR_REDIRECT] 
2025-06-20 04:08:18,878 [ERROR] LogOutputStream:75 - [STDERR_REDIRECT] [Fatal Error] :1:1: Premature end of file.
2025-06-20 04:08:18,878 [ERROR] LogOutputStream:75 - [STDERR_REDIRECT] 
2025-06-20 04:08:19,870 [ERROR] LogOutputStream:75 - [STDERR_REDIRECT] [Fatal Error] :1:1: Premature end of file.
2025-06-20 04:08:19,870 [ERROR] LogOutputStream:75 - [STDERR_REDIRECT] 
2025-06-20 04:08:20,875 [ERROR] LogOutputStream:75 - [STDERR_REDIRECT] [Fatal Error] :1:1: Premature end of file.
2025-06-20 04:08:20,875 [ERROR] LogOutputStream:75 - [STDERR_REDIRECT] 
2025-06-20 04:08:21,878 [ERROR] LogOutputStream:75 - [STDERR_REDIRECT] [Fatal Error] :1:1: Premature end of file.
2025-06-20 04:08:21,878 [ERROR] LogOutputStream:75 - [STDERR_REDIRECT] 
2025-06-20 04:08:22,885 [ERROR] LogOutputStream:75 - [STDERR_REDIRECT] [Fatal Error] :1:1: Premature end of file.
2025-06-20 04:08:22,885 [ERROR] LogOutputStream:75 - [STDERR_REDIRECT] 
2025-06-20 04:08:23,872 [ERROR] LogOutputStream:75 - [STDERR_REDIRECT] [Fatal Error] :1:1: Premature end of file.
2025-06-20 04:08:23,872 [ERROR] LogOutputStream:75 - [STDERR_REDIRECT] 
2025-06-20 04:08:24,877 [ERROR] LogOutputStream:75 - [STDERR_REDIRECT] [Fatal Error] :1:1: Premature end of file.
2025-06-20 04:08:24,877 [ERROR] LogOutputStream:75 - [STDERR_REDIRECT] 
2025-06-20 04:08:25,881 [ERROR] LogOutputStream:75 - [STDERR_REDIRECT] [Fatal Error] :1:1: Premature end of file.
2025-06-20 04:08:25,881 [ERROR] LogOutputStream:75 - [STDERR_REDIRECT] 
2025-06-20 04:08:26,869 [ERROR] LogOutputStream:75 - [STDERR_REDIRECT] [Fatal Error] :1:1: Premature end of file.
2025-06-20 04:08:26,869 [ERROR] LogOutputStream:75 - [STDERR_REDIRECT] 
2025-06-20 04:08:27,878 [ERROR] LogOutputStream:75 - [STDERR_REDIRECT] [Fatal Error] :1:1: Premature end of file.
2025-06-20 04:08:27,878 [ERROR] LogOutputStream:75 - [STDERR_REDIRECT] 
2025-06-20 04:08:28,880 [ERROR] LogOutputStream:75 - [STDERR_REDIRECT] [Fatal Error] :1:1: Premature end of file.
2025-06-20 04:08:28,880 [ERROR] LogOutputStream:75 - [STDERR_REDIRECT] 
2025-06-20 04:08:29,883 [ERROR] LogOutputStream:75 - [STDERR_REDIRECT] [Fatal Error] :1:1: Premature end of file.
2025-06-20 04:08:29,883 [ERROR] LogOutputStream:75 - [STDERR_REDIRECT] 
2025-06-20 04:08:30,873 [ERROR] LogOutputStream:75 - [STDERR_REDIRECT] [Fatal Error] :1:1: Premature end of file.
2025-06-20 04:08:30,873 [ERROR] LogOutputStream:75 - [STDERR_REDIRECT] 
2025-06-20 04:08:31,877 [ERROR] LogOutputStream:75 - [STDERR_REDIRECT] [Fatal Error] :1:1: Premature end of file.
2025-06-20 04:08:31,877 [ERROR] LogOutputStream:75 - [STDERR_REDIRECT] 
2025-06-20 04:08:32,889 [ERROR] LogOutputStream:75 - [STDERR_REDIRECT] [Fatal Error] :1:1: Premature end of file.
2025-06-20 04:08:32,889 [ERROR] LogOutputStream:75 - [STDERR_REDIRECT] 
2025-06-20 04:08:33,878 [ERROR] LogOutputStream:75 - [STDERR_REDIRECT] [Fatal Error] :1:1: Premature end of file.
2025-06-20 04:08:33,878 [ERROR] LogOutputStream:75 - [STDERR_REDIRECT] 
2025-06-20 04:08:34,882 [ERROR] LogOutputStream:75 - [STDERR_REDIRECT] [Fatal Error] :1:1: Premature end of file.
2025-06-20 04:08:34,882 [ERROR] LogOutputStream:75 - [STDERR_REDIRECT] 
2025-06-20 04:08:35,877 [ERROR] LogOutputStream:75 - [STDERR_REDIRECT] [Fatal Error] :1:1: Premature end of file.
2025-06-20 04:08:35,877 [ERROR] LogOutputStream:75 - [STDERR_REDIRECT] 
2025-06-20 04:08:36,877 [ERROR] LogOutputStream:75 - [STDERR_REDIRECT] [Fatal Error] :1:1: Premature end of file.
2025-06-20 04:08:36,877 [ERROR] LogOutputStream:75 - [STDERR_REDIRECT] 
2025-06-20 04:08:37,871 [ERROR] LogOutputStream:75 - [STDERR_REDIRECT] [Fatal Error] :1:1: Premature end of file.
2025-06-20 04:08:37,871 [ERROR] LogOutputStream:75 - [STDERR_REDIRECT] 
2025-06-20 04:08:38,873 [ERROR] LogOutputStream:75 - [STDERR_REDIRECT] [Fatal Error] :1:1: Premature end of file.
2025-06-20 04:08:38,873 [ERROR] LogOutputStream:75 - [STDERR_REDIRECT] 
2025-06-20 04:08:39,884 [ERROR] LogOutputStream:75 - [STDERR_REDIRECT] [Fatal Error] :1:1: Premature end of file.
2025-06-20 04:08:39,884 [ERROR] LogOutputStream:75 - [STDERR_REDIRECT] 
2025-06-20 04:08:40,876 [ERROR] LogOutputStream:75 - [STDERR_REDIRECT] [Fatal Error] :1:1: Premature end of file.
2025-06-20 04:08:40,876 [ERROR] LogOutputStream:75 - [STDERR_REDIRECT] 
2025-06-20 04:08:41,894 [ERROR] LogOutputStream:75 - [STDERR_REDIRECT] [Fatal Error] :1:1: Premature end of file.
2025-06-20 04:08:41,894 [ERROR] LogOutputStream:75 - [STDERR_REDIRECT] 
2025-06-20 04:08:42,867 [ERROR] LogOutputStream:75 - [STDERR_REDIRECT] [Fatal Error] :1:1: Premature end of file.
2025-06-20 04:08:42,867 [ERROR] LogOutputStream:75 - [STDERR_REDIRECT] 
2025-06-20 04:08:43,870 [ERROR] LogOutputStream:75 - [STDERR_REDIRECT] [Fatal Error] :1:1: Premature end of file.
2025-06-20 04:08:43,870 [ERROR] LogOutputStream:75 - [STDERR_REDIRECT] 
2025-06-20 04:08:44,880 [ERROR] LogOutputStream:75 - [STDERR_REDIRECT] [Fatal Error] :1:1: Premature end of file.
2025-06-20 04:08:44,880 [ERROR] LogOutputStream:75 - [STDERR_REDIRECT] 
2025-06-20 04:08:45,868 [ERROR] LogOutputStream:75 - [STDERR_REDIRECT] [Fatal Error] :1:1: Premature end of file.
2025-06-20 04:08:45,868 [ERROR] LogOutputStream:75 - [STDERR_REDIRECT] 
2025-06-20 04:08:46,881 [ERROR] LogOutputStream:75 - [STDERR_REDIRECT] [Fatal Error] :1:1: Premature end of file.
2025-06-20 04:08:46,881 [ERROR] LogOutputStream:75 - [STDERR_REDIRECT] 
2025-06-20 04:08:47,879 [ERROR] LogOutputStream:75 - [STDERR_REDIRECT] [Fatal Error] :1:1: Premature end of file.
2025-06-20 04:08:47,879 [ERROR] LogOutputStream:75 - [STDERR_REDIRECT] 
2025-06-20 04:08:48,866 [ERROR] LogOutputStream:75 - [STDERR_REDIRECT] [Fatal Error] :1:1: Premature end of file.
2025-06-20 04:08:48,866 [ERROR] LogOutputStream:75 - [STDERR_REDIRECT] 
2025-06-20 04:08:49,872 [ERROR] LogOutputStream:75 - [STDERR_REDIRECT] [Fatal Error] :1:1: Premature end of file.
2025-06-20 04:08:49,872 [ERROR] LogOutputStream:75 - [STDERR_REDIRECT] 
2025-06-20 04:08:50,876 [ERROR] LogOutputStream:75 - [STDERR_REDIRECT] [Fatal Error] :1:1: Premature end of file.
2025-06-20 04:08:50,876 [ERROR] LogOutputStream:75 - [STDERR_REDIRECT] 
2025-06-20 04:08:51,866 [ERROR] LogOutputStream:75 - [STDERR_REDIRECT] [Fatal Error] :1:1: Premature end of file.
2025-06-20 04:08:51,866 [ERROR] LogOutputStream:75 - [STDERR_REDIRECT] 
2025-06-20 04:08:52,882 [ERROR] LogOutputStream:75 - [STDERR_REDIRECT] [Fatal Error] :1:1: Premature end of file.
2025-06-20 04:08:52,882 [ERROR] LogOutputStream:75 - [STDERR_REDIRECT] 
2025-06-20 04:08:53,868 [ERROR] LogOutputStream:75 - [STDERR_REDIRECT] [Fatal Error] :1:1: Premature end of file.
2025-06-20 04:08:53,868 [ERROR] LogOutputStream:75 - [STDERR_REDIRECT] 
2025-06-20 04:08:54,873 [ERROR] LogOutputStream:75 - [STDERR_REDIRECT] [Fatal Error] :1:1: Premature end of file.
2025-06-20 04:08:54,873 [ERROR] LogOutputStream:75 - [STDERR_REDIRECT] 
2025-06-20 04:08:55,879 [ERROR] LogOutputStream:75 - [STDERR_REDIRECT] [Fatal Error] :1:1: Premature end of file.
2025-06-20 04:08:55,879 [ERROR] LogOutputStream:75 - [STDERR_REDIRECT] 
2025-06-20 04:08:56,878 [ERROR] LogOutputStream:75 - [STDERR_REDIRECT] [Fatal Error] :1:1: Premature end of file.
2025-06-20 04:08:56,878 [ERROR] LogOutputStream:75 - [STDERR_REDIRECT] 
2025-06-20 04:08:57,872 [ERROR] LogOutputStream:75 - [STDERR_REDIRECT] [Fatal Error] :1:1: Premature end of file.
2025-06-20 04:08:57,872 [ERROR] LogOutputStream:75 - [STDERR_REDIRECT] 
2025-06-20 04:08:58,878 [ERROR] LogOutputStream:75 - [STDERR_REDIRECT] [Fatal Error] :1:1: Premature end of file.
2025-06-20 04:08:58,878 [ERROR] LogOutputStream:75 - [STDERR_REDIRECT] 
2025-06-20 04:08:59,880 [ERROR] LogOutputStream:75 - [STDERR_REDIRECT] [Fatal Error] :1:1: Premature end of file.
2025-06-20 04:08:59,880 [ERROR] LogOutputStream:75 - [STDERR_REDIRECT] 
2025-06-20 04:09:00,868 [ERROR] LogOutputStream:75 - [STDERR_REDIRECT] [Fatal Error] :1:1: Premature end of file.
2025-06-20 04:09:00,868 [ERROR] LogOutputStream:75 - [STDERR_REDIRECT] 
2025-06-20 04:09:01,874 [ERROR] LogOutputStream:75 - [STDERR_REDIRECT] [Fatal Error] :1:1: Premature end of file.
2025-06-20 04:09:01,874 [ERROR] LogOutputStream:75 - [STDERR_REDIRECT] 
2025-06-20 04:09:02,877 [ERROR] LogOutputStream:75 - [STDERR_REDIRECT] [Fatal Error] :1:1: Premature end of file.
2025-06-20 04:09:02,892 [ERROR] LogOutputStream:75 - [STDERR_REDIRECT] 
2025-06-20 04:09:03,879 [ERROR] LogOutputStream:75 - [STDERR_REDIRECT] [Fatal Error] :1:1: Premature end of file.
2025-06-20 04:09:03,879 [ERROR] LogOutputStream:75 - [STDERR_REDIRECT] 
2025-06-20 04:09:04,879 [ERROR] LogOutputStream:75 - [STDERR_REDIRECT] [Fatal Error] :1:1: Premature end of file.
2025-06-20 04:09:04,879 [ERROR] LogOutputStream:75 - [STDERR_REDIRECT] 
2025-06-20 04:09:05,873 [ERROR] LogOutputStream:75 - [STDERR_REDIRECT] [Fatal Error] :1:1: Premature end of file.
2025-06-20 04:09:05,873 [ERROR] LogOutputStream:75 - [STDERR_REDIRECT] 
2025-06-20 04:09:06,887 [ERROR] LogOutputStream:75 - [STDERR_REDIRECT] [Fatal Error] :1:1: Premature end of file.
2025-06-20 04:09:06,887 [ERROR] LogOutputStream:75 - [STDERR_REDIRECT] 
2025-06-20 04:09:07,888 [ERROR] LogOutputStream:75 - [STDERR_REDIRECT] [Fatal Error] :1:1: Premature end of file.
2025-06-20 04:09:07,888 [ERROR] LogOutputStream:75 - [STDERR_REDIRECT] 
2025-06-20 04:09:08,877 [ERROR] LogOutputStream:75 - [STDERR_REDIRECT] [Fatal Error] :1:1: Premature end of file.
2025-06-20 04:09:08,877 [ERROR] LogOutputStream:75 - [STDERR_REDIRECT] 
2025-06-20 04:09:09,891 [ERROR] LogOutputStream:75 - [STDERR_REDIRECT] [Fatal Error] :1:1: Premature end of file.
2025-06-20 04:09:09,891 [ERROR] LogOutputStream:75 - [STDERR_REDIRECT] 
2025-06-20 04:09:10,881 [ERROR] LogOutputStream:75 - [STDERR_REDIRECT] [Fatal Error] :1:1: Premature end of file.
2025-06-20 04:09:10,881 [ERROR] LogOutputStream:75 - [STDERR_REDIRECT] 
2025-06-20 04:09:11,880 [ERROR] LogOutputStream:75 - [STDERR_REDIRECT] [Fatal Error] :1:1: Premature end of file.
2025-06-20 04:09:11,880 [ERROR] LogOutputStream:75 - [STDERR_REDIRECT] 
2025-06-20 04:09:12,869 [ERROR] LogOutputStream:75 - [STDERR_REDIRECT] [Fatal Error] :1:1: Premature end of file.
2025-06-20 04:09:12,869 [ERROR] LogOutputStream:75 - [STDERR_REDIRECT] 
2025-06-20 04:09:13,873 [ERROR] LogOutputStream:75 - [STDERR_REDIRECT] [Fatal Error] :1:1: Premature end of file.
2025-06-20 04:09:13,873 [ERROR] LogOutputStream:75 - [STDERR_REDIRECT] 
2025-06-20 04:09:14,879 [ERROR] LogOutputStream:75 - [STDERR_REDIRECT] [Fatal Error] :1:1: Premature end of file.
2025-06-20 04:09:14,879 [ERROR] LogOutputStream:75 - [STDERR_REDIRECT] 
2025-06-20 04:09:15,868 [ERROR] LogOutputStream:75 - [STDERR_REDIRECT] [Fatal Error] :1:1: Premature end of file.
2025-06-20 04:09:15,868 [ERROR] LogOutputStream:75 - [STDERR_REDIRECT] 
2025-06-20 04:09:16,875 [ERROR] LogOutputStream:75 - [STDERR_REDIRECT] [Fatal Error] :1:1: Premature end of file.
2025-06-20 04:09:16,875 [ERROR] LogOutputStream:75 - [STDERR_REDIRECT] 
2025-06-20 04:09:17,869 [ERROR] LogOutputStream:75 - [STDERR_REDIRECT] [Fatal Error] :1:1: Premature end of file.
2025-06-20 04:09:17,869 [ERROR] LogOutputStream:75 - [STDERR_REDIRECT] 
2025-06-20 04:09:18,875 [ERROR] LogOutputStream:75 - [STDERR_REDIRECT] [Fatal Error] :1:1: Premature end of file.
2025-06-20 04:09:18,875 [ERROR] LogOutputStream:75 - [STDERR_REDIRECT] 
2025-06-20 04:09:19,877 [ERROR] LogOutputStream:75 - [STDERR_REDIRECT] [Fatal Error] :1:1: Premature end of file.
2025-06-20 04:09:19,877 [ERROR] LogOutputStream:75 - [STDERR_REDIRECT] 
2025-06-20 04:09:21,195 [ERROR] LogOutputStream:75 - [STDERR_REDIRECT] [Fatal Error] :1:1: Premature end of file.
2025-06-20 04:09:21,195 [ERROR] LogOutputStream:75 - [STDERR_REDIRECT] 
2025-06-20 04:09:21,909 [ERROR] LogOutputStream:75 - [STDERR_REDIRECT] [Fatal Error] :1:1: Premature end of file.
2025-06-20 04:09:21,910 [ERROR] LogOutputStream:75 - [STDERR_REDIRECT] 
2025-06-20 04:09:22,882 [ERROR] LogOutputStream:75 - [STDERR_REDIRECT] [Fatal Error] :1:1: Premature end of file.
2025-06-20 04:09:22,882 [ERROR] LogOutputStream:75 - [STDERR_REDIRECT] 
2025-06-20 04:09:23,888 [ERROR] LogOutputStream:75 - [STDERR_REDIRECT] [Fatal Error] :1:1: Premature end of file.
2025-06-20 04:09:23,888 [ERROR] LogOutputStream:75 - [STDERR_REDIRECT] 
2025-06-20 04:09:24,893 [ERROR] LogOutputStream:75 - [STDERR_REDIRECT] [Fatal Error] :1:1: Premature end of file.
2025-06-20 04:09:24,893 [ERROR] LogOutputStream:75 - [STDERR_REDIRECT] 
2025-06-20 04:09:25,907 [ERROR] LogOutputStream:75 - [STDERR_REDIRECT] [Fatal Error] :1:1: Premature end of file.
2025-06-20 04:09:25,908 [ERROR] LogOutputStream:75 - [STDERR_REDIRECT] 
2025-06-20 04:09:26,889 [ERROR] LogOutputStream:75 - [STDERR_REDIRECT] [Fatal Error] :1:1: Premature end of file.
2025-06-20 04:09:26,889 [ERROR] LogOutputStream:75 - [STDERR_REDIRECT] 
2025-06-20 04:09:27,874 [ERROR] LogOutputStream:75 - [STDERR_REDIRECT] [Fatal Error] :1:1: Premature end of file.
2025-06-20 04:09:27,874 [ERROR] LogOutputStream:75 - [STDERR_REDIRECT] 
2025-06-20 04:09:28,889 [ERROR] LogOutputStream:75 - [STDERR_REDIRECT] [Fatal Error] :1:1: Premature end of file.
2025-06-20 04:09:28,889 [ERROR] LogOutputStream:75 - [STDERR_REDIRECT] 
2025-06-20 04:09:29,874 [ERROR] LogOutputStream:75 - [STDERR_REDIRECT] [Fatal Error] :1:1: Premature end of file.
2025-06-20 04:09:29,874 [ERROR] LogOutputStream:75 - [STDERR_REDIRECT] 
