2025-06-11 21:04:55,796 [INFO] Activator:176 - 


2025-06-11 21:04:55,803 [INFO] Activator:177 - !SESSION log4j initialized
2025-06-11 21:05:02,619 [INFO] LogOutputStream:77 - [STDOUT_REDIRECT] 
2025-06-11 21:05:14,758 [INFO] ApplicationProperties:184 - Using Application install path: C:\ST\STM32CubeIDE_1.16.1\STM32CubeIDE\plugins\com.st.stm32cube.common.mx_6.13.0.202411220809
2025-06-11 21:05:14,779 [INFO] DbMcusXml:78 - Set database path to: C:\ST\STM32CubeIDE_1.16.1\STM32CubeIDE\plugins\com.st.stm32cube.common.mx_6.13.0.202411220809\\db\/mcu/
2025-06-11 21:05:14,779 [INFO] ApiDb:274 - Set plugin database path to: C:\ST\STM32CubeIDE_1.16.1\STM32CubeIDE\plugins\com.st.stm32cube.common.mx_6.13.0.202411220809\\db\/plugins/boardmanager/
2025-06-11 21:05:14,780 [WARN] ApiDb:259 - Overriding images path with different value:  => C:\ST\STM32CubeIDE_1.16.1\STM32CubeIDE\plugins\com.st.stm32cube.common.mx_6.13.0.202411220809\\db\/plugins/mcufinder/images/
2025-06-11 21:05:14,789 [INFO] ApiDb:250 - Set database path to: C:\Users\SNYDE\.stmcufinder\plugins\mcufinder//mcu/
2025-06-11 21:05:14,791 [INFO] DbMcusAds:125 - Set database path to: C:\Users\SNYDE\.stmcufinder\plugins\mcufinder//mcu/
2025-06-11 21:05:14,805 [INFO] CrossReferenceDbSqlite:203 - Set database path to: C:\Users\SNYDE\.stmcufinder\plugins\mcufinder//mcu/cs/
2025-06-11 21:05:14,934 [INFO] RulesReader:64 - Compatibility file has been processed (297 Rules)
2025-06-11 21:05:15,026 [INFO] DbMcusXml:78 - Set database path to: C:\ST\STM32CubeIDE_1.16.1\STM32CubeIDE\plugins\com.st.stm32cube.common.mx_6.13.0.202411220809\\db\/mcu/
2025-06-11 21:05:15,026 [INFO] ApiDb:274 - Set plugin database path to: C:\ST\STM32CubeIDE_1.16.1\STM32CubeIDE\plugins\com.st.stm32cube.common.mx_6.13.0.202411220809\\db\/plugins/boardmanager/
2025-06-11 21:05:15,026 [INFO] ApiDb:261 - Set plugin images path to: C:\ST\STM32CubeIDE_1.16.1\STM32CubeIDE\plugins\com.st.stm32cube.common.mx_6.13.0.202411220809\\db\/plugins/mcufinder/images/
2025-06-11 21:05:15,027 [WARN] DbFile:41 - Overriding database path with different value: C:\Users\SNYDE\.stmcufinder\plugins\mcufinder/ => C:\Users\SNYDE\.stmcufinder\plugins\mcufinder
2025-06-11 21:05:15,027 [INFO] ApiDb:250 - Set database path to: C:\Users\SNYDE\.stmcufinder\plugins\mcufinder//mcu/
2025-06-11 21:05:15,027 [WARN] DbFile:41 - Overriding database path with different value: C:\Users\SNYDE\.stmcufinder\plugins\mcufinder/ => C:\Users\SNYDE\.stmcufinder\plugins\mcufinder
2025-06-11 21:05:15,027 [INFO] DbMcusAds:125 - Set database path to: C:\Users\SNYDE\.stmcufinder\plugins\mcufinder//mcu/
2025-06-11 21:05:15,027 [WARN] DbFile:41 - Overriding database path with different value: C:\Users\SNYDE\.stmcufinder\plugins\mcufinder/ => C:\Users\SNYDE\.stmcufinder\plugins\mcufinder
2025-06-11 21:05:15,027 [WARN] DbFile:41 - Overriding database path with different value: C:\Users\SNYDE\.stmcufinder\plugins\mcufinder/ => C:\Users\SNYDE\.stmcufinder\plugins\mcufinder
2025-06-11 21:05:15,027 [INFO] CrossReferenceDbSqlite:203 - Set database path to: C:\Users\SNYDE\.stmcufinder\plugins\mcufinder//mcu/cs/
2025-06-11 21:05:15,118 [INFO] MainPanel:272 - HeapMemory: 268435456
2025-06-11 21:05:15,242 [INFO] DbMcusXml:78 - Set database path to: C:\ST\STM32CubeIDE_1.16.1\STM32CubeIDE\plugins\com.st.stm32cube.common.mx_6.13.0.202411220809\\db\/mcu/
2025-06-11 21:05:15,242 [INFO] ApiDb:274 - Set plugin database path to: C:\ST\STM32CubeIDE_1.16.1\STM32CubeIDE\plugins\com.st.stm32cube.common.mx_6.13.0.202411220809\\db\/plugins/boardmanager/
2025-06-11 21:05:15,242 [INFO] ApiDb:261 - Set plugin images path to: C:\ST\STM32CubeIDE_1.16.1\STM32CubeIDE\plugins\com.st.stm32cube.common.mx_6.13.0.202411220809\\db\/plugins/mcufinder/images/
2025-06-11 21:05:15,243 [WARN] DbFile:41 - Overriding database path with different value: C:\Users\SNYDE\.stmcufinder\plugins\mcufinder/ => C:\Users\SNYDE\.stmcufinder\plugins\mcufinder
2025-06-11 21:05:15,243 [INFO] ApiDb:250 - Set database path to: C:\Users\SNYDE\.stmcufinder\plugins\mcufinder//mcu/
2025-06-11 21:05:15,243 [WARN] DbFile:41 - Overriding database path with different value: C:\Users\SNYDE\.stmcufinder\plugins\mcufinder/ => C:\Users\SNYDE\.stmcufinder\plugins\mcufinder
2025-06-11 21:05:15,243 [INFO] DbMcusAds:125 - Set database path to: C:\Users\SNYDE\.stmcufinder\plugins\mcufinder//mcu/
2025-06-11 21:05:15,243 [WARN] DbFile:41 - Overriding database path with different value: C:\Users\SNYDE\.stmcufinder\plugins\mcufinder/ => C:\Users\SNYDE\.stmcufinder\plugins\mcufinder
2025-06-11 21:05:15,243 [WARN] DbFile:41 - Overriding database path with different value: C:\Users\SNYDE\.stmcufinder\plugins\mcufinder/ => C:\Users\SNYDE\.stmcufinder\plugins\mcufinder
2025-06-11 21:05:15,244 [INFO] CrossReferenceDbSqlite:203 - Set database path to: C:\Users\SNYDE\.stmcufinder\plugins\mcufinder//mcu/cs/
2025-06-11 21:05:15,264 [INFO] ApplicationProperties:184 - Using Application install path: C:\ST\STM32CubeIDE_1.16.1\STM32CubeIDE\plugins\com.st.stm32cube.common.mx_6.13.0.202411220809
2025-06-11 21:05:15,266 [INFO] PluginManage:196 - Search for loadable plugins [exclusion list=, ]
2025-06-11 21:05:15,267 [INFO] PluginManage:310 - Check plugin analytics
2025-06-11 21:05:24,985 [INFO] AnalyticsPlugin:253 - Accepted Software Licenses: 
2025-06-11 21:05:24,985 [INFO] AnalyticsPlugin:255 - Accepted CMSIS Pack Licenses: 
2025-06-11 21:05:24,985 [INFO] AnalyticsPlugin:257 - Accepted Firmware Licenses: 
2025-06-11 21:05:24,986 [INFO] PluginManage:359 - Loaded plugin analytics (category:tool,tabindex:-1)
2025-06-11 21:05:24,986 [INFO] PluginManage:310 - Check plugin cadmodel
2025-06-11 21:05:25,006 [INFO] CADModel:105 - Init CAD model plugin
2025-06-11 21:05:25,006 [INFO] PluginManage:359 - Loaded plugin cadmodel (category:power,tabindex:5)
2025-06-11 21:05:25,006 [INFO] PluginManage:310 - Check plugin clock
2025-06-11 21:05:25,029 [INFO] PluginManage:359 - Loaded plugin clock (category:base,tabindex:2)
2025-06-11 21:05:25,029 [INFO] PluginManage:310 - Check plugin ddr
2025-06-11 21:05:25,031 [INFO] PluginManage:359 - Loaded plugin ddr (category:tool,tabindex:6)
2025-06-11 21:05:25,032 [INFO] PluginManage:310 - Check plugin filemanager
2025-06-11 21:05:25,196 [INFO] PluginManage:359 - Loaded plugin filemanager (category:base,tabindex:10)
2025-06-11 21:05:25,196 [INFO] PluginManage:310 - Check plugin ipmanager
2025-06-11 21:05:25,204 [INFO] PluginManage:359 - Loaded plugin ipmanager (category:base,tabindex:5)
2025-06-11 21:05:25,204 [INFO] PluginManage:310 - Check plugin lpbam
2025-06-11 21:05:25,225 [INFO] PluginManage:359 - Loaded plugin lpbam (category:base,tabindex:0)
2025-06-11 21:05:25,225 [INFO] PluginManage:310 - Check plugin memorymap
2025-06-11 21:05:25,250 [INFO] PluginManage:359 - Loaded plugin memorymap (category:base,tabindex:4)
2025-06-11 21:05:25,250 [INFO] PluginManage:310 - Check plugin pinoutandconfiguration
2025-06-11 21:05:25,273 [INFO] PluginManage:359 - Loaded plugin pinoutandconfiguration (category:base,tabindex:1)
2025-06-11 21:05:25,273 [INFO] PluginManage:310 - Check plugin pinoutconfig
2025-06-11 21:05:25,387 [WARN] SupportedApi:132 - Cannot load RTOS API schema: s4s-elt-must-match.1: The content of 'definitions' must match (annotation?, (simpleType | complexType)?, (unique | key | keyref)*)). A problem was found starting at: attribute.
2025-06-11 21:05:25,537 [INFO] PluginManage:359 - Loaded plugin pinoutconfig (category:base,tabindex:0)
2025-06-11 21:05:25,537 [INFO] PluginManage:310 - Check plugin power
2025-06-11 21:05:25,563 [INFO] PluginManage:359 - Loaded plugin power (category:power,tabindex:4)
2025-06-11 21:05:25,563 [INFO] PluginManage:310 - Check plugin projectmanager
2025-06-11 21:05:25,580 [INFO] PluginManage:359 - Loaded plugin projectmanager (category:projectmanager,tabindex:4)
2025-06-11 21:05:25,580 [INFO] PluginManage:310 - Check plugin rif
2025-06-11 21:05:25,600 [INFO] PluginManage:359 - Loaded plugin rif (category:base,tabindex:3)
2025-06-11 21:05:25,600 [INFO] PluginManage:310 - Check plugin thirdparty
2025-06-11 21:05:25,946 [WARN] IntegrityCheckThread:84 - waiting for thirdparty lock release [integrity check]
2025-06-11 21:05:25,946 [INFO] PluginManage:359 - Loaded plugin thirdparty (category:base,tabindex:-1)
2025-06-11 21:05:25,946 [INFO] IntegrityCheckThread:86 - entering critical section [integrity check]
2025-06-11 21:05:25,946 [INFO] PluginManage:310 - Check plugin tools
2025-06-11 21:05:25,947 [INFO] ThirdPartyUpdaterWithRetryManager:70 - Updater plugin not ready yet. [1/15]
2025-06-11 21:05:26,011 [INFO] PluginManage:359 - Loaded plugin tools (category:base,tabindex:7)
2025-06-11 21:05:26,011 [INFO] PluginManage:310 - Check plugin tutovideos
2025-06-11 21:05:26,242 [INFO] PluginManage:359 - Loaded plugin tutovideos (category:base,tabindex:-1)
2025-06-11 21:05:26,242 [INFO] PluginManage:310 - Check plugin updater
2025-06-11 21:05:26,264 [INFO] PluginManage:359 - Loaded plugin updater (category:base,tabindex:12)
2025-06-11 21:05:26,264 [INFO] PluginManage:310 - Check plugin userauth
2025-06-11 21:05:26,269 [INFO] UserAuth:118 - Init User Auth plugin
2025-06-11 21:05:26,270 [INFO] PluginManage:359 - Loaded plugin userauth (category:base,tabindex:14)
2025-06-11 21:05:26,270 [INFO] PluginManage:283 - PluginManage : Loaded plugins [18]
2025-06-11 21:05:26,488 [INFO] PinOutPanel:1589 - setPackage(No Configuration,No Configuration)
2025-06-11 21:05:26,580 [INFO] CADModel:165 - CPN selected for project level
2025-06-11 21:05:26,580 [INFO] CADModel:114 - Register for checkConnection events
2025-06-11 21:05:26,615 [INFO] IPUIPlugin:80 - create IPUIPlugin
2025-06-11 21:05:26,615 [INFO] PluginManager:220 - loadIPPluginJar : add adc
2025-06-11 21:05:26,672 [INFO] IPUIPlugin:80 - create IPUIPlugin
2025-06-11 21:05:26,672 [INFO] PluginManager:220 - loadIPPluginJar : add aes
2025-06-11 21:05:26,735 [INFO] IPUIPlugin:80 - create IPUIPlugin
2025-06-11 21:05:26,735 [INFO] PluginManager:220 - loadIPPluginJar : add can
2025-06-11 21:05:26,774 [INFO] IPUIPlugin:80 - create IPUIPlugin
2025-06-11 21:05:26,774 [INFO] PluginManager:220 - loadIPPluginJar : add comp
2025-06-11 21:05:26,824 [INFO] IPUIPlugin:80 - create IPUIPlugin
2025-06-11 21:05:26,824 [INFO] PluginManager:220 - loadIPPluginJar : add cryp
2025-06-11 21:05:26,841 [INFO] IPUIPlugin:80 - create IPUIPlugin
2025-06-11 21:05:26,841 [INFO] PluginManager:220 - loadIPPluginJar : add ddr_ctrl_phy
2025-06-11 21:05:26,884 [INFO] IPUIPlugin:80 - create IPUIPlugin
2025-06-11 21:05:26,884 [INFO] PluginManager:220 - loadIPPluginJar : add dfsdm
2025-06-11 21:05:26,901 [INFO] IPUIPlugin:80 - create IPUIPlugin
2025-06-11 21:05:26,901 [INFO] PluginManager:220 - loadIPPluginJar : add dma
2025-06-11 21:05:26,960 [INFO] IPUIPlugin:80 - create IPUIPlugin
2025-06-11 21:05:26,960 [INFO] PluginManager:220 - loadIPPluginJar : add dma3
2025-06-11 21:05:27,021 [INFO] IPUIPlugin:80 - create IPUIPlugin
2025-06-11 21:05:27,021 [INFO] PluginManager:220 - loadIPPluginJar : add extmemmanager
2025-06-11 21:05:27,050 [INFO] IPUIPlugin:80 - create IPUIPlugin
2025-06-11 21:05:27,050 [INFO] PluginManager:220 - loadIPPluginJar : add fatfs
2025-06-11 21:05:27,115 [INFO] IPUIPlugin:80 - create IPUIPlugin
2025-06-11 21:05:27,115 [INFO] PluginManager:220 - loadIPPluginJar : add fmc
2025-06-11 21:05:27,134 [INFO] IPUIPlugin:80 - create IPUIPlugin
2025-06-11 21:05:27,135 [INFO] PluginManager:220 - loadIPPluginJar : add freertos
2025-06-11 21:05:27,164 [INFO] IPUIPlugin:80 - create IPUIPlugin
2025-06-11 21:05:27,164 [INFO] PluginManager:220 - loadIPPluginJar : add genericplugin
2025-06-11 21:05:27,303 [INFO] IPUIPlugin:80 - create IPUIPlugin
2025-06-11 21:05:27,303 [INFO] PluginManager:220 - loadIPPluginJar : add gfxmmu
2025-06-11 21:05:27,477 [INFO] IPUIPlugin:80 - create IPUIPlugin
2025-06-11 21:05:27,477 [INFO] PluginManager:220 - loadIPPluginJar : add gic
2025-06-11 21:05:27,492 [INFO] IPUIPlugin:80 - create IPUIPlugin
2025-06-11 21:05:27,492 [INFO] PluginManager:220 - loadIPPluginJar : add gpio
2025-06-11 21:05:27,619 [INFO] IPUIPlugin:80 - create IPUIPlugin
2025-06-11 21:05:27,619 [INFO] PluginManager:220 - loadIPPluginJar : add gtzc
2025-06-11 21:05:27,674 [INFO] IPUIPlugin:80 - create IPUIPlugin
2025-06-11 21:05:27,674 [INFO] PluginManager:220 - loadIPPluginJar : add hash
2025-06-11 21:05:27,762 [INFO] IPUIPlugin:80 - create IPUIPlugin
2025-06-11 21:05:27,762 [INFO] PluginManager:220 - loadIPPluginJar : add i2c
2025-06-11 21:05:27,831 [INFO] IPUIPlugin:80 - create IPUIPlugin
2025-06-11 21:05:27,831 [INFO] PluginManager:220 - loadIPPluginJar : add i2s
2025-06-11 21:05:27,892 [INFO] IPUIPlugin:80 - create IPUIPlugin
2025-06-11 21:05:27,893 [INFO] PluginManager:220 - loadIPPluginJar : add i3c
2025-06-11 21:05:28,031 [INFO] IPUIPlugin:80 - create IPUIPlugin
2025-06-11 21:05:28,031 [INFO] PluginManager:220 - loadIPPluginJar : add ipddr
2025-06-11 21:05:28,157 [INFO] IPUIPlugin:80 - create IPUIPlugin
2025-06-11 21:05:28,157 [INFO] PluginManager:220 - loadIPPluginJar : add linkedlist
2025-06-11 21:05:28,218 [INFO] IPUIPlugin:80 - create IPUIPlugin
2025-06-11 21:05:28,218 [INFO] PluginManager:220 - loadIPPluginJar : add lorawan
2025-06-11 21:05:28,279 [INFO] IPUIPlugin:80 - create IPUIPlugin
2025-06-11 21:05:28,280 [INFO] PluginManager:220 - loadIPPluginJar : add ltdc
2025-06-11 21:05:28,304 [INFO] IPUIPlugin:80 - create IPUIPlugin
2025-06-11 21:05:28,304 [INFO] PluginManager:220 - loadIPPluginJar : add mdma
2025-06-11 21:05:28,322 [INFO] IPUIPlugin:80 - create IPUIPlugin
2025-06-11 21:05:28,322 [INFO] PluginManager:220 - loadIPPluginJar : add nvic
2025-06-11 21:05:28,381 [INFO] IPUIPlugin:80 - create IPUIPlugin
2025-06-11 21:05:28,381 [INFO] PluginManager:220 - loadIPPluginJar : add opamp
2025-06-11 21:05:28,488 [INFO] IPUIPlugin:80 - create IPUIPlugin
2025-06-11 21:05:28,489 [INFO] PluginManager:220 - loadIPPluginJar : add openamp
2025-06-11 21:05:28,561 [INFO] IPUIPlugin:80 - create IPUIPlugin
2025-06-11 21:05:28,562 [INFO] PluginManager:220 - loadIPPluginJar : add pdm2pcm
2025-06-11 21:05:28,584 [INFO] IPUIPlugin:80 - create IPUIPlugin
2025-06-11 21:05:28,587 [INFO] PluginManager:220 - loadIPPluginJar : add plateformsettings
2025-06-11 21:05:28,623 [INFO] IPUIPlugin:80 - create IPUIPlugin
2025-06-11 21:05:28,623 [INFO] PluginManager:220 - loadIPPluginJar : add quadspi
2025-06-11 21:05:28,666 [INFO] IPUIPlugin:80 - create IPUIPlugin
2025-06-11 21:05:28,667 [INFO] PluginManager:220 - loadIPPluginJar : add radio
2025-06-11 21:05:28,685 [INFO] IPUIPlugin:80 - create IPUIPlugin
2025-06-11 21:05:28,685 [INFO] PluginManager:220 - loadIPPluginJar : add resmgrutility
2025-06-11 21:05:28,749 [INFO] IPUIPlugin:80 - create IPUIPlugin
2025-06-11 21:05:28,749 [INFO] PluginManager:220 - loadIPPluginJar : add sai
2025-06-11 21:05:28,802 [INFO] IPUIPlugin:80 - create IPUIPlugin
2025-06-11 21:05:28,802 [INFO] PluginManager:220 - loadIPPluginJar : add spi
2025-06-11 21:05:28,937 [INFO] IPUIPlugin:80 - create IPUIPlugin
2025-06-11 21:05:28,937 [INFO] PluginManager:220 - loadIPPluginJar : add stm32_wpan
2025-06-11 21:05:28,947 [INFO] ThirdPartyUpdaterWithRetryManager:70 - Updater plugin not ready yet. [2/15]
2025-06-11 21:05:28,985 [INFO] IPUIPlugin:80 - create IPUIPlugin
2025-06-11 21:05:28,985 [INFO] PluginManager:220 - loadIPPluginJar : add tim
2025-06-11 21:05:29,100 [INFO] IPUIPlugin:80 - create IPUIPlugin
2025-06-11 21:05:29,101 [INFO] PluginManager:220 - loadIPPluginJar : add touchsensing
2025-06-11 21:05:29,143 [INFO] IPUIPlugin:80 - create IPUIPlugin
2025-06-11 21:05:29,143 [INFO] PluginManager:220 - loadIPPluginJar : add tracer_emb
2025-06-11 21:05:29,177 [INFO] IPUIPlugin:80 - create IPUIPlugin
2025-06-11 21:05:29,177 [INFO] PluginManager:220 - loadIPPluginJar : add ts
2025-06-11 21:05:29,211 [INFO] IPUIPlugin:80 - create IPUIPlugin
2025-06-11 21:05:29,212 [INFO] PluginManager:220 - loadIPPluginJar : add tsc
2025-06-11 21:05:29,244 [INFO] IPUIPlugin:80 - create IPUIPlugin
2025-06-11 21:05:29,244 [INFO] PluginManager:220 - loadIPPluginJar : add ucpd
2025-06-11 21:05:29,319 [INFO] IPUIPlugin:80 - create IPUIPlugin
2025-06-11 21:05:29,319 [INFO] PluginManager:220 - loadIPPluginJar : add usart
2025-06-11 21:05:29,383 [INFO] IPUIPlugin:80 - create IPUIPlugin
2025-06-11 21:05:29,384 [INFO] PluginManager:220 - loadIPPluginJar : add usbx
2025-06-11 21:05:29,529 [FATAL] Updater:351 - Updater called before beeing initialized
2025-06-11 21:05:29,560 [INFO] RulesReader:64 - Compatibility file has been processed (297 Rules)
2025-06-11 21:05:29,572 [INFO] RulesReader:64 - Compatibility file has been processed (297 Rules)
2025-06-11 21:05:29,581 [INFO] CADModel:165 - CPN selected for project level
2025-06-11 21:05:29,581 [INFO] CADModel:114 - Register for checkConnection events
2025-06-11 21:05:29,581 [FATAL] Updater:351 - Updater called before beeing initialized
2025-06-11 21:05:29,582 [ERROR] CADModel:125 - Updater not yet initialized, retry later 
2025-06-11 21:05:29,730 [FATAL] Updater:351 - Updater called before beeing initialized
2025-06-11 21:05:29,732 [INFO] CADModel:165 - CPN selected for project level
2025-06-11 21:05:29,732 [INFO] CADModel:114 - Register for checkConnection events
2025-06-11 21:05:29,732 [FATAL] Updater:351 - Updater called before beeing initialized
2025-06-11 21:05:29,732 [ERROR] CADModel:125 - Updater not yet initialized, retry later 
2025-06-11 21:05:29,735 [FATAL] Updater:351 - Updater called before beeing initialized
2025-06-11 21:05:29,865 [FATAL] Updater:351 - Updater called before beeing initialized
2025-06-11 21:05:29,884 [INFO] DbMcusAds:53 - JSON generation date=Wed May 07 11:07:55 CEST 2025 (1746608875484)
2025-06-11 21:05:29,884 [FATAL] Updater:351 - Updater called before beeing initialized
2025-06-11 21:05:29,941 [WARN] DetailPanel:346 - Failed to get advertising image, set to default
2025-06-11 21:05:30,270 [FATAL] Updater:351 - Updater called before beeing initialized
2025-06-11 21:05:30,273 [FATAL] Updater:351 - Updater called before beeing initialized
2025-06-11 21:05:30,273 [FATAL] Updater:351 - Updater called before beeing initialized
2025-06-11 21:05:30,274 [WARN] DetailPanel:346 - Failed to get advertising image, set to default
2025-06-11 21:05:30,275 [FATAL] Updater:351 - Updater called before beeing initialized
2025-06-11 21:05:30,342 [ERROR] Updater:1198 - MainUpdater not yet initialized. External WinMGr cannot be set.
2025-06-11 21:05:30,354 [INFO] Updater:1134 - Updater Version found : 6.13.0
2025-06-11 21:05:30,372 [INFO] ApplicationProperties:184 - Using Application install path: C:\ST\STM32CubeIDE_1.16.1\STM32CubeIDE\plugins\com.st.stm32cube.common.mx_6.13.0.202411220809
2025-06-11 21:05:31,949 [INFO] ThirdPartyUpdaterWithRetryManager:70 - Updater plugin not ready yet. [3/15]
2025-06-11 21:05:31,956 [ERROR] LogOutputStream:75 - [STDERR_REDIRECT] Jun 11, 2025 9:05:31 PM java.util.prefs.WindowsPreferences <init>
2025-06-11 21:05:31,958 [ERROR] LogOutputStream:75 - [STDERR_REDIRECT] WARNING: Could not open/create prefs root node Software\JavaSoft\Prefs at root 0xffffffff80000002. Windows RegCreateKeyEx(...) returned error code 5.
2025-06-11 21:05:31,958 [ERROR] LogOutputStream:75 - [STDERR_REDIRECT] 
2025-06-11 21:05:32,459 [INFO] MainUpdater:2872 - connection check result : 10
2025-06-11 21:05:32,461 [INFO] MainUpdater:289 - Updater Check For Update Now.
2025-06-11 21:05:32,462 [INFO] MicroXplorer:498 - Change Database Version : DB.6.0.130
2025-06-11 21:05:32,532 [INFO] McuFinderGlobals:63 - Set McuFinder mode to 2 (CubeIDE integrated)
2025-06-11 21:05:32,550 [INFO] UserAuth:486 - Internet connection configuration mode: 1
2025-06-11 21:05:32,594 [INFO] JxBrowserEngine:152 - Initiate JxBrowser Engine with user profile folder
2025-06-11 21:05:32,780 [INFO] CheckServerUpdateThread:120 - End of CheckServer Thread
2025-06-11 21:05:34,684 [INFO] WebApp:168 - Instantiating new browser for Auth
2025-06-11 21:05:35,363 [WARN] PackLoader:240 - Cannot read IP mode file for STMicroelectronics.FP-SNS-MOTENVWB1.1.4.0
2025-06-11 21:05:35,385 [WARN] PackLoader:240 - Cannot read IP mode file for STMicroelectronics.FP-ATR-ASTRA1.2.0.2
2025-06-11 21:05:35,400 [WARN] PackLoader:240 - Cannot read IP mode file for STMicroelectronics.FP-ATR-ASTRA1.2.0.1
2025-06-11 21:05:35,429 [WARN] PackLoader:240 - Cannot read IP mode file for STMicroelectronics.X-CUBE-SMBUS.2.1.0
2025-06-11 21:05:35,451 [WARN] PackLoader:240 - Cannot read IP mode file for STMicroelectronics.X-CUBE-WB05N.1.1.0
2025-06-11 21:05:35,472 [WARN] PackLoader:240 - Cannot read IP mode file for STMicroelectronics.X-CUBE-ST60.1.0.0
2025-06-11 21:05:35,537 [WARN] PackLoader:240 - Cannot read IP mode file for STMicroelectronics.X-CUBE-AZRTOS-F7.1.1.0
2025-06-11 21:05:35,597 [WARN] PackLoader:240 - Cannot read IP mode file for STMicroelectronics.FP-SNS-FLIGHT1.5.0.2
2025-06-11 21:05:35,664 [WARN] PackLoader:240 - Cannot read IP mode file for Infineon.AIROC-Wi-Fi-Bluetooth-STM32.1.7.0
2025-06-11 21:05:35,702 [WARN] PackLoader:240 - Cannot read IP mode file for STMicroelectronics.X-CUBE-DISPLAY.3.0.0
2025-06-11 21:05:35,733 [WARN] PackLoader:240 - Cannot read IP mode file for STMicroelectronics.X-CUBE-BLE1.7.0.0
2025-06-11 21:05:35,759 [WARN] PackLoader:240 - Cannot read IP mode file for STMicroelectronics.X-CUBE-NFC10.1.0.0
2025-06-11 21:05:35,794 [WARN] PackLoader:240 - Cannot read IP mode file for STMicroelectronics.X-CUBE-BLEMGR.4.0.0
2025-06-11 21:05:35,822 [WARN] PackLoader:240 - Cannot read IP mode file for emotas.I-CUBE-CANOPEN.1.3.0
2025-06-11 21:05:35,846 [WARN] PackLoader:240 - Cannot read IP mode file for STMicroelectronics.X-CUBE-AI.10.0.0
2025-06-11 21:05:35,874 [WARN] PackLoader:240 - Cannot read IP mode file for STMicroelectronics.FP-SNS-SMARTAG2.1.2.0
2025-06-11 21:05:35,895 [INFO] WebApp:449 - Apply proxy settings
2025-06-11 21:05:35,895 [INFO] WebApp:534 - Chromium requires no authentication
2025-06-11 21:05:35,896 [WARN] PackLoader:240 - Cannot read IP mode file for STMicroelectronics.FP-SNS-FLIGHT1.5.1.0
2025-06-11 21:05:35,925 [INFO] WebApp:477 - Direct internet connection detected
2025-06-11 21:05:36,012 [WARN] PackLoader:240 - Cannot read IP mode file for STMicroelectronics.X-CUBE-MEMS1.11.1.0
2025-06-11 21:05:36,012 [INFO] WebApp:880 - Register for checkConnection events
2025-06-11 21:05:36,013 [INFO] WebApp:449 - Apply proxy settings
2025-06-11 21:05:36,013 [INFO] WebApp:534 - Chromium requires no authentication
2025-06-11 21:05:36,014 [INFO] WebApp:477 - Direct internet connection detected
2025-06-11 21:05:36,226 [INFO] LogOutputStream:77 - [STDOUT_REDIRECT] 1 : Invalid condition id : UX_CORESTACK_Condition cause : null
2025-06-11 21:05:36,226 [INFO] LogOutputStream:77 - [STDOUT_REDIRECT] 1 : Invalid condition id : UX_CORESTACK_Condition cause : null
2025-06-11 21:05:36,228 [INFO] LogOutputStream:77 - [STDOUT_REDIRECT] 1 : Invalid condition id : UX_CORESTACK_Condition cause : null
2025-06-11 21:05:36,230 [INFO] LogOutputStream:77 - [STDOUT_REDIRECT] 1 : Invalid condition id : UX_CORESTACK_Condition cause : null
2025-06-11 21:05:36,231 [INFO] LogOutputStream:77 - [STDOUT_REDIRECT] 1 : Invalid condition id : UX_CORESTACK_Condition cause : null
2025-06-11 21:05:36,235 [WARN] PackLoader:240 - Cannot read IP mode file for STMicroelectronics.X-CUBE-AZRTOS-WL.2.0.0
2025-06-11 21:05:36,260 [WARN] PackLoader:240 - Cannot read IP mode file for STMicroelectronics.FP-SNS-MOTENV1.5.0.0
2025-06-11 21:05:36,281 [WARN] PackLoader:240 - Cannot read IP mode file for wolfSSL.I-CUBE-wolfMQTT.1.19.0
2025-06-11 21:05:36,311 [WARN] PackLoader:240 - Cannot read IP mode file for WES.I-CUBE-Cesium.1.3.0
2025-06-11 21:05:36,321 [INFO] WebApp:187 - Connection restablished
2025-06-11 21:05:36,335 [WARN] PackLoader:240 - Cannot read IP mode file for STMicroelectronics.X-CUBE-BLE2.3.3.0
2025-06-11 21:05:36,360 [WARN] PackLoader:240 - Cannot read IP mode file for STMicroelectronics.X-CUBE-NFC9.1.0.0
2025-06-11 21:05:36,383 [WARN] PackLoader:240 - Cannot read IP mode file for STMicroelectronics.X-CUBE-BLE1.7.1.0
2025-06-11 21:05:36,406 [WARN] PackLoader:240 - Cannot read IP mode file for STMicroelectronics.X-CUBE-AI.10.1.0
2025-06-11 21:05:36,477 [INFO] WebApp:221 - Starting web application
2025-06-11 21:05:36,477 [INFO] WebApp:579 - Web application path used C:\ST\STM32CubeIDE_1.16.1\STM32CubeIDE\plugins\com.st.stm32cube.common.mx_6.13.0.202411220809\db\plugins\mcufinder\reactClient1\index.html
2025-06-11 21:05:36,543 [WARN] PackLoader:240 - Cannot read IP mode file for STMicroelectronics.X-CUBE-MEMS1.11.2.0
2025-06-11 21:05:36,857 [WARN] PackLoader:240 - Cannot read IP mode file for STMicroelectronics.X-CUBE-AZRTOS-G0.1.1.0
2025-06-11 21:05:36,895 [WARN] PackLoader:240 - Cannot read IP mode file for STMicroelectronics.X-CUBE-SAFEA1.1.2.2
2025-06-11 21:05:36,918 [WARN] PackLoader:240 - Cannot read IP mode file for STMicroelectronics.X-CUBE-NFC4.3.0.0
2025-06-11 21:05:36,947 [WARN] PackLoader:240 - Cannot read IP mode file for EmbeddedOffice.I-CUBE-FS-RTOS.1.0.1
2025-06-11 21:05:36,969 [WARN] PackLoader:240 - Cannot read IP mode file for STMicroelectronics.X-CUBE-WB05N.2.0.0
2025-06-11 21:05:36,991 [WARN] PackLoader:240 - Cannot read IP mode file for STMicroelectronics.X-CUBE-TCPP.4.2.0
2025-06-11 21:05:37,015 [WARN] PackLoader:240 - Cannot read IP mode file for RealThread.X-CUBE-RT-Thread_Nano.4.1.1
2025-06-11 21:05:37,037 [WARN] PackLoader:240 - Cannot read IP mode file for STMicroelectronics.FP-ATR-SIGFOX1.3.2.0
2025-06-11 21:05:37,065 [WARN] ConditionMgr:438 - getConditionDescription Invalid condition id : Cortex-A Device cause : null
2025-06-11 21:05:37,105 [WARN] ConditionMgr:1044 - genDependencies : Invalid condition id : Cortex-A Device cause : null
2025-06-11 21:05:37,111 [WARN] ConditionMgr:1044 - genDependencies : Invalid condition id : Cortex-A Device cause : null
2025-06-11 21:05:37,112 [WARN] ConditionMgr:1044 - genDependencies : Invalid condition id : Cortex-A Device cause : null
2025-06-11 21:05:37,145 [WARN] PackLoader:240 - Cannot read IP mode file for STMicroelectronics.X-CUBE-EEPRMA1.5.1.0
2025-06-11 21:05:37,167 [WARN] PackLoader:240 - Cannot read IP mode file for wolfSSL.I-CUBE-wolfSSL.5.7.4
2025-06-11 21:05:37,190 [WARN] PackLoader:240 - Cannot read IP mode file for ITTIA_DB.I-CUBE-ITTIADB.8.9.0
2025-06-11 21:05:37,214 [WARN] PackLoader:240 - Cannot read IP mode file for STMicroelectronics.X-CUBE-ST67W61.1.0.0
2025-06-11 21:05:37,263 [INFO] UserAuth:486 - Internet connection configuration mode: 1
2025-06-11 21:05:37,265 [WARN] PackLoader:240 - Cannot read IP mode file for SEGGER.I-CUBE-embOS.1.3.1
2025-06-11 21:05:37,332 [WARN] PackLoader:240 - Cannot read IP mode file for STMicroelectronics.X-CUBE-ALGOBUILD.1.4.0
2025-06-11 21:05:37,354 [WARN] PackLoader:240 - Cannot read IP mode file for STMicroelectronics.X-CUBE-AI.9.1.0
2025-06-11 21:05:37,397 [WARN] PackLoader:240 - Cannot read IP mode file for STMicroelectronics.X-CUBE-AZRTOS-F4.1.1.0
2025-06-11 21:05:37,424 [WARN] PackLoader:240 - Cannot read IP mode file for Avnet-IotConnect.X-CUBE-IoTC-DA16k-PMOD.1.0.0
2025-06-11 21:05:37,443 [WARN] PackLoader:240 - Cannot read IP mode file for STMicroelectronics.X-CUBE-ISPU.2.1.0
2025-06-11 21:05:37,486 [WARN] PackLoader:240 - Cannot read IP mode file for STMicroelectronics.X-CUBE-AZRTOS-L5.2.0.0
2025-06-11 21:05:37,495 [ERROR] LogOutputStream:75 - [STDERR_REDIRECT] [Fatal Error] :1:1: Premature end of file.
2025-06-11 21:05:37,496 [ERROR] LogOutputStream:75 - [STDERR_REDIRECT] 
2025-06-11 21:05:37,512 [WARN] PackLoader:240 - Cannot read IP mode file for STMicroelectronics.X-CUBE-NFC6.3.1.0
2025-06-11 21:05:37,535 [WARN] PackLoader:240 - Cannot read IP mode file for STMicroelectronics.X-CUBE-DPower.1.2.0
2025-06-11 21:05:37,556 [WARN] PackLoader:240 - Cannot read IP mode file for STMicroelectronics.X-CUBE-FREERTOS.1.3.1
2025-06-11 21:05:37,575 [WARN] PackLoader:240 - Cannot read IP mode file for STMicroelectronics.X-CUBE-FREERTOS.1.3.0
2025-06-11 21:05:37,598 [WARN] PackLoader:240 - Cannot read IP mode file for STMicroelectronics.X-CUBE-NFC7.1.0.1
2025-06-11 21:05:37,621 [WARN] PackLoader:240 - Cannot read IP mode file for STMicroelectronics.X-CUBE-DPower.1.3.0
2025-06-11 21:05:37,668 [WARN] ConditionMgr:438 - getConditionDescription Invalid condition id : LAN8742 Phy interface Condition cause : null
2025-06-11 21:05:37,669 [WARN] PackLoader:240 - Cannot read IP mode file for STMicroelectronics.X-CUBE-AZRTOS-L4.2.0.0
2025-06-11 21:05:37,670 [WARN] ConditionMgr:1044 - genDependencies : Invalid condition id : LAN8742 Phy interface Condition cause : null
2025-06-11 21:05:37,671 [WARN] ConditionMgr:1044 - genDependencies : Invalid condition id : LAN8742 Phy interface Condition cause : null
2025-06-11 21:05:37,671 [WARN] ConditionMgr:1044 - genDependencies : Invalid condition id : LAN8742 Phy interface Condition cause : null
2025-06-11 21:05:37,697 [WARN] PackLoader:240 - Cannot read IP mode file for STMicroelectronics.X-CUBE-SFXS2LP1.4.0.0
2025-06-11 21:05:37,745 [WARN] PackLoader:240 - Cannot read IP mode file for STMicroelectronics.X-CUBE-AZRTOS-H7.3.3.0
2025-06-11 21:05:37,786 [WARN] ConditionMgr:438 - getConditionDescription Invalid condition id : UX DEVICE CLASS RTOS Condition cause : null
2025-06-11 21:05:37,787 [WARN] ConditionMgr:438 - getConditionDescription Invalid condition id : UX DEVICE CLASS RTOS Condition cause : null
2025-06-11 21:05:37,789 [WARN] PackLoader:240 - Cannot read IP mode file for STMicroelectronics.X-CUBE-AZRTOS-WB.2.0.0
2025-06-11 21:05:37,790 [WARN] ConditionMgr:1044 - genDependencies : Invalid condition id : UX DEVICE CLASS RTOS Condition cause : null
2025-06-11 21:05:37,790 [WARN] ConditionMgr:1044 - genDependencies : Invalid condition id : UX DEVICE CLASS RTOS Condition cause : null
2025-06-11 21:05:37,790 [WARN] ConditionMgr:1044 - genDependencies : Invalid condition id : UX DEVICE CLASS RTOS Condition cause : null
2025-06-11 21:05:37,790 [WARN] ConditionMgr:1044 - genDependencies : Invalid condition id : UX DEVICE CLASS RTOS Condition cause : null
2025-06-11 21:05:37,792 [WARN] ConditionMgr:1044 - genDependencies : Invalid condition id : UX DEVICE CLASS RTOS Condition cause : null
2025-06-11 21:05:37,815 [WARN] PackLoader:240 - Cannot read IP mode file for STMicroelectronics.X-CUBE-GNSS1.7.0.1
2025-06-11 21:05:37,839 [WARN] PackLoader:240 - Cannot read IP mode file for STMicroelectronics.X-CUBE-TOUCHGFX.4.25.0
2025-06-11 21:05:37,865 [WARN] PackLoader:240 - Cannot read IP mode file for STMicroelectronics.FP-SNS-STBOX1.2.0.0
2025-06-11 21:05:37,889 [WARN] PackLoader:240 - Cannot read IP mode file for STMicroelectronics.X-CUBE-SUBG2.5.0.0
2025-06-11 21:05:37,940 [WARN] PackLoader:240 - Cannot read IP mode file for STMicroelectronics.X-CUBE-AZRTOS-H7RS.1.1.0
2025-06-11 21:05:37,967 [WARN] PackLoader:240 - Cannot read IP mode file for Cesanta.I-CUBE-Mongoose.7.13.0
2025-06-11 21:05:38,003 [WARN] PackLoader:240 - Cannot read IP mode file for STMicroelectronics.X-CUBE-AZRTOS-G4.2.0.0
2025-06-11 21:05:38,025 [WARN] PackLoader:240 - Cannot read IP mode file for STMicroelectronics.X-CUBE-NFC7.2.0.0
2025-06-11 21:05:38,056 [WARN] PackLoader:240 - Cannot read IP mode file for STMicroelectronics.X-CUBE-IPS.3.1.0
2025-06-11 21:05:38,103 [WARN] PackLoader:240 - Cannot read IP mode file for STMicroelectronics.X-CUBE-ALS.1.0.2
2025-06-11 21:05:38,172 [WARN] PackLoader:240 - Cannot read IP mode file for STMicroelectronics.X-CUBE-MEMS1.10.0.0
2025-06-11 21:05:38,407 [ERROR] LogOutputStream:75 - [STDERR_REDIRECT] [Fatal Error] :1:1: Premature end of file.
2025-06-11 21:05:38,407 [ERROR] LogOutputStream:75 - [STDERR_REDIRECT] 
2025-06-11 21:05:38,569 [WARN] PackLoader:240 - Cannot read IP mode file for STMicroelectronics.X-CUBE-TOUCHGFX.4.24.2
2025-06-11 21:05:38,584 [WARN] PackLoader:240 - Cannot read IP mode file for wolfSSL.I-CUBE-wolfTPM.3.4.0
2025-06-11 21:05:38,604 [WARN] PackLoader:240 - Cannot read IP mode file for portGmbH.I-Cube-SoM-uGOAL.1.1.0
2025-06-11 21:05:38,644 [WARN] PackLoader:240 - Cannot read IP mode file for STMicroelectronics.X-CUBE-AZRTOS-H7RS.1.0.0
2025-06-11 21:05:38,675 [WARN] PackLoader:240 - Cannot read IP mode file for STMicroelectronics.X-CUBE-TOF1.3.4.2
2025-06-11 21:05:38,709 [WARN] PackLoader:240 - Cannot read IP mode file for STMicroelectronics.X-CUBE-TOF1.3.4.3
2025-06-11 21:05:38,738 [WARN] PackLoader:240 - Cannot read IP mode file for wolfSSL.I-CUBE-wolfSSH.1.4.17
2025-06-11 21:05:38,738 [INFO] ThirdParty:978 - Integrity check success = true
2025-06-11 21:05:38,739 [INFO] IntegrityCheckThread:100 - exiting critical section [integrity check]
2025-06-11 21:05:38,739 [INFO] IntegrityCheckThread:103 - End integrity checks thread
2025-06-11 21:05:39,379 [ERROR] LogOutputStream:75 - [STDERR_REDIRECT] [Fatal Error] :1:1: Premature end of file.
2025-06-11 21:05:39,379 [ERROR] LogOutputStream:75 - [STDERR_REDIRECT] 
2025-06-11 21:05:40,370 [ERROR] LogOutputStream:75 - [STDERR_REDIRECT] [Fatal Error] :1:1: Premature end of file.
2025-06-11 21:05:40,370 [ERROR] LogOutputStream:75 - [STDERR_REDIRECT] 
2025-06-11 21:05:41,371 [ERROR] LogOutputStream:75 - [STDERR_REDIRECT] [Fatal Error] :1:1: Premature end of file.
2025-06-11 21:05:41,371 [ERROR] LogOutputStream:75 - [STDERR_REDIRECT] 
2025-06-11 21:05:42,395 [ERROR] LogOutputStream:75 - [STDERR_REDIRECT] [Fatal Error] :1:1: Premature end of file.
2025-06-11 21:05:42,395 [ERROR] LogOutputStream:75 - [STDERR_REDIRECT] 
2025-06-11 21:05:43,394 [ERROR] LogOutputStream:75 - [STDERR_REDIRECT] [Fatal Error] :1:1: Premature end of file.
2025-06-11 21:05:43,394 [ERROR] LogOutputStream:75 - [STDERR_REDIRECT] 
2025-06-11 21:05:44,371 [ERROR] LogOutputStream:75 - [STDERR_REDIRECT] [Fatal Error] :1:1: Premature end of file.
2025-06-11 21:05:44,371 [ERROR] LogOutputStream:75 - [STDERR_REDIRECT] 
2025-06-11 21:05:45,368 [ERROR] LogOutputStream:75 - [STDERR_REDIRECT] [Fatal Error] :1:1: Premature end of file.
2025-06-11 21:05:45,368 [ERROR] LogOutputStream:75 - [STDERR_REDIRECT] 
2025-06-11 21:05:46,370 [ERROR] LogOutputStream:75 - [STDERR_REDIRECT] [Fatal Error] :1:1: Premature end of file.
2025-06-11 21:05:46,370 [ERROR] LogOutputStream:75 - [STDERR_REDIRECT] 
2025-06-11 21:05:47,370 [ERROR] LogOutputStream:75 - [STDERR_REDIRECT] [Fatal Error] :1:1: Premature end of file.
2025-06-11 21:05:47,371 [ERROR] LogOutputStream:75 - [STDERR_REDIRECT] 
2025-06-11 21:05:48,366 [ERROR] LogOutputStream:75 - [STDERR_REDIRECT] [Fatal Error] :1:1: Premature end of file.
2025-06-11 21:05:48,366 [ERROR] LogOutputStream:75 - [STDERR_REDIRECT] 
2025-06-11 21:05:49,379 [ERROR] LogOutputStream:75 - [STDERR_REDIRECT] [Fatal Error] :1:1: Premature end of file.
2025-06-11 21:05:49,380 [ERROR] LogOutputStream:75 - [STDERR_REDIRECT] 
2025-06-11 21:05:50,468 [ERROR] LogOutputStream:75 - [STDERR_REDIRECT] [Fatal Error] :1:1: Premature end of file.
2025-06-11 21:05:50,469 [ERROR] LogOutputStream:75 - [STDERR_REDIRECT] 
2025-06-11 21:05:51,367 [ERROR] LogOutputStream:75 - [STDERR_REDIRECT] [Fatal Error] :1:1: Premature end of file.
2025-06-11 21:05:51,367 [ERROR] LogOutputStream:75 - [STDERR_REDIRECT] 
2025-06-11 21:05:52,391 [ERROR] LogOutputStream:75 - [STDERR_REDIRECT] [Fatal Error] :1:1: Premature end of file.
2025-06-11 21:05:52,391 [ERROR] LogOutputStream:75 - [STDERR_REDIRECT] 
2025-06-11 21:05:53,382 [ERROR] LogOutputStream:75 - [STDERR_REDIRECT] [Fatal Error] :1:1: Premature end of file.
2025-06-11 21:05:53,383 [ERROR] LogOutputStream:75 - [STDERR_REDIRECT] 
2025-06-11 21:05:54,368 [ERROR] LogOutputStream:75 - [STDERR_REDIRECT] [Fatal Error] :1:1: Premature end of file.
2025-06-11 21:05:54,369 [ERROR] LogOutputStream:75 - [STDERR_REDIRECT] 
2025-06-11 21:05:55,453 [ERROR] LogOutputStream:75 - [STDERR_REDIRECT] [Fatal Error] :1:1: Premature end of file.
2025-06-11 21:05:55,454 [ERROR] LogOutputStream:75 - [STDERR_REDIRECT] 
2025-06-11 21:05:56,454 [ERROR] LogOutputStream:75 - [STDERR_REDIRECT] [Fatal Error] :1:1: Premature end of file.
2025-06-11 21:05:56,455 [ERROR] LogOutputStream:75 - [STDERR_REDIRECT] 
2025-06-11 21:05:57,378 [ERROR] LogOutputStream:75 - [STDERR_REDIRECT] [Fatal Error] :1:1: Premature end of file.
2025-06-11 21:05:57,378 [ERROR] LogOutputStream:75 - [STDERR_REDIRECT] 
2025-06-11 21:05:58,454 [ERROR] LogOutputStream:75 - [STDERR_REDIRECT] [Fatal Error] :1:1: Premature end of file.
2025-06-11 21:05:58,454 [ERROR] LogOutputStream:75 - [STDERR_REDIRECT] 
2025-06-11 21:05:59,393 [ERROR] LogOutputStream:75 - [STDERR_REDIRECT] [Fatal Error] :1:1: Premature end of file.
2025-06-11 21:05:59,393 [ERROR] LogOutputStream:75 - [STDERR_REDIRECT] 
2025-06-11 21:06:00,401 [ERROR] LogOutputStream:75 - [STDERR_REDIRECT] [Fatal Error] :1:1: Premature end of file.
2025-06-11 21:06:00,402 [ERROR] LogOutputStream:75 - [STDERR_REDIRECT] 
2025-06-11 21:06:01,367 [ERROR] LogOutputStream:75 - [STDERR_REDIRECT] [Fatal Error] :1:1: Premature end of file.
2025-06-11 21:06:01,367 [ERROR] LogOutputStream:75 - [STDERR_REDIRECT] 
2025-06-11 21:06:02,367 [ERROR] LogOutputStream:75 - [STDERR_REDIRECT] [Fatal Error] :1:1: Premature end of file.
2025-06-11 21:06:02,368 [ERROR] LogOutputStream:75 - [STDERR_REDIRECT] 
2025-06-11 21:06:03,370 [ERROR] LogOutputStream:75 - [STDERR_REDIRECT] [Fatal Error] :1:1: Premature end of file.
2025-06-11 21:06:03,370 [ERROR] LogOutputStream:75 - [STDERR_REDIRECT] 
2025-06-11 21:06:04,458 [ERROR] LogOutputStream:75 - [STDERR_REDIRECT] [Fatal Error] :1:1: Premature end of file.
2025-06-11 21:06:04,459 [ERROR] LogOutputStream:75 - [STDERR_REDIRECT] 
2025-06-11 21:06:05,420 [ERROR] LogOutputStream:75 - [STDERR_REDIRECT] [Fatal Error] :1:1: Premature end of file.
2025-06-11 21:06:05,421 [ERROR] LogOutputStream:75 - [STDERR_REDIRECT] 
2025-06-11 21:06:06,367 [ERROR] LogOutputStream:75 - [STDERR_REDIRECT] [Fatal Error] :1:1: Premature end of file.
2025-06-11 21:06:06,367 [ERROR] LogOutputStream:75 - [STDERR_REDIRECT] 
2025-06-11 21:06:07,375 [ERROR] LogOutputStream:75 - [STDERR_REDIRECT] [Fatal Error] :1:1: Premature end of file.
2025-06-11 21:06:07,375 [ERROR] LogOutputStream:75 - [STDERR_REDIRECT] 
2025-06-11 21:06:08,394 [ERROR] LogOutputStream:75 - [STDERR_REDIRECT] [Fatal Error] :1:1: Premature end of file.
2025-06-11 21:06:08,394 [ERROR] LogOutputStream:75 - [STDERR_REDIRECT] 
2025-06-11 21:06:09,367 [ERROR] LogOutputStream:75 - [STDERR_REDIRECT] [Fatal Error] :1:1: Premature end of file.
2025-06-11 21:06:09,367 [ERROR] LogOutputStream:75 - [STDERR_REDIRECT] 
2025-06-11 21:06:10,366 [ERROR] LogOutputStream:75 - [STDERR_REDIRECT] [Fatal Error] :1:1: Premature end of file.
2025-06-11 21:06:10,366 [ERROR] LogOutputStream:75 - [STDERR_REDIRECT] 
2025-06-11 21:06:11,377 [ERROR] LogOutputStream:75 - [STDERR_REDIRECT] [Fatal Error] :1:1: Premature end of file.
2025-06-11 21:06:11,377 [ERROR] LogOutputStream:75 - [STDERR_REDIRECT] 
2025-06-11 21:06:12,372 [ERROR] LogOutputStream:75 - [STDERR_REDIRECT] [Fatal Error] :1:1: Premature end of file.
2025-06-11 21:06:12,372 [ERROR] LogOutputStream:75 - [STDERR_REDIRECT] 
2025-06-11 21:06:13,370 [ERROR] LogOutputStream:75 - [STDERR_REDIRECT] [Fatal Error] :1:1: Premature end of file.
2025-06-11 21:06:13,370 [ERROR] LogOutputStream:75 - [STDERR_REDIRECT] 
2025-06-11 21:06:14,369 [ERROR] LogOutputStream:75 - [STDERR_REDIRECT] [Fatal Error] :1:1: Premature end of file.
2025-06-11 21:06:14,370 [ERROR] LogOutputStream:75 - [STDERR_REDIRECT] 
2025-06-11 21:06:15,365 [ERROR] LogOutputStream:75 - [STDERR_REDIRECT] [Fatal Error] :1:1: Premature end of file.
2025-06-11 21:06:15,365 [ERROR] LogOutputStream:75 - [STDERR_REDIRECT] 
2025-06-11 21:06:16,367 [ERROR] LogOutputStream:75 - [STDERR_REDIRECT] [Fatal Error] :1:1: Premature end of file.
2025-06-11 21:06:16,367 [ERROR] LogOutputStream:75 - [STDERR_REDIRECT] 
2025-06-11 21:06:17,377 [ERROR] LogOutputStream:75 - [STDERR_REDIRECT] [Fatal Error] :1:1: Premature end of file.
2025-06-11 21:06:17,377 [ERROR] LogOutputStream:75 - [STDERR_REDIRECT] 
2025-06-11 21:06:18,469 [ERROR] LogOutputStream:75 - [STDERR_REDIRECT] [Fatal Error] :1:1: Premature end of file.
2025-06-11 21:06:18,470 [ERROR] LogOutputStream:75 - [STDERR_REDIRECT] 
2025-06-11 21:06:19,367 [ERROR] LogOutputStream:75 - [STDERR_REDIRECT] [Fatal Error] :1:1: Premature end of file.
2025-06-11 21:06:19,367 [ERROR] LogOutputStream:75 - [STDERR_REDIRECT] 
2025-06-11 21:06:20,463 [ERROR] LogOutputStream:75 - [STDERR_REDIRECT] [Fatal Error] :1:1: Premature end of file.
2025-06-11 21:06:20,465 [ERROR] LogOutputStream:75 - [STDERR_REDIRECT] 
2025-06-11 21:06:21,454 [ERROR] LogOutputStream:75 - [STDERR_REDIRECT] [Fatal Error] :1:1: Premature end of file.
2025-06-11 21:06:21,454 [ERROR] LogOutputStream:75 - [STDERR_REDIRECT] 
2025-06-11 21:06:22,391 [ERROR] LogOutputStream:75 - [STDERR_REDIRECT] [Fatal Error] :1:1: Premature end of file.
2025-06-11 21:06:22,391 [ERROR] LogOutputStream:75 - [STDERR_REDIRECT] 
2025-06-11 21:06:23,368 [ERROR] LogOutputStream:75 - [STDERR_REDIRECT] [Fatal Error] :1:1: Premature end of file.
2025-06-11 21:06:23,368 [ERROR] LogOutputStream:75 - [STDERR_REDIRECT] 
2025-06-11 21:06:24,397 [ERROR] LogOutputStream:75 - [STDERR_REDIRECT] [Fatal Error] :1:1: Premature end of file.
2025-06-11 21:06:24,398 [ERROR] LogOutputStream:75 - [STDERR_REDIRECT] 
2025-06-11 21:06:25,372 [ERROR] LogOutputStream:75 - [STDERR_REDIRECT] [Fatal Error] :1:1: Premature end of file.
2025-06-11 21:06:25,373 [ERROR] LogOutputStream:75 - [STDERR_REDIRECT] 
2025-06-11 21:06:26,367 [ERROR] LogOutputStream:75 - [STDERR_REDIRECT] [Fatal Error] :1:1: Premature end of file.
2025-06-11 21:06:26,367 [ERROR] LogOutputStream:75 - [STDERR_REDIRECT] 
2025-06-11 21:06:27,431 [ERROR] LogOutputStream:75 - [STDERR_REDIRECT] [Fatal Error] :1:1: Premature end of file.
2025-06-11 21:06:27,432 [ERROR] LogOutputStream:75 - [STDERR_REDIRECT] 
2025-06-11 21:06:28,388 [ERROR] LogOutputStream:75 - [STDERR_REDIRECT] [Fatal Error] :1:1: Premature end of file.
2025-06-11 21:06:28,388 [ERROR] LogOutputStream:75 - [STDERR_REDIRECT] 
2025-06-11 21:06:29,399 [ERROR] LogOutputStream:75 - [STDERR_REDIRECT] [Fatal Error] :1:1: Premature end of file.
2025-06-11 21:06:29,400 [ERROR] LogOutputStream:75 - [STDERR_REDIRECT] 
2025-06-11 21:06:30,391 [ERROR] LogOutputStream:75 - [STDERR_REDIRECT] [Fatal Error] :1:1: Premature end of file.
2025-06-11 21:06:30,391 [ERROR] LogOutputStream:75 - [STDERR_REDIRECT] 
2025-06-11 21:06:31,372 [ERROR] LogOutputStream:75 - [STDERR_REDIRECT] [Fatal Error] :1:1: Premature end of file.
2025-06-11 21:06:31,373 [ERROR] LogOutputStream:75 - [STDERR_REDIRECT] 
2025-06-11 21:06:32,366 [ERROR] LogOutputStream:75 - [STDERR_REDIRECT] [Fatal Error] :1:1: Premature end of file.
2025-06-11 21:06:32,366 [ERROR] LogOutputStream:75 - [STDERR_REDIRECT] 
2025-06-11 21:06:33,371 [ERROR] LogOutputStream:75 - [STDERR_REDIRECT] [Fatal Error] :1:1: Premature end of file.
2025-06-11 21:06:33,371 [ERROR] LogOutputStream:75 - [STDERR_REDIRECT] 
2025-06-11 21:06:34,367 [ERROR] LogOutputStream:75 - [STDERR_REDIRECT] [Fatal Error] :1:1: Premature end of file.
2025-06-11 21:06:34,367 [ERROR] LogOutputStream:75 - [STDERR_REDIRECT] 
2025-06-11 21:06:35,370 [ERROR] LogOutputStream:75 - [STDERR_REDIRECT] [Fatal Error] :1:1: Premature end of file.
2025-06-11 21:06:35,370 [ERROR] LogOutputStream:75 - [STDERR_REDIRECT] 
2025-06-11 21:06:36,460 [ERROR] LogOutputStream:75 - [STDERR_REDIRECT] [Fatal Error] :1:1: Premature end of file.
2025-06-11 21:06:36,461 [ERROR] LogOutputStream:75 - [STDERR_REDIRECT] 
2025-06-11 21:06:37,454 [ERROR] LogOutputStream:75 - [STDERR_REDIRECT] [Fatal Error] :1:1: Premature end of file.
2025-06-11 21:06:37,455 [ERROR] LogOutputStream:75 - [STDERR_REDIRECT] 
2025-06-11 21:06:38,393 [ERROR] LogOutputStream:75 - [STDERR_REDIRECT] [Fatal Error] :1:1: Premature end of file.
2025-06-11 21:06:38,393 [ERROR] LogOutputStream:75 - [STDERR_REDIRECT] 
2025-06-11 21:06:39,372 [ERROR] LogOutputStream:75 - [STDERR_REDIRECT] [Fatal Error] :1:1: Premature end of file.
2025-06-11 21:06:39,372 [ERROR] LogOutputStream:75 - [STDERR_REDIRECT] 
2025-06-11 21:06:40,370 [ERROR] LogOutputStream:75 - [STDERR_REDIRECT] [Fatal Error] :1:1: Premature end of file.
2025-06-11 21:06:40,370 [ERROR] LogOutputStream:75 - [STDERR_REDIRECT] 
2025-06-11 21:06:41,461 [ERROR] LogOutputStream:75 - [STDERR_REDIRECT] [Fatal Error] :1:1: Premature end of file.
2025-06-11 21:06:41,462 [ERROR] LogOutputStream:75 - [STDERR_REDIRECT] 
2025-06-11 21:06:42,400 [ERROR] LogOutputStream:75 - [STDERR_REDIRECT] [Fatal Error] :1:1: Premature end of file.
2025-06-11 21:06:42,400 [ERROR] LogOutputStream:75 - [STDERR_REDIRECT] 
2025-06-11 21:06:43,486 [ERROR] LogOutputStream:75 - [STDERR_REDIRECT] [Fatal Error] :1:1: Premature end of file.
2025-06-11 21:06:43,486 [ERROR] LogOutputStream:75 - [STDERR_REDIRECT] 
2025-06-11 21:06:44,388 [ERROR] LogOutputStream:75 - [STDERR_REDIRECT] [Fatal Error] :1:1: Premature end of file.
2025-06-11 21:06:44,388 [ERROR] LogOutputStream:75 - [STDERR_REDIRECT] 
2025-06-11 21:06:45,378 [ERROR] LogOutputStream:75 - [STDERR_REDIRECT] [Fatal Error] :1:1: Premature end of file.
2025-06-11 21:06:45,378 [ERROR] LogOutputStream:75 - [STDERR_REDIRECT] 
2025-06-11 21:06:46,405 [ERROR] LogOutputStream:75 - [STDERR_REDIRECT] [Fatal Error] :1:1: Premature end of file.
2025-06-11 21:06:46,405 [ERROR] LogOutputStream:75 - [STDERR_REDIRECT] 
2025-06-11 21:06:47,378 [ERROR] LogOutputStream:75 - [STDERR_REDIRECT] [Fatal Error] :1:1: Premature end of file.
2025-06-11 21:06:47,378 [ERROR] LogOutputStream:75 - [STDERR_REDIRECT] 
2025-06-11 21:06:48,466 [ERROR] LogOutputStream:75 - [STDERR_REDIRECT] [Fatal Error] :1:1: Premature end of file.
2025-06-11 21:06:48,467 [ERROR] LogOutputStream:75 - [STDERR_REDIRECT] 
2025-06-11 21:06:49,394 [ERROR] LogOutputStream:75 - [STDERR_REDIRECT] [Fatal Error] :1:1: Premature end of file.
2025-06-11 21:06:49,395 [ERROR] LogOutputStream:75 - [STDERR_REDIRECT] 
2025-06-11 21:06:50,372 [ERROR] LogOutputStream:75 - [STDERR_REDIRECT] [Fatal Error] :1:1: Premature end of file.
2025-06-11 21:06:50,373 [ERROR] LogOutputStream:75 - [STDERR_REDIRECT] 
2025-06-11 21:06:51,367 [ERROR] LogOutputStream:75 - [STDERR_REDIRECT] [Fatal Error] :1:1: Premature end of file.
2025-06-11 21:06:51,368 [ERROR] LogOutputStream:75 - [STDERR_REDIRECT] 
2025-06-11 21:06:52,454 [ERROR] LogOutputStream:75 - [STDERR_REDIRECT] [Fatal Error] :1:1: Premature end of file.
2025-06-11 21:06:52,454 [ERROR] LogOutputStream:75 - [STDERR_REDIRECT] 
2025-06-11 21:06:53,458 [ERROR] LogOutputStream:75 - [STDERR_REDIRECT] [Fatal Error] :1:1: Premature end of file.
2025-06-11 21:06:53,459 [ERROR] LogOutputStream:75 - [STDERR_REDIRECT] 
2025-06-11 21:06:54,367 [ERROR] LogOutputStream:75 - [STDERR_REDIRECT] [Fatal Error] :1:1: Premature end of file.
2025-06-11 21:06:54,367 [ERROR] LogOutputStream:75 - [STDERR_REDIRECT] 
2025-06-11 21:06:55,454 [ERROR] LogOutputStream:75 - [STDERR_REDIRECT] [Fatal Error] :1:1: Premature end of file.
2025-06-11 21:06:55,455 [ERROR] LogOutputStream:75 - [STDERR_REDIRECT] 
2025-06-11 21:06:56,446 [ERROR] LogOutputStream:75 - [STDERR_REDIRECT] [Fatal Error] :1:1: Premature end of file.
2025-06-11 21:06:56,447 [ERROR] LogOutputStream:75 - [STDERR_REDIRECT] 
2025-06-11 21:06:57,441 [ERROR] LogOutputStream:75 - [STDERR_REDIRECT] [Fatal Error] :1:1: Premature end of file.
2025-06-11 21:06:57,441 [ERROR] LogOutputStream:75 - [STDERR_REDIRECT] 
2025-06-11 21:06:58,450 [ERROR] LogOutputStream:75 - [STDERR_REDIRECT] [Fatal Error] :1:1: Premature end of file.
2025-06-11 21:06:58,451 [ERROR] LogOutputStream:75 - [STDERR_REDIRECT] 
2025-06-11 21:06:59,454 [ERROR] LogOutputStream:75 - [STDERR_REDIRECT] [Fatal Error] :1:1: Premature end of file.
2025-06-11 21:06:59,455 [ERROR] LogOutputStream:75 - [STDERR_REDIRECT] 
2025-06-11 21:07:00,363 [ERROR] LogOutputStream:75 - [STDERR_REDIRECT] [Fatal Error] :1:1: Premature end of file.
2025-06-11 21:07:00,364 [ERROR] LogOutputStream:75 - [STDERR_REDIRECT] 
2025-06-11 21:07:01,452 [ERROR] LogOutputStream:75 - [STDERR_REDIRECT] [Fatal Error] :1:1: Premature end of file.
2025-06-11 21:07:01,453 [ERROR] LogOutputStream:75 - [STDERR_REDIRECT] 
2025-06-11 21:07:02,456 [ERROR] LogOutputStream:75 - [STDERR_REDIRECT] [Fatal Error] :1:1: Premature end of file.
2025-06-11 21:07:02,456 [ERROR] LogOutputStream:75 - [STDERR_REDIRECT] 
2025-06-11 21:07:03,407 [ERROR] LogOutputStream:75 - [STDERR_REDIRECT] [Fatal Error] :1:1: Premature end of file.
2025-06-11 21:07:03,407 [ERROR] LogOutputStream:75 - [STDERR_REDIRECT] 
2025-06-11 21:07:04,416 [ERROR] LogOutputStream:75 - [STDERR_REDIRECT] [Fatal Error] :1:1: Premature end of file.
2025-06-11 21:07:04,417 [ERROR] LogOutputStream:75 - [STDERR_REDIRECT] 
2025-06-11 21:07:05,404 [ERROR] LogOutputStream:75 - [STDERR_REDIRECT] [Fatal Error] :1:1: Premature end of file.
2025-06-11 21:07:05,404 [ERROR] LogOutputStream:75 - [STDERR_REDIRECT] 
2025-06-11 21:07:06,446 [ERROR] LogOutputStream:75 - [STDERR_REDIRECT] [Fatal Error] :1:1: Premature end of file.
2025-06-11 21:07:06,446 [ERROR] LogOutputStream:75 - [STDERR_REDIRECT] 
2025-06-11 21:07:07,399 [ERROR] LogOutputStream:75 - [STDERR_REDIRECT] [Fatal Error] :1:1: Premature end of file.
2025-06-11 21:07:07,399 [ERROR] LogOutputStream:75 - [STDERR_REDIRECT] 
2025-06-11 21:07:08,449 [ERROR] LogOutputStream:75 - [STDERR_REDIRECT] [Fatal Error] :1:1: Premature end of file.
2025-06-11 21:07:08,450 [ERROR] LogOutputStream:75 - [STDERR_REDIRECT] 
2025-06-11 21:07:09,458 [ERROR] LogOutputStream:75 - [STDERR_REDIRECT] [Fatal Error] :1:1: Premature end of file.
2025-06-11 21:07:09,460 [ERROR] LogOutputStream:75 - [STDERR_REDIRECT] 
2025-06-11 21:07:10,458 [ERROR] LogOutputStream:75 - [STDERR_REDIRECT] [Fatal Error] :1:1: Premature end of file.
2025-06-11 21:07:10,459 [ERROR] LogOutputStream:75 - [STDERR_REDIRECT] 
2025-06-11 21:07:11,442 [ERROR] LogOutputStream:75 - [STDERR_REDIRECT] [Fatal Error] :1:1: Premature end of file.
2025-06-11 21:07:11,443 [ERROR] LogOutputStream:75 - [STDERR_REDIRECT] 
2025-06-11 21:07:12,444 [ERROR] LogOutputStream:75 - [STDERR_REDIRECT] [Fatal Error] :1:1: Premature end of file.
2025-06-11 21:07:12,445 [ERROR] LogOutputStream:75 - [STDERR_REDIRECT] 
2025-06-11 21:07:13,400 [ERROR] LogOutputStream:75 - [STDERR_REDIRECT] [Fatal Error] :1:1: Premature end of file.
2025-06-11 21:07:13,401 [ERROR] LogOutputStream:75 - [STDERR_REDIRECT] 
2025-06-11 21:07:14,366 [ERROR] LogOutputStream:75 - [STDERR_REDIRECT] [Fatal Error] :1:1: Premature end of file.
2025-06-11 21:07:14,366 [ERROR] LogOutputStream:75 - [STDERR_REDIRECT] 
2025-06-11 21:07:15,366 [ERROR] LogOutputStream:75 - [STDERR_REDIRECT] [Fatal Error] :1:1: Premature end of file.
2025-06-11 21:07:15,366 [ERROR] LogOutputStream:75 - [STDERR_REDIRECT] 
2025-06-11 21:07:16,390 [ERROR] LogOutputStream:75 - [STDERR_REDIRECT] [Fatal Error] :1:1: Premature end of file.
2025-06-11 21:07:16,390 [ERROR] LogOutputStream:75 - [STDERR_REDIRECT] 
2025-06-11 21:07:17,434 [ERROR] LogOutputStream:75 - [STDERR_REDIRECT] [Fatal Error] :1:1: Premature end of file.
2025-06-11 21:07:17,435 [ERROR] LogOutputStream:75 - [STDERR_REDIRECT] 
2025-06-11 21:07:18,455 [ERROR] LogOutputStream:75 - [STDERR_REDIRECT] [Fatal Error] :1:1: Premature end of file.
2025-06-11 21:07:18,455 [ERROR] LogOutputStream:75 - [STDERR_REDIRECT] 
2025-06-11 21:07:19,441 [ERROR] LogOutputStream:75 - [STDERR_REDIRECT] [Fatal Error] :1:1: Premature end of file.
2025-06-11 21:07:19,441 [ERROR] LogOutputStream:75 - [STDERR_REDIRECT] 
2025-06-11 21:07:20,456 [ERROR] LogOutputStream:75 - [STDERR_REDIRECT] [Fatal Error] :1:1: Premature end of file.
2025-06-11 21:07:20,457 [ERROR] LogOutputStream:75 - [STDERR_REDIRECT] 
2025-06-11 21:07:21,457 [ERROR] LogOutputStream:75 - [STDERR_REDIRECT] [Fatal Error] :1:1: Premature end of file.
2025-06-11 21:07:21,457 [ERROR] LogOutputStream:75 - [STDERR_REDIRECT] 
2025-06-11 21:07:22,439 [ERROR] LogOutputStream:75 - [STDERR_REDIRECT] [Fatal Error] :1:1: Premature end of file.
2025-06-11 21:07:22,439 [ERROR] LogOutputStream:75 - [STDERR_REDIRECT] 
2025-06-11 21:07:23,458 [ERROR] LogOutputStream:75 - [STDERR_REDIRECT] [Fatal Error] :1:1: Premature end of file.
2025-06-11 21:07:23,458 [ERROR] LogOutputStream:75 - [STDERR_REDIRECT] 
2025-06-11 21:07:24,456 [ERROR] LogOutputStream:75 - [STDERR_REDIRECT] [Fatal Error] :1:1: Premature end of file.
2025-06-11 21:07:24,456 [ERROR] LogOutputStream:75 - [STDERR_REDIRECT] 
2025-06-11 21:07:25,443 [ERROR] LogOutputStream:75 - [STDERR_REDIRECT] [Fatal Error] :1:1: Premature end of file.
2025-06-11 21:07:25,443 [ERROR] LogOutputStream:75 - [STDERR_REDIRECT] 
2025-06-11 21:07:26,457 [ERROR] LogOutputStream:75 - [STDERR_REDIRECT] [Fatal Error] :1:1: Premature end of file.
2025-06-11 21:07:26,458 [ERROR] LogOutputStream:75 - [STDERR_REDIRECT] 
2025-06-11 21:07:27,456 [ERROR] LogOutputStream:75 - [STDERR_REDIRECT] [Fatal Error] :1:1: Premature end of file.
2025-06-11 21:07:27,457 [ERROR] LogOutputStream:75 - [STDERR_REDIRECT] 
2025-06-11 21:07:28,449 [ERROR] LogOutputStream:75 - [STDERR_REDIRECT] [Fatal Error] :1:1: Premature end of file.
2025-06-11 21:07:28,449 [ERROR] LogOutputStream:75 - [STDERR_REDIRECT] 
2025-06-11 21:07:29,426 [ERROR] LogOutputStream:75 - [STDERR_REDIRECT] [Fatal Error] :1:1: Premature end of file.
2025-06-11 21:07:29,426 [ERROR] LogOutputStream:75 - [STDERR_REDIRECT] 
2025-06-11 21:07:30,454 [ERROR] LogOutputStream:75 - [STDERR_REDIRECT] [Fatal Error] :1:1: Premature end of file.
2025-06-11 21:07:30,455 [ERROR] LogOutputStream:75 - [STDERR_REDIRECT] 
2025-06-11 21:07:31,454 [ERROR] LogOutputStream:75 - [STDERR_REDIRECT] [Fatal Error] :1:1: Premature end of file.
2025-06-11 21:07:31,455 [ERROR] LogOutputStream:75 - [STDERR_REDIRECT] 
2025-06-11 21:07:32,447 [ERROR] LogOutputStream:75 - [STDERR_REDIRECT] [Fatal Error] :1:1: Premature end of file.
2025-06-11 21:07:32,447 [ERROR] LogOutputStream:75 - [STDERR_REDIRECT] 
2025-06-11 21:07:33,460 [ERROR] LogOutputStream:75 - [STDERR_REDIRECT] [Fatal Error] :1:1: Premature end of file.
2025-06-11 21:07:33,462 [ERROR] LogOutputStream:75 - [STDERR_REDIRECT] 
2025-06-11 21:07:34,368 [ERROR] LogOutputStream:75 - [STDERR_REDIRECT] [Fatal Error] :1:1: Premature end of file.
2025-06-11 21:07:34,369 [ERROR] LogOutputStream:75 - [STDERR_REDIRECT] 
2025-06-11 21:07:35,397 [ERROR] LogOutputStream:75 - [STDERR_REDIRECT] [Fatal Error] :1:1: Premature end of file.
2025-06-11 21:07:35,397 [ERROR] LogOutputStream:75 - [STDERR_REDIRECT] 
2025-06-11 21:07:36,438 [ERROR] LogOutputStream:75 - [STDERR_REDIRECT] [Fatal Error] :1:1: Premature end of file.
2025-06-11 21:07:36,438 [ERROR] LogOutputStream:75 - [STDERR_REDIRECT] 
2025-06-11 21:07:37,451 [ERROR] LogOutputStream:75 - [STDERR_REDIRECT] [Fatal Error] :1:1: Premature end of file.
2025-06-11 21:07:37,451 [ERROR] LogOutputStream:75 - [STDERR_REDIRECT] 
2025-06-11 21:07:38,454 [ERROR] LogOutputStream:75 - [STDERR_REDIRECT] [Fatal Error] :1:1: Premature end of file.
2025-06-11 21:07:38,454 [ERROR] LogOutputStream:75 - [STDERR_REDIRECT] 
2025-06-11 21:07:39,452 [ERROR] LogOutputStream:75 - [STDERR_REDIRECT] [Fatal Error] :1:1: Premature end of file.
2025-06-11 21:07:39,452 [ERROR] LogOutputStream:75 - [STDERR_REDIRECT] 
2025-06-11 21:07:40,451 [ERROR] LogOutputStream:75 - [STDERR_REDIRECT] [Fatal Error] :1:1: Premature end of file.
2025-06-11 21:07:40,451 [ERROR] LogOutputStream:75 - [STDERR_REDIRECT] 
2025-06-11 21:07:41,452 [ERROR] LogOutputStream:75 - [STDERR_REDIRECT] [Fatal Error] :1:1: Premature end of file.
2025-06-11 21:07:41,454 [ERROR] LogOutputStream:75 - [STDERR_REDIRECT] 
2025-06-11 21:07:42,470 [ERROR] LogOutputStream:75 - [STDERR_REDIRECT] [Fatal Error] :1:1: Premature end of file.
2025-06-11 21:07:42,470 [ERROR] LogOutputStream:75 - [STDERR_REDIRECT] 
2025-06-11 21:07:43,373 [ERROR] LogOutputStream:75 - [STDERR_REDIRECT] [Fatal Error] :1:1: Premature end of file.
2025-06-11 21:07:43,373 [ERROR] LogOutputStream:75 - [STDERR_REDIRECT] 
2025-06-11 21:07:44,367 [ERROR] LogOutputStream:75 - [STDERR_REDIRECT] [Fatal Error] :1:1: Premature end of file.
2025-06-11 21:07:44,368 [ERROR] LogOutputStream:75 - [STDERR_REDIRECT] 
2025-06-11 21:07:45,444 [ERROR] LogOutputStream:75 - [STDERR_REDIRECT] [Fatal Error] :1:1: Premature end of file.
2025-06-11 21:07:45,444 [ERROR] LogOutputStream:75 - [STDERR_REDIRECT] 
2025-06-11 21:07:46,391 [ERROR] LogOutputStream:75 - [STDERR_REDIRECT] [Fatal Error] :1:1: Premature end of file.
2025-06-11 21:07:46,392 [ERROR] LogOutputStream:75 - [STDERR_REDIRECT] 
2025-06-11 21:07:47,451 [ERROR] LogOutputStream:75 - [STDERR_REDIRECT] [Fatal Error] :1:1: Premature end of file.
2025-06-11 21:07:47,452 [ERROR] LogOutputStream:75 - [STDERR_REDIRECT] 
2025-06-11 21:07:48,455 [ERROR] LogOutputStream:75 - [STDERR_REDIRECT] [Fatal Error] :1:1: Premature end of file.
2025-06-11 21:07:48,456 [ERROR] LogOutputStream:75 - [STDERR_REDIRECT] 
2025-06-11 21:07:49,458 [ERROR] LogOutputStream:75 - [STDERR_REDIRECT] [Fatal Error] :1:1: Premature end of file.
2025-06-11 21:07:49,459 [ERROR] LogOutputStream:75 - [STDERR_REDIRECT] 
2025-06-11 21:07:50,369 [ERROR] LogOutputStream:75 - [STDERR_REDIRECT] [Fatal Error] :1:1: Premature end of file.
2025-06-11 21:07:50,369 [ERROR] LogOutputStream:75 - [STDERR_REDIRECT] 
2025-06-11 21:07:51,453 [ERROR] LogOutputStream:75 - [STDERR_REDIRECT] [Fatal Error] :1:1: Premature end of file.
2025-06-11 21:07:51,454 [ERROR] LogOutputStream:75 - [STDERR_REDIRECT] 
2025-06-11 21:07:52,455 [ERROR] LogOutputStream:75 - [STDERR_REDIRECT] [Fatal Error] :1:1: Premature end of file.
2025-06-11 21:07:52,455 [ERROR] LogOutputStream:75 - [STDERR_REDIRECT] 
2025-06-11 21:07:53,450 [ERROR] LogOutputStream:75 - [STDERR_REDIRECT] [Fatal Error] :1:1: Premature end of file.
2025-06-11 21:07:53,450 [ERROR] LogOutputStream:75 - [STDERR_REDIRECT] 
2025-06-11 21:07:54,461 [ERROR] LogOutputStream:75 - [STDERR_REDIRECT] [Fatal Error] :1:1: Premature end of file.
2025-06-11 21:07:54,462 [ERROR] LogOutputStream:75 - [STDERR_REDIRECT] 
2025-06-11 21:07:55,454 [ERROR] LogOutputStream:75 - [STDERR_REDIRECT] [Fatal Error] :1:1: Premature end of file.
2025-06-11 21:07:55,454 [ERROR] LogOutputStream:75 - [STDERR_REDIRECT] 
2025-06-11 21:07:56,430 [ERROR] LogOutputStream:75 - [STDERR_REDIRECT] [Fatal Error] :1:1: Premature end of file.
2025-06-11 21:07:56,430 [ERROR] LogOutputStream:75 - [STDERR_REDIRECT] 
2025-06-11 21:07:57,456 [ERROR] LogOutputStream:75 - [STDERR_REDIRECT] [Fatal Error] :1:1: Premature end of file.
2025-06-11 21:07:57,456 [ERROR] LogOutputStream:75 - [STDERR_REDIRECT] 
2025-06-11 21:07:58,459 [ERROR] LogOutputStream:75 - [STDERR_REDIRECT] [Fatal Error] :1:1: Premature end of file.
2025-06-11 21:07:58,460 [ERROR] LogOutputStream:75 - [STDERR_REDIRECT] 
2025-06-11 21:07:59,412 [ERROR] LogOutputStream:75 - [STDERR_REDIRECT] [Fatal Error] :1:1: Premature end of file.
2025-06-11 21:07:59,412 [ERROR] LogOutputStream:75 - [STDERR_REDIRECT] 
2025-06-11 21:08:00,456 [ERROR] LogOutputStream:75 - [STDERR_REDIRECT] [Fatal Error] :1:1: Premature end of file.
2025-06-11 21:08:00,457 [ERROR] LogOutputStream:75 - [STDERR_REDIRECT] 
2025-06-11 21:08:01,444 [ERROR] LogOutputStream:75 - [STDERR_REDIRECT] [Fatal Error] :1:1: Premature end of file.
2025-06-11 21:08:01,444 [ERROR] LogOutputStream:75 - [STDERR_REDIRECT] 
2025-06-11 21:08:02,454 [ERROR] LogOutputStream:75 - [STDERR_REDIRECT] [Fatal Error] :1:1: Premature end of file.
2025-06-11 21:08:02,454 [ERROR] LogOutputStream:75 - [STDERR_REDIRECT] 
2025-06-11 21:08:03,370 [ERROR] LogOutputStream:75 - [STDERR_REDIRECT] [Fatal Error] :1:1: Premature end of file.
2025-06-11 21:08:03,370 [ERROR] LogOutputStream:75 - [STDERR_REDIRECT] 
2025-06-11 21:08:04,452 [ERROR] LogOutputStream:75 - [STDERR_REDIRECT] [Fatal Error] :1:1: Premature end of file.
2025-06-11 21:08:04,452 [ERROR] LogOutputStream:75 - [STDERR_REDIRECT] 
2025-06-11 21:08:05,440 [ERROR] LogOutputStream:75 - [STDERR_REDIRECT] [Fatal Error] :1:1: Premature end of file.
2025-06-11 21:08:05,440 [ERROR] LogOutputStream:75 - [STDERR_REDIRECT] 
2025-06-11 21:08:06,455 [ERROR] LogOutputStream:75 - [STDERR_REDIRECT] [Fatal Error] :1:1: Premature end of file.
2025-06-11 21:08:06,456 [ERROR] LogOutputStream:75 - [STDERR_REDIRECT] 
2025-06-11 21:08:07,447 [ERROR] LogOutputStream:75 - [STDERR_REDIRECT] [Fatal Error] :1:1: Premature end of file.
2025-06-11 21:08:07,448 [ERROR] LogOutputStream:75 - [STDERR_REDIRECT] 
2025-06-11 21:08:08,441 [ERROR] LogOutputStream:75 - [STDERR_REDIRECT] [Fatal Error] :1:1: Premature end of file.
2025-06-11 21:08:08,441 [ERROR] LogOutputStream:75 - [STDERR_REDIRECT] 
2025-06-11 21:08:09,445 [ERROR] LogOutputStream:75 - [STDERR_REDIRECT] [Fatal Error] :1:1: Premature end of file.
2025-06-11 21:08:09,446 [ERROR] LogOutputStream:75 - [STDERR_REDIRECT] 
2025-06-11 21:08:10,416 [ERROR] LogOutputStream:75 - [STDERR_REDIRECT] [Fatal Error] :1:1: Premature end of file.
2025-06-11 21:08:10,416 [ERROR] LogOutputStream:75 - [STDERR_REDIRECT] 
2025-06-11 21:08:11,366 [ERROR] LogOutputStream:75 - [STDERR_REDIRECT] [Fatal Error] :1:1: Premature end of file.
2025-06-11 21:08:11,366 [ERROR] LogOutputStream:75 - [STDERR_REDIRECT] 
2025-06-11 21:08:12,414 [ERROR] LogOutputStream:75 - [STDERR_REDIRECT] [Fatal Error] :1:1: Premature end of file.
2025-06-11 21:08:12,414 [ERROR] LogOutputStream:75 - [STDERR_REDIRECT] 
2025-06-11 21:08:13,403 [ERROR] LogOutputStream:75 - [STDERR_REDIRECT] [Fatal Error] :1:1: Premature end of file.
2025-06-11 21:08:13,404 [ERROR] LogOutputStream:75 - [STDERR_REDIRECT] 
2025-06-11 21:08:14,383 [ERROR] LogOutputStream:75 - [STDERR_REDIRECT] [Fatal Error] :1:1: Premature end of file.
2025-06-11 21:08:14,384 [ERROR] LogOutputStream:75 - [STDERR_REDIRECT] 
2025-06-11 21:08:15,460 [ERROR] LogOutputStream:75 - [STDERR_REDIRECT] [Fatal Error] :1:1: Premature end of file.
2025-06-11 21:08:15,462 [ERROR] LogOutputStream:75 - [STDERR_REDIRECT] 
2025-06-11 21:08:16,372 [ERROR] LogOutputStream:75 - [STDERR_REDIRECT] [Fatal Error] :1:1: Premature end of file.
2025-06-11 21:08:16,373 [ERROR] LogOutputStream:75 - [STDERR_REDIRECT] 
2025-06-11 21:08:17,365 [ERROR] LogOutputStream:75 - [STDERR_REDIRECT] [Fatal Error] :1:1: Premature end of file.
2025-06-11 21:08:17,365 [ERROR] LogOutputStream:75 - [STDERR_REDIRECT] 
2025-06-11 21:08:18,454 [ERROR] LogOutputStream:75 - [STDERR_REDIRECT] [Fatal Error] :1:1: Premature end of file.
2025-06-11 21:08:18,455 [ERROR] LogOutputStream:75 - [STDERR_REDIRECT] 
2025-06-11 21:08:19,442 [ERROR] LogOutputStream:75 - [STDERR_REDIRECT] [Fatal Error] :1:1: Premature end of file.
2025-06-11 21:08:19,442 [ERROR] LogOutputStream:75 - [STDERR_REDIRECT] 
2025-06-11 21:08:20,404 [ERROR] LogOutputStream:75 - [STDERR_REDIRECT] [Fatal Error] :1:1: Premature end of file.
2025-06-11 21:08:20,405 [ERROR] LogOutputStream:75 - [STDERR_REDIRECT] 
2025-06-11 21:08:21,455 [ERROR] LogOutputStream:75 - [STDERR_REDIRECT] [Fatal Error] :1:1: Premature end of file.
2025-06-11 21:08:21,456 [ERROR] LogOutputStream:75 - [STDERR_REDIRECT] 
2025-06-11 21:08:22,451 [ERROR] LogOutputStream:75 - [STDERR_REDIRECT] [Fatal Error] :1:1: Premature end of file.
2025-06-11 21:08:22,452 [ERROR] LogOutputStream:75 - [STDERR_REDIRECT] 
2025-06-11 21:08:23,457 [ERROR] LogOutputStream:75 - [STDERR_REDIRECT] [Fatal Error] :1:1: Premature end of file.
2025-06-11 21:08:23,458 [ERROR] LogOutputStream:75 - [STDERR_REDIRECT] 
2025-06-11 21:08:24,454 [ERROR] LogOutputStream:75 - [STDERR_REDIRECT] [Fatal Error] :1:1: Premature end of file.
2025-06-11 21:08:24,454 [ERROR] LogOutputStream:75 - [STDERR_REDIRECT] 
2025-06-11 21:08:25,442 [ERROR] LogOutputStream:75 - [STDERR_REDIRECT] [Fatal Error] :1:1: Premature end of file.
2025-06-11 21:08:25,442 [ERROR] LogOutputStream:75 - [STDERR_REDIRECT] 
2025-06-11 21:08:26,446 [ERROR] LogOutputStream:75 - [STDERR_REDIRECT] [Fatal Error] :1:1: Premature end of file.
2025-06-11 21:08:26,446 [ERROR] LogOutputStream:75 - [STDERR_REDIRECT] 
2025-06-11 21:08:27,443 [ERROR] LogOutputStream:75 - [STDERR_REDIRECT] [Fatal Error] :1:1: Premature end of file.
2025-06-11 21:08:27,444 [ERROR] LogOutputStream:75 - [STDERR_REDIRECT] 
2025-06-11 21:08:28,456 [ERROR] LogOutputStream:75 - [STDERR_REDIRECT] [Fatal Error] :1:1: Premature end of file.
2025-06-11 21:08:28,456 [ERROR] LogOutputStream:75 - [STDERR_REDIRECT] 
2025-06-11 21:08:29,455 [ERROR] LogOutputStream:75 - [STDERR_REDIRECT] [Fatal Error] :1:1: Premature end of file.
2025-06-11 21:08:29,456 [ERROR] LogOutputStream:75 - [STDERR_REDIRECT] 
2025-06-11 21:08:30,456 [ERROR] LogOutputStream:75 - [STDERR_REDIRECT] [Fatal Error] :1:1: Premature end of file.
2025-06-11 21:08:30,457 [ERROR] LogOutputStream:75 - [STDERR_REDIRECT] 
2025-06-11 21:08:31,453 [ERROR] LogOutputStream:75 - [STDERR_REDIRECT] [Fatal Error] :1:1: Premature end of file.
2025-06-11 21:08:31,454 [ERROR] LogOutputStream:75 - [STDERR_REDIRECT] 
2025-06-11 21:08:32,455 [ERROR] LogOutputStream:75 - [STDERR_REDIRECT] [Fatal Error] :1:1: Premature end of file.
2025-06-11 21:08:32,456 [ERROR] LogOutputStream:75 - [STDERR_REDIRECT] 
2025-06-11 21:08:33,447 [ERROR] LogOutputStream:75 - [STDERR_REDIRECT] [Fatal Error] :1:1: Premature end of file.
2025-06-11 21:08:33,448 [ERROR] LogOutputStream:75 - [STDERR_REDIRECT] 
2025-06-11 21:08:34,449 [ERROR] LogOutputStream:75 - [STDERR_REDIRECT] [Fatal Error] :1:1: Premature end of file.
2025-06-11 21:08:34,450 [ERROR] LogOutputStream:75 - [STDERR_REDIRECT] 
2025-06-11 21:08:35,433 [ERROR] LogOutputStream:75 - [STDERR_REDIRECT] [Fatal Error] :1:1: Premature end of file.
2025-06-11 21:08:35,434 [ERROR] LogOutputStream:75 - [STDERR_REDIRECT] 
2025-06-11 21:08:36,454 [ERROR] LogOutputStream:75 - [STDERR_REDIRECT] [Fatal Error] :1:1: Premature end of file.
2025-06-11 21:08:36,454 [ERROR] LogOutputStream:75 - [STDERR_REDIRECT] 
2025-06-11 21:08:37,457 [ERROR] LogOutputStream:75 - [STDERR_REDIRECT] [Fatal Error] :1:1: Premature end of file.
2025-06-11 21:08:37,458 [ERROR] LogOutputStream:75 - [STDERR_REDIRECT] 
2025-06-11 21:08:38,454 [ERROR] LogOutputStream:75 - [STDERR_REDIRECT] [Fatal Error] :1:1: Premature end of file.
2025-06-11 21:08:38,454 [ERROR] LogOutputStream:75 - [STDERR_REDIRECT] 
2025-06-11 21:08:39,460 [ERROR] LogOutputStream:75 - [STDERR_REDIRECT] [Fatal Error] :1:1: Premature end of file.
2025-06-11 21:08:39,461 [ERROR] LogOutputStream:75 - [STDERR_REDIRECT] 
2025-06-11 21:08:40,447 [ERROR] LogOutputStream:75 - [STDERR_REDIRECT] [Fatal Error] :1:1: Premature end of file.
2025-06-11 21:08:40,447 [ERROR] LogOutputStream:75 - [STDERR_REDIRECT] 
2025-06-11 21:08:41,369 [ERROR] LogOutputStream:75 - [STDERR_REDIRECT] [Fatal Error] :1:1: Premature end of file.
2025-06-11 21:08:41,370 [ERROR] LogOutputStream:75 - [STDERR_REDIRECT] 
2025-06-11 21:08:42,446 [ERROR] LogOutputStream:75 - [STDERR_REDIRECT] [Fatal Error] :1:1: Premature end of file.
2025-06-11 21:08:42,446 [ERROR] LogOutputStream:75 - [STDERR_REDIRECT] 
2025-06-11 21:08:43,443 [ERROR] LogOutputStream:75 - [STDERR_REDIRECT] [Fatal Error] :1:1: Premature end of file.
2025-06-11 21:08:43,443 [ERROR] LogOutputStream:75 - [STDERR_REDIRECT] 
2025-06-11 21:08:44,451 [ERROR] LogOutputStream:75 - [STDERR_REDIRECT] [Fatal Error] :1:1: Premature end of file.
2025-06-11 21:08:44,451 [ERROR] LogOutputStream:75 - [STDERR_REDIRECT] 
2025-06-11 21:08:45,418 [ERROR] LogOutputStream:75 - [STDERR_REDIRECT] [Fatal Error] :1:1: Premature end of file.
2025-06-11 21:08:45,418 [ERROR] LogOutputStream:75 - [STDERR_REDIRECT] 
2025-06-11 21:08:46,406 [ERROR] LogOutputStream:75 - [STDERR_REDIRECT] [Fatal Error] :1:1: Premature end of file.
2025-06-11 21:08:46,408 [ERROR] LogOutputStream:75 - [STDERR_REDIRECT] 
2025-06-11 21:08:47,453 [ERROR] LogOutputStream:75 - [STDERR_REDIRECT] [Fatal Error] :1:1: Premature end of file.
2025-06-11 21:08:47,454 [ERROR] LogOutputStream:75 - [STDERR_REDIRECT] 
2025-06-11 21:08:48,450 [ERROR] LogOutputStream:75 - [STDERR_REDIRECT] [Fatal Error] :1:1: Premature end of file.
2025-06-11 21:08:48,450 [ERROR] LogOutputStream:75 - [STDERR_REDIRECT] 
2025-06-11 21:08:49,444 [ERROR] LogOutputStream:75 - [STDERR_REDIRECT] [Fatal Error] :1:1: Premature end of file.
2025-06-11 21:08:49,444 [ERROR] LogOutputStream:75 - [STDERR_REDIRECT] 
2025-06-11 21:08:50,440 [ERROR] LogOutputStream:75 - [STDERR_REDIRECT] [Fatal Error] :1:1: Premature end of file.
2025-06-11 21:08:50,441 [ERROR] LogOutputStream:75 - [STDERR_REDIRECT] 
2025-06-11 21:08:51,457 [ERROR] LogOutputStream:75 - [STDERR_REDIRECT] [Fatal Error] :1:1: Premature end of file.
2025-06-11 21:08:51,457 [ERROR] LogOutputStream:75 - [STDERR_REDIRECT] 
2025-06-11 21:08:52,449 [ERROR] LogOutputStream:75 - [STDERR_REDIRECT] [Fatal Error] :1:1: Premature end of file.
2025-06-11 21:08:52,450 [ERROR] LogOutputStream:75 - [STDERR_REDIRECT] 
2025-06-11 21:08:53,455 [ERROR] LogOutputStream:75 - [STDERR_REDIRECT] [Fatal Error] :1:1: Premature end of file.
2025-06-11 21:08:53,455 [ERROR] LogOutputStream:75 - [STDERR_REDIRECT] 
2025-06-11 21:08:54,455 [ERROR] LogOutputStream:75 - [STDERR_REDIRECT] [Fatal Error] :1:1: Premature end of file.
2025-06-11 21:08:54,455 [ERROR] LogOutputStream:75 - [STDERR_REDIRECT] 
2025-06-11 21:08:55,399 [ERROR] LogOutputStream:75 - [STDERR_REDIRECT] [Fatal Error] :1:1: Premature end of file.
2025-06-11 21:08:55,399 [ERROR] LogOutputStream:75 - [STDERR_REDIRECT] 
2025-06-11 21:08:56,453 [ERROR] LogOutputStream:75 - [STDERR_REDIRECT] [Fatal Error] :1:1: Premature end of file.
2025-06-11 21:08:56,453 [ERROR] LogOutputStream:75 - [STDERR_REDIRECT] 
2025-06-11 21:08:57,455 [ERROR] LogOutputStream:75 - [STDERR_REDIRECT] [Fatal Error] :1:1: Premature end of file.
2025-06-11 21:08:57,455 [ERROR] LogOutputStream:75 - [STDERR_REDIRECT] 
2025-06-11 21:08:58,451 [ERROR] LogOutputStream:75 - [STDERR_REDIRECT] [Fatal Error] :1:1: Premature end of file.
2025-06-11 21:08:58,451 [ERROR] LogOutputStream:75 - [STDERR_REDIRECT] 
2025-06-11 21:08:59,449 [ERROR] LogOutputStream:75 - [STDERR_REDIRECT] [Fatal Error] :1:1: Premature end of file.
2025-06-11 21:08:59,449 [ERROR] LogOutputStream:75 - [STDERR_REDIRECT] 
2025-06-11 21:09:00,458 [ERROR] LogOutputStream:75 - [STDERR_REDIRECT] [Fatal Error] :1:1: Premature end of file.
2025-06-11 21:09:00,459 [ERROR] LogOutputStream:75 - [STDERR_REDIRECT] 
2025-06-11 21:09:01,457 [ERROR] LogOutputStream:75 - [STDERR_REDIRECT] [Fatal Error] :1:1: Premature end of file.
2025-06-11 21:09:01,457 [ERROR] LogOutputStream:75 - [STDERR_REDIRECT] 
2025-06-11 21:09:02,450 [ERROR] LogOutputStream:75 - [STDERR_REDIRECT] [Fatal Error] :1:1: Premature end of file.
2025-06-11 21:09:02,450 [ERROR] LogOutputStream:75 - [STDERR_REDIRECT] 
2025-06-11 21:09:03,456 [ERROR] LogOutputStream:75 - [STDERR_REDIRECT] [Fatal Error] :1:1: Premature end of file.
2025-06-11 21:09:03,457 [ERROR] LogOutputStream:75 - [STDERR_REDIRECT] 
2025-06-11 21:09:04,450 [ERROR] LogOutputStream:75 - [STDERR_REDIRECT] [Fatal Error] :1:1: Premature end of file.
2025-06-11 21:09:04,451 [ERROR] LogOutputStream:75 - [STDERR_REDIRECT] 
2025-06-11 21:09:05,445 [ERROR] LogOutputStream:75 - [STDERR_REDIRECT] [Fatal Error] :1:1: Premature end of file.
2025-06-11 21:09:05,445 [ERROR] LogOutputStream:75 - [STDERR_REDIRECT] 
2025-06-11 21:09:06,450 [ERROR] LogOutputStream:75 - [STDERR_REDIRECT] [Fatal Error] :1:1: Premature end of file.
2025-06-11 21:09:06,450 [ERROR] LogOutputStream:75 - [STDERR_REDIRECT] 
2025-06-11 21:09:07,454 [ERROR] LogOutputStream:75 - [STDERR_REDIRECT] [Fatal Error] :1:1: Premature end of file.
2025-06-11 21:09:07,454 [ERROR] LogOutputStream:75 - [STDERR_REDIRECT] 
2025-06-11 21:09:08,455 [ERROR] LogOutputStream:75 - [STDERR_REDIRECT] [Fatal Error] :1:1: Premature end of file.
2025-06-11 21:09:08,456 [ERROR] LogOutputStream:75 - [STDERR_REDIRECT] 
2025-06-11 21:09:09,446 [ERROR] LogOutputStream:75 - [STDERR_REDIRECT] [Fatal Error] :1:1: Premature end of file.
2025-06-11 21:09:09,446 [ERROR] LogOutputStream:75 - [STDERR_REDIRECT] 
2025-06-11 21:09:10,438 [ERROR] LogOutputStream:75 - [STDERR_REDIRECT] [Fatal Error] :1:1: Premature end of file.
2025-06-11 21:09:10,439 [ERROR] LogOutputStream:75 - [STDERR_REDIRECT] 
2025-06-11 21:09:11,453 [ERROR] LogOutputStream:75 - [STDERR_REDIRECT] [Fatal Error] :1:1: Premature end of file.
2025-06-11 21:09:11,454 [ERROR] LogOutputStream:75 - [STDERR_REDIRECT] 
2025-06-11 21:09:12,441 [ERROR] LogOutputStream:75 - [STDERR_REDIRECT] [Fatal Error] :1:1: Premature end of file.
2025-06-11 21:09:12,441 [ERROR] LogOutputStream:75 - [STDERR_REDIRECT] 
2025-06-11 21:09:13,417 [ERROR] LogOutputStream:75 - [STDERR_REDIRECT] [Fatal Error] :1:1: Premature end of file.
2025-06-11 21:09:13,418 [ERROR] LogOutputStream:75 - [STDERR_REDIRECT] 
2025-06-11 21:09:14,451 [ERROR] LogOutputStream:75 - [STDERR_REDIRECT] [Fatal Error] :1:1: Premature end of file.
2025-06-11 21:09:14,451 [ERROR] LogOutputStream:75 - [STDERR_REDIRECT] 
2025-06-11 21:09:15,442 [ERROR] LogOutputStream:75 - [STDERR_REDIRECT] [Fatal Error] :1:1: Premature end of file.
2025-06-11 21:09:15,443 [ERROR] LogOutputStream:75 - [STDERR_REDIRECT] 
2025-06-11 21:09:16,365 [ERROR] LogOutputStream:75 - [STDERR_REDIRECT] [Fatal Error] :1:1: Premature end of file.
2025-06-11 21:09:16,365 [ERROR] LogOutputStream:75 - [STDERR_REDIRECT] 
2025-06-11 21:09:17,444 [ERROR] LogOutputStream:75 - [STDERR_REDIRECT] [Fatal Error] :1:1: Premature end of file.
2025-06-11 21:09:17,444 [ERROR] LogOutputStream:75 - [STDERR_REDIRECT] 
2025-06-11 21:09:18,368 [ERROR] LogOutputStream:75 - [STDERR_REDIRECT] [Fatal Error] :1:1: Premature end of file.
2025-06-11 21:09:18,368 [ERROR] LogOutputStream:75 - [STDERR_REDIRECT] 
2025-06-11 21:09:19,365 [ERROR] LogOutputStream:75 - [STDERR_REDIRECT] [Fatal Error] :1:1: Premature end of file.
2025-06-11 21:09:19,365 [ERROR] LogOutputStream:75 - [STDERR_REDIRECT] 
2025-06-11 21:09:20,440 [ERROR] LogOutputStream:75 - [STDERR_REDIRECT] [Fatal Error] :1:1: Premature end of file.
2025-06-11 21:09:20,440 [ERROR] LogOutputStream:75 - [STDERR_REDIRECT] 
2025-06-11 21:09:21,431 [ERROR] LogOutputStream:75 - [STDERR_REDIRECT] [Fatal Error] :1:1: Premature end of file.
2025-06-11 21:09:21,432 [ERROR] LogOutputStream:75 - [STDERR_REDIRECT] 
2025-06-11 21:09:22,446 [ERROR] LogOutputStream:75 - [STDERR_REDIRECT] [Fatal Error] :1:1: Premature end of file.
2025-06-11 21:09:22,446 [ERROR] LogOutputStream:75 - [STDERR_REDIRECT] 
2025-06-11 21:09:23,454 [ERROR] LogOutputStream:75 - [STDERR_REDIRECT] [Fatal Error] :1:1: Premature end of file.
2025-06-11 21:09:23,454 [ERROR] LogOutputStream:75 - [STDERR_REDIRECT] 
2025-06-11 21:09:24,462 [ERROR] LogOutputStream:75 - [STDERR_REDIRECT] [Fatal Error] :1:1: Premature end of file.
2025-06-11 21:09:24,463 [ERROR] LogOutputStream:75 - [STDERR_REDIRECT] 
2025-06-11 21:09:25,452 [ERROR] LogOutputStream:75 - [STDERR_REDIRECT] [Fatal Error] :1:1: Premature end of file.
2025-06-11 21:09:25,452 [ERROR] LogOutputStream:75 - [STDERR_REDIRECT] 
2025-06-11 21:09:26,375 [ERROR] LogOutputStream:75 - [STDERR_REDIRECT] [Fatal Error] :1:1: Premature end of file.
2025-06-11 21:09:26,375 [ERROR] LogOutputStream:75 - [STDERR_REDIRECT] 
2025-06-11 21:09:27,457 [ERROR] LogOutputStream:75 - [STDERR_REDIRECT] [Fatal Error] :1:1: Premature end of file.
2025-06-11 21:09:27,457 [ERROR] LogOutputStream:75 - [STDERR_REDIRECT] 
2025-06-11 21:09:28,455 [ERROR] LogOutputStream:75 - [STDERR_REDIRECT] [Fatal Error] :1:1: Premature end of file.
2025-06-11 21:09:28,455 [ERROR] LogOutputStream:75 - [STDERR_REDIRECT] 
2025-06-11 21:09:29,454 [ERROR] LogOutputStream:75 - [STDERR_REDIRECT] [Fatal Error] :1:1: Premature end of file.
2025-06-11 21:09:29,455 [ERROR] LogOutputStream:75 - [STDERR_REDIRECT] 
2025-06-11 21:09:30,455 [ERROR] LogOutputStream:75 - [STDERR_REDIRECT] [Fatal Error] :1:1: Premature end of file.
2025-06-11 21:09:30,455 [ERROR] LogOutputStream:75 - [STDERR_REDIRECT] 
2025-06-11 21:09:31,447 [ERROR] LogOutputStream:75 - [STDERR_REDIRECT] [Fatal Error] :1:1: Premature end of file.
2025-06-11 21:09:31,448 [ERROR] LogOutputStream:75 - [STDERR_REDIRECT] 
2025-06-11 21:09:32,457 [ERROR] LogOutputStream:75 - [STDERR_REDIRECT] [Fatal Error] :1:1: Premature end of file.
2025-06-11 21:09:32,458 [ERROR] LogOutputStream:75 - [STDERR_REDIRECT] 
2025-06-11 21:09:33,453 [ERROR] LogOutputStream:75 - [STDERR_REDIRECT] [Fatal Error] :1:1: Premature end of file.
2025-06-11 21:09:33,453 [ERROR] LogOutputStream:75 - [STDERR_REDIRECT] 
2025-06-11 21:09:34,452 [ERROR] LogOutputStream:75 - [STDERR_REDIRECT] [Fatal Error] :1:1: Premature end of file.
2025-06-11 21:09:34,452 [ERROR] LogOutputStream:75 - [STDERR_REDIRECT] 
2025-06-11 21:09:35,366 [ERROR] LogOutputStream:75 - [STDERR_REDIRECT] [Fatal Error] :1:1: Premature end of file.
2025-06-11 21:09:35,366 [ERROR] LogOutputStream:75 - [STDERR_REDIRECT] 
2025-06-11 21:09:36,370 [ERROR] LogOutputStream:75 - [STDERR_REDIRECT] [Fatal Error] :1:1: Premature end of file.
2025-06-11 21:09:36,371 [ERROR] LogOutputStream:75 - [STDERR_REDIRECT] 
2025-06-11 21:09:37,448 [ERROR] LogOutputStream:75 - [STDERR_REDIRECT] [Fatal Error] :1:1: Premature end of file.
2025-06-11 21:09:37,449 [ERROR] LogOutputStream:75 - [STDERR_REDIRECT] 
2025-06-11 21:09:38,382 [ERROR] LogOutputStream:75 - [STDERR_REDIRECT] [Fatal Error] :1:1: Premature end of file.
2025-06-11 21:09:38,382 [ERROR] LogOutputStream:75 - [STDERR_REDIRECT] 
2025-06-11 21:09:39,452 [ERROR] LogOutputStream:75 - [STDERR_REDIRECT] [Fatal Error] :1:1: Premature end of file.
2025-06-11 21:09:39,452 [ERROR] LogOutputStream:75 - [STDERR_REDIRECT] 
2025-06-11 21:09:40,449 [ERROR] LogOutputStream:75 - [STDERR_REDIRECT] [Fatal Error] :1:1: Premature end of file.
2025-06-11 21:09:40,449 [ERROR] LogOutputStream:75 - [STDERR_REDIRECT] 
2025-06-11 21:09:41,451 [ERROR] LogOutputStream:75 - [STDERR_REDIRECT] [Fatal Error] :1:1: Premature end of file.
2025-06-11 21:09:41,451 [ERROR] LogOutputStream:75 - [STDERR_REDIRECT] 
2025-06-11 21:09:42,434 [ERROR] LogOutputStream:75 - [STDERR_REDIRECT] [Fatal Error] :1:1: Premature end of file.
2025-06-11 21:09:42,434 [ERROR] LogOutputStream:75 - [STDERR_REDIRECT] 
2025-06-11 21:09:43,459 [ERROR] LogOutputStream:75 - [STDERR_REDIRECT] [Fatal Error] :1:1: Premature end of file.
2025-06-11 21:09:43,459 [ERROR] LogOutputStream:75 - [STDERR_REDIRECT] 
2025-06-11 21:09:44,438 [ERROR] LogOutputStream:75 - [STDERR_REDIRECT] [Fatal Error] :1:1: Premature end of file.
2025-06-11 21:09:44,438 [ERROR] LogOutputStream:75 - [STDERR_REDIRECT] 
2025-06-11 21:09:45,456 [ERROR] LogOutputStream:75 - [STDERR_REDIRECT] [Fatal Error] :1:1: Premature end of file.
2025-06-11 21:09:45,456 [ERROR] LogOutputStream:75 - [STDERR_REDIRECT] 
2025-06-11 21:09:46,409 [ERROR] LogOutputStream:75 - [STDERR_REDIRECT] [Fatal Error] :1:1: Premature end of file.
2025-06-11 21:09:46,409 [ERROR] LogOutputStream:75 - [STDERR_REDIRECT] 
2025-06-11 21:09:47,448 [ERROR] LogOutputStream:75 - [STDERR_REDIRECT] [Fatal Error] :1:1: Premature end of file.
2025-06-11 21:09:47,449 [ERROR] LogOutputStream:75 - [STDERR_REDIRECT] 
2025-06-11 21:09:48,457 [ERROR] LogOutputStream:75 - [STDERR_REDIRECT] [Fatal Error] :1:1: Premature end of file.
2025-06-11 21:09:48,457 [ERROR] LogOutputStream:75 - [STDERR_REDIRECT] 
2025-06-11 21:09:49,458 [ERROR] LogOutputStream:75 - [STDERR_REDIRECT] [Fatal Error] :1:1: Premature end of file.
2025-06-11 21:09:49,458 [ERROR] LogOutputStream:75 - [STDERR_REDIRECT] 
2025-06-11 21:09:50,446 [ERROR] LogOutputStream:75 - [STDERR_REDIRECT] [Fatal Error] :1:1: Premature end of file.
2025-06-11 21:09:50,446 [ERROR] LogOutputStream:75 - [STDERR_REDIRECT] 
2025-06-11 21:09:51,430 [ERROR] LogOutputStream:75 - [STDERR_REDIRECT] [Fatal Error] :1:1: Premature end of file.
2025-06-11 21:09:51,430 [ERROR] LogOutputStream:75 - [STDERR_REDIRECT] 
2025-06-11 21:09:52,449 [ERROR] LogOutputStream:75 - [STDERR_REDIRECT] [Fatal Error] :1:1: Premature end of file.
2025-06-11 21:09:52,450 [ERROR] LogOutputStream:75 - [STDERR_REDIRECT] 
2025-06-11 21:09:53,457 [ERROR] LogOutputStream:75 - [STDERR_REDIRECT] [Fatal Error] :1:1: Premature end of file.
2025-06-11 21:09:53,457 [ERROR] LogOutputStream:75 - [STDERR_REDIRECT] 
2025-06-11 21:09:54,369 [ERROR] LogOutputStream:75 - [STDERR_REDIRECT] [Fatal Error] :1:1: Premature end of file.
2025-06-11 21:09:54,370 [ERROR] LogOutputStream:75 - [STDERR_REDIRECT] 
2025-06-11 21:09:55,452 [ERROR] LogOutputStream:75 - [STDERR_REDIRECT] [Fatal Error] :1:1: Premature end of file.
2025-06-11 21:09:55,452 [ERROR] LogOutputStream:75 - [STDERR_REDIRECT] 
2025-06-11 21:09:56,450 [ERROR] LogOutputStream:75 - [STDERR_REDIRECT] [Fatal Error] :1:1: Premature end of file.
2025-06-11 21:09:56,450 [ERROR] LogOutputStream:75 - [STDERR_REDIRECT] 
2025-06-11 21:09:57,445 [ERROR] LogOutputStream:75 - [STDERR_REDIRECT] [Fatal Error] :1:1: Premature end of file.
2025-06-11 21:09:57,445 [ERROR] LogOutputStream:75 - [STDERR_REDIRECT] 
2025-06-11 21:09:58,416 [ERROR] LogOutputStream:75 - [STDERR_REDIRECT] [Fatal Error] :1:1: Premature end of file.
2025-06-11 21:09:58,416 [ERROR] LogOutputStream:75 - [STDERR_REDIRECT] 
2025-06-11 21:09:59,444 [ERROR] LogOutputStream:75 - [STDERR_REDIRECT] [Fatal Error] :1:1: Premature end of file.
2025-06-11 21:09:59,444 [ERROR] LogOutputStream:75 - [STDERR_REDIRECT] 
2025-06-11 21:10:00,456 [ERROR] LogOutputStream:75 - [STDERR_REDIRECT] [Fatal Error] :1:1: Premature end of file.
2025-06-11 21:10:00,456 [ERROR] LogOutputStream:75 - [STDERR_REDIRECT] 
2025-06-11 21:10:01,459 [ERROR] LogOutputStream:75 - [STDERR_REDIRECT] [Fatal Error] :1:1: Premature end of file.
2025-06-11 21:10:01,460 [ERROR] LogOutputStream:75 - [STDERR_REDIRECT] 
2025-06-11 21:10:02,457 [ERROR] LogOutputStream:75 - [STDERR_REDIRECT] [Fatal Error] :1:1: Premature end of file.
2025-06-11 21:10:02,457 [ERROR] LogOutputStream:75 - [STDERR_REDIRECT] 
2025-06-11 21:10:03,445 [ERROR] LogOutputStream:75 - [STDERR_REDIRECT] [Fatal Error] :1:1: Premature end of file.
2025-06-11 21:10:03,445 [ERROR] LogOutputStream:75 - [STDERR_REDIRECT] 
2025-06-11 21:10:04,439 [ERROR] LogOutputStream:75 - [STDERR_REDIRECT] [Fatal Error] :1:1: Premature end of file.
2025-06-11 21:10:04,439 [ERROR] LogOutputStream:75 - [STDERR_REDIRECT] 
2025-06-11 21:10:05,443 [ERROR] LogOutputStream:75 - [STDERR_REDIRECT] [Fatal Error] :1:1: Premature end of file.
2025-06-11 21:10:05,443 [ERROR] LogOutputStream:75 - [STDERR_REDIRECT] 
2025-06-11 21:10:06,448 [ERROR] LogOutputStream:75 - [STDERR_REDIRECT] [Fatal Error] :1:1: Premature end of file.
2025-06-11 21:10:06,449 [ERROR] LogOutputStream:75 - [STDERR_REDIRECT] 
2025-06-11 21:10:07,459 [ERROR] LogOutputStream:75 - [STDERR_REDIRECT] [Fatal Error] :1:1: Premature end of file.
2025-06-11 21:10:07,460 [ERROR] LogOutputStream:75 - [STDERR_REDIRECT] 
2025-06-11 21:10:08,456 [ERROR] LogOutputStream:75 - [STDERR_REDIRECT] [Fatal Error] :1:1: Premature end of file.
2025-06-11 21:10:08,456 [ERROR] LogOutputStream:75 - [STDERR_REDIRECT] 
2025-06-11 21:10:09,456 [ERROR] LogOutputStream:75 - [STDERR_REDIRECT] [Fatal Error] :1:1: Premature end of file.
2025-06-11 21:10:09,456 [ERROR] LogOutputStream:75 - [STDERR_REDIRECT] 
2025-06-11 21:10:10,455 [ERROR] LogOutputStream:75 - [STDERR_REDIRECT] [Fatal Error] :1:1: Premature end of file.
2025-06-11 21:10:10,455 [ERROR] LogOutputStream:75 - [STDERR_REDIRECT] 
2025-06-11 21:10:11,380 [ERROR] LogOutputStream:75 - [STDERR_REDIRECT] [Fatal Error] :1:1: Premature end of file.
2025-06-11 21:10:11,380 [ERROR] LogOutputStream:75 - [STDERR_REDIRECT] 
2025-06-11 21:10:12,439 [ERROR] LogOutputStream:75 - [STDERR_REDIRECT] [Fatal Error] :1:1: Premature end of file.
2025-06-11 21:10:12,439 [ERROR] LogOutputStream:75 - [STDERR_REDIRECT] 
2025-06-11 21:10:13,446 [ERROR] LogOutputStream:75 - [STDERR_REDIRECT] [Fatal Error] :1:1: Premature end of file.
2025-06-11 21:10:13,446 [ERROR] LogOutputStream:75 - [STDERR_REDIRECT] 
2025-06-11 21:10:14,452 [ERROR] LogOutputStream:75 - [STDERR_REDIRECT] [Fatal Error] :1:1: Premature end of file.
2025-06-11 21:10:14,452 [ERROR] LogOutputStream:75 - [STDERR_REDIRECT] 
2025-06-11 21:10:15,448 [ERROR] LogOutputStream:75 - [STDERR_REDIRECT] [Fatal Error] :1:1: Premature end of file.
2025-06-11 21:10:15,449 [ERROR] LogOutputStream:75 - [STDERR_REDIRECT] 
2025-06-11 21:10:16,462 [ERROR] LogOutputStream:75 - [STDERR_REDIRECT] [Fatal Error] :1:1: Premature end of file.
2025-06-11 21:10:16,463 [ERROR] LogOutputStream:75 - [STDERR_REDIRECT] 
2025-06-11 21:10:17,446 [ERROR] LogOutputStream:75 - [STDERR_REDIRECT] [Fatal Error] :1:1: Premature end of file.
2025-06-11 21:10:17,446 [ERROR] LogOutputStream:75 - [STDERR_REDIRECT] 
2025-06-11 21:10:18,469 [ERROR] LogOutputStream:75 - [STDERR_REDIRECT] [Fatal Error] :1:1: Premature end of file.
2025-06-11 21:10:18,470 [ERROR] LogOutputStream:75 - [STDERR_REDIRECT] 
2025-06-11 21:10:19,456 [ERROR] LogOutputStream:75 - [STDERR_REDIRECT] [Fatal Error] :1:1: Premature end of file.
2025-06-11 21:10:19,457 [ERROR] LogOutputStream:75 - [STDERR_REDIRECT] 
2025-06-11 21:10:20,368 [ERROR] LogOutputStream:75 - [STDERR_REDIRECT] [Fatal Error] :1:1: Premature end of file.
2025-06-11 21:10:20,368 [ERROR] LogOutputStream:75 - [STDERR_REDIRECT] 
2025-06-11 21:10:21,366 [ERROR] LogOutputStream:75 - [STDERR_REDIRECT] [Fatal Error] :1:1: Premature end of file.
2025-06-11 21:10:21,366 [ERROR] LogOutputStream:75 - [STDERR_REDIRECT] 
2025-06-11 21:10:22,365 [ERROR] LogOutputStream:75 - [STDERR_REDIRECT] [Fatal Error] :1:1: Premature end of file.
2025-06-11 21:10:22,365 [ERROR] LogOutputStream:75 - [STDERR_REDIRECT] 
2025-06-11 21:10:23,365 [ERROR] LogOutputStream:75 - [STDERR_REDIRECT] [Fatal Error] :1:1: Premature end of file.
2025-06-11 21:10:23,366 [ERROR] LogOutputStream:75 - [STDERR_REDIRECT] 
2025-06-11 21:10:24,403 [ERROR] LogOutputStream:75 - [STDERR_REDIRECT] [Fatal Error] :1:1: Premature end of file.
2025-06-11 21:10:24,403 [ERROR] LogOutputStream:75 - [STDERR_REDIRECT] 
2025-06-11 21:10:25,365 [ERROR] LogOutputStream:75 - [STDERR_REDIRECT] [Fatal Error] :1:1: Premature end of file.
2025-06-11 21:10:25,365 [ERROR] LogOutputStream:75 - [STDERR_REDIRECT] 
2025-06-11 21:10:26,450 [ERROR] LogOutputStream:75 - [STDERR_REDIRECT] [Fatal Error] :1:1: Premature end of file.
2025-06-11 21:10:26,450 [ERROR] LogOutputStream:75 - [STDERR_REDIRECT] 
2025-06-11 21:10:27,394 [ERROR] LogOutputStream:75 - [STDERR_REDIRECT] [Fatal Error] :1:1: Premature end of file.
2025-06-11 21:10:27,394 [ERROR] LogOutputStream:75 - [STDERR_REDIRECT] 
2025-06-11 21:10:28,449 [ERROR] LogOutputStream:75 - [STDERR_REDIRECT] [Fatal Error] :1:1: Premature end of file.
2025-06-11 21:10:28,449 [ERROR] LogOutputStream:75 - [STDERR_REDIRECT] 
2025-06-11 21:10:29,451 [ERROR] LogOutputStream:75 - [STDERR_REDIRECT] [Fatal Error] :1:1: Premature end of file.
2025-06-11 21:10:29,451 [ERROR] LogOutputStream:75 - [STDERR_REDIRECT] 
2025-06-11 21:10:30,452 [ERROR] LogOutputStream:75 - [STDERR_REDIRECT] [Fatal Error] :1:1: Premature end of file.
2025-06-11 21:10:30,452 [ERROR] LogOutputStream:75 - [STDERR_REDIRECT] 
2025-06-11 21:10:31,454 [ERROR] LogOutputStream:75 - [STDERR_REDIRECT] [Fatal Error] :1:1: Premature end of file.
2025-06-11 21:10:31,455 [ERROR] LogOutputStream:75 - [STDERR_REDIRECT] 
2025-06-11 21:10:32,455 [ERROR] LogOutputStream:75 - [STDERR_REDIRECT] [Fatal Error] :1:1: Premature end of file.
2025-06-11 21:10:32,456 [ERROR] LogOutputStream:75 - [STDERR_REDIRECT] 
2025-06-11 21:10:33,446 [ERROR] LogOutputStream:75 - [STDERR_REDIRECT] [Fatal Error] :1:1: Premature end of file.
2025-06-11 21:10:33,446 [ERROR] LogOutputStream:75 - [STDERR_REDIRECT] 
2025-06-11 21:10:34,456 [ERROR] LogOutputStream:75 - [STDERR_REDIRECT] [Fatal Error] :1:1: Premature end of file.
2025-06-11 21:10:34,456 [ERROR] LogOutputStream:75 - [STDERR_REDIRECT] 
2025-06-11 21:10:35,404 [ERROR] LogOutputStream:75 - [STDERR_REDIRECT] [Fatal Error] :1:1: Premature end of file.
2025-06-11 21:10:35,404 [ERROR] LogOutputStream:75 - [STDERR_REDIRECT] 
2025-06-11 21:10:36,454 [ERROR] LogOutputStream:75 - [STDERR_REDIRECT] [Fatal Error] :1:1: Premature end of file.
2025-06-11 21:10:36,454 [ERROR] LogOutputStream:75 - [STDERR_REDIRECT] 
2025-06-11 21:10:37,369 [ERROR] LogOutputStream:75 - [STDERR_REDIRECT] [Fatal Error] :1:1: Premature end of file.
2025-06-11 21:10:37,369 [ERROR] LogOutputStream:75 - [STDERR_REDIRECT] 
2025-06-11 21:10:38,423 [ERROR] LogOutputStream:75 - [STDERR_REDIRECT] [Fatal Error] :1:1: Premature end of file.
2025-06-11 21:10:38,423 [ERROR] LogOutputStream:75 - [STDERR_REDIRECT] 
2025-06-11 21:10:39,370 [ERROR] LogOutputStream:75 - [STDERR_REDIRECT] [Fatal Error] :1:1: Premature end of file.
2025-06-11 21:10:39,370 [ERROR] LogOutputStream:75 - [STDERR_REDIRECT] 
2025-06-11 21:10:40,443 [ERROR] LogOutputStream:75 - [STDERR_REDIRECT] [Fatal Error] :1:1: Premature end of file.
2025-06-11 21:10:40,443 [ERROR] LogOutputStream:75 - [STDERR_REDIRECT] 
2025-06-11 21:10:41,453 [ERROR] LogOutputStream:75 - [STDERR_REDIRECT] [Fatal Error] :1:1: Premature end of file.
2025-06-11 21:10:41,454 [ERROR] LogOutputStream:75 - [STDERR_REDIRECT] 
2025-06-11 21:10:42,454 [ERROR] LogOutputStream:75 - [STDERR_REDIRECT] [Fatal Error] :1:1: Premature end of file.
2025-06-11 21:10:42,454 [ERROR] LogOutputStream:75 - [STDERR_REDIRECT] 
2025-06-11 21:10:43,450 [ERROR] LogOutputStream:75 - [STDERR_REDIRECT] [Fatal Error] :1:1: Premature end of file.
2025-06-11 21:10:43,450 [ERROR] LogOutputStream:75 - [STDERR_REDIRECT] 
2025-06-11 21:10:44,446 [ERROR] LogOutputStream:75 - [STDERR_REDIRECT] [Fatal Error] :1:1: Premature end of file.
2025-06-11 21:10:44,447 [ERROR] LogOutputStream:75 - [STDERR_REDIRECT] 
2025-06-11 21:10:45,451 [ERROR] LogOutputStream:75 - [STDERR_REDIRECT] [Fatal Error] :1:1: Premature end of file.
2025-06-11 21:10:45,451 [ERROR] LogOutputStream:75 - [STDERR_REDIRECT] 
2025-06-11 21:10:46,366 [ERROR] LogOutputStream:75 - [STDERR_REDIRECT] [Fatal Error] :1:1: Premature end of file.
2025-06-11 21:10:46,366 [ERROR] LogOutputStream:75 - [STDERR_REDIRECT] 
2025-06-11 21:10:47,444 [ERROR] LogOutputStream:75 - [STDERR_REDIRECT] [Fatal Error] :1:1: Premature end of file.
2025-06-11 21:10:47,444 [ERROR] LogOutputStream:75 - [STDERR_REDIRECT] 
2025-06-11 21:10:48,456 [ERROR] LogOutputStream:75 - [STDERR_REDIRECT] [Fatal Error] :1:1: Premature end of file.
2025-06-11 21:10:48,457 [ERROR] LogOutputStream:75 - [STDERR_REDIRECT] 
2025-06-11 21:10:49,460 [ERROR] LogOutputStream:75 - [STDERR_REDIRECT] [Fatal Error] :1:1: Premature end of file.
2025-06-11 21:10:49,460 [ERROR] LogOutputStream:75 - [STDERR_REDIRECT] 
2025-06-11 21:10:50,457 [ERROR] LogOutputStream:75 - [STDERR_REDIRECT] [Fatal Error] :1:1: Premature end of file.
2025-06-11 21:10:50,458 [ERROR] LogOutputStream:75 - [STDERR_REDIRECT] 
2025-06-11 21:10:51,450 [ERROR] LogOutputStream:75 - [STDERR_REDIRECT] [Fatal Error] :1:1: Premature end of file.
2025-06-11 21:10:51,450 [ERROR] LogOutputStream:75 - [STDERR_REDIRECT] 
2025-06-11 21:10:52,456 [ERROR] LogOutputStream:75 - [STDERR_REDIRECT] [Fatal Error] :1:1: Premature end of file.
2025-06-11 21:10:52,458 [ERROR] LogOutputStream:75 - [STDERR_REDIRECT] 
2025-06-11 21:10:53,449 [ERROR] LogOutputStream:75 - [STDERR_REDIRECT] [Fatal Error] :1:1: Premature end of file.
2025-06-11 21:10:53,450 [ERROR] LogOutputStream:75 - [STDERR_REDIRECT] 
2025-06-11 21:10:54,443 [ERROR] LogOutputStream:75 - [STDERR_REDIRECT] [Fatal Error] :1:1: Premature end of file.
2025-06-11 21:10:54,443 [ERROR] LogOutputStream:75 - [STDERR_REDIRECT] 
2025-06-11 21:10:55,366 [ERROR] LogOutputStream:75 - [STDERR_REDIRECT] [Fatal Error] :1:1: Premature end of file.
2025-06-11 21:10:55,366 [ERROR] LogOutputStream:75 - [STDERR_REDIRECT] 
2025-06-11 21:10:56,447 [ERROR] LogOutputStream:75 - [STDERR_REDIRECT] [Fatal Error] :1:1: Premature end of file.
2025-06-11 21:10:56,447 [ERROR] LogOutputStream:75 - [STDERR_REDIRECT] 
2025-06-11 21:10:57,427 [ERROR] LogOutputStream:75 - [STDERR_REDIRECT] [Fatal Error] :1:1: Premature end of file.
2025-06-11 21:10:57,428 [ERROR] LogOutputStream:75 - [STDERR_REDIRECT] 
2025-06-11 21:10:58,456 [ERROR] LogOutputStream:75 - [STDERR_REDIRECT] [Fatal Error] :1:1: Premature end of file.
2025-06-11 21:10:58,457 [ERROR] LogOutputStream:75 - [STDERR_REDIRECT] 
2025-06-11 21:10:59,443 [ERROR] LogOutputStream:75 - [STDERR_REDIRECT] [Fatal Error] :1:1: Premature end of file.
2025-06-11 21:10:59,444 [ERROR] LogOutputStream:75 - [STDERR_REDIRECT] 
2025-06-11 21:11:00,454 [ERROR] LogOutputStream:75 - [STDERR_REDIRECT] [Fatal Error] :1:1: Premature end of file.
2025-06-11 21:11:00,455 [ERROR] LogOutputStream:75 - [STDERR_REDIRECT] 
2025-06-11 21:11:01,451 [ERROR] LogOutputStream:75 - [STDERR_REDIRECT] [Fatal Error] :1:1: Premature end of file.
2025-06-11 21:11:01,452 [ERROR] LogOutputStream:75 - [STDERR_REDIRECT] 
2025-06-11 21:11:02,457 [ERROR] LogOutputStream:75 - [STDERR_REDIRECT] [Fatal Error] :1:1: Premature end of file.
2025-06-11 21:11:02,457 [ERROR] LogOutputStream:75 - [STDERR_REDIRECT] 
2025-06-11 21:11:03,456 [ERROR] LogOutputStream:75 - [STDERR_REDIRECT] [Fatal Error] :1:1: Premature end of file.
2025-06-11 21:11:03,457 [ERROR] LogOutputStream:75 - [STDERR_REDIRECT] 
2025-06-11 21:11:04,404 [ERROR] LogOutputStream:75 - [STDERR_REDIRECT] [Fatal Error] :1:1: Premature end of file.
2025-06-11 21:11:04,404 [ERROR] LogOutputStream:75 - [STDERR_REDIRECT] 
2025-06-11 21:11:05,454 [ERROR] LogOutputStream:75 - [STDERR_REDIRECT] [Fatal Error] :1:1: Premature end of file.
2025-06-11 21:11:05,455 [ERROR] LogOutputStream:75 - [STDERR_REDIRECT] 
2025-06-11 21:11:06,453 [ERROR] LogOutputStream:75 - [STDERR_REDIRECT] [Fatal Error] :1:1: Premature end of file.
2025-06-11 21:11:06,455 [ERROR] LogOutputStream:75 - [STDERR_REDIRECT] 
2025-06-11 21:11:07,453 [ERROR] LogOutputStream:75 - [STDERR_REDIRECT] [Fatal Error] :1:1: Premature end of file.
2025-06-11 21:11:07,454 [ERROR] LogOutputStream:75 - [STDERR_REDIRECT] 
2025-06-11 21:11:08,447 [ERROR] LogOutputStream:75 - [STDERR_REDIRECT] [Fatal Error] :1:1: Premature end of file.
2025-06-11 21:11:08,448 [ERROR] LogOutputStream:75 - [STDERR_REDIRECT] 
2025-06-11 21:11:09,443 [ERROR] LogOutputStream:75 - [STDERR_REDIRECT] [Fatal Error] :1:1: Premature end of file.
2025-06-11 21:11:09,443 [ERROR] LogOutputStream:75 - [STDERR_REDIRECT] 
2025-06-11 21:11:10,448 [ERROR] LogOutputStream:75 - [STDERR_REDIRECT] [Fatal Error] :1:1: Premature end of file.
2025-06-11 21:11:10,448 [ERROR] LogOutputStream:75 - [STDERR_REDIRECT] 
2025-06-11 21:11:11,456 [ERROR] LogOutputStream:75 - [STDERR_REDIRECT] [Fatal Error] :1:1: Premature end of file.
2025-06-11 21:11:11,456 [ERROR] LogOutputStream:75 - [STDERR_REDIRECT] 
2025-06-11 21:11:12,428 [ERROR] LogOutputStream:75 - [STDERR_REDIRECT] [Fatal Error] :1:1: Premature end of file.
2025-06-11 21:11:12,428 [ERROR] LogOutputStream:75 - [STDERR_REDIRECT] 
2025-06-11 21:11:13,451 [ERROR] LogOutputStream:75 - [STDERR_REDIRECT] [Fatal Error] :1:1: Premature end of file.
2025-06-11 21:11:13,452 [ERROR] LogOutputStream:75 - [STDERR_REDIRECT] 
2025-06-11 21:11:14,467 [ERROR] LogOutputStream:75 - [STDERR_REDIRECT] [Fatal Error] :1:1: Premature end of file.
2025-06-11 21:11:14,468 [ERROR] LogOutputStream:75 - [STDERR_REDIRECT] 
2025-06-11 21:11:15,454 [ERROR] LogOutputStream:75 - [STDERR_REDIRECT] [Fatal Error] :1:1: Premature end of file.
2025-06-11 21:11:15,455 [ERROR] LogOutputStream:75 - [STDERR_REDIRECT] 
2025-06-11 21:11:16,456 [ERROR] LogOutputStream:75 - [STDERR_REDIRECT] [Fatal Error] :1:1: Premature end of file.
2025-06-11 21:11:16,457 [ERROR] LogOutputStream:75 - [STDERR_REDIRECT] 
2025-06-11 21:11:17,379 [ERROR] LogOutputStream:75 - [STDERR_REDIRECT] [Fatal Error] :1:1: Premature end of file.
2025-06-11 21:11:17,380 [ERROR] LogOutputStream:75 - [STDERR_REDIRECT] 
2025-06-11 21:11:18,455 [ERROR] LogOutputStream:75 - [STDERR_REDIRECT] [Fatal Error] :1:1: Premature end of file.
2025-06-11 21:11:18,455 [ERROR] LogOutputStream:75 - [STDERR_REDIRECT] 
2025-06-11 21:11:19,456 [ERROR] LogOutputStream:75 - [STDERR_REDIRECT] [Fatal Error] :1:1: Premature end of file.
2025-06-11 21:11:19,457 [ERROR] LogOutputStream:75 - [STDERR_REDIRECT] 
2025-06-11 21:11:20,443 [ERROR] LogOutputStream:75 - [STDERR_REDIRECT] [Fatal Error] :1:1: Premature end of file.
2025-06-11 21:11:20,443 [ERROR] LogOutputStream:75 - [STDERR_REDIRECT] 
2025-06-11 21:11:21,455 [ERROR] LogOutputStream:75 - [STDERR_REDIRECT] [Fatal Error] :1:1: Premature end of file.
2025-06-11 21:11:21,456 [ERROR] LogOutputStream:75 - [STDERR_REDIRECT] 
2025-06-11 21:11:22,367 [ERROR] LogOutputStream:75 - [STDERR_REDIRECT] [Fatal Error] :1:1: Premature end of file.
2025-06-11 21:11:22,368 [ERROR] LogOutputStream:75 - [STDERR_REDIRECT] 
2025-06-11 21:11:23,380 [ERROR] LogOutputStream:75 - [STDERR_REDIRECT] [Fatal Error] :1:1: Premature end of file.
2025-06-11 21:11:23,381 [ERROR] LogOutputStream:75 - [STDERR_REDIRECT] 
2025-06-11 21:11:24,370 [ERROR] LogOutputStream:75 - [STDERR_REDIRECT] [Fatal Error] :1:1: Premature end of file.
2025-06-11 21:11:24,370 [ERROR] LogOutputStream:75 - [STDERR_REDIRECT] 
2025-06-11 21:11:25,421 [ERROR] LogOutputStream:75 - [STDERR_REDIRECT] [Fatal Error] :1:1: Premature end of file.
2025-06-11 21:11:25,422 [ERROR] LogOutputStream:75 - [STDERR_REDIRECT] 
2025-06-11 21:11:26,484 [ERROR] LogOutputStream:75 - [STDERR_REDIRECT] [Fatal Error] :1:1: Premature end of file.
2025-06-11 21:11:26,485 [ERROR] LogOutputStream:75 - [STDERR_REDIRECT] 
2025-06-11 21:11:27,461 [ERROR] LogOutputStream:75 - [STDERR_REDIRECT] [Fatal Error] :1:1: Premature end of file.
2025-06-11 21:11:27,461 [ERROR] LogOutputStream:75 - [STDERR_REDIRECT] 
2025-06-11 21:11:28,414 [ERROR] LogOutputStream:75 - [STDERR_REDIRECT] [Fatal Error] :1:1: Premature end of file.
2025-06-11 21:11:28,414 [ERROR] LogOutputStream:75 - [STDERR_REDIRECT] 
2025-06-11 21:11:29,369 [ERROR] LogOutputStream:75 - [STDERR_REDIRECT] [Fatal Error] :1:1: Premature end of file.
2025-06-11 21:11:29,369 [ERROR] LogOutputStream:75 - [STDERR_REDIRECT] 
2025-06-11 21:11:30,453 [ERROR] LogOutputStream:75 - [STDERR_REDIRECT] [Fatal Error] :1:1: Premature end of file.
2025-06-11 21:11:30,453 [ERROR] LogOutputStream:75 - [STDERR_REDIRECT] 
2025-06-11 21:11:31,403 [ERROR] LogOutputStream:75 - [STDERR_REDIRECT] [Fatal Error] :1:1: Premature end of file.
2025-06-11 21:11:31,403 [ERROR] LogOutputStream:75 - [STDERR_REDIRECT] 
2025-06-11 21:11:32,468 [ERROR] LogOutputStream:75 - [STDERR_REDIRECT] [Fatal Error] :1:1: Premature end of file.
2025-06-11 21:11:32,469 [ERROR] LogOutputStream:75 - [STDERR_REDIRECT] 
2025-06-11 21:11:33,459 [ERROR] LogOutputStream:75 - [STDERR_REDIRECT] [Fatal Error] :1:1: Premature end of file.
2025-06-11 21:11:33,460 [ERROR] LogOutputStream:75 - [STDERR_REDIRECT] 
2025-06-11 21:11:34,413 [ERROR] LogOutputStream:75 - [STDERR_REDIRECT] [Fatal Error] :1:1: Premature end of file.
2025-06-11 21:11:34,413 [ERROR] LogOutputStream:75 - [STDERR_REDIRECT] 
2025-06-11 21:11:35,475 [ERROR] LogOutputStream:75 - [STDERR_REDIRECT] [Fatal Error] :1:1: Premature end of file.
2025-06-11 21:11:35,476 [ERROR] LogOutputStream:75 - [STDERR_REDIRECT] 
2025-06-11 21:11:36,470 [ERROR] LogOutputStream:75 - [STDERR_REDIRECT] [Fatal Error] :1:1: Premature end of file.
2025-06-11 21:11:36,470 [ERROR] LogOutputStream:75 - [STDERR_REDIRECT] 
2025-06-11 21:11:37,461 [ERROR] LogOutputStream:75 - [STDERR_REDIRECT] [Fatal Error] :1:1: Premature end of file.
2025-06-11 21:11:37,461 [ERROR] LogOutputStream:75 - [STDERR_REDIRECT] 
2025-06-11 21:11:38,457 [ERROR] LogOutputStream:75 - [STDERR_REDIRECT] [Fatal Error] :1:1: Premature end of file.
2025-06-11 21:11:38,458 [ERROR] LogOutputStream:75 - [STDERR_REDIRECT] 
2025-06-11 21:11:39,454 [ERROR] LogOutputStream:75 - [STDERR_REDIRECT] [Fatal Error] :1:1: Premature end of file.
2025-06-11 21:11:39,454 [ERROR] LogOutputStream:75 - [STDERR_REDIRECT] 
2025-06-11 21:11:40,386 [ERROR] LogOutputStream:75 - [STDERR_REDIRECT] [Fatal Error] :1:1: Premature end of file.
2025-06-11 21:11:40,386 [ERROR] LogOutputStream:75 - [STDERR_REDIRECT] 
2025-06-11 21:11:41,458 [ERROR] LogOutputStream:75 - [STDERR_REDIRECT] [Fatal Error] :1:1: Premature end of file.
2025-06-11 21:11:41,458 [ERROR] LogOutputStream:75 - [STDERR_REDIRECT] 
2025-06-11 21:11:42,442 [ERROR] LogOutputStream:75 - [STDERR_REDIRECT] [Fatal Error] :1:1: Premature end of file.
2025-06-11 21:11:42,442 [ERROR] LogOutputStream:75 - [STDERR_REDIRECT] 
2025-06-11 21:11:43,455 [ERROR] LogOutputStream:75 - [STDERR_REDIRECT] [Fatal Error] :1:1: Premature end of file.
2025-06-11 21:11:43,456 [ERROR] LogOutputStream:75 - [STDERR_REDIRECT] 
2025-06-11 21:11:44,449 [ERROR] LogOutputStream:75 - [STDERR_REDIRECT] [Fatal Error] :1:1: Premature end of file.
2025-06-11 21:11:44,450 [ERROR] LogOutputStream:75 - [STDERR_REDIRECT] 
2025-06-11 21:11:45,463 [ERROR] LogOutputStream:75 - [STDERR_REDIRECT] [Fatal Error] :1:1: Premature end of file.
2025-06-11 21:11:45,463 [ERROR] LogOutputStream:75 - [STDERR_REDIRECT] 
2025-06-11 21:11:46,454 [ERROR] LogOutputStream:75 - [STDERR_REDIRECT] [Fatal Error] :1:1: Premature end of file.
2025-06-11 21:11:46,454 [ERROR] LogOutputStream:75 - [STDERR_REDIRECT] 
2025-06-11 21:11:47,447 [ERROR] LogOutputStream:75 - [STDERR_REDIRECT] [Fatal Error] :1:1: Premature end of file.
2025-06-11 21:11:47,447 [ERROR] LogOutputStream:75 - [STDERR_REDIRECT] 
2025-06-11 21:11:48,467 [ERROR] LogOutputStream:75 - [STDERR_REDIRECT] [Fatal Error] :1:1: Premature end of file.
2025-06-11 21:11:48,467 [ERROR] LogOutputStream:75 - [STDERR_REDIRECT] 
2025-06-11 21:11:49,452 [ERROR] LogOutputStream:75 - [STDERR_REDIRECT] [Fatal Error] :1:1: Premature end of file.
2025-06-11 21:11:49,452 [ERROR] LogOutputStream:75 - [STDERR_REDIRECT] 
2025-06-11 21:11:50,473 [ERROR] LogOutputStream:75 - [STDERR_REDIRECT] [Fatal Error] :1:1: Premature end of file.
2025-06-11 21:11:50,474 [ERROR] LogOutputStream:75 - [STDERR_REDIRECT] 
2025-06-11 21:11:51,423 [ERROR] LogOutputStream:75 - [STDERR_REDIRECT] [Fatal Error] :1:1: Premature end of file.
2025-06-11 21:11:51,423 [ERROR] LogOutputStream:75 - [STDERR_REDIRECT] 
2025-06-11 21:11:52,460 [ERROR] LogOutputStream:75 - [STDERR_REDIRECT] [Fatal Error] :1:1: Premature end of file.
2025-06-11 21:11:52,460 [ERROR] LogOutputStream:75 - [STDERR_REDIRECT] 
2025-06-11 21:11:53,463 [ERROR] LogOutputStream:75 - [STDERR_REDIRECT] [Fatal Error] :1:1: Premature end of file.
2025-06-11 21:11:53,464 [ERROR] LogOutputStream:75 - [STDERR_REDIRECT] 
2025-06-11 21:11:54,471 [ERROR] LogOutputStream:75 - [STDERR_REDIRECT] [Fatal Error] :1:1: Premature end of file.
2025-06-11 21:11:54,471 [ERROR] LogOutputStream:75 - [STDERR_REDIRECT] 
2025-06-11 21:11:55,452 [ERROR] LogOutputStream:75 - [STDERR_REDIRECT] [Fatal Error] :1:1: Premature end of file.
2025-06-11 21:11:55,453 [ERROR] LogOutputStream:75 - [STDERR_REDIRECT] 
2025-06-11 21:11:56,462 [ERROR] LogOutputStream:75 - [STDERR_REDIRECT] [Fatal Error] :1:1: Premature end of file.
2025-06-11 21:11:56,463 [ERROR] LogOutputStream:75 - [STDERR_REDIRECT] 
2025-06-11 21:11:57,466 [ERROR] LogOutputStream:75 - [STDERR_REDIRECT] [Fatal Error] :1:1: Premature end of file.
2025-06-11 21:11:57,467 [ERROR] LogOutputStream:75 - [STDERR_REDIRECT] 
2025-06-11 21:11:58,493 [ERROR] LogOutputStream:75 - [STDERR_REDIRECT] [Fatal Error] :1:1: Premature end of file.
2025-06-11 21:11:58,494 [ERROR] LogOutputStream:75 - [STDERR_REDIRECT] 
2025-06-11 21:11:59,461 [ERROR] LogOutputStream:75 - [STDERR_REDIRECT] [Fatal Error] :1:1: Premature end of file.
2025-06-11 21:11:59,462 [ERROR] LogOutputStream:75 - [STDERR_REDIRECT] 
2025-06-11 21:12:00,468 [ERROR] LogOutputStream:75 - [STDERR_REDIRECT] [Fatal Error] :1:1: Premature end of file.
2025-06-11 21:12:00,469 [ERROR] LogOutputStream:75 - [STDERR_REDIRECT] 
2025-06-11 21:12:01,481 [ERROR] LogOutputStream:75 - [STDERR_REDIRECT] [Fatal Error] :1:1: Premature end of file.
2025-06-11 21:12:01,481 [ERROR] LogOutputStream:75 - [STDERR_REDIRECT] 
2025-06-11 21:12:02,398 [ERROR] LogOutputStream:75 - [STDERR_REDIRECT] [Fatal Error] :1:1: Premature end of file.
2025-06-11 21:12:02,398 [ERROR] LogOutputStream:75 - [STDERR_REDIRECT] 
2025-06-11 21:12:03,497 [ERROR] LogOutputStream:75 - [STDERR_REDIRECT] [Fatal Error] :1:1: Premature end of file.
2025-06-11 21:12:03,502 [ERROR] LogOutputStream:75 - [STDERR_REDIRECT] 
2025-06-11 21:12:04,474 [ERROR] LogOutputStream:75 - [STDERR_REDIRECT] [Fatal Error] :1:1: Premature end of file.
2025-06-11 21:12:04,475 [ERROR] LogOutputStream:75 - [STDERR_REDIRECT] 
2025-06-11 21:12:05,504 [ERROR] LogOutputStream:75 - [STDERR_REDIRECT] [Fatal Error] :1:1: Premature end of file.
2025-06-11 21:12:05,505 [ERROR] LogOutputStream:75 - [STDERR_REDIRECT] 
2025-06-11 21:12:06,382 [ERROR] LogOutputStream:75 - [STDERR_REDIRECT] [Fatal Error] :1:1: Premature end of file.
2025-06-11 21:12:06,382 [ERROR] LogOutputStream:75 - [STDERR_REDIRECT] 
2025-06-11 21:12:07,495 [ERROR] LogOutputStream:75 - [STDERR_REDIRECT] [Fatal Error] :1:1: Premature end of file.
2025-06-11 21:12:07,495 [ERROR] LogOutputStream:75 - [STDERR_REDIRECT] 
2025-06-11 21:12:08,491 [ERROR] LogOutputStream:75 - [STDERR_REDIRECT] [Fatal Error] :1:1: Premature end of file.
2025-06-11 21:12:08,491 [ERROR] LogOutputStream:75 - [STDERR_REDIRECT] 
2025-06-11 21:12:09,471 [ERROR] LogOutputStream:75 - [STDERR_REDIRECT] [Fatal Error] :1:1: Premature end of file.
2025-06-11 21:12:09,472 [ERROR] LogOutputStream:75 - [STDERR_REDIRECT] 
2025-06-11 21:12:10,504 [ERROR] LogOutputStream:75 - [STDERR_REDIRECT] [Fatal Error] :1:1: Premature end of file.
2025-06-11 21:12:10,504 [ERROR] LogOutputStream:75 - [STDERR_REDIRECT] 
2025-06-11 21:12:11,474 [ERROR] LogOutputStream:75 - [STDERR_REDIRECT] [Fatal Error] :1:1: Premature end of file.
2025-06-11 21:12:11,475 [ERROR] LogOutputStream:75 - [STDERR_REDIRECT] 
2025-06-11 21:12:12,494 [ERROR] LogOutputStream:75 - [STDERR_REDIRECT] [Fatal Error] :1:1: Premature end of file.
2025-06-11 21:12:12,494 [ERROR] LogOutputStream:75 - [STDERR_REDIRECT] 
2025-06-11 21:12:13,479 [ERROR] LogOutputStream:75 - [STDERR_REDIRECT] [Fatal Error] :1:1: Premature end of file.
2025-06-11 21:12:13,479 [ERROR] LogOutputStream:75 - [STDERR_REDIRECT] 
2025-06-11 21:12:14,484 [ERROR] LogOutputStream:75 - [STDERR_REDIRECT] [Fatal Error] :1:1: Premature end of file.
2025-06-11 21:12:14,484 [ERROR] LogOutputStream:75 - [STDERR_REDIRECT] 
2025-06-11 21:12:15,491 [ERROR] LogOutputStream:75 - [STDERR_REDIRECT] [Fatal Error] :1:1: Premature end of file.
2025-06-11 21:12:15,492 [ERROR] LogOutputStream:75 - [STDERR_REDIRECT] 
2025-06-11 21:12:16,486 [ERROR] LogOutputStream:75 - [STDERR_REDIRECT] [Fatal Error] :1:1: Premature end of file.
2025-06-11 21:12:16,486 [ERROR] LogOutputStream:75 - [STDERR_REDIRECT] 
2025-06-11 21:12:17,493 [ERROR] LogOutputStream:75 - [STDERR_REDIRECT] [Fatal Error] :1:1: Premature end of file.
2025-06-11 21:12:17,493 [ERROR] LogOutputStream:75 - [STDERR_REDIRECT] 
2025-06-11 21:12:18,521 [ERROR] LogOutputStream:75 - [STDERR_REDIRECT] [Fatal Error] :1:1: Premature end of file.
2025-06-11 21:12:18,521 [ERROR] LogOutputStream:75 - [STDERR_REDIRECT] 
2025-06-11 21:12:19,479 [ERROR] LogOutputStream:75 - [STDERR_REDIRECT] [Fatal Error] :1:1: Premature end of file.
2025-06-11 21:12:19,480 [ERROR] LogOutputStream:75 - [STDERR_REDIRECT] 
2025-06-11 21:12:20,485 [ERROR] LogOutputStream:75 - [STDERR_REDIRECT] [Fatal Error] :1:1: Premature end of file.
2025-06-11 21:12:20,486 [ERROR] LogOutputStream:75 - [STDERR_REDIRECT] 
2025-06-11 21:12:21,478 [ERROR] LogOutputStream:75 - [STDERR_REDIRECT] [Fatal Error] :1:1: Premature end of file.
2025-06-11 21:12:21,479 [ERROR] LogOutputStream:75 - [STDERR_REDIRECT] 
2025-06-11 21:12:22,504 [ERROR] LogOutputStream:75 - [STDERR_REDIRECT] [Fatal Error] :1:1: Premature end of file.
2025-06-11 21:12:22,505 [ERROR] LogOutputStream:75 - [STDERR_REDIRECT] 
2025-06-11 21:12:23,484 [ERROR] LogOutputStream:75 - [STDERR_REDIRECT] [Fatal Error] :1:1: Premature end of file.
2025-06-11 21:12:23,485 [ERROR] LogOutputStream:75 - [STDERR_REDIRECT] 
2025-06-11 21:12:24,382 [ERROR] LogOutputStream:75 - [STDERR_REDIRECT] [Fatal Error] :1:1: Premature end of file.
2025-06-11 21:12:24,382 [ERROR] LogOutputStream:75 - [STDERR_REDIRECT] 
2025-06-11 21:12:25,384 [ERROR] LogOutputStream:75 - [STDERR_REDIRECT] [Fatal Error] :1:1: Premature end of file.
2025-06-11 21:12:25,384 [ERROR] LogOutputStream:75 - [STDERR_REDIRECT] 
2025-06-11 21:12:26,389 [ERROR] LogOutputStream:75 - [STDERR_REDIRECT] [Fatal Error] :1:1: Premature end of file.
2025-06-11 21:12:26,389 [ERROR] LogOutputStream:75 - [STDERR_REDIRECT] 
2025-06-11 21:12:27,488 [ERROR] LogOutputStream:75 - [STDERR_REDIRECT] [Fatal Error] :1:1: Premature end of file.
2025-06-11 21:12:27,488 [ERROR] LogOutputStream:75 - [STDERR_REDIRECT] 
2025-06-11 21:12:28,510 [ERROR] LogOutputStream:75 - [STDERR_REDIRECT] [Fatal Error] :1:1: Premature end of file.
2025-06-11 21:12:28,510 [ERROR] LogOutputStream:75 - [STDERR_REDIRECT] 
2025-06-11 21:12:29,486 [ERROR] LogOutputStream:75 - [STDERR_REDIRECT] [Fatal Error] :1:1: Premature end of file.
2025-06-11 21:12:29,487 [ERROR] LogOutputStream:75 - [STDERR_REDIRECT] 
2025-06-11 21:12:30,489 [ERROR] LogOutputStream:75 - [STDERR_REDIRECT] [Fatal Error] :1:1: Premature end of file.
2025-06-11 21:12:30,489 [ERROR] LogOutputStream:75 - [STDERR_REDIRECT] 
2025-06-11 21:12:31,456 [ERROR] LogOutputStream:75 - [STDERR_REDIRECT] [Fatal Error] :1:1: Premature end of file.
2025-06-11 21:12:31,456 [ERROR] LogOutputStream:75 - [STDERR_REDIRECT] 
2025-06-11 21:12:32,480 [ERROR] LogOutputStream:75 - [STDERR_REDIRECT] [Fatal Error] :1:1: Premature end of file.
2025-06-11 21:12:32,481 [ERROR] LogOutputStream:75 - [STDERR_REDIRECT] 
2025-06-11 21:12:33,486 [ERROR] LogOutputStream:75 - [STDERR_REDIRECT] [Fatal Error] :1:1: Premature end of file.
2025-06-11 21:12:33,487 [ERROR] LogOutputStream:75 - [STDERR_REDIRECT] 
2025-06-11 21:12:34,386 [ERROR] LogOutputStream:75 - [STDERR_REDIRECT] [Fatal Error] :1:1: Premature end of file.
2025-06-11 21:12:34,386 [ERROR] LogOutputStream:75 - [STDERR_REDIRECT] 
2025-06-11 21:12:35,491 [ERROR] LogOutputStream:75 - [STDERR_REDIRECT] [Fatal Error] :1:1: Premature end of file.
2025-06-11 21:12:35,491 [ERROR] LogOutputStream:75 - [STDERR_REDIRECT] 
2025-06-11 21:12:36,378 [ERROR] LogOutputStream:75 - [STDERR_REDIRECT] [Fatal Error] :1:1: Premature end of file.
2025-06-11 21:12:36,378 [ERROR] LogOutputStream:75 - [STDERR_REDIRECT] 
2025-06-11 21:12:37,490 [ERROR] LogOutputStream:75 - [STDERR_REDIRECT] [Fatal Error] :1:1: Premature end of file.
2025-06-11 21:12:37,491 [ERROR] LogOutputStream:75 - [STDERR_REDIRECT] 
2025-06-11 21:12:38,494 [ERROR] LogOutputStream:75 - [STDERR_REDIRECT] [Fatal Error] :1:1: Premature end of file.
2025-06-11 21:12:38,494 [ERROR] LogOutputStream:75 - [STDERR_REDIRECT] 
2025-06-11 21:12:39,488 [ERROR] LogOutputStream:75 - [STDERR_REDIRECT] [Fatal Error] :1:1: Premature end of file.
2025-06-11 21:12:39,489 [ERROR] LogOutputStream:75 - [STDERR_REDIRECT] 
2025-06-11 21:12:40,492 [ERROR] LogOutputStream:75 - [STDERR_REDIRECT] [Fatal Error] :1:1: Premature end of file.
2025-06-11 21:12:40,492 [ERROR] LogOutputStream:75 - [STDERR_REDIRECT] 
2025-06-11 21:12:41,441 [ERROR] LogOutputStream:75 - [STDERR_REDIRECT] [Fatal Error] :1:1: Premature end of file.
2025-06-11 21:12:41,441 [ERROR] LogOutputStream:75 - [STDERR_REDIRECT] 
2025-06-11 21:12:42,508 [ERROR] LogOutputStream:75 - [STDERR_REDIRECT] [Fatal Error] :1:1: Premature end of file.
2025-06-11 21:12:42,509 [ERROR] LogOutputStream:75 - [STDERR_REDIRECT] 
2025-06-11 21:12:43,514 [ERROR] LogOutputStream:75 - [STDERR_REDIRECT] [Fatal Error] :1:1: Premature end of file.
2025-06-11 21:12:43,515 [ERROR] LogOutputStream:75 - [STDERR_REDIRECT] 
2025-06-11 21:12:44,426 [ERROR] LogOutputStream:75 - [STDERR_REDIRECT] [Fatal Error] :1:1: Premature end of file.
2025-06-11 21:12:44,427 [ERROR] LogOutputStream:75 - [STDERR_REDIRECT] 
2025-06-11 21:12:45,488 [ERROR] LogOutputStream:75 - [STDERR_REDIRECT] [Fatal Error] :1:1: Premature end of file.
2025-06-11 21:12:45,489 [ERROR] LogOutputStream:75 - [STDERR_REDIRECT] 
2025-06-11 21:12:46,480 [ERROR] LogOutputStream:75 - [STDERR_REDIRECT] [Fatal Error] :1:1: Premature end of file.
2025-06-11 21:12:46,480 [ERROR] LogOutputStream:75 - [STDERR_REDIRECT] 
2025-06-11 21:12:47,438 [ERROR] LogOutputStream:75 - [STDERR_REDIRECT] [Fatal Error] :1:1: Premature end of file.
2025-06-11 21:12:47,438 [ERROR] LogOutputStream:75 - [STDERR_REDIRECT] 
2025-06-11 21:12:48,469 [ERROR] LogOutputStream:75 - [STDERR_REDIRECT] [Fatal Error] :1:1: Premature end of file.
2025-06-11 21:12:48,469 [ERROR] LogOutputStream:75 - [STDERR_REDIRECT] 
2025-06-11 21:12:49,473 [ERROR] LogOutputStream:75 - [STDERR_REDIRECT] [Fatal Error] :1:1: Premature end of file.
2025-06-11 21:12:49,473 [ERROR] LogOutputStream:75 - [STDERR_REDIRECT] 
2025-06-11 21:12:50,471 [ERROR] LogOutputStream:75 - [STDERR_REDIRECT] [Fatal Error] :1:1: Premature end of file.
2025-06-11 21:12:50,471 [ERROR] LogOutputStream:75 - [STDERR_REDIRECT] 
2025-06-11 21:12:51,475 [ERROR] LogOutputStream:75 - [STDERR_REDIRECT] [Fatal Error] :1:1: Premature end of file.
2025-06-11 21:12:51,476 [ERROR] LogOutputStream:75 - [STDERR_REDIRECT] 
2025-06-11 21:12:52,484 [ERROR] LogOutputStream:75 - [STDERR_REDIRECT] [Fatal Error] :1:1: Premature end of file.
2025-06-11 21:12:52,485 [ERROR] LogOutputStream:75 - [STDERR_REDIRECT] 
2025-06-11 21:12:53,484 [ERROR] LogOutputStream:75 - [STDERR_REDIRECT] [Fatal Error] :1:1: Premature end of file.
2025-06-11 21:12:53,485 [ERROR] LogOutputStream:75 - [STDERR_REDIRECT] 
2025-06-11 21:12:54,477 [ERROR] LogOutputStream:75 - [STDERR_REDIRECT] [Fatal Error] :1:1: Premature end of file.
2025-06-11 21:12:54,478 [ERROR] LogOutputStream:75 - [STDERR_REDIRECT] 
2025-06-11 21:12:55,516 [ERROR] LogOutputStream:75 - [STDERR_REDIRECT] [Fatal Error] :1:1: Premature end of file.
2025-06-11 21:12:55,517 [ERROR] LogOutputStream:75 - [STDERR_REDIRECT] 
2025-06-11 21:12:56,491 [ERROR] LogOutputStream:75 - [STDERR_REDIRECT] [Fatal Error] :1:1: Premature end of file.
2025-06-11 21:12:56,493 [ERROR] LogOutputStream:75 - [STDERR_REDIRECT] 
2025-06-11 21:12:57,485 [ERROR] LogOutputStream:75 - [STDERR_REDIRECT] [Fatal Error] :1:1: Premature end of file.
2025-06-11 21:12:57,485 [ERROR] LogOutputStream:75 - [STDERR_REDIRECT] 
2025-06-11 21:12:58,486 [ERROR] LogOutputStream:75 - [STDERR_REDIRECT] [Fatal Error] :1:1: Premature end of file.
2025-06-11 21:12:58,486 [ERROR] LogOutputStream:75 - [STDERR_REDIRECT] 
2025-06-11 21:12:59,484 [ERROR] LogOutputStream:75 - [STDERR_REDIRECT] [Fatal Error] :1:1: Premature end of file.
2025-06-11 21:12:59,485 [ERROR] LogOutputStream:75 - [STDERR_REDIRECT] 
2025-06-11 21:13:00,511 [ERROR] LogOutputStream:75 - [STDERR_REDIRECT] [Fatal Error] :1:1: Premature end of file.
2025-06-11 21:13:00,512 [ERROR] LogOutputStream:75 - [STDERR_REDIRECT] 
2025-06-11 21:13:01,470 [ERROR] LogOutputStream:75 - [STDERR_REDIRECT] [Fatal Error] :1:1: Premature end of file.
2025-06-11 21:13:01,471 [ERROR] LogOutputStream:75 - [STDERR_REDIRECT] 
2025-06-11 21:13:02,470 [ERROR] LogOutputStream:75 - [STDERR_REDIRECT] [Fatal Error] :1:1: Premature end of file.
2025-06-11 21:13:02,470 [ERROR] LogOutputStream:75 - [STDERR_REDIRECT] 
2025-06-11 21:13:03,499 [ERROR] LogOutputStream:75 - [STDERR_REDIRECT] [Fatal Error] :1:1: Premature end of file.
2025-06-11 21:13:03,500 [ERROR] LogOutputStream:75 - [STDERR_REDIRECT] 
2025-06-11 21:13:04,483 [ERROR] LogOutputStream:75 - [STDERR_REDIRECT] [Fatal Error] :1:1: Premature end of file.
2025-06-11 21:13:04,484 [ERROR] LogOutputStream:75 - [STDERR_REDIRECT] 
2025-06-11 21:13:05,465 [ERROR] LogOutputStream:75 - [STDERR_REDIRECT] [Fatal Error] :1:1: Premature end of file.
2025-06-11 21:13:05,466 [ERROR] LogOutputStream:75 - [STDERR_REDIRECT] 
2025-06-11 21:13:06,494 [ERROR] LogOutputStream:75 - [STDERR_REDIRECT] [Fatal Error] :1:1: Premature end of file.
2025-06-11 21:13:06,494 [ERROR] LogOutputStream:75 - [STDERR_REDIRECT] 
2025-06-11 21:13:07,491 [ERROR] LogOutputStream:75 - [STDERR_REDIRECT] [Fatal Error] :1:1: Premature end of file.
2025-06-11 21:13:07,491 [ERROR] LogOutputStream:75 - [STDERR_REDIRECT] 
2025-06-11 21:13:08,490 [ERROR] LogOutputStream:75 - [STDERR_REDIRECT] [Fatal Error] :1:1: Premature end of file.
2025-06-11 21:13:08,490 [ERROR] LogOutputStream:75 - [STDERR_REDIRECT] 
2025-06-11 21:13:09,495 [ERROR] LogOutputStream:75 - [STDERR_REDIRECT] [Fatal Error] :1:1: Premature end of file.
2025-06-11 21:13:09,495 [ERROR] LogOutputStream:75 - [STDERR_REDIRECT] 
2025-06-11 21:13:10,495 [ERROR] LogOutputStream:75 - [STDERR_REDIRECT] [Fatal Error] :1:1: Premature end of file.
2025-06-11 21:13:10,496 [ERROR] LogOutputStream:75 - [STDERR_REDIRECT] 
2025-06-11 21:13:11,486 [ERROR] LogOutputStream:75 - [STDERR_REDIRECT] [Fatal Error] :1:1: Premature end of file.
2025-06-11 21:13:11,486 [ERROR] LogOutputStream:75 - [STDERR_REDIRECT] 
2025-06-11 21:13:12,490 [ERROR] LogOutputStream:75 - [STDERR_REDIRECT] [Fatal Error] :1:1: Premature end of file.
2025-06-11 21:13:12,491 [ERROR] LogOutputStream:75 - [STDERR_REDIRECT] 
2025-06-11 21:13:13,485 [ERROR] LogOutputStream:75 - [STDERR_REDIRECT] [Fatal Error] :1:1: Premature end of file.
2025-06-11 21:13:13,485 [ERROR] LogOutputStream:75 - [STDERR_REDIRECT] 
2025-06-11 21:13:14,472 [ERROR] LogOutputStream:75 - [STDERR_REDIRECT] [Fatal Error] :1:1: Premature end of file.
2025-06-11 21:13:14,473 [ERROR] LogOutputStream:75 - [STDERR_REDIRECT] 
2025-06-11 21:13:15,465 [ERROR] LogOutputStream:75 - [STDERR_REDIRECT] [Fatal Error] :1:1: Premature end of file.
2025-06-11 21:13:15,475 [ERROR] LogOutputStream:75 - [STDERR_REDIRECT] 
2025-06-11 21:13:16,435 [ERROR] LogOutputStream:75 - [STDERR_REDIRECT] [Fatal Error] :1:1: Premature end of file.
2025-06-11 21:13:16,436 [ERROR] LogOutputStream:75 - [STDERR_REDIRECT] 
2025-06-11 21:13:17,524 [ERROR] LogOutputStream:75 - [STDERR_REDIRECT] [Fatal Error] :1:1: Premature end of file.
2025-06-11 21:13:17,524 [ERROR] LogOutputStream:75 - [STDERR_REDIRECT] 
2025-06-11 21:13:18,492 [ERROR] LogOutputStream:75 - [STDERR_REDIRECT] [Fatal Error] :1:1: Premature end of file.
2025-06-11 21:13:18,492 [ERROR] LogOutputStream:75 - [STDERR_REDIRECT] 
2025-06-11 21:13:19,488 [ERROR] LogOutputStream:75 - [STDERR_REDIRECT] [Fatal Error] :1:1: Premature end of file.
2025-06-11 21:13:19,488 [ERROR] LogOutputStream:75 - [STDERR_REDIRECT] 
2025-06-11 21:13:20,492 [ERROR] LogOutputStream:75 - [STDERR_REDIRECT] [Fatal Error] :1:1: Premature end of file.
2025-06-11 21:13:20,492 [ERROR] LogOutputStream:75 - [STDERR_REDIRECT] 
2025-06-11 21:13:21,484 [ERROR] LogOutputStream:75 - [STDERR_REDIRECT] [Fatal Error] :1:1: Premature end of file.
2025-06-11 21:13:21,485 [ERROR] LogOutputStream:75 - [STDERR_REDIRECT] 
2025-06-11 21:13:22,492 [ERROR] LogOutputStream:75 - [STDERR_REDIRECT] [Fatal Error] :1:1: Premature end of file.
2025-06-11 21:13:22,492 [ERROR] LogOutputStream:75 - [STDERR_REDIRECT] 
2025-06-11 21:13:23,482 [ERROR] LogOutputStream:75 - [STDERR_REDIRECT] [Fatal Error] :1:1: Premature end of file.
2025-06-11 21:13:23,483 [ERROR] LogOutputStream:75 - [STDERR_REDIRECT] 
2025-06-11 21:13:24,506 [ERROR] LogOutputStream:75 - [STDERR_REDIRECT] [Fatal Error] :1:1: Premature end of file.
2025-06-11 21:13:24,506 [ERROR] LogOutputStream:75 - [STDERR_REDIRECT] 
2025-06-11 21:13:25,459 [ERROR] LogOutputStream:75 - [STDERR_REDIRECT] [Fatal Error] :1:1: Premature end of file.
2025-06-11 21:13:25,459 [ERROR] LogOutputStream:75 - [STDERR_REDIRECT] 
2025-06-11 21:13:26,391 [ERROR] LogOutputStream:75 - [STDERR_REDIRECT] [Fatal Error] :1:1: Premature end of file.
2025-06-11 21:13:26,391 [ERROR] LogOutputStream:75 - [STDERR_REDIRECT] 
2025-06-11 21:13:27,425 [ERROR] LogOutputStream:75 - [STDERR_REDIRECT] [Fatal Error] :1:1: Premature end of file.
2025-06-11 21:13:27,425 [ERROR] LogOutputStream:75 - [STDERR_REDIRECT] 
2025-06-11 21:13:28,376 [ERROR] LogOutputStream:75 - [STDERR_REDIRECT] [Fatal Error] :1:1: Premature end of file.
2025-06-11 21:13:28,377 [ERROR] LogOutputStream:75 - [STDERR_REDIRECT] 
2025-06-11 21:13:29,470 [ERROR] LogOutputStream:75 - [STDERR_REDIRECT] [Fatal Error] :1:1: Premature end of file.
2025-06-11 21:13:29,470 [ERROR] LogOutputStream:75 - [STDERR_REDIRECT] 
2025-06-11 21:13:30,482 [ERROR] LogOutputStream:75 - [STDERR_REDIRECT] [Fatal Error] :1:1: Premature end of file.
2025-06-11 21:13:30,486 [ERROR] LogOutputStream:75 - [STDERR_REDIRECT] 
2025-06-11 21:13:31,479 [ERROR] LogOutputStream:75 - [STDERR_REDIRECT] [Fatal Error] :1:1: Premature end of file.
2025-06-11 21:13:31,479 [ERROR] LogOutputStream:75 - [STDERR_REDIRECT] 
2025-06-11 21:13:32,460 [ERROR] LogOutputStream:75 - [STDERR_REDIRECT] [Fatal Error] :1:1: Premature end of file.
2025-06-11 21:13:32,460 [ERROR] LogOutputStream:75 - [STDERR_REDIRECT] 
2025-06-11 21:13:33,468 [ERROR] LogOutputStream:75 - [STDERR_REDIRECT] [Fatal Error] :1:1: Premature end of file.
2025-06-11 21:13:33,469 [ERROR] LogOutputStream:75 - [STDERR_REDIRECT] 
2025-06-11 21:13:34,460 [ERROR] LogOutputStream:75 - [STDERR_REDIRECT] [Fatal Error] :1:1: Premature end of file.
2025-06-11 21:13:34,460 [ERROR] LogOutputStream:75 - [STDERR_REDIRECT] 
2025-06-11 21:13:35,480 [ERROR] LogOutputStream:75 - [STDERR_REDIRECT] [Fatal Error] :1:1: Premature end of file.
2025-06-11 21:13:35,481 [ERROR] LogOutputStream:75 - [STDERR_REDIRECT] 
2025-06-11 21:13:36,498 [ERROR] LogOutputStream:75 - [STDERR_REDIRECT] [Fatal Error] :1:1: Premature end of file.
2025-06-11 21:13:36,499 [ERROR] LogOutputStream:75 - [STDERR_REDIRECT] 
2025-06-11 21:13:37,493 [ERROR] LogOutputStream:75 - [STDERR_REDIRECT] [Fatal Error] :1:1: Premature end of file.
2025-06-11 21:13:37,493 [ERROR] LogOutputStream:75 - [STDERR_REDIRECT] 
2025-06-11 21:13:38,493 [ERROR] LogOutputStream:75 - [STDERR_REDIRECT] [Fatal Error] :1:1: Premature end of file.
2025-06-11 21:13:38,493 [ERROR] LogOutputStream:75 - [STDERR_REDIRECT] 
2025-06-11 21:13:39,444 [ERROR] LogOutputStream:75 - [STDERR_REDIRECT] [Fatal Error] :1:1: Premature end of file.
2025-06-11 21:13:39,444 [ERROR] LogOutputStream:75 - [STDERR_REDIRECT] 
2025-06-11 21:13:40,442 [ERROR] LogOutputStream:75 - [STDERR_REDIRECT] [Fatal Error] :1:1: Premature end of file.
2025-06-11 21:13:40,443 [ERROR] LogOutputStream:75 - [STDERR_REDIRECT] 
2025-06-11 21:13:41,491 [ERROR] LogOutputStream:75 - [STDERR_REDIRECT] [Fatal Error] :1:1: Premature end of file.
2025-06-11 21:13:41,491 [ERROR] LogOutputStream:75 - [STDERR_REDIRECT] 
2025-06-11 21:13:42,494 [ERROR] LogOutputStream:75 - [STDERR_REDIRECT] [Fatal Error] :1:1: Premature end of file.
2025-06-11 21:13:42,495 [ERROR] LogOutputStream:75 - [STDERR_REDIRECT] 
2025-06-11 21:13:43,479 [ERROR] LogOutputStream:75 - [STDERR_REDIRECT] [Fatal Error] :1:1: Premature end of file.
2025-06-11 21:13:43,479 [ERROR] LogOutputStream:75 - [STDERR_REDIRECT] 
2025-06-11 21:13:44,431 [ERROR] LogOutputStream:75 - [STDERR_REDIRECT] [Fatal Error] :1:1: Premature end of file.
2025-06-11 21:13:44,431 [ERROR] LogOutputStream:75 - [STDERR_REDIRECT] 
2025-06-11 21:13:45,477 [ERROR] LogOutputStream:75 - [STDERR_REDIRECT] [Fatal Error] :1:1: Premature end of file.
2025-06-11 21:13:45,477 [ERROR] LogOutputStream:75 - [STDERR_REDIRECT] 
2025-06-11 21:13:46,375 [ERROR] LogOutputStream:75 - [STDERR_REDIRECT] [Fatal Error] :1:1: Premature end of file.
2025-06-11 21:13:46,375 [ERROR] LogOutputStream:75 - [STDERR_REDIRECT] 
2025-06-11 21:13:47,488 [ERROR] LogOutputStream:75 - [STDERR_REDIRECT] [Fatal Error] :1:1: Premature end of file.
2025-06-11 21:13:47,488 [ERROR] LogOutputStream:75 - [STDERR_REDIRECT] 
2025-06-11 21:13:48,476 [ERROR] LogOutputStream:75 - [STDERR_REDIRECT] [Fatal Error] :1:1: Premature end of file.
2025-06-11 21:13:48,476 [ERROR] LogOutputStream:75 - [STDERR_REDIRECT] 
2025-06-11 21:13:49,474 [ERROR] LogOutputStream:75 - [STDERR_REDIRECT] [Fatal Error] :1:1: Premature end of file.
2025-06-11 21:13:49,474 [ERROR] LogOutputStream:75 - [STDERR_REDIRECT] 
2025-06-11 21:13:50,474 [ERROR] LogOutputStream:75 - [STDERR_REDIRECT] [Fatal Error] :1:1: Premature end of file.
2025-06-11 21:13:50,474 [ERROR] LogOutputStream:75 - [STDERR_REDIRECT] 
2025-06-11 21:13:51,470 [ERROR] LogOutputStream:75 - [STDERR_REDIRECT] [Fatal Error] :1:1: Premature end of file.
2025-06-11 21:13:51,471 [ERROR] LogOutputStream:75 - [STDERR_REDIRECT] 
2025-06-11 21:13:52,476 [ERROR] LogOutputStream:75 - [STDERR_REDIRECT] [Fatal Error] :1:1: Premature end of file.
2025-06-11 21:13:52,476 [ERROR] LogOutputStream:75 - [STDERR_REDIRECT] 
2025-06-11 21:13:53,493 [ERROR] LogOutputStream:75 - [STDERR_REDIRECT] [Fatal Error] :1:1: Premature end of file.
2025-06-11 21:13:53,494 [ERROR] LogOutputStream:75 - [STDERR_REDIRECT] 
2025-06-11 21:13:54,468 [ERROR] LogOutputStream:75 - [STDERR_REDIRECT] [Fatal Error] :1:1: Premature end of file.
2025-06-11 21:13:54,468 [ERROR] LogOutputStream:75 - [STDERR_REDIRECT] 
2025-06-11 21:13:55,474 [ERROR] LogOutputStream:75 - [STDERR_REDIRECT] [Fatal Error] :1:1: Premature end of file.
2025-06-11 21:13:55,474 [ERROR] LogOutputStream:75 - [STDERR_REDIRECT] 
2025-06-11 21:13:56,502 [ERROR] LogOutputStream:75 - [STDERR_REDIRECT] [Fatal Error] :1:1: Premature end of file.
2025-06-11 21:13:56,503 [ERROR] LogOutputStream:75 - [STDERR_REDIRECT] 
2025-06-11 21:13:57,503 [ERROR] LogOutputStream:75 - [STDERR_REDIRECT] [Fatal Error] :1:1: Premature end of file.
2025-06-11 21:13:57,504 [ERROR] LogOutputStream:75 - [STDERR_REDIRECT] 
2025-06-11 21:13:58,496 [ERROR] LogOutputStream:75 - [STDERR_REDIRECT] [Fatal Error] :1:1: Premature end of file.
2025-06-11 21:13:58,498 [ERROR] LogOutputStream:75 - [STDERR_REDIRECT] 
2025-06-11 21:13:59,473 [ERROR] LogOutputStream:75 - [STDERR_REDIRECT] [Fatal Error] :1:1: Premature end of file.
2025-06-11 21:13:59,473 [ERROR] LogOutputStream:75 - [STDERR_REDIRECT] 
2025-06-11 21:14:00,486 [ERROR] LogOutputStream:75 - [STDERR_REDIRECT] [Fatal Error] :1:1: Premature end of file.
2025-06-11 21:14:00,487 [ERROR] LogOutputStream:75 - [STDERR_REDIRECT] 
2025-06-11 21:14:01,481 [ERROR] LogOutputStream:75 - [STDERR_REDIRECT] [Fatal Error] :1:1: Premature end of file.
2025-06-11 21:14:01,485 [ERROR] LogOutputStream:75 - [STDERR_REDIRECT] 
2025-06-11 21:14:02,466 [ERROR] LogOutputStream:75 - [STDERR_REDIRECT] [Fatal Error] :1:1: Premature end of file.
2025-06-11 21:14:02,466 [ERROR] LogOutputStream:75 - [STDERR_REDIRECT] 
2025-06-11 21:14:03,482 [ERROR] LogOutputStream:75 - [STDERR_REDIRECT] [Fatal Error] :1:1: Premature end of file.
2025-06-11 21:14:03,484 [ERROR] LogOutputStream:75 - [STDERR_REDIRECT] 
2025-06-11 21:14:04,476 [ERROR] LogOutputStream:75 - [STDERR_REDIRECT] [Fatal Error] :1:1: Premature end of file.
2025-06-11 21:14:04,477 [ERROR] LogOutputStream:75 - [STDERR_REDIRECT] 
2025-06-11 21:14:05,494 [ERROR] LogOutputStream:75 - [STDERR_REDIRECT] [Fatal Error] :1:1: Premature end of file.
2025-06-11 21:14:05,494 [ERROR] LogOutputStream:75 - [STDERR_REDIRECT] 
2025-06-11 21:14:06,499 [ERROR] LogOutputStream:75 - [STDERR_REDIRECT] [Fatal Error] :1:1: Premature end of file.
2025-06-11 21:14:06,500 [ERROR] LogOutputStream:75 - [STDERR_REDIRECT] 
2025-06-11 21:14:07,505 [ERROR] LogOutputStream:75 - [STDERR_REDIRECT] [Fatal Error] :1:1: Premature end of file.
2025-06-11 21:14:07,505 [ERROR] LogOutputStream:75 - [STDERR_REDIRECT] 
2025-06-11 21:14:08,501 [ERROR] LogOutputStream:75 - [STDERR_REDIRECT] [Fatal Error] :1:1: Premature end of file.
2025-06-11 21:14:08,501 [ERROR] LogOutputStream:75 - [STDERR_REDIRECT] 
2025-06-11 21:14:09,476 [ERROR] LogOutputStream:75 - [STDERR_REDIRECT] [Fatal Error] :1:1: Premature end of file.
2025-06-11 21:14:09,477 [ERROR] LogOutputStream:75 - [STDERR_REDIRECT] 
2025-06-11 21:14:10,476 [ERROR] LogOutputStream:75 - [STDERR_REDIRECT] [Fatal Error] :1:1: Premature end of file.
2025-06-11 21:14:10,476 [ERROR] LogOutputStream:75 - [STDERR_REDIRECT] 
2025-06-11 21:14:11,480 [ERROR] LogOutputStream:75 - [STDERR_REDIRECT] [Fatal Error] :1:1: Premature end of file.
2025-06-11 21:14:11,481 [ERROR] LogOutputStream:75 - [STDERR_REDIRECT] 
2025-06-11 21:14:12,492 [ERROR] LogOutputStream:75 - [STDERR_REDIRECT] [Fatal Error] :1:1: Premature end of file.
2025-06-11 21:14:12,493 [ERROR] LogOutputStream:75 - [STDERR_REDIRECT] 
2025-06-11 21:14:13,492 [ERROR] LogOutputStream:75 - [STDERR_REDIRECT] [Fatal Error] :1:1: Premature end of file.
2025-06-11 21:14:13,493 [ERROR] LogOutputStream:75 - [STDERR_REDIRECT] 
2025-06-11 21:14:14,488 [ERROR] LogOutputStream:75 - [STDERR_REDIRECT] [Fatal Error] :1:1: Premature end of file.
2025-06-11 21:14:14,489 [ERROR] LogOutputStream:75 - [STDERR_REDIRECT] 
2025-06-11 21:14:15,468 [ERROR] LogOutputStream:75 - [STDERR_REDIRECT] [Fatal Error] :1:1: Premature end of file.
2025-06-11 21:14:15,468 [ERROR] LogOutputStream:75 - [STDERR_REDIRECT] 
2025-06-11 21:14:16,499 [ERROR] LogOutputStream:75 - [STDERR_REDIRECT] [Fatal Error] :1:1: Premature end of file.
2025-06-11 21:14:16,499 [ERROR] LogOutputStream:75 - [STDERR_REDIRECT] 
2025-06-11 21:14:17,489 [ERROR] LogOutputStream:75 - [STDERR_REDIRECT] [Fatal Error] :1:1: Premature end of file.
2025-06-11 21:14:17,489 [ERROR] LogOutputStream:75 - [STDERR_REDIRECT] 
2025-06-11 21:14:18,501 [ERROR] LogOutputStream:75 - [STDERR_REDIRECT] [Fatal Error] :1:1: Premature end of file.
2025-06-11 21:14:18,502 [ERROR] LogOutputStream:75 - [STDERR_REDIRECT] 
2025-06-11 21:14:19,448 [ERROR] LogOutputStream:75 - [STDERR_REDIRECT] [Fatal Error] :1:1: Premature end of file.
2025-06-11 21:14:19,449 [ERROR] LogOutputStream:75 - [STDERR_REDIRECT] 
2025-06-11 21:14:20,500 [ERROR] LogOutputStream:75 - [STDERR_REDIRECT] [Fatal Error] :1:1: Premature end of file.
2025-06-11 21:14:20,501 [ERROR] LogOutputStream:75 - [STDERR_REDIRECT] 
2025-06-11 21:14:21,472 [ERROR] LogOutputStream:75 - [STDERR_REDIRECT] [Fatal Error] :1:1: Premature end of file.
2025-06-11 21:14:21,473 [ERROR] LogOutputStream:75 - [STDERR_REDIRECT] 
2025-06-11 21:14:22,481 [ERROR] LogOutputStream:75 - [STDERR_REDIRECT] [Fatal Error] :1:1: Premature end of file.
2025-06-11 21:14:22,482 [ERROR] LogOutputStream:75 - [STDERR_REDIRECT] 
2025-06-11 21:14:23,424 [ERROR] LogOutputStream:75 - [STDERR_REDIRECT] [Fatal Error] :1:1: Premature end of file.
2025-06-11 21:14:23,424 [ERROR] LogOutputStream:75 - [STDERR_REDIRECT] 
2025-06-11 21:14:24,509 [ERROR] LogOutputStream:75 - [STDERR_REDIRECT] [Fatal Error] :1:1: Premature end of file.
2025-06-11 21:14:24,509 [ERROR] LogOutputStream:75 - [STDERR_REDIRECT] 
2025-06-11 21:14:25,480 [ERROR] LogOutputStream:75 - [STDERR_REDIRECT] [Fatal Error] :1:1: Premature end of file.
2025-06-11 21:14:25,486 [ERROR] LogOutputStream:75 - [STDERR_REDIRECT] 
2025-06-11 21:14:26,472 [ERROR] LogOutputStream:75 - [STDERR_REDIRECT] [Fatal Error] :1:1: Premature end of file.
2025-06-11 21:14:26,472 [ERROR] LogOutputStream:75 - [STDERR_REDIRECT] 
2025-06-11 21:14:27,500 [ERROR] LogOutputStream:75 - [STDERR_REDIRECT] [Fatal Error] :1:1: Premature end of file.
2025-06-11 21:14:27,501 [ERROR] LogOutputStream:75 - [STDERR_REDIRECT] 
2025-06-11 21:14:28,504 [ERROR] LogOutputStream:75 - [STDERR_REDIRECT] [Fatal Error] :1:1: Premature end of file.
2025-06-11 21:14:28,505 [ERROR] LogOutputStream:75 - [STDERR_REDIRECT] 
2025-06-11 21:14:29,381 [ERROR] LogOutputStream:75 - [STDERR_REDIRECT] [Fatal Error] :1:1: Premature end of file.
2025-06-11 21:14:29,381 [ERROR] LogOutputStream:75 - [STDERR_REDIRECT] 
2025-06-11 21:14:30,384 [ERROR] LogOutputStream:75 - [STDERR_REDIRECT] [Fatal Error] :1:1: Premature end of file.
2025-06-11 21:14:30,384 [ERROR] LogOutputStream:75 - [STDERR_REDIRECT] 
2025-06-11 21:14:31,488 [ERROR] LogOutputStream:75 - [STDERR_REDIRECT] [Fatal Error] :1:1: Premature end of file.
2025-06-11 21:14:31,488 [ERROR] LogOutputStream:75 - [STDERR_REDIRECT] 
2025-06-11 21:14:32,477 [ERROR] LogOutputStream:75 - [STDERR_REDIRECT] [Fatal Error] :1:1: Premature end of file.
2025-06-11 21:14:32,478 [ERROR] LogOutputStream:75 - [STDERR_REDIRECT] 
2025-06-11 21:14:33,478 [ERROR] LogOutputStream:75 - [STDERR_REDIRECT] [Fatal Error] :1:1: Premature end of file.
2025-06-11 21:14:33,480 [ERROR] LogOutputStream:75 - [STDERR_REDIRECT] 
2025-06-11 21:14:34,490 [ERROR] LogOutputStream:75 - [STDERR_REDIRECT] [Fatal Error] :1:1: Premature end of file.
2025-06-11 21:14:34,490 [ERROR] LogOutputStream:75 - [STDERR_REDIRECT] 
2025-06-11 21:14:35,501 [ERROR] LogOutputStream:75 - [STDERR_REDIRECT] [Fatal Error] :1:1: Premature end of file.
2025-06-11 21:14:35,502 [ERROR] LogOutputStream:75 - [STDERR_REDIRECT] 
2025-06-11 21:14:36,474 [ERROR] LogOutputStream:75 - [STDERR_REDIRECT] [Fatal Error] :1:1: Premature end of file.
2025-06-11 21:14:36,475 [ERROR] LogOutputStream:75 - [STDERR_REDIRECT] 
2025-06-11 21:14:37,496 [ERROR] LogOutputStream:75 - [STDERR_REDIRECT] [Fatal Error] :1:1: Premature end of file.
2025-06-11 21:14:37,496 [ERROR] LogOutputStream:75 - [STDERR_REDIRECT] 
2025-06-11 21:14:38,487 [ERROR] LogOutputStream:75 - [STDERR_REDIRECT] [Fatal Error] :1:1: Premature end of file.
2025-06-11 21:14:38,488 [ERROR] LogOutputStream:75 - [STDERR_REDIRECT] 
2025-06-11 21:14:39,476 [ERROR] LogOutputStream:75 - [STDERR_REDIRECT] [Fatal Error] :1:1: Premature end of file.
2025-06-11 21:14:39,476 [ERROR] LogOutputStream:75 - [STDERR_REDIRECT] 
2025-06-11 21:14:40,478 [ERROR] LogOutputStream:75 - [STDERR_REDIRECT] [Fatal Error] :1:1: Premature end of file.
2025-06-11 21:14:40,478 [ERROR] LogOutputStream:75 - [STDERR_REDIRECT] 
2025-06-11 21:14:41,468 [ERROR] LogOutputStream:75 - [STDERR_REDIRECT] [Fatal Error] :1:1: Premature end of file.
2025-06-11 21:14:41,468 [ERROR] LogOutputStream:75 - [STDERR_REDIRECT] 
2025-06-11 21:14:42,487 [ERROR] LogOutputStream:75 - [STDERR_REDIRECT] [Fatal Error] :1:1: Premature end of file.
2025-06-11 21:14:42,488 [ERROR] LogOutputStream:75 - [STDERR_REDIRECT] 
2025-06-11 21:14:43,488 [ERROR] LogOutputStream:75 - [STDERR_REDIRECT] [Fatal Error] :1:1: Premature end of file.
2025-06-11 21:14:43,489 [ERROR] LogOutputStream:75 - [STDERR_REDIRECT] 
2025-06-11 21:14:44,479 [ERROR] LogOutputStream:75 - [STDERR_REDIRECT] [Fatal Error] :1:1: Premature end of file.
2025-06-11 21:14:44,479 [ERROR] LogOutputStream:75 - [STDERR_REDIRECT] 
2025-06-11 21:14:45,476 [ERROR] LogOutputStream:75 - [STDERR_REDIRECT] [Fatal Error] :1:1: Premature end of file.
2025-06-11 21:14:45,476 [ERROR] LogOutputStream:75 - [STDERR_REDIRECT] 
2025-06-11 21:14:46,462 [ERROR] LogOutputStream:75 - [STDERR_REDIRECT] [Fatal Error] :1:1: Premature end of file.
2025-06-11 21:14:46,462 [ERROR] LogOutputStream:75 - [STDERR_REDIRECT] 
2025-06-11 21:14:47,480 [ERROR] LogOutputStream:75 - [STDERR_REDIRECT] [Fatal Error] :1:1: Premature end of file.
2025-06-11 21:14:47,489 [ERROR] LogOutputStream:75 - [STDERR_REDIRECT] 
2025-06-11 21:14:48,384 [ERROR] LogOutputStream:75 - [STDERR_REDIRECT] [Fatal Error] :1:1: Premature end of file.
2025-06-11 21:14:48,384 [ERROR] LogOutputStream:75 - [STDERR_REDIRECT] 
2025-06-11 21:14:49,458 [ERROR] LogOutputStream:75 - [STDERR_REDIRECT] [Fatal Error] :1:1: Premature end of file.
2025-06-11 21:14:49,458 [ERROR] LogOutputStream:75 - [STDERR_REDIRECT] 
2025-06-11 21:14:50,487 [ERROR] LogOutputStream:75 - [STDERR_REDIRECT] [Fatal Error] :1:1: Premature end of file.
2025-06-11 21:14:50,487 [ERROR] LogOutputStream:75 - [STDERR_REDIRECT] 
2025-06-11 21:14:51,470 [ERROR] LogOutputStream:75 - [STDERR_REDIRECT] [Fatal Error] :1:1: Premature end of file.
2025-06-11 21:14:51,470 [ERROR] LogOutputStream:75 - [STDERR_REDIRECT] 
2025-06-11 21:14:52,474 [ERROR] LogOutputStream:75 - [STDERR_REDIRECT] [Fatal Error] :1:1: Premature end of file.
2025-06-11 21:14:52,474 [ERROR] LogOutputStream:75 - [STDERR_REDIRECT] 
2025-06-11 21:14:53,476 [ERROR] LogOutputStream:75 - [STDERR_REDIRECT] [Fatal Error] :1:1: Premature end of file.
2025-06-11 21:14:53,477 [ERROR] LogOutputStream:75 - [STDERR_REDIRECT] 
2025-06-11 21:14:54,492 [ERROR] LogOutputStream:75 - [STDERR_REDIRECT] [Fatal Error] :1:1: Premature end of file.
2025-06-11 21:14:54,492 [ERROR] LogOutputStream:75 - [STDERR_REDIRECT] 
2025-06-11 21:14:55,489 [ERROR] LogOutputStream:75 - [STDERR_REDIRECT] [Fatal Error] :1:1: Premature end of file.
2025-06-11 21:14:55,490 [ERROR] LogOutputStream:75 - [STDERR_REDIRECT] 
2025-06-11 21:14:56,503 [ERROR] LogOutputStream:75 - [STDERR_REDIRECT] [Fatal Error] :1:1: Premature end of file.
2025-06-11 21:14:56,503 [ERROR] LogOutputStream:75 - [STDERR_REDIRECT] 
2025-06-11 21:14:57,492 [ERROR] LogOutputStream:75 - [STDERR_REDIRECT] [Fatal Error] :1:1: Premature end of file.
2025-06-11 21:14:57,493 [ERROR] LogOutputStream:75 - [STDERR_REDIRECT] 
2025-06-11 21:14:58,458 [ERROR] LogOutputStream:75 - [STDERR_REDIRECT] [Fatal Error] :1:1: Premature end of file.
2025-06-11 21:14:58,458 [ERROR] LogOutputStream:75 - [STDERR_REDIRECT] 
2025-06-11 21:14:59,484 [ERROR] LogOutputStream:75 - [STDERR_REDIRECT] [Fatal Error] :1:1: Premature end of file.
2025-06-11 21:14:59,486 [ERROR] LogOutputStream:75 - [STDERR_REDIRECT] 
2025-06-11 21:15:00,381 [ERROR] LogOutputStream:75 - [STDERR_REDIRECT] [Fatal Error] :1:1: Premature end of file.
2025-06-11 21:15:00,381 [ERROR] LogOutputStream:75 - [STDERR_REDIRECT] 
2025-06-11 21:15:01,490 [ERROR] LogOutputStream:75 - [STDERR_REDIRECT] [Fatal Error] :1:1: Premature end of file.
2025-06-11 21:15:01,491 [ERROR] LogOutputStream:75 - [STDERR_REDIRECT] 
2025-06-11 21:15:02,486 [ERROR] LogOutputStream:75 - [STDERR_REDIRECT] [Fatal Error] :1:1: Premature end of file.
2025-06-11 21:15:02,487 [ERROR] LogOutputStream:75 - [STDERR_REDIRECT] 
2025-06-11 21:15:03,438 [ERROR] LogOutputStream:75 - [STDERR_REDIRECT] [Fatal Error] :1:1: Premature end of file.
2025-06-11 21:15:03,439 [ERROR] LogOutputStream:75 - [STDERR_REDIRECT] 
2025-06-11 21:15:04,472 [ERROR] LogOutputStream:75 - [STDERR_REDIRECT] [Fatal Error] :1:1: Premature end of file.
2025-06-11 21:15:04,472 [ERROR] LogOutputStream:75 - [STDERR_REDIRECT] 
2025-06-11 21:15:05,489 [ERROR] LogOutputStream:75 - [STDERR_REDIRECT] [Fatal Error] :1:1: Premature end of file.
2025-06-11 21:15:05,490 [ERROR] LogOutputStream:75 - [STDERR_REDIRECT] 
2025-06-11 21:15:06,490 [ERROR] LogOutputStream:75 - [STDERR_REDIRECT] [Fatal Error] :1:1: Premature end of file.
2025-06-11 21:15:06,490 [ERROR] LogOutputStream:75 - [STDERR_REDIRECT] 
2025-06-11 21:15:07,484 [ERROR] LogOutputStream:75 - [STDERR_REDIRECT] [Fatal Error] :1:1: Premature end of file.
2025-06-11 21:15:07,484 [ERROR] LogOutputStream:75 - [STDERR_REDIRECT] 
2025-06-11 21:15:08,485 [ERROR] LogOutputStream:75 - [STDERR_REDIRECT] [Fatal Error] :1:1: Premature end of file.
2025-06-11 21:15:08,485 [ERROR] LogOutputStream:75 - [STDERR_REDIRECT] 
2025-06-11 21:15:09,483 [ERROR] LogOutputStream:75 - [STDERR_REDIRECT] [Fatal Error] :1:1: Premature end of file.
2025-06-11 21:15:09,485 [ERROR] LogOutputStream:75 - [STDERR_REDIRECT] 
2025-06-11 21:15:10,468 [ERROR] LogOutputStream:75 - [STDERR_REDIRECT] [Fatal Error] :1:1: Premature end of file.
2025-06-11 21:15:10,468 [ERROR] LogOutputStream:75 - [STDERR_REDIRECT] 
2025-06-11 21:15:11,479 [ERROR] LogOutputStream:75 - [STDERR_REDIRECT] [Fatal Error] :1:1: Premature end of file.
2025-06-11 21:15:11,479 [ERROR] LogOutputStream:75 - [STDERR_REDIRECT] 
2025-06-11 21:15:12,474 [ERROR] LogOutputStream:75 - [STDERR_REDIRECT] [Fatal Error] :1:1: Premature end of file.
2025-06-11 21:15:12,475 [ERROR] LogOutputStream:75 - [STDERR_REDIRECT] 
2025-06-11 21:15:13,498 [ERROR] LogOutputStream:75 - [STDERR_REDIRECT] [Fatal Error] :1:1: Premature end of file.
2025-06-11 21:15:13,498 [ERROR] LogOutputStream:75 - [STDERR_REDIRECT] 
2025-06-11 21:15:14,397 [ERROR] LogOutputStream:75 - [STDERR_REDIRECT] [Fatal Error] :1:1: Premature end of file.
2025-06-11 21:15:14,397 [ERROR] LogOutputStream:75 - [STDERR_REDIRECT] 
2025-06-11 21:15:15,478 [ERROR] LogOutputStream:75 - [STDERR_REDIRECT] [Fatal Error] :1:1: Premature end of file.
2025-06-11 21:15:15,478 [ERROR] LogOutputStream:75 - [STDERR_REDIRECT] 
2025-06-11 21:15:16,484 [ERROR] LogOutputStream:75 - [STDERR_REDIRECT] [Fatal Error] :1:1: Premature end of file.
2025-06-11 21:15:16,485 [ERROR] LogOutputStream:75 - [STDERR_REDIRECT] 
2025-06-11 21:15:17,439 [ERROR] LogOutputStream:75 - [STDERR_REDIRECT] [Fatal Error] :1:1: Premature end of file.
2025-06-11 21:15:17,439 [ERROR] LogOutputStream:75 - [STDERR_REDIRECT] 
2025-06-11 21:15:18,474 [ERROR] LogOutputStream:75 - [STDERR_REDIRECT] [Fatal Error] :1:1: Premature end of file.
2025-06-11 21:15:18,474 [ERROR] LogOutputStream:75 - [STDERR_REDIRECT] 
2025-06-11 21:15:19,489 [ERROR] LogOutputStream:75 - [STDERR_REDIRECT] [Fatal Error] :1:1: Premature end of file.
2025-06-11 21:15:19,490 [ERROR] LogOutputStream:75 - [STDERR_REDIRECT] 
2025-06-11 21:15:20,495 [ERROR] LogOutputStream:75 - [STDERR_REDIRECT] [Fatal Error] :1:1: Premature end of file.
2025-06-11 21:15:20,495 [ERROR] LogOutputStream:75 - [STDERR_REDIRECT] 
2025-06-11 21:15:21,473 [ERROR] LogOutputStream:75 - [STDERR_REDIRECT] [Fatal Error] :1:1: Premature end of file.
2025-06-11 21:15:21,473 [ERROR] LogOutputStream:75 - [STDERR_REDIRECT] 
2025-06-11 21:15:22,474 [ERROR] LogOutputStream:75 - [STDERR_REDIRECT] [Fatal Error] :1:1: Premature end of file.
2025-06-11 21:15:22,474 [ERROR] LogOutputStream:75 - [STDERR_REDIRECT] 
2025-06-11 21:15:23,470 [ERROR] LogOutputStream:75 - [STDERR_REDIRECT] [Fatal Error] :1:1: Premature end of file.
2025-06-11 21:15:23,471 [ERROR] LogOutputStream:75 - [STDERR_REDIRECT] 
2025-06-11 21:15:24,476 [ERROR] LogOutputStream:75 - [STDERR_REDIRECT] [Fatal Error] :1:1: Premature end of file.
2025-06-11 21:15:24,476 [ERROR] LogOutputStream:75 - [STDERR_REDIRECT] 
2025-06-11 21:15:25,460 [ERROR] LogOutputStream:75 - [STDERR_REDIRECT] [Fatal Error] :1:1: Premature end of file.
2025-06-11 21:15:25,460 [ERROR] LogOutputStream:75 - [STDERR_REDIRECT] 
2025-06-11 21:15:26,468 [ERROR] LogOutputStream:75 - [STDERR_REDIRECT] [Fatal Error] :1:1: Premature end of file.
2025-06-11 21:15:26,468 [ERROR] LogOutputStream:75 - [STDERR_REDIRECT] 
2025-06-11 21:15:27,465 [ERROR] LogOutputStream:75 - [STDERR_REDIRECT] [Fatal Error] :1:1: Premature end of file.
2025-06-11 21:15:27,465 [ERROR] LogOutputStream:75 - [STDERR_REDIRECT] 
2025-06-11 21:15:28,479 [ERROR] LogOutputStream:75 - [STDERR_REDIRECT] [Fatal Error] :1:1: Premature end of file.
2025-06-11 21:15:28,479 [ERROR] LogOutputStream:75 - [STDERR_REDIRECT] 
2025-06-11 21:15:29,484 [ERROR] LogOutputStream:75 - [STDERR_REDIRECT] [Fatal Error] :1:1: Premature end of file.
2025-06-11 21:15:29,486 [ERROR] LogOutputStream:75 - [STDERR_REDIRECT] 
2025-06-11 21:15:30,501 [ERROR] LogOutputStream:75 - [STDERR_REDIRECT] [Fatal Error] :1:1: Premature end of file.
2025-06-11 21:15:30,501 [ERROR] LogOutputStream:75 - [STDERR_REDIRECT] 
2025-06-11 21:15:31,459 [ERROR] LogOutputStream:75 - [STDERR_REDIRECT] [Fatal Error] :1:1: Premature end of file.
2025-06-11 21:15:31,459 [ERROR] LogOutputStream:75 - [STDERR_REDIRECT] 
2025-06-11 21:15:32,386 [ERROR] LogOutputStream:75 - [STDERR_REDIRECT] [Fatal Error] :1:1: Premature end of file.
2025-06-11 21:15:32,386 [ERROR] LogOutputStream:75 - [STDERR_REDIRECT] 
2025-06-11 21:15:33,373 [ERROR] LogOutputStream:75 - [STDERR_REDIRECT] [Fatal Error] :1:1: Premature end of file.
2025-06-11 21:15:33,373 [ERROR] LogOutputStream:75 - [STDERR_REDIRECT] 
2025-06-11 21:15:34,475 [ERROR] LogOutputStream:75 - [STDERR_REDIRECT] [Fatal Error] :1:1: Premature end of file.
2025-06-11 21:15:34,476 [ERROR] LogOutputStream:75 - [STDERR_REDIRECT] 
2025-06-11 21:15:35,485 [ERROR] LogOutputStream:75 - [STDERR_REDIRECT] [Fatal Error] :1:1: Premature end of file.
2025-06-11 21:15:35,485 [ERROR] LogOutputStream:75 - [STDERR_REDIRECT] 
2025-06-11 21:15:36,476 [ERROR] LogOutputStream:75 - [STDERR_REDIRECT] [Fatal Error] :1:1: Premature end of file.
2025-06-11 21:15:36,476 [ERROR] LogOutputStream:75 - [STDERR_REDIRECT] 
2025-06-11 21:15:37,492 [ERROR] LogOutputStream:75 - [STDERR_REDIRECT] [Fatal Error] :1:1: Premature end of file.
2025-06-11 21:15:37,493 [ERROR] LogOutputStream:75 - [STDERR_REDIRECT] 
2025-06-11 21:15:38,484 [ERROR] LogOutputStream:75 - [STDERR_REDIRECT] [Fatal Error] :1:1: Premature end of file.
2025-06-11 21:15:38,485 [ERROR] LogOutputStream:75 - [STDERR_REDIRECT] 
2025-06-11 21:15:39,485 [ERROR] LogOutputStream:75 - [STDERR_REDIRECT] [Fatal Error] :1:1: Premature end of file.
2025-06-11 21:15:39,486 [ERROR] LogOutputStream:75 - [STDERR_REDIRECT] 
2025-06-11 21:15:40,489 [ERROR] LogOutputStream:75 - [STDERR_REDIRECT] [Fatal Error] :1:1: Premature end of file.
2025-06-11 21:15:40,490 [ERROR] LogOutputStream:75 - [STDERR_REDIRECT] 
2025-06-11 21:15:41,462 [ERROR] LogOutputStream:75 - [STDERR_REDIRECT] [Fatal Error] :1:1: Premature end of file.
2025-06-11 21:15:41,462 [ERROR] LogOutputStream:75 - [STDERR_REDIRECT] 
2025-06-11 21:15:42,488 [ERROR] LogOutputStream:75 - [STDERR_REDIRECT] [Fatal Error] :1:1: Premature end of file.
2025-06-11 21:15:42,489 [ERROR] LogOutputStream:75 - [STDERR_REDIRECT] 
2025-06-11 21:15:43,479 [ERROR] LogOutputStream:75 - [STDERR_REDIRECT] [Fatal Error] :1:1: Premature end of file.
2025-06-11 21:15:43,479 [ERROR] LogOutputStream:75 - [STDERR_REDIRECT] 
2025-06-11 21:15:44,472 [ERROR] LogOutputStream:75 - [STDERR_REDIRECT] [Fatal Error] :1:1: Premature end of file.
2025-06-11 21:15:44,472 [ERROR] LogOutputStream:75 - [STDERR_REDIRECT] 
2025-06-11 21:15:45,478 [ERROR] LogOutputStream:75 - [STDERR_REDIRECT] [Fatal Error] :1:1: Premature end of file.
2025-06-11 21:15:45,478 [ERROR] LogOutputStream:75 - [STDERR_REDIRECT] 
2025-06-11 21:15:46,496 [ERROR] LogOutputStream:75 - [STDERR_REDIRECT] [Fatal Error] :1:1: Premature end of file.
2025-06-11 21:15:46,498 [ERROR] LogOutputStream:75 - [STDERR_REDIRECT] 
2025-06-11 21:15:47,486 [ERROR] LogOutputStream:75 - [STDERR_REDIRECT] [Fatal Error] :1:1: Premature end of file.
2025-06-11 21:15:47,486 [ERROR] LogOutputStream:75 - [STDERR_REDIRECT] 
2025-06-11 21:15:48,489 [ERROR] LogOutputStream:75 - [STDERR_REDIRECT] [Fatal Error] :1:1: Premature end of file.
2025-06-11 21:15:48,489 [ERROR] LogOutputStream:75 - [STDERR_REDIRECT] 
2025-06-11 21:15:49,478 [ERROR] LogOutputStream:75 - [STDERR_REDIRECT] [Fatal Error] :1:1: Premature end of file.
2025-06-11 21:15:49,478 [ERROR] LogOutputStream:75 - [STDERR_REDIRECT] 
2025-06-11 21:15:50,486 [ERROR] LogOutputStream:75 - [STDERR_REDIRECT] [Fatal Error] :1:1: Premature end of file.
2025-06-11 21:15:50,487 [ERROR] LogOutputStream:75 - [STDERR_REDIRECT] 
2025-06-11 21:15:51,468 [ERROR] LogOutputStream:75 - [STDERR_REDIRECT] [Fatal Error] :1:1: Premature end of file.
2025-06-11 21:15:51,468 [ERROR] LogOutputStream:75 - [STDERR_REDIRECT] 
2025-06-11 21:15:52,476 [ERROR] LogOutputStream:75 - [STDERR_REDIRECT] [Fatal Error] :1:1: Premature end of file.
2025-06-11 21:15:52,476 [ERROR] LogOutputStream:75 - [STDERR_REDIRECT] 
2025-06-11 21:15:53,448 [ERROR] LogOutputStream:75 - [STDERR_REDIRECT] [Fatal Error] :1:1: Premature end of file.
2025-06-11 21:15:53,448 [ERROR] LogOutputStream:75 - [STDERR_REDIRECT] 
2025-06-11 21:15:54,374 [ERROR] LogOutputStream:75 - [STDERR_REDIRECT] [Fatal Error] :1:1: Premature end of file.
2025-06-11 21:15:54,374 [ERROR] LogOutputStream:75 - [STDERR_REDIRECT] 
2025-06-11 21:15:55,472 [ERROR] LogOutputStream:75 - [STDERR_REDIRECT] [Fatal Error] :1:1: Premature end of file.
2025-06-11 21:15:55,476 [ERROR] LogOutputStream:75 - [STDERR_REDIRECT] 
2025-06-11 21:15:56,487 [ERROR] LogOutputStream:75 - [STDERR_REDIRECT] [Fatal Error] :1:1: Premature end of file.
2025-06-11 21:15:56,487 [ERROR] LogOutputStream:75 - [STDERR_REDIRECT] 
2025-06-11 21:15:57,465 [ERROR] LogOutputStream:75 - [STDERR_REDIRECT] [Fatal Error] :1:1: Premature end of file.
2025-06-11 21:15:57,465 [ERROR] LogOutputStream:75 - [STDERR_REDIRECT] 
2025-06-11 21:15:58,491 [ERROR] LogOutputStream:75 - [STDERR_REDIRECT] [Fatal Error] :1:1: Premature end of file.
2025-06-11 21:15:58,491 [ERROR] LogOutputStream:75 - [STDERR_REDIRECT] 
2025-06-11 21:15:59,484 [ERROR] LogOutputStream:75 - [STDERR_REDIRECT] [Fatal Error] :1:1: Premature end of file.
2025-06-11 21:15:59,486 [ERROR] LogOutputStream:75 - [STDERR_REDIRECT] 
2025-06-11 21:16:00,490 [ERROR] LogOutputStream:75 - [STDERR_REDIRECT] [Fatal Error] :1:1: Premature end of file.
2025-06-11 21:16:00,490 [ERROR] LogOutputStream:75 - [STDERR_REDIRECT] 
2025-06-11 21:16:01,490 [ERROR] LogOutputStream:75 - [STDERR_REDIRECT] [Fatal Error] :1:1: Premature end of file.
2025-06-11 21:16:01,491 [ERROR] LogOutputStream:75 - [STDERR_REDIRECT] 
2025-06-11 21:16:02,498 [ERROR] LogOutputStream:75 - [STDERR_REDIRECT] [Fatal Error] :1:1: Premature end of file.
2025-06-11 21:16:02,498 [ERROR] LogOutputStream:75 - [STDERR_REDIRECT] 
2025-06-11 21:16:03,476 [ERROR] LogOutputStream:75 - [STDERR_REDIRECT] [Fatal Error] :1:1: Premature end of file.
2025-06-11 21:16:03,476 [ERROR] LogOutputStream:75 - [STDERR_REDIRECT] 
2025-06-11 21:16:04,490 [ERROR] LogOutputStream:75 - [STDERR_REDIRECT] [Fatal Error] :1:1: Premature end of file.
2025-06-11 21:16:04,491 [ERROR] LogOutputStream:75 - [STDERR_REDIRECT] 
2025-06-11 21:16:05,481 [ERROR] LogOutputStream:75 - [STDERR_REDIRECT] [Fatal Error] :1:1: Premature end of file.
2025-06-11 21:16:05,482 [ERROR] LogOutputStream:75 - [STDERR_REDIRECT] 
2025-06-11 21:16:06,478 [ERROR] LogOutputStream:75 - [STDERR_REDIRECT] [Fatal Error] :1:1: Premature end of file.
2025-06-11 21:16:06,480 [ERROR] LogOutputStream:75 - [STDERR_REDIRECT] 
2025-06-11 21:16:07,471 [ERROR] LogOutputStream:75 - [STDERR_REDIRECT] [Fatal Error] :1:1: Premature end of file.
2025-06-11 21:16:07,472 [ERROR] LogOutputStream:75 - [STDERR_REDIRECT] 
2025-06-11 21:16:08,489 [ERROR] LogOutputStream:75 - [STDERR_REDIRECT] [Fatal Error] :1:1: Premature end of file.
2025-06-11 21:16:08,490 [ERROR] LogOutputStream:75 - [STDERR_REDIRECT] 
2025-06-11 21:16:09,490 [ERROR] LogOutputStream:75 - [STDERR_REDIRECT] [Fatal Error] :1:1: Premature end of file.
2025-06-11 21:16:09,490 [ERROR] LogOutputStream:75 - [STDERR_REDIRECT] 
2025-06-11 21:16:10,474 [ERROR] LogOutputStream:75 - [STDERR_REDIRECT] [Fatal Error] :1:1: Premature end of file.
2025-06-11 21:16:10,474 [ERROR] LogOutputStream:75 - [STDERR_REDIRECT] 
2025-06-11 21:16:11,474 [ERROR] LogOutputStream:75 - [STDERR_REDIRECT] [Fatal Error] :1:1: Premature end of file.
2025-06-11 21:16:11,474 [ERROR] LogOutputStream:75 - [STDERR_REDIRECT] 
2025-06-11 21:16:12,489 [ERROR] LogOutputStream:75 - [STDERR_REDIRECT] [Fatal Error] :1:1: Premature end of file.
2025-06-11 21:16:12,489 [ERROR] LogOutputStream:75 - [STDERR_REDIRECT] 
2025-06-11 21:16:13,489 [ERROR] LogOutputStream:75 - [STDERR_REDIRECT] [Fatal Error] :1:1: Premature end of file.
2025-06-11 21:16:13,489 [ERROR] LogOutputStream:75 - [STDERR_REDIRECT] 
2025-06-11 21:16:14,468 [ERROR] LogOutputStream:75 - [STDERR_REDIRECT] [Fatal Error] :1:1: Premature end of file.
2025-06-11 21:16:14,468 [ERROR] LogOutputStream:75 - [STDERR_REDIRECT] 
2025-06-11 21:16:15,425 [ERROR] LogOutputStream:75 - [STDERR_REDIRECT] [Fatal Error] :1:1: Premature end of file.
2025-06-11 21:16:15,425 [ERROR] LogOutputStream:75 - [STDERR_REDIRECT] 
2025-06-11 21:16:16,475 [ERROR] LogOutputStream:75 - [STDERR_REDIRECT] [Fatal Error] :1:1: Premature end of file.
2025-06-11 21:16:16,476 [ERROR] LogOutputStream:75 - [STDERR_REDIRECT] 
2025-06-11 21:16:17,483 [ERROR] LogOutputStream:75 - [STDERR_REDIRECT] [Fatal Error] :1:1: Premature end of file.
2025-06-11 21:16:17,484 [ERROR] LogOutputStream:75 - [STDERR_REDIRECT] 
2025-06-11 21:16:18,489 [ERROR] LogOutputStream:75 - [STDERR_REDIRECT] [Fatal Error] :1:1: Premature end of file.
2025-06-11 21:16:18,490 [ERROR] LogOutputStream:75 - [STDERR_REDIRECT] 
2025-06-11 21:16:19,495 [ERROR] LogOutputStream:75 - [STDERR_REDIRECT] [Fatal Error] :1:1: Premature end of file.
2025-06-11 21:16:19,496 [ERROR] LogOutputStream:75 - [STDERR_REDIRECT] 
2025-06-11 21:16:20,488 [ERROR] LogOutputStream:75 - [STDERR_REDIRECT] [Fatal Error] :1:1: Premature end of file.
2025-06-11 21:16:20,488 [ERROR] LogOutputStream:75 - [STDERR_REDIRECT] 
2025-06-11 21:16:21,488 [ERROR] LogOutputStream:75 - [STDERR_REDIRECT] [Fatal Error] :1:1: Premature end of file.
2025-06-11 21:16:21,488 [ERROR] LogOutputStream:75 - [STDERR_REDIRECT] 
2025-06-11 21:16:22,483 [ERROR] LogOutputStream:75 - [STDERR_REDIRECT] [Fatal Error] :1:1: Premature end of file.
2025-06-11 21:16:22,484 [ERROR] LogOutputStream:75 - [STDERR_REDIRECT] 
2025-06-11 21:16:23,476 [ERROR] LogOutputStream:75 - [STDERR_REDIRECT] [Fatal Error] :1:1: Premature end of file.
2025-06-11 21:16:23,476 [ERROR] LogOutputStream:75 - [STDERR_REDIRECT] 
2025-06-11 21:16:24,470 [ERROR] LogOutputStream:75 - [STDERR_REDIRECT] [Fatal Error] :1:1: Premature end of file.
2025-06-11 21:16:24,471 [ERROR] LogOutputStream:75 - [STDERR_REDIRECT] 
2025-06-11 21:16:25,487 [ERROR] LogOutputStream:75 - [STDERR_REDIRECT] [Fatal Error] :1:1: Premature end of file.
2025-06-11 21:16:25,488 [ERROR] LogOutputStream:75 - [STDERR_REDIRECT] 
2025-06-11 21:16:26,487 [ERROR] LogOutputStream:75 - [STDERR_REDIRECT] [Fatal Error] :1:1: Premature end of file.
2025-06-11 21:16:26,487 [ERROR] LogOutputStream:75 - [STDERR_REDIRECT] 
2025-06-11 21:16:27,481 [ERROR] LogOutputStream:75 - [STDERR_REDIRECT] [Fatal Error] :1:1: Premature end of file.
2025-06-11 21:16:27,485 [ERROR] LogOutputStream:75 - [STDERR_REDIRECT] 
2025-06-11 21:16:28,502 [ERROR] LogOutputStream:75 - [STDERR_REDIRECT] [Fatal Error] :1:1: Premature end of file.
2025-06-11 21:16:28,503 [ERROR] LogOutputStream:75 - [STDERR_REDIRECT] 
2025-06-11 21:16:29,502 [ERROR] LogOutputStream:75 - [STDERR_REDIRECT] [Fatal Error] :1:1: Premature end of file.
2025-06-11 21:16:29,503 [ERROR] LogOutputStream:75 - [STDERR_REDIRECT] 
2025-06-11 21:16:30,511 [ERROR] LogOutputStream:75 - [STDERR_REDIRECT] [Fatal Error] :1:1: Premature end of file.
2025-06-11 21:16:30,511 [ERROR] LogOutputStream:75 - [STDERR_REDIRECT] 
2025-06-11 21:16:31,503 [ERROR] LogOutputStream:75 - [STDERR_REDIRECT] [Fatal Error] :1:1: Premature end of file.
2025-06-11 21:16:31,503 [ERROR] LogOutputStream:75 - [STDERR_REDIRECT] 
2025-06-11 21:16:32,499 [ERROR] LogOutputStream:75 - [STDERR_REDIRECT] [Fatal Error] :1:1: Premature end of file.
2025-06-11 21:16:32,500 [ERROR] LogOutputStream:75 - [STDERR_REDIRECT] 
2025-06-11 21:16:33,478 [ERROR] LogOutputStream:75 - [STDERR_REDIRECT] [Fatal Error] :1:1: Premature end of file.
2025-06-11 21:16:33,478 [ERROR] LogOutputStream:75 - [STDERR_REDIRECT] 
2025-06-11 21:16:34,374 [ERROR] LogOutputStream:75 - [STDERR_REDIRECT] [Fatal Error] :1:1: Premature end of file.
2025-06-11 21:16:34,374 [ERROR] LogOutputStream:75 - [STDERR_REDIRECT] 
2025-06-11 21:16:35,377 [ERROR] LogOutputStream:75 - [STDERR_REDIRECT] [Fatal Error] :1:1: Premature end of file.
2025-06-11 21:16:35,377 [ERROR] LogOutputStream:75 - [STDERR_REDIRECT] 
2025-06-11 21:16:36,437 [ERROR] LogOutputStream:75 - [STDERR_REDIRECT] [Fatal Error] :1:1: Premature end of file.
2025-06-11 21:16:36,437 [ERROR] LogOutputStream:75 - [STDERR_REDIRECT] 
2025-06-11 21:16:37,477 [ERROR] LogOutputStream:75 - [STDERR_REDIRECT] [Fatal Error] :1:1: Premature end of file.
2025-06-11 21:16:37,478 [ERROR] LogOutputStream:75 - [STDERR_REDIRECT] 
2025-06-11 21:16:38,488 [ERROR] LogOutputStream:75 - [STDERR_REDIRECT] [Fatal Error] :1:1: Premature end of file.
2025-06-11 21:16:38,489 [ERROR] LogOutputStream:75 - [STDERR_REDIRECT] 
2025-06-11 21:16:39,432 [ERROR] LogOutputStream:75 - [STDERR_REDIRECT] [Fatal Error] :1:1: Premature end of file.
2025-06-11 21:16:39,433 [ERROR] LogOutputStream:75 - [STDERR_REDIRECT] 
2025-06-11 21:16:40,493 [ERROR] LogOutputStream:75 - [STDERR_REDIRECT] [Fatal Error] :1:1: Premature end of file.
2025-06-11 21:16:40,494 [ERROR] LogOutputStream:75 - [STDERR_REDIRECT] 
2025-06-11 21:16:41,502 [ERROR] LogOutputStream:75 - [STDERR_REDIRECT] [Fatal Error] :1:1: Premature end of file.
2025-06-11 21:16:41,502 [ERROR] LogOutputStream:75 - [STDERR_REDIRECT] 
2025-06-11 21:16:42,490 [ERROR] LogOutputStream:75 - [STDERR_REDIRECT] [Fatal Error] :1:1: Premature end of file.
2025-06-11 21:16:42,490 [ERROR] LogOutputStream:75 - [STDERR_REDIRECT] 
2025-06-11 21:16:43,496 [ERROR] LogOutputStream:75 - [STDERR_REDIRECT] [Fatal Error] :1:1: Premature end of file.
2025-06-11 21:16:43,497 [ERROR] LogOutputStream:75 - [STDERR_REDIRECT] 
2025-06-11 21:16:44,489 [ERROR] LogOutputStream:75 - [STDERR_REDIRECT] [Fatal Error] :1:1: Premature end of file.
2025-06-11 21:16:44,490 [ERROR] LogOutputStream:75 - [STDERR_REDIRECT] 
2025-06-11 21:16:45,507 [ERROR] LogOutputStream:75 - [STDERR_REDIRECT] [Fatal Error] :1:1: Premature end of file.
2025-06-11 21:16:45,507 [ERROR] LogOutputStream:75 - [STDERR_REDIRECT] 
2025-06-11 21:16:46,492 [ERROR] LogOutputStream:75 - [STDERR_REDIRECT] [Fatal Error] :1:1: Premature end of file.
2025-06-11 21:16:46,493 [ERROR] LogOutputStream:75 - [STDERR_REDIRECT] 
2025-06-11 21:16:47,489 [ERROR] LogOutputStream:75 - [STDERR_REDIRECT] [Fatal Error] :1:1: Premature end of file.
2025-06-11 21:16:47,489 [ERROR] LogOutputStream:75 - [STDERR_REDIRECT] 
2025-06-11 21:16:48,487 [ERROR] LogOutputStream:75 - [STDERR_REDIRECT] [Fatal Error] :1:1: Premature end of file.
2025-06-11 21:16:48,488 [ERROR] LogOutputStream:75 - [STDERR_REDIRECT] 
2025-06-11 21:16:49,504 [ERROR] LogOutputStream:75 - [STDERR_REDIRECT] [Fatal Error] :1:1: Premature end of file.
2025-06-11 21:16:49,505 [ERROR] LogOutputStream:75 - [STDERR_REDIRECT] 
2025-06-11 21:16:50,490 [ERROR] LogOutputStream:75 - [STDERR_REDIRECT] [Fatal Error] :1:1: Premature end of file.
2025-06-11 21:16:50,491 [ERROR] LogOutputStream:75 - [STDERR_REDIRECT] 
2025-06-11 21:16:51,502 [ERROR] LogOutputStream:75 - [STDERR_REDIRECT] [Fatal Error] :1:1: Premature end of file.
2025-06-11 21:16:51,502 [ERROR] LogOutputStream:75 - [STDERR_REDIRECT] 
2025-06-11 21:16:52,492 [ERROR] LogOutputStream:75 - [STDERR_REDIRECT] [Fatal Error] :1:1: Premature end of file.
2025-06-11 21:16:52,492 [ERROR] LogOutputStream:75 - [STDERR_REDIRECT] 
2025-06-11 21:16:53,515 [ERROR] LogOutputStream:75 - [STDERR_REDIRECT] [Fatal Error] :1:1: Premature end of file.
2025-06-11 21:16:53,515 [ERROR] LogOutputStream:75 - [STDERR_REDIRECT] 
2025-06-11 21:16:54,489 [ERROR] LogOutputStream:75 - [STDERR_REDIRECT] [Fatal Error] :1:1: Premature end of file.
2025-06-11 21:16:54,489 [ERROR] LogOutputStream:75 - [STDERR_REDIRECT] 
2025-06-11 21:16:55,475 [ERROR] LogOutputStream:75 - [STDERR_REDIRECT] [Fatal Error] :1:1: Premature end of file.
2025-06-11 21:16:55,475 [ERROR] LogOutputStream:75 - [STDERR_REDIRECT] 
2025-06-11 21:16:56,484 [ERROR] LogOutputStream:75 - [STDERR_REDIRECT] [Fatal Error] :1:1: Premature end of file.
2025-06-11 21:16:56,485 [ERROR] LogOutputStream:75 - [STDERR_REDIRECT] 
2025-06-11 21:16:57,372 [ERROR] LogOutputStream:75 - [STDERR_REDIRECT] [Fatal Error] :1:1: Premature end of file.
2025-06-11 21:16:57,372 [ERROR] LogOutputStream:75 - [STDERR_REDIRECT] 
2025-06-11 21:16:58,489 [ERROR] LogOutputStream:75 - [STDERR_REDIRECT] [Fatal Error] :1:1: Premature end of file.
2025-06-11 21:16:58,490 [ERROR] LogOutputStream:75 - [STDERR_REDIRECT] 
2025-06-11 21:16:59,504 [ERROR] LogOutputStream:75 - [STDERR_REDIRECT] [Fatal Error] :1:1: Premature end of file.
2025-06-11 21:16:59,505 [ERROR] LogOutputStream:75 - [STDERR_REDIRECT] 
2025-06-11 21:17:00,499 [ERROR] LogOutputStream:75 - [STDERR_REDIRECT] [Fatal Error] :1:1: Premature end of file.
2025-06-11 21:17:00,500 [ERROR] LogOutputStream:75 - [STDERR_REDIRECT] 
2025-06-11 21:17:01,474 [ERROR] LogOutputStream:75 - [STDERR_REDIRECT] [Fatal Error] :1:1: Premature end of file.
2025-06-11 21:17:01,474 [ERROR] LogOutputStream:75 - [STDERR_REDIRECT] 
2025-06-11 21:17:02,490 [ERROR] LogOutputStream:75 - [STDERR_REDIRECT] [Fatal Error] :1:1: Premature end of file.
2025-06-11 21:17:02,491 [ERROR] LogOutputStream:75 - [STDERR_REDIRECT] 
2025-06-11 21:17:03,510 [ERROR] LogOutputStream:75 - [STDERR_REDIRECT] [Fatal Error] :1:1: Premature end of file.
2025-06-11 21:17:03,511 [ERROR] LogOutputStream:75 - [STDERR_REDIRECT] 
2025-06-11 21:17:04,494 [ERROR] LogOutputStream:75 - [STDERR_REDIRECT] [Fatal Error] :1:1: Premature end of file.
2025-06-11 21:17:04,495 [ERROR] LogOutputStream:75 - [STDERR_REDIRECT] 
2025-06-11 21:17:05,389 [ERROR] LogOutputStream:75 - [STDERR_REDIRECT] [Fatal Error] :1:1: Premature end of file.
2025-06-11 21:17:05,389 [ERROR] LogOutputStream:75 - [STDERR_REDIRECT] 
2025-06-11 21:17:06,454 [ERROR] LogOutputStream:75 - [STDERR_REDIRECT] [Fatal Error] :1:1: Premature end of file.
2025-06-11 21:17:06,454 [ERROR] LogOutputStream:75 - [STDERR_REDIRECT] 
2025-06-11 21:17:07,494 [ERROR] LogOutputStream:75 - [STDERR_REDIRECT] [Fatal Error] :1:1: Premature end of file.
2025-06-11 21:17:07,494 [ERROR] LogOutputStream:75 - [STDERR_REDIRECT] 
2025-06-11 21:17:08,489 [ERROR] LogOutputStream:75 - [STDERR_REDIRECT] [Fatal Error] :1:1: Premature end of file.
2025-06-11 21:17:08,490 [ERROR] LogOutputStream:75 - [STDERR_REDIRECT] 
2025-06-11 21:17:09,470 [ERROR] LogOutputStream:75 - [STDERR_REDIRECT] [Fatal Error] :1:1: Premature end of file.
2025-06-11 21:17:09,470 [ERROR] LogOutputStream:75 - [STDERR_REDIRECT] 
2025-06-11 21:17:10,495 [ERROR] LogOutputStream:75 - [STDERR_REDIRECT] [Fatal Error] :1:1: Premature end of file.
2025-06-11 21:17:10,495 [ERROR] LogOutputStream:75 - [STDERR_REDIRECT] 
2025-06-11 21:17:11,500 [ERROR] LogOutputStream:75 - [STDERR_REDIRECT] [Fatal Error] :1:1: Premature end of file.
2025-06-11 21:17:11,501 [ERROR] LogOutputStream:75 - [STDERR_REDIRECT] 
2025-06-11 21:17:12,508 [ERROR] LogOutputStream:75 - [STDERR_REDIRECT] [Fatal Error] :1:1: Premature end of file.
2025-06-11 21:17:12,508 [ERROR] LogOutputStream:75 - [STDERR_REDIRECT] 
2025-06-11 21:17:13,488 [ERROR] LogOutputStream:75 - [STDERR_REDIRECT] [Fatal Error] :1:1: Premature end of file.
2025-06-11 21:17:13,489 [ERROR] LogOutputStream:75 - [STDERR_REDIRECT] 
2025-06-11 21:17:14,482 [ERROR] LogOutputStream:75 - [STDERR_REDIRECT] [Fatal Error] :1:1: Premature end of file.
2025-06-11 21:17:14,485 [ERROR] LogOutputStream:75 - [STDERR_REDIRECT] 
2025-06-11 21:17:15,479 [ERROR] LogOutputStream:75 - [STDERR_REDIRECT] [Fatal Error] :1:1: Premature end of file.
2025-06-11 21:17:15,485 [ERROR] LogOutputStream:75 - [STDERR_REDIRECT] 
2025-06-11 21:17:16,474 [ERROR] LogOutputStream:75 - [STDERR_REDIRECT] [Fatal Error] :1:1: Premature end of file.
2025-06-11 21:17:16,474 [ERROR] LogOutputStream:75 - [STDERR_REDIRECT] 
2025-06-11 21:17:17,487 [ERROR] LogOutputStream:75 - [STDERR_REDIRECT] [Fatal Error] :1:1: Premature end of file.
2025-06-11 21:17:17,488 [ERROR] LogOutputStream:75 - [STDERR_REDIRECT] 
2025-06-11 21:17:18,489 [ERROR] LogOutputStream:75 - [STDERR_REDIRECT] [Fatal Error] :1:1: Premature end of file.
2025-06-11 21:17:18,490 [ERROR] LogOutputStream:75 - [STDERR_REDIRECT] 
2025-06-11 21:17:19,487 [ERROR] LogOutputStream:75 - [STDERR_REDIRECT] [Fatal Error] :1:1: Premature end of file.
2025-06-11 21:17:19,488 [ERROR] LogOutputStream:75 - [STDERR_REDIRECT] 
2025-06-11 21:17:20,488 [ERROR] LogOutputStream:75 - [STDERR_REDIRECT] [Fatal Error] :1:1: Premature end of file.
2025-06-11 21:17:20,490 [ERROR] LogOutputStream:75 - [STDERR_REDIRECT] 
2025-06-11 21:17:21,494 [ERROR] LogOutputStream:75 - [STDERR_REDIRECT] [Fatal Error] :1:1: Premature end of file.
2025-06-11 21:17:21,494 [ERROR] LogOutputStream:75 - [STDERR_REDIRECT] 
2025-06-11 21:17:22,502 [ERROR] LogOutputStream:75 - [STDERR_REDIRECT] [Fatal Error] :1:1: Premature end of file.
2025-06-11 21:17:22,502 [ERROR] LogOutputStream:75 - [STDERR_REDIRECT] 
2025-06-11 21:17:23,508 [ERROR] LogOutputStream:75 - [STDERR_REDIRECT] [Fatal Error] :1:1: Premature end of file.
2025-06-11 21:17:23,508 [ERROR] LogOutputStream:75 - [STDERR_REDIRECT] 
2025-06-11 21:17:24,516 [ERROR] LogOutputStream:75 - [STDERR_REDIRECT] [Fatal Error] :1:1: Premature end of file.
2025-06-11 21:17:24,516 [ERROR] LogOutputStream:75 - [STDERR_REDIRECT] 
2025-06-11 21:17:25,480 [ERROR] LogOutputStream:75 - [STDERR_REDIRECT] [Fatal Error] :1:1: Premature end of file.
2025-06-11 21:17:25,481 [ERROR] LogOutputStream:75 - [STDERR_REDIRECT] 
2025-06-11 21:17:26,478 [ERROR] LogOutputStream:75 - [STDERR_REDIRECT] [Fatal Error] :1:1: Premature end of file.
2025-06-11 21:17:26,478 [ERROR] LogOutputStream:75 - [STDERR_REDIRECT] 
2025-06-11 21:17:27,479 [ERROR] LogOutputStream:75 - [STDERR_REDIRECT] [Fatal Error] :1:1: Premature end of file.
2025-06-11 21:17:27,479 [ERROR] LogOutputStream:75 - [STDERR_REDIRECT] 
2025-06-11 21:17:28,485 [ERROR] LogOutputStream:75 - [STDERR_REDIRECT] [Fatal Error] :1:1: Premature end of file.
2025-06-11 21:17:28,486 [ERROR] LogOutputStream:75 - [STDERR_REDIRECT] 
2025-06-11 21:17:29,491 [ERROR] LogOutputStream:75 - [STDERR_REDIRECT] [Fatal Error] :1:1: Premature end of file.
2025-06-11 21:17:29,492 [ERROR] LogOutputStream:75 - [STDERR_REDIRECT] 
2025-06-11 21:17:30,490 [ERROR] LogOutputStream:75 - [STDERR_REDIRECT] [Fatal Error] :1:1: Premature end of file.
2025-06-11 21:17:30,490 [ERROR] LogOutputStream:75 - [STDERR_REDIRECT] 
2025-06-11 21:17:31,494 [ERROR] LogOutputStream:75 - [STDERR_REDIRECT] [Fatal Error] :1:1: Premature end of file.
2025-06-11 21:17:31,495 [ERROR] LogOutputStream:75 - [STDERR_REDIRECT] 
2025-06-11 21:17:32,490 [ERROR] LogOutputStream:75 - [STDERR_REDIRECT] [Fatal Error] :1:1: Premature end of file.
2025-06-11 21:17:32,491 [ERROR] LogOutputStream:75 - [STDERR_REDIRECT] 
2025-06-11 21:17:33,478 [ERROR] LogOutputStream:75 - [STDERR_REDIRECT] [Fatal Error] :1:1: Premature end of file.
2025-06-11 21:17:33,478 [ERROR] LogOutputStream:75 - [STDERR_REDIRECT] 
2025-06-11 21:17:34,467 [ERROR] LogOutputStream:75 - [STDERR_REDIRECT] [Fatal Error] :1:1: Premature end of file.
2025-06-11 21:17:34,468 [ERROR] LogOutputStream:75 - [STDERR_REDIRECT] 
2025-06-11 21:17:35,469 [ERROR] LogOutputStream:75 - [STDERR_REDIRECT] [Fatal Error] :1:1: Premature end of file.
2025-06-11 21:17:35,470 [ERROR] LogOutputStream:75 - [STDERR_REDIRECT] 
2025-06-11 21:17:36,496 [ERROR] LogOutputStream:75 - [STDERR_REDIRECT] [Fatal Error] :1:1: Premature end of file.
2025-06-11 21:17:36,496 [ERROR] LogOutputStream:75 - [STDERR_REDIRECT] 
2025-06-11 21:17:37,377 [ERROR] LogOutputStream:75 - [STDERR_REDIRECT] [Fatal Error] :1:1: Premature end of file.
2025-06-11 21:17:37,377 [ERROR] LogOutputStream:75 - [STDERR_REDIRECT] 
2025-06-11 21:17:38,385 [ERROR] LogOutputStream:75 - [STDERR_REDIRECT] [Fatal Error] :1:1: Premature end of file.
2025-06-11 21:17:38,385 [ERROR] LogOutputStream:75 - [STDERR_REDIRECT] 
2025-06-11 21:17:39,480 [ERROR] LogOutputStream:75 - [STDERR_REDIRECT] [Fatal Error] :1:1: Premature end of file.
2025-06-11 21:17:39,480 [ERROR] LogOutputStream:75 - [STDERR_REDIRECT] 
2025-06-11 21:17:40,478 [ERROR] LogOutputStream:75 - [STDERR_REDIRECT] [Fatal Error] :1:1: Premature end of file.
2025-06-11 21:17:40,479 [ERROR] LogOutputStream:75 - [STDERR_REDIRECT] 
2025-06-11 21:17:41,477 [ERROR] LogOutputStream:75 - [STDERR_REDIRECT] [Fatal Error] :1:1: Premature end of file.
2025-06-11 21:17:41,478 [ERROR] LogOutputStream:75 - [STDERR_REDIRECT] 
2025-06-11 21:17:42,472 [ERROR] LogOutputStream:75 - [STDERR_REDIRECT] [Fatal Error] :1:1: Premature end of file.
2025-06-11 21:17:42,472 [ERROR] LogOutputStream:75 - [STDERR_REDIRECT] 
2025-06-11 21:17:43,495 [ERROR] LogOutputStream:75 - [STDERR_REDIRECT] [Fatal Error] :1:1: Premature end of file.
2025-06-11 21:17:43,496 [ERROR] LogOutputStream:75 - [STDERR_REDIRECT] 
2025-06-11 21:17:44,497 [ERROR] LogOutputStream:75 - [STDERR_REDIRECT] [Fatal Error] :1:1: Premature end of file.
2025-06-11 21:17:44,499 [ERROR] LogOutputStream:75 - [STDERR_REDIRECT] 
2025-06-11 21:17:45,488 [ERROR] LogOutputStream:75 - [STDERR_REDIRECT] [Fatal Error] :1:1: Premature end of file.
2025-06-11 21:17:45,489 [ERROR] LogOutputStream:75 - [STDERR_REDIRECT] 
2025-06-11 21:17:46,500 [ERROR] LogOutputStream:75 - [STDERR_REDIRECT] [Fatal Error] :1:1: Premature end of file.
2025-06-11 21:17:46,501 [ERROR] LogOutputStream:75 - [STDERR_REDIRECT] 
2025-06-11 21:17:47,468 [ERROR] LogOutputStream:75 - [STDERR_REDIRECT] [Fatal Error] :1:1: Premature end of file.
2025-06-11 21:17:47,468 [ERROR] LogOutputStream:75 - [STDERR_REDIRECT] 
2025-06-11 21:17:48,492 [ERROR] LogOutputStream:75 - [STDERR_REDIRECT] [Fatal Error] :1:1: Premature end of file.
2025-06-11 21:17:48,492 [ERROR] LogOutputStream:75 - [STDERR_REDIRECT] 
2025-06-11 21:17:49,479 [ERROR] LogOutputStream:75 - [STDERR_REDIRECT] [Fatal Error] :1:1: Premature end of file.
2025-06-11 21:17:49,479 [ERROR] LogOutputStream:75 - [STDERR_REDIRECT] 
2025-06-11 21:17:50,489 [ERROR] LogOutputStream:75 - [STDERR_REDIRECT] [Fatal Error] :1:1: Premature end of file.
2025-06-11 21:17:50,489 [ERROR] LogOutputStream:75 - [STDERR_REDIRECT] 
2025-06-11 21:17:51,501 [ERROR] LogOutputStream:75 - [STDERR_REDIRECT] [Fatal Error] :1:1: Premature end of file.
2025-06-11 21:17:51,502 [ERROR] LogOutputStream:75 - [STDERR_REDIRECT] 
2025-06-11 21:17:52,486 [ERROR] LogOutputStream:75 - [STDERR_REDIRECT] [Fatal Error] :1:1: Premature end of file.
2025-06-11 21:17:52,486 [ERROR] LogOutputStream:75 - [STDERR_REDIRECT] 
2025-06-11 21:17:53,469 [ERROR] LogOutputStream:75 - [STDERR_REDIRECT] [Fatal Error] :1:1: Premature end of file.
2025-06-11 21:17:53,470 [ERROR] LogOutputStream:75 - [STDERR_REDIRECT] 
2025-06-11 21:17:54,473 [ERROR] LogOutputStream:75 - [STDERR_REDIRECT] [Fatal Error] :1:1: Premature end of file.
2025-06-11 21:17:54,473 [ERROR] LogOutputStream:75 - [STDERR_REDIRECT] 
2025-06-11 21:17:55,467 [ERROR] LogOutputStream:75 - [STDERR_REDIRECT] [Fatal Error] :1:1: Premature end of file.
2025-06-11 21:17:55,467 [ERROR] LogOutputStream:75 - [STDERR_REDIRECT] 
2025-06-11 21:17:56,492 [ERROR] LogOutputStream:75 - [STDERR_REDIRECT] [Fatal Error] :1:1: Premature end of file.
2025-06-11 21:17:56,493 [ERROR] LogOutputStream:75 - [STDERR_REDIRECT] 
2025-06-11 21:17:57,436 [ERROR] LogOutputStream:75 - [STDERR_REDIRECT] [Fatal Error] :1:1: Premature end of file.
2025-06-11 21:17:57,436 [ERROR] LogOutputStream:75 - [STDERR_REDIRECT] 
2025-06-11 21:17:58,509 [ERROR] LogOutputStream:75 - [STDERR_REDIRECT] [Fatal Error] :1:1: Premature end of file.
2025-06-11 21:17:58,510 [ERROR] LogOutputStream:75 - [STDERR_REDIRECT] 
2025-06-11 21:17:59,504 [ERROR] LogOutputStream:75 - [STDERR_REDIRECT] [Fatal Error] :1:1: Premature end of file.
2025-06-11 21:17:59,504 [ERROR] LogOutputStream:75 - [STDERR_REDIRECT] 
2025-06-11 21:18:00,480 [ERROR] LogOutputStream:75 - [STDERR_REDIRECT] [Fatal Error] :1:1: Premature end of file.
2025-06-11 21:18:00,487 [ERROR] LogOutputStream:75 - [STDERR_REDIRECT] 
2025-06-11 21:18:01,509 [ERROR] LogOutputStream:75 - [STDERR_REDIRECT] [Fatal Error] :1:1: Premature end of file.
2025-06-11 21:18:01,509 [ERROR] LogOutputStream:75 - [STDERR_REDIRECT] 
2025-06-11 21:18:02,510 [ERROR] LogOutputStream:75 - [STDERR_REDIRECT] [Fatal Error] :1:1: Premature end of file.
2025-06-11 21:18:02,510 [ERROR] LogOutputStream:75 - [STDERR_REDIRECT] 
2025-06-11 21:18:03,489 [ERROR] LogOutputStream:75 - [STDERR_REDIRECT] [Fatal Error] :1:1: Premature end of file.
2025-06-11 21:18:03,490 [ERROR] LogOutputStream:75 - [STDERR_REDIRECT] 
2025-06-11 21:18:04,491 [ERROR] LogOutputStream:75 - [STDERR_REDIRECT] [Fatal Error] :1:1: Premature end of file.
2025-06-11 21:18:04,491 [ERROR] LogOutputStream:75 - [STDERR_REDIRECT] 
2025-06-11 21:18:05,493 [ERROR] LogOutputStream:75 - [STDERR_REDIRECT] [Fatal Error] :1:1: Premature end of file.
2025-06-11 21:18:05,494 [ERROR] LogOutputStream:75 - [STDERR_REDIRECT] 
2025-06-11 21:18:06,469 [ERROR] LogOutputStream:75 - [STDERR_REDIRECT] [Fatal Error] :1:1: Premature end of file.
2025-06-11 21:18:06,469 [ERROR] LogOutputStream:75 - [STDERR_REDIRECT] 
2025-06-11 21:18:07,481 [ERROR] LogOutputStream:75 - [STDERR_REDIRECT] [Fatal Error] :1:1: Premature end of file.
2025-06-11 21:18:07,481 [ERROR] LogOutputStream:75 - [STDERR_REDIRECT] 
2025-06-11 21:18:08,487 [ERROR] LogOutputStream:75 - [STDERR_REDIRECT] [Fatal Error] :1:1: Premature end of file.
2025-06-11 21:18:08,488 [ERROR] LogOutputStream:75 - [STDERR_REDIRECT] 
2025-06-11 21:18:09,468 [ERROR] LogOutputStream:75 - [STDERR_REDIRECT] [Fatal Error] :1:1: Premature end of file.
2025-06-11 21:18:09,468 [ERROR] LogOutputStream:75 - [STDERR_REDIRECT] 
2025-06-11 21:18:10,497 [ERROR] LogOutputStream:75 - [STDERR_REDIRECT] [Fatal Error] :1:1: Premature end of file.
2025-06-11 21:18:10,498 [ERROR] LogOutputStream:75 - [STDERR_REDIRECT] 
2025-06-11 21:18:11,486 [ERROR] LogOutputStream:75 - [STDERR_REDIRECT] [Fatal Error] :1:1: Premature end of file.
2025-06-11 21:18:11,488 [ERROR] LogOutputStream:75 - [STDERR_REDIRECT] 
2025-06-11 21:18:12,492 [ERROR] LogOutputStream:75 - [STDERR_REDIRECT] [Fatal Error] :1:1: Premature end of file.
2025-06-11 21:18:12,492 [ERROR] LogOutputStream:75 - [STDERR_REDIRECT] 
2025-06-11 21:18:13,493 [ERROR] LogOutputStream:75 - [STDERR_REDIRECT] [Fatal Error] :1:1: Premature end of file.
2025-06-11 21:18:13,493 [ERROR] LogOutputStream:75 - [STDERR_REDIRECT] 
2025-06-11 21:18:14,498 [ERROR] LogOutputStream:75 - [STDERR_REDIRECT] [Fatal Error] :1:1: Premature end of file.
2025-06-11 21:18:14,499 [ERROR] LogOutputStream:75 - [STDERR_REDIRECT] 
2025-06-11 21:18:15,472 [ERROR] LogOutputStream:75 - [STDERR_REDIRECT] [Fatal Error] :1:1: Premature end of file.
2025-06-11 21:18:15,472 [ERROR] LogOutputStream:75 - [STDERR_REDIRECT] 
2025-06-11 21:18:16,481 [ERROR] LogOutputStream:75 - [STDERR_REDIRECT] [Fatal Error] :1:1: Premature end of file.
2025-06-11 21:18:16,481 [ERROR] LogOutputStream:75 - [STDERR_REDIRECT] 
2025-06-11 21:18:17,486 [ERROR] LogOutputStream:75 - [STDERR_REDIRECT] [Fatal Error] :1:1: Premature end of file.
2025-06-11 21:18:17,488 [ERROR] LogOutputStream:75 - [STDERR_REDIRECT] 
2025-06-11 21:18:18,495 [ERROR] LogOutputStream:75 - [STDERR_REDIRECT] [Fatal Error] :1:1: Premature end of file.
2025-06-11 21:18:18,497 [ERROR] LogOutputStream:75 - [STDERR_REDIRECT] 
2025-06-11 21:18:19,467 [ERROR] LogOutputStream:75 - [STDERR_REDIRECT] [Fatal Error] :1:1: Premature end of file.
2025-06-11 21:18:19,467 [ERROR] LogOutputStream:75 - [STDERR_REDIRECT] 
2025-06-11 21:18:20,493 [ERROR] LogOutputStream:75 - [STDERR_REDIRECT] [Fatal Error] :1:1: Premature end of file.
2025-06-11 21:18:20,493 [ERROR] LogOutputStream:75 - [STDERR_REDIRECT] 
2025-06-11 21:18:21,492 [ERROR] LogOutputStream:75 - [STDERR_REDIRECT] [Fatal Error] :1:1: Premature end of file.
2025-06-11 21:18:21,492 [ERROR] LogOutputStream:75 - [STDERR_REDIRECT] 
2025-06-11 21:18:22,517 [ERROR] LogOutputStream:75 - [STDERR_REDIRECT] [Fatal Error] :1:1: Premature end of file.
2025-06-11 21:18:22,518 [ERROR] LogOutputStream:75 - [STDERR_REDIRECT] 
2025-06-11 21:18:23,504 [ERROR] LogOutputStream:75 - [STDERR_REDIRECT] [Fatal Error] :1:1: Premature end of file.
2025-06-11 21:18:23,505 [ERROR] LogOutputStream:75 - [STDERR_REDIRECT] 
2025-06-11 21:18:24,489 [ERROR] LogOutputStream:75 - [STDERR_REDIRECT] [Fatal Error] :1:1: Premature end of file.
2025-06-11 21:18:24,490 [ERROR] LogOutputStream:75 - [STDERR_REDIRECT] 
2025-06-11 21:18:25,488 [ERROR] LogOutputStream:75 - [STDERR_REDIRECT] [Fatal Error] :1:1: Premature end of file.
2025-06-11 21:18:25,489 [ERROR] LogOutputStream:75 - [STDERR_REDIRECT] 
2025-06-11 21:18:26,487 [ERROR] LogOutputStream:75 - [STDERR_REDIRECT] [Fatal Error] :1:1: Premature end of file.
2025-06-11 21:18:26,488 [ERROR] LogOutputStream:75 - [STDERR_REDIRECT] 
2025-06-11 21:18:27,439 [ERROR] LogOutputStream:75 - [STDERR_REDIRECT] [Fatal Error] :1:1: Premature end of file.
2025-06-11 21:18:27,439 [ERROR] LogOutputStream:75 - [STDERR_REDIRECT] 
2025-06-11 21:18:28,504 [ERROR] LogOutputStream:75 - [STDERR_REDIRECT] [Fatal Error] :1:1: Premature end of file.
2025-06-11 21:18:28,504 [ERROR] LogOutputStream:75 - [STDERR_REDIRECT] 
2025-06-11 21:18:29,500 [ERROR] LogOutputStream:75 - [STDERR_REDIRECT] [Fatal Error] :1:1: Premature end of file.
2025-06-11 21:18:29,500 [ERROR] LogOutputStream:75 - [STDERR_REDIRECT] 
2025-06-11 21:18:30,499 [ERROR] LogOutputStream:75 - [STDERR_REDIRECT] [Fatal Error] :1:1: Premature end of file.
2025-06-11 21:18:30,500 [ERROR] LogOutputStream:75 - [STDERR_REDIRECT] 
2025-06-11 21:18:31,490 [ERROR] LogOutputStream:75 - [STDERR_REDIRECT] [Fatal Error] :1:1: Premature end of file.
2025-06-11 21:18:31,491 [ERROR] LogOutputStream:75 - [STDERR_REDIRECT] 
2025-06-11 21:18:32,494 [ERROR] LogOutputStream:75 - [STDERR_REDIRECT] [Fatal Error] :1:1: Premature end of file.
2025-06-11 21:18:32,494 [ERROR] LogOutputStream:75 - [STDERR_REDIRECT] 
2025-06-11 21:18:33,507 [ERROR] LogOutputStream:75 - [STDERR_REDIRECT] [Fatal Error] :1:1: Premature end of file.
2025-06-11 21:18:33,509 [ERROR] LogOutputStream:75 - [STDERR_REDIRECT] 
2025-06-11 21:18:34,471 [ERROR] LogOutputStream:75 - [STDERR_REDIRECT] [Fatal Error] :1:1: Premature end of file.
2025-06-11 21:18:34,471 [ERROR] LogOutputStream:75 - [STDERR_REDIRECT] 
2025-06-11 21:18:35,477 [ERROR] LogOutputStream:75 - [STDERR_REDIRECT] [Fatal Error] :1:1: Premature end of file.
2025-06-11 21:18:35,478 [ERROR] LogOutputStream:75 - [STDERR_REDIRECT] 
2025-06-11 21:18:36,483 [ERROR] LogOutputStream:75 - [STDERR_REDIRECT] [Fatal Error] :1:1: Premature end of file.
2025-06-11 21:18:36,484 [ERROR] LogOutputStream:75 - [STDERR_REDIRECT] 
2025-06-11 21:18:37,489 [ERROR] LogOutputStream:75 - [STDERR_REDIRECT] [Fatal Error] :1:1: Premature end of file.
2025-06-11 21:18:37,490 [ERROR] LogOutputStream:75 - [STDERR_REDIRECT] 
2025-06-11 21:18:38,469 [ERROR] LogOutputStream:75 - [STDERR_REDIRECT] [Fatal Error] :1:1: Premature end of file.
2025-06-11 21:18:38,469 [ERROR] LogOutputStream:75 - [STDERR_REDIRECT] 
2025-06-11 21:18:39,369 [ERROR] LogOutputStream:75 - [STDERR_REDIRECT] [Fatal Error] :1:1: Premature end of file.
2025-06-11 21:18:39,369 [ERROR] LogOutputStream:75 - [STDERR_REDIRECT] 
2025-06-11 21:18:40,383 [ERROR] LogOutputStream:75 - [STDERR_REDIRECT] [Fatal Error] :1:1: Premature end of file.
2025-06-11 21:18:40,383 [ERROR] LogOutputStream:75 - [STDERR_REDIRECT] 
2025-06-11 21:18:41,391 [ERROR] LogOutputStream:75 - [STDERR_REDIRECT] [Fatal Error] :1:1: Premature end of file.
2025-06-11 21:18:41,391 [ERROR] LogOutputStream:75 - [STDERR_REDIRECT] 
2025-06-11 21:18:42,500 [ERROR] LogOutputStream:75 - [STDERR_REDIRECT] [Fatal Error] :1:1: Premature end of file.
2025-06-11 21:18:42,501 [ERROR] LogOutputStream:75 - [STDERR_REDIRECT] 
2025-06-11 21:18:43,486 [ERROR] LogOutputStream:75 - [STDERR_REDIRECT] [Fatal Error] :1:1: Premature end of file.
2025-06-11 21:18:43,488 [ERROR] LogOutputStream:75 - [STDERR_REDIRECT] 
2025-06-11 21:18:44,501 [ERROR] LogOutputStream:75 - [STDERR_REDIRECT] [Fatal Error] :1:1: Premature end of file.
2025-06-11 21:18:44,502 [ERROR] LogOutputStream:75 - [STDERR_REDIRECT] 
2025-06-11 21:18:45,478 [ERROR] LogOutputStream:75 - [STDERR_REDIRECT] [Fatal Error] :1:1: Premature end of file.
2025-06-11 21:18:45,480 [ERROR] LogOutputStream:75 - [STDERR_REDIRECT] 
2025-06-11 21:18:46,477 [ERROR] LogOutputStream:75 - [STDERR_REDIRECT] [Fatal Error] :1:1: Premature end of file.
2025-06-11 21:18:46,477 [ERROR] LogOutputStream:75 - [STDERR_REDIRECT] 
2025-06-11 21:18:47,475 [ERROR] LogOutputStream:75 - [STDERR_REDIRECT] [Fatal Error] :1:1: Premature end of file.
2025-06-11 21:18:47,476 [ERROR] LogOutputStream:75 - [STDERR_REDIRECT] 
2025-06-11 21:18:48,414 [ERROR] LogOutputStream:75 - [STDERR_REDIRECT] [Fatal Error] :1:1: Premature end of file.
2025-06-11 21:18:48,414 [ERROR] LogOutputStream:75 - [STDERR_REDIRECT] 
2025-06-11 21:18:49,377 [ERROR] LogOutputStream:75 - [STDERR_REDIRECT] [Fatal Error] :1:1: Premature end of file.
2025-06-11 21:18:49,377 [ERROR] LogOutputStream:75 - [STDERR_REDIRECT] 
2025-06-11 21:18:50,382 [ERROR] LogOutputStream:75 - [STDERR_REDIRECT] [Fatal Error] :1:1: Premature end of file.
2025-06-11 21:18:50,383 [ERROR] LogOutputStream:75 - [STDERR_REDIRECT] 
2025-06-11 21:18:51,475 [ERROR] LogOutputStream:75 - [STDERR_REDIRECT] [Fatal Error] :1:1: Premature end of file.
2025-06-11 21:18:51,475 [ERROR] LogOutputStream:75 - [STDERR_REDIRECT] 
2025-06-11 21:18:52,506 [ERROR] LogOutputStream:75 - [STDERR_REDIRECT] [Fatal Error] :1:1: Premature end of file.
2025-06-11 21:18:52,507 [ERROR] LogOutputStream:75 - [STDERR_REDIRECT] 
2025-06-11 21:18:53,484 [ERROR] LogOutputStream:75 - [STDERR_REDIRECT] [Fatal Error] :1:1: Premature end of file.
2025-06-11 21:18:53,484 [ERROR] LogOutputStream:75 - [STDERR_REDIRECT] 
2025-06-11 21:18:54,494 [ERROR] LogOutputStream:75 - [STDERR_REDIRECT] [Fatal Error] :1:1: Premature end of file.
2025-06-11 21:18:54,494 [ERROR] LogOutputStream:75 - [STDERR_REDIRECT] 
2025-06-11 21:18:55,479 [ERROR] LogOutputStream:75 - [STDERR_REDIRECT] [Fatal Error] :1:1: Premature end of file.
2025-06-11 21:18:55,479 [ERROR] LogOutputStream:75 - [STDERR_REDIRECT] 
2025-06-11 21:18:56,487 [ERROR] LogOutputStream:75 - [STDERR_REDIRECT] [Fatal Error] :1:1: Premature end of file.
2025-06-11 21:18:56,487 [ERROR] LogOutputStream:75 - [STDERR_REDIRECT] 
2025-06-11 21:18:57,476 [ERROR] LogOutputStream:75 - [STDERR_REDIRECT] [Fatal Error] :1:1: Premature end of file.
2025-06-11 21:18:57,477 [ERROR] LogOutputStream:75 - [STDERR_REDIRECT] 
2025-06-11 21:18:58,475 [ERROR] LogOutputStream:75 - [STDERR_REDIRECT] [Fatal Error] :1:1: Premature end of file.
2025-06-11 21:18:58,475 [ERROR] LogOutputStream:75 - [STDERR_REDIRECT] 
2025-06-11 21:18:59,478 [ERROR] LogOutputStream:75 - [STDERR_REDIRECT] [Fatal Error] :1:1: Premature end of file.
2025-06-11 21:18:59,478 [ERROR] LogOutputStream:75 - [STDERR_REDIRECT] 
2025-06-11 21:19:00,488 [ERROR] LogOutputStream:75 - [STDERR_REDIRECT] [Fatal Error] :1:1: Premature end of file.
2025-06-11 21:19:00,488 [ERROR] LogOutputStream:75 - [STDERR_REDIRECT] 
2025-06-11 21:19:01,494 [ERROR] LogOutputStream:75 - [STDERR_REDIRECT] [Fatal Error] :1:1: Premature end of file.
2025-06-11 21:19:01,494 [ERROR] LogOutputStream:75 - [STDERR_REDIRECT] 
2025-06-11 21:19:02,493 [ERROR] LogOutputStream:75 - [STDERR_REDIRECT] [Fatal Error] :1:1: Premature end of file.
2025-06-11 21:19:02,493 [ERROR] LogOutputStream:75 - [STDERR_REDIRECT] 
2025-06-11 21:19:03,482 [ERROR] LogOutputStream:75 - [STDERR_REDIRECT] [Fatal Error] :1:1: Premature end of file.
2025-06-11 21:19:03,482 [ERROR] LogOutputStream:75 - [STDERR_REDIRECT] 
2025-06-11 21:19:04,490 [ERROR] LogOutputStream:75 - [STDERR_REDIRECT] [Fatal Error] :1:1: Premature end of file.
2025-06-11 21:19:04,490 [ERROR] LogOutputStream:75 - [STDERR_REDIRECT] 
2025-06-11 21:19:05,456 [ERROR] LogOutputStream:75 - [STDERR_REDIRECT] [Fatal Error] :1:1: Premature end of file.
2025-06-11 21:19:05,456 [ERROR] LogOutputStream:75 - [STDERR_REDIRECT] 
2025-06-11 21:19:06,483 [ERROR] LogOutputStream:75 - [STDERR_REDIRECT] [Fatal Error] :1:1: Premature end of file.
2025-06-11 21:19:06,483 [ERROR] LogOutputStream:75 - [STDERR_REDIRECT] 
2025-06-11 21:19:07,481 [ERROR] LogOutputStream:75 - [STDERR_REDIRECT] [Fatal Error] :1:1: Premature end of file.
2025-06-11 21:19:07,481 [ERROR] LogOutputStream:75 - [STDERR_REDIRECT] 
2025-06-11 21:19:08,497 [ERROR] LogOutputStream:75 - [STDERR_REDIRECT] [Fatal Error] :1:1: Premature end of file.
2025-06-11 21:19:08,499 [ERROR] LogOutputStream:75 - [STDERR_REDIRECT] 
2025-06-11 21:19:09,498 [ERROR] LogOutputStream:75 - [STDERR_REDIRECT] [Fatal Error] :1:1: Premature end of file.
2025-06-11 21:19:09,501 [ERROR] LogOutputStream:75 - [STDERR_REDIRECT] 
2025-06-11 21:19:10,489 [ERROR] LogOutputStream:75 - [STDERR_REDIRECT] [Fatal Error] :1:1: Premature end of file.
2025-06-11 21:19:10,490 [ERROR] LogOutputStream:75 - [STDERR_REDIRECT] 
2025-06-11 21:19:11,485 [ERROR] LogOutputStream:75 - [STDERR_REDIRECT] [Fatal Error] :1:1: Premature end of file.
2025-06-11 21:19:11,485 [ERROR] LogOutputStream:75 - [STDERR_REDIRECT] 
2025-06-11 21:19:12,489 [ERROR] LogOutputStream:75 - [STDERR_REDIRECT] [Fatal Error] :1:1: Premature end of file.
2025-06-11 21:19:12,489 [ERROR] LogOutputStream:75 - [STDERR_REDIRECT] 
2025-06-11 21:19:13,377 [ERROR] LogOutputStream:75 - [STDERR_REDIRECT] [Fatal Error] :1:1: Premature end of file.
2025-06-11 21:19:13,377 [ERROR] LogOutputStream:75 - [STDERR_REDIRECT] 
2025-06-11 21:19:14,499 [ERROR] LogOutputStream:75 - [STDERR_REDIRECT] [Fatal Error] :1:1: Premature end of file.
2025-06-11 21:19:14,500 [ERROR] LogOutputStream:75 - [STDERR_REDIRECT] 
2025-06-11 21:19:15,493 [ERROR] LogOutputStream:75 - [STDERR_REDIRECT] [Fatal Error] :1:1: Premature end of file.
2025-06-11 21:19:15,494 [ERROR] LogOutputStream:75 - [STDERR_REDIRECT] 
2025-06-11 21:19:16,501 [ERROR] LogOutputStream:75 - [STDERR_REDIRECT] [Fatal Error] :1:1: Premature end of file.
2025-06-11 21:19:16,501 [ERROR] LogOutputStream:75 - [STDERR_REDIRECT] 
2025-06-11 21:19:17,472 [ERROR] LogOutputStream:75 - [STDERR_REDIRECT] [Fatal Error] :1:1: Premature end of file.
2025-06-11 21:19:17,472 [ERROR] LogOutputStream:75 - [STDERR_REDIRECT] 
2025-06-11 21:19:18,488 [ERROR] LogOutputStream:75 - [STDERR_REDIRECT] [Fatal Error] :1:1: Premature end of file.
2025-06-11 21:19:18,488 [ERROR] LogOutputStream:75 - [STDERR_REDIRECT] 
2025-06-11 21:19:19,470 [ERROR] LogOutputStream:75 - [STDERR_REDIRECT] [Fatal Error] :1:1: Premature end of file.
2025-06-11 21:19:19,470 [ERROR] LogOutputStream:75 - [STDERR_REDIRECT] 
2025-06-11 21:19:20,487 [ERROR] LogOutputStream:75 - [STDERR_REDIRECT] [Fatal Error] :1:1: Premature end of file.
2025-06-11 21:19:20,488 [ERROR] LogOutputStream:75 - [STDERR_REDIRECT] 
2025-06-11 21:19:21,486 [ERROR] LogOutputStream:75 - [STDERR_REDIRECT] [Fatal Error] :1:1: Premature end of file.
2025-06-11 21:19:21,486 [ERROR] LogOutputStream:75 - [STDERR_REDIRECT] 
2025-06-11 21:19:22,506 [ERROR] LogOutputStream:75 - [STDERR_REDIRECT] [Fatal Error] :1:1: Premature end of file.
2025-06-11 21:19:22,506 [ERROR] LogOutputStream:75 - [STDERR_REDIRECT] 
2025-06-11 21:19:23,511 [ERROR] LogOutputStream:75 - [STDERR_REDIRECT] [Fatal Error] :1:1: Premature end of file.
2025-06-11 21:19:23,511 [ERROR] LogOutputStream:75 - [STDERR_REDIRECT] 
2025-06-11 21:19:24,495 [ERROR] LogOutputStream:75 - [STDERR_REDIRECT] [Fatal Error] :1:1: Premature end of file.
2025-06-11 21:19:24,495 [ERROR] LogOutputStream:75 - [STDERR_REDIRECT] 
2025-06-11 21:19:25,480 [ERROR] LogOutputStream:75 - [STDERR_REDIRECT] [Fatal Error] :1:1: Premature end of file.
2025-06-11 21:19:25,481 [ERROR] LogOutputStream:75 - [STDERR_REDIRECT] 
2025-06-11 21:19:26,475 [ERROR] LogOutputStream:75 - [STDERR_REDIRECT] [Fatal Error] :1:1: Premature end of file.
2025-06-11 21:19:26,475 [ERROR] LogOutputStream:75 - [STDERR_REDIRECT] 
2025-06-11 21:19:27,487 [ERROR] LogOutputStream:75 - [STDERR_REDIRECT] [Fatal Error] :1:1: Premature end of file.
2025-06-11 21:19:27,488 [ERROR] LogOutputStream:75 - [STDERR_REDIRECT] 
2025-06-11 21:19:28,502 [ERROR] LogOutputStream:75 - [STDERR_REDIRECT] [Fatal Error] :1:1: Premature end of file.
2025-06-11 21:19:28,503 [ERROR] LogOutputStream:75 - [STDERR_REDIRECT] 
2025-06-11 21:19:29,434 [ERROR] LogOutputStream:75 - [STDERR_REDIRECT] [Fatal Error] :1:1: Premature end of file.
2025-06-11 21:19:29,436 [ERROR] LogOutputStream:75 - [STDERR_REDIRECT] 
2025-06-11 21:19:30,413 [ERROR] LogOutputStream:75 - [STDERR_REDIRECT] [Fatal Error] :1:1: Premature end of file.
2025-06-11 21:19:30,413 [ERROR] LogOutputStream:75 - [STDERR_REDIRECT] 
2025-06-11 21:19:31,496 [ERROR] LogOutputStream:75 - [STDERR_REDIRECT] [Fatal Error] :1:1: Premature end of file.
2025-06-11 21:19:31,496 [ERROR] LogOutputStream:75 - [STDERR_REDIRECT] 
2025-06-11 21:19:32,482 [ERROR] LogOutputStream:75 - [STDERR_REDIRECT] [Fatal Error] :1:1: Premature end of file.
2025-06-11 21:19:32,484 [ERROR] LogOutputStream:75 - [STDERR_REDIRECT] 
2025-06-11 21:19:33,494 [ERROR] LogOutputStream:75 - [STDERR_REDIRECT] [Fatal Error] :1:1: Premature end of file.
2025-06-11 21:19:33,494 [ERROR] LogOutputStream:75 - [STDERR_REDIRECT] 
2025-06-11 21:19:34,500 [ERROR] LogOutputStream:75 - [STDERR_REDIRECT] [Fatal Error] :1:1: Premature end of file.
2025-06-11 21:19:34,501 [ERROR] LogOutputStream:75 - [STDERR_REDIRECT] 
2025-06-11 21:19:35,492 [ERROR] LogOutputStream:75 - [STDERR_REDIRECT] [Fatal Error] :1:1: Premature end of file.
2025-06-11 21:19:35,493 [ERROR] LogOutputStream:75 - [STDERR_REDIRECT] 
2025-06-11 21:19:36,487 [ERROR] LogOutputStream:75 - [STDERR_REDIRECT] [Fatal Error] :1:1: Premature end of file.
2025-06-11 21:19:36,488 [ERROR] LogOutputStream:75 - [STDERR_REDIRECT] 
2025-06-11 21:19:37,483 [ERROR] LogOutputStream:75 - [STDERR_REDIRECT] [Fatal Error] :1:1: Premature end of file.
2025-06-11 21:19:37,484 [ERROR] LogOutputStream:75 - [STDERR_REDIRECT] 
2025-06-11 21:19:38,476 [ERROR] LogOutputStream:75 - [STDERR_REDIRECT] [Fatal Error] :1:1: Premature end of file.
2025-06-11 21:19:38,476 [ERROR] LogOutputStream:75 - [STDERR_REDIRECT] 
2025-06-11 21:19:39,484 [ERROR] LogOutputStream:75 - [STDERR_REDIRECT] [Fatal Error] :1:1: Premature end of file.
2025-06-11 21:19:39,485 [ERROR] LogOutputStream:75 - [STDERR_REDIRECT] 
2025-06-11 21:19:40,490 [ERROR] LogOutputStream:75 - [STDERR_REDIRECT] [Fatal Error] :1:1: Premature end of file.
2025-06-11 21:19:40,490 [ERROR] LogOutputStream:75 - [STDERR_REDIRECT] 
2025-06-11 21:19:41,465 [ERROR] LogOutputStream:75 - [STDERR_REDIRECT] [Fatal Error] :1:1: Premature end of file.
2025-06-11 21:19:41,465 [ERROR] LogOutputStream:75 - [STDERR_REDIRECT] 
2025-06-11 21:19:42,385 [ERROR] LogOutputStream:75 - [STDERR_REDIRECT] [Fatal Error] :1:1: Premature end of file.
2025-06-11 21:19:42,385 [ERROR] LogOutputStream:75 - [STDERR_REDIRECT] 
2025-06-11 21:19:43,371 [ERROR] LogOutputStream:75 - [STDERR_REDIRECT] [Fatal Error] :1:1: Premature end of file.
2025-06-11 21:19:43,371 [ERROR] LogOutputStream:75 - [STDERR_REDIRECT] 
2025-06-11 21:19:44,484 [ERROR] LogOutputStream:75 - [STDERR_REDIRECT] [Fatal Error] :1:1: Premature end of file.
2025-06-11 21:19:44,484 [ERROR] LogOutputStream:75 - [STDERR_REDIRECT] 
2025-06-11 21:19:45,488 [ERROR] LogOutputStream:75 - [STDERR_REDIRECT] [Fatal Error] :1:1: Premature end of file.
2025-06-11 21:19:45,488 [ERROR] LogOutputStream:75 - [STDERR_REDIRECT] 
2025-06-11 21:19:46,473 [ERROR] LogOutputStream:75 - [STDERR_REDIRECT] [Fatal Error] :1:1: Premature end of file.
2025-06-11 21:19:46,474 [ERROR] LogOutputStream:75 - [STDERR_REDIRECT] 
2025-06-11 21:19:47,478 [ERROR] LogOutputStream:75 - [STDERR_REDIRECT] [Fatal Error] :1:1: Premature end of file.
2025-06-11 21:19:47,478 [ERROR] LogOutputStream:75 - [STDERR_REDIRECT] 
2025-06-11 21:19:48,478 [ERROR] LogOutputStream:75 - [STDERR_REDIRECT] [Fatal Error] :1:1: Premature end of file.
2025-06-11 21:19:48,478 [ERROR] LogOutputStream:75 - [STDERR_REDIRECT] 
2025-06-11 21:19:49,482 [ERROR] LogOutputStream:75 - [STDERR_REDIRECT] [Fatal Error] :1:1: Premature end of file.
2025-06-11 21:19:49,483 [ERROR] LogOutputStream:75 - [STDERR_REDIRECT] 
2025-06-11 21:19:50,475 [ERROR] LogOutputStream:75 - [STDERR_REDIRECT] [Fatal Error] :1:1: Premature end of file.
2025-06-11 21:19:50,476 [ERROR] LogOutputStream:75 - [STDERR_REDIRECT] 
2025-06-11 21:19:51,468 [ERROR] LogOutputStream:75 - [STDERR_REDIRECT] [Fatal Error] :1:1: Premature end of file.
2025-06-11 21:19:51,468 [ERROR] LogOutputStream:75 - [STDERR_REDIRECT] 
2025-06-11 21:19:52,488 [ERROR] LogOutputStream:75 - [STDERR_REDIRECT] [Fatal Error] :1:1: Premature end of file.
2025-06-11 21:19:52,488 [ERROR] LogOutputStream:75 - [STDERR_REDIRECT] 
2025-06-11 21:19:53,477 [ERROR] LogOutputStream:75 - [STDERR_REDIRECT] [Fatal Error] :1:1: Premature end of file.
2025-06-11 21:19:53,477 [ERROR] LogOutputStream:75 - [STDERR_REDIRECT] 
2025-06-11 21:19:54,488 [ERROR] LogOutputStream:75 - [STDERR_REDIRECT] [Fatal Error] :1:1: Premature end of file.
2025-06-11 21:19:54,488 [ERROR] LogOutputStream:75 - [STDERR_REDIRECT] 
2025-06-11 21:19:55,506 [ERROR] LogOutputStream:75 - [STDERR_REDIRECT] [Fatal Error] :1:1: Premature end of file.
2025-06-11 21:19:55,506 [ERROR] LogOutputStream:75 - [STDERR_REDIRECT] 
2025-06-11 21:19:56,493 [ERROR] LogOutputStream:75 - [STDERR_REDIRECT] [Fatal Error] :1:1: Premature end of file.
2025-06-11 21:19:56,494 [ERROR] LogOutputStream:75 - [STDERR_REDIRECT] 
2025-06-11 21:19:57,505 [ERROR] LogOutputStream:75 - [STDERR_REDIRECT] [Fatal Error] :1:1: Premature end of file.
2025-06-11 21:19:57,506 [ERROR] LogOutputStream:75 - [STDERR_REDIRECT] 
2025-06-11 21:19:58,470 [ERROR] LogOutputStream:75 - [STDERR_REDIRECT] [Fatal Error] :1:1: Premature end of file.
2025-06-11 21:19:58,471 [ERROR] LogOutputStream:75 - [STDERR_REDIRECT] 
2025-06-11 21:19:59,500 [ERROR] LogOutputStream:75 - [STDERR_REDIRECT] [Fatal Error] :1:1: Premature end of file.
2025-06-11 21:19:59,501 [ERROR] LogOutputStream:75 - [STDERR_REDIRECT] 
2025-06-11 21:20:00,493 [ERROR] LogOutputStream:75 - [STDERR_REDIRECT] [Fatal Error] :1:1: Premature end of file.
2025-06-11 21:20:00,493 [ERROR] LogOutputStream:75 - [STDERR_REDIRECT] 
2025-06-11 21:20:01,492 [ERROR] LogOutputStream:75 - [STDERR_REDIRECT] [Fatal Error] :1:1: Premature end of file.
2025-06-11 21:20:01,493 [ERROR] LogOutputStream:75 - [STDERR_REDIRECT] 
2025-06-11 21:20:02,504 [ERROR] LogOutputStream:75 - [STDERR_REDIRECT] [Fatal Error] :1:1: Premature end of file.
2025-06-11 21:20:02,505 [ERROR] LogOutputStream:75 - [STDERR_REDIRECT] 
2025-06-11 21:20:03,500 [ERROR] LogOutputStream:75 - [STDERR_REDIRECT] [Fatal Error] :1:1: Premature end of file.
2025-06-11 21:20:03,500 [ERROR] LogOutputStream:75 - [STDERR_REDIRECT] 
2025-06-11 21:20:04,493 [ERROR] LogOutputStream:75 - [STDERR_REDIRECT] [Fatal Error] :1:1: Premature end of file.
2025-06-11 21:20:04,493 [ERROR] LogOutputStream:75 - [STDERR_REDIRECT] 
2025-06-11 21:20:05,508 [ERROR] LogOutputStream:75 - [STDERR_REDIRECT] [Fatal Error] :1:1: Premature end of file.
2025-06-11 21:20:05,508 [ERROR] LogOutputStream:75 - [STDERR_REDIRECT] 
2025-06-11 21:20:06,475 [ERROR] LogOutputStream:75 - [STDERR_REDIRECT] [Fatal Error] :1:1: Premature end of file.
2025-06-11 21:20:06,475 [ERROR] LogOutputStream:75 - [STDERR_REDIRECT] 
2025-06-11 21:20:07,471 [ERROR] LogOutputStream:75 - [STDERR_REDIRECT] [Fatal Error] :1:1: Premature end of file.
2025-06-11 21:20:07,472 [ERROR] LogOutputStream:75 - [STDERR_REDIRECT] 
2025-06-11 21:20:08,491 [ERROR] LogOutputStream:75 - [STDERR_REDIRECT] [Fatal Error] :1:1: Premature end of file.
2025-06-11 21:20:08,491 [ERROR] LogOutputStream:75 - [STDERR_REDIRECT] 
2025-06-11 21:20:09,486 [ERROR] LogOutputStream:75 - [STDERR_REDIRECT] [Fatal Error] :1:1: Premature end of file.
2025-06-11 21:20:09,486 [ERROR] LogOutputStream:75 - [STDERR_REDIRECT] 
2025-06-11 21:20:10,403 [ERROR] LogOutputStream:75 - [STDERR_REDIRECT] [Fatal Error] :1:1: Premature end of file.
2025-06-11 21:20:10,403 [ERROR] LogOutputStream:75 - [STDERR_REDIRECT] 
2025-06-11 21:20:11,509 [ERROR] LogOutputStream:75 - [STDERR_REDIRECT] [Fatal Error] :1:1: Premature end of file.
2025-06-11 21:20:11,510 [ERROR] LogOutputStream:75 - [STDERR_REDIRECT] 
2025-06-11 21:20:12,483 [ERROR] LogOutputStream:75 - [STDERR_REDIRECT] [Fatal Error] :1:1: Premature end of file.
2025-06-11 21:20:12,484 [ERROR] LogOutputStream:75 - [STDERR_REDIRECT] 
2025-06-11 21:20:13,449 [ERROR] LogOutputStream:75 - [STDERR_REDIRECT] [Fatal Error] :1:1: Premature end of file.
2025-06-11 21:20:13,450 [ERROR] LogOutputStream:75 - [STDERR_REDIRECT] 
2025-06-11 21:20:14,491 [ERROR] LogOutputStream:75 - [STDERR_REDIRECT] [Fatal Error] :1:1: Premature end of file.
2025-06-11 21:20:14,491 [ERROR] LogOutputStream:75 - [STDERR_REDIRECT] 
2025-06-11 21:20:15,405 [ERROR] LogOutputStream:75 - [STDERR_REDIRECT] [Fatal Error] :1:1: Premature end of file.
2025-06-11 21:20:15,406 [ERROR] LogOutputStream:75 - [STDERR_REDIRECT] 
2025-06-11 21:20:16,372 [ERROR] LogOutputStream:75 - [STDERR_REDIRECT] [Fatal Error] :1:1: Premature end of file.
2025-06-11 21:20:16,372 [ERROR] LogOutputStream:75 - [STDERR_REDIRECT] 
2025-06-11 21:20:17,381 [ERROR] LogOutputStream:75 - [STDERR_REDIRECT] [Fatal Error] :1:1: Premature end of file.
2025-06-11 21:20:17,381 [ERROR] LogOutputStream:75 - [STDERR_REDIRECT] 
2025-06-11 21:20:18,470 [ERROR] LogOutputStream:75 - [STDERR_REDIRECT] [Fatal Error] :1:1: Premature end of file.
2025-06-11 21:20:18,470 [ERROR] LogOutputStream:75 - [STDERR_REDIRECT] 
2025-06-11 21:20:19,495 [ERROR] LogOutputStream:75 - [STDERR_REDIRECT] [Fatal Error] :1:1: Premature end of file.
2025-06-11 21:20:19,496 [ERROR] LogOutputStream:75 - [STDERR_REDIRECT] 
2025-06-11 21:20:20,491 [ERROR] LogOutputStream:75 - [STDERR_REDIRECT] [Fatal Error] :1:1: Premature end of file.
2025-06-11 21:20:20,491 [ERROR] LogOutputStream:75 - [STDERR_REDIRECT] 
2025-06-11 21:20:21,504 [ERROR] LogOutputStream:75 - [STDERR_REDIRECT] [Fatal Error] :1:1: Premature end of file.
2025-06-11 21:20:21,504 [ERROR] LogOutputStream:75 - [STDERR_REDIRECT] 
2025-06-11 21:20:22,496 [ERROR] LogOutputStream:75 - [STDERR_REDIRECT] [Fatal Error] :1:1: Premature end of file.
2025-06-11 21:20:22,497 [ERROR] LogOutputStream:75 - [STDERR_REDIRECT] 
2025-06-11 21:20:23,506 [ERROR] LogOutputStream:75 - [STDERR_REDIRECT] [Fatal Error] :1:1: Premature end of file.
2025-06-11 21:20:23,508 [ERROR] LogOutputStream:75 - [STDERR_REDIRECT] 
2025-06-11 21:20:24,495 [ERROR] LogOutputStream:75 - [STDERR_REDIRECT] [Fatal Error] :1:1: Premature end of file.
2025-06-11 21:20:24,495 [ERROR] LogOutputStream:75 - [STDERR_REDIRECT] 
2025-06-11 21:20:25,510 [ERROR] LogOutputStream:75 - [STDERR_REDIRECT] [Fatal Error] :1:1: Premature end of file.
2025-06-11 21:20:25,510 [ERROR] LogOutputStream:75 - [STDERR_REDIRECT] 
2025-06-11 21:20:26,506 [ERROR] LogOutputStream:75 - [STDERR_REDIRECT] [Fatal Error] :1:1: Premature end of file.
2025-06-11 21:20:26,506 [ERROR] LogOutputStream:75 - [STDERR_REDIRECT] 
2025-06-11 21:20:27,499 [ERROR] LogOutputStream:75 - [STDERR_REDIRECT] [Fatal Error] :1:1: Premature end of file.
2025-06-11 21:20:27,499 [ERROR] LogOutputStream:75 - [STDERR_REDIRECT] 
2025-06-11 21:20:28,485 [ERROR] LogOutputStream:75 - [STDERR_REDIRECT] [Fatal Error] :1:1: Premature end of file.
2025-06-11 21:20:28,485 [ERROR] LogOutputStream:75 - [STDERR_REDIRECT] 
2025-06-11 21:20:29,480 [ERROR] LogOutputStream:75 - [STDERR_REDIRECT] [Fatal Error] :1:1: Premature end of file.
2025-06-11 21:20:29,481 [ERROR] LogOutputStream:75 - [STDERR_REDIRECT] 
2025-06-11 21:20:30,478 [ERROR] LogOutputStream:75 - [STDERR_REDIRECT] [Fatal Error] :1:1: Premature end of file.
2025-06-11 21:20:30,480 [ERROR] LogOutputStream:75 - [STDERR_REDIRECT] 
2025-06-11 21:20:31,471 [ERROR] LogOutputStream:75 - [STDERR_REDIRECT] [Fatal Error] :1:1: Premature end of file.
2025-06-11 21:20:31,471 [ERROR] LogOutputStream:75 - [STDERR_REDIRECT] 
2025-06-11 21:20:32,505 [ERROR] LogOutputStream:75 - [STDERR_REDIRECT] [Fatal Error] :1:1: Premature end of file.
2025-06-11 21:20:32,505 [ERROR] LogOutputStream:75 - [STDERR_REDIRECT] 
2025-06-11 21:20:33,499 [ERROR] LogOutputStream:75 - [STDERR_REDIRECT] [Fatal Error] :1:1: Premature end of file.
2025-06-11 21:20:33,500 [ERROR] LogOutputStream:75 - [STDERR_REDIRECT] 
2025-06-11 21:20:34,488 [ERROR] LogOutputStream:75 - [STDERR_REDIRECT] [Fatal Error] :1:1: Premature end of file.
2025-06-11 21:20:34,488 [ERROR] LogOutputStream:75 - [STDERR_REDIRECT] 
2025-06-11 21:20:35,486 [ERROR] LogOutputStream:75 - [STDERR_REDIRECT] [Fatal Error] :1:1: Premature end of file.
2025-06-11 21:20:35,487 [ERROR] LogOutputStream:75 - [STDERR_REDIRECT] 
2025-06-11 21:20:36,490 [ERROR] LogOutputStream:75 - [STDERR_REDIRECT] [Fatal Error] :1:1: Premature end of file.
2025-06-11 21:20:36,492 [ERROR] LogOutputStream:75 - [STDERR_REDIRECT] 
2025-06-11 21:20:37,476 [ERROR] LogOutputStream:75 - [STDERR_REDIRECT] [Fatal Error] :1:1: Premature end of file.
2025-06-11 21:20:37,476 [ERROR] LogOutputStream:75 - [STDERR_REDIRECT] 
2025-06-11 21:20:38,511 [ERROR] LogOutputStream:75 - [STDERR_REDIRECT] [Fatal Error] :1:1: Premature end of file.
2025-06-11 21:20:38,511 [ERROR] LogOutputStream:75 - [STDERR_REDIRECT] 
2025-06-11 21:20:39,481 [ERROR] LogOutputStream:75 - [STDERR_REDIRECT] [Fatal Error] :1:1: Premature end of file.
2025-06-11 21:20:39,482 [ERROR] LogOutputStream:75 - [STDERR_REDIRECT] 
2025-06-11 21:20:40,491 [ERROR] LogOutputStream:75 - [STDERR_REDIRECT] [Fatal Error] :1:1: Premature end of file.
2025-06-11 21:20:40,492 [ERROR] LogOutputStream:75 - [STDERR_REDIRECT] 
2025-06-11 21:20:41,487 [ERROR] LogOutputStream:75 - [STDERR_REDIRECT] [Fatal Error] :1:1: Premature end of file.
2025-06-11 21:20:41,488 [ERROR] LogOutputStream:75 - [STDERR_REDIRECT] 
2025-06-11 21:20:42,494 [ERROR] LogOutputStream:75 - [STDERR_REDIRECT] [Fatal Error] :1:1: Premature end of file.
2025-06-11 21:20:42,494 [ERROR] LogOutputStream:75 - [STDERR_REDIRECT] 
2025-06-11 21:20:43,494 [ERROR] LogOutputStream:75 - [STDERR_REDIRECT] [Fatal Error] :1:1: Premature end of file.
2025-06-11 21:20:43,495 [ERROR] LogOutputStream:75 - [STDERR_REDIRECT] 
2025-06-11 21:20:44,382 [ERROR] LogOutputStream:75 - [STDERR_REDIRECT] [Fatal Error] :1:1: Premature end of file.
2025-06-11 21:20:44,382 [ERROR] LogOutputStream:75 - [STDERR_REDIRECT] 
2025-06-11 21:20:45,382 [ERROR] LogOutputStream:75 - [STDERR_REDIRECT] [Fatal Error] :1:1: Premature end of file.
2025-06-11 21:20:45,382 [ERROR] LogOutputStream:75 - [STDERR_REDIRECT] 
2025-06-11 21:20:46,407 [ERROR] LogOutputStream:75 - [STDERR_REDIRECT] [Fatal Error] :1:1: Premature end of file.
2025-06-11 21:20:46,407 [ERROR] LogOutputStream:75 - [STDERR_REDIRECT] 
2025-06-11 21:20:47,470 [ERROR] LogOutputStream:75 - [STDERR_REDIRECT] [Fatal Error] :1:1: Premature end of file.
2025-06-11 21:20:47,470 [ERROR] LogOutputStream:75 - [STDERR_REDIRECT] 
2025-06-11 21:20:48,478 [ERROR] LogOutputStream:75 - [STDERR_REDIRECT] [Fatal Error] :1:1: Premature end of file.
2025-06-11 21:20:48,478 [ERROR] LogOutputStream:75 - [STDERR_REDIRECT] 
2025-06-11 21:20:49,479 [ERROR] LogOutputStream:75 - [STDERR_REDIRECT] [Fatal Error] :1:1: Premature end of file.
2025-06-11 21:20:49,484 [ERROR] LogOutputStream:75 - [STDERR_REDIRECT] 
2025-06-11 21:20:50,479 [ERROR] LogOutputStream:75 - [STDERR_REDIRECT] [Fatal Error] :1:1: Premature end of file.
2025-06-11 21:20:50,480 [ERROR] LogOutputStream:75 - [STDERR_REDIRECT] 
2025-06-11 21:20:51,478 [ERROR] LogOutputStream:75 - [STDERR_REDIRECT] [Fatal Error] :1:1: Premature end of file.
2025-06-11 21:20:51,478 [ERROR] LogOutputStream:75 - [STDERR_REDIRECT] 
2025-06-11 21:20:52,510 [ERROR] LogOutputStream:75 - [STDERR_REDIRECT] [Fatal Error] :1:1: Premature end of file.
2025-06-11 21:20:52,510 [ERROR] LogOutputStream:75 - [STDERR_REDIRECT] 
2025-06-11 21:20:53,493 [ERROR] LogOutputStream:75 - [STDERR_REDIRECT] [Fatal Error] :1:1: Premature end of file.
2025-06-11 21:20:53,494 [ERROR] LogOutputStream:75 - [STDERR_REDIRECT] 
2025-06-11 21:20:54,520 [ERROR] LogOutputStream:75 - [STDERR_REDIRECT] [Fatal Error] :1:1: Premature end of file.
2025-06-11 21:20:54,520 [ERROR] LogOutputStream:75 - [STDERR_REDIRECT] 
2025-06-11 21:20:55,494 [ERROR] LogOutputStream:75 - [STDERR_REDIRECT] [Fatal Error] :1:1: Premature end of file.
2025-06-11 21:20:55,494 [ERROR] LogOutputStream:75 - [STDERR_REDIRECT] 
2025-06-11 21:20:56,500 [ERROR] LogOutputStream:75 - [STDERR_REDIRECT] [Fatal Error] :1:1: Premature end of file.
2025-06-11 21:20:56,501 [ERROR] LogOutputStream:75 - [STDERR_REDIRECT] 
2025-06-11 21:20:57,490 [ERROR] LogOutputStream:75 - [STDERR_REDIRECT] [Fatal Error] :1:1: Premature end of file.
2025-06-11 21:20:57,492 [ERROR] LogOutputStream:75 - [STDERR_REDIRECT] 
2025-06-11 21:20:58,490 [ERROR] LogOutputStream:75 - [STDERR_REDIRECT] [Fatal Error] :1:1: Premature end of file.
2025-06-11 21:20:58,490 [ERROR] LogOutputStream:75 - [STDERR_REDIRECT] 
2025-06-11 21:20:59,494 [ERROR] LogOutputStream:75 - [STDERR_REDIRECT] [Fatal Error] :1:1: Premature end of file.
2025-06-11 21:20:59,494 [ERROR] LogOutputStream:75 - [STDERR_REDIRECT] 
2025-06-11 21:21:00,496 [ERROR] LogOutputStream:75 - [STDERR_REDIRECT] [Fatal Error] :1:1: Premature end of file.
2025-06-11 21:21:00,496 [ERROR] LogOutputStream:75 - [STDERR_REDIRECT] 
2025-06-11 21:21:01,409 [ERROR] LogOutputStream:75 - [STDERR_REDIRECT] [Fatal Error] :1:1: Premature end of file.
2025-06-11 21:21:01,409 [ERROR] LogOutputStream:75 - [STDERR_REDIRECT] 
2025-06-11 21:21:02,494 [ERROR] LogOutputStream:75 - [STDERR_REDIRECT] [Fatal Error] :1:1: Premature end of file.
2025-06-11 21:21:02,494 [ERROR] LogOutputStream:75 - [STDERR_REDIRECT] 
2025-06-11 21:21:03,444 [ERROR] LogOutputStream:75 - [STDERR_REDIRECT] [Fatal Error] :1:1: Premature end of file.
2025-06-11 21:21:03,444 [ERROR] LogOutputStream:75 - [STDERR_REDIRECT] 
2025-06-11 21:21:04,474 [ERROR] LogOutputStream:75 - [STDERR_REDIRECT] [Fatal Error] :1:1: Premature end of file.
2025-06-11 21:21:04,474 [ERROR] LogOutputStream:75 - [STDERR_REDIRECT] 
2025-06-11 21:21:05,478 [ERROR] LogOutputStream:75 - [STDERR_REDIRECT] [Fatal Error] :1:1: Premature end of file.
2025-06-11 21:21:05,478 [ERROR] LogOutputStream:75 - [STDERR_REDIRECT] 
2025-06-11 21:21:06,393 [ERROR] LogOutputStream:75 - [STDERR_REDIRECT] [Fatal Error] :1:1: Premature end of file.
2025-06-11 21:21:06,394 [ERROR] LogOutputStream:75 - [STDERR_REDIRECT] 
2025-06-11 21:21:07,489 [ERROR] LogOutputStream:75 - [STDERR_REDIRECT] [Fatal Error] :1:1: Premature end of file.
2025-06-11 21:21:07,489 [ERROR] LogOutputStream:75 - [STDERR_REDIRECT] 
2025-06-11 21:21:08,486 [ERROR] LogOutputStream:75 - [STDERR_REDIRECT] [Fatal Error] :1:1: Premature end of file.
2025-06-11 21:21:08,487 [ERROR] LogOutputStream:75 - [STDERR_REDIRECT] 
2025-06-11 21:21:09,466 [ERROR] LogOutputStream:75 - [STDERR_REDIRECT] [Fatal Error] :1:1: Premature end of file.
2025-06-11 21:21:09,468 [ERROR] LogOutputStream:75 - [STDERR_REDIRECT] 
2025-06-11 21:21:10,422 [ERROR] LogOutputStream:75 - [STDERR_REDIRECT] [Fatal Error] :1:1: Premature end of file.
2025-06-11 21:21:10,422 [ERROR] LogOutputStream:75 - [STDERR_REDIRECT] 
2025-06-11 21:21:11,487 [ERROR] LogOutputStream:75 - [STDERR_REDIRECT] [Fatal Error] :1:1: Premature end of file.
2025-06-11 21:21:11,488 [ERROR] LogOutputStream:75 - [STDERR_REDIRECT] 
2025-06-11 21:21:12,495 [ERROR] LogOutputStream:75 - [STDERR_REDIRECT] [Fatal Error] :1:1: Premature end of file.
2025-06-11 21:21:12,497 [ERROR] LogOutputStream:75 - [STDERR_REDIRECT] 
2025-06-11 21:21:13,410 [ERROR] LogOutputStream:75 - [STDERR_REDIRECT] [Fatal Error] :1:1: Premature end of file.
2025-06-11 21:21:13,410 [ERROR] LogOutputStream:75 - [STDERR_REDIRECT] 
2025-06-11 21:21:14,489 [ERROR] LogOutputStream:75 - [STDERR_REDIRECT] [Fatal Error] :1:1: Premature end of file.
2025-06-11 21:21:14,489 [ERROR] LogOutputStream:75 - [STDERR_REDIRECT] 
2025-06-11 21:21:15,484 [ERROR] LogOutputStream:75 - [STDERR_REDIRECT] [Fatal Error] :1:1: Premature end of file.
2025-06-11 21:21:15,484 [ERROR] LogOutputStream:75 - [STDERR_REDIRECT] 
2025-06-11 21:21:16,503 [ERROR] LogOutputStream:75 - [STDERR_REDIRECT] [Fatal Error] :1:1: Premature end of file.
2025-06-11 21:21:16,504 [ERROR] LogOutputStream:75 - [STDERR_REDIRECT] 
2025-06-11 21:21:17,491 [ERROR] LogOutputStream:75 - [STDERR_REDIRECT] [Fatal Error] :1:1: Premature end of file.
2025-06-11 21:21:17,491 [ERROR] LogOutputStream:75 - [STDERR_REDIRECT] 
2025-06-11 21:21:18,493 [ERROR] LogOutputStream:75 - [STDERR_REDIRECT] [Fatal Error] :1:1: Premature end of file.
2025-06-11 21:21:18,494 [ERROR] LogOutputStream:75 - [STDERR_REDIRECT] 
2025-06-11 21:21:19,477 [ERROR] LogOutputStream:75 - [STDERR_REDIRECT] [Fatal Error] :1:1: Premature end of file.
2025-06-11 21:21:19,477 [ERROR] LogOutputStream:75 - [STDERR_REDIRECT] 
2025-06-11 21:21:20,501 [ERROR] LogOutputStream:75 - [STDERR_REDIRECT] [Fatal Error] :1:1: Premature end of file.
2025-06-11 21:21:20,502 [ERROR] LogOutputStream:75 - [STDERR_REDIRECT] 
2025-06-11 21:21:21,468 [ERROR] LogOutputStream:75 - [STDERR_REDIRECT] [Fatal Error] :1:1: Premature end of file.
2025-06-11 21:21:21,468 [ERROR] LogOutputStream:75 - [STDERR_REDIRECT] 
2025-06-11 21:21:22,461 [ERROR] LogOutputStream:75 - [STDERR_REDIRECT] [Fatal Error] :1:1: Premature end of file.
2025-06-11 21:21:22,461 [ERROR] LogOutputStream:75 - [STDERR_REDIRECT] 
2025-06-11 21:21:23,377 [ERROR] LogOutputStream:75 - [STDERR_REDIRECT] [Fatal Error] :1:1: Premature end of file.
2025-06-11 21:21:23,378 [ERROR] LogOutputStream:75 - [STDERR_REDIRECT] 
2025-06-11 21:21:24,426 [ERROR] LogOutputStream:75 - [STDERR_REDIRECT] [Fatal Error] :1:1: Premature end of file.
2025-06-11 21:21:24,426 [ERROR] LogOutputStream:75 - [STDERR_REDIRECT] 
2025-06-11 21:21:25,506 [ERROR] LogOutputStream:75 - [STDERR_REDIRECT] [Fatal Error] :1:1: Premature end of file.
2025-06-11 21:21:25,506 [ERROR] LogOutputStream:75 - [STDERR_REDIRECT] 
2025-06-11 21:21:26,377 [ERROR] LogOutputStream:75 - [STDERR_REDIRECT] [Fatal Error] :1:1: Premature end of file.
2025-06-11 21:21:26,377 [ERROR] LogOutputStream:75 - [STDERR_REDIRECT] 
2025-06-11 21:21:27,481 [ERROR] LogOutputStream:75 - [STDERR_REDIRECT] [Fatal Error] :1:1: Premature end of file.
2025-06-11 21:21:27,481 [ERROR] LogOutputStream:75 - [STDERR_REDIRECT] 
2025-06-11 21:21:28,408 [ERROR] LogOutputStream:75 - [STDERR_REDIRECT] [Fatal Error] :1:1: Premature end of file.
2025-06-11 21:21:28,409 [ERROR] LogOutputStream:75 - [STDERR_REDIRECT] 
2025-06-11 21:21:29,474 [ERROR] LogOutputStream:75 - [STDERR_REDIRECT] [Fatal Error] :1:1: Premature end of file.
2025-06-11 21:21:29,475 [ERROR] LogOutputStream:75 - [STDERR_REDIRECT] 
2025-06-11 21:21:30,485 [ERROR] LogOutputStream:75 - [STDERR_REDIRECT] [Fatal Error] :1:1: Premature end of file.
2025-06-11 21:21:30,486 [ERROR] LogOutputStream:75 - [STDERR_REDIRECT] 
2025-06-11 21:21:31,476 [ERROR] LogOutputStream:75 - [STDERR_REDIRECT] [Fatal Error] :1:1: Premature end of file.
2025-06-11 21:21:31,476 [ERROR] LogOutputStream:75 - [STDERR_REDIRECT] 
2025-06-11 21:21:32,488 [ERROR] LogOutputStream:75 - [STDERR_REDIRECT] [Fatal Error] :1:1: Premature end of file.
2025-06-11 21:21:32,489 [ERROR] LogOutputStream:75 - [STDERR_REDIRECT] 
2025-06-11 21:21:33,486 [ERROR] LogOutputStream:75 - [STDERR_REDIRECT] [Fatal Error] :1:1: Premature end of file.
2025-06-11 21:21:33,487 [ERROR] LogOutputStream:75 - [STDERR_REDIRECT] 
2025-06-11 21:21:34,493 [ERROR] LogOutputStream:75 - [STDERR_REDIRECT] [Fatal Error] :1:1: Premature end of file.
2025-06-11 21:21:34,494 [ERROR] LogOutputStream:75 - [STDERR_REDIRECT] 
2025-06-11 21:21:35,489 [ERROR] LogOutputStream:75 - [STDERR_REDIRECT] [Fatal Error] :1:1: Premature end of file.
2025-06-11 21:21:35,489 [ERROR] LogOutputStream:75 - [STDERR_REDIRECT] 
2025-06-11 21:21:36,483 [ERROR] LogOutputStream:75 - [STDERR_REDIRECT] [Fatal Error] :1:1: Premature end of file.
2025-06-11 21:21:36,484 [ERROR] LogOutputStream:75 - [STDERR_REDIRECT] 
2025-06-11 21:21:37,498 [ERROR] LogOutputStream:75 - [STDERR_REDIRECT] [Fatal Error] :1:1: Premature end of file.
2025-06-11 21:21:37,502 [ERROR] LogOutputStream:75 - [STDERR_REDIRECT] 
2025-06-11 21:21:38,484 [ERROR] LogOutputStream:75 - [STDERR_REDIRECT] [Fatal Error] :1:1: Premature end of file.
2025-06-11 21:21:38,484 [ERROR] LogOutputStream:75 - [STDERR_REDIRECT] 
2025-06-11 21:21:39,477 [ERROR] LogOutputStream:75 - [STDERR_REDIRECT] [Fatal Error] :1:1: Premature end of file.
2025-06-11 21:21:39,478 [ERROR] LogOutputStream:75 - [STDERR_REDIRECT] 
2025-06-11 21:21:40,476 [ERROR] LogOutputStream:75 - [STDERR_REDIRECT] [Fatal Error] :1:1: Premature end of file.
2025-06-11 21:21:40,476 [ERROR] LogOutputStream:75 - [STDERR_REDIRECT] 
2025-06-11 21:21:41,477 [ERROR] LogOutputStream:75 - [STDERR_REDIRECT] [Fatal Error] :1:1: Premature end of file.
2025-06-11 21:21:41,478 [ERROR] LogOutputStream:75 - [STDERR_REDIRECT] 
2025-06-11 21:21:42,379 [ERROR] LogOutputStream:75 - [STDERR_REDIRECT] [Fatal Error] :1:1: Premature end of file.
2025-06-11 21:21:42,379 [ERROR] LogOutputStream:75 - [STDERR_REDIRECT] 
2025-06-11 21:21:43,493 [ERROR] LogOutputStream:75 - [STDERR_REDIRECT] [Fatal Error] :1:1: Premature end of file.
2025-06-11 21:21:43,493 [ERROR] LogOutputStream:75 - [STDERR_REDIRECT] 
2025-06-11 21:21:44,475 [ERROR] LogOutputStream:75 - [STDERR_REDIRECT] [Fatal Error] :1:1: Premature end of file.
2025-06-11 21:21:44,475 [ERROR] LogOutputStream:75 - [STDERR_REDIRECT] 
2025-06-11 21:21:45,388 [ERROR] LogOutputStream:75 - [STDERR_REDIRECT] [Fatal Error] :1:1: Premature end of file.
2025-06-11 21:21:45,388 [ERROR] LogOutputStream:75 - [STDERR_REDIRECT] 
2025-06-11 21:21:46,386 [ERROR] LogOutputStream:75 - [STDERR_REDIRECT] [Fatal Error] :1:1: Premature end of file.
2025-06-11 21:21:46,386 [ERROR] LogOutputStream:75 - [STDERR_REDIRECT] 
2025-06-11 21:21:47,389 [ERROR] LogOutputStream:75 - [STDERR_REDIRECT] [Fatal Error] :1:1: Premature end of file.
2025-06-11 21:21:47,389 [ERROR] LogOutputStream:75 - [STDERR_REDIRECT] 
2025-06-11 21:21:48,387 [ERROR] LogOutputStream:75 - [STDERR_REDIRECT] [Fatal Error] :1:1: Premature end of file.
2025-06-11 21:21:48,387 [ERROR] LogOutputStream:75 - [STDERR_REDIRECT] 
2025-06-11 21:21:49,470 [ERROR] LogOutputStream:75 - [STDERR_REDIRECT] [Fatal Error] :1:1: Premature end of file.
2025-06-11 21:21:49,470 [ERROR] LogOutputStream:75 - [STDERR_REDIRECT] 
2025-06-11 21:21:50,482 [ERROR] LogOutputStream:75 - [STDERR_REDIRECT] [Fatal Error] :1:1: Premature end of file.
2025-06-11 21:21:50,482 [ERROR] LogOutputStream:75 - [STDERR_REDIRECT] 
2025-06-11 21:21:51,482 [ERROR] LogOutputStream:75 - [STDERR_REDIRECT] [Fatal Error] :1:1: Premature end of file.
2025-06-11 21:21:51,482 [ERROR] LogOutputStream:75 - [STDERR_REDIRECT] 
2025-06-11 21:21:52,382 [ERROR] LogOutputStream:75 - [STDERR_REDIRECT] [Fatal Error] :1:1: Premature end of file.
2025-06-11 21:21:52,383 [ERROR] LogOutputStream:75 - [STDERR_REDIRECT] 
2025-06-11 21:21:53,368 [ERROR] LogOutputStream:75 - [STDERR_REDIRECT] [Fatal Error] :1:1: Premature end of file.
2025-06-11 21:21:53,368 [ERROR] LogOutputStream:75 - [STDERR_REDIRECT] 
2025-06-11 21:21:54,475 [ERROR] LogOutputStream:75 - [STDERR_REDIRECT] [Fatal Error] :1:1: Premature end of file.
2025-06-11 21:21:54,476 [ERROR] LogOutputStream:75 - [STDERR_REDIRECT] 
2025-06-11 21:21:55,369 [ERROR] LogOutputStream:75 - [STDERR_REDIRECT] [Fatal Error] :1:1: Premature end of file.
2025-06-11 21:21:55,370 [ERROR] LogOutputStream:75 - [STDERR_REDIRECT] 
2025-06-11 21:21:56,392 [ERROR] LogOutputStream:75 - [STDERR_REDIRECT] [Fatal Error] :1:1: Premature end of file.
2025-06-11 21:21:56,392 [ERROR] LogOutputStream:75 - [STDERR_REDIRECT] 
2025-06-11 21:21:57,482 [ERROR] LogOutputStream:75 - [STDERR_REDIRECT] [Fatal Error] :1:1: Premature end of file.
2025-06-11 21:21:57,482 [ERROR] LogOutputStream:75 - [STDERR_REDIRECT] 
2025-06-11 21:21:58,405 [ERROR] LogOutputStream:75 - [STDERR_REDIRECT] [Fatal Error] :1:1: Premature end of file.
2025-06-11 21:21:58,405 [ERROR] LogOutputStream:75 - [STDERR_REDIRECT] 
2025-06-11 21:21:59,461 [ERROR] LogOutputStream:75 - [STDERR_REDIRECT] [Fatal Error] :1:1: Premature end of file.
2025-06-11 21:21:59,462 [ERROR] LogOutputStream:75 - [STDERR_REDIRECT] 
2025-06-11 21:22:00,372 [ERROR] LogOutputStream:75 - [STDERR_REDIRECT] [Fatal Error] :1:1: Premature end of file.
2025-06-11 21:22:00,372 [ERROR] LogOutputStream:75 - [STDERR_REDIRECT] 
2025-06-11 21:22:01,461 [ERROR] LogOutputStream:75 - [STDERR_REDIRECT] [Fatal Error] :1:1: Premature end of file.
2025-06-11 21:22:01,462 [ERROR] LogOutputStream:75 - [STDERR_REDIRECT] 
2025-06-11 21:22:02,481 [ERROR] LogOutputStream:75 - [STDERR_REDIRECT] [Fatal Error] :1:1: Premature end of file.
2025-06-11 21:22:02,481 [ERROR] LogOutputStream:75 - [STDERR_REDIRECT] 
2025-06-11 21:22:03,430 [ERROR] LogOutputStream:75 - [STDERR_REDIRECT] [Fatal Error] :1:1: Premature end of file.
2025-06-11 21:22:03,432 [ERROR] LogOutputStream:75 - [STDERR_REDIRECT] 
2025-06-11 21:22:04,480 [ERROR] LogOutputStream:75 - [STDERR_REDIRECT] [Fatal Error] :1:1: Premature end of file.
2025-06-11 21:22:04,481 [ERROR] LogOutputStream:75 - [STDERR_REDIRECT] 
2025-06-11 21:22:05,477 [ERROR] LogOutputStream:75 - [STDERR_REDIRECT] [Fatal Error] :1:1: Premature end of file.
2025-06-11 21:22:05,477 [ERROR] LogOutputStream:75 - [STDERR_REDIRECT] 
2025-06-11 21:22:06,451 [ERROR] LogOutputStream:75 - [STDERR_REDIRECT] [Fatal Error] :1:1: Premature end of file.
2025-06-11 21:22:06,451 [ERROR] LogOutputStream:75 - [STDERR_REDIRECT] 
2025-06-11 21:22:07,488 [ERROR] LogOutputStream:75 - [STDERR_REDIRECT] [Fatal Error] :1:1: Premature end of file.
2025-06-11 21:22:07,488 [ERROR] LogOutputStream:75 - [STDERR_REDIRECT] 
2025-06-11 21:22:08,459 [ERROR] LogOutputStream:75 - [STDERR_REDIRECT] [Fatal Error] :1:1: Premature end of file.
2025-06-11 21:22:08,459 [ERROR] LogOutputStream:75 - [STDERR_REDIRECT] 
2025-06-11 21:22:09,429 [ERROR] LogOutputStream:75 - [STDERR_REDIRECT] [Fatal Error] :1:1: Premature end of file.
2025-06-11 21:22:09,429 [ERROR] LogOutputStream:75 - [STDERR_REDIRECT] 
2025-06-11 21:22:10,474 [ERROR] LogOutputStream:75 - [STDERR_REDIRECT] [Fatal Error] :1:1: Premature end of file.
2025-06-11 21:22:10,474 [ERROR] LogOutputStream:75 - [STDERR_REDIRECT] 
2025-06-11 21:22:11,466 [ERROR] LogOutputStream:75 - [STDERR_REDIRECT] [Fatal Error] :1:1: Premature end of file.
2025-06-11 21:22:11,467 [ERROR] LogOutputStream:75 - [STDERR_REDIRECT] 
2025-06-11 21:22:12,466 [ERROR] LogOutputStream:75 - [STDERR_REDIRECT] [Fatal Error] :1:1: Premature end of file.
2025-06-11 21:22:12,466 [ERROR] LogOutputStream:75 - [STDERR_REDIRECT] 
2025-06-11 21:22:13,473 [ERROR] LogOutputStream:75 - [STDERR_REDIRECT] [Fatal Error] :1:1: Premature end of file.
2025-06-11 21:22:13,473 [ERROR] LogOutputStream:75 - [STDERR_REDIRECT] 
2025-06-11 21:22:14,491 [ERROR] LogOutputStream:75 - [STDERR_REDIRECT] [Fatal Error] :1:1: Premature end of file.
2025-06-11 21:22:14,491 [ERROR] LogOutputStream:75 - [STDERR_REDIRECT] 
2025-06-11 21:22:15,477 [ERROR] LogOutputStream:75 - [STDERR_REDIRECT] [Fatal Error] :1:1: Premature end of file.
2025-06-11 21:22:15,477 [ERROR] LogOutputStream:75 - [STDERR_REDIRECT] 
2025-06-11 21:22:16,494 [ERROR] LogOutputStream:75 - [STDERR_REDIRECT] [Fatal Error] :1:1: Premature end of file.
2025-06-11 21:22:16,495 [ERROR] LogOutputStream:75 - [STDERR_REDIRECT] 
2025-06-11 21:22:17,383 [ERROR] LogOutputStream:75 - [STDERR_REDIRECT] [Fatal Error] :1:1: Premature end of file.
2025-06-11 21:22:17,383 [ERROR] LogOutputStream:75 - [STDERR_REDIRECT] 
2025-06-11 21:22:18,468 [ERROR] LogOutputStream:75 - [STDERR_REDIRECT] [Fatal Error] :1:1: Premature end of file.
2025-06-11 21:22:18,469 [ERROR] LogOutputStream:75 - [STDERR_REDIRECT] 
2025-06-11 21:22:19,460 [ERROR] LogOutputStream:75 - [STDERR_REDIRECT] [Fatal Error] :1:1: Premature end of file.
2025-06-11 21:22:19,461 [ERROR] LogOutputStream:75 - [STDERR_REDIRECT] 
2025-06-11 21:22:20,469 [ERROR] LogOutputStream:75 - [STDERR_REDIRECT] [Fatal Error] :1:1: Premature end of file.
2025-06-11 21:22:20,469 [ERROR] LogOutputStream:75 - [STDERR_REDIRECT] 
2025-06-11 21:22:21,458 [ERROR] LogOutputStream:75 - [STDERR_REDIRECT] [Fatal Error] :1:1: Premature end of file.
2025-06-11 21:22:21,459 [ERROR] LogOutputStream:75 - [STDERR_REDIRECT] 
2025-06-11 21:22:22,385 [ERROR] LogOutputStream:75 - [STDERR_REDIRECT] [Fatal Error] :1:1: Premature end of file.
2025-06-11 21:22:22,385 [ERROR] LogOutputStream:75 - [STDERR_REDIRECT] 
2025-06-11 21:22:23,370 [ERROR] LogOutputStream:75 - [STDERR_REDIRECT] [Fatal Error] :1:1: Premature end of file.
2025-06-11 21:22:23,371 [ERROR] LogOutputStream:75 - [STDERR_REDIRECT] 
2025-06-11 21:22:24,486 [ERROR] LogOutputStream:75 - [STDERR_REDIRECT] [Fatal Error] :1:1: Premature end of file.
2025-06-11 21:22:24,487 [ERROR] LogOutputStream:75 - [STDERR_REDIRECT] 
2025-06-11 21:22:25,392 [ERROR] LogOutputStream:75 - [STDERR_REDIRECT] [Fatal Error] :1:1: Premature end of file.
2025-06-11 21:22:25,393 [ERROR] LogOutputStream:75 - [STDERR_REDIRECT] 
2025-06-11 21:22:26,386 [ERROR] LogOutputStream:75 - [STDERR_REDIRECT] [Fatal Error] :1:1: Premature end of file.
2025-06-11 21:22:26,386 [ERROR] LogOutputStream:75 - [STDERR_REDIRECT] 
2025-06-11 21:22:27,370 [ERROR] LogOutputStream:75 - [STDERR_REDIRECT] [Fatal Error] :1:1: Premature end of file.
2025-06-11 21:22:27,372 [ERROR] LogOutputStream:75 - [STDERR_REDIRECT] 
2025-06-11 21:22:28,366 [ERROR] LogOutputStream:75 - [STDERR_REDIRECT] [Fatal Error] :1:1: Premature end of file.
2025-06-11 21:22:28,368 [ERROR] LogOutputStream:75 - [STDERR_REDIRECT] 
2025-06-11 21:22:29,369 [ERROR] LogOutputStream:75 - [STDERR_REDIRECT] [Fatal Error] :1:1: Premature end of file.
2025-06-11 21:22:29,369 [ERROR] LogOutputStream:75 - [STDERR_REDIRECT] 
2025-06-11 21:22:30,465 [ERROR] LogOutputStream:75 - [STDERR_REDIRECT] [Fatal Error] :1:1: Premature end of file.
2025-06-11 21:22:30,466 [ERROR] LogOutputStream:75 - [STDERR_REDIRECT] 
2025-06-11 21:22:31,472 [ERROR] LogOutputStream:75 - [STDERR_REDIRECT] [Fatal Error] :1:1: Premature end of file.
2025-06-11 21:22:31,472 [ERROR] LogOutputStream:75 - [STDERR_REDIRECT] 
2025-06-11 21:22:32,458 [ERROR] LogOutputStream:75 - [STDERR_REDIRECT] [Fatal Error] :1:1: Premature end of file.
2025-06-11 21:22:32,460 [ERROR] LogOutputStream:75 - [STDERR_REDIRECT] 
2025-06-11 21:22:33,378 [ERROR] LogOutputStream:75 - [STDERR_REDIRECT] [Fatal Error] :1:1: Premature end of file.
2025-06-11 21:22:33,378 [ERROR] LogOutputStream:75 - [STDERR_REDIRECT] 
2025-06-11 21:22:34,418 [ERROR] LogOutputStream:75 - [STDERR_REDIRECT] [Fatal Error] :1:1: Premature end of file.
2025-06-11 21:22:34,418 [ERROR] LogOutputStream:75 - [STDERR_REDIRECT] 
2025-06-11 21:22:35,466 [ERROR] LogOutputStream:75 - [STDERR_REDIRECT] [Fatal Error] :1:1: Premature end of file.
2025-06-11 21:22:35,467 [ERROR] LogOutputStream:75 - [STDERR_REDIRECT] 
2025-06-11 21:22:36,478 [ERROR] LogOutputStream:75 - [STDERR_REDIRECT] [Fatal Error] :1:1: Premature end of file.
2025-06-11 21:22:36,478 [ERROR] LogOutputStream:75 - [STDERR_REDIRECT] 
2025-06-11 21:22:37,366 [ERROR] LogOutputStream:75 - [STDERR_REDIRECT] [Fatal Error] :1:1: Premature end of file.
2025-06-11 21:22:37,366 [ERROR] LogOutputStream:75 - [STDERR_REDIRECT] 
2025-06-11 21:22:38,466 [ERROR] LogOutputStream:75 - [STDERR_REDIRECT] [Fatal Error] :1:1: Premature end of file.
2025-06-11 21:22:38,467 [ERROR] LogOutputStream:75 - [STDERR_REDIRECT] 
2025-06-11 21:22:39,387 [ERROR] LogOutputStream:75 - [STDERR_REDIRECT] [Fatal Error] :1:1: Premature end of file.
2025-06-11 21:22:39,387 [ERROR] LogOutputStream:75 - [STDERR_REDIRECT] 
2025-06-11 21:22:40,477 [ERROR] LogOutputStream:75 - [STDERR_REDIRECT] [Fatal Error] :1:1: Premature end of file.
2025-06-11 21:22:40,477 [ERROR] LogOutputStream:75 - [STDERR_REDIRECT] 
2025-06-11 21:22:41,372 [ERROR] LogOutputStream:75 - [STDERR_REDIRECT] [Fatal Error] :1:1: Premature end of file.
2025-06-11 21:22:41,372 [ERROR] LogOutputStream:75 - [STDERR_REDIRECT] 
2025-06-11 21:22:42,369 [ERROR] LogOutputStream:75 - [STDERR_REDIRECT] [Fatal Error] :1:1: Premature end of file.
2025-06-11 21:22:42,369 [ERROR] LogOutputStream:75 - [STDERR_REDIRECT] 
2025-06-11 21:22:43,379 [ERROR] LogOutputStream:75 - [STDERR_REDIRECT] [Fatal Error] :1:1: Premature end of file.
2025-06-11 21:22:43,379 [ERROR] LogOutputStream:75 - [STDERR_REDIRECT] 
2025-06-11 21:22:44,395 [ERROR] LogOutputStream:75 - [STDERR_REDIRECT] [Fatal Error] :1:1: Premature end of file.
2025-06-11 21:22:44,395 [ERROR] LogOutputStream:75 - [STDERR_REDIRECT] 
2025-06-11 21:22:45,375 [ERROR] LogOutputStream:75 - [STDERR_REDIRECT] [Fatal Error] :1:1: Premature end of file.
2025-06-11 21:22:45,375 [ERROR] LogOutputStream:75 - [STDERR_REDIRECT] 
2025-06-11 21:22:46,478 [ERROR] LogOutputStream:75 - [STDERR_REDIRECT] [Fatal Error] :1:1: Premature end of file.
2025-06-11 21:22:46,478 [ERROR] LogOutputStream:75 - [STDERR_REDIRECT] 
2025-06-11 21:22:47,378 [ERROR] LogOutputStream:75 - [STDERR_REDIRECT] [Fatal Error] :1:1: Premature end of file.
2025-06-11 21:22:47,378 [ERROR] LogOutputStream:75 - [STDERR_REDIRECT] 
2025-06-11 21:22:48,453 [ERROR] LogOutputStream:75 - [STDERR_REDIRECT] [Fatal Error] :1:1: Premature end of file.
2025-06-11 21:22:48,453 [ERROR] LogOutputStream:75 - [STDERR_REDIRECT] 
2025-06-11 21:22:49,372 [ERROR] LogOutputStream:75 - [STDERR_REDIRECT] [Fatal Error] :1:1: Premature end of file.
2025-06-11 21:22:49,372 [ERROR] LogOutputStream:75 - [STDERR_REDIRECT] 
2025-06-11 21:22:50,369 [ERROR] LogOutputStream:75 - [STDERR_REDIRECT] [Fatal Error] :1:1: Premature end of file.
2025-06-11 21:22:50,369 [ERROR] LogOutputStream:75 - [STDERR_REDIRECT] 
2025-06-11 21:22:51,472 [ERROR] LogOutputStream:75 - [STDERR_REDIRECT] [Fatal Error] :1:1: Premature end of file.
2025-06-11 21:22:51,472 [ERROR] LogOutputStream:75 - [STDERR_REDIRECT] 
2025-06-11 21:22:52,369 [ERROR] LogOutputStream:75 - [STDERR_REDIRECT] [Fatal Error] :1:1: Premature end of file.
2025-06-11 21:22:52,369 [ERROR] LogOutputStream:75 - [STDERR_REDIRECT] 
2025-06-11 21:22:53,367 [ERROR] LogOutputStream:75 - [STDERR_REDIRECT] [Fatal Error] :1:1: Premature end of file.
2025-06-11 21:22:53,367 [ERROR] LogOutputStream:75 - [STDERR_REDIRECT] 
2025-06-11 21:22:54,466 [ERROR] LogOutputStream:75 - [STDERR_REDIRECT] [Fatal Error] :1:1: Premature end of file.
2025-06-11 21:22:54,466 [ERROR] LogOutputStream:75 - [STDERR_REDIRECT] 
2025-06-11 21:22:55,465 [ERROR] LogOutputStream:75 - [STDERR_REDIRECT] [Fatal Error] :1:1: Premature end of file.
2025-06-11 21:22:55,466 [ERROR] LogOutputStream:75 - [STDERR_REDIRECT] 
2025-06-11 21:22:56,475 [ERROR] LogOutputStream:75 - [STDERR_REDIRECT] [Fatal Error] :1:1: Premature end of file.
2025-06-11 21:22:56,475 [ERROR] LogOutputStream:75 - [STDERR_REDIRECT] 
2025-06-11 21:22:57,417 [ERROR] LogOutputStream:75 - [STDERR_REDIRECT] [Fatal Error] :1:1: Premature end of file.
2025-06-11 21:22:57,417 [ERROR] LogOutputStream:75 - [STDERR_REDIRECT] 
2025-06-11 21:22:58,424 [ERROR] LogOutputStream:75 - [STDERR_REDIRECT] [Fatal Error] :1:1: Premature end of file.
2025-06-11 21:22:58,424 [ERROR] LogOutputStream:75 - [STDERR_REDIRECT] 
2025-06-11 21:22:59,432 [ERROR] LogOutputStream:75 - [STDERR_REDIRECT] [Fatal Error] :1:1: Premature end of file.
2025-06-11 21:22:59,432 [ERROR] LogOutputStream:75 - [STDERR_REDIRECT] 
2025-06-11 21:23:00,477 [ERROR] LogOutputStream:75 - [STDERR_REDIRECT] [Fatal Error] :1:1: Premature end of file.
2025-06-11 21:23:00,477 [ERROR] LogOutputStream:75 - [STDERR_REDIRECT] 
2025-06-11 21:23:01,492 [ERROR] LogOutputStream:75 - [STDERR_REDIRECT] [Fatal Error] :1:1: Premature end of file.
2025-06-11 21:23:01,492 [ERROR] LogOutputStream:75 - [STDERR_REDIRECT] 
2025-06-11 21:23:02,467 [ERROR] LogOutputStream:75 - [STDERR_REDIRECT] [Fatal Error] :1:1: Premature end of file.
2025-06-11 21:23:02,467 [ERROR] LogOutputStream:75 - [STDERR_REDIRECT] 
2025-06-11 21:23:03,468 [ERROR] LogOutputStream:75 - [STDERR_REDIRECT] [Fatal Error] :1:1: Premature end of file.
2025-06-11 21:23:03,468 [ERROR] LogOutputStream:75 - [STDERR_REDIRECT] 
2025-06-11 21:23:04,473 [ERROR] LogOutputStream:75 - [STDERR_REDIRECT] [Fatal Error] :1:1: Premature end of file.
2025-06-11 21:23:04,473 [ERROR] LogOutputStream:75 - [STDERR_REDIRECT] 
2025-06-11 21:23:05,370 [ERROR] LogOutputStream:75 - [STDERR_REDIRECT] [Fatal Error] :1:1: Premature end of file.
2025-06-11 21:23:05,370 [ERROR] LogOutputStream:75 - [STDERR_REDIRECT] 
2025-06-11 21:23:06,473 [ERROR] LogOutputStream:75 - [STDERR_REDIRECT] [Fatal Error] :1:1: Premature end of file.
2025-06-11 21:23:06,474 [ERROR] LogOutputStream:75 - [STDERR_REDIRECT] 
2025-06-11 21:23:07,373 [ERROR] LogOutputStream:75 - [STDERR_REDIRECT] [Fatal Error] :1:1: Premature end of file.
2025-06-11 21:23:07,373 [ERROR] LogOutputStream:75 - [STDERR_REDIRECT] 
2025-06-11 21:23:08,444 [ERROR] LogOutputStream:75 - [STDERR_REDIRECT] [Fatal Error] :1:1: Premature end of file.
2025-06-11 21:23:08,444 [ERROR] LogOutputStream:75 - [STDERR_REDIRECT] 
2025-06-11 21:23:09,470 [ERROR] LogOutputStream:75 - [STDERR_REDIRECT] [Fatal Error] :1:1: Premature end of file.
2025-06-11 21:23:09,470 [ERROR] LogOutputStream:75 - [STDERR_REDIRECT] 
2025-06-11 21:23:10,460 [ERROR] LogOutputStream:75 - [STDERR_REDIRECT] [Fatal Error] :1:1: Premature end of file.
2025-06-11 21:23:10,460 [ERROR] LogOutputStream:75 - [STDERR_REDIRECT] 
2025-06-11 21:23:11,468 [ERROR] LogOutputStream:75 - [STDERR_REDIRECT] [Fatal Error] :1:1: Premature end of file.
2025-06-11 21:23:11,468 [ERROR] LogOutputStream:75 - [STDERR_REDIRECT] 
2025-06-11 21:23:12,466 [ERROR] LogOutputStream:75 - [STDERR_REDIRECT] [Fatal Error] :1:1: Premature end of file.
2025-06-11 21:23:12,466 [ERROR] LogOutputStream:75 - [STDERR_REDIRECT] 
2025-06-11 21:23:13,469 [ERROR] LogOutputStream:75 - [STDERR_REDIRECT] [Fatal Error] :1:1: Premature end of file.
2025-06-11 21:23:13,470 [ERROR] LogOutputStream:75 - [STDERR_REDIRECT] 
2025-06-11 21:23:14,478 [ERROR] LogOutputStream:75 - [STDERR_REDIRECT] [Fatal Error] :1:1: Premature end of file.
2025-06-11 21:23:14,479 [ERROR] LogOutputStream:75 - [STDERR_REDIRECT] 
2025-06-11 21:23:15,460 [ERROR] LogOutputStream:75 - [STDERR_REDIRECT] [Fatal Error] :1:1: Premature end of file.
2025-06-11 21:23:15,461 [ERROR] LogOutputStream:75 - [STDERR_REDIRECT] 
2025-06-11 21:23:16,471 [ERROR] LogOutputStream:75 - [STDERR_REDIRECT] [Fatal Error] :1:1: Premature end of file.
2025-06-11 21:23:16,472 [ERROR] LogOutputStream:75 - [STDERR_REDIRECT] 
2025-06-11 21:23:17,400 [ERROR] LogOutputStream:75 - [STDERR_REDIRECT] [Fatal Error] :1:1: Premature end of file.
2025-06-11 21:23:17,400 [ERROR] LogOutputStream:75 - [STDERR_REDIRECT] 
2025-06-11 21:23:18,367 [ERROR] LogOutputStream:75 - [STDERR_REDIRECT] [Fatal Error] :1:1: Premature end of file.
2025-06-11 21:23:18,367 [ERROR] LogOutputStream:75 - [STDERR_REDIRECT] 
2025-06-11 21:23:19,372 [ERROR] LogOutputStream:75 - [STDERR_REDIRECT] [Fatal Error] :1:1: Premature end of file.
2025-06-11 21:23:19,372 [ERROR] LogOutputStream:75 - [STDERR_REDIRECT] 
2025-06-11 21:23:20,374 [ERROR] LogOutputStream:75 - [STDERR_REDIRECT] [Fatal Error] :1:1: Premature end of file.
2025-06-11 21:23:20,374 [ERROR] LogOutputStream:75 - [STDERR_REDIRECT] 
2025-06-11 21:23:21,476 [ERROR] LogOutputStream:75 - [STDERR_REDIRECT] [Fatal Error] :1:1: Premature end of file.
2025-06-11 21:23:21,476 [ERROR] LogOutputStream:75 - [STDERR_REDIRECT] 
2025-06-11 21:23:22,462 [ERROR] LogOutputStream:75 - [STDERR_REDIRECT] [Fatal Error] :1:1: Premature end of file.
2025-06-11 21:23:22,462 [ERROR] LogOutputStream:75 - [STDERR_REDIRECT] 
2025-06-11 21:23:23,460 [ERROR] LogOutputStream:75 - [STDERR_REDIRECT] [Fatal Error] :1:1: Premature end of file.
2025-06-11 21:23:23,460 [ERROR] LogOutputStream:75 - [STDERR_REDIRECT] 
2025-06-11 21:23:24,470 [ERROR] LogOutputStream:75 - [STDERR_REDIRECT] [Fatal Error] :1:1: Premature end of file.
2025-06-11 21:23:24,470 [ERROR] LogOutputStream:75 - [STDERR_REDIRECT] 
2025-06-11 21:23:25,469 [ERROR] LogOutputStream:75 - [STDERR_REDIRECT] [Fatal Error] :1:1: Premature end of file.
2025-06-11 21:23:25,469 [ERROR] LogOutputStream:75 - [STDERR_REDIRECT] 
2025-06-11 21:23:26,366 [ERROR] LogOutputStream:75 - [STDERR_REDIRECT] [Fatal Error] :1:1: Premature end of file.
2025-06-11 21:23:26,366 [ERROR] LogOutputStream:75 - [STDERR_REDIRECT] 
2025-06-11 21:23:27,475 [ERROR] LogOutputStream:75 - [STDERR_REDIRECT] [Fatal Error] :1:1: Premature end of file.
2025-06-11 21:23:27,476 [ERROR] LogOutputStream:75 - [STDERR_REDIRECT] 
2025-06-11 21:23:28,467 [ERROR] LogOutputStream:75 - [STDERR_REDIRECT] [Fatal Error] :1:1: Premature end of file.
2025-06-11 21:23:28,468 [ERROR] LogOutputStream:75 - [STDERR_REDIRECT] 
2025-06-11 21:23:29,462 [ERROR] LogOutputStream:75 - [STDERR_REDIRECT] [Fatal Error] :1:1: Premature end of file.
2025-06-11 21:23:29,463 [ERROR] LogOutputStream:75 - [STDERR_REDIRECT] 
2025-06-11 21:23:30,368 [ERROR] LogOutputStream:75 - [STDERR_REDIRECT] [Fatal Error] :1:1: Premature end of file.
2025-06-11 21:23:30,369 [ERROR] LogOutputStream:75 - [STDERR_REDIRECT] 
2025-06-11 21:23:31,473 [ERROR] LogOutputStream:75 - [STDERR_REDIRECT] [Fatal Error] :1:1: Premature end of file.
2025-06-11 21:23:31,474 [ERROR] LogOutputStream:75 - [STDERR_REDIRECT] 
2025-06-11 21:23:32,464 [ERROR] LogOutputStream:75 - [STDERR_REDIRECT] [Fatal Error] :1:1: Premature end of file.
2025-06-11 21:23:32,465 [ERROR] LogOutputStream:75 - [STDERR_REDIRECT] 
2025-06-11 21:23:33,466 [ERROR] LogOutputStream:75 - [STDERR_REDIRECT] [Fatal Error] :1:1: Premature end of file.
2025-06-11 21:23:33,468 [ERROR] LogOutputStream:75 - [STDERR_REDIRECT] 
2025-06-11 21:23:34,366 [ERROR] LogOutputStream:75 - [STDERR_REDIRECT] [Fatal Error] :1:1: Premature end of file.
2025-06-11 21:23:34,366 [ERROR] LogOutputStream:75 - [STDERR_REDIRECT] 
2025-06-11 21:23:35,468 [ERROR] LogOutputStream:75 - [STDERR_REDIRECT] [Fatal Error] :1:1: Premature end of file.
2025-06-11 21:23:35,468 [ERROR] LogOutputStream:75 - [STDERR_REDIRECT] 
2025-06-11 21:23:36,432 [ERROR] LogOutputStream:75 - [STDERR_REDIRECT] [Fatal Error] :1:1: Premature end of file.
2025-06-11 21:23:36,432 [ERROR] LogOutputStream:75 - [STDERR_REDIRECT] 
2025-06-11 21:23:37,369 [ERROR] LogOutputStream:75 - [STDERR_REDIRECT] [Fatal Error] :1:1: Premature end of file.
2025-06-11 21:23:37,369 [ERROR] LogOutputStream:75 - [STDERR_REDIRECT] 
2025-06-11 21:23:38,463 [ERROR] LogOutputStream:75 - [STDERR_REDIRECT] [Fatal Error] :1:1: Premature end of file.
2025-06-11 21:23:38,464 [ERROR] LogOutputStream:75 - [STDERR_REDIRECT] 
2025-06-11 21:23:39,475 [ERROR] LogOutputStream:75 - [STDERR_REDIRECT] [Fatal Error] :1:1: Premature end of file.
2025-06-11 21:23:39,475 [ERROR] LogOutputStream:75 - [STDERR_REDIRECT] 
2025-06-11 21:23:40,470 [ERROR] LogOutputStream:75 - [STDERR_REDIRECT] [Fatal Error] :1:1: Premature end of file.
2025-06-11 21:23:40,470 [ERROR] LogOutputStream:75 - [STDERR_REDIRECT] 
2025-06-11 21:23:41,467 [ERROR] LogOutputStream:75 - [STDERR_REDIRECT] [Fatal Error] :1:1: Premature end of file.
2025-06-11 21:23:41,468 [ERROR] LogOutputStream:75 - [STDERR_REDIRECT] 
2025-06-11 21:23:42,388 [ERROR] LogOutputStream:75 - [STDERR_REDIRECT] [Fatal Error] :1:1: Premature end of file.
2025-06-11 21:23:42,388 [ERROR] LogOutputStream:75 - [STDERR_REDIRECT] 
2025-06-11 21:23:43,381 [ERROR] LogOutputStream:75 - [STDERR_REDIRECT] [Fatal Error] :1:1: Premature end of file.
2025-06-11 21:23:43,381 [ERROR] LogOutputStream:75 - [STDERR_REDIRECT] 
2025-06-11 21:23:44,373 [ERROR] LogOutputStream:75 - [STDERR_REDIRECT] [Fatal Error] :1:1: Premature end of file.
2025-06-11 21:23:44,373 [ERROR] LogOutputStream:75 - [STDERR_REDIRECT] 
2025-06-11 21:23:45,378 [ERROR] LogOutputStream:75 - [STDERR_REDIRECT] [Fatal Error] :1:1: Premature end of file.
2025-06-11 21:23:45,378 [ERROR] LogOutputStream:75 - [STDERR_REDIRECT] 
2025-06-11 21:23:46,467 [ERROR] LogOutputStream:75 - [STDERR_REDIRECT] [Fatal Error] :1:1: Premature end of file.
2025-06-11 21:23:46,467 [ERROR] LogOutputStream:75 - [STDERR_REDIRECT] 
2025-06-11 21:23:47,376 [ERROR] LogOutputStream:75 - [STDERR_REDIRECT] [Fatal Error] :1:1: Premature end of file.
2025-06-11 21:23:47,377 [ERROR] LogOutputStream:75 - [STDERR_REDIRECT] 
2025-06-11 21:23:48,409 [ERROR] LogOutputStream:75 - [STDERR_REDIRECT] [Fatal Error] :1:1: Premature end of file.
2025-06-11 21:23:48,409 [ERROR] LogOutputStream:75 - [STDERR_REDIRECT] 
2025-06-11 21:23:49,472 [ERROR] LogOutputStream:75 - [STDERR_REDIRECT] [Fatal Error] :1:1: Premature end of file.
2025-06-11 21:23:49,472 [ERROR] LogOutputStream:75 - [STDERR_REDIRECT] 
2025-06-11 21:23:50,462 [ERROR] LogOutputStream:75 - [STDERR_REDIRECT] [Fatal Error] :1:1: Premature end of file.
2025-06-11 21:23:50,463 [ERROR] LogOutputStream:75 - [STDERR_REDIRECT] 
2025-06-11 21:23:51,370 [ERROR] LogOutputStream:75 - [STDERR_REDIRECT] [Fatal Error] :1:1: Premature end of file.
2025-06-11 21:23:51,370 [ERROR] LogOutputStream:75 - [STDERR_REDIRECT] 
2025-06-11 21:23:52,375 [ERROR] LogOutputStream:75 - [STDERR_REDIRECT] [Fatal Error] :1:1: Premature end of file.
2025-06-11 21:23:52,375 [ERROR] LogOutputStream:75 - [STDERR_REDIRECT] 
2025-06-11 21:23:53,395 [ERROR] LogOutputStream:75 - [STDERR_REDIRECT] [Fatal Error] :1:1: Premature end of file.
2025-06-11 21:23:53,395 [ERROR] LogOutputStream:75 - [STDERR_REDIRECT] 
2025-06-11 21:23:54,453 [ERROR] LogOutputStream:75 - [STDERR_REDIRECT] [Fatal Error] :1:1: Premature end of file.
2025-06-11 21:23:54,453 [ERROR] LogOutputStream:75 - [STDERR_REDIRECT] 
2025-06-11 21:23:55,472 [ERROR] LogOutputStream:75 - [STDERR_REDIRECT] [Fatal Error] :1:1: Premature end of file.
2025-06-11 21:23:55,472 [ERROR] LogOutputStream:75 - [STDERR_REDIRECT] 
2025-06-11 21:23:56,475 [ERROR] LogOutputStream:75 - [STDERR_REDIRECT] [Fatal Error] :1:1: Premature end of file.
2025-06-11 21:23:56,476 [ERROR] LogOutputStream:75 - [STDERR_REDIRECT] 
2025-06-11 21:23:57,469 [ERROR] LogOutputStream:75 - [STDERR_REDIRECT] [Fatal Error] :1:1: Premature end of file.
2025-06-11 21:23:57,469 [ERROR] LogOutputStream:75 - [STDERR_REDIRECT] 
2025-06-11 21:23:58,465 [ERROR] LogOutputStream:75 - [STDERR_REDIRECT] [Fatal Error] :1:1: Premature end of file.
2025-06-11 21:23:58,466 [ERROR] LogOutputStream:75 - [STDERR_REDIRECT] 
2025-06-11 21:23:59,469 [ERROR] LogOutputStream:75 - [STDERR_REDIRECT] [Fatal Error] :1:1: Premature end of file.
2025-06-11 21:23:59,470 [ERROR] LogOutputStream:75 - [STDERR_REDIRECT] 
2025-06-11 21:24:00,510 [ERROR] LogOutputStream:75 - [STDERR_REDIRECT] [Fatal Error] :1:1: Premature end of file.
2025-06-11 21:24:00,511 [ERROR] LogOutputStream:75 - [STDERR_REDIRECT] 
2025-06-11 21:24:01,465 [ERROR] LogOutputStream:75 - [STDERR_REDIRECT] [Fatal Error] :1:1: Premature end of file.
2025-06-11 21:24:01,466 [ERROR] LogOutputStream:75 - [STDERR_REDIRECT] 
2025-06-11 21:24:02,478 [ERROR] LogOutputStream:75 - [STDERR_REDIRECT] [Fatal Error] :1:1: Premature end of file.
2025-06-11 21:24:02,478 [ERROR] LogOutputStream:75 - [STDERR_REDIRECT] 
2025-06-11 21:24:03,473 [ERROR] LogOutputStream:75 - [STDERR_REDIRECT] [Fatal Error] :1:1: Premature end of file.
2025-06-11 21:24:03,474 [ERROR] LogOutputStream:75 - [STDERR_REDIRECT] 
2025-06-11 21:24:04,478 [ERROR] LogOutputStream:75 - [STDERR_REDIRECT] [Fatal Error] :1:1: Premature end of file.
2025-06-11 21:24:04,479 [ERROR] LogOutputStream:75 - [STDERR_REDIRECT] 
2025-06-11 21:24:05,474 [ERROR] LogOutputStream:75 - [STDERR_REDIRECT] [Fatal Error] :1:1: Premature end of file.
2025-06-11 21:24:05,475 [ERROR] LogOutputStream:75 - [STDERR_REDIRECT] 
2025-06-11 21:24:06,461 [ERROR] LogOutputStream:75 - [STDERR_REDIRECT] [Fatal Error] :1:1: Premature end of file.
2025-06-11 21:24:06,462 [ERROR] LogOutputStream:75 - [STDERR_REDIRECT] 
2025-06-11 21:24:07,368 [ERROR] LogOutputStream:75 - [STDERR_REDIRECT] [Fatal Error] :1:1: Premature end of file.
2025-06-11 21:24:07,368 [ERROR] LogOutputStream:75 - [STDERR_REDIRECT] 
2025-06-11 21:24:08,463 [ERROR] LogOutputStream:75 - [STDERR_REDIRECT] [Fatal Error] :1:1: Premature end of file.
2025-06-11 21:24:08,464 [ERROR] LogOutputStream:75 - [STDERR_REDIRECT] 
2025-06-11 21:24:09,423 [ERROR] LogOutputStream:75 - [STDERR_REDIRECT] [Fatal Error] :1:1: Premature end of file.
2025-06-11 21:24:09,423 [ERROR] LogOutputStream:75 - [STDERR_REDIRECT] 
2025-06-11 21:24:10,374 [ERROR] LogOutputStream:75 - [STDERR_REDIRECT] [Fatal Error] :1:1: Premature end of file.
2025-06-11 21:24:10,374 [ERROR] LogOutputStream:75 - [STDERR_REDIRECT] 
2025-06-11 21:24:11,373 [ERROR] LogOutputStream:75 - [STDERR_REDIRECT] [Fatal Error] :1:1: Premature end of file.
2025-06-11 21:24:11,373 [ERROR] LogOutputStream:75 - [STDERR_REDIRECT] 
2025-06-11 21:24:12,461 [ERROR] LogOutputStream:75 - [STDERR_REDIRECT] [Fatal Error] :1:1: Premature end of file.
2025-06-11 21:24:12,462 [ERROR] LogOutputStream:75 - [STDERR_REDIRECT] 
2025-06-11 21:24:13,453 [ERROR] LogOutputStream:75 - [STDERR_REDIRECT] [Fatal Error] :1:1: Premature end of file.
2025-06-11 21:24:13,454 [ERROR] LogOutputStream:75 - [STDERR_REDIRECT] 
2025-06-11 21:24:14,494 [ERROR] LogOutputStream:75 - [STDERR_REDIRECT] [Fatal Error] :1:1: Premature end of file.
2025-06-11 21:24:14,494 [ERROR] LogOutputStream:75 - [STDERR_REDIRECT] 
2025-06-11 21:24:15,450 [ERROR] LogOutputStream:75 - [STDERR_REDIRECT] [Fatal Error] :1:1: Premature end of file.
2025-06-11 21:24:15,450 [ERROR] LogOutputStream:75 - [STDERR_REDIRECT] 
2025-06-11 21:24:16,483 [ERROR] LogOutputStream:75 - [STDERR_REDIRECT] [Fatal Error] :1:1: Premature end of file.
2025-06-11 21:24:16,484 [ERROR] LogOutputStream:75 - [STDERR_REDIRECT] 
2025-06-11 21:24:17,466 [ERROR] LogOutputStream:75 - [STDERR_REDIRECT] [Fatal Error] :1:1: Premature end of file.
2025-06-11 21:24:17,467 [ERROR] LogOutputStream:75 - [STDERR_REDIRECT] 
2025-06-11 21:24:18,466 [ERROR] LogOutputStream:75 - [STDERR_REDIRECT] [Fatal Error] :1:1: Premature end of file.
2025-06-11 21:24:18,466 [ERROR] LogOutputStream:75 - [STDERR_REDIRECT] 
2025-06-11 21:24:19,374 [ERROR] LogOutputStream:75 - [STDERR_REDIRECT] [Fatal Error] :1:1: Premature end of file.
2025-06-11 21:24:19,374 [ERROR] LogOutputStream:75 - [STDERR_REDIRECT] 
2025-06-11 21:24:20,368 [ERROR] LogOutputStream:75 - [STDERR_REDIRECT] [Fatal Error] :1:1: Premature end of file.
2025-06-11 21:24:20,369 [ERROR] LogOutputStream:75 - [STDERR_REDIRECT] 
2025-06-11 21:24:21,476 [ERROR] LogOutputStream:75 - [STDERR_REDIRECT] [Fatal Error] :1:1: Premature end of file.
2025-06-11 21:24:21,476 [ERROR] LogOutputStream:75 - [STDERR_REDIRECT] 
2025-06-11 21:24:22,476 [ERROR] LogOutputStream:75 - [STDERR_REDIRECT] [Fatal Error] :1:1: Premature end of file.
2025-06-11 21:24:22,476 [ERROR] LogOutputStream:75 - [STDERR_REDIRECT] 
2025-06-11 21:24:23,471 [ERROR] LogOutputStream:75 - [STDERR_REDIRECT] [Fatal Error] :1:1: Premature end of file.
2025-06-11 21:24:23,472 [ERROR] LogOutputStream:75 - [STDERR_REDIRECT] 
2025-06-11 21:24:24,487 [ERROR] LogOutputStream:75 - [STDERR_REDIRECT] [Fatal Error] :1:1: Premature end of file.
2025-06-11 21:24:24,487 [ERROR] LogOutputStream:75 - [STDERR_REDIRECT] 
2025-06-11 21:24:25,476 [ERROR] LogOutputStream:75 - [STDERR_REDIRECT] [Fatal Error] :1:1: Premature end of file.
2025-06-11 21:24:25,476 [ERROR] LogOutputStream:75 - [STDERR_REDIRECT] 
2025-06-11 21:24:26,473 [ERROR] LogOutputStream:75 - [STDERR_REDIRECT] [Fatal Error] :1:1: Premature end of file.
2025-06-11 21:24:26,474 [ERROR] LogOutputStream:75 - [STDERR_REDIRECT] 
2025-06-11 21:24:27,474 [ERROR] LogOutputStream:75 - [STDERR_REDIRECT] [Fatal Error] :1:1: Premature end of file.
2025-06-11 21:24:27,475 [ERROR] LogOutputStream:75 - [STDERR_REDIRECT] 
2025-06-11 21:24:28,473 [ERROR] LogOutputStream:75 - [STDERR_REDIRECT] [Fatal Error] :1:1: Premature end of file.
2025-06-11 21:24:28,474 [ERROR] LogOutputStream:75 - [STDERR_REDIRECT] 
2025-06-11 21:24:29,457 [ERROR] LogOutputStream:75 - [STDERR_REDIRECT] [Fatal Error] :1:1: Premature end of file.
2025-06-11 21:24:29,457 [ERROR] LogOutputStream:75 - [STDERR_REDIRECT] 
2025-06-11 21:24:30,476 [ERROR] LogOutputStream:75 - [STDERR_REDIRECT] [Fatal Error] :1:1: Premature end of file.
2025-06-11 21:24:30,477 [ERROR] LogOutputStream:75 - [STDERR_REDIRECT] 
2025-06-11 21:24:31,461 [ERROR] LogOutputStream:75 - [STDERR_REDIRECT] [Fatal Error] :1:1: Premature end of file.
2025-06-11 21:24:31,462 [ERROR] LogOutputStream:75 - [STDERR_REDIRECT] 
2025-06-11 21:24:32,468 [ERROR] LogOutputStream:75 - [STDERR_REDIRECT] [Fatal Error] :1:1: Premature end of file.
2025-06-11 21:24:32,469 [ERROR] LogOutputStream:75 - [STDERR_REDIRECT] 
2025-06-11 21:24:33,484 [ERROR] LogOutputStream:75 - [STDERR_REDIRECT] [Fatal Error] :1:1: Premature end of file.
2025-06-11 21:24:33,485 [ERROR] LogOutputStream:75 - [STDERR_REDIRECT] 
2025-06-11 21:24:34,479 [ERROR] LogOutputStream:75 - [STDERR_REDIRECT] [Fatal Error] :1:1: Premature end of file.
2025-06-11 21:24:34,479 [ERROR] LogOutputStream:75 - [STDERR_REDIRECT] 
2025-06-11 21:24:35,467 [ERROR] LogOutputStream:75 - [STDERR_REDIRECT] [Fatal Error] :1:1: Premature end of file.
2025-06-11 21:24:35,468 [ERROR] LogOutputStream:75 - [STDERR_REDIRECT] 
2025-06-11 21:24:36,480 [ERROR] LogOutputStream:75 - [STDERR_REDIRECT] [Fatal Error] :1:1: Premature end of file.
2025-06-11 21:24:36,481 [ERROR] LogOutputStream:75 - [STDERR_REDIRECT] 
2025-06-11 21:24:37,470 [ERROR] LogOutputStream:75 - [STDERR_REDIRECT] [Fatal Error] :1:1: Premature end of file.
2025-06-11 21:24:37,471 [ERROR] LogOutputStream:75 - [STDERR_REDIRECT] 
2025-06-11 21:24:38,470 [ERROR] LogOutputStream:75 - [STDERR_REDIRECT] [Fatal Error] :1:1: Premature end of file.
2025-06-11 21:24:38,472 [ERROR] LogOutputStream:75 - [STDERR_REDIRECT] 
2025-06-11 21:24:39,471 [ERROR] LogOutputStream:75 - [STDERR_REDIRECT] [Fatal Error] :1:1: Premature end of file.
2025-06-11 21:24:39,471 [ERROR] LogOutputStream:75 - [STDERR_REDIRECT] 
2025-06-11 21:24:40,488 [ERROR] LogOutputStream:75 - [STDERR_REDIRECT] [Fatal Error] :1:1: Premature end of file.
2025-06-11 21:24:40,488 [ERROR] LogOutputStream:75 - [STDERR_REDIRECT] 
2025-06-11 21:24:41,463 [ERROR] LogOutputStream:75 - [STDERR_REDIRECT] [Fatal Error] :1:1: Premature end of file.
2025-06-11 21:24:41,464 [ERROR] LogOutputStream:75 - [STDERR_REDIRECT] 
2025-06-11 21:24:42,467 [ERROR] LogOutputStream:75 - [STDERR_REDIRECT] [Fatal Error] :1:1: Premature end of file.
2025-06-11 21:24:42,468 [ERROR] LogOutputStream:75 - [STDERR_REDIRECT] 
2025-06-11 21:24:43,471 [ERROR] LogOutputStream:75 - [STDERR_REDIRECT] [Fatal Error] :1:1: Premature end of file.
2025-06-11 21:24:43,471 [ERROR] LogOutputStream:75 - [STDERR_REDIRECT] 
2025-06-11 21:24:44,475 [ERROR] LogOutputStream:75 - [STDERR_REDIRECT] [Fatal Error] :1:1: Premature end of file.
2025-06-11 21:24:44,476 [ERROR] LogOutputStream:75 - [STDERR_REDIRECT] 
2025-06-11 21:24:45,444 [ERROR] LogOutputStream:75 - [STDERR_REDIRECT] [Fatal Error] :1:1: Premature end of file.
2025-06-11 21:24:45,444 [ERROR] LogOutputStream:75 - [STDERR_REDIRECT] 
2025-06-11 21:24:46,470 [ERROR] LogOutputStream:75 - [STDERR_REDIRECT] [Fatal Error] :1:1: Premature end of file.
2025-06-11 21:24:46,470 [ERROR] LogOutputStream:75 - [STDERR_REDIRECT] 
2025-06-11 21:24:47,475 [ERROR] LogOutputStream:75 - [STDERR_REDIRECT] [Fatal Error] :1:1: Premature end of file.
2025-06-11 21:24:47,476 [ERROR] LogOutputStream:75 - [STDERR_REDIRECT] 
2025-06-11 21:24:48,480 [ERROR] LogOutputStream:75 - [STDERR_REDIRECT] [Fatal Error] :1:1: Premature end of file.
2025-06-11 21:24:48,481 [ERROR] LogOutputStream:75 - [STDERR_REDIRECT] 
2025-06-11 21:24:49,478 [ERROR] LogOutputStream:75 - [STDERR_REDIRECT] [Fatal Error] :1:1: Premature end of file.
2025-06-11 21:24:49,478 [ERROR] LogOutputStream:75 - [STDERR_REDIRECT] 
2025-06-11 21:24:50,462 [ERROR] LogOutputStream:75 - [STDERR_REDIRECT] [Fatal Error] :1:1: Premature end of file.
2025-06-11 21:24:50,463 [ERROR] LogOutputStream:75 - [STDERR_REDIRECT] 
2025-06-11 21:24:51,460 [ERROR] LogOutputStream:75 - [STDERR_REDIRECT] [Fatal Error] :1:1: Premature end of file.
2025-06-11 21:24:51,460 [ERROR] LogOutputStream:75 - [STDERR_REDIRECT] 
2025-06-11 21:24:52,471 [ERROR] LogOutputStream:75 - [STDERR_REDIRECT] [Fatal Error] :1:1: Premature end of file.
2025-06-11 21:24:52,471 [ERROR] LogOutputStream:75 - [STDERR_REDIRECT] 
2025-06-11 21:24:53,456 [ERROR] LogOutputStream:75 - [STDERR_REDIRECT] [Fatal Error] :1:1: Premature end of file.
2025-06-11 21:24:53,456 [ERROR] LogOutputStream:75 - [STDERR_REDIRECT] 
2025-06-11 21:24:54,401 [ERROR] LogOutputStream:75 - [STDERR_REDIRECT] [Fatal Error] :1:1: Premature end of file.
2025-06-11 21:24:54,401 [ERROR] LogOutputStream:75 - [STDERR_REDIRECT] 
2025-06-11 21:24:55,376 [ERROR] LogOutputStream:75 - [STDERR_REDIRECT] [Fatal Error] :1:1: Premature end of file.
2025-06-11 21:24:55,376 [ERROR] LogOutputStream:75 - [STDERR_REDIRECT] 
2025-06-11 21:24:56,446 [ERROR] LogOutputStream:75 - [STDERR_REDIRECT] [Fatal Error] :1:1: Premature end of file.
2025-06-11 21:24:56,447 [ERROR] LogOutputStream:75 - [STDERR_REDIRECT] 
2025-06-11 21:24:57,464 [ERROR] LogOutputStream:75 - [STDERR_REDIRECT] [Fatal Error] :1:1: Premature end of file.
2025-06-11 21:24:57,465 [ERROR] LogOutputStream:75 - [STDERR_REDIRECT] 
2025-06-11 21:24:58,470 [ERROR] LogOutputStream:75 - [STDERR_REDIRECT] [Fatal Error] :1:1: Premature end of file.
2025-06-11 21:24:58,470 [ERROR] LogOutputStream:75 - [STDERR_REDIRECT] 
2025-06-11 21:24:59,475 [ERROR] LogOutputStream:75 - [STDERR_REDIRECT] [Fatal Error] :1:1: Premature end of file.
2025-06-11 21:24:59,475 [ERROR] LogOutputStream:75 - [STDERR_REDIRECT] 
2025-06-11 21:25:00,471 [ERROR] LogOutputStream:75 - [STDERR_REDIRECT] [Fatal Error] :1:1: Premature end of file.
2025-06-11 21:25:00,471 [ERROR] LogOutputStream:75 - [STDERR_REDIRECT] 
2025-06-11 21:25:01,474 [ERROR] LogOutputStream:75 - [STDERR_REDIRECT] [Fatal Error] :1:1: Premature end of file.
2025-06-11 21:25:01,474 [ERROR] LogOutputStream:75 - [STDERR_REDIRECT] 
2025-06-11 21:25:02,463 [ERROR] LogOutputStream:75 - [STDERR_REDIRECT] [Fatal Error] :1:1: Premature end of file.
2025-06-11 21:25:02,464 [ERROR] LogOutputStream:75 - [STDERR_REDIRECT] 
2025-06-11 21:25:03,468 [ERROR] LogOutputStream:75 - [STDERR_REDIRECT] [Fatal Error] :1:1: Premature end of file.
2025-06-11 21:25:03,469 [ERROR] LogOutputStream:75 - [STDERR_REDIRECT] 
2025-06-11 21:25:04,473 [ERROR] LogOutputStream:75 - [STDERR_REDIRECT] [Fatal Error] :1:1: Premature end of file.
2025-06-11 21:25:04,473 [ERROR] LogOutputStream:75 - [STDERR_REDIRECT] 
2025-06-11 21:25:05,475 [ERROR] LogOutputStream:75 - [STDERR_REDIRECT] [Fatal Error] :1:1: Premature end of file.
2025-06-11 21:25:05,475 [ERROR] LogOutputStream:75 - [STDERR_REDIRECT] 
2025-06-11 21:25:06,475 [ERROR] LogOutputStream:75 - [STDERR_REDIRECT] [Fatal Error] :1:1: Premature end of file.
2025-06-11 21:25:06,476 [ERROR] LogOutputStream:75 - [STDERR_REDIRECT] 
2025-06-11 21:25:07,461 [ERROR] LogOutputStream:75 - [STDERR_REDIRECT] [Fatal Error] :1:1: Premature end of file.
2025-06-11 21:25:07,461 [ERROR] LogOutputStream:75 - [STDERR_REDIRECT] 
2025-06-11 21:25:08,467 [ERROR] LogOutputStream:75 - [STDERR_REDIRECT] [Fatal Error] :1:1: Premature end of file.
2025-06-11 21:25:08,468 [ERROR] LogOutputStream:75 - [STDERR_REDIRECT] 
2025-06-11 21:25:09,464 [ERROR] LogOutputStream:75 - [STDERR_REDIRECT] [Fatal Error] :1:1: Premature end of file.
2025-06-11 21:25:09,465 [ERROR] LogOutputStream:75 - [STDERR_REDIRECT] 
2025-06-11 21:25:10,460 [ERROR] LogOutputStream:75 - [STDERR_REDIRECT] [Fatal Error] :1:1: Premature end of file.
2025-06-11 21:25:10,460 [ERROR] LogOutputStream:75 - [STDERR_REDIRECT] 
2025-06-11 21:25:11,477 [ERROR] LogOutputStream:75 - [STDERR_REDIRECT] [Fatal Error] :1:1: Premature end of file.
2025-06-11 21:25:11,478 [ERROR] LogOutputStream:75 - [STDERR_REDIRECT] 
2025-06-11 21:25:12,464 [ERROR] LogOutputStream:75 - [STDERR_REDIRECT] [Fatal Error] :1:1: Premature end of file.
2025-06-11 21:25:12,465 [ERROR] LogOutputStream:75 - [STDERR_REDIRECT] 
2025-06-11 21:25:13,468 [ERROR] LogOutputStream:75 - [STDERR_REDIRECT] [Fatal Error] :1:1: Premature end of file.
2025-06-11 21:25:13,469 [ERROR] LogOutputStream:75 - [STDERR_REDIRECT] 
2025-06-11 21:25:14,458 [ERROR] LogOutputStream:75 - [STDERR_REDIRECT] [Fatal Error] :1:1: Premature end of file.
2025-06-11 21:25:14,460 [ERROR] LogOutputStream:75 - [STDERR_REDIRECT] 
2025-06-11 21:25:15,468 [ERROR] LogOutputStream:75 - [STDERR_REDIRECT] [Fatal Error] :1:1: Premature end of file.
2025-06-11 21:25:15,468 [ERROR] LogOutputStream:75 - [STDERR_REDIRECT] 
2025-06-11 21:25:16,476 [ERROR] LogOutputStream:75 - [STDERR_REDIRECT] [Fatal Error] :1:1: Premature end of file.
2025-06-11 21:25:16,476 [ERROR] LogOutputStream:75 - [STDERR_REDIRECT] 
2025-06-11 21:25:17,474 [ERROR] LogOutputStream:75 - [STDERR_REDIRECT] [Fatal Error] :1:1: Premature end of file.
2025-06-11 21:25:17,476 [ERROR] LogOutputStream:75 - [STDERR_REDIRECT] 
2025-06-11 21:25:18,482 [ERROR] LogOutputStream:75 - [STDERR_REDIRECT] [Fatal Error] :1:1: Premature end of file.
2025-06-11 21:25:18,482 [ERROR] LogOutputStream:75 - [STDERR_REDIRECT] 
2025-06-11 21:25:19,477 [ERROR] LogOutputStream:75 - [STDERR_REDIRECT] [Fatal Error] :1:1: Premature end of file.
2025-06-11 21:25:19,478 [ERROR] LogOutputStream:75 - [STDERR_REDIRECT] 
2025-06-11 21:25:20,475 [ERROR] LogOutputStream:75 - [STDERR_REDIRECT] [Fatal Error] :1:1: Premature end of file.
2025-06-11 21:25:20,476 [ERROR] LogOutputStream:75 - [STDERR_REDIRECT] 
2025-06-11 21:25:21,467 [ERROR] LogOutputStream:75 - [STDERR_REDIRECT] [Fatal Error] :1:1: Premature end of file.
2025-06-11 21:25:21,468 [ERROR] LogOutputStream:75 - [STDERR_REDIRECT] 
2025-06-11 21:25:22,469 [ERROR] LogOutputStream:75 - [STDERR_REDIRECT] [Fatal Error] :1:1: Premature end of file.
2025-06-11 21:25:22,470 [ERROR] LogOutputStream:75 - [STDERR_REDIRECT] 
2025-06-11 21:25:23,464 [ERROR] LogOutputStream:75 - [STDERR_REDIRECT] [Fatal Error] :1:1: Premature end of file.
2025-06-11 21:25:23,465 [ERROR] LogOutputStream:75 - [STDERR_REDIRECT] 
2025-06-11 21:25:24,461 [ERROR] LogOutputStream:75 - [STDERR_REDIRECT] [Fatal Error] :1:1: Premature end of file.
2025-06-11 21:25:24,461 [ERROR] LogOutputStream:75 - [STDERR_REDIRECT] 
2025-06-11 21:25:25,483 [ERROR] LogOutputStream:75 - [STDERR_REDIRECT] [Fatal Error] :1:1: Premature end of file.
2025-06-11 21:25:25,484 [ERROR] LogOutputStream:75 - [STDERR_REDIRECT] 
2025-06-11 21:25:26,474 [ERROR] LogOutputStream:75 - [STDERR_REDIRECT] [Fatal Error] :1:1: Premature end of file.
2025-06-11 21:25:26,474 [ERROR] LogOutputStream:75 - [STDERR_REDIRECT] 
2025-06-11 21:25:27,488 [ERROR] LogOutputStream:75 - [STDERR_REDIRECT] [Fatal Error] :1:1: Premature end of file.
2025-06-11 21:25:27,489 [ERROR] LogOutputStream:75 - [STDERR_REDIRECT] 
2025-06-11 21:25:28,476 [ERROR] LogOutputStream:75 - [STDERR_REDIRECT] [Fatal Error] :1:1: Premature end of file.
2025-06-11 21:25:28,477 [ERROR] LogOutputStream:75 - [STDERR_REDIRECT] 
2025-06-11 21:25:29,476 [ERROR] LogOutputStream:75 - [STDERR_REDIRECT] [Fatal Error] :1:1: Premature end of file.
2025-06-11 21:25:29,476 [ERROR] LogOutputStream:75 - [STDERR_REDIRECT] 
2025-06-11 21:25:30,474 [ERROR] LogOutputStream:75 - [STDERR_REDIRECT] [Fatal Error] :1:1: Premature end of file.
2025-06-11 21:25:30,474 [ERROR] LogOutputStream:75 - [STDERR_REDIRECT] 
2025-06-11 21:25:31,482 [ERROR] LogOutputStream:75 - [STDERR_REDIRECT] [Fatal Error] :1:1: Premature end of file.
2025-06-11 21:25:31,482 [ERROR] LogOutputStream:75 - [STDERR_REDIRECT] 
2025-06-11 21:25:32,473 [ERROR] LogOutputStream:75 - [STDERR_REDIRECT] [Fatal Error] :1:1: Premature end of file.
2025-06-11 21:25:32,473 [ERROR] LogOutputStream:75 - [STDERR_REDIRECT] 
2025-06-11 21:25:33,468 [ERROR] LogOutputStream:75 - [STDERR_REDIRECT] [Fatal Error] :1:1: Premature end of file.
2025-06-11 21:25:33,469 [ERROR] LogOutputStream:75 - [STDERR_REDIRECT] 
2025-06-11 21:25:34,462 [ERROR] LogOutputStream:75 - [STDERR_REDIRECT] [Fatal Error] :1:1: Premature end of file.
2025-06-11 21:25:34,463 [ERROR] LogOutputStream:75 - [STDERR_REDIRECT] 
2025-06-11 21:25:35,486 [ERROR] LogOutputStream:75 - [STDERR_REDIRECT] [Fatal Error] :1:1: Premature end of file.
2025-06-11 21:25:35,486 [ERROR] LogOutputStream:75 - [STDERR_REDIRECT] 
2025-06-11 21:25:36,411 [ERROR] LogOutputStream:75 - [STDERR_REDIRECT] [Fatal Error] :1:1: Premature end of file.
2025-06-11 21:25:36,411 [ERROR] LogOutputStream:75 - [STDERR_REDIRECT] 
2025-06-11 21:25:37,422 [ERROR] LogOutputStream:75 - [STDERR_REDIRECT] [Fatal Error] :1:1: Premature end of file.
2025-06-11 21:25:37,422 [ERROR] LogOutputStream:75 - [STDERR_REDIRECT] 
2025-06-11 21:25:38,479 [ERROR] LogOutputStream:75 - [STDERR_REDIRECT] [Fatal Error] :1:1: Premature end of file.
2025-06-11 21:25:38,480 [ERROR] LogOutputStream:75 - [STDERR_REDIRECT] 
2025-06-11 21:25:39,477 [ERROR] LogOutputStream:75 - [STDERR_REDIRECT] [Fatal Error] :1:1: Premature end of file.
2025-06-11 21:25:39,478 [ERROR] LogOutputStream:75 - [STDERR_REDIRECT] 
2025-06-11 21:25:40,473 [ERROR] LogOutputStream:75 - [STDERR_REDIRECT] [Fatal Error] :1:1: Premature end of file.
2025-06-11 21:25:40,474 [ERROR] LogOutputStream:75 - [STDERR_REDIRECT] 
2025-06-11 21:25:41,474 [ERROR] LogOutputStream:75 - [STDERR_REDIRECT] [Fatal Error] :1:1: Premature end of file.
2025-06-11 21:25:41,475 [ERROR] LogOutputStream:75 - [STDERR_REDIRECT] 
2025-06-11 21:25:42,475 [ERROR] LogOutputStream:75 - [STDERR_REDIRECT] [Fatal Error] :1:1: Premature end of file.
2025-06-11 21:25:42,476 [ERROR] LogOutputStream:75 - [STDERR_REDIRECT] 
2025-06-11 21:25:43,478 [ERROR] LogOutputStream:75 - [STDERR_REDIRECT] [Fatal Error] :1:1: Premature end of file.
2025-06-11 21:25:43,478 [ERROR] LogOutputStream:75 - [STDERR_REDIRECT] 
2025-06-11 21:25:44,465 [ERROR] LogOutputStream:75 - [STDERR_REDIRECT] [Fatal Error] :1:1: Premature end of file.
2025-06-11 21:25:44,465 [ERROR] LogOutputStream:75 - [STDERR_REDIRECT] 
2025-06-11 21:25:45,472 [ERROR] LogOutputStream:75 - [STDERR_REDIRECT] [Fatal Error] :1:1: Premature end of file.
2025-06-11 21:25:45,473 [ERROR] LogOutputStream:75 - [STDERR_REDIRECT] 
2025-06-11 21:25:46,460 [ERROR] LogOutputStream:75 - [STDERR_REDIRECT] [Fatal Error] :1:1: Premature end of file.
2025-06-11 21:25:46,460 [ERROR] LogOutputStream:75 - [STDERR_REDIRECT] 
2025-06-11 21:25:47,410 [ERROR] LogOutputStream:75 - [STDERR_REDIRECT] [Fatal Error] :1:1: Premature end of file.
2025-06-11 21:25:47,410 [ERROR] LogOutputStream:75 - [STDERR_REDIRECT] 
2025-06-11 21:25:48,409 [ERROR] LogOutputStream:75 - [STDERR_REDIRECT] [Fatal Error] :1:1: Premature end of file.
2025-06-11 21:25:48,409 [ERROR] LogOutputStream:75 - [STDERR_REDIRECT] 
2025-06-11 21:25:49,478 [ERROR] LogOutputStream:75 - [STDERR_REDIRECT] [Fatal Error] :1:1: Premature end of file.
2025-06-11 21:25:49,478 [ERROR] LogOutputStream:75 - [STDERR_REDIRECT] 
2025-06-11 21:25:50,480 [ERROR] LogOutputStream:75 - [STDERR_REDIRECT] [Fatal Error] :1:1: Premature end of file.
2025-06-11 21:25:50,481 [ERROR] LogOutputStream:75 - [STDERR_REDIRECT] 
2025-06-11 21:25:51,471 [ERROR] LogOutputStream:75 - [STDERR_REDIRECT] [Fatal Error] :1:1: Premature end of file.
2025-06-11 21:25:51,472 [ERROR] LogOutputStream:75 - [STDERR_REDIRECT] 
2025-06-11 21:25:52,467 [ERROR] LogOutputStream:75 - [STDERR_REDIRECT] [Fatal Error] :1:1: Premature end of file.
2025-06-11 21:25:52,468 [ERROR] LogOutputStream:75 - [STDERR_REDIRECT] 
2025-06-11 21:25:53,464 [ERROR] LogOutputStream:75 - [STDERR_REDIRECT] [Fatal Error] :1:1: Premature end of file.
2025-06-11 21:25:53,465 [ERROR] LogOutputStream:75 - [STDERR_REDIRECT] 
2025-06-11 21:25:54,476 [ERROR] LogOutputStream:75 - [STDERR_REDIRECT] [Fatal Error] :1:1: Premature end of file.
2025-06-11 21:25:54,477 [ERROR] LogOutputStream:75 - [STDERR_REDIRECT] 
2025-06-11 21:25:55,487 [ERROR] LogOutputStream:75 - [STDERR_REDIRECT] [Fatal Error] :1:1: Premature end of file.
2025-06-11 21:25:55,488 [ERROR] LogOutputStream:75 - [STDERR_REDIRECT] 
2025-06-11 21:25:56,368 [ERROR] LogOutputStream:75 - [STDERR_REDIRECT] [Fatal Error] :1:1: Premature end of file.
2025-06-11 21:25:56,368 [ERROR] LogOutputStream:75 - [STDERR_REDIRECT] 
2025-06-11 21:25:57,373 [ERROR] LogOutputStream:75 - [STDERR_REDIRECT] [Fatal Error] :1:1: Premature end of file.
2025-06-11 21:25:57,374 [ERROR] LogOutputStream:75 - [STDERR_REDIRECT] 
2025-06-11 21:25:58,397 [ERROR] LogOutputStream:75 - [STDERR_REDIRECT] [Fatal Error] :1:1: Premature end of file.
2025-06-11 21:25:58,398 [ERROR] LogOutputStream:75 - [STDERR_REDIRECT] 
2025-06-11 21:25:59,476 [ERROR] LogOutputStream:75 - [STDERR_REDIRECT] [Fatal Error] :1:1: Premature end of file.
2025-06-11 21:25:59,476 [ERROR] LogOutputStream:75 - [STDERR_REDIRECT] 
2025-06-11 21:26:00,478 [ERROR] LogOutputStream:75 - [STDERR_REDIRECT] [Fatal Error] :1:1: Premature end of file.
2025-06-11 21:26:00,479 [ERROR] LogOutputStream:75 - [STDERR_REDIRECT] 
2025-06-11 21:26:01,470 [ERROR] LogOutputStream:75 - [STDERR_REDIRECT] [Fatal Error] :1:1: Premature end of file.
2025-06-11 21:26:01,470 [ERROR] LogOutputStream:75 - [STDERR_REDIRECT] 
2025-06-11 21:26:02,463 [ERROR] LogOutputStream:75 - [STDERR_REDIRECT] [Fatal Error] :1:1: Premature end of file.
2025-06-11 21:26:02,464 [ERROR] LogOutputStream:75 - [STDERR_REDIRECT] 
2025-06-11 21:26:03,460 [ERROR] LogOutputStream:75 - [STDERR_REDIRECT] [Fatal Error] :1:1: Premature end of file.
2025-06-11 21:26:03,460 [ERROR] LogOutputStream:75 - [STDERR_REDIRECT] 
2025-06-11 21:26:04,474 [ERROR] LogOutputStream:75 - [STDERR_REDIRECT] [Fatal Error] :1:1: Premature end of file.
2025-06-11 21:26:04,474 [ERROR] LogOutputStream:75 - [STDERR_REDIRECT] 
2025-06-11 21:26:05,474 [ERROR] LogOutputStream:75 - [STDERR_REDIRECT] [Fatal Error] :1:1: Premature end of file.
2025-06-11 21:26:05,475 [ERROR] LogOutputStream:75 - [STDERR_REDIRECT] 
2025-06-11 21:26:06,474 [ERROR] LogOutputStream:75 - [STDERR_REDIRECT] [Fatal Error] :1:1: Premature end of file.
2025-06-11 21:26:06,475 [ERROR] LogOutputStream:75 - [STDERR_REDIRECT] 
2025-06-11 21:26:07,459 [ERROR] LogOutputStream:75 - [STDERR_REDIRECT] [Fatal Error] :1:1: Premature end of file.
2025-06-11 21:26:07,460 [ERROR] LogOutputStream:75 - [STDERR_REDIRECT] 
2025-06-11 21:26:08,475 [ERROR] LogOutputStream:75 - [STDERR_REDIRECT] [Fatal Error] :1:1: Premature end of file.
2025-06-11 21:26:08,476 [ERROR] LogOutputStream:75 - [STDERR_REDIRECT] 
2025-06-11 21:26:09,461 [ERROR] LogOutputStream:75 - [STDERR_REDIRECT] [Fatal Error] :1:1: Premature end of file.
2025-06-11 21:26:09,461 [ERROR] LogOutputStream:75 - [STDERR_REDIRECT] 
2025-06-11 21:26:10,467 [ERROR] LogOutputStream:75 - [STDERR_REDIRECT] [Fatal Error] :1:1: Premature end of file.
2025-06-11 21:26:10,468 [ERROR] LogOutputStream:75 - [STDERR_REDIRECT] 
2025-06-11 21:26:11,467 [ERROR] LogOutputStream:75 - [STDERR_REDIRECT] [Fatal Error] :1:1: Premature end of file.
2025-06-11 21:26:11,467 [ERROR] LogOutputStream:75 - [STDERR_REDIRECT] 
2025-06-11 21:26:12,465 [ERROR] LogOutputStream:75 - [STDERR_REDIRECT] [Fatal Error] :1:1: Premature end of file.
2025-06-11 21:26:12,466 [ERROR] LogOutputStream:75 - [STDERR_REDIRECT] 
2025-06-11 21:26:13,473 [ERROR] LogOutputStream:75 - [STDERR_REDIRECT] [Fatal Error] :1:1: Premature end of file.
2025-06-11 21:26:13,474 [ERROR] LogOutputStream:75 - [STDERR_REDIRECT] 
2025-06-11 21:26:14,469 [ERROR] LogOutputStream:75 - [STDERR_REDIRECT] [Fatal Error] :1:1: Premature end of file.
2025-06-11 21:26:14,470 [ERROR] LogOutputStream:75 - [STDERR_REDIRECT] 
2025-06-11 21:26:15,491 [ERROR] LogOutputStream:75 - [STDERR_REDIRECT] [Fatal Error] :1:1: Premature end of file.
2025-06-11 21:26:15,491 [ERROR] LogOutputStream:75 - [STDERR_REDIRECT] 
2025-06-11 21:26:16,483 [ERROR] LogOutputStream:75 - [STDERR_REDIRECT] [Fatal Error] :1:1: Premature end of file.
2025-06-11 21:26:16,484 [ERROR] LogOutputStream:75 - [STDERR_REDIRECT] 
2025-06-11 21:26:17,485 [ERROR] LogOutputStream:75 - [STDERR_REDIRECT] [Fatal Error] :1:1: Premature end of file.
2025-06-11 21:26:17,485 [ERROR] LogOutputStream:75 - [STDERR_REDIRECT] 
2025-06-11 21:26:18,475 [ERROR] LogOutputStream:75 - [STDERR_REDIRECT] [Fatal Error] :1:1: Premature end of file.
2025-06-11 21:26:18,476 [ERROR] LogOutputStream:75 - [STDERR_REDIRECT] 
2025-06-11 21:26:19,481 [ERROR] LogOutputStream:75 - [STDERR_REDIRECT] [Fatal Error] :1:1: Premature end of file.
2025-06-11 21:26:19,481 [ERROR] LogOutputStream:75 - [STDERR_REDIRECT] 
2025-06-11 21:26:20,466 [ERROR] LogOutputStream:75 - [STDERR_REDIRECT] [Fatal Error] :1:1: Premature end of file.
2025-06-11 21:26:20,466 [ERROR] LogOutputStream:75 - [STDERR_REDIRECT] 
2025-06-11 21:26:21,468 [ERROR] LogOutputStream:75 - [STDERR_REDIRECT] [Fatal Error] :1:1: Premature end of file.
2025-06-11 21:26:21,469 [ERROR] LogOutputStream:75 - [STDERR_REDIRECT] 
2025-06-11 21:26:22,473 [ERROR] LogOutputStream:75 - [STDERR_REDIRECT] [Fatal Error] :1:1: Premature end of file.
2025-06-11 21:26:22,474 [ERROR] LogOutputStream:75 - [STDERR_REDIRECT] 
2025-06-11 21:26:23,467 [ERROR] LogOutputStream:75 - [STDERR_REDIRECT] [Fatal Error] :1:1: Premature end of file.
2025-06-11 21:26:23,468 [ERROR] LogOutputStream:75 - [STDERR_REDIRECT] 
2025-06-11 21:26:24,477 [ERROR] LogOutputStream:75 - [STDERR_REDIRECT] [Fatal Error] :1:1: Premature end of file.
2025-06-11 21:26:24,478 [ERROR] LogOutputStream:75 - [STDERR_REDIRECT] 
2025-06-11 21:26:25,483 [ERROR] LogOutputStream:75 - [STDERR_REDIRECT] [Fatal Error] :1:1: Premature end of file.
2025-06-11 21:26:25,484 [ERROR] LogOutputStream:75 - [STDERR_REDIRECT] 
2025-06-11 21:26:26,490 [ERROR] LogOutputStream:75 - [STDERR_REDIRECT] [Fatal Error] :1:1: Premature end of file.
2025-06-11 21:26:26,490 [ERROR] LogOutputStream:75 - [STDERR_REDIRECT] 
2025-06-11 21:26:27,465 [ERROR] LogOutputStream:75 - [STDERR_REDIRECT] [Fatal Error] :1:1: Premature end of file.
2025-06-11 21:26:27,466 [ERROR] LogOutputStream:75 - [STDERR_REDIRECT] 
2025-06-11 21:26:28,483 [ERROR] LogOutputStream:75 - [STDERR_REDIRECT] [Fatal Error] :1:1: Premature end of file.
2025-06-11 21:26:28,483 [ERROR] LogOutputStream:75 - [STDERR_REDIRECT] 
2025-06-11 21:26:29,481 [ERROR] LogOutputStream:75 - [STDERR_REDIRECT] [Fatal Error] :1:1: Premature end of file.
2025-06-11 21:26:29,482 [ERROR] LogOutputStream:75 - [STDERR_REDIRECT] 
2025-06-11 21:26:30,476 [ERROR] LogOutputStream:75 - [STDERR_REDIRECT] [Fatal Error] :1:1: Premature end of file.
2025-06-11 21:26:30,476 [ERROR] LogOutputStream:75 - [STDERR_REDIRECT] 
2025-06-11 21:26:31,467 [ERROR] LogOutputStream:75 - [STDERR_REDIRECT] [Fatal Error] :1:1: Premature end of file.
2025-06-11 21:26:31,468 [ERROR] LogOutputStream:75 - [STDERR_REDIRECT] 
2025-06-11 21:26:32,468 [ERROR] LogOutputStream:75 - [STDERR_REDIRECT] [Fatal Error] :1:1: Premature end of file.
2025-06-11 21:26:32,469 [ERROR] LogOutputStream:75 - [STDERR_REDIRECT] 
2025-06-11 21:26:33,466 [ERROR] LogOutputStream:75 - [STDERR_REDIRECT] [Fatal Error] :1:1: Premature end of file.
2025-06-11 21:26:33,468 [ERROR] LogOutputStream:75 - [STDERR_REDIRECT] 
2025-06-11 21:26:34,460 [ERROR] LogOutputStream:75 - [STDERR_REDIRECT] [Fatal Error] :1:1: Premature end of file.
2025-06-11 21:26:34,460 [ERROR] LogOutputStream:75 - [STDERR_REDIRECT] 
2025-06-11 21:26:35,465 [ERROR] LogOutputStream:75 - [STDERR_REDIRECT] [Fatal Error] :1:1: Premature end of file.
2025-06-11 21:26:35,465 [ERROR] LogOutputStream:75 - [STDERR_REDIRECT] 
2025-06-11 21:26:36,481 [ERROR] LogOutputStream:75 - [STDERR_REDIRECT] [Fatal Error] :1:1: Premature end of file.
2025-06-11 21:26:36,482 [ERROR] LogOutputStream:75 - [STDERR_REDIRECT] 
2025-06-11 21:26:37,389 [ERROR] LogOutputStream:75 - [STDERR_REDIRECT] [Fatal Error] :1:1: Premature end of file.
2025-06-11 21:26:37,389 [ERROR] LogOutputStream:75 - [STDERR_REDIRECT] 
2025-06-11 21:26:38,473 [ERROR] LogOutputStream:75 - [STDERR_REDIRECT] [Fatal Error] :1:1: Premature end of file.
2025-06-11 21:26:38,473 [ERROR] LogOutputStream:75 - [STDERR_REDIRECT] 
2025-06-11 21:26:39,459 [ERROR] LogOutputStream:75 - [STDERR_REDIRECT] [Fatal Error] :1:1: Premature end of file.
2025-06-11 21:26:39,459 [ERROR] LogOutputStream:75 - [STDERR_REDIRECT] 
2025-06-11 21:26:40,483 [ERROR] LogOutputStream:75 - [STDERR_REDIRECT] [Fatal Error] :1:1: Premature end of file.
2025-06-11 21:26:40,483 [ERROR] LogOutputStream:75 - [STDERR_REDIRECT] 
2025-06-11 21:26:41,470 [ERROR] LogOutputStream:75 - [STDERR_REDIRECT] [Fatal Error] :1:1: Premature end of file.
2025-06-11 21:26:41,470 [ERROR] LogOutputStream:75 - [STDERR_REDIRECT] 
2025-06-11 21:26:42,475 [ERROR] LogOutputStream:75 - [STDERR_REDIRECT] [Fatal Error] :1:1: Premature end of file.
2025-06-11 21:26:42,475 [ERROR] LogOutputStream:75 - [STDERR_REDIRECT] 
2025-06-11 21:26:43,462 [ERROR] LogOutputStream:75 - [STDERR_REDIRECT] [Fatal Error] :1:1: Premature end of file.
2025-06-11 21:26:43,463 [ERROR] LogOutputStream:75 - [STDERR_REDIRECT] 
2025-06-11 21:26:44,470 [ERROR] LogOutputStream:75 - [STDERR_REDIRECT] [Fatal Error] :1:1: Premature end of file.
2025-06-11 21:26:44,470 [ERROR] LogOutputStream:75 - [STDERR_REDIRECT] 
2025-06-11 21:26:45,490 [ERROR] LogOutputStream:75 - [STDERR_REDIRECT] [Fatal Error] :1:1: Premature end of file.
2025-06-11 21:26:45,490 [ERROR] LogOutputStream:75 - [STDERR_REDIRECT] 
2025-06-11 21:26:46,478 [ERROR] LogOutputStream:75 - [STDERR_REDIRECT] [Fatal Error] :1:1: Premature end of file.
2025-06-11 21:26:46,478 [ERROR] LogOutputStream:75 - [STDERR_REDIRECT] 
2025-06-11 21:26:47,458 [ERROR] LogOutputStream:75 - [STDERR_REDIRECT] [Fatal Error] :1:1: Premature end of file.
2025-06-11 21:26:47,458 [ERROR] LogOutputStream:75 - [STDERR_REDIRECT] 
2025-06-11 21:26:48,484 [ERROR] LogOutputStream:75 - [STDERR_REDIRECT] [Fatal Error] :1:1: Premature end of file.
2025-06-11 21:26:48,485 [ERROR] LogOutputStream:75 - [STDERR_REDIRECT] 
2025-06-11 21:26:49,478 [ERROR] LogOutputStream:75 - [STDERR_REDIRECT] [Fatal Error] :1:1: Premature end of file.
2025-06-11 21:26:49,479 [ERROR] LogOutputStream:75 - [STDERR_REDIRECT] 
2025-06-11 21:26:50,367 [ERROR] LogOutputStream:75 - [STDERR_REDIRECT] [Fatal Error] :1:1: Premature end of file.
2025-06-11 21:26:50,367 [ERROR] LogOutputStream:75 - [STDERR_REDIRECT] 
2025-06-11 21:26:51,490 [ERROR] LogOutputStream:75 - [STDERR_REDIRECT] [Fatal Error] :1:1: Premature end of file.
2025-06-11 21:26:51,491 [ERROR] LogOutputStream:75 - [STDERR_REDIRECT] 
2025-06-11 21:26:52,440 [ERROR] LogOutputStream:75 - [STDERR_REDIRECT] [Fatal Error] :1:1: Premature end of file.
2025-06-11 21:26:52,441 [ERROR] LogOutputStream:75 - [STDERR_REDIRECT] 
2025-06-11 21:26:53,367 [ERROR] LogOutputStream:75 - [STDERR_REDIRECT] [Fatal Error] :1:1: Premature end of file.
2025-06-11 21:26:53,368 [ERROR] LogOutputStream:75 - [STDERR_REDIRECT] 
2025-06-11 21:26:54,385 [ERROR] LogOutputStream:75 - [STDERR_REDIRECT] [Fatal Error] :1:1: Premature end of file.
2025-06-11 21:26:54,385 [ERROR] LogOutputStream:75 - [STDERR_REDIRECT] 
2025-06-11 21:26:55,378 [ERROR] LogOutputStream:75 - [STDERR_REDIRECT] [Fatal Error] :1:1: Premature end of file.
2025-06-11 21:26:55,378 [ERROR] LogOutputStream:75 - [STDERR_REDIRECT] 
2025-06-11 21:26:56,475 [ERROR] LogOutputStream:75 - [STDERR_REDIRECT] [Fatal Error] :1:1: Premature end of file.
2025-06-11 21:26:56,476 [ERROR] LogOutputStream:75 - [STDERR_REDIRECT] 
2025-06-11 21:26:57,437 [ERROR] LogOutputStream:75 - [STDERR_REDIRECT] [Fatal Error] :1:1: Premature end of file.
2025-06-11 21:26:57,437 [ERROR] LogOutputStream:75 - [STDERR_REDIRECT] 
2025-06-11 21:26:58,453 [ERROR] LogOutputStream:75 - [STDERR_REDIRECT] [Fatal Error] :1:1: Premature end of file.
2025-06-11 21:26:58,453 [ERROR] LogOutputStream:75 - [STDERR_REDIRECT] 
2025-06-11 21:26:59,369 [ERROR] LogOutputStream:75 - [STDERR_REDIRECT] [Fatal Error] :1:1: Premature end of file.
2025-06-11 21:26:59,369 [ERROR] LogOutputStream:75 - [STDERR_REDIRECT] 
2025-06-11 21:27:00,373 [ERROR] LogOutputStream:75 - [STDERR_REDIRECT] [Fatal Error] :1:1: Premature end of file.
2025-06-11 21:27:00,373 [ERROR] LogOutputStream:75 - [STDERR_REDIRECT] 
2025-06-11 21:27:01,416 [ERROR] LogOutputStream:75 - [STDERR_REDIRECT] [Fatal Error] :1:1: Premature end of file.
2025-06-11 21:27:01,417 [ERROR] LogOutputStream:75 - [STDERR_REDIRECT] 
2025-06-11 21:27:02,479 [ERROR] LogOutputStream:75 - [STDERR_REDIRECT] [Fatal Error] :1:1: Premature end of file.
2025-06-11 21:27:02,479 [ERROR] LogOutputStream:75 - [STDERR_REDIRECT] 
2025-06-11 21:27:03,485 [ERROR] LogOutputStream:75 - [STDERR_REDIRECT] [Fatal Error] :1:1: Premature end of file.
2025-06-11 21:27:03,486 [ERROR] LogOutputStream:75 - [STDERR_REDIRECT] 
2025-06-11 21:27:04,403 [ERROR] LogOutputStream:75 - [STDERR_REDIRECT] [Fatal Error] :1:1: Premature end of file.
2025-06-11 21:27:04,403 [ERROR] LogOutputStream:75 - [STDERR_REDIRECT] 
2025-06-11 21:27:05,370 [ERROR] LogOutputStream:75 - [STDERR_REDIRECT] [Fatal Error] :1:1: Premature end of file.
2025-06-11 21:27:05,371 [ERROR] LogOutputStream:75 - [STDERR_REDIRECT] 
2025-06-11 21:27:06,372 [ERROR] LogOutputStream:75 - [STDERR_REDIRECT] [Fatal Error] :1:1: Premature end of file.
2025-06-11 21:27:06,372 [ERROR] LogOutputStream:75 - [STDERR_REDIRECT] 
2025-06-11 21:27:07,478 [ERROR] LogOutputStream:75 - [STDERR_REDIRECT] [Fatal Error] :1:1: Premature end of file.
2025-06-11 21:27:07,479 [ERROR] LogOutputStream:75 - [STDERR_REDIRECT] 
2025-06-11 21:27:08,482 [ERROR] LogOutputStream:75 - [STDERR_REDIRECT] [Fatal Error] :1:1: Premature end of file.
2025-06-11 21:27:08,482 [ERROR] LogOutputStream:75 - [STDERR_REDIRECT] 
2025-06-11 21:27:09,476 [ERROR] LogOutputStream:75 - [STDERR_REDIRECT] [Fatal Error] :1:1: Premature end of file.
2025-06-11 21:27:09,477 [ERROR] LogOutputStream:75 - [STDERR_REDIRECT] 
2025-06-11 21:27:10,466 [ERROR] LogOutputStream:75 - [STDERR_REDIRECT] [Fatal Error] :1:1: Premature end of file.
2025-06-11 21:27:10,467 [ERROR] LogOutputStream:75 - [STDERR_REDIRECT] 
2025-06-11 21:27:11,467 [ERROR] LogOutputStream:75 - [STDERR_REDIRECT] [Fatal Error] :1:1: Premature end of file.
2025-06-11 21:27:11,467 [ERROR] LogOutputStream:75 - [STDERR_REDIRECT] 
2025-06-11 21:27:12,478 [ERROR] LogOutputStream:75 - [STDERR_REDIRECT] [Fatal Error] :1:1: Premature end of file.
2025-06-11 21:27:12,480 [ERROR] LogOutputStream:75 - [STDERR_REDIRECT] 
2025-06-11 21:27:13,467 [ERROR] LogOutputStream:75 - [STDERR_REDIRECT] [Fatal Error] :1:1: Premature end of file.
2025-06-11 21:27:13,468 [ERROR] LogOutputStream:75 - [STDERR_REDIRECT] 
2025-06-11 21:27:14,466 [ERROR] LogOutputStream:75 - [STDERR_REDIRECT] [Fatal Error] :1:1: Premature end of file.
2025-06-11 21:27:14,467 [ERROR] LogOutputStream:75 - [STDERR_REDIRECT] 
2025-06-11 21:27:15,466 [ERROR] LogOutputStream:75 - [STDERR_REDIRECT] [Fatal Error] :1:1: Premature end of file.
2025-06-11 21:27:15,467 [ERROR] LogOutputStream:75 - [STDERR_REDIRECT] 
2025-06-11 21:27:16,470 [ERROR] LogOutputStream:75 - [STDERR_REDIRECT] [Fatal Error] :1:1: Premature end of file.
2025-06-11 21:27:16,471 [ERROR] LogOutputStream:75 - [STDERR_REDIRECT] 
2025-06-11 21:27:17,475 [ERROR] LogOutputStream:75 - [STDERR_REDIRECT] [Fatal Error] :1:1: Premature end of file.
2025-06-11 21:27:17,476 [ERROR] LogOutputStream:75 - [STDERR_REDIRECT] 
2025-06-11 21:27:18,477 [ERROR] LogOutputStream:75 - [STDERR_REDIRECT] [Fatal Error] :1:1: Premature end of file.
2025-06-11 21:27:18,478 [ERROR] LogOutputStream:75 - [STDERR_REDIRECT] 
2025-06-11 21:27:19,476 [ERROR] LogOutputStream:75 - [STDERR_REDIRECT] [Fatal Error] :1:1: Premature end of file.
2025-06-11 21:27:19,476 [ERROR] LogOutputStream:75 - [STDERR_REDIRECT] 
2025-06-11 21:27:20,461 [ERROR] LogOutputStream:75 - [STDERR_REDIRECT] [Fatal Error] :1:1: Premature end of file.
2025-06-11 21:27:20,461 [ERROR] LogOutputStream:75 - [STDERR_REDIRECT] 
2025-06-11 21:27:21,461 [ERROR] LogOutputStream:75 - [STDERR_REDIRECT] [Fatal Error] :1:1: Premature end of file.
2025-06-11 21:27:21,462 [ERROR] LogOutputStream:75 - [STDERR_REDIRECT] 
2025-06-11 21:27:22,462 [ERROR] LogOutputStream:75 - [STDERR_REDIRECT] [Fatal Error] :1:1: Premature end of file.
2025-06-11 21:27:22,463 [ERROR] LogOutputStream:75 - [STDERR_REDIRECT] 
2025-06-11 21:27:23,468 [ERROR] LogOutputStream:75 - [STDERR_REDIRECT] [Fatal Error] :1:1: Premature end of file.
2025-06-11 21:27:23,468 [ERROR] LogOutputStream:75 - [STDERR_REDIRECT] 
2025-06-11 21:27:24,460 [ERROR] LogOutputStream:75 - [STDERR_REDIRECT] [Fatal Error] :1:1: Premature end of file.
2025-06-11 21:27:24,460 [ERROR] LogOutputStream:75 - [STDERR_REDIRECT] 
2025-06-11 21:27:25,465 [ERROR] LogOutputStream:75 - [STDERR_REDIRECT] [Fatal Error] :1:1: Premature end of file.
2025-06-11 21:27:25,466 [ERROR] LogOutputStream:75 - [STDERR_REDIRECT] 
2025-06-11 21:27:26,486 [ERROR] LogOutputStream:75 - [STDERR_REDIRECT] [Fatal Error] :1:1: Premature end of file.
2025-06-11 21:27:26,486 [ERROR] LogOutputStream:75 - [STDERR_REDIRECT] 
2025-06-11 21:27:27,452 [ERROR] LogOutputStream:75 - [STDERR_REDIRECT] [Fatal Error] :1:1: Premature end of file.
2025-06-11 21:27:27,452 [ERROR] LogOutputStream:75 - [STDERR_REDIRECT] 
2025-06-11 21:27:28,378 [ERROR] LogOutputStream:75 - [STDERR_REDIRECT] [Fatal Error] :1:1: Premature end of file.
2025-06-11 21:27:28,378 [ERROR] LogOutputStream:75 - [STDERR_REDIRECT] 
2025-06-11 21:27:29,473 [ERROR] LogOutputStream:75 - [STDERR_REDIRECT] [Fatal Error] :1:1: Premature end of file.
2025-06-11 21:27:29,473 [ERROR] LogOutputStream:75 - [STDERR_REDIRECT] 
2025-06-11 21:27:30,474 [ERROR] LogOutputStream:75 - [STDERR_REDIRECT] [Fatal Error] :1:1: Premature end of file.
2025-06-11 21:27:30,475 [ERROR] LogOutputStream:75 - [STDERR_REDIRECT] 
2025-06-11 21:27:31,472 [ERROR] LogOutputStream:75 - [STDERR_REDIRECT] [Fatal Error] :1:1: Premature end of file.
2025-06-11 21:27:31,472 [ERROR] LogOutputStream:75 - [STDERR_REDIRECT] 
2025-06-11 21:27:32,462 [ERROR] LogOutputStream:75 - [STDERR_REDIRECT] [Fatal Error] :1:1: Premature end of file.
2025-06-11 21:27:32,463 [ERROR] LogOutputStream:75 - [STDERR_REDIRECT] 
2025-06-11 21:27:33,477 [ERROR] LogOutputStream:75 - [STDERR_REDIRECT] [Fatal Error] :1:1: Premature end of file.
2025-06-11 21:27:33,477 [ERROR] LogOutputStream:75 - [STDERR_REDIRECT] 
2025-06-11 21:27:34,476 [ERROR] LogOutputStream:75 - [STDERR_REDIRECT] [Fatal Error] :1:1: Premature end of file.
2025-06-11 21:27:34,476 [ERROR] LogOutputStream:75 - [STDERR_REDIRECT] 
2025-06-11 21:27:35,438 [ERROR] LogOutputStream:75 - [STDERR_REDIRECT] [Fatal Error] :1:1: Premature end of file.
2025-06-11 21:27:35,439 [ERROR] LogOutputStream:75 - [STDERR_REDIRECT] 
2025-06-11 21:27:36,472 [ERROR] LogOutputStream:75 - [STDERR_REDIRECT] [Fatal Error] :1:1: Premature end of file.
2025-06-11 21:27:36,473 [ERROR] LogOutputStream:75 - [STDERR_REDIRECT] 
2025-06-11 21:27:37,470 [ERROR] LogOutputStream:75 - [STDERR_REDIRECT] [Fatal Error] :1:1: Premature end of file.
2025-06-11 21:27:37,471 [ERROR] LogOutputStream:75 - [STDERR_REDIRECT] 
2025-06-11 21:27:38,481 [ERROR] LogOutputStream:75 - [STDERR_REDIRECT] [Fatal Error] :1:1: Premature end of file.
2025-06-11 21:27:38,481 [ERROR] LogOutputStream:75 - [STDERR_REDIRECT] 
2025-06-11 21:27:39,478 [ERROR] LogOutputStream:75 - [STDERR_REDIRECT] [Fatal Error] :1:1: Premature end of file.
2025-06-11 21:27:39,478 [ERROR] LogOutputStream:75 - [STDERR_REDIRECT] 
2025-06-11 21:27:40,473 [ERROR] LogOutputStream:75 - [STDERR_REDIRECT] [Fatal Error] :1:1: Premature end of file.
2025-06-11 21:27:40,473 [ERROR] LogOutputStream:75 - [STDERR_REDIRECT] 
2025-06-11 21:27:41,469 [ERROR] LogOutputStream:75 - [STDERR_REDIRECT] [Fatal Error] :1:1: Premature end of file.
2025-06-11 21:27:41,470 [ERROR] LogOutputStream:75 - [STDERR_REDIRECT] 
2025-06-11 21:27:42,469 [ERROR] LogOutputStream:75 - [STDERR_REDIRECT] [Fatal Error] :1:1: Premature end of file.
2025-06-11 21:27:42,469 [ERROR] LogOutputStream:75 - [STDERR_REDIRECT] 
2025-06-11 21:27:43,470 [ERROR] LogOutputStream:75 - [STDERR_REDIRECT] [Fatal Error] :1:1: Premature end of file.
2025-06-11 21:27:43,471 [ERROR] LogOutputStream:75 - [STDERR_REDIRECT] 
2025-06-11 21:27:44,464 [ERROR] LogOutputStream:75 - [STDERR_REDIRECT] [Fatal Error] :1:1: Premature end of file.
2025-06-11 21:27:44,465 [ERROR] LogOutputStream:75 - [STDERR_REDIRECT] 
2025-06-11 21:27:45,489 [ERROR] LogOutputStream:75 - [STDERR_REDIRECT] [Fatal Error] :1:1: Premature end of file.
2025-06-11 21:27:45,489 [ERROR] LogOutputStream:75 - [STDERR_REDIRECT] 
2025-06-11 21:27:46,465 [ERROR] LogOutputStream:75 - [STDERR_REDIRECT] [Fatal Error] :1:1: Premature end of file.
2025-06-11 21:27:46,466 [ERROR] LogOutputStream:75 - [STDERR_REDIRECT] 
2025-06-11 21:27:47,483 [ERROR] LogOutputStream:75 - [STDERR_REDIRECT] [Fatal Error] :1:1: Premature end of file.
2025-06-11 21:27:47,484 [ERROR] LogOutputStream:75 - [STDERR_REDIRECT] 
2025-06-11 21:27:48,467 [ERROR] LogOutputStream:75 - [STDERR_REDIRECT] [Fatal Error] :1:1: Premature end of file.
2025-06-11 21:27:48,467 [ERROR] LogOutputStream:75 - [STDERR_REDIRECT] 
2025-06-11 21:27:49,478 [ERROR] LogOutputStream:75 - [STDERR_REDIRECT] [Fatal Error] :1:1: Premature end of file.
2025-06-11 21:27:49,478 [ERROR] LogOutputStream:75 - [STDERR_REDIRECT] 
2025-06-11 21:27:50,474 [ERROR] LogOutputStream:75 - [STDERR_REDIRECT] [Fatal Error] :1:1: Premature end of file.
2025-06-11 21:27:50,475 [ERROR] LogOutputStream:75 - [STDERR_REDIRECT] 
2025-06-11 21:27:51,472 [ERROR] LogOutputStream:75 - [STDERR_REDIRECT] [Fatal Error] :1:1: Premature end of file.
2025-06-11 21:27:51,472 [ERROR] LogOutputStream:75 - [STDERR_REDIRECT] 
2025-06-11 21:27:52,473 [ERROR] LogOutputStream:75 - [STDERR_REDIRECT] [Fatal Error] :1:1: Premature end of file.
2025-06-11 21:27:52,473 [ERROR] LogOutputStream:75 - [STDERR_REDIRECT] 
2025-06-11 21:27:53,466 [ERROR] LogOutputStream:75 - [STDERR_REDIRECT] [Fatal Error] :1:1: Premature end of file.
2025-06-11 21:27:53,466 [ERROR] LogOutputStream:75 - [STDERR_REDIRECT] 
2025-06-11 21:27:54,466 [ERROR] LogOutputStream:75 - [STDERR_REDIRECT] [Fatal Error] :1:1: Premature end of file.
2025-06-11 21:27:54,466 [ERROR] LogOutputStream:75 - [STDERR_REDIRECT] 
2025-06-11 21:27:55,466 [ERROR] LogOutputStream:75 - [STDERR_REDIRECT] [Fatal Error] :1:1: Premature end of file.
2025-06-11 21:27:55,467 [ERROR] LogOutputStream:75 - [STDERR_REDIRECT] 
2025-06-11 21:27:56,474 [ERROR] LogOutputStream:75 - [STDERR_REDIRECT] [Fatal Error] :1:1: Premature end of file.
2025-06-11 21:27:56,475 [ERROR] LogOutputStream:75 - [STDERR_REDIRECT] 
2025-06-11 21:27:57,485 [ERROR] LogOutputStream:75 - [STDERR_REDIRECT] [Fatal Error] :1:1: Premature end of file.
2025-06-11 21:27:57,486 [ERROR] LogOutputStream:75 - [STDERR_REDIRECT] 
2025-06-11 21:27:58,482 [ERROR] LogOutputStream:75 - [STDERR_REDIRECT] [Fatal Error] :1:1: Premature end of file.
2025-06-11 21:27:58,483 [ERROR] LogOutputStream:75 - [STDERR_REDIRECT] 
2025-06-11 21:27:59,478 [ERROR] LogOutputStream:75 - [STDERR_REDIRECT] [Fatal Error] :1:1: Premature end of file.
2025-06-11 21:27:59,478 [ERROR] LogOutputStream:75 - [STDERR_REDIRECT] 
2025-06-11 21:28:00,476 [ERROR] LogOutputStream:75 - [STDERR_REDIRECT] [Fatal Error] :1:1: Premature end of file.
2025-06-11 21:28:00,477 [ERROR] LogOutputStream:75 - [STDERR_REDIRECT] 
2025-06-11 21:28:01,369 [ERROR] LogOutputStream:75 - [STDERR_REDIRECT] [Fatal Error] :1:1: Premature end of file.
2025-06-11 21:28:01,370 [ERROR] LogOutputStream:75 - [STDERR_REDIRECT] 
2025-06-11 21:28:02,372 [ERROR] LogOutputStream:75 - [STDERR_REDIRECT] [Fatal Error] :1:1: Premature end of file.
2025-06-11 21:28:02,372 [ERROR] LogOutputStream:75 - [STDERR_REDIRECT] 
2025-06-11 21:28:03,368 [ERROR] LogOutputStream:75 - [STDERR_REDIRECT] [Fatal Error] :1:1: Premature end of file.
2025-06-11 21:28:03,368 [ERROR] LogOutputStream:75 - [STDERR_REDIRECT] 
2025-06-11 21:28:04,365 [ERROR] LogOutputStream:75 - [STDERR_REDIRECT] [Fatal Error] :1:1: Premature end of file.
2025-06-11 21:28:04,365 [ERROR] LogOutputStream:75 - [STDERR_REDIRECT] 
2025-06-11 21:28:05,463 [ERROR] LogOutputStream:75 - [STDERR_REDIRECT] [Fatal Error] :1:1: Premature end of file.
2025-06-11 21:28:05,464 [ERROR] LogOutputStream:75 - [STDERR_REDIRECT] 
2025-06-11 21:28:06,466 [ERROR] LogOutputStream:75 - [STDERR_REDIRECT] [Fatal Error] :1:1: Premature end of file.
2025-06-11 21:28:06,467 [ERROR] LogOutputStream:75 - [STDERR_REDIRECT] 
2025-06-11 21:28:07,473 [ERROR] LogOutputStream:75 - [STDERR_REDIRECT] [Fatal Error] :1:1: Premature end of file.
2025-06-11 21:28:07,473 [ERROR] LogOutputStream:75 - [STDERR_REDIRECT] 
2025-06-11 21:28:08,462 [ERROR] LogOutputStream:75 - [STDERR_REDIRECT] [Fatal Error] :1:1: Premature end of file.
2025-06-11 21:28:08,463 [ERROR] LogOutputStream:75 - [STDERR_REDIRECT] 
2025-06-11 21:28:09,373 [ERROR] LogOutputStream:75 - [STDERR_REDIRECT] [Fatal Error] :1:1: Premature end of file.
2025-06-11 21:28:09,373 [ERROR] LogOutputStream:75 - [STDERR_REDIRECT] 
2025-06-11 21:28:10,471 [ERROR] LogOutputStream:75 - [STDERR_REDIRECT] [Fatal Error] :1:1: Premature end of file.
2025-06-11 21:28:10,471 [ERROR] LogOutputStream:75 - [STDERR_REDIRECT] 
2025-06-11 21:28:11,469 [ERROR] LogOutputStream:75 - [STDERR_REDIRECT] [Fatal Error] :1:1: Premature end of file.
2025-06-11 21:28:11,469 [ERROR] LogOutputStream:75 - [STDERR_REDIRECT] 
2025-06-11 21:28:12,462 [ERROR] LogOutputStream:75 - [STDERR_REDIRECT] [Fatal Error] :1:1: Premature end of file.
2025-06-11 21:28:12,463 [ERROR] LogOutputStream:75 - [STDERR_REDIRECT] 
2025-06-11 21:28:13,479 [ERROR] LogOutputStream:75 - [STDERR_REDIRECT] [Fatal Error] :1:1: Premature end of file.
2025-06-11 21:28:13,480 [ERROR] LogOutputStream:75 - [STDERR_REDIRECT] 
2025-06-11 21:28:14,481 [ERROR] LogOutputStream:75 - [STDERR_REDIRECT] [Fatal Error] :1:1: Premature end of file.
2025-06-11 21:28:14,482 [ERROR] LogOutputStream:75 - [STDERR_REDIRECT] 
2025-06-11 21:28:15,473 [ERROR] LogOutputStream:75 - [STDERR_REDIRECT] [Fatal Error] :1:1: Premature end of file.
2025-06-11 21:28:15,474 [ERROR] LogOutputStream:75 - [STDERR_REDIRECT] 
2025-06-11 21:28:16,486 [ERROR] LogOutputStream:75 - [STDERR_REDIRECT] [Fatal Error] :1:1: Premature end of file.
2025-06-11 21:28:16,486 [ERROR] LogOutputStream:75 - [STDERR_REDIRECT] 
2025-06-11 21:28:17,479 [ERROR] LogOutputStream:75 - [STDERR_REDIRECT] [Fatal Error] :1:1: Premature end of file.
2025-06-11 21:28:17,480 [ERROR] LogOutputStream:75 - [STDERR_REDIRECT] 
2025-06-11 21:28:18,488 [ERROR] LogOutputStream:75 - [STDERR_REDIRECT] [Fatal Error] :1:1: Premature end of file.
2025-06-11 21:28:18,489 [ERROR] LogOutputStream:75 - [STDERR_REDIRECT] 
2025-06-11 21:28:19,463 [ERROR] LogOutputStream:75 - [STDERR_REDIRECT] [Fatal Error] :1:1: Premature end of file.
2025-06-11 21:28:19,463 [ERROR] LogOutputStream:75 - [STDERR_REDIRECT] 
2025-06-11 21:28:20,474 [ERROR] LogOutputStream:75 - [STDERR_REDIRECT] [Fatal Error] :1:1: Premature end of file.
2025-06-11 21:28:20,475 [ERROR] LogOutputStream:75 - [STDERR_REDIRECT] 
2025-06-11 21:28:21,460 [ERROR] LogOutputStream:75 - [STDERR_REDIRECT] [Fatal Error] :1:1: Premature end of file.
2025-06-11 21:28:21,461 [ERROR] LogOutputStream:75 - [STDERR_REDIRECT] 
2025-06-11 21:28:22,467 [ERROR] LogOutputStream:75 - [STDERR_REDIRECT] [Fatal Error] :1:1: Premature end of file.
2025-06-11 21:28:22,468 [ERROR] LogOutputStream:75 - [STDERR_REDIRECT] 
2025-06-11 21:28:23,470 [ERROR] LogOutputStream:75 - [STDERR_REDIRECT] [Fatal Error] :1:1: Premature end of file.
2025-06-11 21:28:23,470 [ERROR] LogOutputStream:75 - [STDERR_REDIRECT] 
2025-06-11 21:28:24,469 [ERROR] LogOutputStream:75 - [STDERR_REDIRECT] [Fatal Error] :1:1: Premature end of file.
2025-06-11 21:28:24,469 [ERROR] LogOutputStream:75 - [STDERR_REDIRECT] 
2025-06-11 21:28:25,466 [ERROR] LogOutputStream:75 - [STDERR_REDIRECT] [Fatal Error] :1:1: Premature end of file.
2025-06-11 21:28:25,466 [ERROR] LogOutputStream:75 - [STDERR_REDIRECT] 
2025-06-11 21:28:26,472 [ERROR] LogOutputStream:75 - [STDERR_REDIRECT] [Fatal Error] :1:1: Premature end of file.
2025-06-11 21:28:26,472 [ERROR] LogOutputStream:75 - [STDERR_REDIRECT] 
2025-06-11 21:28:27,466 [ERROR] LogOutputStream:75 - [STDERR_REDIRECT] [Fatal Error] :1:1: Premature end of file.
2025-06-11 21:28:27,467 [ERROR] LogOutputStream:75 - [STDERR_REDIRECT] 
2025-06-11 21:28:28,478 [ERROR] LogOutputStream:75 - [STDERR_REDIRECT] [Fatal Error] :1:1: Premature end of file.
2025-06-11 21:28:28,479 [ERROR] LogOutputStream:75 - [STDERR_REDIRECT] 
2025-06-11 21:28:29,486 [ERROR] LogOutputStream:75 - [STDERR_REDIRECT] [Fatal Error] :1:1: Premature end of file.
2025-06-11 21:28:29,487 [ERROR] LogOutputStream:75 - [STDERR_REDIRECT] 
2025-06-11 21:28:30,475 [ERROR] LogOutputStream:75 - [STDERR_REDIRECT] [Fatal Error] :1:1: Premature end of file.
2025-06-11 21:28:30,475 [ERROR] LogOutputStream:75 - [STDERR_REDIRECT] 
2025-06-11 21:28:31,478 [ERROR] LogOutputStream:75 - [STDERR_REDIRECT] [Fatal Error] :1:1: Premature end of file.
2025-06-11 21:28:31,479 [ERROR] LogOutputStream:75 - [STDERR_REDIRECT] 
2025-06-11 21:28:32,462 [ERROR] LogOutputStream:75 - [STDERR_REDIRECT] [Fatal Error] :1:1: Premature end of file.
2025-06-11 21:28:32,462 [ERROR] LogOutputStream:75 - [STDERR_REDIRECT] 
2025-06-11 21:28:33,466 [ERROR] LogOutputStream:75 - [STDERR_REDIRECT] [Fatal Error] :1:1: Premature end of file.
2025-06-11 21:28:33,466 [ERROR] LogOutputStream:75 - [STDERR_REDIRECT] 
2025-06-11 21:28:34,482 [ERROR] LogOutputStream:75 - [STDERR_REDIRECT] [Fatal Error] :1:1: Premature end of file.
2025-06-11 21:28:34,482 [ERROR] LogOutputStream:75 - [STDERR_REDIRECT] 
2025-06-11 21:28:35,472 [ERROR] LogOutputStream:75 - [STDERR_REDIRECT] [Fatal Error] :1:1: Premature end of file.
2025-06-11 21:28:35,472 [ERROR] LogOutputStream:75 - [STDERR_REDIRECT] 
2025-06-11 21:28:36,484 [ERROR] LogOutputStream:75 - [STDERR_REDIRECT] [Fatal Error] :1:1: Premature end of file.
2025-06-11 21:28:36,484 [ERROR] LogOutputStream:75 - [STDERR_REDIRECT] 
2025-06-11 21:28:37,479 [ERROR] LogOutputStream:75 - [STDERR_REDIRECT] [Fatal Error] :1:1: Premature end of file.
2025-06-11 21:28:37,480 [ERROR] LogOutputStream:75 - [STDERR_REDIRECT] 
2025-06-11 21:28:38,482 [ERROR] LogOutputStream:75 - [STDERR_REDIRECT] [Fatal Error] :1:1: Premature end of file.
2025-06-11 21:28:38,483 [ERROR] LogOutputStream:75 - [STDERR_REDIRECT] 
2025-06-11 21:28:39,450 [ERROR] LogOutputStream:75 - [STDERR_REDIRECT] [Fatal Error] :1:1: Premature end of file.
2025-06-11 21:28:39,451 [ERROR] LogOutputStream:75 - [STDERR_REDIRECT] 
2025-06-11 21:28:40,474 [ERROR] LogOutputStream:75 - [STDERR_REDIRECT] [Fatal Error] :1:1: Premature end of file.
2025-06-11 21:28:40,474 [ERROR] LogOutputStream:75 - [STDERR_REDIRECT] 
2025-06-11 21:28:41,462 [ERROR] LogOutputStream:75 - [STDERR_REDIRECT] [Fatal Error] :1:1: Premature end of file.
2025-06-11 21:28:41,463 [ERROR] LogOutputStream:75 - [STDERR_REDIRECT] 
2025-06-11 21:28:42,465 [ERROR] LogOutputStream:75 - [STDERR_REDIRECT] [Fatal Error] :1:1: Premature end of file.
2025-06-11 21:28:42,465 [ERROR] LogOutputStream:75 - [STDERR_REDIRECT] 
2025-06-11 21:28:43,478 [ERROR] LogOutputStream:75 - [STDERR_REDIRECT] [Fatal Error] :1:1: Premature end of file.
2025-06-11 21:28:43,478 [ERROR] LogOutputStream:75 - [STDERR_REDIRECT] 
2025-06-11 21:28:44,466 [ERROR] LogOutputStream:75 - [STDERR_REDIRECT] [Fatal Error] :1:1: Premature end of file.
2025-06-11 21:28:44,466 [ERROR] LogOutputStream:75 - [STDERR_REDIRECT] 
2025-06-11 21:28:45,467 [ERROR] LogOutputStream:75 - [STDERR_REDIRECT] [Fatal Error] :1:1: Premature end of file.
2025-06-11 21:28:45,468 [ERROR] LogOutputStream:75 - [STDERR_REDIRECT] 
2025-06-11 21:28:46,439 [ERROR] LogOutputStream:75 - [STDERR_REDIRECT] [Fatal Error] :1:1: Premature end of file.
2025-06-11 21:28:46,439 [ERROR] LogOutputStream:75 - [STDERR_REDIRECT] 
2025-06-11 21:28:47,466 [ERROR] LogOutputStream:75 - [STDERR_REDIRECT] [Fatal Error] :1:1: Premature end of file.
2025-06-11 21:28:47,467 [ERROR] LogOutputStream:75 - [STDERR_REDIRECT] 
2025-06-11 21:28:48,467 [ERROR] LogOutputStream:75 - [STDERR_REDIRECT] [Fatal Error] :1:1: Premature end of file.
2025-06-11 21:28:48,468 [ERROR] LogOutputStream:75 - [STDERR_REDIRECT] 
2025-06-11 21:28:49,474 [ERROR] LogOutputStream:75 - [STDERR_REDIRECT] [Fatal Error] :1:1: Premature end of file.
2025-06-11 21:28:49,474 [ERROR] LogOutputStream:75 - [STDERR_REDIRECT] 
2025-06-11 21:28:50,465 [ERROR] LogOutputStream:75 - [STDERR_REDIRECT] [Fatal Error] :1:1: Premature end of file.
2025-06-11 21:28:50,466 [ERROR] LogOutputStream:75 - [STDERR_REDIRECT] 
2025-06-11 21:28:51,466 [ERROR] LogOutputStream:75 - [STDERR_REDIRECT] [Fatal Error] :1:1: Premature end of file.
2025-06-11 21:28:51,468 [ERROR] LogOutputStream:75 - [STDERR_REDIRECT] 
2025-06-11 21:28:52,453 [ERROR] LogOutputStream:75 - [STDERR_REDIRECT] [Fatal Error] :1:1: Premature end of file.
2025-06-11 21:28:52,453 [ERROR] LogOutputStream:75 - [STDERR_REDIRECT] 
2025-06-11 21:28:53,469 [ERROR] LogOutputStream:75 - [STDERR_REDIRECT] [Fatal Error] :1:1: Premature end of file.
2025-06-11 21:28:53,470 [ERROR] LogOutputStream:75 - [STDERR_REDIRECT] 
2025-06-11 21:28:54,474 [ERROR] LogOutputStream:75 - [STDERR_REDIRECT] [Fatal Error] :1:1: Premature end of file.
2025-06-11 21:28:54,474 [ERROR] LogOutputStream:75 - [STDERR_REDIRECT] 
2025-06-11 21:28:55,474 [ERROR] LogOutputStream:75 - [STDERR_REDIRECT] [Fatal Error] :1:1: Premature end of file.
2025-06-11 21:28:55,474 [ERROR] LogOutputStream:75 - [STDERR_REDIRECT] 
2025-06-11 21:28:56,484 [ERROR] LogOutputStream:75 - [STDERR_REDIRECT] [Fatal Error] :1:1: Premature end of file.
2025-06-11 21:28:56,484 [ERROR] LogOutputStream:75 - [STDERR_REDIRECT] 
2025-06-11 21:28:57,478 [ERROR] LogOutputStream:75 - [STDERR_REDIRECT] [Fatal Error] :1:1: Premature end of file.
2025-06-11 21:28:57,479 [ERROR] LogOutputStream:75 - [STDERR_REDIRECT] 
2025-06-11 21:28:58,469 [ERROR] LogOutputStream:75 - [STDERR_REDIRECT] [Fatal Error] :1:1: Premature end of file.
2025-06-11 21:28:58,470 [ERROR] LogOutputStream:75 - [STDERR_REDIRECT] 
2025-06-11 21:28:59,465 [ERROR] LogOutputStream:75 - [STDERR_REDIRECT] [Fatal Error] :1:1: Premature end of file.
2025-06-11 21:28:59,465 [ERROR] LogOutputStream:75 - [STDERR_REDIRECT] 
2025-06-11 21:29:00,367 [ERROR] LogOutputStream:75 - [STDERR_REDIRECT] [Fatal Error] :1:1: Premature end of file.
2025-06-11 21:29:00,367 [ERROR] LogOutputStream:75 - [STDERR_REDIRECT] 
2025-06-11 21:29:01,466 [ERROR] LogOutputStream:75 - [STDERR_REDIRECT] [Fatal Error] :1:1: Premature end of file.
2025-06-11 21:29:01,466 [ERROR] LogOutputStream:75 - [STDERR_REDIRECT] 
2025-06-11 21:29:02,463 [ERROR] LogOutputStream:75 - [STDERR_REDIRECT] [Fatal Error] :1:1: Premature end of file.
2025-06-11 21:29:02,464 [ERROR] LogOutputStream:75 - [STDERR_REDIRECT] 
2025-06-11 21:29:03,389 [ERROR] LogOutputStream:75 - [STDERR_REDIRECT] [Fatal Error] :1:1: Premature end of file.
2025-06-11 21:29:03,389 [ERROR] LogOutputStream:75 - [STDERR_REDIRECT] 
2025-06-11 21:29:04,369 [ERROR] LogOutputStream:75 - [STDERR_REDIRECT] [Fatal Error] :1:1: Premature end of file.
2025-06-11 21:29:04,369 [ERROR] LogOutputStream:75 - [STDERR_REDIRECT] 
2025-06-11 21:29:05,368 [ERROR] LogOutputStream:75 - [STDERR_REDIRECT] [Fatal Error] :1:1: Premature end of file.
2025-06-11 21:29:05,368 [ERROR] LogOutputStream:75 - [STDERR_REDIRECT] 
2025-06-11 21:29:06,473 [ERROR] LogOutputStream:75 - [STDERR_REDIRECT] [Fatal Error] :1:1: Premature end of file.
2025-06-11 21:29:06,474 [ERROR] LogOutputStream:75 - [STDERR_REDIRECT] 
2025-06-11 21:29:07,476 [ERROR] LogOutputStream:75 - [STDERR_REDIRECT] [Fatal Error] :1:1: Premature end of file.
2025-06-11 21:29:07,476 [ERROR] LogOutputStream:75 - [STDERR_REDIRECT] 
2025-06-11 21:29:08,470 [ERROR] LogOutputStream:75 - [STDERR_REDIRECT] [Fatal Error] :1:1: Premature end of file.
2025-06-11 21:29:08,472 [ERROR] LogOutputStream:75 - [STDERR_REDIRECT] 
2025-06-11 21:29:09,462 [ERROR] LogOutputStream:75 - [STDERR_REDIRECT] [Fatal Error] :1:1: Premature end of file.
2025-06-11 21:29:09,463 [ERROR] LogOutputStream:75 - [STDERR_REDIRECT] 
2025-06-11 21:29:10,457 [ERROR] LogOutputStream:75 - [STDERR_REDIRECT] [Fatal Error] :1:1: Premature end of file.
2025-06-11 21:29:10,457 [ERROR] LogOutputStream:75 - [STDERR_REDIRECT] 
2025-06-11 21:29:11,468 [ERROR] LogOutputStream:75 - [STDERR_REDIRECT] [Fatal Error] :1:1: Premature end of file.
2025-06-11 21:29:11,469 [ERROR] LogOutputStream:75 - [STDERR_REDIRECT] 
2025-06-11 21:29:12,473 [ERROR] LogOutputStream:75 - [STDERR_REDIRECT] [Fatal Error] :1:1: Premature end of file.
2025-06-11 21:29:12,473 [ERROR] LogOutputStream:75 - [STDERR_REDIRECT] 
2025-06-11 21:29:13,460 [ERROR] LogOutputStream:75 - [STDERR_REDIRECT] [Fatal Error] :1:1: Premature end of file.
2025-06-11 21:29:13,461 [ERROR] LogOutputStream:75 - [STDERR_REDIRECT] 
2025-06-11 21:29:14,466 [ERROR] LogOutputStream:75 - [STDERR_REDIRECT] [Fatal Error] :1:1: Premature end of file.
2025-06-11 21:29:14,466 [ERROR] LogOutputStream:75 - [STDERR_REDIRECT] 
2025-06-11 21:29:15,462 [ERROR] LogOutputStream:75 - [STDERR_REDIRECT] [Fatal Error] :1:1: Premature end of file.
2025-06-11 21:29:15,462 [ERROR] LogOutputStream:75 - [STDERR_REDIRECT] 
2025-06-11 21:29:16,473 [ERROR] LogOutputStream:75 - [STDERR_REDIRECT] [Fatal Error] :1:1: Premature end of file.
2025-06-11 21:29:16,474 [ERROR] LogOutputStream:75 - [STDERR_REDIRECT] 
2025-06-11 21:29:17,472 [ERROR] LogOutputStream:75 - [STDERR_REDIRECT] [Fatal Error] :1:1: Premature end of file.
2025-06-11 21:29:17,472 [ERROR] LogOutputStream:75 - [STDERR_REDIRECT] 
2025-06-11 21:29:18,469 [ERROR] LogOutputStream:75 - [STDERR_REDIRECT] [Fatal Error] :1:1: Premature end of file.
2025-06-11 21:29:18,469 [ERROR] LogOutputStream:75 - [STDERR_REDIRECT] 
2025-06-11 21:29:19,474 [ERROR] LogOutputStream:75 - [STDERR_REDIRECT] [Fatal Error] :1:1: Premature end of file.
2025-06-11 21:29:19,474 [ERROR] LogOutputStream:75 - [STDERR_REDIRECT] 
2025-06-11 21:29:20,462 [ERROR] LogOutputStream:75 - [STDERR_REDIRECT] [Fatal Error] :1:1: Premature end of file.
2025-06-11 21:29:20,463 [ERROR] LogOutputStream:75 - [STDERR_REDIRECT] 
2025-06-11 21:29:21,465 [ERROR] LogOutputStream:75 - [STDERR_REDIRECT] [Fatal Error] :1:1: Premature end of file.
2025-06-11 21:29:21,465 [ERROR] LogOutputStream:75 - [STDERR_REDIRECT] 
2025-06-11 21:29:22,476 [ERROR] LogOutputStream:75 - [STDERR_REDIRECT] [Fatal Error] :1:1: Premature end of file.
2025-06-11 21:29:22,476 [ERROR] LogOutputStream:75 - [STDERR_REDIRECT] 
2025-06-11 21:29:23,464 [ERROR] LogOutputStream:75 - [STDERR_REDIRECT] [Fatal Error] :1:1: Premature end of file.
2025-06-11 21:29:23,465 [ERROR] LogOutputStream:75 - [STDERR_REDIRECT] 
2025-06-11 21:29:24,463 [ERROR] LogOutputStream:75 - [STDERR_REDIRECT] [Fatal Error] :1:1: Premature end of file.
2025-06-11 21:29:24,464 [ERROR] LogOutputStream:75 - [STDERR_REDIRECT] 
2025-06-11 21:29:25,459 [ERROR] LogOutputStream:75 - [STDERR_REDIRECT] [Fatal Error] :1:1: Premature end of file.
2025-06-11 21:29:25,460 [ERROR] LogOutputStream:75 - [STDERR_REDIRECT] 
2025-06-11 21:29:26,425 [ERROR] LogOutputStream:75 - [STDERR_REDIRECT] [Fatal Error] :1:1: Premature end of file.
2025-06-11 21:29:26,425 [ERROR] LogOutputStream:75 - [STDERR_REDIRECT] 
2025-06-11 21:29:27,468 [ERROR] LogOutputStream:75 - [STDERR_REDIRECT] [Fatal Error] :1:1: Premature end of file.
2025-06-11 21:29:27,469 [ERROR] LogOutputStream:75 - [STDERR_REDIRECT] 
2025-06-11 21:29:28,475 [ERROR] LogOutputStream:75 - [STDERR_REDIRECT] [Fatal Error] :1:1: Premature end of file.
2025-06-11 21:29:28,476 [ERROR] LogOutputStream:75 - [STDERR_REDIRECT] 
2025-06-11 21:29:29,479 [ERROR] LogOutputStream:75 - [STDERR_REDIRECT] [Fatal Error] :1:1: Premature end of file.
2025-06-11 21:29:29,480 [ERROR] LogOutputStream:75 - [STDERR_REDIRECT] 
2025-06-11 21:29:30,475 [ERROR] LogOutputStream:75 - [STDERR_REDIRECT] [Fatal Error] :1:1: Premature end of file.
2025-06-11 21:29:30,475 [ERROR] LogOutputStream:75 - [STDERR_REDIRECT] 
2025-06-11 21:29:31,467 [ERROR] LogOutputStream:75 - [STDERR_REDIRECT] [Fatal Error] :1:1: Premature end of file.
2025-06-11 21:29:31,467 [ERROR] LogOutputStream:75 - [STDERR_REDIRECT] 
2025-06-11 21:29:32,462 [ERROR] LogOutputStream:75 - [STDERR_REDIRECT] [Fatal Error] :1:1: Premature end of file.
2025-06-11 21:29:32,462 [ERROR] LogOutputStream:75 - [STDERR_REDIRECT] 
2025-06-11 21:29:33,462 [ERROR] LogOutputStream:75 - [STDERR_REDIRECT] [Fatal Error] :1:1: Premature end of file.
2025-06-11 21:29:33,463 [ERROR] LogOutputStream:75 - [STDERR_REDIRECT] 
2025-06-11 21:29:34,462 [ERROR] LogOutputStream:75 - [STDERR_REDIRECT] [Fatal Error] :1:1: Premature end of file.
2025-06-11 21:29:34,464 [ERROR] LogOutputStream:75 - [STDERR_REDIRECT] 
2025-06-11 21:29:35,400 [ERROR] LogOutputStream:75 - [STDERR_REDIRECT] [Fatal Error] :1:1: Premature end of file.
2025-06-11 21:29:35,400 [ERROR] LogOutputStream:75 - [STDERR_REDIRECT] 
2025-06-11 21:29:36,472 [ERROR] LogOutputStream:75 - [STDERR_REDIRECT] [Fatal Error] :1:1: Premature end of file.
2025-06-11 21:29:36,472 [ERROR] LogOutputStream:75 - [STDERR_REDIRECT] 
2025-06-11 21:29:37,469 [ERROR] LogOutputStream:75 - [STDERR_REDIRECT] [Fatal Error] :1:1: Premature end of file.
2025-06-11 21:29:37,469 [ERROR] LogOutputStream:75 - [STDERR_REDIRECT] 
2025-06-11 21:29:38,472 [ERROR] LogOutputStream:75 - [STDERR_REDIRECT] [Fatal Error] :1:1: Premature end of file.
2025-06-11 21:29:38,473 [ERROR] LogOutputStream:75 - [STDERR_REDIRECT] 
2025-06-11 21:29:39,461 [ERROR] LogOutputStream:75 - [STDERR_REDIRECT] [Fatal Error] :1:1: Premature end of file.
2025-06-11 21:29:39,462 [ERROR] LogOutputStream:75 - [STDERR_REDIRECT] 
2025-06-11 21:29:40,485 [ERROR] LogOutputStream:75 - [STDERR_REDIRECT] [Fatal Error] :1:1: Premature end of file.
2025-06-11 21:29:40,486 [ERROR] LogOutputStream:75 - [STDERR_REDIRECT] 
2025-06-11 21:29:41,475 [ERROR] LogOutputStream:75 - [STDERR_REDIRECT] [Fatal Error] :1:1: Premature end of file.
2025-06-11 21:29:41,475 [ERROR] LogOutputStream:75 - [STDERR_REDIRECT] 
2025-06-11 21:29:42,475 [ERROR] LogOutputStream:75 - [STDERR_REDIRECT] [Fatal Error] :1:1: Premature end of file.
2025-06-11 21:29:42,475 [ERROR] LogOutputStream:75 - [STDERR_REDIRECT] 
2025-06-11 21:29:43,470 [ERROR] LogOutputStream:75 - [STDERR_REDIRECT] [Fatal Error] :1:1: Premature end of file.
2025-06-11 21:29:43,470 [ERROR] LogOutputStream:75 - [STDERR_REDIRECT] 
2025-06-11 21:29:44,466 [ERROR] LogOutputStream:75 - [STDERR_REDIRECT] [Fatal Error] :1:1: Premature end of file.
2025-06-11 21:29:44,467 [ERROR] LogOutputStream:75 - [STDERR_REDIRECT] 
2025-06-11 21:29:45,463 [ERROR] LogOutputStream:75 - [STDERR_REDIRECT] [Fatal Error] :1:1: Premature end of file.
2025-06-11 21:29:45,464 [ERROR] LogOutputStream:75 - [STDERR_REDIRECT] 
2025-06-11 21:29:46,474 [ERROR] LogOutputStream:75 - [STDERR_REDIRECT] [Fatal Error] :1:1: Premature end of file.
2025-06-11 21:29:46,474 [ERROR] LogOutputStream:75 - [STDERR_REDIRECT] 
2025-06-11 21:29:47,470 [ERROR] LogOutputStream:75 - [STDERR_REDIRECT] [Fatal Error] :1:1: Premature end of file.
2025-06-11 21:29:47,470 [ERROR] LogOutputStream:75 - [STDERR_REDIRECT] 
2025-06-11 21:29:48,434 [ERROR] LogOutputStream:75 - [STDERR_REDIRECT] [Fatal Error] :1:1: Premature end of file.
2025-06-11 21:29:48,434 [ERROR] LogOutputStream:75 - [STDERR_REDIRECT] 
2025-06-11 21:29:49,437 [ERROR] LogOutputStream:75 - [STDERR_REDIRECT] [Fatal Error] :1:1: Premature end of file.
2025-06-11 21:29:49,437 [ERROR] LogOutputStream:75 - [STDERR_REDIRECT] 
2025-06-11 21:29:50,470 [ERROR] LogOutputStream:75 - [STDERR_REDIRECT] [Fatal Error] :1:1: Premature end of file.
2025-06-11 21:29:50,470 [ERROR] LogOutputStream:75 - [STDERR_REDIRECT] 
2025-06-11 21:29:51,467 [ERROR] LogOutputStream:75 - [STDERR_REDIRECT] [Fatal Error] :1:1: Premature end of file.
2025-06-11 21:29:51,467 [ERROR] LogOutputStream:75 - [STDERR_REDIRECT] 
2025-06-11 21:29:52,472 [ERROR] LogOutputStream:75 - [STDERR_REDIRECT] [Fatal Error] :1:1: Premature end of file.
2025-06-11 21:29:52,472 [ERROR] LogOutputStream:75 - [STDERR_REDIRECT] 
2025-06-11 21:29:53,378 [ERROR] LogOutputStream:75 - [STDERR_REDIRECT] [Fatal Error] :1:1: Premature end of file.
2025-06-11 21:29:53,378 [ERROR] LogOutputStream:75 - [STDERR_REDIRECT] 
2025-06-11 21:29:54,369 [ERROR] LogOutputStream:75 - [STDERR_REDIRECT] [Fatal Error] :1:1: Premature end of file.
2025-06-11 21:29:54,369 [ERROR] LogOutputStream:75 - [STDERR_REDIRECT] 
2025-06-11 21:29:55,461 [ERROR] LogOutputStream:75 - [STDERR_REDIRECT] [Fatal Error] :1:1: Premature end of file.
2025-06-11 21:29:55,461 [ERROR] LogOutputStream:75 - [STDERR_REDIRECT] 
2025-06-11 21:29:56,462 [ERROR] LogOutputStream:75 - [STDERR_REDIRECT] [Fatal Error] :1:1: Premature end of file.
2025-06-11 21:29:56,463 [ERROR] LogOutputStream:75 - [STDERR_REDIRECT] 
2025-06-11 21:29:57,464 [ERROR] LogOutputStream:75 - [STDERR_REDIRECT] [Fatal Error] :1:1: Premature end of file.
2025-06-11 21:29:57,465 [ERROR] LogOutputStream:75 - [STDERR_REDIRECT] 
2025-06-11 21:29:58,468 [ERROR] LogOutputStream:75 - [STDERR_REDIRECT] [Fatal Error] :1:1: Premature end of file.
2025-06-11 21:29:58,468 [ERROR] LogOutputStream:75 - [STDERR_REDIRECT] 
2025-06-11 21:29:59,474 [ERROR] LogOutputStream:75 - [STDERR_REDIRECT] [Fatal Error] :1:1: Premature end of file.
2025-06-11 21:29:59,474 [ERROR] LogOutputStream:75 - [STDERR_REDIRECT] 
2025-06-11 21:30:00,473 [ERROR] LogOutputStream:75 - [STDERR_REDIRECT] [Fatal Error] :1:1: Premature end of file.
2025-06-11 21:30:00,474 [ERROR] LogOutputStream:75 - [STDERR_REDIRECT] 
2025-06-11 21:30:01,456 [ERROR] LogOutputStream:75 - [STDERR_REDIRECT] [Fatal Error] :1:1: Premature end of file.
2025-06-11 21:30:01,456 [ERROR] LogOutputStream:75 - [STDERR_REDIRECT] 
2025-06-11 21:30:02,440 [ERROR] LogOutputStream:75 - [STDERR_REDIRECT] [Fatal Error] :1:1: Premature end of file.
2025-06-11 21:30:02,440 [ERROR] LogOutputStream:75 - [STDERR_REDIRECT] 
2025-06-11 21:30:03,466 [ERROR] LogOutputStream:75 - [STDERR_REDIRECT] [Fatal Error] :1:1: Premature end of file.
2025-06-11 21:30:03,466 [ERROR] LogOutputStream:75 - [STDERR_REDIRECT] 
2025-06-11 21:30:04,480 [ERROR] LogOutputStream:75 - [STDERR_REDIRECT] [Fatal Error] :1:1: Premature end of file.
2025-06-11 21:30:04,481 [ERROR] LogOutputStream:75 - [STDERR_REDIRECT] 
2025-06-11 21:30:05,467 [ERROR] LogOutputStream:75 - [STDERR_REDIRECT] [Fatal Error] :1:1: Premature end of file.
2025-06-11 21:30:05,468 [ERROR] LogOutputStream:75 - [STDERR_REDIRECT] 
2025-06-11 21:30:06,369 [ERROR] LogOutputStream:75 - [STDERR_REDIRECT] [Fatal Error] :1:1: Premature end of file.
2025-06-11 21:30:06,369 [ERROR] LogOutputStream:75 - [STDERR_REDIRECT] 
2025-06-11 21:30:07,387 [ERROR] LogOutputStream:75 - [STDERR_REDIRECT] [Fatal Error] :1:1: Premature end of file.
2025-06-11 21:30:07,388 [ERROR] LogOutputStream:75 - [STDERR_REDIRECT] 
2025-06-11 21:30:08,449 [ERROR] LogOutputStream:75 - [STDERR_REDIRECT] [Fatal Error] :1:1: Premature end of file.
2025-06-11 21:30:08,449 [ERROR] LogOutputStream:75 - [STDERR_REDIRECT] 
2025-06-11 21:30:09,466 [ERROR] LogOutputStream:75 - [STDERR_REDIRECT] [Fatal Error] :1:1: Premature end of file.
2025-06-11 21:30:09,466 [ERROR] LogOutputStream:75 - [STDERR_REDIRECT] 
2025-06-11 21:30:10,474 [ERROR] LogOutputStream:75 - [STDERR_REDIRECT] [Fatal Error] :1:1: Premature end of file.
2025-06-11 21:30:10,474 [ERROR] LogOutputStream:75 - [STDERR_REDIRECT] 
2025-06-11 21:30:11,470 [ERROR] LogOutputStream:75 - [STDERR_REDIRECT] [Fatal Error] :1:1: Premature end of file.
2025-06-11 21:30:11,470 [ERROR] LogOutputStream:75 - [STDERR_REDIRECT] 
2025-06-11 21:30:12,454 [ERROR] LogOutputStream:75 - [STDERR_REDIRECT] [Fatal Error] :1:1: Premature end of file.
2025-06-11 21:30:12,454 [ERROR] LogOutputStream:75 - [STDERR_REDIRECT] 
2025-06-11 21:30:13,366 [ERROR] LogOutputStream:75 - [STDERR_REDIRECT] [Fatal Error] :1:1: Premature end of file.
2025-06-11 21:30:13,366 [ERROR] LogOutputStream:75 - [STDERR_REDIRECT] 
2025-06-11 21:30:14,461 [ERROR] LogOutputStream:75 - [STDERR_REDIRECT] [Fatal Error] :1:1: Premature end of file.
2025-06-11 21:30:14,461 [ERROR] LogOutputStream:75 - [STDERR_REDIRECT] 
2025-06-11 21:30:15,460 [ERROR] LogOutputStream:75 - [STDERR_REDIRECT] [Fatal Error] :1:1: Premature end of file.
2025-06-11 21:30:15,461 [ERROR] LogOutputStream:75 - [STDERR_REDIRECT] 
2025-06-11 21:30:16,478 [ERROR] LogOutputStream:75 - [STDERR_REDIRECT] [Fatal Error] :1:1: Premature end of file.
2025-06-11 21:30:16,479 [ERROR] LogOutputStream:75 - [STDERR_REDIRECT] 
2025-06-11 21:30:17,470 [ERROR] LogOutputStream:75 - [STDERR_REDIRECT] [Fatal Error] :1:1: Premature end of file.
2025-06-11 21:30:17,470 [ERROR] LogOutputStream:75 - [STDERR_REDIRECT] 
2025-06-11 21:30:18,454 [ERROR] LogOutputStream:75 - [STDERR_REDIRECT] [Fatal Error] :1:1: Premature end of file.
2025-06-11 21:30:18,454 [ERROR] LogOutputStream:75 - [STDERR_REDIRECT] 
2025-06-11 21:30:19,462 [ERROR] LogOutputStream:75 - [STDERR_REDIRECT] [Fatal Error] :1:1: Premature end of file.
2025-06-11 21:30:19,463 [ERROR] LogOutputStream:75 - [STDERR_REDIRECT] 
2025-06-11 21:30:20,467 [ERROR] LogOutputStream:75 - [STDERR_REDIRECT] [Fatal Error] :1:1: Premature end of file.
2025-06-11 21:30:20,467 [ERROR] LogOutputStream:75 - [STDERR_REDIRECT] 
2025-06-11 21:30:21,466 [ERROR] LogOutputStream:75 - [STDERR_REDIRECT] [Fatal Error] :1:1: Premature end of file.
2025-06-11 21:30:21,466 [ERROR] LogOutputStream:75 - [STDERR_REDIRECT] 
2025-06-11 21:30:22,460 [ERROR] LogOutputStream:75 - [STDERR_REDIRECT] [Fatal Error] :1:1: Premature end of file.
2025-06-11 21:30:22,461 [ERROR] LogOutputStream:75 - [STDERR_REDIRECT] 
2025-06-11 21:30:23,464 [ERROR] LogOutputStream:75 - [STDERR_REDIRECT] [Fatal Error] :1:1: Premature end of file.
2025-06-11 21:30:23,465 [ERROR] LogOutputStream:75 - [STDERR_REDIRECT] 
2025-06-11 21:30:24,475 [ERROR] LogOutputStream:75 - [STDERR_REDIRECT] [Fatal Error] :1:1: Premature end of file.
2025-06-11 21:30:24,476 [ERROR] LogOutputStream:75 - [STDERR_REDIRECT] 
2025-06-11 21:30:25,467 [ERROR] LogOutputStream:75 - [STDERR_REDIRECT] [Fatal Error] :1:1: Premature end of file.
2025-06-11 21:30:25,468 [ERROR] LogOutputStream:75 - [STDERR_REDIRECT] 
2025-06-11 21:30:26,463 [ERROR] LogOutputStream:75 - [STDERR_REDIRECT] [Fatal Error] :1:1: Premature end of file.
2025-06-11 21:30:26,464 [ERROR] LogOutputStream:75 - [STDERR_REDIRECT] 
2025-06-11 21:30:27,470 [ERROR] LogOutputStream:75 - [STDERR_REDIRECT] [Fatal Error] :1:1: Premature end of file.
2025-06-11 21:30:27,471 [ERROR] LogOutputStream:75 - [STDERR_REDIRECT] 
2025-06-11 21:30:28,466 [ERROR] LogOutputStream:75 - [STDERR_REDIRECT] [Fatal Error] :1:1: Premature end of file.
2025-06-11 21:30:28,467 [ERROR] LogOutputStream:75 - [STDERR_REDIRECT] 
2025-06-11 21:30:29,466 [ERROR] LogOutputStream:75 - [STDERR_REDIRECT] [Fatal Error] :1:1: Premature end of file.
2025-06-11 21:30:29,466 [ERROR] LogOutputStream:75 - [STDERR_REDIRECT] 
2025-06-11 21:30:30,460 [ERROR] LogOutputStream:75 - [STDERR_REDIRECT] [Fatal Error] :1:1: Premature end of file.
2025-06-11 21:30:30,461 [ERROR] LogOutputStream:75 - [STDERR_REDIRECT] 
2025-06-11 21:30:31,468 [ERROR] LogOutputStream:75 - [STDERR_REDIRECT] [Fatal Error] :1:1: Premature end of file.
2025-06-11 21:30:31,469 [ERROR] LogOutputStream:75 - [STDERR_REDIRECT] 
2025-06-11 21:30:32,467 [ERROR] LogOutputStream:75 - [STDERR_REDIRECT] [Fatal Error] :1:1: Premature end of file.
2025-06-11 21:30:32,467 [ERROR] LogOutputStream:75 - [STDERR_REDIRECT] 
2025-06-11 21:30:33,476 [ERROR] LogOutputStream:75 - [STDERR_REDIRECT] [Fatal Error] :1:1: Premature end of file.
2025-06-11 21:30:33,476 [ERROR] LogOutputStream:75 - [STDERR_REDIRECT] 
2025-06-11 21:30:34,463 [ERROR] LogOutputStream:75 - [STDERR_REDIRECT] [Fatal Error] :1:1: Premature end of file.
2025-06-11 21:30:34,464 [ERROR] LogOutputStream:75 - [STDERR_REDIRECT] 
2025-06-11 21:30:35,467 [ERROR] LogOutputStream:75 - [STDERR_REDIRECT] [Fatal Error] :1:1: Premature end of file.
2025-06-11 21:30:35,468 [ERROR] LogOutputStream:75 - [STDERR_REDIRECT] 
2025-06-11 21:30:36,468 [ERROR] LogOutputStream:75 - [STDERR_REDIRECT] [Fatal Error] :1:1: Premature end of file.
2025-06-11 21:30:36,468 [ERROR] LogOutputStream:75 - [STDERR_REDIRECT] 
2025-06-11 21:30:37,420 [ERROR] LogOutputStream:75 - [STDERR_REDIRECT] [Fatal Error] :1:1: Premature end of file.
2025-06-11 21:30:37,420 [ERROR] LogOutputStream:75 - [STDERR_REDIRECT] 
2025-06-11 21:30:38,472 [ERROR] LogOutputStream:75 - [STDERR_REDIRECT] [Fatal Error] :1:1: Premature end of file.
2025-06-11 21:30:38,472 [ERROR] LogOutputStream:75 - [STDERR_REDIRECT] 
2025-06-11 21:30:39,470 [ERROR] LogOutputStream:75 - [STDERR_REDIRECT] [Fatal Error] :1:1: Premature end of file.
2025-06-11 21:30:39,470 [ERROR] LogOutputStream:75 - [STDERR_REDIRECT] 
2025-06-11 21:30:40,461 [ERROR] LogOutputStream:75 - [STDERR_REDIRECT] [Fatal Error] :1:1: Premature end of file.
2025-06-11 21:30:40,461 [ERROR] LogOutputStream:75 - [STDERR_REDIRECT] 
2025-06-11 21:30:41,469 [ERROR] LogOutputStream:75 - [STDERR_REDIRECT] [Fatal Error] :1:1: Premature end of file.
2025-06-11 21:30:41,469 [ERROR] LogOutputStream:75 - [STDERR_REDIRECT] 
2025-06-11 21:30:42,385 [ERROR] LogOutputStream:75 - [STDERR_REDIRECT] [Fatal Error] :1:1: Premature end of file.
2025-06-11 21:30:42,385 [ERROR] LogOutputStream:75 - [STDERR_REDIRECT] 
2025-06-11 21:30:43,460 [ERROR] LogOutputStream:75 - [STDERR_REDIRECT] [Fatal Error] :1:1: Premature end of file.
2025-06-11 21:30:43,460 [ERROR] LogOutputStream:75 - [STDERR_REDIRECT] 
2025-06-11 21:30:44,469 [ERROR] LogOutputStream:75 - [STDERR_REDIRECT] [Fatal Error] :1:1: Premature end of file.
2025-06-11 21:30:44,470 [ERROR] LogOutputStream:75 - [STDERR_REDIRECT] 
2025-06-11 21:30:45,466 [ERROR] LogOutputStream:75 - [STDERR_REDIRECT] [Fatal Error] :1:1: Premature end of file.
2025-06-11 21:30:45,466 [ERROR] LogOutputStream:75 - [STDERR_REDIRECT] 
2025-06-11 21:30:46,437 [ERROR] LogOutputStream:75 - [STDERR_REDIRECT] [Fatal Error] :1:1: Premature end of file.
2025-06-11 21:30:46,437 [ERROR] LogOutputStream:75 - [STDERR_REDIRECT] 
2025-06-11 21:30:47,461 [ERROR] LogOutputStream:75 - [STDERR_REDIRECT] [Fatal Error] :1:1: Premature end of file.
2025-06-11 21:30:47,461 [ERROR] LogOutputStream:75 - [STDERR_REDIRECT] 
2025-06-11 21:30:48,463 [ERROR] LogOutputStream:75 - [STDERR_REDIRECT] [Fatal Error] :1:1: Premature end of file.
2025-06-11 21:30:48,464 [ERROR] LogOutputStream:75 - [STDERR_REDIRECT] 
2025-06-11 21:30:49,474 [ERROR] LogOutputStream:75 - [STDERR_REDIRECT] [Fatal Error] :1:1: Premature end of file.
2025-06-11 21:30:49,474 [ERROR] LogOutputStream:75 - [STDERR_REDIRECT] 
2025-06-11 21:30:50,468 [ERROR] LogOutputStream:75 - [STDERR_REDIRECT] [Fatal Error] :1:1: Premature end of file.
2025-06-11 21:30:50,469 [ERROR] LogOutputStream:75 - [STDERR_REDIRECT] 
2025-06-11 21:30:51,465 [ERROR] LogOutputStream:75 - [STDERR_REDIRECT] [Fatal Error] :1:1: Premature end of file.
2025-06-11 21:30:51,465 [ERROR] LogOutputStream:75 - [STDERR_REDIRECT] 
2025-06-11 21:30:52,474 [ERROR] LogOutputStream:75 - [STDERR_REDIRECT] [Fatal Error] :1:1: Premature end of file.
2025-06-11 21:30:52,476 [ERROR] LogOutputStream:75 - [STDERR_REDIRECT] 
2025-06-11 21:30:53,465 [ERROR] LogOutputStream:75 - [STDERR_REDIRECT] [Fatal Error] :1:1: Premature end of file.
2025-06-11 21:30:53,466 [ERROR] LogOutputStream:75 - [STDERR_REDIRECT] 
2025-06-11 21:30:54,463 [ERROR] LogOutputStream:75 - [STDERR_REDIRECT] [Fatal Error] :1:1: Premature end of file.
2025-06-11 21:30:54,464 [ERROR] LogOutputStream:75 - [STDERR_REDIRECT] 
2025-06-11 21:30:55,469 [ERROR] LogOutputStream:75 - [STDERR_REDIRECT] [Fatal Error] :1:1: Premature end of file.
2025-06-11 21:30:55,469 [ERROR] LogOutputStream:75 - [STDERR_REDIRECT] 
2025-06-11 21:30:56,468 [ERROR] LogOutputStream:75 - [STDERR_REDIRECT] [Fatal Error] :1:1: Premature end of file.
2025-06-11 21:30:56,468 [ERROR] LogOutputStream:75 - [STDERR_REDIRECT] 
2025-06-11 21:30:57,371 [ERROR] LogOutputStream:75 - [STDERR_REDIRECT] [Fatal Error] :1:1: Premature end of file.
2025-06-11 21:30:57,371 [ERROR] LogOutputStream:75 - [STDERR_REDIRECT] 
2025-06-11 21:30:58,452 [ERROR] LogOutputStream:75 - [STDERR_REDIRECT] [Fatal Error] :1:1: Premature end of file.
2025-06-11 21:30:58,452 [ERROR] LogOutputStream:75 - [STDERR_REDIRECT] 
2025-06-11 21:30:59,467 [ERROR] LogOutputStream:75 - [STDERR_REDIRECT] [Fatal Error] :1:1: Premature end of file.
2025-06-11 21:30:59,467 [ERROR] LogOutputStream:75 - [STDERR_REDIRECT] 
2025-06-11 21:31:00,466 [ERROR] LogOutputStream:75 - [STDERR_REDIRECT] [Fatal Error] :1:1: Premature end of file.
2025-06-11 21:31:00,466 [ERROR] LogOutputStream:75 - [STDERR_REDIRECT] 
2025-06-11 21:31:01,423 [ERROR] LogOutputStream:75 - [STDERR_REDIRECT] [Fatal Error] :1:1: Premature end of file.
2025-06-11 21:31:01,423 [ERROR] LogOutputStream:75 - [STDERR_REDIRECT] 
2025-06-11 21:31:02,463 [ERROR] LogOutputStream:75 - [STDERR_REDIRECT] [Fatal Error] :1:1: Premature end of file.
2025-06-11 21:31:02,465 [ERROR] LogOutputStream:75 - [STDERR_REDIRECT] 
2025-06-11 21:31:03,468 [ERROR] LogOutputStream:75 - [STDERR_REDIRECT] [Fatal Error] :1:1: Premature end of file.
2025-06-11 21:31:03,468 [ERROR] LogOutputStream:75 - [STDERR_REDIRECT] 
2025-06-11 21:31:04,469 [ERROR] LogOutputStream:75 - [STDERR_REDIRECT] [Fatal Error] :1:1: Premature end of file.
2025-06-11 21:31:04,470 [ERROR] LogOutputStream:75 - [STDERR_REDIRECT] 
2025-06-11 21:31:05,462 [ERROR] LogOutputStream:75 - [STDERR_REDIRECT] [Fatal Error] :1:1: Premature end of file.
2025-06-11 21:31:05,463 [ERROR] LogOutputStream:75 - [STDERR_REDIRECT] 
2025-06-11 21:31:06,471 [ERROR] LogOutputStream:75 - [STDERR_REDIRECT] [Fatal Error] :1:1: Premature end of file.
2025-06-11 21:31:06,471 [ERROR] LogOutputStream:75 - [STDERR_REDIRECT] 
2025-06-11 21:31:07,475 [ERROR] LogOutputStream:75 - [STDERR_REDIRECT] [Fatal Error] :1:1: Premature end of file.
2025-06-11 21:31:07,476 [ERROR] LogOutputStream:75 - [STDERR_REDIRECT] 
2025-06-11 21:31:08,369 [ERROR] LogOutputStream:75 - [STDERR_REDIRECT] [Fatal Error] :1:1: Premature end of file.
2025-06-11 21:31:08,369 [ERROR] LogOutputStream:75 - [STDERR_REDIRECT] 
2025-06-11 21:31:09,372 [ERROR] LogOutputStream:75 - [STDERR_REDIRECT] [Fatal Error] :1:1: Premature end of file.
2025-06-11 21:31:09,372 [ERROR] LogOutputStream:75 - [STDERR_REDIRECT] 
2025-06-11 21:31:10,391 [ERROR] LogOutputStream:75 - [STDERR_REDIRECT] [Fatal Error] :1:1: Premature end of file.
2025-06-11 21:31:10,391 [ERROR] LogOutputStream:75 - [STDERR_REDIRECT] 
2025-06-11 21:31:11,470 [ERROR] LogOutputStream:75 - [STDERR_REDIRECT] [Fatal Error] :1:1: Premature end of file.
2025-06-11 21:31:11,470 [ERROR] LogOutputStream:75 - [STDERR_REDIRECT] 
2025-06-11 21:31:12,474 [ERROR] LogOutputStream:75 - [STDERR_REDIRECT] [Fatal Error] :1:1: Premature end of file.
2025-06-11 21:31:12,474 [ERROR] LogOutputStream:75 - [STDERR_REDIRECT] 
2025-06-11 21:31:13,442 [ERROR] LogOutputStream:75 - [STDERR_REDIRECT] [Fatal Error] :1:1: Premature end of file.
2025-06-11 21:31:13,442 [ERROR] LogOutputStream:75 - [STDERR_REDIRECT] 
2025-06-11 21:31:14,462 [ERROR] LogOutputStream:75 - [STDERR_REDIRECT] [Fatal Error] :1:1: Premature end of file.
2025-06-11 21:31:14,463 [ERROR] LogOutputStream:75 - [STDERR_REDIRECT] 
2025-06-11 21:31:15,469 [ERROR] LogOutputStream:75 - [STDERR_REDIRECT] [Fatal Error] :1:1: Premature end of file.
2025-06-11 21:31:15,469 [ERROR] LogOutputStream:75 - [STDERR_REDIRECT] 
2025-06-11 21:31:16,473 [ERROR] LogOutputStream:75 - [STDERR_REDIRECT] [Fatal Error] :1:1: Premature end of file.
2025-06-11 21:31:16,474 [ERROR] LogOutputStream:75 - [STDERR_REDIRECT] 
2025-06-11 21:31:17,428 [ERROR] LogOutputStream:75 - [STDERR_REDIRECT] [Fatal Error] :1:1: Premature end of file.
2025-06-11 21:31:17,429 [ERROR] LogOutputStream:75 - [STDERR_REDIRECT] 
2025-06-11 21:31:18,483 [ERROR] LogOutputStream:75 - [STDERR_REDIRECT] [Fatal Error] :1:1: Premature end of file.
2025-06-11 21:31:18,483 [ERROR] LogOutputStream:75 - [STDERR_REDIRECT] 
2025-06-11 21:31:19,477 [ERROR] LogOutputStream:75 - [STDERR_REDIRECT] [Fatal Error] :1:1: Premature end of file.
2025-06-11 21:31:19,477 [ERROR] LogOutputStream:75 - [STDERR_REDIRECT] 
2025-06-11 21:31:20,474 [ERROR] LogOutputStream:75 - [STDERR_REDIRECT] [Fatal Error] :1:1: Premature end of file.
2025-06-11 21:31:20,475 [ERROR] LogOutputStream:75 - [STDERR_REDIRECT] 
2025-06-11 21:31:21,470 [ERROR] LogOutputStream:75 - [STDERR_REDIRECT] [Fatal Error] :1:1: Premature end of file.
2025-06-11 21:31:21,470 [ERROR] LogOutputStream:75 - [STDERR_REDIRECT] 
2025-06-11 21:31:22,474 [ERROR] LogOutputStream:75 - [STDERR_REDIRECT] [Fatal Error] :1:1: Premature end of file.
2025-06-11 21:31:22,475 [ERROR] LogOutputStream:75 - [STDERR_REDIRECT] 
2025-06-11 21:31:23,461 [ERROR] LogOutputStream:75 - [STDERR_REDIRECT] [Fatal Error] :1:1: Premature end of file.
2025-06-11 21:31:23,461 [ERROR] LogOutputStream:75 - [STDERR_REDIRECT] 
2025-06-11 21:31:24,475 [ERROR] LogOutputStream:75 - [STDERR_REDIRECT] [Fatal Error] :1:1: Premature end of file.
2025-06-11 21:31:24,476 [ERROR] LogOutputStream:75 - [STDERR_REDIRECT] 
2025-06-11 21:31:25,446 [ERROR] LogOutputStream:75 - [STDERR_REDIRECT] [Fatal Error] :1:1: Premature end of file.
2025-06-11 21:31:25,446 [ERROR] LogOutputStream:75 - [STDERR_REDIRECT] 
2025-06-11 21:31:26,469 [ERROR] LogOutputStream:75 - [STDERR_REDIRECT] [Fatal Error] :1:1: Premature end of file.
2025-06-11 21:31:26,470 [ERROR] LogOutputStream:75 - [STDERR_REDIRECT] 
2025-06-11 21:31:27,413 [ERROR] LogOutputStream:75 - [STDERR_REDIRECT] [Fatal Error] :1:1: Premature end of file.
2025-06-11 21:31:27,414 [ERROR] LogOutputStream:75 - [STDERR_REDIRECT] 
2025-06-11 21:31:28,439 [ERROR] LogOutputStream:75 - [STDERR_REDIRECT] [Fatal Error] :1:1: Premature end of file.
2025-06-11 21:31:28,439 [ERROR] LogOutputStream:75 - [STDERR_REDIRECT] 
2025-06-11 21:31:29,484 [ERROR] LogOutputStream:75 - [STDERR_REDIRECT] [Fatal Error] :1:1: Premature end of file.
2025-06-11 21:31:29,485 [ERROR] LogOutputStream:75 - [STDERR_REDIRECT] 
2025-06-11 21:31:30,540 [ERROR] LogOutputStream:75 - [STDERR_REDIRECT] [Fatal Error] :1:1: Premature end of file.
2025-06-11 21:31:30,541 [ERROR] LogOutputStream:75 - [STDERR_REDIRECT] 
2025-06-11 21:31:31,468 [ERROR] LogOutputStream:75 - [STDERR_REDIRECT] [Fatal Error] :1:1: Premature end of file.
2025-06-11 21:31:31,468 [ERROR] LogOutputStream:75 - [STDERR_REDIRECT] 
2025-06-11 21:31:32,470 [ERROR] LogOutputStream:75 - [STDERR_REDIRECT] [Fatal Error] :1:1: Premature end of file.
2025-06-11 21:31:32,470 [ERROR] LogOutputStream:75 - [STDERR_REDIRECT] 
2025-06-11 21:31:33,388 [ERROR] LogOutputStream:75 - [STDERR_REDIRECT] [Fatal Error] :1:1: Premature end of file.
2025-06-11 21:31:33,388 [ERROR] LogOutputStream:75 - [STDERR_REDIRECT] 
2025-06-11 21:31:34,457 [ERROR] LogOutputStream:75 - [STDERR_REDIRECT] [Fatal Error] :1:1: Premature end of file.
2025-06-11 21:31:34,457 [ERROR] LogOutputStream:75 - [STDERR_REDIRECT] 
2025-06-11 21:31:35,461 [ERROR] LogOutputStream:75 - [STDERR_REDIRECT] [Fatal Error] :1:1: Premature end of file.
2025-06-11 21:31:35,462 [ERROR] LogOutputStream:75 - [STDERR_REDIRECT] 
2025-06-11 21:31:36,470 [ERROR] LogOutputStream:75 - [STDERR_REDIRECT] [Fatal Error] :1:1: Premature end of file.
2025-06-11 21:31:36,470 [ERROR] LogOutputStream:75 - [STDERR_REDIRECT] 
2025-06-11 21:31:37,483 [ERROR] LogOutputStream:75 - [STDERR_REDIRECT] [Fatal Error] :1:1: Premature end of file.
2025-06-11 21:31:37,483 [ERROR] LogOutputStream:75 - [STDERR_REDIRECT] 
2025-06-11 21:31:38,470 [ERROR] LogOutputStream:75 - [STDERR_REDIRECT] [Fatal Error] :1:1: Premature end of file.
2025-06-11 21:31:38,472 [ERROR] LogOutputStream:75 - [STDERR_REDIRECT] 
2025-06-11 21:31:39,462 [ERROR] LogOutputStream:75 - [STDERR_REDIRECT] [Fatal Error] :1:1: Premature end of file.
2025-06-11 21:31:39,462 [ERROR] LogOutputStream:75 - [STDERR_REDIRECT] 
2025-06-11 21:31:40,473 [ERROR] LogOutputStream:75 - [STDERR_REDIRECT] [Fatal Error] :1:1: Premature end of file.
2025-06-11 21:31:40,474 [ERROR] LogOutputStream:75 - [STDERR_REDIRECT] 
2025-06-11 21:31:41,475 [ERROR] LogOutputStream:75 - [STDERR_REDIRECT] [Fatal Error] :1:1: Premature end of file.
2025-06-11 21:31:41,475 [ERROR] LogOutputStream:75 - [STDERR_REDIRECT] 
2025-06-11 21:31:42,487 [ERROR] LogOutputStream:75 - [STDERR_REDIRECT] [Fatal Error] :1:1: Premature end of file.
2025-06-11 21:31:42,487 [ERROR] LogOutputStream:75 - [STDERR_REDIRECT] 
2025-06-11 21:31:43,479 [ERROR] LogOutputStream:75 - [STDERR_REDIRECT] [Fatal Error] :1:1: Premature end of file.
2025-06-11 21:31:43,480 [ERROR] LogOutputStream:75 - [STDERR_REDIRECT] 
2025-06-11 21:31:44,477 [ERROR] LogOutputStream:75 - [STDERR_REDIRECT] [Fatal Error] :1:1: Premature end of file.
2025-06-11 21:31:44,477 [ERROR] LogOutputStream:75 - [STDERR_REDIRECT] 
2025-06-11 21:31:45,468 [ERROR] LogOutputStream:75 - [STDERR_REDIRECT] [Fatal Error] :1:1: Premature end of file.
2025-06-11 21:31:45,468 [ERROR] LogOutputStream:75 - [STDERR_REDIRECT] 
2025-06-11 21:31:46,460 [ERROR] LogOutputStream:75 - [STDERR_REDIRECT] [Fatal Error] :1:1: Premature end of file.
2025-06-11 21:31:46,461 [ERROR] LogOutputStream:75 - [STDERR_REDIRECT] 
2025-06-11 21:31:47,461 [ERROR] LogOutputStream:75 - [STDERR_REDIRECT] [Fatal Error] :1:1: Premature end of file.
2025-06-11 21:31:47,462 [ERROR] LogOutputStream:75 - [STDERR_REDIRECT] 
2025-06-11 21:31:48,472 [ERROR] LogOutputStream:75 - [STDERR_REDIRECT] [Fatal Error] :1:1: Premature end of file.
2025-06-11 21:31:48,472 [ERROR] LogOutputStream:75 - [STDERR_REDIRECT] 
2025-06-11 21:31:49,474 [ERROR] LogOutputStream:75 - [STDERR_REDIRECT] [Fatal Error] :1:1: Premature end of file.
2025-06-11 21:31:49,475 [ERROR] LogOutputStream:75 - [STDERR_REDIRECT] 
2025-06-11 21:31:50,427 [ERROR] LogOutputStream:75 - [STDERR_REDIRECT] [Fatal Error] :1:1: Premature end of file.
2025-06-11 21:31:50,427 [ERROR] LogOutputStream:75 - [STDERR_REDIRECT] 
2025-06-11 21:31:51,472 [ERROR] LogOutputStream:75 - [STDERR_REDIRECT] [Fatal Error] :1:1: Premature end of file.
2025-06-11 21:31:51,472 [ERROR] LogOutputStream:75 - [STDERR_REDIRECT] 
2025-06-11 21:31:52,485 [ERROR] LogOutputStream:75 - [STDERR_REDIRECT] [Fatal Error] :1:1: Premature end of file.
2025-06-11 21:31:52,485 [ERROR] LogOutputStream:75 - [STDERR_REDIRECT] 
2025-06-11 21:31:53,470 [ERROR] LogOutputStream:75 - [STDERR_REDIRECT] [Fatal Error] :1:1: Premature end of file.
2025-06-11 21:31:53,470 [ERROR] LogOutputStream:75 - [STDERR_REDIRECT] 
2025-06-11 21:31:54,469 [ERROR] LogOutputStream:75 - [STDERR_REDIRECT] [Fatal Error] :1:1: Premature end of file.
2025-06-11 21:31:54,469 [ERROR] LogOutputStream:75 - [STDERR_REDIRECT] 
2025-06-11 21:31:55,464 [ERROR] LogOutputStream:75 - [STDERR_REDIRECT] [Fatal Error] :1:1: Premature end of file.
2025-06-11 21:31:55,465 [ERROR] LogOutputStream:75 - [STDERR_REDIRECT] 
2025-06-11 21:31:56,467 [ERROR] LogOutputStream:75 - [STDERR_REDIRECT] [Fatal Error] :1:1: Premature end of file.
2025-06-11 21:31:56,467 [ERROR] LogOutputStream:75 - [STDERR_REDIRECT] 
2025-06-11 21:31:57,474 [ERROR] LogOutputStream:75 - [STDERR_REDIRECT] [Fatal Error] :1:1: Premature end of file.
2025-06-11 21:31:57,474 [ERROR] LogOutputStream:75 - [STDERR_REDIRECT] 
2025-06-11 21:31:58,477 [ERROR] LogOutputStream:75 - [STDERR_REDIRECT] [Fatal Error] :1:1: Premature end of file.
2025-06-11 21:31:58,477 [ERROR] LogOutputStream:75 - [STDERR_REDIRECT] 
2025-06-11 21:31:59,481 [ERROR] LogOutputStream:75 - [STDERR_REDIRECT] [Fatal Error] :1:1: Premature end of file.
2025-06-11 21:31:59,482 [ERROR] LogOutputStream:75 - [STDERR_REDIRECT] 
2025-06-11 21:32:00,483 [ERROR] LogOutputStream:75 - [STDERR_REDIRECT] [Fatal Error] :1:1: Premature end of file.
2025-06-11 21:32:00,483 [ERROR] LogOutputStream:75 - [STDERR_REDIRECT] 
2025-06-11 21:32:01,465 [ERROR] LogOutputStream:75 - [STDERR_REDIRECT] [Fatal Error] :1:1: Premature end of file.
2025-06-11 21:32:01,466 [ERROR] LogOutputStream:75 - [STDERR_REDIRECT] 
2025-06-11 21:32:02,463 [ERROR] LogOutputStream:75 - [STDERR_REDIRECT] [Fatal Error] :1:1: Premature end of file.
2025-06-11 21:32:02,464 [ERROR] LogOutputStream:75 - [STDERR_REDIRECT] 
2025-06-11 21:32:03,462 [ERROR] LogOutputStream:75 - [STDERR_REDIRECT] [Fatal Error] :1:1: Premature end of file.
2025-06-11 21:32:03,463 [ERROR] LogOutputStream:75 - [STDERR_REDIRECT] 
2025-06-11 21:32:04,468 [ERROR] LogOutputStream:75 - [STDERR_REDIRECT] [Fatal Error] :1:1: Premature end of file.
2025-06-11 21:32:04,469 [ERROR] LogOutputStream:75 - [STDERR_REDIRECT] 
2025-06-11 21:32:05,465 [ERROR] LogOutputStream:75 - [STDERR_REDIRECT] [Fatal Error] :1:1: Premature end of file.
2025-06-11 21:32:05,465 [ERROR] LogOutputStream:75 - [STDERR_REDIRECT] 
2025-06-11 21:32:06,463 [ERROR] LogOutputStream:75 - [STDERR_REDIRECT] [Fatal Error] :1:1: Premature end of file.
2025-06-11 21:32:06,464 [ERROR] LogOutputStream:75 - [STDERR_REDIRECT] 
2025-06-11 21:32:07,469 [ERROR] LogOutputStream:75 - [STDERR_REDIRECT] [Fatal Error] :1:1: Premature end of file.
2025-06-11 21:32:07,469 [ERROR] LogOutputStream:75 - [STDERR_REDIRECT] 
2025-06-11 21:32:08,473 [ERROR] LogOutputStream:75 - [STDERR_REDIRECT] [Fatal Error] :1:1: Premature end of file.
2025-06-11 21:32:08,473 [ERROR] LogOutputStream:75 - [STDERR_REDIRECT] 
2025-06-11 21:32:09,474 [ERROR] LogOutputStream:75 - [STDERR_REDIRECT] [Fatal Error] :1:1: Premature end of file.
2025-06-11 21:32:09,474 [ERROR] LogOutputStream:75 - [STDERR_REDIRECT] 
2025-06-11 21:32:10,392 [ERROR] LogOutputStream:75 - [STDERR_REDIRECT] [Fatal Error] :1:1: Premature end of file.
2025-06-11 21:32:10,393 [ERROR] LogOutputStream:75 - [STDERR_REDIRECT] 
2025-06-11 21:32:11,374 [ERROR] LogOutputStream:75 - [STDERR_REDIRECT] [Fatal Error] :1:1: Premature end of file.
2025-06-11 21:32:11,374 [ERROR] LogOutputStream:75 - [STDERR_REDIRECT] 
2025-06-11 21:32:12,369 [ERROR] LogOutputStream:75 - [STDERR_REDIRECT] [Fatal Error] :1:1: Premature end of file.
2025-06-11 21:32:12,369 [ERROR] LogOutputStream:75 - [STDERR_REDIRECT] 
2025-06-11 21:32:13,461 [ERROR] LogOutputStream:75 - [STDERR_REDIRECT] [Fatal Error] :1:1: Premature end of file.
2025-06-11 21:32:13,462 [ERROR] LogOutputStream:75 - [STDERR_REDIRECT] 
2025-06-11 21:32:14,464 [ERROR] LogOutputStream:75 - [STDERR_REDIRECT] [Fatal Error] :1:1: Premature end of file.
2025-06-11 21:32:14,464 [ERROR] LogOutputStream:75 - [STDERR_REDIRECT] 
2025-06-11 21:32:15,466 [ERROR] LogOutputStream:75 - [STDERR_REDIRECT] [Fatal Error] :1:1: Premature end of file.
2025-06-11 21:32:15,466 [ERROR] LogOutputStream:75 - [STDERR_REDIRECT] 
2025-06-11 21:32:16,462 [ERROR] LogOutputStream:75 - [STDERR_REDIRECT] [Fatal Error] :1:1: Premature end of file.
2025-06-11 21:32:16,464 [ERROR] LogOutputStream:75 - [STDERR_REDIRECT] 
2025-06-11 21:32:17,476 [ERROR] LogOutputStream:75 - [STDERR_REDIRECT] [Fatal Error] :1:1: Premature end of file.
2025-06-11 21:32:17,476 [ERROR] LogOutputStream:75 - [STDERR_REDIRECT] 
2025-06-11 21:32:18,467 [ERROR] LogOutputStream:75 - [STDERR_REDIRECT] [Fatal Error] :1:1: Premature end of file.
2025-06-11 21:32:18,468 [ERROR] LogOutputStream:75 - [STDERR_REDIRECT] 
2025-06-11 21:32:19,464 [ERROR] LogOutputStream:75 - [STDERR_REDIRECT] [Fatal Error] :1:1: Premature end of file.
2025-06-11 21:32:19,464 [ERROR] LogOutputStream:75 - [STDERR_REDIRECT] 
2025-06-11 21:32:20,464 [ERROR] LogOutputStream:75 - [STDERR_REDIRECT] [Fatal Error] :1:1: Premature end of file.
2025-06-11 21:32:20,466 [ERROR] LogOutputStream:75 - [STDERR_REDIRECT] 
2025-06-11 21:32:21,464 [ERROR] LogOutputStream:75 - [STDERR_REDIRECT] [Fatal Error] :1:1: Premature end of file.
2025-06-11 21:32:21,465 [ERROR] LogOutputStream:75 - [STDERR_REDIRECT] 
2025-06-11 21:32:22,366 [ERROR] LogOutputStream:75 - [STDERR_REDIRECT] [Fatal Error] :1:1: Premature end of file.
2025-06-11 21:32:22,366 [ERROR] LogOutputStream:75 - [STDERR_REDIRECT] 
2025-06-11 21:32:23,469 [ERROR] LogOutputStream:75 - [STDERR_REDIRECT] [Fatal Error] :1:1: Premature end of file.
2025-06-11 21:32:23,470 [ERROR] LogOutputStream:75 - [STDERR_REDIRECT] 
2025-06-11 21:32:24,401 [ERROR] LogOutputStream:75 - [STDERR_REDIRECT] [Fatal Error] :1:1: Premature end of file.
2025-06-11 21:32:24,401 [ERROR] LogOutputStream:75 - [STDERR_REDIRECT] 
2025-06-11 21:32:25,455 [ERROR] LogOutputStream:75 - [STDERR_REDIRECT] [Fatal Error] :1:1: Premature end of file.
2025-06-11 21:32:25,455 [ERROR] LogOutputStream:75 - [STDERR_REDIRECT] 
2025-06-11 21:32:26,469 [ERROR] LogOutputStream:75 - [STDERR_REDIRECT] [Fatal Error] :1:1: Premature end of file.
2025-06-11 21:32:26,470 [ERROR] LogOutputStream:75 - [STDERR_REDIRECT] 
2025-06-11 21:32:27,470 [ERROR] LogOutputStream:75 - [STDERR_REDIRECT] [Fatal Error] :1:1: Premature end of file.
2025-06-11 21:32:27,470 [ERROR] LogOutputStream:75 - [STDERR_REDIRECT] 
2025-06-11 21:32:28,466 [ERROR] LogOutputStream:75 - [STDERR_REDIRECT] [Fatal Error] :1:1: Premature end of file.
2025-06-11 21:32:28,467 [ERROR] LogOutputStream:75 - [STDERR_REDIRECT] 
2025-06-11 21:32:29,473 [ERROR] LogOutputStream:75 - [STDERR_REDIRECT] [Fatal Error] :1:1: Premature end of file.
2025-06-11 21:32:29,473 [ERROR] LogOutputStream:75 - [STDERR_REDIRECT] 
2025-06-11 21:32:30,466 [ERROR] LogOutputStream:75 - [STDERR_REDIRECT] [Fatal Error] :1:1: Premature end of file.
2025-06-11 21:32:30,466 [ERROR] LogOutputStream:75 - [STDERR_REDIRECT] 
2025-06-11 21:32:31,473 [ERROR] LogOutputStream:75 - [STDERR_REDIRECT] [Fatal Error] :1:1: Premature end of file.
2025-06-11 21:32:31,474 [ERROR] LogOutputStream:75 - [STDERR_REDIRECT] 
2025-06-11 21:32:32,470 [ERROR] LogOutputStream:75 - [STDERR_REDIRECT] [Fatal Error] :1:1: Premature end of file.
2025-06-11 21:32:32,471 [ERROR] LogOutputStream:75 - [STDERR_REDIRECT] 
2025-06-11 21:32:33,466 [ERROR] LogOutputStream:75 - [STDERR_REDIRECT] [Fatal Error] :1:1: Premature end of file.
2025-06-11 21:32:33,466 [ERROR] LogOutputStream:75 - [STDERR_REDIRECT] 
2025-06-11 21:32:34,453 [ERROR] LogOutputStream:75 - [STDERR_REDIRECT] [Fatal Error] :1:1: Premature end of file.
2025-06-11 21:32:34,454 [ERROR] LogOutputStream:75 - [STDERR_REDIRECT] 
2025-06-11 21:32:35,475 [ERROR] LogOutputStream:75 - [STDERR_REDIRECT] [Fatal Error] :1:1: Premature end of file.
2025-06-11 21:32:35,475 [ERROR] LogOutputStream:75 - [STDERR_REDIRECT] 
2025-06-11 21:32:36,461 [ERROR] LogOutputStream:75 - [STDERR_REDIRECT] [Fatal Error] :1:1: Premature end of file.
2025-06-11 21:32:36,462 [ERROR] LogOutputStream:75 - [STDERR_REDIRECT] 
2025-06-11 21:32:37,466 [ERROR] LogOutputStream:75 - [STDERR_REDIRECT] [Fatal Error] :1:1: Premature end of file.
2025-06-11 21:32:37,466 [ERROR] LogOutputStream:75 - [STDERR_REDIRECT] 
2025-06-11 21:32:38,463 [ERROR] LogOutputStream:75 - [STDERR_REDIRECT] [Fatal Error] :1:1: Premature end of file.
2025-06-11 21:32:38,464 [ERROR] LogOutputStream:75 - [STDERR_REDIRECT] 
2025-06-11 21:32:39,478 [ERROR] LogOutputStream:75 - [STDERR_REDIRECT] [Fatal Error] :1:1: Premature end of file.
2025-06-11 21:32:39,478 [ERROR] LogOutputStream:75 - [STDERR_REDIRECT] 
2025-06-11 21:32:40,490 [ERROR] LogOutputStream:75 - [STDERR_REDIRECT] [Fatal Error] :1:1: Premature end of file.
2025-06-11 21:32:40,491 [ERROR] LogOutputStream:75 - [STDERR_REDIRECT] 
2025-06-11 21:32:41,468 [ERROR] LogOutputStream:75 - [STDERR_REDIRECT] [Fatal Error] :1:1: Premature end of file.
2025-06-11 21:32:41,469 [ERROR] LogOutputStream:75 - [STDERR_REDIRECT] 
2025-06-11 21:32:42,475 [ERROR] LogOutputStream:75 - [STDERR_REDIRECT] [Fatal Error] :1:1: Premature end of file.
2025-06-11 21:32:42,475 [ERROR] LogOutputStream:75 - [STDERR_REDIRECT] 
2025-06-11 21:32:43,472 [ERROR] LogOutputStream:75 - [STDERR_REDIRECT] [Fatal Error] :1:1: Premature end of file.
2025-06-11 21:32:43,473 [ERROR] LogOutputStream:75 - [STDERR_REDIRECT] 
2025-06-11 21:32:44,476 [ERROR] LogOutputStream:75 - [STDERR_REDIRECT] [Fatal Error] :1:1: Premature end of file.
2025-06-11 21:32:44,476 [ERROR] LogOutputStream:75 - [STDERR_REDIRECT] 
2025-06-11 21:32:45,469 [ERROR] LogOutputStream:75 - [STDERR_REDIRECT] [Fatal Error] :1:1: Premature end of file.
2025-06-11 21:32:45,470 [ERROR] LogOutputStream:75 - [STDERR_REDIRECT] 
2025-06-11 21:32:46,444 [ERROR] LogOutputStream:75 - [STDERR_REDIRECT] [Fatal Error] :1:1: Premature end of file.
2025-06-11 21:32:46,445 [ERROR] LogOutputStream:75 - [STDERR_REDIRECT] 
2025-06-11 21:32:47,500 [ERROR] LogOutputStream:75 - [STDERR_REDIRECT] [Fatal Error] :1:1: Premature end of file.
2025-06-11 21:32:47,501 [ERROR] LogOutputStream:75 - [STDERR_REDIRECT] 
2025-06-11 21:32:48,468 [ERROR] LogOutputStream:75 - [STDERR_REDIRECT] [Fatal Error] :1:1: Premature end of file.
2025-06-11 21:32:48,468 [ERROR] LogOutputStream:75 - [STDERR_REDIRECT] 
2025-06-11 21:32:49,472 [ERROR] LogOutputStream:75 - [STDERR_REDIRECT] [Fatal Error] :1:1: Premature end of file.
2025-06-11 21:32:49,473 [ERROR] LogOutputStream:75 - [STDERR_REDIRECT] 
2025-06-11 21:32:50,473 [ERROR] LogOutputStream:75 - [STDERR_REDIRECT] [Fatal Error] :1:1: Premature end of file.
2025-06-11 21:32:50,474 [ERROR] LogOutputStream:75 - [STDERR_REDIRECT] 
2025-06-11 21:32:51,481 [ERROR] LogOutputStream:75 - [STDERR_REDIRECT] [Fatal Error] :1:1: Premature end of file.
2025-06-11 21:32:51,482 [ERROR] LogOutputStream:75 - [STDERR_REDIRECT] 
2025-06-11 21:32:52,476 [ERROR] LogOutputStream:75 - [STDERR_REDIRECT] [Fatal Error] :1:1: Premature end of file.
2025-06-11 21:32:52,476 [ERROR] LogOutputStream:75 - [STDERR_REDIRECT] 
2025-06-11 21:32:53,462 [ERROR] LogOutputStream:75 - [STDERR_REDIRECT] [Fatal Error] :1:1: Premature end of file.
2025-06-11 21:32:53,463 [ERROR] LogOutputStream:75 - [STDERR_REDIRECT] 
2025-06-11 21:32:54,472 [ERROR] LogOutputStream:75 - [STDERR_REDIRECT] [Fatal Error] :1:1: Premature end of file.
2025-06-11 21:32:54,472 [ERROR] LogOutputStream:75 - [STDERR_REDIRECT] 
2025-06-11 21:32:55,472 [ERROR] LogOutputStream:75 - [STDERR_REDIRECT] [Fatal Error] :1:1: Premature end of file.
2025-06-11 21:32:55,473 [ERROR] LogOutputStream:75 - [STDERR_REDIRECT] 
2025-06-11 21:32:56,469 [ERROR] LogOutputStream:75 - [STDERR_REDIRECT] [Fatal Error] :1:1: Premature end of file.
2025-06-11 21:32:56,469 [ERROR] LogOutputStream:75 - [STDERR_REDIRECT] 
2025-06-11 21:32:57,471 [ERROR] LogOutputStream:75 - [STDERR_REDIRECT] [Fatal Error] :1:1: Premature end of file.
2025-06-11 21:32:57,471 [ERROR] LogOutputStream:75 - [STDERR_REDIRECT] 
2025-06-11 21:32:58,434 [ERROR] LogOutputStream:75 - [STDERR_REDIRECT] [Fatal Error] :1:1: Premature end of file.
2025-06-11 21:32:58,434 [ERROR] LogOutputStream:75 - [STDERR_REDIRECT] 
2025-06-11 21:32:59,470 [ERROR] LogOutputStream:75 - [STDERR_REDIRECT] [Fatal Error] :1:1: Premature end of file.
2025-06-11 21:32:59,470 [ERROR] LogOutputStream:75 - [STDERR_REDIRECT] 
2025-06-11 21:33:00,461 [ERROR] LogOutputStream:75 - [STDERR_REDIRECT] [Fatal Error] :1:1: Premature end of file.
2025-06-11 21:33:00,461 [ERROR] LogOutputStream:75 - [STDERR_REDIRECT] 
2025-06-11 21:33:01,473 [ERROR] LogOutputStream:75 - [STDERR_REDIRECT] [Fatal Error] :1:1: Premature end of file.
2025-06-11 21:33:01,473 [ERROR] LogOutputStream:75 - [STDERR_REDIRECT] 
2025-06-11 21:33:02,466 [ERROR] LogOutputStream:75 - [STDERR_REDIRECT] [Fatal Error] :1:1: Premature end of file.
2025-06-11 21:33:02,467 [ERROR] LogOutputStream:75 - [STDERR_REDIRECT] 
2025-06-11 21:33:03,474 [ERROR] LogOutputStream:75 - [STDERR_REDIRECT] [Fatal Error] :1:1: Premature end of file.
2025-06-11 21:33:03,474 [ERROR] LogOutputStream:75 - [STDERR_REDIRECT] 
2025-06-11 21:33:04,469 [ERROR] LogOutputStream:75 - [STDERR_REDIRECT] [Fatal Error] :1:1: Premature end of file.
2025-06-11 21:33:04,469 [ERROR] LogOutputStream:75 - [STDERR_REDIRECT] 
2025-06-11 21:33:05,460 [ERROR] LogOutputStream:75 - [STDERR_REDIRECT] [Fatal Error] :1:1: Premature end of file.
2025-06-11 21:33:05,460 [ERROR] LogOutputStream:75 - [STDERR_REDIRECT] 
2025-06-11 21:33:06,472 [ERROR] LogOutputStream:75 - [STDERR_REDIRECT] [Fatal Error] :1:1: Premature end of file.
2025-06-11 21:33:06,473 [ERROR] LogOutputStream:75 - [STDERR_REDIRECT] 
2025-06-11 21:33:07,466 [ERROR] LogOutputStream:75 - [STDERR_REDIRECT] [Fatal Error] :1:1: Premature end of file.
2025-06-11 21:33:07,466 [ERROR] LogOutputStream:75 - [STDERR_REDIRECT] 
2025-06-11 21:33:08,475 [ERROR] LogOutputStream:75 - [STDERR_REDIRECT] [Fatal Error] :1:1: Premature end of file.
2025-06-11 21:33:08,476 [ERROR] LogOutputStream:75 - [STDERR_REDIRECT] 
2025-06-11 21:33:09,477 [ERROR] LogOutputStream:75 - [STDERR_REDIRECT] [Fatal Error] :1:1: Premature end of file.
2025-06-11 21:33:09,477 [ERROR] LogOutputStream:75 - [STDERR_REDIRECT] 
2025-06-11 21:33:10,471 [ERROR] LogOutputStream:75 - [STDERR_REDIRECT] [Fatal Error] :1:1: Premature end of file.
2025-06-11 21:33:10,471 [ERROR] LogOutputStream:75 - [STDERR_REDIRECT] 
2025-06-11 21:33:11,482 [ERROR] LogOutputStream:75 - [STDERR_REDIRECT] [Fatal Error] :1:1: Premature end of file.
2025-06-11 21:33:11,484 [ERROR] LogOutputStream:75 - [STDERR_REDIRECT] 
2025-06-11 21:33:12,483 [ERROR] LogOutputStream:75 - [STDERR_REDIRECT] [Fatal Error] :1:1: Premature end of file.
2025-06-11 21:33:12,484 [ERROR] LogOutputStream:75 - [STDERR_REDIRECT] 
2025-06-11 21:33:13,370 [ERROR] LogOutputStream:75 - [STDERR_REDIRECT] [Fatal Error] :1:1: Premature end of file.
2025-06-11 21:33:13,370 [ERROR] LogOutputStream:75 - [STDERR_REDIRECT] 
2025-06-11 21:33:14,373 [ERROR] LogOutputStream:75 - [STDERR_REDIRECT] [Fatal Error] :1:1: Premature end of file.
2025-06-11 21:33:14,373 [ERROR] LogOutputStream:75 - [STDERR_REDIRECT] 
2025-06-11 21:33:15,367 [ERROR] LogOutputStream:75 - [STDERR_REDIRECT] [Fatal Error] :1:1: Premature end of file.
2025-06-11 21:33:15,367 [ERROR] LogOutputStream:75 - [STDERR_REDIRECT] 
2025-06-11 21:33:16,461 [ERROR] LogOutputStream:75 - [STDERR_REDIRECT] [Fatal Error] :1:1: Premature end of file.
2025-06-11 21:33:16,461 [ERROR] LogOutputStream:75 - [STDERR_REDIRECT] 
2025-06-11 21:33:17,461 [ERROR] LogOutputStream:75 - [STDERR_REDIRECT] [Fatal Error] :1:1: Premature end of file.
2025-06-11 21:33:17,461 [ERROR] LogOutputStream:75 - [STDERR_REDIRECT] 
2025-06-11 21:33:18,473 [ERROR] LogOutputStream:75 - [STDERR_REDIRECT] [Fatal Error] :1:1: Premature end of file.
2025-06-11 21:33:18,474 [ERROR] LogOutputStream:75 - [STDERR_REDIRECT] 
2025-06-11 21:33:19,468 [ERROR] LogOutputStream:75 - [STDERR_REDIRECT] [Fatal Error] :1:1: Premature end of file.
2025-06-11 21:33:19,468 [ERROR] LogOutputStream:75 - [STDERR_REDIRECT] 
2025-06-11 21:33:20,474 [ERROR] LogOutputStream:75 - [STDERR_REDIRECT] [Fatal Error] :1:1: Premature end of file.
2025-06-11 21:33:20,475 [ERROR] LogOutputStream:75 - [STDERR_REDIRECT] 
2025-06-11 21:33:21,467 [ERROR] LogOutputStream:75 - [STDERR_REDIRECT] [Fatal Error] :1:1: Premature end of file.
2025-06-11 21:33:21,468 [ERROR] LogOutputStream:75 - [STDERR_REDIRECT] 
2025-06-11 21:33:22,485 [ERROR] LogOutputStream:75 - [STDERR_REDIRECT] [Fatal Error] :1:1: Premature end of file.
2025-06-11 21:33:22,485 [ERROR] LogOutputStream:75 - [STDERR_REDIRECT] 
2025-06-11 21:33:23,476 [ERROR] LogOutputStream:75 - [STDERR_REDIRECT] [Fatal Error] :1:1: Premature end of file.
2025-06-11 21:33:23,476 [ERROR] LogOutputStream:75 - [STDERR_REDIRECT] 
2025-06-11 21:33:24,467 [ERROR] LogOutputStream:75 - [STDERR_REDIRECT] [Fatal Error] :1:1: Premature end of file.
2025-06-11 21:33:24,467 [ERROR] LogOutputStream:75 - [STDERR_REDIRECT] 
2025-06-11 21:33:25,454 [ERROR] LogOutputStream:75 - [STDERR_REDIRECT] [Fatal Error] :1:1: Premature end of file.
2025-06-11 21:33:25,454 [ERROR] LogOutputStream:75 - [STDERR_REDIRECT] 
2025-06-11 21:33:26,473 [ERROR] LogOutputStream:75 - [STDERR_REDIRECT] [Fatal Error] :1:1: Premature end of file.
2025-06-11 21:33:26,474 [ERROR] LogOutputStream:75 - [STDERR_REDIRECT] 
2025-06-11 21:33:27,472 [ERROR] LogOutputStream:75 - [STDERR_REDIRECT] [Fatal Error] :1:1: Premature end of file.
2025-06-11 21:33:27,472 [ERROR] LogOutputStream:75 - [STDERR_REDIRECT] 
2025-06-11 21:33:28,481 [ERROR] LogOutputStream:75 - [STDERR_REDIRECT] [Fatal Error] :1:1: Premature end of file.
2025-06-11 21:33:28,481 [ERROR] LogOutputStream:75 - [STDERR_REDIRECT] 
2025-06-11 21:33:29,482 [ERROR] LogOutputStream:75 - [STDERR_REDIRECT] [Fatal Error] :1:1: Premature end of file.
2025-06-11 21:33:29,482 [ERROR] LogOutputStream:75 - [STDERR_REDIRECT] 
2025-06-11 21:33:30,466 [ERROR] LogOutputStream:75 - [STDERR_REDIRECT] [Fatal Error] :1:1: Premature end of file.
2025-06-11 21:33:30,466 [ERROR] LogOutputStream:75 - [STDERR_REDIRECT] 
2025-06-11 21:33:31,480 [ERROR] LogOutputStream:75 - [STDERR_REDIRECT] [Fatal Error] :1:1: Premature end of file.
2025-06-11 21:33:31,481 [ERROR] LogOutputStream:75 - [STDERR_REDIRECT] 
2025-06-11 21:33:32,474 [ERROR] LogOutputStream:75 - [STDERR_REDIRECT] [Fatal Error] :1:1: Premature end of file.
2025-06-11 21:33:32,474 [ERROR] LogOutputStream:75 - [STDERR_REDIRECT] 
2025-06-11 21:33:33,469 [ERROR] LogOutputStream:75 - [STDERR_REDIRECT] [Fatal Error] :1:1: Premature end of file.
2025-06-11 21:33:33,470 [ERROR] LogOutputStream:75 - [STDERR_REDIRECT] 
2025-06-11 21:33:34,470 [ERROR] LogOutputStream:75 - [STDERR_REDIRECT] [Fatal Error] :1:1: Premature end of file.
2025-06-11 21:33:34,470 [ERROR] LogOutputStream:75 - [STDERR_REDIRECT] 
2025-06-11 21:33:35,486 [ERROR] LogOutputStream:75 - [STDERR_REDIRECT] [Fatal Error] :1:1: Premature end of file.
2025-06-11 21:33:35,487 [ERROR] LogOutputStream:75 - [STDERR_REDIRECT] 
2025-06-11 21:33:36,476 [ERROR] LogOutputStream:75 - [STDERR_REDIRECT] [Fatal Error] :1:1: Premature end of file.
2025-06-11 21:33:36,476 [ERROR] LogOutputStream:75 - [STDERR_REDIRECT] 
2025-06-11 21:33:37,468 [ERROR] LogOutputStream:75 - [STDERR_REDIRECT] [Fatal Error] :1:1: Premature end of file.
2025-06-11 21:33:37,469 [ERROR] LogOutputStream:75 - [STDERR_REDIRECT] 
2025-06-11 21:33:38,469 [ERROR] LogOutputStream:75 - [STDERR_REDIRECT] [Fatal Error] :1:1: Premature end of file.
2025-06-11 21:33:38,470 [ERROR] LogOutputStream:75 - [STDERR_REDIRECT] 
2025-06-11 21:33:39,453 [ERROR] LogOutputStream:75 - [STDERR_REDIRECT] [Fatal Error] :1:1: Premature end of file.
2025-06-11 21:33:39,454 [ERROR] LogOutputStream:75 - [STDERR_REDIRECT] 
2025-06-11 21:33:40,486 [ERROR] LogOutputStream:75 - [STDERR_REDIRECT] [Fatal Error] :1:1: Premature end of file.
2025-06-11 21:33:40,486 [ERROR] LogOutputStream:75 - [STDERR_REDIRECT] 
2025-06-11 21:33:41,479 [ERROR] LogOutputStream:75 - [STDERR_REDIRECT] [Fatal Error] :1:1: Premature end of file.
2025-06-11 21:33:41,479 [ERROR] LogOutputStream:75 - [STDERR_REDIRECT] 
2025-06-11 21:33:42,425 [ERROR] LogOutputStream:75 - [STDERR_REDIRECT] [Fatal Error] :1:1: Premature end of file.
2025-06-11 21:33:42,425 [ERROR] LogOutputStream:75 - [STDERR_REDIRECT] 
2025-06-11 21:33:43,480 [ERROR] LogOutputStream:75 - [STDERR_REDIRECT] [Fatal Error] :1:1: Premature end of file.
2025-06-11 21:33:43,481 [ERROR] LogOutputStream:75 - [STDERR_REDIRECT] 
2025-06-11 21:33:44,474 [ERROR] LogOutputStream:75 - [STDERR_REDIRECT] [Fatal Error] :1:1: Premature end of file.
2025-06-11 21:33:44,474 [ERROR] LogOutputStream:75 - [STDERR_REDIRECT] 
2025-06-11 21:33:45,476 [ERROR] LogOutputStream:75 - [STDERR_REDIRECT] [Fatal Error] :1:1: Premature end of file.
2025-06-11 21:33:45,476 [ERROR] LogOutputStream:75 - [STDERR_REDIRECT] 
2025-06-11 21:33:46,475 [ERROR] LogOutputStream:75 - [STDERR_REDIRECT] [Fatal Error] :1:1: Premature end of file.
2025-06-11 21:33:46,476 [ERROR] LogOutputStream:75 - [STDERR_REDIRECT] 
2025-06-11 21:33:47,469 [ERROR] LogOutputStream:75 - [STDERR_REDIRECT] [Fatal Error] :1:1: Premature end of file.
2025-06-11 21:33:47,469 [ERROR] LogOutputStream:75 - [STDERR_REDIRECT] 
2025-06-11 21:33:48,469 [ERROR] LogOutputStream:75 - [STDERR_REDIRECT] [Fatal Error] :1:1: Premature end of file.
2025-06-11 21:33:48,470 [ERROR] LogOutputStream:75 - [STDERR_REDIRECT] 
2025-06-11 21:33:49,479 [ERROR] LogOutputStream:75 - [STDERR_REDIRECT] [Fatal Error] :1:1: Premature end of file.
2025-06-11 21:33:49,480 [ERROR] LogOutputStream:75 - [STDERR_REDIRECT] 
2025-06-11 21:33:50,480 [ERROR] LogOutputStream:75 - [STDERR_REDIRECT] [Fatal Error] :1:1: Premature end of file.
2025-06-11 21:33:50,482 [ERROR] LogOutputStream:75 - [STDERR_REDIRECT] 
2025-06-11 21:33:51,487 [ERROR] LogOutputStream:75 - [STDERR_REDIRECT] [Fatal Error] :1:1: Premature end of file.
2025-06-11 21:33:51,487 [ERROR] LogOutputStream:75 - [STDERR_REDIRECT] 
2025-06-11 21:33:52,489 [ERROR] LogOutputStream:75 - [STDERR_REDIRECT] [Fatal Error] :1:1: Premature end of file.
2025-06-11 21:33:52,490 [ERROR] LogOutputStream:75 - [STDERR_REDIRECT] 
2025-06-11 21:33:53,495 [ERROR] LogOutputStream:75 - [STDERR_REDIRECT] [Fatal Error] :1:1: Premature end of file.
2025-06-11 21:33:53,495 [ERROR] LogOutputStream:75 - [STDERR_REDIRECT] 
2025-06-11 21:33:54,473 [ERROR] LogOutputStream:75 - [STDERR_REDIRECT] [Fatal Error] :1:1: Premature end of file.
2025-06-11 21:33:54,473 [ERROR] LogOutputStream:75 - [STDERR_REDIRECT] 
2025-06-11 21:33:55,469 [ERROR] LogOutputStream:75 - [STDERR_REDIRECT] [Fatal Error] :1:1: Premature end of file.
2025-06-11 21:33:55,469 [ERROR] LogOutputStream:75 - [STDERR_REDIRECT] 
2025-06-11 21:33:56,478 [ERROR] LogOutputStream:75 - [STDERR_REDIRECT] [Fatal Error] :1:1: Premature end of file.
2025-06-11 21:33:56,478 [ERROR] LogOutputStream:75 - [STDERR_REDIRECT] 
2025-06-11 21:33:57,470 [ERROR] LogOutputStream:75 - [STDERR_REDIRECT] [Fatal Error] :1:1: Premature end of file.
2025-06-11 21:33:57,470 [ERROR] LogOutputStream:75 - [STDERR_REDIRECT] 
2025-06-11 21:33:58,475 [ERROR] LogOutputStream:75 - [STDERR_REDIRECT] [Fatal Error] :1:1: Premature end of file.
2025-06-11 21:33:58,476 [ERROR] LogOutputStream:75 - [STDERR_REDIRECT] 
2025-06-11 21:33:59,473 [ERROR] LogOutputStream:75 - [STDERR_REDIRECT] [Fatal Error] :1:1: Premature end of file.
2025-06-11 21:33:59,473 [ERROR] LogOutputStream:75 - [STDERR_REDIRECT] 
2025-06-11 21:34:00,471 [ERROR] LogOutputStream:75 - [STDERR_REDIRECT] [Fatal Error] :1:1: Premature end of file.
2025-06-11 21:34:00,471 [ERROR] LogOutputStream:75 - [STDERR_REDIRECT] 
2025-06-11 21:34:01,478 [ERROR] LogOutputStream:75 - [STDERR_REDIRECT] [Fatal Error] :1:1: Premature end of file.
2025-06-11 21:34:01,479 [ERROR] LogOutputStream:75 - [STDERR_REDIRECT] 
2025-06-11 21:34:02,475 [ERROR] LogOutputStream:75 - [STDERR_REDIRECT] [Fatal Error] :1:1: Premature end of file.
2025-06-11 21:34:02,477 [ERROR] LogOutputStream:75 - [STDERR_REDIRECT] 
2025-06-11 21:34:03,482 [ERROR] LogOutputStream:75 - [STDERR_REDIRECT] [Fatal Error] :1:1: Premature end of file.
2025-06-11 21:34:03,483 [ERROR] LogOutputStream:75 - [STDERR_REDIRECT] 
2025-06-11 21:34:04,473 [ERROR] LogOutputStream:75 - [STDERR_REDIRECT] [Fatal Error] :1:1: Premature end of file.
2025-06-11 21:34:04,474 [ERROR] LogOutputStream:75 - [STDERR_REDIRECT] 
2025-06-11 21:34:05,453 [ERROR] LogOutputStream:75 - [STDERR_REDIRECT] [Fatal Error] :1:1: Premature end of file.
2025-06-11 21:34:05,454 [ERROR] LogOutputStream:75 - [STDERR_REDIRECT] 
2025-06-11 21:34:06,476 [ERROR] LogOutputStream:75 - [STDERR_REDIRECT] [Fatal Error] :1:1: Premature end of file.
2025-06-11 21:34:06,477 [ERROR] LogOutputStream:75 - [STDERR_REDIRECT] 
2025-06-11 21:34:07,476 [ERROR] LogOutputStream:75 - [STDERR_REDIRECT] [Fatal Error] :1:1: Premature end of file.
2025-06-11 21:34:07,476 [ERROR] LogOutputStream:75 - [STDERR_REDIRECT] 
2025-06-11 21:34:08,470 [ERROR] LogOutputStream:75 - [STDERR_REDIRECT] [Fatal Error] :1:1: Premature end of file.
2025-06-11 21:34:08,472 [ERROR] LogOutputStream:75 - [STDERR_REDIRECT] 
2025-06-11 21:34:09,481 [ERROR] LogOutputStream:75 - [STDERR_REDIRECT] [Fatal Error] :1:1: Premature end of file.
2025-06-11 21:34:09,482 [ERROR] LogOutputStream:75 - [STDERR_REDIRECT] 
2025-06-11 21:34:10,473 [ERROR] LogOutputStream:75 - [STDERR_REDIRECT] [Fatal Error] :1:1: Premature end of file.
2025-06-11 21:34:10,474 [ERROR] LogOutputStream:75 - [STDERR_REDIRECT] 
2025-06-11 21:34:11,474 [ERROR] LogOutputStream:75 - [STDERR_REDIRECT] [Fatal Error] :1:1: Premature end of file.
2025-06-11 21:34:11,475 [ERROR] LogOutputStream:75 - [STDERR_REDIRECT] 
2025-06-11 21:34:12,477 [ERROR] LogOutputStream:75 - [STDERR_REDIRECT] [Fatal Error] :1:1: Premature end of file.
2025-06-11 21:34:12,477 [ERROR] LogOutputStream:75 - [STDERR_REDIRECT] 
2025-06-11 21:34:13,474 [ERROR] LogOutputStream:75 - [STDERR_REDIRECT] [Fatal Error] :1:1: Premature end of file.
2025-06-11 21:34:13,476 [ERROR] LogOutputStream:75 - [STDERR_REDIRECT] 
2025-06-11 21:34:14,475 [ERROR] LogOutputStream:75 - [STDERR_REDIRECT] [Fatal Error] :1:1: Premature end of file.
2025-06-11 21:34:14,475 [ERROR] LogOutputStream:75 - [STDERR_REDIRECT] 
2025-06-11 21:34:15,424 [ERROR] LogOutputStream:75 - [STDERR_REDIRECT] [Fatal Error] :1:1: Premature end of file.
2025-06-11 21:34:15,425 [ERROR] LogOutputStream:75 - [STDERR_REDIRECT] 
2025-06-11 21:34:16,378 [ERROR] LogOutputStream:75 - [STDERR_REDIRECT] [Fatal Error] :1:1: Premature end of file.
2025-06-11 21:34:16,378 [ERROR] LogOutputStream:75 - [STDERR_REDIRECT] 
2025-06-11 21:34:17,366 [ERROR] LogOutputStream:75 - [STDERR_REDIRECT] [Fatal Error] :1:1: Premature end of file.
2025-06-11 21:34:17,366 [ERROR] LogOutputStream:75 - [STDERR_REDIRECT] 
2025-06-11 21:34:18,460 [ERROR] LogOutputStream:75 - [STDERR_REDIRECT] [Fatal Error] :1:1: Premature end of file.
2025-06-11 21:34:18,461 [ERROR] LogOutputStream:75 - [STDERR_REDIRECT] 
2025-06-11 21:34:19,470 [ERROR] LogOutputStream:75 - [STDERR_REDIRECT] [Fatal Error] :1:1: Premature end of file.
2025-06-11 21:34:19,471 [ERROR] LogOutputStream:75 - [STDERR_REDIRECT] 
2025-06-11 21:34:20,473 [ERROR] LogOutputStream:75 - [STDERR_REDIRECT] [Fatal Error] :1:1: Premature end of file.
2025-06-11 21:34:20,474 [ERROR] LogOutputStream:75 - [STDERR_REDIRECT] 
2025-06-11 21:34:21,472 [ERROR] LogOutputStream:75 - [STDERR_REDIRECT] [Fatal Error] :1:1: Premature end of file.
2025-06-11 21:34:21,472 [ERROR] LogOutputStream:75 - [STDERR_REDIRECT] 
2025-06-11 21:34:22,470 [ERROR] LogOutputStream:75 - [STDERR_REDIRECT] [Fatal Error] :1:1: Premature end of file.
2025-06-11 21:34:22,470 [ERROR] LogOutputStream:75 - [STDERR_REDIRECT] 
2025-06-11 21:34:23,475 [ERROR] LogOutputStream:75 - [STDERR_REDIRECT] [Fatal Error] :1:1: Premature end of file.
2025-06-11 21:34:23,475 [ERROR] LogOutputStream:75 - [STDERR_REDIRECT] 
2025-06-11 21:34:24,486 [ERROR] LogOutputStream:75 - [STDERR_REDIRECT] [Fatal Error] :1:1: Premature end of file.
2025-06-11 21:34:24,487 [ERROR] LogOutputStream:75 - [STDERR_REDIRECT] 
2025-06-11 21:34:25,471 [ERROR] LogOutputStream:75 - [STDERR_REDIRECT] [Fatal Error] :1:1: Premature end of file.
2025-06-11 21:34:25,472 [ERROR] LogOutputStream:75 - [STDERR_REDIRECT] 
2025-06-11 21:34:26,472 [ERROR] LogOutputStream:75 - [STDERR_REDIRECT] [Fatal Error] :1:1: Premature end of file.
2025-06-11 21:34:26,473 [ERROR] LogOutputStream:75 - [STDERR_REDIRECT] 
2025-06-11 21:34:27,453 [ERROR] LogOutputStream:75 - [STDERR_REDIRECT] [Fatal Error] :1:1: Premature end of file.
2025-06-11 21:34:27,453 [ERROR] LogOutputStream:75 - [STDERR_REDIRECT] 
2025-06-11 21:34:28,447 [ERROR] LogOutputStream:75 - [STDERR_REDIRECT] [Fatal Error] :1:1: Premature end of file.
2025-06-11 21:34:28,447 [ERROR] LogOutputStream:75 - [STDERR_REDIRECT] 
2025-06-11 21:34:29,468 [ERROR] LogOutputStream:75 - [STDERR_REDIRECT] [Fatal Error] :1:1: Premature end of file.
2025-06-11 21:34:29,469 [ERROR] LogOutputStream:75 - [STDERR_REDIRECT] 
2025-06-11 21:34:30,470 [ERROR] LogOutputStream:75 - [STDERR_REDIRECT] [Fatal Error] :1:1: Premature end of file.
2025-06-11 21:34:30,471 [ERROR] LogOutputStream:75 - [STDERR_REDIRECT] 
2025-06-11 21:34:31,469 [ERROR] LogOutputStream:75 - [STDERR_REDIRECT] [Fatal Error] :1:1: Premature end of file.
2025-06-11 21:34:31,470 [ERROR] LogOutputStream:75 - [STDERR_REDIRECT] 
2025-06-11 21:34:32,470 [ERROR] LogOutputStream:75 - [STDERR_REDIRECT] [Fatal Error] :1:1: Premature end of file.
2025-06-11 21:34:32,471 [ERROR] LogOutputStream:75 - [STDERR_REDIRECT] 
2025-06-11 21:34:33,482 [ERROR] LogOutputStream:75 - [STDERR_REDIRECT] [Fatal Error] :1:1: Premature end of file.
2025-06-11 21:34:33,482 [ERROR] LogOutputStream:75 - [STDERR_REDIRECT] 
2025-06-11 21:34:34,477 [ERROR] LogOutputStream:75 - [STDERR_REDIRECT] [Fatal Error] :1:1: Premature end of file.
2025-06-11 21:34:34,478 [ERROR] LogOutputStream:75 - [STDERR_REDIRECT] 
2025-06-11 21:34:35,367 [ERROR] LogOutputStream:75 - [STDERR_REDIRECT] [Fatal Error] :1:1: Premature end of file.
2025-06-11 21:34:35,367 [ERROR] LogOutputStream:75 - [STDERR_REDIRECT] 
2025-06-11 21:34:36,468 [ERROR] LogOutputStream:75 - [STDERR_REDIRECT] [Fatal Error] :1:1: Premature end of file.
2025-06-11 21:34:36,468 [ERROR] LogOutputStream:75 - [STDERR_REDIRECT] 
2025-06-11 21:34:37,472 [ERROR] LogOutputStream:75 - [STDERR_REDIRECT] [Fatal Error] :1:1: Premature end of file.
2025-06-11 21:34:37,472 [ERROR] LogOutputStream:75 - [STDERR_REDIRECT] 
2025-06-11 21:34:38,491 [ERROR] LogOutputStream:75 - [STDERR_REDIRECT] [Fatal Error] :1:1: Premature end of file.
2025-06-11 21:34:38,491 [ERROR] LogOutputStream:75 - [STDERR_REDIRECT] 
2025-06-11 21:34:39,483 [ERROR] LogOutputStream:75 - [STDERR_REDIRECT] [Fatal Error] :1:1: Premature end of file.
2025-06-11 21:34:39,484 [ERROR] LogOutputStream:75 - [STDERR_REDIRECT] 
2025-06-11 21:34:40,481 [ERROR] LogOutputStream:75 - [STDERR_REDIRECT] [Fatal Error] :1:1: Premature end of file.
2025-06-11 21:34:40,482 [ERROR] LogOutputStream:75 - [STDERR_REDIRECT] 
2025-06-11 21:34:41,475 [ERROR] LogOutputStream:75 - [STDERR_REDIRECT] [Fatal Error] :1:1: Premature end of file.
2025-06-11 21:34:41,475 [ERROR] LogOutputStream:75 - [STDERR_REDIRECT] 
2025-06-11 21:34:42,472 [ERROR] LogOutputStream:75 - [STDERR_REDIRECT] [Fatal Error] :1:1: Premature end of file.
2025-06-11 21:34:42,473 [ERROR] LogOutputStream:75 - [STDERR_REDIRECT] 
2025-06-11 21:34:43,489 [ERROR] LogOutputStream:75 - [STDERR_REDIRECT] [Fatal Error] :1:1: Premature end of file.
2025-06-11 21:34:43,490 [ERROR] LogOutputStream:75 - [STDERR_REDIRECT] 
2025-06-11 21:34:44,472 [ERROR] LogOutputStream:75 - [STDERR_REDIRECT] [Fatal Error] :1:1: Premature end of file.
2025-06-11 21:34:44,472 [ERROR] LogOutputStream:75 - [STDERR_REDIRECT] 
2025-06-11 21:34:45,461 [ERROR] LogOutputStream:75 - [STDERR_REDIRECT] [Fatal Error] :1:1: Premature end of file.
2025-06-11 21:34:45,462 [ERROR] LogOutputStream:75 - [STDERR_REDIRECT] 
2025-06-11 21:34:46,476 [ERROR] LogOutputStream:75 - [STDERR_REDIRECT] [Fatal Error] :1:1: Premature end of file.
2025-06-11 21:34:46,476 [ERROR] LogOutputStream:75 - [STDERR_REDIRECT] 
2025-06-11 21:34:47,468 [ERROR] LogOutputStream:75 - [STDERR_REDIRECT] [Fatal Error] :1:1: Premature end of file.
2025-06-11 21:34:47,469 [ERROR] LogOutputStream:75 - [STDERR_REDIRECT] 
2025-06-11 21:34:48,468 [ERROR] LogOutputStream:75 - [STDERR_REDIRECT] [Fatal Error] :1:1: Premature end of file.
2025-06-11 21:34:48,468 [ERROR] LogOutputStream:75 - [STDERR_REDIRECT] 
2025-06-11 21:34:49,448 [ERROR] LogOutputStream:75 - [STDERR_REDIRECT] [Fatal Error] :1:1: Premature end of file.
2025-06-11 21:34:49,449 [ERROR] LogOutputStream:75 - [STDERR_REDIRECT] 
2025-06-11 21:34:50,468 [ERROR] LogOutputStream:75 - [STDERR_REDIRECT] [Fatal Error] :1:1: Premature end of file.
2025-06-11 21:34:50,468 [ERROR] LogOutputStream:75 - [STDERR_REDIRECT] 
2025-06-11 21:34:51,466 [ERROR] LogOutputStream:75 - [STDERR_REDIRECT] [Fatal Error] :1:1: Premature end of file.
2025-06-11 21:34:51,467 [ERROR] LogOutputStream:75 - [STDERR_REDIRECT] 
2025-06-11 21:34:52,474 [ERROR] LogOutputStream:75 - [STDERR_REDIRECT] [Fatal Error] :1:1: Premature end of file.
2025-06-11 21:34:52,474 [ERROR] LogOutputStream:75 - [STDERR_REDIRECT] 
2025-06-11 21:34:53,419 [ERROR] LogOutputStream:75 - [STDERR_REDIRECT] [Fatal Error] :1:1: Premature end of file.
2025-06-11 21:34:53,419 [ERROR] LogOutputStream:75 - [STDERR_REDIRECT] 
2025-06-11 21:34:54,464 [ERROR] LogOutputStream:75 - [STDERR_REDIRECT] [Fatal Error] :1:1: Premature end of file.
2025-06-11 21:34:54,464 [ERROR] LogOutputStream:75 - [STDERR_REDIRECT] 
2025-06-11 21:34:55,461 [ERROR] LogOutputStream:75 - [STDERR_REDIRECT] [Fatal Error] :1:1: Premature end of file.
2025-06-11 21:34:55,462 [ERROR] LogOutputStream:75 - [STDERR_REDIRECT] 
2025-06-11 21:34:56,470 [ERROR] LogOutputStream:75 - [STDERR_REDIRECT] [Fatal Error] :1:1: Premature end of file.
2025-06-11 21:34:56,470 [ERROR] LogOutputStream:75 - [STDERR_REDIRECT] 
2025-06-11 21:34:57,467 [ERROR] LogOutputStream:75 - [STDERR_REDIRECT] [Fatal Error] :1:1: Premature end of file.
2025-06-11 21:34:57,468 [ERROR] LogOutputStream:75 - [STDERR_REDIRECT] 
2025-06-11 21:34:58,468 [ERROR] LogOutputStream:75 - [STDERR_REDIRECT] [Fatal Error] :1:1: Premature end of file.
2025-06-11 21:34:58,469 [ERROR] LogOutputStream:75 - [STDERR_REDIRECT] 
2025-06-11 21:34:59,466 [ERROR] LogOutputStream:75 - [STDERR_REDIRECT] [Fatal Error] :1:1: Premature end of file.
2025-06-11 21:34:59,466 [ERROR] LogOutputStream:75 - [STDERR_REDIRECT] 
2025-06-11 21:35:00,465 [ERROR] LogOutputStream:75 - [STDERR_REDIRECT] [Fatal Error] :1:1: Premature end of file.
2025-06-11 21:35:00,466 [ERROR] LogOutputStream:75 - [STDERR_REDIRECT] 
2025-06-11 21:35:01,476 [ERROR] LogOutputStream:75 - [STDERR_REDIRECT] [Fatal Error] :1:1: Premature end of file.
2025-06-11 21:35:01,476 [ERROR] LogOutputStream:75 - [STDERR_REDIRECT] 
2025-06-11 21:35:02,488 [ERROR] LogOutputStream:75 - [STDERR_REDIRECT] [Fatal Error] :1:1: Premature end of file.
2025-06-11 21:35:02,489 [ERROR] LogOutputStream:75 - [STDERR_REDIRECT] 
2025-06-11 21:35:03,492 [ERROR] LogOutputStream:75 - [STDERR_REDIRECT] [Fatal Error] :1:1: Premature end of file.
2025-06-11 21:35:03,492 [ERROR] LogOutputStream:75 - [STDERR_REDIRECT] 
2025-06-11 21:35:04,469 [ERROR] LogOutputStream:75 - [STDERR_REDIRECT] [Fatal Error] :1:1: Premature end of file.
2025-06-11 21:35:04,470 [ERROR] LogOutputStream:75 - [STDERR_REDIRECT] 
2025-06-11 21:35:05,469 [ERROR] LogOutputStream:75 - [STDERR_REDIRECT] [Fatal Error] :1:1: Premature end of file.
2025-06-11 21:35:05,469 [ERROR] LogOutputStream:75 - [STDERR_REDIRECT] 
2025-06-11 21:35:06,466 [ERROR] LogOutputStream:75 - [STDERR_REDIRECT] [Fatal Error] :1:1: Premature end of file.
2025-06-11 21:35:06,466 [ERROR] LogOutputStream:75 - [STDERR_REDIRECT] 
2025-06-11 21:35:07,462 [ERROR] LogOutputStream:75 - [STDERR_REDIRECT] [Fatal Error] :1:1: Premature end of file.
2025-06-11 21:35:07,462 [ERROR] LogOutputStream:75 - [STDERR_REDIRECT] 
2025-06-11 21:35:08,473 [ERROR] LogOutputStream:75 - [STDERR_REDIRECT] [Fatal Error] :1:1: Premature end of file.
2025-06-11 21:35:08,474 [ERROR] LogOutputStream:75 - [STDERR_REDIRECT] 
2025-06-11 21:35:09,481 [ERROR] LogOutputStream:75 - [STDERR_REDIRECT] [Fatal Error] :1:1: Premature end of file.
2025-06-11 21:35:09,482 [ERROR] LogOutputStream:75 - [STDERR_REDIRECT] 
2025-06-11 21:35:10,470 [ERROR] LogOutputStream:75 - [STDERR_REDIRECT] [Fatal Error] :1:1: Premature end of file.
2025-06-11 21:35:10,470 [ERROR] LogOutputStream:75 - [STDERR_REDIRECT] 
2025-06-11 21:35:11,470 [ERROR] LogOutputStream:75 - [STDERR_REDIRECT] [Fatal Error] :1:1: Premature end of file.
2025-06-11 21:35:11,471 [ERROR] LogOutputStream:75 - [STDERR_REDIRECT] 
2025-06-11 21:35:12,480 [ERROR] LogOutputStream:75 - [STDERR_REDIRECT] [Fatal Error] :1:1: Premature end of file.
2025-06-11 21:35:12,481 [ERROR] LogOutputStream:75 - [STDERR_REDIRECT] 
2025-06-11 21:35:13,477 [ERROR] LogOutputStream:75 - [STDERR_REDIRECT] [Fatal Error] :1:1: Premature end of file.
2025-06-11 21:35:13,478 [ERROR] LogOutputStream:75 - [STDERR_REDIRECT] 
2025-06-11 21:35:14,464 [ERROR] LogOutputStream:75 - [STDERR_REDIRECT] [Fatal Error] :1:1: Premature end of file.
2025-06-11 21:35:14,465 [ERROR] LogOutputStream:75 - [STDERR_REDIRECT] 
2025-06-11 21:35:15,469 [ERROR] LogOutputStream:75 - [STDERR_REDIRECT] [Fatal Error] :1:1: Premature end of file.
2025-06-11 21:35:15,470 [ERROR] LogOutputStream:75 - [STDERR_REDIRECT] 
2025-06-11 21:35:16,478 [ERROR] LogOutputStream:75 - [STDERR_REDIRECT] [Fatal Error] :1:1: Premature end of file.
2025-06-11 21:35:16,479 [ERROR] LogOutputStream:75 - [STDERR_REDIRECT] 
2025-06-11 21:35:17,472 [ERROR] LogOutputStream:75 - [STDERR_REDIRECT] [Fatal Error] :1:1: Premature end of file.
2025-06-11 21:35:17,472 [ERROR] LogOutputStream:75 - [STDERR_REDIRECT] 
2025-06-11 21:35:18,380 [ERROR] LogOutputStream:75 - [STDERR_REDIRECT] [Fatal Error] :1:1: Premature end of file.
2025-06-11 21:35:18,380 [ERROR] LogOutputStream:75 - [STDERR_REDIRECT] 
2025-06-11 21:35:19,371 [ERROR] LogOutputStream:75 - [STDERR_REDIRECT] [Fatal Error] :1:1: Premature end of file.
2025-06-11 21:35:19,371 [ERROR] LogOutputStream:75 - [STDERR_REDIRECT] 
2025-06-11 21:35:20,472 [ERROR] LogOutputStream:75 - [STDERR_REDIRECT] [Fatal Error] :1:1: Premature end of file.
2025-06-11 21:35:20,472 [ERROR] LogOutputStream:75 - [STDERR_REDIRECT] 
2025-06-11 21:35:21,481 [ERROR] LogOutputStream:75 - [STDERR_REDIRECT] [Fatal Error] :1:1: Premature end of file.
2025-06-11 21:35:21,482 [ERROR] LogOutputStream:75 - [STDERR_REDIRECT] 
2025-06-11 21:35:22,474 [ERROR] LogOutputStream:75 - [STDERR_REDIRECT] [Fatal Error] :1:1: Premature end of file.
2025-06-11 21:35:22,474 [ERROR] LogOutputStream:75 - [STDERR_REDIRECT] 
2025-06-11 21:35:23,463 [ERROR] LogOutputStream:75 - [STDERR_REDIRECT] [Fatal Error] :1:1: Premature end of file.
2025-06-11 21:35:23,464 [ERROR] LogOutputStream:75 - [STDERR_REDIRECT] 
2025-06-11 21:35:24,459 [ERROR] LogOutputStream:75 - [STDERR_REDIRECT] [Fatal Error] :1:1: Premature end of file.
2025-06-11 21:35:24,460 [ERROR] LogOutputStream:75 - [STDERR_REDIRECT] 
2025-06-11 21:35:25,474 [ERROR] LogOutputStream:75 - [STDERR_REDIRECT] [Fatal Error] :1:1: Premature end of file.
2025-06-11 21:35:25,476 [ERROR] LogOutputStream:75 - [STDERR_REDIRECT] 
2025-06-11 21:35:26,468 [ERROR] LogOutputStream:75 - [STDERR_REDIRECT] [Fatal Error] :1:1: Premature end of file.
2025-06-11 21:35:26,468 [ERROR] LogOutputStream:75 - [STDERR_REDIRECT] 
2025-06-11 21:35:27,470 [ERROR] LogOutputStream:75 - [STDERR_REDIRECT] [Fatal Error] :1:1: Premature end of file.
2025-06-11 21:35:27,470 [ERROR] LogOutputStream:75 - [STDERR_REDIRECT] 
2025-06-11 21:35:28,467 [ERROR] LogOutputStream:75 - [STDERR_REDIRECT] [Fatal Error] :1:1: Premature end of file.
2025-06-11 21:35:28,468 [ERROR] LogOutputStream:75 - [STDERR_REDIRECT] 
2025-06-11 21:35:29,438 [ERROR] LogOutputStream:75 - [STDERR_REDIRECT] [Fatal Error] :1:1: Premature end of file.
2025-06-11 21:35:29,438 [ERROR] LogOutputStream:75 - [STDERR_REDIRECT] 
2025-06-11 21:35:30,466 [ERROR] LogOutputStream:75 - [STDERR_REDIRECT] [Fatal Error] :1:1: Premature end of file.
2025-06-11 21:35:30,466 [ERROR] LogOutputStream:75 - [STDERR_REDIRECT] 
2025-06-11 21:35:31,462 [ERROR] LogOutputStream:75 - [STDERR_REDIRECT] [Fatal Error] :1:1: Premature end of file.
2025-06-11 21:35:31,464 [ERROR] LogOutputStream:75 - [STDERR_REDIRECT] 
2025-06-11 21:35:32,466 [ERROR] LogOutputStream:75 - [STDERR_REDIRECT] [Fatal Error] :1:1: Premature end of file.
2025-06-11 21:35:32,467 [ERROR] LogOutputStream:75 - [STDERR_REDIRECT] 
2025-06-11 21:35:33,473 [ERROR] LogOutputStream:75 - [STDERR_REDIRECT] [Fatal Error] :1:1: Premature end of file.
2025-06-11 21:35:33,473 [ERROR] LogOutputStream:75 - [STDERR_REDIRECT] 
2025-06-11 21:35:34,472 [ERROR] LogOutputStream:75 - [STDERR_REDIRECT] [Fatal Error] :1:1: Premature end of file.
2025-06-11 21:35:34,472 [ERROR] LogOutputStream:75 - [STDERR_REDIRECT] 
2025-06-11 21:35:35,462 [ERROR] LogOutputStream:75 - [STDERR_REDIRECT] [Fatal Error] :1:1: Premature end of file.
2025-06-11 21:35:35,463 [ERROR] LogOutputStream:75 - [STDERR_REDIRECT] 
2025-06-11 21:35:36,468 [ERROR] LogOutputStream:75 - [STDERR_REDIRECT] [Fatal Error] :1:1: Premature end of file.
2025-06-11 21:35:36,468 [ERROR] LogOutputStream:75 - [STDERR_REDIRECT] 
2025-06-11 21:35:37,469 [ERROR] LogOutputStream:75 - [STDERR_REDIRECT] [Fatal Error] :1:1: Premature end of file.
2025-06-11 21:35:37,470 [ERROR] LogOutputStream:75 - [STDERR_REDIRECT] 
2025-06-11 21:35:38,472 [ERROR] LogOutputStream:75 - [STDERR_REDIRECT] [Fatal Error] :1:1: Premature end of file.
2025-06-11 21:35:38,473 [ERROR] LogOutputStream:75 - [STDERR_REDIRECT] 
2025-06-11 21:35:39,473 [ERROR] LogOutputStream:75 - [STDERR_REDIRECT] [Fatal Error] :1:1: Premature end of file.
2025-06-11 21:35:39,473 [ERROR] LogOutputStream:75 - [STDERR_REDIRECT] 
2025-06-11 21:35:40,482 [ERROR] LogOutputStream:75 - [STDERR_REDIRECT] [Fatal Error] :1:1: Premature end of file.
2025-06-11 21:35:40,482 [ERROR] LogOutputStream:75 - [STDERR_REDIRECT] 
2025-06-11 21:35:41,366 [ERROR] LogOutputStream:75 - [STDERR_REDIRECT] [Fatal Error] :1:1: Premature end of file.
2025-06-11 21:35:41,366 [ERROR] LogOutputStream:75 - [STDERR_REDIRECT] 
2025-06-11 21:35:42,389 [ERROR] LogOutputStream:75 - [STDERR_REDIRECT] [Fatal Error] :1:1: Premature end of file.
2025-06-11 21:35:42,390 [ERROR] LogOutputStream:75 - [STDERR_REDIRECT] 
2025-06-11 21:35:43,365 [ERROR] LogOutputStream:75 - [STDERR_REDIRECT] [Fatal Error] :1:1: Premature end of file.
2025-06-11 21:35:43,365 [ERROR] LogOutputStream:75 - [STDERR_REDIRECT] 
2025-06-11 21:35:44,482 [ERROR] LogOutputStream:75 - [STDERR_REDIRECT] [Fatal Error] :1:1: Premature end of file.
2025-06-11 21:35:44,482 [ERROR] LogOutputStream:75 - [STDERR_REDIRECT] 
2025-06-11 21:35:45,465 [ERROR] LogOutputStream:75 - [STDERR_REDIRECT] [Fatal Error] :1:1: Premature end of file.
2025-06-11 21:35:45,466 [ERROR] LogOutputStream:75 - [STDERR_REDIRECT] 
2025-06-11 21:35:46,469 [ERROR] LogOutputStream:75 - [STDERR_REDIRECT] [Fatal Error] :1:1: Premature end of file.
2025-06-11 21:35:46,470 [ERROR] LogOutputStream:75 - [STDERR_REDIRECT] 
2025-06-11 21:35:47,468 [ERROR] LogOutputStream:75 - [STDERR_REDIRECT] [Fatal Error] :1:1: Premature end of file.
2025-06-11 21:35:47,469 [ERROR] LogOutputStream:75 - [STDERR_REDIRECT] 
2025-06-11 21:35:48,490 [ERROR] LogOutputStream:75 - [STDERR_REDIRECT] [Fatal Error] :1:1: Premature end of file.
2025-06-11 21:35:48,490 [ERROR] LogOutputStream:75 - [STDERR_REDIRECT] 
2025-06-11 21:35:49,466 [ERROR] LogOutputStream:75 - [STDERR_REDIRECT] [Fatal Error] :1:1: Premature end of file.
2025-06-11 21:35:49,467 [ERROR] LogOutputStream:75 - [STDERR_REDIRECT] 
2025-06-11 21:35:50,482 [ERROR] LogOutputStream:75 - [STDERR_REDIRECT] [Fatal Error] :1:1: Premature end of file.
2025-06-11 21:35:50,483 [ERROR] LogOutputStream:75 - [STDERR_REDIRECT] 
2025-06-11 21:35:51,475 [ERROR] LogOutputStream:75 - [STDERR_REDIRECT] [Fatal Error] :1:1: Premature end of file.
2025-06-11 21:35:51,475 [ERROR] LogOutputStream:75 - [STDERR_REDIRECT] 
2025-06-11 21:35:52,485 [ERROR] LogOutputStream:75 - [STDERR_REDIRECT] [Fatal Error] :1:1: Premature end of file.
2025-06-11 21:35:52,485 [ERROR] LogOutputStream:75 - [STDERR_REDIRECT] 
2025-06-11 21:35:53,472 [ERROR] LogOutputStream:75 - [STDERR_REDIRECT] [Fatal Error] :1:1: Premature end of file.
2025-06-11 21:35:53,472 [ERROR] LogOutputStream:75 - [STDERR_REDIRECT] 
2025-06-11 21:35:54,477 [ERROR] LogOutputStream:75 - [STDERR_REDIRECT] [Fatal Error] :1:1: Premature end of file.
2025-06-11 21:35:54,478 [ERROR] LogOutputStream:75 - [STDERR_REDIRECT] 
2025-06-11 21:35:55,466 [ERROR] LogOutputStream:75 - [STDERR_REDIRECT] [Fatal Error] :1:1: Premature end of file.
2025-06-11 21:35:55,466 [ERROR] LogOutputStream:75 - [STDERR_REDIRECT] 
2025-06-11 21:35:56,472 [ERROR] LogOutputStream:75 - [STDERR_REDIRECT] [Fatal Error] :1:1: Premature end of file.
2025-06-11 21:35:56,472 [ERROR] LogOutputStream:75 - [STDERR_REDIRECT] 
2025-06-11 21:35:57,480 [ERROR] LogOutputStream:75 - [STDERR_REDIRECT] [Fatal Error] :1:1: Premature end of file.
2025-06-11 21:35:57,480 [ERROR] LogOutputStream:75 - [STDERR_REDIRECT] 
2025-06-11 21:35:58,425 [ERROR] LogOutputStream:75 - [STDERR_REDIRECT] [Fatal Error] :1:1: Premature end of file.
2025-06-11 21:35:58,425 [ERROR] LogOutputStream:75 - [STDERR_REDIRECT] 
2025-06-11 21:35:59,471 [ERROR] LogOutputStream:75 - [STDERR_REDIRECT] [Fatal Error] :1:1: Premature end of file.
2025-06-11 21:35:59,471 [ERROR] LogOutputStream:75 - [STDERR_REDIRECT] 
2025-06-11 21:36:00,492 [ERROR] LogOutputStream:75 - [STDERR_REDIRECT] [Fatal Error] :1:1: Premature end of file.
2025-06-11 21:36:00,492 [ERROR] LogOutputStream:75 - [STDERR_REDIRECT] 
2025-06-11 21:36:01,481 [ERROR] LogOutputStream:75 - [STDERR_REDIRECT] [Fatal Error] :1:1: Premature end of file.
2025-06-11 21:36:01,482 [ERROR] LogOutputStream:75 - [STDERR_REDIRECT] 
2025-06-11 21:36:02,472 [ERROR] LogOutputStream:75 - [STDERR_REDIRECT] [Fatal Error] :1:1: Premature end of file.
2025-06-11 21:36:02,473 [ERROR] LogOutputStream:75 - [STDERR_REDIRECT] 
2025-06-11 21:36:03,468 [ERROR] LogOutputStream:75 - [STDERR_REDIRECT] [Fatal Error] :1:1: Premature end of file.
2025-06-11 21:36:03,469 [ERROR] LogOutputStream:75 - [STDERR_REDIRECT] 
2025-06-11 21:36:04,453 [ERROR] LogOutputStream:75 - [STDERR_REDIRECT] [Fatal Error] :1:1: Premature end of file.
2025-06-11 21:36:04,454 [ERROR] LogOutputStream:75 - [STDERR_REDIRECT] 
2025-06-11 21:36:05,462 [ERROR] LogOutputStream:75 - [STDERR_REDIRECT] [Fatal Error] :1:1: Premature end of file.
2025-06-11 21:36:05,462 [ERROR] LogOutputStream:75 - [STDERR_REDIRECT] 
2025-06-11 21:36:06,464 [ERROR] LogOutputStream:75 - [STDERR_REDIRECT] [Fatal Error] :1:1: Premature end of file.
2025-06-11 21:36:06,464 [ERROR] LogOutputStream:75 - [STDERR_REDIRECT] 
2025-06-11 21:36:07,460 [ERROR] LogOutputStream:75 - [STDERR_REDIRECT] [Fatal Error] :1:1: Premature end of file.
2025-06-11 21:36:07,460 [ERROR] LogOutputStream:75 - [STDERR_REDIRECT] 
2025-06-11 21:36:08,462 [ERROR] LogOutputStream:75 - [STDERR_REDIRECT] [Fatal Error] :1:1: Premature end of file.
2025-06-11 21:36:08,463 [ERROR] LogOutputStream:75 - [STDERR_REDIRECT] 
2025-06-11 21:36:09,405 [ERROR] LogOutputStream:75 - [STDERR_REDIRECT] [Fatal Error] :1:1: Premature end of file.
2025-06-11 21:36:09,406 [ERROR] LogOutputStream:75 - [STDERR_REDIRECT] 
2025-06-11 21:36:10,447 [ERROR] LogOutputStream:75 - [STDERR_REDIRECT] [Fatal Error] :1:1: Premature end of file.
2025-06-11 21:36:10,448 [ERROR] LogOutputStream:75 - [STDERR_REDIRECT] 
2025-06-11 21:36:11,473 [ERROR] LogOutputStream:75 - [STDERR_REDIRECT] [Fatal Error] :1:1: Premature end of file.
2025-06-11 21:36:11,474 [ERROR] LogOutputStream:75 - [STDERR_REDIRECT] 
2025-06-11 21:36:12,463 [ERROR] LogOutputStream:75 - [STDERR_REDIRECT] [Fatal Error] :1:1: Premature end of file.
2025-06-11 21:36:12,464 [ERROR] LogOutputStream:75 - [STDERR_REDIRECT] 
2025-06-11 21:36:13,472 [ERROR] LogOutputStream:75 - [STDERR_REDIRECT] [Fatal Error] :1:1: Premature end of file.
2025-06-11 21:36:13,472 [ERROR] LogOutputStream:75 - [STDERR_REDIRECT] 
2025-06-11 21:36:14,462 [ERROR] LogOutputStream:75 - [STDERR_REDIRECT] [Fatal Error] :1:1: Premature end of file.
2025-06-11 21:36:14,463 [ERROR] LogOutputStream:75 - [STDERR_REDIRECT] 
2025-06-11 21:36:15,460 [ERROR] LogOutputStream:75 - [STDERR_REDIRECT] [Fatal Error] :1:1: Premature end of file.
2025-06-11 21:36:15,460 [ERROR] LogOutputStream:75 - [STDERR_REDIRECT] 
2025-06-11 21:36:16,466 [ERROR] LogOutputStream:75 - [STDERR_REDIRECT] [Fatal Error] :1:1: Premature end of file.
2025-06-11 21:36:16,467 [ERROR] LogOutputStream:75 - [STDERR_REDIRECT] 
2025-06-11 21:36:17,467 [ERROR] LogOutputStream:75 - [STDERR_REDIRECT] [Fatal Error] :1:1: Premature end of file.
2025-06-11 21:36:17,468 [ERROR] LogOutputStream:75 - [STDERR_REDIRECT] 
2025-06-11 21:36:18,470 [ERROR] LogOutputStream:75 - [STDERR_REDIRECT] [Fatal Error] :1:1: Premature end of file.
2025-06-11 21:36:18,470 [ERROR] LogOutputStream:75 - [STDERR_REDIRECT] 
2025-06-11 21:36:19,474 [ERROR] LogOutputStream:75 - [STDERR_REDIRECT] [Fatal Error] :1:1: Premature end of file.
2025-06-11 21:36:19,474 [ERROR] LogOutputStream:75 - [STDERR_REDIRECT] 
2025-06-11 21:36:20,367 [ERROR] LogOutputStream:75 - [STDERR_REDIRECT] [Fatal Error] :1:1: Premature end of file.
2025-06-11 21:36:20,368 [ERROR] LogOutputStream:75 - [STDERR_REDIRECT] 
2025-06-11 21:36:21,377 [ERROR] LogOutputStream:75 - [STDERR_REDIRECT] [Fatal Error] :1:1: Premature end of file.
2025-06-11 21:36:21,377 [ERROR] LogOutputStream:75 - [STDERR_REDIRECT] 
2025-06-11 21:36:22,440 [ERROR] LogOutputStream:75 - [STDERR_REDIRECT] [Fatal Error] :1:1: Premature end of file.
2025-06-11 21:36:22,440 [ERROR] LogOutputStream:75 - [STDERR_REDIRECT] 
2025-06-11 21:36:23,474 [ERROR] LogOutputStream:75 - [STDERR_REDIRECT] [Fatal Error] :1:1: Premature end of file.
2025-06-11 21:36:23,474 [ERROR] LogOutputStream:75 - [STDERR_REDIRECT] 
2025-06-11 21:36:24,469 [ERROR] LogOutputStream:75 - [STDERR_REDIRECT] [Fatal Error] :1:1: Premature end of file.
2025-06-11 21:36:24,469 [ERROR] LogOutputStream:75 - [STDERR_REDIRECT] 
2025-06-11 21:36:25,473 [ERROR] LogOutputStream:75 - [STDERR_REDIRECT] [Fatal Error] :1:1: Premature end of file.
2025-06-11 21:36:25,474 [ERROR] LogOutputStream:75 - [STDERR_REDIRECT] 
2025-06-11 21:36:26,466 [ERROR] LogOutputStream:75 - [STDERR_REDIRECT] [Fatal Error] :1:1: Premature end of file.
2025-06-11 21:36:26,466 [ERROR] LogOutputStream:75 - [STDERR_REDIRECT] 
2025-06-11 21:36:27,442 [ERROR] LogOutputStream:75 - [STDERR_REDIRECT] [Fatal Error] :1:1: Premature end of file.
2025-06-11 21:36:27,442 [ERROR] LogOutputStream:75 - [STDERR_REDIRECT] 
2025-06-11 21:36:28,444 [ERROR] LogOutputStream:75 - [STDERR_REDIRECT] [Fatal Error] :1:1: Premature end of file.
2025-06-11 21:36:28,444 [ERROR] LogOutputStream:75 - [STDERR_REDIRECT] 
2025-06-11 21:36:29,466 [ERROR] LogOutputStream:75 - [STDERR_REDIRECT] [Fatal Error] :1:1: Premature end of file.
2025-06-11 21:36:29,467 [ERROR] LogOutputStream:75 - [STDERR_REDIRECT] 
2025-06-11 21:36:30,470 [ERROR] LogOutputStream:75 - [STDERR_REDIRECT] [Fatal Error] :1:1: Premature end of file.
2025-06-11 21:36:30,470 [ERROR] LogOutputStream:75 - [STDERR_REDIRECT] 
2025-06-11 21:36:31,461 [ERROR] LogOutputStream:75 - [STDERR_REDIRECT] [Fatal Error] :1:1: Premature end of file.
2025-06-11 21:36:31,462 [ERROR] LogOutputStream:75 - [STDERR_REDIRECT] 
2025-06-11 21:36:32,476 [ERROR] LogOutputStream:75 - [STDERR_REDIRECT] [Fatal Error] :1:1: Premature end of file.
2025-06-11 21:36:32,476 [ERROR] LogOutputStream:75 - [STDERR_REDIRECT] 
2025-06-11 21:36:33,468 [ERROR] LogOutputStream:75 - [STDERR_REDIRECT] [Fatal Error] :1:1: Premature end of file.
2025-06-11 21:36:33,469 [ERROR] LogOutputStream:75 - [STDERR_REDIRECT] 
2025-06-11 21:36:34,458 [ERROR] LogOutputStream:75 - [STDERR_REDIRECT] [Fatal Error] :1:1: Premature end of file.
2025-06-11 21:36:34,458 [ERROR] LogOutputStream:75 - [STDERR_REDIRECT] 
2025-06-11 21:36:35,464 [ERROR] LogOutputStream:75 - [STDERR_REDIRECT] [Fatal Error] :1:1: Premature end of file.
2025-06-11 21:36:35,465 [ERROR] LogOutputStream:75 - [STDERR_REDIRECT] 
2025-06-11 21:36:36,387 [ERROR] LogOutputStream:75 - [STDERR_REDIRECT] [Fatal Error] :1:1: Premature end of file.
2025-06-11 21:36:36,387 [ERROR] LogOutputStream:75 - [STDERR_REDIRECT] 
2025-06-11 21:36:37,466 [ERROR] LogOutputStream:75 - [STDERR_REDIRECT] [Fatal Error] :1:1: Premature end of file.
2025-06-11 21:36:37,467 [ERROR] LogOutputStream:75 - [STDERR_REDIRECT] 
2025-06-11 21:36:38,440 [ERROR] LogOutputStream:75 - [STDERR_REDIRECT] [Fatal Error] :1:1: Premature end of file.
2025-06-11 21:36:38,440 [ERROR] LogOutputStream:75 - [STDERR_REDIRECT] 
2025-06-11 21:36:39,460 [ERROR] LogOutputStream:75 - [STDERR_REDIRECT] [Fatal Error] :1:1: Premature end of file.
2025-06-11 21:36:39,460 [ERROR] LogOutputStream:75 - [STDERR_REDIRECT] 
2025-06-11 21:36:40,421 [ERROR] LogOutputStream:75 - [STDERR_REDIRECT] [Fatal Error] :1:1: Premature end of file.
2025-06-11 21:36:40,421 [ERROR] LogOutputStream:75 - [STDERR_REDIRECT] 
2025-06-11 21:36:41,470 [ERROR] LogOutputStream:75 - [STDERR_REDIRECT] [Fatal Error] :1:1: Premature end of file.
2025-06-11 21:36:41,472 [ERROR] LogOutputStream:75 - [STDERR_REDIRECT] 
2025-06-11 21:36:42,482 [ERROR] LogOutputStream:75 - [STDERR_REDIRECT] [Fatal Error] :1:1: Premature end of file.
2025-06-11 21:36:42,483 [ERROR] LogOutputStream:75 - [STDERR_REDIRECT] 
2025-06-11 21:36:43,472 [ERROR] LogOutputStream:75 - [STDERR_REDIRECT] [Fatal Error] :1:1: Premature end of file.
2025-06-11 21:36:43,473 [ERROR] LogOutputStream:75 - [STDERR_REDIRECT] 
2025-06-11 21:36:44,465 [ERROR] LogOutputStream:75 - [STDERR_REDIRECT] [Fatal Error] :1:1: Premature end of file.
2025-06-11 21:36:44,466 [ERROR] LogOutputStream:75 - [STDERR_REDIRECT] 
2025-06-11 21:36:45,464 [ERROR] LogOutputStream:75 - [STDERR_REDIRECT] [Fatal Error] :1:1: Premature end of file.
2025-06-11 21:36:45,465 [ERROR] LogOutputStream:75 - [STDERR_REDIRECT] 
2025-06-11 21:36:46,365 [ERROR] LogOutputStream:75 - [STDERR_REDIRECT] [Fatal Error] :1:1: Premature end of file.
2025-06-11 21:36:46,366 [ERROR] LogOutputStream:75 - [STDERR_REDIRECT] 
2025-06-11 21:36:47,462 [ERROR] LogOutputStream:75 - [STDERR_REDIRECT] [Fatal Error] :1:1: Premature end of file.
2025-06-11 21:36:47,463 [ERROR] LogOutputStream:75 - [STDERR_REDIRECT] 
2025-06-11 21:36:48,448 [ERROR] LogOutputStream:75 - [STDERR_REDIRECT] [Fatal Error] :1:1: Premature end of file.
2025-06-11 21:36:48,448 [ERROR] LogOutputStream:75 - [STDERR_REDIRECT] 
2025-06-11 21:36:49,378 [ERROR] LogOutputStream:75 - [STDERR_REDIRECT] [Fatal Error] :1:1: Premature end of file.
2025-06-11 21:36:49,378 [ERROR] LogOutputStream:75 - [STDERR_REDIRECT] 
2025-06-11 21:36:50,460 [ERROR] LogOutputStream:75 - [STDERR_REDIRECT] [Fatal Error] :1:1: Premature end of file.
2025-06-11 21:36:50,460 [ERROR] LogOutputStream:75 - [STDERR_REDIRECT] 
2025-06-11 21:36:51,477 [ERROR] LogOutputStream:75 - [STDERR_REDIRECT] [Fatal Error] :1:1: Premature end of file.
2025-06-11 21:36:51,477 [ERROR] LogOutputStream:75 - [STDERR_REDIRECT] 
2025-06-11 21:36:52,451 [ERROR] LogOutputStream:75 - [STDERR_REDIRECT] [Fatal Error] :1:1: Premature end of file.
2025-06-11 21:36:52,451 [ERROR] LogOutputStream:75 - [STDERR_REDIRECT] 
2025-06-11 21:36:53,472 [ERROR] LogOutputStream:75 - [STDERR_REDIRECT] [Fatal Error] :1:1: Premature end of file.
2025-06-11 21:36:53,472 [ERROR] LogOutputStream:75 - [STDERR_REDIRECT] 
2025-06-11 21:36:54,467 [ERROR] LogOutputStream:75 - [STDERR_REDIRECT] [Fatal Error] :1:1: Premature end of file.
2025-06-11 21:36:54,467 [ERROR] LogOutputStream:75 - [STDERR_REDIRECT] 
2025-06-11 21:36:55,489 [ERROR] LogOutputStream:75 - [STDERR_REDIRECT] [Fatal Error] :1:1: Premature end of file.
2025-06-11 21:36:55,489 [ERROR] LogOutputStream:75 - [STDERR_REDIRECT] 
2025-06-11 21:36:56,460 [ERROR] LogOutputStream:75 - [STDERR_REDIRECT] [Fatal Error] :1:1: Premature end of file.
2025-06-11 21:36:56,460 [ERROR] LogOutputStream:75 - [STDERR_REDIRECT] 
2025-06-11 21:36:57,461 [ERROR] LogOutputStream:75 - [STDERR_REDIRECT] [Fatal Error] :1:1: Premature end of file.
2025-06-11 21:36:57,461 [ERROR] LogOutputStream:75 - [STDERR_REDIRECT] 
2025-06-11 21:36:58,467 [ERROR] LogOutputStream:75 - [STDERR_REDIRECT] [Fatal Error] :1:1: Premature end of file.
2025-06-11 21:36:58,467 [ERROR] LogOutputStream:75 - [STDERR_REDIRECT] 
2025-06-11 21:36:59,470 [ERROR] LogOutputStream:75 - [STDERR_REDIRECT] [Fatal Error] :1:1: Premature end of file.
2025-06-11 21:36:59,470 [ERROR] LogOutputStream:75 - [STDERR_REDIRECT] 
2025-06-11 21:37:00,468 [ERROR] LogOutputStream:75 - [STDERR_REDIRECT] [Fatal Error] :1:1: Premature end of file.
2025-06-11 21:37:00,468 [ERROR] LogOutputStream:75 - [STDERR_REDIRECT] 
2025-06-11 21:37:01,482 [ERROR] LogOutputStream:75 - [STDERR_REDIRECT] [Fatal Error] :1:1: Premature end of file.
2025-06-11 21:37:01,483 [ERROR] LogOutputStream:75 - [STDERR_REDIRECT] 
2025-06-11 21:37:02,478 [ERROR] LogOutputStream:75 - [STDERR_REDIRECT] [Fatal Error] :1:1: Premature end of file.
2025-06-11 21:37:02,478 [ERROR] LogOutputStream:75 - [STDERR_REDIRECT] 
2025-06-11 21:37:03,451 [ERROR] LogOutputStream:75 - [STDERR_REDIRECT] [Fatal Error] :1:1: Premature end of file.
2025-06-11 21:37:03,451 [ERROR] LogOutputStream:75 - [STDERR_REDIRECT] 
2025-06-11 21:37:04,465 [ERROR] LogOutputStream:75 - [STDERR_REDIRECT] [Fatal Error] :1:1: Premature end of file.
2025-06-11 21:37:04,466 [ERROR] LogOutputStream:75 - [STDERR_REDIRECT] 
2025-06-11 21:37:05,463 [ERROR] LogOutputStream:75 - [STDERR_REDIRECT] [Fatal Error] :1:1: Premature end of file.
2025-06-11 21:37:05,464 [ERROR] LogOutputStream:75 - [STDERR_REDIRECT] 
2025-06-11 21:37:06,459 [ERROR] LogOutputStream:75 - [STDERR_REDIRECT] [Fatal Error] :1:1: Premature end of file.
2025-06-11 21:37:06,460 [ERROR] LogOutputStream:75 - [STDERR_REDIRECT] 
2025-06-11 21:37:07,462 [ERROR] LogOutputStream:75 - [STDERR_REDIRECT] [Fatal Error] :1:1: Premature end of file.
2025-06-11 21:37:07,464 [ERROR] LogOutputStream:75 - [STDERR_REDIRECT] 
2025-06-11 21:37:08,465 [ERROR] LogOutputStream:75 - [STDERR_REDIRECT] [Fatal Error] :1:1: Premature end of file.
2025-06-11 21:37:08,466 [ERROR] LogOutputStream:75 - [STDERR_REDIRECT] 
2025-06-11 21:37:09,464 [ERROR] LogOutputStream:75 - [STDERR_REDIRECT] [Fatal Error] :1:1: Premature end of file.
2025-06-11 21:37:09,465 [ERROR] LogOutputStream:75 - [STDERR_REDIRECT] 
2025-06-11 21:37:10,471 [ERROR] LogOutputStream:75 - [STDERR_REDIRECT] [Fatal Error] :1:1: Premature end of file.
2025-06-11 21:37:10,471 [ERROR] LogOutputStream:75 - [STDERR_REDIRECT] 
2025-06-11 21:37:11,463 [ERROR] LogOutputStream:75 - [STDERR_REDIRECT] [Fatal Error] :1:1: Premature end of file.
2025-06-11 21:37:11,464 [ERROR] LogOutputStream:75 - [STDERR_REDIRECT] 
2025-06-11 21:37:12,466 [ERROR] LogOutputStream:75 - [STDERR_REDIRECT] [Fatal Error] :1:1: Premature end of file.
2025-06-11 21:37:12,466 [ERROR] LogOutputStream:75 - [STDERR_REDIRECT] 
2025-06-11 21:37:13,461 [ERROR] LogOutputStream:75 - [STDERR_REDIRECT] [Fatal Error] :1:1: Premature end of file.
2025-06-11 21:37:13,461 [ERROR] LogOutputStream:75 - [STDERR_REDIRECT] 
2025-06-11 21:37:14,459 [ERROR] LogOutputStream:75 - [STDERR_REDIRECT] [Fatal Error] :1:1: Premature end of file.
2025-06-11 21:37:14,461 [ERROR] LogOutputStream:75 - [STDERR_REDIRECT] 
2025-06-11 21:37:15,462 [ERROR] LogOutputStream:75 - [STDERR_REDIRECT] [Fatal Error] :1:1: Premature end of file.
2025-06-11 21:37:15,463 [ERROR] LogOutputStream:75 - [STDERR_REDIRECT] 
2025-06-11 21:37:16,472 [ERROR] LogOutputStream:75 - [STDERR_REDIRECT] [Fatal Error] :1:1: Premature end of file.
2025-06-11 21:37:16,472 [ERROR] LogOutputStream:75 - [STDERR_REDIRECT] 
2025-06-11 21:37:17,465 [ERROR] LogOutputStream:75 - [STDERR_REDIRECT] [Fatal Error] :1:1: Premature end of file.
2025-06-11 21:37:17,465 [ERROR] LogOutputStream:75 - [STDERR_REDIRECT] 
2025-06-11 21:37:18,475 [ERROR] LogOutputStream:75 - [STDERR_REDIRECT] [Fatal Error] :1:1: Premature end of file.
2025-06-11 21:37:18,475 [ERROR] LogOutputStream:75 - [STDERR_REDIRECT] 
2025-06-11 21:37:19,462 [ERROR] LogOutputStream:75 - [STDERR_REDIRECT] [Fatal Error] :1:1: Premature end of file.
2025-06-11 21:37:19,464 [ERROR] LogOutputStream:75 - [STDERR_REDIRECT] 
2025-06-11 21:37:20,469 [ERROR] LogOutputStream:75 - [STDERR_REDIRECT] [Fatal Error] :1:1: Premature end of file.
2025-06-11 21:37:20,469 [ERROR] LogOutputStream:75 - [STDERR_REDIRECT] 
2025-06-11 21:37:21,470 [ERROR] LogOutputStream:75 - [STDERR_REDIRECT] [Fatal Error] :1:1: Premature end of file.
2025-06-11 21:37:21,470 [ERROR] LogOutputStream:75 - [STDERR_REDIRECT] 
2025-06-11 21:37:22,368 [ERROR] LogOutputStream:75 - [STDERR_REDIRECT] [Fatal Error] :1:1: Premature end of file.
2025-06-11 21:37:22,368 [ERROR] LogOutputStream:75 - [STDERR_REDIRECT] 
2025-06-11 21:37:23,372 [ERROR] LogOutputStream:75 - [STDERR_REDIRECT] [Fatal Error] :1:1: Premature end of file.
2025-06-11 21:37:23,372 [ERROR] LogOutputStream:75 - [STDERR_REDIRECT] 
2025-06-11 21:37:24,369 [ERROR] LogOutputStream:75 - [STDERR_REDIRECT] [Fatal Error] :1:1: Premature end of file.
2025-06-11 21:37:24,369 [ERROR] LogOutputStream:75 - [STDERR_REDIRECT] 
2025-06-11 21:37:25,467 [ERROR] LogOutputStream:75 - [STDERR_REDIRECT] [Fatal Error] :1:1: Premature end of file.
2025-06-11 21:37:25,468 [ERROR] LogOutputStream:75 - [STDERR_REDIRECT] 
2025-06-11 21:37:26,461 [ERROR] LogOutputStream:75 - [STDERR_REDIRECT] [Fatal Error] :1:1: Premature end of file.
2025-06-11 21:37:26,461 [ERROR] LogOutputStream:75 - [STDERR_REDIRECT] 
2025-06-11 21:37:27,462 [ERROR] LogOutputStream:75 - [STDERR_REDIRECT] [Fatal Error] :1:1: Premature end of file.
2025-06-11 21:37:27,463 [ERROR] LogOutputStream:75 - [STDERR_REDIRECT] 
2025-06-11 21:37:28,370 [ERROR] LogOutputStream:75 - [STDERR_REDIRECT] [Fatal Error] :1:1: Premature end of file.
2025-06-11 21:37:28,370 [ERROR] LogOutputStream:75 - [STDERR_REDIRECT] 
2025-06-11 21:37:29,460 [ERROR] LogOutputStream:75 - [STDERR_REDIRECT] [Fatal Error] :1:1: Premature end of file.
2025-06-11 21:37:29,460 [ERROR] LogOutputStream:75 - [STDERR_REDIRECT] 
2025-06-11 21:37:30,469 [ERROR] LogOutputStream:75 - [STDERR_REDIRECT] [Fatal Error] :1:1: Premature end of file.
2025-06-11 21:37:30,470 [ERROR] LogOutputStream:75 - [STDERR_REDIRECT] 
2025-06-11 21:37:31,470 [ERROR] LogOutputStream:75 - [STDERR_REDIRECT] [Fatal Error] :1:1: Premature end of file.
2025-06-11 21:37:31,470 [ERROR] LogOutputStream:75 - [STDERR_REDIRECT] 
2025-06-11 21:37:32,472 [ERROR] LogOutputStream:75 - [STDERR_REDIRECT] [Fatal Error] :1:1: Premature end of file.
2025-06-11 21:37:32,472 [ERROR] LogOutputStream:75 - [STDERR_REDIRECT] 
2025-06-11 21:37:33,469 [ERROR] LogOutputStream:75 - [STDERR_REDIRECT] [Fatal Error] :1:1: Premature end of file.
2025-06-11 21:37:33,470 [ERROR] LogOutputStream:75 - [STDERR_REDIRECT] 
2025-06-11 21:37:34,378 [ERROR] LogOutputStream:75 - [STDERR_REDIRECT] [Fatal Error] :1:1: Premature end of file.
2025-06-11 21:37:34,379 [ERROR] LogOutputStream:75 - [STDERR_REDIRECT] 
2025-06-11 21:37:35,464 [ERROR] LogOutputStream:75 - [STDERR_REDIRECT] [Fatal Error] :1:1: Premature end of file.
2025-06-11 21:37:35,464 [ERROR] LogOutputStream:75 - [STDERR_REDIRECT] 
2025-06-11 21:37:36,458 [ERROR] LogOutputStream:75 - [STDERR_REDIRECT] [Fatal Error] :1:1: Premature end of file.
2025-06-11 21:37:36,458 [ERROR] LogOutputStream:75 - [STDERR_REDIRECT] 
2025-06-11 21:37:37,467 [ERROR] LogOutputStream:75 - [STDERR_REDIRECT] [Fatal Error] :1:1: Premature end of file.
2025-06-11 21:37:37,468 [ERROR] LogOutputStream:75 - [STDERR_REDIRECT] 
2025-06-11 21:37:38,466 [ERROR] LogOutputStream:75 - [STDERR_REDIRECT] [Fatal Error] :1:1: Premature end of file.
2025-06-11 21:37:38,467 [ERROR] LogOutputStream:75 - [STDERR_REDIRECT] 
2025-06-11 21:37:39,477 [ERROR] LogOutputStream:75 - [STDERR_REDIRECT] [Fatal Error] :1:1: Premature end of file.
2025-06-11 21:37:39,478 [ERROR] LogOutputStream:75 - [STDERR_REDIRECT] 
2025-06-11 21:37:40,375 [ERROR] LogOutputStream:75 - [STDERR_REDIRECT] [Fatal Error] :1:1: Premature end of file.
2025-06-11 21:37:40,375 [ERROR] LogOutputStream:75 - [STDERR_REDIRECT] 
2025-06-11 21:37:41,482 [ERROR] LogOutputStream:75 - [STDERR_REDIRECT] [Fatal Error] :1:1: Premature end of file.
2025-06-11 21:37:41,486 [ERROR] LogOutputStream:75 - [STDERR_REDIRECT] 
2025-06-11 21:37:42,482 [ERROR] LogOutputStream:75 - [STDERR_REDIRECT] [Fatal Error] :1:1: Premature end of file.
2025-06-11 21:37:42,482 [ERROR] LogOutputStream:75 - [STDERR_REDIRECT] 
2025-06-11 21:37:43,473 [ERROR] LogOutputStream:75 - [STDERR_REDIRECT] [Fatal Error] :1:1: Premature end of file.
2025-06-11 21:37:43,473 [ERROR] LogOutputStream:75 - [STDERR_REDIRECT] 
2025-06-11 21:37:44,466 [ERROR] LogOutputStream:75 - [STDERR_REDIRECT] [Fatal Error] :1:1: Premature end of file.
2025-06-11 21:37:44,467 [ERROR] LogOutputStream:75 - [STDERR_REDIRECT] 
2025-06-11 21:37:45,472 [ERROR] LogOutputStream:75 - [STDERR_REDIRECT] [Fatal Error] :1:1: Premature end of file.
2025-06-11 21:37:45,472 [ERROR] LogOutputStream:75 - [STDERR_REDIRECT] 
2025-06-11 21:37:46,467 [ERROR] LogOutputStream:75 - [STDERR_REDIRECT] [Fatal Error] :1:1: Premature end of file.
2025-06-11 21:37:46,468 [ERROR] LogOutputStream:75 - [STDERR_REDIRECT] 
2025-06-11 21:37:47,466 [ERROR] LogOutputStream:75 - [STDERR_REDIRECT] [Fatal Error] :1:1: Premature end of file.
2025-06-11 21:37:47,467 [ERROR] LogOutputStream:75 - [STDERR_REDIRECT] 
2025-06-11 21:37:48,470 [ERROR] LogOutputStream:75 - [STDERR_REDIRECT] [Fatal Error] :1:1: Premature end of file.
2025-06-11 21:37:48,470 [ERROR] LogOutputStream:75 - [STDERR_REDIRECT] 
2025-06-11 21:37:49,462 [ERROR] LogOutputStream:75 - [STDERR_REDIRECT] [Fatal Error] :1:1: Premature end of file.
2025-06-11 21:37:49,463 [ERROR] LogOutputStream:75 - [STDERR_REDIRECT] 
2025-06-11 21:37:50,474 [ERROR] LogOutputStream:75 - [STDERR_REDIRECT] [Fatal Error] :1:1: Premature end of file.
2025-06-11 21:37:50,475 [ERROR] LogOutputStream:75 - [STDERR_REDIRECT] 
2025-06-11 21:37:51,469 [ERROR] LogOutputStream:75 - [STDERR_REDIRECT] [Fatal Error] :1:1: Premature end of file.
2025-06-11 21:37:51,470 [ERROR] LogOutputStream:75 - [STDERR_REDIRECT] 
2025-06-11 21:37:52,366 [ERROR] LogOutputStream:75 - [STDERR_REDIRECT] [Fatal Error] :1:1: Premature end of file.
2025-06-11 21:37:52,368 [ERROR] LogOutputStream:75 - [STDERR_REDIRECT] 
2025-06-11 21:37:53,464 [ERROR] LogOutputStream:75 - [STDERR_REDIRECT] [Fatal Error] :1:1: Premature end of file.
2025-06-11 21:37:53,465 [ERROR] LogOutputStream:75 - [STDERR_REDIRECT] 
2025-06-11 21:37:54,367 [ERROR] LogOutputStream:75 - [STDERR_REDIRECT] [Fatal Error] :1:1: Premature end of file.
2025-06-11 21:37:54,367 [ERROR] LogOutputStream:75 - [STDERR_REDIRECT] 
2025-06-11 21:37:55,482 [ERROR] LogOutputStream:75 - [STDERR_REDIRECT] [Fatal Error] :1:1: Premature end of file.
2025-06-11 21:37:55,483 [ERROR] LogOutputStream:75 - [STDERR_REDIRECT] 
2025-06-11 21:37:56,469 [ERROR] LogOutputStream:75 - [STDERR_REDIRECT] [Fatal Error] :1:1: Premature end of file.
2025-06-11 21:37:56,469 [ERROR] LogOutputStream:75 - [STDERR_REDIRECT] 
2025-06-11 21:37:57,467 [ERROR] LogOutputStream:75 - [STDERR_REDIRECT] [Fatal Error] :1:1: Premature end of file.
2025-06-11 21:37:57,467 [ERROR] LogOutputStream:75 - [STDERR_REDIRECT] 
2025-06-11 21:37:58,459 [ERROR] LogOutputStream:75 - [STDERR_REDIRECT] [Fatal Error] :1:1: Premature end of file.
2025-06-11 21:37:58,460 [ERROR] LogOutputStream:75 - [STDERR_REDIRECT] 
2025-06-11 21:37:59,462 [ERROR] LogOutputStream:75 - [STDERR_REDIRECT] [Fatal Error] :1:1: Premature end of file.
2025-06-11 21:37:59,463 [ERROR] LogOutputStream:75 - [STDERR_REDIRECT] 
2025-06-11 21:38:00,468 [ERROR] LogOutputStream:75 - [STDERR_REDIRECT] [Fatal Error] :1:1: Premature end of file.
2025-06-11 21:38:00,469 [ERROR] LogOutputStream:75 - [STDERR_REDIRECT] 
2025-06-11 21:38:01,471 [ERROR] LogOutputStream:75 - [STDERR_REDIRECT] [Fatal Error] :1:1: Premature end of file.
2025-06-11 21:38:01,471 [ERROR] LogOutputStream:75 - [STDERR_REDIRECT] 
2025-06-11 21:38:02,470 [ERROR] LogOutputStream:75 - [STDERR_REDIRECT] [Fatal Error] :1:1: Premature end of file.
2025-06-11 21:38:02,470 [ERROR] LogOutputStream:75 - [STDERR_REDIRECT] 
2025-06-11 21:38:03,468 [ERROR] LogOutputStream:75 - [STDERR_REDIRECT] [Fatal Error] :1:1: Premature end of file.
2025-06-11 21:38:03,468 [ERROR] LogOutputStream:75 - [STDERR_REDIRECT] 
2025-06-11 21:38:04,468 [ERROR] LogOutputStream:75 - [STDERR_REDIRECT] [Fatal Error] :1:1: Premature end of file.
2025-06-11 21:38:04,468 [ERROR] LogOutputStream:75 - [STDERR_REDIRECT] 
2025-06-11 21:38:05,464 [ERROR] LogOutputStream:75 - [STDERR_REDIRECT] [Fatal Error] :1:1: Premature end of file.
2025-06-11 21:38:05,465 [ERROR] LogOutputStream:75 - [STDERR_REDIRECT] 
2025-06-11 21:38:06,461 [ERROR] LogOutputStream:75 - [STDERR_REDIRECT] [Fatal Error] :1:1: Premature end of file.
2025-06-11 21:38:06,462 [ERROR] LogOutputStream:75 - [STDERR_REDIRECT] 
2025-06-11 21:38:07,367 [ERROR] LogOutputStream:75 - [STDERR_REDIRECT] [Fatal Error] :1:1: Premature end of file.
2025-06-11 21:38:07,368 [ERROR] LogOutputStream:75 - [STDERR_REDIRECT] 
2025-06-11 21:38:08,459 [ERROR] LogOutputStream:75 - [STDERR_REDIRECT] [Fatal Error] :1:1: Premature end of file.
2025-06-11 21:38:08,460 [ERROR] LogOutputStream:75 - [STDERR_REDIRECT] 
2025-06-11 21:38:09,425 [ERROR] LogOutputStream:75 - [STDERR_REDIRECT] [Fatal Error] :1:1: Premature end of file.
2025-06-11 21:38:09,425 [ERROR] LogOutputStream:75 - [STDERR_REDIRECT] 
2025-06-11 21:38:10,471 [ERROR] LogOutputStream:75 - [STDERR_REDIRECT] [Fatal Error] :1:1: Premature end of file.
2025-06-11 21:38:10,472 [ERROR] LogOutputStream:75 - [STDERR_REDIRECT] 
2025-06-11 21:38:11,463 [ERROR] LogOutputStream:75 - [STDERR_REDIRECT] [Fatal Error] :1:1: Premature end of file.
2025-06-11 21:38:11,464 [ERROR] LogOutputStream:75 - [STDERR_REDIRECT] 
2025-06-11 21:38:12,466 [ERROR] LogOutputStream:75 - [STDERR_REDIRECT] [Fatal Error] :1:1: Premature end of file.
2025-06-11 21:38:12,467 [ERROR] LogOutputStream:75 - [STDERR_REDIRECT] 
2025-06-11 21:38:13,478 [ERROR] LogOutputStream:75 - [STDERR_REDIRECT] [Fatal Error] :1:1: Premature end of file.
2025-06-11 21:38:13,479 [ERROR] LogOutputStream:75 - [STDERR_REDIRECT] 
2025-06-11 21:38:14,463 [ERROR] LogOutputStream:75 - [STDERR_REDIRECT] [Fatal Error] :1:1: Premature end of file.
2025-06-11 21:38:14,463 [ERROR] LogOutputStream:75 - [STDERR_REDIRECT] 
2025-06-11 21:38:15,446 [ERROR] LogOutputStream:75 - [STDERR_REDIRECT] [Fatal Error] :1:1: Premature end of file.
2025-06-11 21:38:15,446 [ERROR] LogOutputStream:75 - [STDERR_REDIRECT] 
2025-06-11 21:38:16,467 [ERROR] LogOutputStream:75 - [STDERR_REDIRECT] [Fatal Error] :1:1: Premature end of file.
2025-06-11 21:38:16,468 [ERROR] LogOutputStream:75 - [STDERR_REDIRECT] 
2025-06-11 21:38:17,460 [ERROR] LogOutputStream:75 - [STDERR_REDIRECT] [Fatal Error] :1:1: Premature end of file.
2025-06-11 21:38:17,461 [ERROR] LogOutputStream:75 - [STDERR_REDIRECT] 
2025-06-11 21:38:18,470 [ERROR] LogOutputStream:75 - [STDERR_REDIRECT] [Fatal Error] :1:1: Premature end of file.
2025-06-11 21:38:18,470 [ERROR] LogOutputStream:75 - [STDERR_REDIRECT] 
2025-06-11 21:38:19,474 [ERROR] LogOutputStream:75 - [STDERR_REDIRECT] [Fatal Error] :1:1: Premature end of file.
2025-06-11 21:38:19,474 [ERROR] LogOutputStream:75 - [STDERR_REDIRECT] 
2025-06-11 21:38:20,470 [ERROR] LogOutputStream:75 - [STDERR_REDIRECT] [Fatal Error] :1:1: Premature end of file.
2025-06-11 21:38:20,470 [ERROR] LogOutputStream:75 - [STDERR_REDIRECT] 
2025-06-11 21:38:21,430 [ERROR] LogOutputStream:75 - [STDERR_REDIRECT] [Fatal Error] :1:1: Premature end of file.
2025-06-11 21:38:21,432 [ERROR] LogOutputStream:75 - [STDERR_REDIRECT] 
2025-06-11 21:38:22,454 [ERROR] LogOutputStream:75 - [STDERR_REDIRECT] [Fatal Error] :1:1: Premature end of file.
2025-06-11 21:38:22,454 [ERROR] LogOutputStream:75 - [STDERR_REDIRECT] 
2025-06-11 21:38:23,472 [ERROR] LogOutputStream:75 - [STDERR_REDIRECT] [Fatal Error] :1:1: Premature end of file.
2025-06-11 21:38:23,472 [ERROR] LogOutputStream:75 - [STDERR_REDIRECT] 
2025-06-11 21:38:24,412 [ERROR] LogOutputStream:75 - [STDERR_REDIRECT] [Fatal Error] :1:1: Premature end of file.
2025-06-11 21:38:24,413 [ERROR] LogOutputStream:75 - [STDERR_REDIRECT] 
2025-06-11 21:38:25,372 [ERROR] LogOutputStream:75 - [STDERR_REDIRECT] [Fatal Error] :1:1: Premature end of file.
2025-06-11 21:38:25,372 [ERROR] LogOutputStream:75 - [STDERR_REDIRECT] 
2025-06-11 21:38:26,367 [ERROR] LogOutputStream:75 - [STDERR_REDIRECT] [Fatal Error] :1:1: Premature end of file.
2025-06-11 21:38:26,367 [ERROR] LogOutputStream:75 - [STDERR_REDIRECT] 
2025-06-11 21:38:27,466 [ERROR] LogOutputStream:75 - [STDERR_REDIRECT] [Fatal Error] :1:1: Premature end of file.
2025-06-11 21:38:27,466 [ERROR] LogOutputStream:75 - [STDERR_REDIRECT] 
2025-06-11 21:38:28,473 [ERROR] LogOutputStream:75 - [STDERR_REDIRECT] [Fatal Error] :1:1: Premature end of file.
2025-06-11 21:38:28,473 [ERROR] LogOutputStream:75 - [STDERR_REDIRECT] 
2025-06-11 21:38:29,461 [ERROR] LogOutputStream:75 - [STDERR_REDIRECT] [Fatal Error] :1:1: Premature end of file.
2025-06-11 21:38:29,461 [ERROR] LogOutputStream:75 - [STDERR_REDIRECT] 
2025-06-11 21:38:30,464 [ERROR] LogOutputStream:75 - [STDERR_REDIRECT] [Fatal Error] :1:1: Premature end of file.
2025-06-11 21:38:30,464 [ERROR] LogOutputStream:75 - [STDERR_REDIRECT] 
2025-06-11 21:38:31,403 [ERROR] LogOutputStream:75 - [STDERR_REDIRECT] [Fatal Error] :1:1: Premature end of file.
2025-06-11 21:38:31,405 [ERROR] LogOutputStream:75 - [STDERR_REDIRECT] 
2025-06-11 21:38:32,466 [ERROR] LogOutputStream:75 - [STDERR_REDIRECT] [Fatal Error] :1:1: Premature end of file.
2025-06-11 21:38:32,466 [ERROR] LogOutputStream:75 - [STDERR_REDIRECT] 
2025-06-11 21:38:33,464 [ERROR] LogOutputStream:75 - [STDERR_REDIRECT] [Fatal Error] :1:1: Premature end of file.
2025-06-11 21:38:33,464 [ERROR] LogOutputStream:75 - [STDERR_REDIRECT] 
2025-06-11 21:38:34,438 [ERROR] LogOutputStream:75 - [STDERR_REDIRECT] [Fatal Error] :1:1: Premature end of file.
2025-06-11 21:38:34,438 [ERROR] LogOutputStream:75 - [STDERR_REDIRECT] 
2025-06-11 21:38:35,483 [ERROR] LogOutputStream:75 - [STDERR_REDIRECT] [Fatal Error] :1:1: Premature end of file.
2025-06-11 21:38:35,484 [ERROR] LogOutputStream:75 - [STDERR_REDIRECT] 
2025-06-11 21:38:36,466 [ERROR] LogOutputStream:75 - [STDERR_REDIRECT] [Fatal Error] :1:1: Premature end of file.
2025-06-11 21:38:36,467 [ERROR] LogOutputStream:75 - [STDERR_REDIRECT] 
2025-06-11 21:38:37,470 [ERROR] LogOutputStream:75 - [STDERR_REDIRECT] [Fatal Error] :1:1: Premature end of file.
2025-06-11 21:38:37,470 [ERROR] LogOutputStream:75 - [STDERR_REDIRECT] 
2025-06-11 21:38:38,465 [ERROR] LogOutputStream:75 - [STDERR_REDIRECT] [Fatal Error] :1:1: Premature end of file.
2025-06-11 21:38:38,465 [ERROR] LogOutputStream:75 - [STDERR_REDIRECT] 
2025-06-11 21:38:39,462 [ERROR] LogOutputStream:75 - [STDERR_REDIRECT] [Fatal Error] :1:1: Premature end of file.
2025-06-11 21:38:39,463 [ERROR] LogOutputStream:75 - [STDERR_REDIRECT] 
2025-06-11 21:38:40,466 [ERROR] LogOutputStream:75 - [STDERR_REDIRECT] [Fatal Error] :1:1: Premature end of file.
2025-06-11 21:38:40,467 [ERROR] LogOutputStream:75 - [STDERR_REDIRECT] 
2025-06-11 21:38:41,470 [ERROR] LogOutputStream:75 - [STDERR_REDIRECT] [Fatal Error] :1:1: Premature end of file.
2025-06-11 21:38:41,470 [ERROR] LogOutputStream:75 - [STDERR_REDIRECT] 
2025-06-11 21:38:42,478 [ERROR] LogOutputStream:75 - [STDERR_REDIRECT] [Fatal Error] :1:1: Premature end of file.
2025-06-11 21:38:42,478 [ERROR] LogOutputStream:75 - [STDERR_REDIRECT] 
2025-06-11 21:38:43,443 [ERROR] LogOutputStream:75 - [STDERR_REDIRECT] [Fatal Error] :1:1: Premature end of file.
2025-06-11 21:38:43,443 [ERROR] LogOutputStream:75 - [STDERR_REDIRECT] 
2025-06-11 21:38:44,371 [ERROR] LogOutputStream:75 - [STDERR_REDIRECT] [Fatal Error] :1:1: Premature end of file.
2025-06-11 21:38:44,371 [ERROR] LogOutputStream:75 - [STDERR_REDIRECT] 
2025-06-11 21:38:45,474 [ERROR] LogOutputStream:75 - [STDERR_REDIRECT] [Fatal Error] :1:1: Premature end of file.
2025-06-11 21:38:45,475 [ERROR] LogOutputStream:75 - [STDERR_REDIRECT] 
2025-06-11 21:38:46,473 [ERROR] LogOutputStream:75 - [STDERR_REDIRECT] [Fatal Error] :1:1: Premature end of file.
2025-06-11 21:38:46,473 [ERROR] LogOutputStream:75 - [STDERR_REDIRECT] 
2025-06-11 21:38:47,465 [ERROR] LogOutputStream:75 - [STDERR_REDIRECT] [Fatal Error] :1:1: Premature end of file.
2025-06-11 21:38:47,466 [ERROR] LogOutputStream:75 - [STDERR_REDIRECT] 
2025-06-11 21:38:48,458 [ERROR] LogOutputStream:75 - [STDERR_REDIRECT] [Fatal Error] :1:1: Premature end of file.
2025-06-11 21:38:48,458 [ERROR] LogOutputStream:75 - [STDERR_REDIRECT] 
2025-06-11 21:38:49,466 [ERROR] LogOutputStream:75 - [STDERR_REDIRECT] [Fatal Error] :1:1: Premature end of file.
2025-06-11 21:38:49,467 [ERROR] LogOutputStream:75 - [STDERR_REDIRECT] 
2025-06-11 21:38:50,466 [ERROR] LogOutputStream:75 - [STDERR_REDIRECT] [Fatal Error] :1:1: Premature end of file.
2025-06-11 21:38:50,467 [ERROR] LogOutputStream:75 - [STDERR_REDIRECT] 
2025-06-11 21:38:51,464 [ERROR] LogOutputStream:75 - [STDERR_REDIRECT] [Fatal Error] :1:1: Premature end of file.
2025-06-11 21:38:51,466 [ERROR] LogOutputStream:75 - [STDERR_REDIRECT] 
2025-06-11 21:38:52,480 [ERROR] LogOutputStream:75 - [STDERR_REDIRECT] [Fatal Error] :1:1: Premature end of file.
2025-06-11 21:38:52,481 [ERROR] LogOutputStream:75 - [STDERR_REDIRECT] 
2025-06-11 21:38:53,478 [ERROR] LogOutputStream:75 - [STDERR_REDIRECT] [Fatal Error] :1:1: Premature end of file.
2025-06-11 21:38:53,479 [ERROR] LogOutputStream:75 - [STDERR_REDIRECT] 
2025-06-11 21:38:54,452 [ERROR] LogOutputStream:75 - [STDERR_REDIRECT] [Fatal Error] :1:1: Premature end of file.
2025-06-11 21:38:54,452 [ERROR] LogOutputStream:75 - [STDERR_REDIRECT] 
2025-06-11 21:38:55,483 [ERROR] LogOutputStream:75 - [STDERR_REDIRECT] [Fatal Error] :1:1: Premature end of file.
2025-06-11 21:38:55,483 [ERROR] LogOutputStream:75 - [STDERR_REDIRECT] 
2025-06-11 21:38:56,470 [ERROR] LogOutputStream:75 - [STDERR_REDIRECT] [Fatal Error] :1:1: Premature end of file.
2025-06-11 21:38:56,470 [ERROR] LogOutputStream:75 - [STDERR_REDIRECT] 
2025-06-11 21:38:57,468 [ERROR] LogOutputStream:75 - [STDERR_REDIRECT] [Fatal Error] :1:1: Premature end of file.
2025-06-11 21:38:57,469 [ERROR] LogOutputStream:75 - [STDERR_REDIRECT] 
2025-06-11 21:38:58,462 [ERROR] LogOutputStream:75 - [STDERR_REDIRECT] [Fatal Error] :1:1: Premature end of file.
2025-06-11 21:38:58,462 [ERROR] LogOutputStream:75 - [STDERR_REDIRECT] 
2025-06-11 21:38:59,461 [ERROR] LogOutputStream:75 - [STDERR_REDIRECT] [Fatal Error] :1:1: Premature end of file.
2025-06-11 21:38:59,461 [ERROR] LogOutputStream:75 - [STDERR_REDIRECT] 
2025-06-11 21:39:00,472 [ERROR] LogOutputStream:75 - [STDERR_REDIRECT] [Fatal Error] :1:1: Premature end of file.
2025-06-11 21:39:00,472 [ERROR] LogOutputStream:75 - [STDERR_REDIRECT] 
2025-06-11 21:39:01,478 [ERROR] LogOutputStream:75 - [STDERR_REDIRECT] [Fatal Error] :1:1: Premature end of file.
2025-06-11 21:39:01,478 [ERROR] LogOutputStream:75 - [STDERR_REDIRECT] 
2025-06-11 21:39:02,483 [ERROR] LogOutputStream:75 - [STDERR_REDIRECT] [Fatal Error] :1:1: Premature end of file.
2025-06-11 21:39:02,483 [ERROR] LogOutputStream:75 - [STDERR_REDIRECT] 
2025-06-11 21:39:03,474 [ERROR] LogOutputStream:75 - [STDERR_REDIRECT] [Fatal Error] :1:1: Premature end of file.
2025-06-11 21:39:03,474 [ERROR] LogOutputStream:75 - [STDERR_REDIRECT] 
2025-06-11 21:39:04,477 [ERROR] LogOutputStream:75 - [STDERR_REDIRECT] [Fatal Error] :1:1: Premature end of file.
2025-06-11 21:39:04,478 [ERROR] LogOutputStream:75 - [STDERR_REDIRECT] 
2025-06-11 21:39:05,472 [ERROR] LogOutputStream:75 - [STDERR_REDIRECT] [Fatal Error] :1:1: Premature end of file.
2025-06-11 21:39:05,472 [ERROR] LogOutputStream:75 - [STDERR_REDIRECT] 
2025-06-11 21:39:06,445 [ERROR] LogOutputStream:75 - [STDERR_REDIRECT] [Fatal Error] :1:1: Premature end of file.
2025-06-11 21:39:06,445 [ERROR] LogOutputStream:75 - [STDERR_REDIRECT] 
2025-06-11 21:39:07,460 [ERROR] LogOutputStream:75 - [STDERR_REDIRECT] [Fatal Error] :1:1: Premature end of file.
2025-06-11 21:39:07,461 [ERROR] LogOutputStream:75 - [STDERR_REDIRECT] 
2025-06-11 21:39:08,466 [ERROR] LogOutputStream:75 - [STDERR_REDIRECT] [Fatal Error] :1:1: Premature end of file.
2025-06-11 21:39:08,467 [ERROR] LogOutputStream:75 - [STDERR_REDIRECT] 
2025-06-11 21:39:09,476 [ERROR] LogOutputStream:75 - [STDERR_REDIRECT] [Fatal Error] :1:1: Premature end of file.
2025-06-11 21:39:09,476 [ERROR] LogOutputStream:75 - [STDERR_REDIRECT] 
2025-06-11 21:39:10,469 [ERROR] LogOutputStream:75 - [STDERR_REDIRECT] [Fatal Error] :1:1: Premature end of file.
2025-06-11 21:39:10,470 [ERROR] LogOutputStream:75 - [STDERR_REDIRECT] 
2025-06-11 21:39:11,369 [ERROR] LogOutputStream:75 - [STDERR_REDIRECT] [Fatal Error] :1:1: Premature end of file.
2025-06-11 21:39:11,369 [ERROR] LogOutputStream:75 - [STDERR_REDIRECT] 
2025-06-11 21:39:12,464 [ERROR] LogOutputStream:75 - [STDERR_REDIRECT] [Fatal Error] :1:1: Premature end of file.
2025-06-11 21:39:12,465 [ERROR] LogOutputStream:75 - [STDERR_REDIRECT] 
2025-06-11 21:39:13,464 [ERROR] LogOutputStream:75 - [STDERR_REDIRECT] [Fatal Error] :1:1: Premature end of file.
2025-06-11 21:39:13,465 [ERROR] LogOutputStream:75 - [STDERR_REDIRECT] 
2025-06-11 21:39:14,469 [ERROR] LogOutputStream:75 - [STDERR_REDIRECT] [Fatal Error] :1:1: Premature end of file.
2025-06-11 21:39:14,469 [ERROR] LogOutputStream:75 - [STDERR_REDIRECT] 
2025-06-11 21:39:15,468 [ERROR] LogOutputStream:75 - [STDERR_REDIRECT] [Fatal Error] :1:1: Premature end of file.
2025-06-11 21:39:15,468 [ERROR] LogOutputStream:75 - [STDERR_REDIRECT] 
2025-06-11 21:39:16,459 [ERROR] LogOutputStream:75 - [STDERR_REDIRECT] [Fatal Error] :1:1: Premature end of file.
2025-06-11 21:39:16,459 [ERROR] LogOutputStream:75 - [STDERR_REDIRECT] 
2025-06-11 21:39:17,463 [ERROR] LogOutputStream:75 - [STDERR_REDIRECT] [Fatal Error] :1:1: Premature end of file.
2025-06-11 21:39:17,464 [ERROR] LogOutputStream:75 - [STDERR_REDIRECT] 
2025-06-11 21:39:18,469 [ERROR] LogOutputStream:75 - [STDERR_REDIRECT] [Fatal Error] :1:1: Premature end of file.
2025-06-11 21:39:18,469 [ERROR] LogOutputStream:75 - [STDERR_REDIRECT] 
2025-06-11 21:39:19,467 [ERROR] LogOutputStream:75 - [STDERR_REDIRECT] [Fatal Error] :1:1: Premature end of file.
2025-06-11 21:39:19,468 [ERROR] LogOutputStream:75 - [STDERR_REDIRECT] 
2025-06-11 21:39:20,482 [ERROR] LogOutputStream:75 - [STDERR_REDIRECT] [Fatal Error] :1:1: Premature end of file.
2025-06-11 21:39:20,484 [ERROR] LogOutputStream:75 - [STDERR_REDIRECT] 
2025-06-11 21:39:21,471 [ERROR] LogOutputStream:75 - [STDERR_REDIRECT] [Fatal Error] :1:1: Premature end of file.
2025-06-11 21:39:21,472 [ERROR] LogOutputStream:75 - [STDERR_REDIRECT] 
2025-06-11 21:39:22,428 [ERROR] LogOutputStream:75 - [STDERR_REDIRECT] [Fatal Error] :1:1: Premature end of file.
2025-06-11 21:39:22,428 [ERROR] LogOutputStream:75 - [STDERR_REDIRECT] 
2025-06-11 21:39:23,367 [ERROR] LogOutputStream:75 - [STDERR_REDIRECT] [Fatal Error] :1:1: Premature end of file.
2025-06-11 21:39:23,367 [ERROR] LogOutputStream:75 - [STDERR_REDIRECT] 
2025-06-11 21:39:24,376 [ERROR] LogOutputStream:75 - [STDERR_REDIRECT] [Fatal Error] :1:1: Premature end of file.
2025-06-11 21:39:24,376 [ERROR] LogOutputStream:75 - [STDERR_REDIRECT] 
2025-06-11 21:39:25,454 [ERROR] LogOutputStream:75 - [STDERR_REDIRECT] [Fatal Error] :1:1: Premature end of file.
2025-06-11 21:39:25,455 [ERROR] LogOutputStream:75 - [STDERR_REDIRECT] 
2025-06-11 21:39:26,372 [ERROR] LogOutputStream:75 - [STDERR_REDIRECT] [Fatal Error] :1:1: Premature end of file.
2025-06-11 21:39:26,372 [ERROR] LogOutputStream:75 - [STDERR_REDIRECT] 
2025-06-11 21:39:27,381 [ERROR] LogOutputStream:75 - [STDERR_REDIRECT] [Fatal Error] :1:1: Premature end of file.
2025-06-11 21:39:27,381 [ERROR] LogOutputStream:75 - [STDERR_REDIRECT] 
2025-06-11 21:39:28,366 [ERROR] LogOutputStream:75 - [STDERR_REDIRECT] [Fatal Error] :1:1: Premature end of file.
2025-06-11 21:39:28,366 [ERROR] LogOutputStream:75 - [STDERR_REDIRECT] 
2025-06-11 21:39:29,482 [ERROR] LogOutputStream:75 - [STDERR_REDIRECT] [Fatal Error] :1:1: Premature end of file.
2025-06-11 21:39:29,482 [ERROR] LogOutputStream:75 - [STDERR_REDIRECT] 
2025-06-11 21:39:30,461 [ERROR] LogOutputStream:75 - [STDERR_REDIRECT] [Fatal Error] :1:1: Premature end of file.
2025-06-11 21:39:30,462 [ERROR] LogOutputStream:75 - [STDERR_REDIRECT] 
2025-06-11 21:39:31,478 [ERROR] LogOutputStream:75 - [STDERR_REDIRECT] [Fatal Error] :1:1: Premature end of file.
2025-06-11 21:39:31,478 [ERROR] LogOutputStream:75 - [STDERR_REDIRECT] 
2025-06-11 21:39:32,469 [ERROR] LogOutputStream:75 - [STDERR_REDIRECT] [Fatal Error] :1:1: Premature end of file.
2025-06-11 21:39:32,470 [ERROR] LogOutputStream:75 - [STDERR_REDIRECT] 
2025-06-11 21:39:33,408 [ERROR] LogOutputStream:75 - [STDERR_REDIRECT] [Fatal Error] :1:1: Premature end of file.
2025-06-11 21:39:33,409 [ERROR] LogOutputStream:75 - [STDERR_REDIRECT] 
2025-06-11 21:39:34,474 [ERROR] LogOutputStream:75 - [STDERR_REDIRECT] [Fatal Error] :1:1: Premature end of file.
2025-06-11 21:39:34,474 [ERROR] LogOutputStream:75 - [STDERR_REDIRECT] 
2025-06-11 21:39:35,474 [ERROR] LogOutputStream:75 - [STDERR_REDIRECT] [Fatal Error] :1:1: Premature end of file.
2025-06-11 21:39:35,475 [ERROR] LogOutputStream:75 - [STDERR_REDIRECT] 
2025-06-11 21:39:36,475 [ERROR] LogOutputStream:75 - [STDERR_REDIRECT] [Fatal Error] :1:1: Premature end of file.
2025-06-11 21:39:36,475 [ERROR] LogOutputStream:75 - [STDERR_REDIRECT] 
2025-06-11 21:39:37,469 [ERROR] LogOutputStream:75 - [STDERR_REDIRECT] [Fatal Error] :1:1: Premature end of file.
2025-06-11 21:39:37,470 [ERROR] LogOutputStream:75 - [STDERR_REDIRECT] 
2025-06-11 21:39:38,484 [ERROR] LogOutputStream:75 - [STDERR_REDIRECT] [Fatal Error] :1:1: Premature end of file.
2025-06-11 21:39:38,484 [ERROR] LogOutputStream:75 - [STDERR_REDIRECT] 
2025-06-11 21:39:39,367 [ERROR] LogOutputStream:75 - [STDERR_REDIRECT] [Fatal Error] :1:1: Premature end of file.
2025-06-11 21:39:39,367 [ERROR] LogOutputStream:75 - [STDERR_REDIRECT] 
2025-06-11 21:39:40,375 [ERROR] LogOutputStream:75 - [STDERR_REDIRECT] [Fatal Error] :1:1: Premature end of file.
2025-06-11 21:39:40,375 [ERROR] LogOutputStream:75 - [STDERR_REDIRECT] 
2025-06-11 21:39:41,436 [ERROR] LogOutputStream:75 - [STDERR_REDIRECT] [Fatal Error] :1:1: Premature end of file.
2025-06-11 21:39:41,436 [ERROR] LogOutputStream:75 - [STDERR_REDIRECT] 
2025-06-11 21:39:42,371 [ERROR] LogOutputStream:75 - [STDERR_REDIRECT] [Fatal Error] :1:1: Premature end of file.
2025-06-11 21:39:42,371 [ERROR] LogOutputStream:75 - [STDERR_REDIRECT] 
2025-06-11 21:39:43,372 [ERROR] LogOutputStream:75 - [STDERR_REDIRECT] [Fatal Error] :1:1: Premature end of file.
2025-06-11 21:39:43,373 [ERROR] LogOutputStream:75 - [STDERR_REDIRECT] 
2025-06-11 21:39:44,373 [ERROR] LogOutputStream:75 - [STDERR_REDIRECT] [Fatal Error] :1:1: Premature end of file.
2025-06-11 21:39:44,373 [ERROR] LogOutputStream:75 - [STDERR_REDIRECT] 
2025-06-11 21:39:45,460 [ERROR] LogOutputStream:75 - [STDERR_REDIRECT] [Fatal Error] :1:1: Premature end of file.
2025-06-11 21:39:45,461 [ERROR] LogOutputStream:75 - [STDERR_REDIRECT] 
2025-06-11 21:39:46,476 [ERROR] LogOutputStream:75 - [STDERR_REDIRECT] [Fatal Error] :1:1: Premature end of file.
2025-06-11 21:39:46,476 [ERROR] LogOutputStream:75 - [STDERR_REDIRECT] 
2025-06-11 21:39:47,486 [ERROR] LogOutputStream:75 - [STDERR_REDIRECT] [Fatal Error] :1:1: Premature end of file.
2025-06-11 21:39:47,486 [ERROR] LogOutputStream:75 - [STDERR_REDIRECT] 
2025-06-11 21:39:48,472 [ERROR] LogOutputStream:75 - [STDERR_REDIRECT] [Fatal Error] :1:1: Premature end of file.
2025-06-11 21:39:48,472 [ERROR] LogOutputStream:75 - [STDERR_REDIRECT] 
2025-06-11 21:39:49,378 [ERROR] LogOutputStream:75 - [STDERR_REDIRECT] [Fatal Error] :1:1: Premature end of file.
2025-06-11 21:39:49,378 [ERROR] LogOutputStream:75 - [STDERR_REDIRECT] 
2025-06-11 21:39:50,470 [ERROR] LogOutputStream:75 - [STDERR_REDIRECT] [Fatal Error] :1:1: Premature end of file.
2025-06-11 21:39:50,471 [ERROR] LogOutputStream:75 - [STDERR_REDIRECT] 
2025-06-11 21:39:51,466 [ERROR] LogOutputStream:75 - [STDERR_REDIRECT] [Fatal Error] :1:1: Premature end of file.
2025-06-11 21:39:51,466 [ERROR] LogOutputStream:75 - [STDERR_REDIRECT] 
2025-06-11 21:39:52,382 [ERROR] LogOutputStream:75 - [STDERR_REDIRECT] [Fatal Error] :1:1: Premature end of file.
2025-06-11 21:39:52,382 [ERROR] LogOutputStream:75 - [STDERR_REDIRECT] 
2025-06-11 21:39:53,367 [ERROR] LogOutputStream:75 - [STDERR_REDIRECT] [Fatal Error] :1:1: Premature end of file.
2025-06-11 21:39:53,367 [ERROR] LogOutputStream:75 - [STDERR_REDIRECT] 
2025-06-11 21:39:54,426 [ERROR] LogOutputStream:75 - [STDERR_REDIRECT] [Fatal Error] :1:1: Premature end of file.
2025-06-11 21:39:54,426 [ERROR] LogOutputStream:75 - [STDERR_REDIRECT] 
2025-06-11 21:39:55,466 [ERROR] LogOutputStream:75 - [STDERR_REDIRECT] [Fatal Error] :1:1: Premature end of file.
2025-06-11 21:39:55,466 [ERROR] LogOutputStream:75 - [STDERR_REDIRECT] 
2025-06-11 21:39:56,482 [ERROR] LogOutputStream:75 - [STDERR_REDIRECT] [Fatal Error] :1:1: Premature end of file.
2025-06-11 21:39:56,482 [ERROR] LogOutputStream:75 - [STDERR_REDIRECT] 
2025-06-11 21:39:57,461 [ERROR] LogOutputStream:75 - [STDERR_REDIRECT] [Fatal Error] :1:1: Premature end of file.
2025-06-11 21:39:57,461 [ERROR] LogOutputStream:75 - [STDERR_REDIRECT] 
2025-06-11 21:39:58,495 [ERROR] LogOutputStream:75 - [STDERR_REDIRECT] [Fatal Error] :1:1: Premature end of file.
2025-06-11 21:39:58,495 [ERROR] LogOutputStream:75 - [STDERR_REDIRECT] 
2025-06-11 21:39:59,466 [ERROR] LogOutputStream:75 - [STDERR_REDIRECT] [Fatal Error] :1:1: Premature end of file.
2025-06-11 21:39:59,467 [ERROR] LogOutputStream:75 - [STDERR_REDIRECT] 
2025-06-11 21:40:00,468 [ERROR] LogOutputStream:75 - [STDERR_REDIRECT] [Fatal Error] :1:1: Premature end of file.
2025-06-11 21:40:00,468 [ERROR] LogOutputStream:75 - [STDERR_REDIRECT] 
2025-06-11 21:40:01,471 [ERROR] LogOutputStream:75 - [STDERR_REDIRECT] [Fatal Error] :1:1: Premature end of file.
2025-06-11 21:40:01,471 [ERROR] LogOutputStream:75 - [STDERR_REDIRECT] 
2025-06-11 21:40:02,473 [ERROR] LogOutputStream:75 - [STDERR_REDIRECT] [Fatal Error] :1:1: Premature end of file.
2025-06-11 21:40:02,474 [ERROR] LogOutputStream:75 - [STDERR_REDIRECT] 
2025-06-11 21:40:03,466 [ERROR] LogOutputStream:75 - [STDERR_REDIRECT] [Fatal Error] :1:1: Premature end of file.
2025-06-11 21:40:03,466 [ERROR] LogOutputStream:75 - [STDERR_REDIRECT] 
2025-06-11 21:40:04,369 [ERROR] LogOutputStream:75 - [STDERR_REDIRECT] [Fatal Error] :1:1: Premature end of file.
2025-06-11 21:40:04,369 [ERROR] LogOutputStream:75 - [STDERR_REDIRECT] 
2025-06-11 21:40:05,459 [ERROR] LogOutputStream:75 - [STDERR_REDIRECT] [Fatal Error] :1:1: Premature end of file.
2025-06-11 21:40:05,460 [ERROR] LogOutputStream:75 - [STDERR_REDIRECT] 
2025-06-11 21:40:06,369 [ERROR] LogOutputStream:75 - [STDERR_REDIRECT] [Fatal Error] :1:1: Premature end of file.
2025-06-11 21:40:06,369 [ERROR] LogOutputStream:75 - [STDERR_REDIRECT] 
2025-06-11 21:40:07,364 [ERROR] LogOutputStream:75 - [STDERR_REDIRECT] [Fatal Error] :1:1: Premature end of file.
2025-06-11 21:40:07,364 [ERROR] LogOutputStream:75 - [STDERR_REDIRECT] 
2025-06-11 21:40:08,472 [ERROR] LogOutputStream:75 - [STDERR_REDIRECT] [Fatal Error] :1:1: Premature end of file.
2025-06-11 21:40:08,472 [ERROR] LogOutputStream:75 - [STDERR_REDIRECT] 
2025-06-11 21:40:09,478 [ERROR] LogOutputStream:75 - [STDERR_REDIRECT] [Fatal Error] :1:1: Premature end of file.
2025-06-11 21:40:09,480 [ERROR] LogOutputStream:75 - [STDERR_REDIRECT] 
2025-06-11 21:40:10,475 [ERROR] LogOutputStream:75 - [STDERR_REDIRECT] [Fatal Error] :1:1: Premature end of file.
2025-06-11 21:40:10,475 [ERROR] LogOutputStream:75 - [STDERR_REDIRECT] 
2025-06-11 21:40:11,460 [ERROR] LogOutputStream:75 - [STDERR_REDIRECT] [Fatal Error] :1:1: Premature end of file.
2025-06-11 21:40:11,461 [ERROR] LogOutputStream:75 - [STDERR_REDIRECT] 
2025-06-11 21:40:12,462 [ERROR] LogOutputStream:75 - [STDERR_REDIRECT] [Fatal Error] :1:1: Premature end of file.
2025-06-11 21:40:12,462 [ERROR] LogOutputStream:75 - [STDERR_REDIRECT] 
2025-06-11 21:40:13,407 [ERROR] LogOutputStream:75 - [STDERR_REDIRECT] [Fatal Error] :1:1: Premature end of file.
2025-06-11 21:40:13,407 [ERROR] LogOutputStream:75 - [STDERR_REDIRECT] 
2025-06-11 21:40:14,473 [ERROR] LogOutputStream:75 - [STDERR_REDIRECT] [Fatal Error] :1:1: Premature end of file.
2025-06-11 21:40:14,473 [ERROR] LogOutputStream:75 - [STDERR_REDIRECT] 
2025-06-11 21:40:15,473 [ERROR] LogOutputStream:75 - [STDERR_REDIRECT] [Fatal Error] :1:1: Premature end of file.
2025-06-11 21:40:15,473 [ERROR] LogOutputStream:75 - [STDERR_REDIRECT] 
2025-06-11 21:40:16,473 [ERROR] LogOutputStream:75 - [STDERR_REDIRECT] [Fatal Error] :1:1: Premature end of file.
2025-06-11 21:40:16,474 [ERROR] LogOutputStream:75 - [STDERR_REDIRECT] 
2025-06-11 21:40:17,465 [ERROR] LogOutputStream:75 - [STDERR_REDIRECT] [Fatal Error] :1:1: Premature end of file.
2025-06-11 21:40:17,466 [ERROR] LogOutputStream:75 - [STDERR_REDIRECT] 
2025-06-11 21:40:18,465 [ERROR] LogOutputStream:75 - [STDERR_REDIRECT] [Fatal Error] :1:1: Premature end of file.
2025-06-11 21:40:18,466 [ERROR] LogOutputStream:75 - [STDERR_REDIRECT] 
2025-06-11 21:40:19,470 [ERROR] LogOutputStream:75 - [STDERR_REDIRECT] [Fatal Error] :1:1: Premature end of file.
2025-06-11 21:40:19,471 [ERROR] LogOutputStream:75 - [STDERR_REDIRECT] 
2025-06-11 21:40:20,465 [ERROR] LogOutputStream:75 - [STDERR_REDIRECT] [Fatal Error] :1:1: Premature end of file.
2025-06-11 21:40:20,465 [ERROR] LogOutputStream:75 - [STDERR_REDIRECT] 
2025-06-11 21:40:21,465 [ERROR] LogOutputStream:75 - [STDERR_REDIRECT] [Fatal Error] :1:1: Premature end of file.
2025-06-11 21:40:21,465 [ERROR] LogOutputStream:75 - [STDERR_REDIRECT] 
2025-06-11 21:40:22,458 [ERROR] LogOutputStream:75 - [STDERR_REDIRECT] [Fatal Error] :1:1: Premature end of file.
2025-06-11 21:40:22,459 [ERROR] LogOutputStream:75 - [STDERR_REDIRECT] 
2025-06-11 21:40:23,482 [ERROR] LogOutputStream:75 - [STDERR_REDIRECT] [Fatal Error] :1:1: Premature end of file.
2025-06-11 21:40:23,484 [ERROR] LogOutputStream:75 - [STDERR_REDIRECT] 
2025-06-11 21:40:24,497 [ERROR] LogOutputStream:75 - [STDERR_REDIRECT] [Fatal Error] :1:1: Premature end of file.
2025-06-11 21:40:24,498 [ERROR] LogOutputStream:75 - [STDERR_REDIRECT] 
2025-06-11 21:40:25,477 [ERROR] LogOutputStream:75 - [STDERR_REDIRECT] [Fatal Error] :1:1: Premature end of file.
2025-06-11 21:40:25,478 [ERROR] LogOutputStream:75 - [STDERR_REDIRECT] 
2025-06-11 21:40:26,369 [ERROR] LogOutputStream:75 - [STDERR_REDIRECT] [Fatal Error] :1:1: Premature end of file.
2025-06-11 21:40:26,369 [ERROR] LogOutputStream:75 - [STDERR_REDIRECT] 
2025-06-11 21:40:27,471 [ERROR] LogOutputStream:75 - [STDERR_REDIRECT] [Fatal Error] :1:1: Premature end of file.
2025-06-11 21:40:27,471 [ERROR] LogOutputStream:75 - [STDERR_REDIRECT] 
2025-06-11 21:40:28,473 [ERROR] LogOutputStream:75 - [STDERR_REDIRECT] [Fatal Error] :1:1: Premature end of file.
2025-06-11 21:40:28,473 [ERROR] LogOutputStream:75 - [STDERR_REDIRECT] 
2025-06-11 21:40:29,369 [ERROR] LogOutputStream:75 - [STDERR_REDIRECT] [Fatal Error] :1:1: Premature end of file.
2025-06-11 21:40:29,369 [ERROR] LogOutputStream:75 - [STDERR_REDIRECT] 
2025-06-11 21:40:30,368 [ERROR] LogOutputStream:75 - [STDERR_REDIRECT] [Fatal Error] :1:1: Premature end of file.
2025-06-11 21:40:30,368 [ERROR] LogOutputStream:75 - [STDERR_REDIRECT] 
2025-06-11 21:40:31,469 [ERROR] LogOutputStream:75 - [STDERR_REDIRECT] [Fatal Error] :1:1: Premature end of file.
2025-06-11 21:40:31,470 [ERROR] LogOutputStream:75 - [STDERR_REDIRECT] 
2025-06-11 21:40:32,471 [ERROR] LogOutputStream:75 - [STDERR_REDIRECT] [Fatal Error] :1:1: Premature end of file.
2025-06-11 21:40:32,472 [ERROR] LogOutputStream:75 - [STDERR_REDIRECT] 
2025-06-11 21:40:33,472 [ERROR] LogOutputStream:75 - [STDERR_REDIRECT] [Fatal Error] :1:1: Premature end of file.
2025-06-11 21:40:33,472 [ERROR] LogOutputStream:75 - [STDERR_REDIRECT] 
2025-06-11 21:40:34,472 [ERROR] LogOutputStream:75 - [STDERR_REDIRECT] [Fatal Error] :1:1: Premature end of file.
2025-06-11 21:40:34,473 [ERROR] LogOutputStream:75 - [STDERR_REDIRECT] 
2025-06-11 21:40:35,484 [ERROR] LogOutputStream:75 - [STDERR_REDIRECT] [Fatal Error] :1:1: Premature end of file.
2025-06-11 21:40:35,484 [ERROR] LogOutputStream:75 - [STDERR_REDIRECT] 
2025-06-11 21:40:36,477 [ERROR] LogOutputStream:75 - [STDERR_REDIRECT] [Fatal Error] :1:1: Premature end of file.
2025-06-11 21:40:36,477 [ERROR] LogOutputStream:75 - [STDERR_REDIRECT] 
2025-06-11 21:40:37,468 [ERROR] LogOutputStream:75 - [STDERR_REDIRECT] [Fatal Error] :1:1: Premature end of file.
2025-06-11 21:40:37,468 [ERROR] LogOutputStream:75 - [STDERR_REDIRECT] 
2025-06-11 21:40:38,469 [ERROR] LogOutputStream:75 - [STDERR_REDIRECT] [Fatal Error] :1:1: Premature end of file.
2025-06-11 21:40:38,469 [ERROR] LogOutputStream:75 - [STDERR_REDIRECT] 
2025-06-11 21:40:39,466 [ERROR] LogOutputStream:75 - [STDERR_REDIRECT] [Fatal Error] :1:1: Premature end of file.
2025-06-11 21:40:39,466 [ERROR] LogOutputStream:75 - [STDERR_REDIRECT] 
2025-06-11 21:40:40,444 [ERROR] LogOutputStream:75 - [STDERR_REDIRECT] [Fatal Error] :1:1: Premature end of file.
2025-06-11 21:40:40,444 [ERROR] LogOutputStream:75 - [STDERR_REDIRECT] 
2025-06-11 21:40:41,469 [ERROR] LogOutputStream:75 - [STDERR_REDIRECT] [Fatal Error] :1:1: Premature end of file.
2025-06-11 21:40:41,469 [ERROR] LogOutputStream:75 - [STDERR_REDIRECT] 
2025-06-11 21:40:42,471 [ERROR] LogOutputStream:75 - [STDERR_REDIRECT] [Fatal Error] :1:1: Premature end of file.
2025-06-11 21:40:42,471 [ERROR] LogOutputStream:75 - [STDERR_REDIRECT] 
2025-06-11 21:40:43,464 [ERROR] LogOutputStream:75 - [STDERR_REDIRECT] [Fatal Error] :1:1: Premature end of file.
2025-06-11 21:40:43,465 [ERROR] LogOutputStream:75 - [STDERR_REDIRECT] 
2025-06-11 21:40:44,461 [ERROR] LogOutputStream:75 - [STDERR_REDIRECT] [Fatal Error] :1:1: Premature end of file.
2025-06-11 21:40:44,462 [ERROR] LogOutputStream:75 - [STDERR_REDIRECT] 
2025-06-11 21:40:45,471 [ERROR] LogOutputStream:75 - [STDERR_REDIRECT] [Fatal Error] :1:1: Premature end of file.
2025-06-11 21:40:45,472 [ERROR] LogOutputStream:75 - [STDERR_REDIRECT] 
2025-06-11 21:40:46,464 [ERROR] LogOutputStream:75 - [STDERR_REDIRECT] [Fatal Error] :1:1: Premature end of file.
2025-06-11 21:40:46,464 [ERROR] LogOutputStream:75 - [STDERR_REDIRECT] 
2025-06-11 21:40:47,469 [ERROR] LogOutputStream:75 - [STDERR_REDIRECT] [Fatal Error] :1:1: Premature end of file.
2025-06-11 21:40:47,470 [ERROR] LogOutputStream:75 - [STDERR_REDIRECT] 
2025-06-11 21:40:48,466 [ERROR] LogOutputStream:75 - [STDERR_REDIRECT] [Fatal Error] :1:1: Premature end of file.
2025-06-11 21:40:48,466 [ERROR] LogOutputStream:75 - [STDERR_REDIRECT] 
2025-06-11 21:40:49,469 [ERROR] LogOutputStream:75 - [STDERR_REDIRECT] [Fatal Error] :1:1: Premature end of file.
2025-06-11 21:40:49,470 [ERROR] LogOutputStream:75 - [STDERR_REDIRECT] 
2025-06-11 21:40:50,470 [ERROR] LogOutputStream:75 - [STDERR_REDIRECT] [Fatal Error] :1:1: Premature end of file.
2025-06-11 21:40:50,470 [ERROR] LogOutputStream:75 - [STDERR_REDIRECT] 
2025-06-11 21:40:51,467 [ERROR] LogOutputStream:75 - [STDERR_REDIRECT] [Fatal Error] :1:1: Premature end of file.
2025-06-11 21:40:51,467 [ERROR] LogOutputStream:75 - [STDERR_REDIRECT] 
2025-06-11 21:40:52,435 [ERROR] LogOutputStream:75 - [STDERR_REDIRECT] [Fatal Error] :1:1: Premature end of file.
2025-06-11 21:40:52,435 [ERROR] LogOutputStream:75 - [STDERR_REDIRECT] 
2025-06-11 21:40:53,466 [ERROR] LogOutputStream:75 - [STDERR_REDIRECT] [Fatal Error] :1:1: Premature end of file.
2025-06-11 21:40:53,467 [ERROR] LogOutputStream:75 - [STDERR_REDIRECT] 
2025-06-11 21:40:54,466 [ERROR] LogOutputStream:75 - [STDERR_REDIRECT] [Fatal Error] :1:1: Premature end of file.
2025-06-11 21:40:54,467 [ERROR] LogOutputStream:75 - [STDERR_REDIRECT] 
2025-06-11 21:40:55,476 [ERROR] LogOutputStream:75 - [STDERR_REDIRECT] [Fatal Error] :1:1: Premature end of file.
2025-06-11 21:40:55,477 [ERROR] LogOutputStream:75 - [STDERR_REDIRECT] 
2025-06-11 21:40:56,473 [ERROR] LogOutputStream:75 - [STDERR_REDIRECT] [Fatal Error] :1:1: Premature end of file.
2025-06-11 21:40:56,474 [ERROR] LogOutputStream:75 - [STDERR_REDIRECT] 
2025-06-11 21:40:57,463 [ERROR] LogOutputStream:75 - [STDERR_REDIRECT] [Fatal Error] :1:1: Premature end of file.
2025-06-11 21:40:57,464 [ERROR] LogOutputStream:75 - [STDERR_REDIRECT] 
2025-06-11 21:40:58,477 [ERROR] LogOutputStream:75 - [STDERR_REDIRECT] [Fatal Error] :1:1: Premature end of file.
2025-06-11 21:40:58,478 [ERROR] LogOutputStream:75 - [STDERR_REDIRECT] 
2025-06-11 21:40:59,466 [ERROR] LogOutputStream:75 - [STDERR_REDIRECT] [Fatal Error] :1:1: Premature end of file.
2025-06-11 21:40:59,466 [ERROR] LogOutputStream:75 - [STDERR_REDIRECT] 
2025-06-11 21:41:00,477 [ERROR] LogOutputStream:75 - [STDERR_REDIRECT] [Fatal Error] :1:1: Premature end of file.
2025-06-11 21:41:00,479 [ERROR] LogOutputStream:75 - [STDERR_REDIRECT] 
2025-06-11 21:41:01,469 [ERROR] LogOutputStream:75 - [STDERR_REDIRECT] [Fatal Error] :1:1: Premature end of file.
2025-06-11 21:41:01,469 [ERROR] LogOutputStream:75 - [STDERR_REDIRECT] 
2025-06-11 21:41:02,470 [ERROR] LogOutputStream:75 - [STDERR_REDIRECT] [Fatal Error] :1:1: Premature end of file.
2025-06-11 21:41:02,470 [ERROR] LogOutputStream:75 - [STDERR_REDIRECT] 
2025-06-11 21:41:03,483 [ERROR] LogOutputStream:75 - [STDERR_REDIRECT] [Fatal Error] :1:1: Premature end of file.
2025-06-11 21:41:03,483 [ERROR] LogOutputStream:75 - [STDERR_REDIRECT] 
2025-06-11 21:41:04,399 [ERROR] LogOutputStream:75 - [STDERR_REDIRECT] [Fatal Error] :1:1: Premature end of file.
2025-06-11 21:41:04,400 [ERROR] LogOutputStream:75 - [STDERR_REDIRECT] 
2025-06-11 21:41:05,454 [ERROR] LogOutputStream:75 - [STDERR_REDIRECT] [Fatal Error] :1:1: Premature end of file.
2025-06-11 21:41:05,455 [ERROR] LogOutputStream:75 - [STDERR_REDIRECT] 
2025-06-11 21:41:06,372 [ERROR] LogOutputStream:75 - [STDERR_REDIRECT] [Fatal Error] :1:1: Premature end of file.
2025-06-11 21:41:06,372 [ERROR] LogOutputStream:75 - [STDERR_REDIRECT] 
2025-06-11 21:41:07,460 [ERROR] LogOutputStream:75 - [STDERR_REDIRECT] [Fatal Error] :1:1: Premature end of file.
2025-06-11 21:41:07,461 [ERROR] LogOutputStream:75 - [STDERR_REDIRECT] 
2025-06-11 21:41:08,469 [ERROR] LogOutputStream:75 - [STDERR_REDIRECT] [Fatal Error] :1:1: Premature end of file.
2025-06-11 21:41:08,470 [ERROR] LogOutputStream:75 - [STDERR_REDIRECT] 
2025-06-11 21:41:09,464 [ERROR] LogOutputStream:75 - [STDERR_REDIRECT] [Fatal Error] :1:1: Premature end of file.
2025-06-11 21:41:09,465 [ERROR] LogOutputStream:75 - [STDERR_REDIRECT] 
2025-06-11 21:41:10,373 [ERROR] LogOutputStream:75 - [STDERR_REDIRECT] [Fatal Error] :1:1: Premature end of file.
2025-06-11 21:41:10,374 [ERROR] LogOutputStream:75 - [STDERR_REDIRECT] 
2025-06-11 21:41:11,467 [ERROR] LogOutputStream:75 - [STDERR_REDIRECT] [Fatal Error] :1:1: Premature end of file.
2025-06-11 21:41:11,467 [ERROR] LogOutputStream:75 - [STDERR_REDIRECT] 
2025-06-11 21:41:12,476 [ERROR] LogOutputStream:75 - [STDERR_REDIRECT] [Fatal Error] :1:1: Premature end of file.
2025-06-11 21:41:12,476 [ERROR] LogOutputStream:75 - [STDERR_REDIRECT] 
2025-06-11 21:41:13,473 [ERROR] LogOutputStream:75 - [STDERR_REDIRECT] [Fatal Error] :1:1: Premature end of file.
2025-06-11 21:41:13,474 [ERROR] LogOutputStream:75 - [STDERR_REDIRECT] 
2025-06-11 21:41:14,463 [ERROR] LogOutputStream:75 - [STDERR_REDIRECT] [Fatal Error] :1:1: Premature end of file.
2025-06-11 21:41:14,464 [ERROR] LogOutputStream:75 - [STDERR_REDIRECT] 
2025-06-11 21:41:15,473 [ERROR] LogOutputStream:75 - [STDERR_REDIRECT] [Fatal Error] :1:1: Premature end of file.
2025-06-11 21:41:15,474 [ERROR] LogOutputStream:75 - [STDERR_REDIRECT] 
2025-06-11 21:41:16,485 [ERROR] LogOutputStream:75 - [STDERR_REDIRECT] [Fatal Error] :1:1: Premature end of file.
2025-06-11 21:41:16,485 [ERROR] LogOutputStream:75 - [STDERR_REDIRECT] 
2025-06-11 21:41:17,470 [ERROR] LogOutputStream:75 - [STDERR_REDIRECT] [Fatal Error] :1:1: Premature end of file.
2025-06-11 21:41:17,471 [ERROR] LogOutputStream:75 - [STDERR_REDIRECT] 
2025-06-11 21:41:18,470 [ERROR] LogOutputStream:75 - [STDERR_REDIRECT] [Fatal Error] :1:1: Premature end of file.
2025-06-11 21:41:18,470 [ERROR] LogOutputStream:75 - [STDERR_REDIRECT] 
2025-06-11 21:41:19,469 [ERROR] LogOutputStream:75 - [STDERR_REDIRECT] [Fatal Error] :1:1: Premature end of file.
2025-06-11 21:41:19,470 [ERROR] LogOutputStream:75 - [STDERR_REDIRECT] 
2025-06-11 21:41:20,464 [ERROR] LogOutputStream:75 - [STDERR_REDIRECT] [Fatal Error] :1:1: Premature end of file.
2025-06-11 21:41:20,465 [ERROR] LogOutputStream:75 - [STDERR_REDIRECT] 
2025-06-11 21:41:21,466 [ERROR] LogOutputStream:75 - [STDERR_REDIRECT] [Fatal Error] :1:1: Premature end of file.
2025-06-11 21:41:21,466 [ERROR] LogOutputStream:75 - [STDERR_REDIRECT] 
2025-06-11 21:41:22,477 [ERROR] LogOutputStream:75 - [STDERR_REDIRECT] [Fatal Error] :1:1: Premature end of file.
2025-06-11 21:41:22,478 [ERROR] LogOutputStream:75 - [STDERR_REDIRECT] 
2025-06-11 21:41:23,481 [ERROR] LogOutputStream:75 - [STDERR_REDIRECT] [Fatal Error] :1:1: Premature end of file.
2025-06-11 21:41:23,481 [ERROR] LogOutputStream:75 - [STDERR_REDIRECT] 
2025-06-11 21:41:24,477 [ERROR] LogOutputStream:75 - [STDERR_REDIRECT] [Fatal Error] :1:1: Premature end of file.
2025-06-11 21:41:24,477 [ERROR] LogOutputStream:75 - [STDERR_REDIRECT] 
2025-06-11 21:41:25,478 [ERROR] LogOutputStream:75 - [STDERR_REDIRECT] [Fatal Error] :1:1: Premature end of file.
2025-06-11 21:41:25,479 [ERROR] LogOutputStream:75 - [STDERR_REDIRECT] 
2025-06-11 21:41:26,474 [ERROR] LogOutputStream:75 - [STDERR_REDIRECT] [Fatal Error] :1:1: Premature end of file.
2025-06-11 21:41:26,474 [ERROR] LogOutputStream:75 - [STDERR_REDIRECT] 
2025-06-11 21:41:27,473 [ERROR] LogOutputStream:75 - [STDERR_REDIRECT] [Fatal Error] :1:1: Premature end of file.
2025-06-11 21:41:27,473 [ERROR] LogOutputStream:75 - [STDERR_REDIRECT] 
2025-06-11 21:41:28,423 [ERROR] LogOutputStream:75 - [STDERR_REDIRECT] [Fatal Error] :1:1: Premature end of file.
2025-06-11 21:41:28,424 [ERROR] LogOutputStream:75 - [STDERR_REDIRECT] 
2025-06-11 21:41:29,466 [ERROR] LogOutputStream:75 - [STDERR_REDIRECT] [Fatal Error] :1:1: Premature end of file.
2025-06-11 21:41:29,466 [ERROR] LogOutputStream:75 - [STDERR_REDIRECT] 
2025-06-11 21:41:30,472 [ERROR] LogOutputStream:75 - [STDERR_REDIRECT] [Fatal Error] :1:1: Premature end of file.
2025-06-11 21:41:30,472 [ERROR] LogOutputStream:75 - [STDERR_REDIRECT] 
2025-06-11 21:41:31,366 [ERROR] LogOutputStream:75 - [STDERR_REDIRECT] [Fatal Error] :1:1: Premature end of file.
2025-06-11 21:41:31,368 [ERROR] LogOutputStream:75 - [STDERR_REDIRECT] 
2025-06-11 21:41:32,368 [ERROR] LogOutputStream:75 - [STDERR_REDIRECT] [Fatal Error] :1:1: Premature end of file.
2025-06-11 21:41:32,368 [ERROR] LogOutputStream:75 - [STDERR_REDIRECT] 
2025-06-11 21:41:33,366 [ERROR] LogOutputStream:75 - [STDERR_REDIRECT] [Fatal Error] :1:1: Premature end of file.
2025-06-11 21:41:33,366 [ERROR] LogOutputStream:75 - [STDERR_REDIRECT] 
2025-06-11 21:41:34,469 [ERROR] LogOutputStream:75 - [STDERR_REDIRECT] [Fatal Error] :1:1: Premature end of file.
2025-06-11 21:41:34,470 [ERROR] LogOutputStream:75 - [STDERR_REDIRECT] 
2025-06-11 21:41:35,466 [ERROR] LogOutputStream:75 - [STDERR_REDIRECT] [Fatal Error] :1:1: Premature end of file.
2025-06-11 21:41:35,467 [ERROR] LogOutputStream:75 - [STDERR_REDIRECT] 
2025-06-11 21:41:36,470 [ERROR] LogOutputStream:75 - [STDERR_REDIRECT] [Fatal Error] :1:1: Premature end of file.
2025-06-11 21:41:36,470 [ERROR] LogOutputStream:75 - [STDERR_REDIRECT] 
2025-06-11 21:41:37,461 [ERROR] LogOutputStream:75 - [STDERR_REDIRECT] [Fatal Error] :1:1: Premature end of file.
2025-06-11 21:41:37,461 [ERROR] LogOutputStream:75 - [STDERR_REDIRECT] 
2025-06-11 21:41:38,465 [ERROR] LogOutputStream:75 - [STDERR_REDIRECT] [Fatal Error] :1:1: Premature end of file.
2025-06-11 21:41:38,465 [ERROR] LogOutputStream:75 - [STDERR_REDIRECT] 
2025-06-11 21:41:39,458 [ERROR] LogOutputStream:75 - [STDERR_REDIRECT] [Fatal Error] :1:1: Premature end of file.
2025-06-11 21:41:39,458 [ERROR] LogOutputStream:75 - [STDERR_REDIRECT] 
2025-06-11 21:41:40,458 [ERROR] LogOutputStream:75 - [STDERR_REDIRECT] [Fatal Error] :1:1: Premature end of file.
2025-06-11 21:41:40,459 [ERROR] LogOutputStream:75 - [STDERR_REDIRECT] 
2025-06-11 21:41:41,461 [ERROR] LogOutputStream:75 - [STDERR_REDIRECT] [Fatal Error] :1:1: Premature end of file.
2025-06-11 21:41:41,461 [ERROR] LogOutputStream:75 - [STDERR_REDIRECT] 
2025-06-11 21:41:42,463 [ERROR] LogOutputStream:75 - [STDERR_REDIRECT] [Fatal Error] :1:1: Premature end of file.
2025-06-11 21:41:42,464 [ERROR] LogOutputStream:75 - [STDERR_REDIRECT] 
2025-06-11 21:41:43,478 [ERROR] LogOutputStream:75 - [STDERR_REDIRECT] [Fatal Error] :1:1: Premature end of file.
2025-06-11 21:41:43,479 [ERROR] LogOutputStream:75 - [STDERR_REDIRECT] 
2025-06-11 21:41:44,470 [ERROR] LogOutputStream:75 - [STDERR_REDIRECT] [Fatal Error] :1:1: Premature end of file.
2025-06-11 21:41:44,470 [ERROR] LogOutputStream:75 - [STDERR_REDIRECT] 
2025-06-11 21:41:45,472 [ERROR] LogOutputStream:75 - [STDERR_REDIRECT] [Fatal Error] :1:1: Premature end of file.
2025-06-11 21:41:45,473 [ERROR] LogOutputStream:75 - [STDERR_REDIRECT] 
2025-06-11 21:41:46,473 [ERROR] LogOutputStream:75 - [STDERR_REDIRECT] [Fatal Error] :1:1: Premature end of file.
2025-06-11 21:41:46,474 [ERROR] LogOutputStream:75 - [STDERR_REDIRECT] 
2025-06-11 21:41:47,469 [ERROR] LogOutputStream:75 - [STDERR_REDIRECT] [Fatal Error] :1:1: Premature end of file.
2025-06-11 21:41:47,470 [ERROR] LogOutputStream:75 - [STDERR_REDIRECT] 
2025-06-11 21:41:48,464 [ERROR] LogOutputStream:75 - [STDERR_REDIRECT] [Fatal Error] :1:1: Premature end of file.
2025-06-11 21:41:48,465 [ERROR] LogOutputStream:75 - [STDERR_REDIRECT] 
2025-06-11 21:41:49,463 [ERROR] LogOutputStream:75 - [STDERR_REDIRECT] [Fatal Error] :1:1: Premature end of file.
2025-06-11 21:41:49,464 [ERROR] LogOutputStream:75 - [STDERR_REDIRECT] 
2025-06-11 21:41:50,470 [ERROR] LogOutputStream:75 - [STDERR_REDIRECT] [Fatal Error] :1:1: Premature end of file.
2025-06-11 21:41:50,470 [ERROR] LogOutputStream:75 - [STDERR_REDIRECT] 
2025-06-11 21:41:51,468 [ERROR] LogOutputStream:75 - [STDERR_REDIRECT] [Fatal Error] :1:1: Premature end of file.
2025-06-11 21:41:51,468 [ERROR] LogOutputStream:75 - [STDERR_REDIRECT] 
2025-06-11 21:41:52,474 [ERROR] LogOutputStream:75 - [STDERR_REDIRECT] [Fatal Error] :1:1: Premature end of file.
2025-06-11 21:41:52,476 [ERROR] LogOutputStream:75 - [STDERR_REDIRECT] 
2025-06-11 21:41:53,469 [ERROR] LogOutputStream:75 - [STDERR_REDIRECT] [Fatal Error] :1:1: Premature end of file.
2025-06-11 21:41:53,469 [ERROR] LogOutputStream:75 - [STDERR_REDIRECT] 
2025-06-11 21:41:54,456 [ERROR] LogOutputStream:75 - [STDERR_REDIRECT] [Fatal Error] :1:1: Premature end of file.
2025-06-11 21:41:54,456 [ERROR] LogOutputStream:75 - [STDERR_REDIRECT] 
2025-06-11 21:41:55,419 [ERROR] LogOutputStream:75 - [STDERR_REDIRECT] [Fatal Error] :1:1: Premature end of file.
2025-06-11 21:41:55,419 [ERROR] LogOutputStream:75 - [STDERR_REDIRECT] 
2025-06-11 21:41:56,469 [ERROR] LogOutputStream:75 - [STDERR_REDIRECT] [Fatal Error] :1:1: Premature end of file.
2025-06-11 21:41:56,470 [ERROR] LogOutputStream:75 - [STDERR_REDIRECT] 
2025-06-11 21:41:57,466 [ERROR] LogOutputStream:75 - [STDERR_REDIRECT] [Fatal Error] :1:1: Premature end of file.
2025-06-11 21:41:57,467 [ERROR] LogOutputStream:75 - [STDERR_REDIRECT] 
2025-06-11 21:41:58,466 [ERROR] LogOutputStream:75 - [STDERR_REDIRECT] [Fatal Error] :1:1: Premature end of file.
2025-06-11 21:41:58,466 [ERROR] LogOutputStream:75 - [STDERR_REDIRECT] 
2025-06-11 21:41:59,465 [ERROR] LogOutputStream:75 - [STDERR_REDIRECT] [Fatal Error] :1:1: Premature end of file.
2025-06-11 21:41:59,465 [ERROR] LogOutputStream:75 - [STDERR_REDIRECT] 
2025-06-11 21:42:00,466 [ERROR] LogOutputStream:75 - [STDERR_REDIRECT] [Fatal Error] :1:1: Premature end of file.
2025-06-11 21:42:00,467 [ERROR] LogOutputStream:75 - [STDERR_REDIRECT] 
2025-06-11 21:42:01,460 [ERROR] LogOutputStream:75 - [STDERR_REDIRECT] [Fatal Error] :1:1: Premature end of file.
2025-06-11 21:42:01,460 [ERROR] LogOutputStream:75 - [STDERR_REDIRECT] 
2025-06-11 21:42:02,472 [ERROR] LogOutputStream:75 - [STDERR_REDIRECT] [Fatal Error] :1:1: Premature end of file.
2025-06-11 21:42:02,472 [ERROR] LogOutputStream:75 - [STDERR_REDIRECT] 
2025-06-11 21:42:03,468 [ERROR] LogOutputStream:75 - [STDERR_REDIRECT] [Fatal Error] :1:1: Premature end of file.
2025-06-11 21:42:03,469 [ERROR] LogOutputStream:75 - [STDERR_REDIRECT] 
2025-06-11 21:42:04,484 [ERROR] LogOutputStream:75 - [STDERR_REDIRECT] [Fatal Error] :1:1: Premature end of file.
2025-06-11 21:42:04,484 [ERROR] LogOutputStream:75 - [STDERR_REDIRECT] 
2025-06-11 21:42:05,370 [ERROR] LogOutputStream:75 - [STDERR_REDIRECT] [Fatal Error] :1:1: Premature end of file.
2025-06-11 21:42:05,370 [ERROR] LogOutputStream:75 - [STDERR_REDIRECT] 
2025-06-11 21:42:06,477 [ERROR] LogOutputStream:75 - [STDERR_REDIRECT] [Fatal Error] :1:1: Premature end of file.
2025-06-11 21:42:06,477 [ERROR] LogOutputStream:75 - [STDERR_REDIRECT] 
2025-06-11 21:42:07,472 [ERROR] LogOutputStream:75 - [STDERR_REDIRECT] [Fatal Error] :1:1: Premature end of file.
2025-06-11 21:42:07,473 [ERROR] LogOutputStream:75 - [STDERR_REDIRECT] 
2025-06-11 21:42:08,472 [ERROR] LogOutputStream:75 - [STDERR_REDIRECT] [Fatal Error] :1:1: Premature end of file.
2025-06-11 21:42:08,472 [ERROR] LogOutputStream:75 - [STDERR_REDIRECT] 
2025-06-11 21:42:09,477 [ERROR] LogOutputStream:75 - [STDERR_REDIRECT] [Fatal Error] :1:1: Premature end of file.
2025-06-11 21:42:09,478 [ERROR] LogOutputStream:75 - [STDERR_REDIRECT] 
2025-06-11 21:42:10,369 [ERROR] LogOutputStream:75 - [STDERR_REDIRECT] [Fatal Error] :1:1: Premature end of file.
2025-06-11 21:42:10,370 [ERROR] LogOutputStream:75 - [STDERR_REDIRECT] 
2025-06-11 21:42:11,472 [ERROR] LogOutputStream:75 - [STDERR_REDIRECT] [Fatal Error] :1:1: Premature end of file.
2025-06-11 21:42:11,472 [ERROR] LogOutputStream:75 - [STDERR_REDIRECT] 
2025-06-11 21:42:12,465 [ERROR] LogOutputStream:75 - [STDERR_REDIRECT] [Fatal Error] :1:1: Premature end of file.
2025-06-11 21:42:12,466 [ERROR] LogOutputStream:75 - [STDERR_REDIRECT] 
2025-06-11 21:42:13,467 [ERROR] LogOutputStream:75 - [STDERR_REDIRECT] [Fatal Error] :1:1: Premature end of file.
2025-06-11 21:42:13,467 [ERROR] LogOutputStream:75 - [STDERR_REDIRECT] 
2025-06-11 21:42:14,471 [ERROR] LogOutputStream:75 - [STDERR_REDIRECT] [Fatal Error] :1:1: Premature end of file.
2025-06-11 21:42:14,472 [ERROR] LogOutputStream:75 - [STDERR_REDIRECT] 
2025-06-11 21:42:15,472 [ERROR] LogOutputStream:75 - [STDERR_REDIRECT] [Fatal Error] :1:1: Premature end of file.
2025-06-11 21:42:15,472 [ERROR] LogOutputStream:75 - [STDERR_REDIRECT] 
2025-06-11 21:42:16,367 [ERROR] LogOutputStream:75 - [STDERR_REDIRECT] [Fatal Error] :1:1: Premature end of file.
2025-06-11 21:42:16,367 [ERROR] LogOutputStream:75 - [STDERR_REDIRECT] 
2025-06-11 21:42:17,461 [ERROR] LogOutputStream:75 - [STDERR_REDIRECT] [Fatal Error] :1:1: Premature end of file.
2025-06-11 21:42:17,461 [ERROR] LogOutputStream:75 - [STDERR_REDIRECT] 
2025-06-11 21:42:18,464 [ERROR] LogOutputStream:75 - [STDERR_REDIRECT] [Fatal Error] :1:1: Premature end of file.
2025-06-11 21:42:18,465 [ERROR] LogOutputStream:75 - [STDERR_REDIRECT] 
2025-06-11 21:42:19,461 [ERROR] LogOutputStream:75 - [STDERR_REDIRECT] [Fatal Error] :1:1: Premature end of file.
2025-06-11 21:42:19,462 [ERROR] LogOutputStream:75 - [STDERR_REDIRECT] 
2025-06-11 21:42:20,461 [ERROR] LogOutputStream:75 - [STDERR_REDIRECT] [Fatal Error] :1:1: Premature end of file.
2025-06-11 21:42:20,462 [ERROR] LogOutputStream:75 - [STDERR_REDIRECT] 
2025-06-11 21:42:21,467 [ERROR] LogOutputStream:75 - [STDERR_REDIRECT] [Fatal Error] :1:1: Premature end of file.
2025-06-11 21:42:21,468 [ERROR] LogOutputStream:75 - [STDERR_REDIRECT] 
2025-06-11 21:42:22,466 [ERROR] LogOutputStream:75 - [STDERR_REDIRECT] [Fatal Error] :1:1: Premature end of file.
2025-06-11 21:42:22,466 [ERROR] LogOutputStream:75 - [STDERR_REDIRECT] 
2025-06-11 21:42:23,470 [ERROR] LogOutputStream:75 - [STDERR_REDIRECT] [Fatal Error] :1:1: Premature end of file.
2025-06-11 21:42:23,470 [ERROR] LogOutputStream:75 - [STDERR_REDIRECT] 
2025-06-11 21:42:24,471 [ERROR] LogOutputStream:75 - [STDERR_REDIRECT] [Fatal Error] :1:1: Premature end of file.
2025-06-11 21:42:24,471 [ERROR] LogOutputStream:75 - [STDERR_REDIRECT] 
2025-06-11 21:42:25,469 [ERROR] LogOutputStream:75 - [STDERR_REDIRECT] [Fatal Error] :1:1: Premature end of file.
2025-06-11 21:42:25,470 [ERROR] LogOutputStream:75 - [STDERR_REDIRECT] 
2025-06-11 21:42:26,425 [ERROR] LogOutputStream:75 - [STDERR_REDIRECT] [Fatal Error] :1:1: Premature end of file.
2025-06-11 21:42:26,425 [ERROR] LogOutputStream:75 - [STDERR_REDIRECT] 
2025-06-11 21:42:27,466 [ERROR] LogOutputStream:75 - [STDERR_REDIRECT] [Fatal Error] :1:1: Premature end of file.
2025-06-11 21:42:27,466 [ERROR] LogOutputStream:75 - [STDERR_REDIRECT] 
2025-06-11 21:42:28,473 [ERROR] LogOutputStream:75 - [STDERR_REDIRECT] [Fatal Error] :1:1: Premature end of file.
2025-06-11 21:42:28,474 [ERROR] LogOutputStream:75 - [STDERR_REDIRECT] 
2025-06-11 21:42:29,470 [ERROR] LogOutputStream:75 - [STDERR_REDIRECT] [Fatal Error] :1:1: Premature end of file.
2025-06-11 21:42:29,470 [ERROR] LogOutputStream:75 - [STDERR_REDIRECT] 
2025-06-11 21:42:30,476 [ERROR] LogOutputStream:75 - [STDERR_REDIRECT] [Fatal Error] :1:1: Premature end of file.
2025-06-11 21:42:30,476 [ERROR] LogOutputStream:75 - [STDERR_REDIRECT] 
2025-06-11 21:42:31,469 [ERROR] LogOutputStream:75 - [STDERR_REDIRECT] [Fatal Error] :1:1: Premature end of file.
2025-06-11 21:42:31,470 [ERROR] LogOutputStream:75 - [STDERR_REDIRECT] 
2025-06-11 21:42:32,474 [ERROR] LogOutputStream:75 - [STDERR_REDIRECT] [Fatal Error] :1:1: Premature end of file.
2025-06-11 21:42:32,475 [ERROR] LogOutputStream:75 - [STDERR_REDIRECT] 
2025-06-11 21:42:33,468 [ERROR] LogOutputStream:75 - [STDERR_REDIRECT] [Fatal Error] :1:1: Premature end of file.
2025-06-11 21:42:33,468 [ERROR] LogOutputStream:75 - [STDERR_REDIRECT] 
2025-06-11 21:42:34,378 [ERROR] LogOutputStream:75 - [STDERR_REDIRECT] [Fatal Error] :1:1: Premature end of file.
2025-06-11 21:42:34,378 [ERROR] LogOutputStream:75 - [STDERR_REDIRECT] 
2025-06-11 21:42:35,366 [ERROR] LogOutputStream:75 - [STDERR_REDIRECT] [Fatal Error] :1:1: Premature end of file.
2025-06-11 21:42:35,366 [ERROR] LogOutputStream:75 - [STDERR_REDIRECT] 
2025-06-11 21:42:36,472 [ERROR] LogOutputStream:75 - [STDERR_REDIRECT] [Fatal Error] :1:1: Premature end of file.
2025-06-11 21:42:36,472 [ERROR] LogOutputStream:75 - [STDERR_REDIRECT] 
2025-06-11 21:42:37,464 [ERROR] LogOutputStream:75 - [STDERR_REDIRECT] [Fatal Error] :1:1: Premature end of file.
2025-06-11 21:42:37,465 [ERROR] LogOutputStream:75 - [STDERR_REDIRECT] 
2025-06-11 21:42:38,467 [ERROR] LogOutputStream:75 - [STDERR_REDIRECT] [Fatal Error] :1:1: Premature end of file.
2025-06-11 21:42:38,467 [ERROR] LogOutputStream:75 - [STDERR_REDIRECT] 
2025-06-11 21:42:39,464 [ERROR] LogOutputStream:75 - [STDERR_REDIRECT] [Fatal Error] :1:1: Premature end of file.
2025-06-11 21:42:39,465 [ERROR] LogOutputStream:75 - [STDERR_REDIRECT] 
2025-06-11 21:42:40,465 [ERROR] LogOutputStream:75 - [STDERR_REDIRECT] [Fatal Error] :1:1: Premature end of file.
2025-06-11 21:42:40,466 [ERROR] LogOutputStream:75 - [STDERR_REDIRECT] 
2025-06-11 21:42:41,468 [ERROR] LogOutputStream:75 - [STDERR_REDIRECT] [Fatal Error] :1:1: Premature end of file.
2025-06-11 21:42:41,468 [ERROR] LogOutputStream:75 - [STDERR_REDIRECT] 
2025-06-11 21:42:42,461 [ERROR] LogOutputStream:75 - [STDERR_REDIRECT] [Fatal Error] :1:1: Premature end of file.
2025-06-11 21:42:42,461 [ERROR] LogOutputStream:75 - [STDERR_REDIRECT] 
2025-06-11 21:42:43,476 [ERROR] LogOutputStream:75 - [STDERR_REDIRECT] [Fatal Error] :1:1: Premature end of file.
2025-06-11 21:42:43,477 [ERROR] LogOutputStream:75 - [STDERR_REDIRECT] 
2025-06-11 21:42:44,481 [ERROR] LogOutputStream:75 - [STDERR_REDIRECT] [Fatal Error] :1:1: Premature end of file.
2025-06-11 21:42:44,481 [ERROR] LogOutputStream:75 - [STDERR_REDIRECT] 
2025-06-11 21:42:45,469 [ERROR] LogOutputStream:75 - [STDERR_REDIRECT] [Fatal Error] :1:1: Premature end of file.
2025-06-11 21:42:45,469 [ERROR] LogOutputStream:75 - [STDERR_REDIRECT] 
2025-06-11 21:42:46,375 [ERROR] LogOutputStream:75 - [STDERR_REDIRECT] [Fatal Error] :1:1: Premature end of file.
2025-06-11 21:42:46,375 [ERROR] LogOutputStream:75 - [STDERR_REDIRECT] 
2025-06-11 21:42:47,472 [ERROR] LogOutputStream:75 - [STDERR_REDIRECT] [Fatal Error] :1:1: Premature end of file.
2025-06-11 21:42:47,472 [ERROR] LogOutputStream:75 - [STDERR_REDIRECT] 
2025-06-11 21:42:48,474 [ERROR] LogOutputStream:75 - [STDERR_REDIRECT] [Fatal Error] :1:1: Premature end of file.
2025-06-11 21:42:48,475 [ERROR] LogOutputStream:75 - [STDERR_REDIRECT] 
2025-06-11 21:42:49,476 [ERROR] LogOutputStream:75 - [STDERR_REDIRECT] [Fatal Error] :1:1: Premature end of file.
2025-06-11 21:42:49,477 [ERROR] LogOutputStream:75 - [STDERR_REDIRECT] 
2025-06-11 21:42:50,467 [ERROR] LogOutputStream:75 - [STDERR_REDIRECT] [Fatal Error] :1:1: Premature end of file.
2025-06-11 21:42:50,467 [ERROR] LogOutputStream:75 - [STDERR_REDIRECT] 
2025-06-11 21:42:51,472 [ERROR] LogOutputStream:75 - [STDERR_REDIRECT] [Fatal Error] :1:1: Premature end of file.
2025-06-11 21:42:51,472 [ERROR] LogOutputStream:75 - [STDERR_REDIRECT] 
2025-06-11 21:42:52,466 [ERROR] LogOutputStream:75 - [STDERR_REDIRECT] [Fatal Error] :1:1: Premature end of file.
2025-06-11 21:42:52,467 [ERROR] LogOutputStream:75 - [STDERR_REDIRECT] 
2025-06-11 21:42:53,478 [ERROR] LogOutputStream:75 - [STDERR_REDIRECT] [Fatal Error] :1:1: Premature end of file.
2025-06-11 21:42:53,479 [ERROR] LogOutputStream:75 - [STDERR_REDIRECT] 
2025-06-11 21:42:54,484 [ERROR] LogOutputStream:75 - [STDERR_REDIRECT] [Fatal Error] :1:1: Premature end of file.
2025-06-11 21:42:54,485 [ERROR] LogOutputStream:75 - [STDERR_REDIRECT] 
2025-06-11 21:42:55,476 [ERROR] LogOutputStream:75 - [STDERR_REDIRECT] [Fatal Error] :1:1: Premature end of file.
2025-06-11 21:42:55,476 [ERROR] LogOutputStream:75 - [STDERR_REDIRECT] 
2025-06-11 21:42:56,424 [ERROR] LogOutputStream:75 - [STDERR_REDIRECT] [Fatal Error] :1:1: Premature end of file.
2025-06-11 21:42:56,424 [ERROR] LogOutputStream:75 - [STDERR_REDIRECT] 
2025-06-11 21:42:57,451 [ERROR] LogOutputStream:75 - [STDERR_REDIRECT] [Fatal Error] :1:1: Premature end of file.
2025-06-11 21:42:57,451 [ERROR] LogOutputStream:75 - [STDERR_REDIRECT] 
2025-06-11 21:42:58,472 [ERROR] LogOutputStream:75 - [STDERR_REDIRECT] [Fatal Error] :1:1: Premature end of file.
2025-06-11 21:42:58,472 [ERROR] LogOutputStream:75 - [STDERR_REDIRECT] 
2025-06-11 21:42:59,469 [ERROR] LogOutputStream:75 - [STDERR_REDIRECT] [Fatal Error] :1:1: Premature end of file.
2025-06-11 21:42:59,469 [ERROR] LogOutputStream:75 - [STDERR_REDIRECT] 
2025-06-11 21:43:00,465 [ERROR] LogOutputStream:75 - [STDERR_REDIRECT] [Fatal Error] :1:1: Premature end of file.
2025-06-11 21:43:00,465 [ERROR] LogOutputStream:75 - [STDERR_REDIRECT] 
2025-06-11 21:43:01,473 [ERROR] LogOutputStream:75 - [STDERR_REDIRECT] [Fatal Error] :1:1: Premature end of file.
2025-06-11 21:43:01,473 [ERROR] LogOutputStream:75 - [STDERR_REDIRECT] 
2025-06-11 21:43:02,476 [ERROR] LogOutputStream:75 - [STDERR_REDIRECT] [Fatal Error] :1:1: Premature end of file.
2025-06-11 21:43:02,476 [ERROR] LogOutputStream:75 - [STDERR_REDIRECT] 
2025-06-11 21:43:03,490 [ERROR] LogOutputStream:75 - [STDERR_REDIRECT] [Fatal Error] :1:1: Premature end of file.
2025-06-11 21:43:03,492 [ERROR] LogOutputStream:75 - [STDERR_REDIRECT] 
2025-06-11 21:43:04,471 [ERROR] LogOutputStream:75 - [STDERR_REDIRECT] [Fatal Error] :1:1: Premature end of file.
2025-06-11 21:43:04,471 [ERROR] LogOutputStream:75 - [STDERR_REDIRECT] 
2025-06-11 21:43:05,479 [ERROR] LogOutputStream:75 - [STDERR_REDIRECT] [Fatal Error] :1:1: Premature end of file.
2025-06-11 21:43:05,479 [ERROR] LogOutputStream:75 - [STDERR_REDIRECT] 
2025-06-11 21:43:06,483 [ERROR] LogOutputStream:75 - [STDERR_REDIRECT] [Fatal Error] :1:1: Premature end of file.
2025-06-11 21:43:06,484 [ERROR] LogOutputStream:75 - [STDERR_REDIRECT] 
2025-06-11 21:43:07,457 [ERROR] LogOutputStream:75 - [STDERR_REDIRECT] [Fatal Error] :1:1: Premature end of file.
2025-06-11 21:43:07,457 [ERROR] LogOutputStream:75 - [STDERR_REDIRECT] 
2025-06-11 21:43:08,470 [ERROR] LogOutputStream:75 - [STDERR_REDIRECT] [Fatal Error] :1:1: Premature end of file.
2025-06-11 21:43:08,470 [ERROR] LogOutputStream:75 - [STDERR_REDIRECT] 
2025-06-11 21:43:09,488 [ERROR] LogOutputStream:75 - [STDERR_REDIRECT] [Fatal Error] :1:1: Premature end of file.
2025-06-11 21:43:09,488 [ERROR] LogOutputStream:75 - [STDERR_REDIRECT] 
2025-06-11 21:43:10,478 [ERROR] LogOutputStream:75 - [STDERR_REDIRECT] [Fatal Error] :1:1: Premature end of file.
2025-06-11 21:43:10,478 [ERROR] LogOutputStream:75 - [STDERR_REDIRECT] 
2025-06-11 21:43:11,469 [ERROR] LogOutputStream:75 - [STDERR_REDIRECT] [Fatal Error] :1:1: Premature end of file.
2025-06-11 21:43:11,469 [ERROR] LogOutputStream:75 - [STDERR_REDIRECT] 
2025-06-11 21:43:12,462 [ERROR] LogOutputStream:75 - [STDERR_REDIRECT] [Fatal Error] :1:1: Premature end of file.
2025-06-11 21:43:12,464 [ERROR] LogOutputStream:75 - [STDERR_REDIRECT] 
2025-06-11 21:43:13,471 [ERROR] LogOutputStream:75 - [STDERR_REDIRECT] [Fatal Error] :1:1: Premature end of file.
2025-06-11 21:43:13,472 [ERROR] LogOutputStream:75 - [STDERR_REDIRECT] 
2025-06-11 21:43:14,481 [ERROR] LogOutputStream:75 - [STDERR_REDIRECT] [Fatal Error] :1:1: Premature end of file.
2025-06-11 21:43:14,482 [ERROR] LogOutputStream:75 - [STDERR_REDIRECT] 
2025-06-11 21:43:15,473 [ERROR] LogOutputStream:75 - [STDERR_REDIRECT] [Fatal Error] :1:1: Premature end of file.
2025-06-11 21:43:15,473 [ERROR] LogOutputStream:75 - [STDERR_REDIRECT] 
2025-06-11 21:43:16,472 [ERROR] LogOutputStream:75 - [STDERR_REDIRECT] [Fatal Error] :1:1: Premature end of file.
2025-06-11 21:43:16,472 [ERROR] LogOutputStream:75 - [STDERR_REDIRECT] 
2025-06-11 21:43:17,469 [ERROR] LogOutputStream:75 - [STDERR_REDIRECT] [Fatal Error] :1:1: Premature end of file.
2025-06-11 21:43:17,469 [ERROR] LogOutputStream:75 - [STDERR_REDIRECT] 
2025-06-11 21:43:18,464 [ERROR] LogOutputStream:75 - [STDERR_REDIRECT] [Fatal Error] :1:1: Premature end of file.
2025-06-11 21:43:18,464 [ERROR] LogOutputStream:75 - [STDERR_REDIRECT] 
2025-06-11 21:43:19,469 [ERROR] LogOutputStream:75 - [STDERR_REDIRECT] [Fatal Error] :1:1: Premature end of file.
2025-06-11 21:43:19,470 [ERROR] LogOutputStream:75 - [STDERR_REDIRECT] 
2025-06-11 21:43:20,469 [ERROR] LogOutputStream:75 - [STDERR_REDIRECT] [Fatal Error] :1:1: Premature end of file.
2025-06-11 21:43:20,470 [ERROR] LogOutputStream:75 - [STDERR_REDIRECT] 
2025-06-11 21:43:21,478 [ERROR] LogOutputStream:75 - [STDERR_REDIRECT] [Fatal Error] :1:1: Premature end of file.
2025-06-11 21:43:21,478 [ERROR] LogOutputStream:75 - [STDERR_REDIRECT] 
2025-06-11 21:43:22,440 [ERROR] LogOutputStream:75 - [STDERR_REDIRECT] [Fatal Error] :1:1: Premature end of file.
2025-06-11 21:43:22,440 [ERROR] LogOutputStream:75 - [STDERR_REDIRECT] 
2025-06-11 21:43:23,465 [ERROR] LogOutputStream:75 - [STDERR_REDIRECT] [Fatal Error] :1:1: Premature end of file.
2025-06-11 21:43:23,466 [ERROR] LogOutputStream:75 - [STDERR_REDIRECT] 
2025-06-11 21:43:24,476 [ERROR] LogOutputStream:75 - [STDERR_REDIRECT] [Fatal Error] :1:1: Premature end of file.
2025-06-11 21:43:24,477 [ERROR] LogOutputStream:75 - [STDERR_REDIRECT] 
2025-06-11 21:43:25,477 [ERROR] LogOutputStream:75 - [STDERR_REDIRECT] [Fatal Error] :1:1: Premature end of file.
2025-06-11 21:43:25,478 [ERROR] LogOutputStream:75 - [STDERR_REDIRECT] 
2025-06-11 21:43:26,476 [ERROR] LogOutputStream:75 - [STDERR_REDIRECT] [Fatal Error] :1:1: Premature end of file.
2025-06-11 21:43:26,477 [ERROR] LogOutputStream:75 - [STDERR_REDIRECT] 
2025-06-11 21:43:27,475 [ERROR] LogOutputStream:75 - [STDERR_REDIRECT] [Fatal Error] :1:1: Premature end of file.
2025-06-11 21:43:27,475 [ERROR] LogOutputStream:75 - [STDERR_REDIRECT] 
2025-06-11 21:43:28,478 [ERROR] LogOutputStream:75 - [STDERR_REDIRECT] [Fatal Error] :1:1: Premature end of file.
2025-06-11 21:43:28,479 [ERROR] LogOutputStream:75 - [STDERR_REDIRECT] 
2025-06-11 21:43:29,472 [ERROR] LogOutputStream:75 - [STDERR_REDIRECT] [Fatal Error] :1:1: Premature end of file.
2025-06-11 21:43:29,472 [ERROR] LogOutputStream:75 - [STDERR_REDIRECT] 
2025-06-11 21:43:30,476 [ERROR] LogOutputStream:75 - [STDERR_REDIRECT] [Fatal Error] :1:1: Premature end of file.
2025-06-11 21:43:30,476 [ERROR] LogOutputStream:75 - [STDERR_REDIRECT] 
2025-06-11 21:43:31,471 [ERROR] LogOutputStream:75 - [STDERR_REDIRECT] [Fatal Error] :1:1: Premature end of file.
2025-06-11 21:43:31,472 [ERROR] LogOutputStream:75 - [STDERR_REDIRECT] 
2025-06-11 21:43:32,475 [ERROR] LogOutputStream:75 - [STDERR_REDIRECT] [Fatal Error] :1:1: Premature end of file.
2025-06-11 21:43:32,475 [ERROR] LogOutputStream:75 - [STDERR_REDIRECT] 
2025-06-11 21:43:33,471 [ERROR] LogOutputStream:75 - [STDERR_REDIRECT] [Fatal Error] :1:1: Premature end of file.
2025-06-11 21:43:33,471 [ERROR] LogOutputStream:75 - [STDERR_REDIRECT] 
2025-06-11 21:43:34,455 [ERROR] LogOutputStream:75 - [STDERR_REDIRECT] [Fatal Error] :1:1: Premature end of file.
2025-06-11 21:43:34,455 [ERROR] LogOutputStream:75 - [STDERR_REDIRECT] 
2025-06-11 21:43:35,444 [ERROR] LogOutputStream:75 - [STDERR_REDIRECT] [Fatal Error] :1:1: Premature end of file.
2025-06-11 21:43:35,444 [ERROR] LogOutputStream:75 - [STDERR_REDIRECT] 
2025-06-11 21:43:36,368 [ERROR] LogOutputStream:75 - [STDERR_REDIRECT] [Fatal Error] :1:1: Premature end of file.
2025-06-11 21:43:36,369 [ERROR] LogOutputStream:75 - [STDERR_REDIRECT] 
2025-06-11 21:43:37,373 [ERROR] LogOutputStream:75 - [STDERR_REDIRECT] [Fatal Error] :1:1: Premature end of file.
2025-06-11 21:43:37,373 [ERROR] LogOutputStream:75 - [STDERR_REDIRECT] 
2025-06-11 21:43:38,401 [ERROR] LogOutputStream:75 - [STDERR_REDIRECT] [Fatal Error] :1:1: Premature end of file.
2025-06-11 21:43:38,401 [ERROR] LogOutputStream:75 - [STDERR_REDIRECT] 
2025-06-11 21:43:39,462 [ERROR] LogOutputStream:75 - [STDERR_REDIRECT] [Fatal Error] :1:1: Premature end of file.
2025-06-11 21:43:39,463 [ERROR] LogOutputStream:75 - [STDERR_REDIRECT] 
2025-06-11 21:43:40,472 [ERROR] LogOutputStream:75 - [STDERR_REDIRECT] [Fatal Error] :1:1: Premature end of file.
2025-06-11 21:43:40,472 [ERROR] LogOutputStream:75 - [STDERR_REDIRECT] 
2025-06-11 21:43:41,465 [ERROR] LogOutputStream:75 - [STDERR_REDIRECT] [Fatal Error] :1:1: Premature end of file.
2025-06-11 21:43:41,466 [ERROR] LogOutputStream:75 - [STDERR_REDIRECT] 
2025-06-11 21:43:42,418 [ERROR] LogOutputStream:75 - [STDERR_REDIRECT] [Fatal Error] :1:1: Premature end of file.
2025-06-11 21:43:42,418 [ERROR] LogOutputStream:75 - [STDERR_REDIRECT] 
2025-06-11 21:43:43,465 [ERROR] LogOutputStream:75 - [STDERR_REDIRECT] [Fatal Error] :1:1: Premature end of file.
2025-06-11 21:43:43,466 [ERROR] LogOutputStream:75 - [STDERR_REDIRECT] 
2025-06-11 21:43:44,471 [ERROR] LogOutputStream:75 - [STDERR_REDIRECT] [Fatal Error] :1:1: Premature end of file.
2025-06-11 21:43:44,472 [ERROR] LogOutputStream:75 - [STDERR_REDIRECT] 
2025-06-11 21:43:45,473 [ERROR] LogOutputStream:75 - [STDERR_REDIRECT] [Fatal Error] :1:1: Premature end of file.
2025-06-11 21:43:45,474 [ERROR] LogOutputStream:75 - [STDERR_REDIRECT] 
2025-06-11 21:43:46,443 [ERROR] LogOutputStream:75 - [STDERR_REDIRECT] [Fatal Error] :1:1: Premature end of file.
2025-06-11 21:43:46,444 [ERROR] LogOutputStream:75 - [STDERR_REDIRECT] 
2025-06-11 21:43:47,445 [ERROR] LogOutputStream:75 - [STDERR_REDIRECT] [Fatal Error] :1:1: Premature end of file.
2025-06-11 21:43:47,445 [ERROR] LogOutputStream:75 - [STDERR_REDIRECT] 
2025-06-11 21:43:48,474 [ERROR] LogOutputStream:75 - [STDERR_REDIRECT] [Fatal Error] :1:1: Premature end of file.
2025-06-11 21:43:48,474 [ERROR] LogOutputStream:75 - [STDERR_REDIRECT] 
2025-06-11 21:43:49,469 [ERROR] LogOutputStream:75 - [STDERR_REDIRECT] [Fatal Error] :1:1: Premature end of file.
2025-06-11 21:43:49,469 [ERROR] LogOutputStream:75 - [STDERR_REDIRECT] 
2025-06-11 21:43:50,470 [ERROR] LogOutputStream:75 - [STDERR_REDIRECT] [Fatal Error] :1:1: Premature end of file.
2025-06-11 21:43:50,470 [ERROR] LogOutputStream:75 - [STDERR_REDIRECT] 
2025-06-11 21:43:51,468 [ERROR] LogOutputStream:75 - [STDERR_REDIRECT] [Fatal Error] :1:1: Premature end of file.
2025-06-11 21:43:51,469 [ERROR] LogOutputStream:75 - [STDERR_REDIRECT] 
2025-06-11 21:43:52,472 [ERROR] LogOutputStream:75 - [STDERR_REDIRECT] [Fatal Error] :1:1: Premature end of file.
2025-06-11 21:43:52,472 [ERROR] LogOutputStream:75 - [STDERR_REDIRECT] 
2025-06-11 21:43:53,470 [ERROR] LogOutputStream:75 - [STDERR_REDIRECT] [Fatal Error] :1:1: Premature end of file.
2025-06-11 21:43:53,471 [ERROR] LogOutputStream:75 - [STDERR_REDIRECT] 
2025-06-11 21:43:54,460 [ERROR] LogOutputStream:75 - [STDERR_REDIRECT] [Fatal Error] :1:1: Premature end of file.
2025-06-11 21:43:54,460 [ERROR] LogOutputStream:75 - [STDERR_REDIRECT] 
2025-06-11 21:43:55,480 [ERROR] LogOutputStream:75 - [STDERR_REDIRECT] [Fatal Error] :1:1: Premature end of file.
2025-06-11 21:43:55,481 [ERROR] LogOutputStream:75 - [STDERR_REDIRECT] 
2025-06-11 21:43:56,484 [ERROR] LogOutputStream:75 - [STDERR_REDIRECT] [Fatal Error] :1:1: Premature end of file.
2025-06-11 21:43:56,484 [ERROR] LogOutputStream:75 - [STDERR_REDIRECT] 
2025-06-11 21:43:57,481 [ERROR] LogOutputStream:75 - [STDERR_REDIRECT] [Fatal Error] :1:1: Premature end of file.
2025-06-11 21:43:57,481 [ERROR] LogOutputStream:75 - [STDERR_REDIRECT] 
2025-06-11 21:43:58,483 [ERROR] LogOutputStream:75 - [STDERR_REDIRECT] [Fatal Error] :1:1: Premature end of file.
2025-06-11 21:43:58,484 [ERROR] LogOutputStream:75 - [STDERR_REDIRECT] 
2025-06-11 21:43:59,469 [ERROR] LogOutputStream:75 - [STDERR_REDIRECT] [Fatal Error] :1:1: Premature end of file.
2025-06-11 21:43:59,469 [ERROR] LogOutputStream:75 - [STDERR_REDIRECT] 
2025-06-11 21:44:00,467 [ERROR] LogOutputStream:75 - [STDERR_REDIRECT] [Fatal Error] :1:1: Premature end of file.
2025-06-11 21:44:00,467 [ERROR] LogOutputStream:75 - [STDERR_REDIRECT] 
2025-06-11 21:44:01,488 [ERROR] LogOutputStream:75 - [STDERR_REDIRECT] [Fatal Error] :1:1: Premature end of file.
2025-06-11 21:44:01,488 [ERROR] LogOutputStream:75 - [STDERR_REDIRECT] 
2025-06-11 21:44:02,468 [ERROR] LogOutputStream:75 - [STDERR_REDIRECT] [Fatal Error] :1:1: Premature end of file.
2025-06-11 21:44:02,469 [ERROR] LogOutputStream:75 - [STDERR_REDIRECT] 
2025-06-11 21:44:03,475 [ERROR] LogOutputStream:75 - [STDERR_REDIRECT] [Fatal Error] :1:1: Premature end of file.
2025-06-11 21:44:03,476 [ERROR] LogOutputStream:75 - [STDERR_REDIRECT] 
2025-06-11 21:44:04,475 [ERROR] LogOutputStream:75 - [STDERR_REDIRECT] [Fatal Error] :1:1: Premature end of file.
2025-06-11 21:44:04,475 [ERROR] LogOutputStream:75 - [STDERR_REDIRECT] 
2025-06-11 21:44:05,466 [ERROR] LogOutputStream:75 - [STDERR_REDIRECT] [Fatal Error] :1:1: Premature end of file.
2025-06-11 21:44:05,467 [ERROR] LogOutputStream:75 - [STDERR_REDIRECT] 
2025-06-11 21:44:06,469 [ERROR] LogOutputStream:75 - [STDERR_REDIRECT] [Fatal Error] :1:1: Premature end of file.
2025-06-11 21:44:06,470 [ERROR] LogOutputStream:75 - [STDERR_REDIRECT] 
2025-06-11 21:44:07,476 [ERROR] LogOutputStream:75 - [STDERR_REDIRECT] [Fatal Error] :1:1: Premature end of file.
2025-06-11 21:44:07,477 [ERROR] LogOutputStream:75 - [STDERR_REDIRECT] 
2025-06-11 21:44:08,472 [ERROR] LogOutputStream:75 - [STDERR_REDIRECT] [Fatal Error] :1:1: Premature end of file.
2025-06-11 21:44:08,472 [ERROR] LogOutputStream:75 - [STDERR_REDIRECT] 
2025-06-11 21:44:09,477 [ERROR] LogOutputStream:75 - [STDERR_REDIRECT] [Fatal Error] :1:1: Premature end of file.
2025-06-11 21:44:09,478 [ERROR] LogOutputStream:75 - [STDERR_REDIRECT] 
2025-06-11 21:44:10,472 [ERROR] LogOutputStream:75 - [STDERR_REDIRECT] [Fatal Error] :1:1: Premature end of file.
2025-06-11 21:44:10,472 [ERROR] LogOutputStream:75 - [STDERR_REDIRECT] 
2025-06-11 21:44:11,460 [ERROR] LogOutputStream:75 - [STDERR_REDIRECT] [Fatal Error] :1:1: Premature end of file.
2025-06-11 21:44:11,461 [ERROR] LogOutputStream:75 - [STDERR_REDIRECT] 
2025-06-11 21:44:12,463 [ERROR] LogOutputStream:75 - [STDERR_REDIRECT] [Fatal Error] :1:1: Premature end of file.
2025-06-11 21:44:12,463 [ERROR] LogOutputStream:75 - [STDERR_REDIRECT] 
2025-06-11 21:44:13,469 [ERROR] LogOutputStream:75 - [STDERR_REDIRECT] [Fatal Error] :1:1: Premature end of file.
2025-06-11 21:44:13,470 [ERROR] LogOutputStream:75 - [STDERR_REDIRECT] 
2025-06-11 21:44:14,475 [ERROR] LogOutputStream:75 - [STDERR_REDIRECT] [Fatal Error] :1:1: Premature end of file.
2025-06-11 21:44:14,476 [ERROR] LogOutputStream:75 - [STDERR_REDIRECT] 
2025-06-11 21:44:15,465 [ERROR] LogOutputStream:75 - [STDERR_REDIRECT] [Fatal Error] :1:1: Premature end of file.
2025-06-11 21:44:15,466 [ERROR] LogOutputStream:75 - [STDERR_REDIRECT] 
2025-06-11 21:44:16,482 [ERROR] LogOutputStream:75 - [STDERR_REDIRECT] [Fatal Error] :1:1: Premature end of file.
2025-06-11 21:44:16,483 [ERROR] LogOutputStream:75 - [STDERR_REDIRECT] 
2025-06-11 21:44:17,492 [ERROR] LogOutputStream:75 - [STDERR_REDIRECT] [Fatal Error] :1:1: Premature end of file.
2025-06-11 21:44:17,493 [ERROR] LogOutputStream:75 - [STDERR_REDIRECT] 
2025-06-11 21:44:18,476 [ERROR] LogOutputStream:75 - [STDERR_REDIRECT] [Fatal Error] :1:1: Premature end of file.
2025-06-11 21:44:18,476 [ERROR] LogOutputStream:75 - [STDERR_REDIRECT] 
2025-06-11 21:44:19,472 [ERROR] LogOutputStream:75 - [STDERR_REDIRECT] [Fatal Error] :1:1: Premature end of file.
2025-06-11 21:44:19,473 [ERROR] LogOutputStream:75 - [STDERR_REDIRECT] 
2025-06-11 21:44:20,473 [ERROR] LogOutputStream:75 - [STDERR_REDIRECT] [Fatal Error] :1:1: Premature end of file.
2025-06-11 21:44:20,474 [ERROR] LogOutputStream:75 - [STDERR_REDIRECT] 
2025-06-11 21:44:21,474 [ERROR] LogOutputStream:75 - [STDERR_REDIRECT] [Fatal Error] :1:1: Premature end of file.
2025-06-11 21:44:21,474 [ERROR] LogOutputStream:75 - [STDERR_REDIRECT] 
2025-06-11 21:44:22,473 [ERROR] LogOutputStream:75 - [STDERR_REDIRECT] [Fatal Error] :1:1: Premature end of file.
2025-06-11 21:44:22,473 [ERROR] LogOutputStream:75 - [STDERR_REDIRECT] 
2025-06-11 21:44:23,468 [ERROR] LogOutputStream:75 - [STDERR_REDIRECT] [Fatal Error] :1:1: Premature end of file.
2025-06-11 21:44:23,468 [ERROR] LogOutputStream:75 - [STDERR_REDIRECT] 
2025-06-11 21:44:24,475 [ERROR] LogOutputStream:75 - [STDERR_REDIRECT] [Fatal Error] :1:1: Premature end of file.
2025-06-11 21:44:24,476 [ERROR] LogOutputStream:75 - [STDERR_REDIRECT] 
2025-06-11 21:44:25,483 [ERROR] LogOutputStream:75 - [STDERR_REDIRECT] [Fatal Error] :1:1: Premature end of file.
2025-06-11 21:44:25,483 [ERROR] LogOutputStream:75 - [STDERR_REDIRECT] 
2025-06-11 21:44:26,490 [ERROR] LogOutputStream:75 - [STDERR_REDIRECT] [Fatal Error] :1:1: Premature end of file.
2025-06-11 21:44:26,490 [ERROR] LogOutputStream:75 - [STDERR_REDIRECT] 
2025-06-11 21:44:27,369 [ERROR] LogOutputStream:75 - [STDERR_REDIRECT] [Fatal Error] :1:1: Premature end of file.
2025-06-11 21:44:27,369 [ERROR] LogOutputStream:75 - [STDERR_REDIRECT] 
2025-06-11 21:44:28,418 [ERROR] LogOutputStream:75 - [STDERR_REDIRECT] [Fatal Error] :1:1: Premature end of file.
2025-06-11 21:44:28,418 [ERROR] LogOutputStream:75 - [STDERR_REDIRECT] 
2025-06-11 21:44:29,472 [ERROR] LogOutputStream:75 - [STDERR_REDIRECT] [Fatal Error] :1:1: Premature end of file.
2025-06-11 21:44:29,472 [ERROR] LogOutputStream:75 - [STDERR_REDIRECT] 
2025-06-11 21:44:30,367 [ERROR] LogOutputStream:75 - [STDERR_REDIRECT] [Fatal Error] :1:1: Premature end of file.
2025-06-11 21:44:30,368 [ERROR] LogOutputStream:75 - [STDERR_REDIRECT] 
2025-06-11 21:44:31,449 [ERROR] LogOutputStream:75 - [STDERR_REDIRECT] [Fatal Error] :1:1: Premature end of file.
2025-06-11 21:44:31,449 [ERROR] LogOutputStream:75 - [STDERR_REDIRECT] 
2025-06-11 21:44:32,472 [ERROR] LogOutputStream:75 - [STDERR_REDIRECT] [Fatal Error] :1:1: Premature end of file.
2025-06-11 21:44:32,472 [ERROR] LogOutputStream:75 - [STDERR_REDIRECT] 
2025-06-11 21:44:33,466 [ERROR] LogOutputStream:75 - [STDERR_REDIRECT] [Fatal Error] :1:1: Premature end of file.
2025-06-11 21:44:33,466 [ERROR] LogOutputStream:75 - [STDERR_REDIRECT] 
2025-06-11 21:44:34,494 [ERROR] LogOutputStream:75 - [STDERR_REDIRECT] [Fatal Error] :1:1: Premature end of file.
2025-06-11 21:44:34,496 [ERROR] LogOutputStream:75 - [STDERR_REDIRECT] 
2025-06-11 21:44:35,478 [ERROR] LogOutputStream:75 - [STDERR_REDIRECT] [Fatal Error] :1:1: Premature end of file.
2025-06-11 21:44:35,478 [ERROR] LogOutputStream:75 - [STDERR_REDIRECT] 
2025-06-11 21:44:36,498 [ERROR] LogOutputStream:75 - [STDERR_REDIRECT] [Fatal Error] :1:1: Premature end of file.
2025-06-11 21:44:36,498 [ERROR] LogOutputStream:75 - [STDERR_REDIRECT] 
2025-06-11 21:44:37,483 [ERROR] LogOutputStream:75 - [STDERR_REDIRECT] [Fatal Error] :1:1: Premature end of file.
2025-06-11 21:44:37,484 [ERROR] LogOutputStream:75 - [STDERR_REDIRECT] 
2025-06-11 21:44:38,474 [ERROR] LogOutputStream:75 - [STDERR_REDIRECT] [Fatal Error] :1:1: Premature end of file.
2025-06-11 21:44:38,475 [ERROR] LogOutputStream:75 - [STDERR_REDIRECT] 
2025-06-11 21:44:39,374 [ERROR] LogOutputStream:75 - [STDERR_REDIRECT] [Fatal Error] :1:1: Premature end of file.
2025-06-11 21:44:39,374 [ERROR] LogOutputStream:75 - [STDERR_REDIRECT] 
2025-06-11 21:44:40,366 [ERROR] LogOutputStream:75 - [STDERR_REDIRECT] [Fatal Error] :1:1: Premature end of file.
2025-06-11 21:44:40,366 [ERROR] LogOutputStream:75 - [STDERR_REDIRECT] 
2025-06-11 21:44:41,461 [ERROR] LogOutputStream:75 - [STDERR_REDIRECT] [Fatal Error] :1:1: Premature end of file.
2025-06-11 21:44:41,461 [ERROR] LogOutputStream:75 - [STDERR_REDIRECT] 
2025-06-11 21:44:42,459 [ERROR] LogOutputStream:75 - [STDERR_REDIRECT] [Fatal Error] :1:1: Premature end of file.
2025-06-11 21:44:42,459 [ERROR] LogOutputStream:75 - [STDERR_REDIRECT] 
2025-06-11 21:44:43,457 [ERROR] LogOutputStream:75 - [STDERR_REDIRECT] [Fatal Error] :1:1: Premature end of file.
2025-06-11 21:44:43,458 [ERROR] LogOutputStream:75 - [STDERR_REDIRECT] 
2025-06-11 21:44:44,472 [ERROR] LogOutputStream:75 - [STDERR_REDIRECT] [Fatal Error] :1:1: Premature end of file.
2025-06-11 21:44:44,472 [ERROR] LogOutputStream:75 - [STDERR_REDIRECT] 
2025-06-11 21:44:45,475 [ERROR] LogOutputStream:75 - [STDERR_REDIRECT] [Fatal Error] :1:1: Premature end of file.
2025-06-11 21:44:45,476 [ERROR] LogOutputStream:75 - [STDERR_REDIRECT] 
2025-06-11 21:44:46,468 [ERROR] LogOutputStream:75 - [STDERR_REDIRECT] [Fatal Error] :1:1: Premature end of file.
2025-06-11 21:44:46,468 [ERROR] LogOutputStream:75 - [STDERR_REDIRECT] 
2025-06-11 21:44:47,446 [ERROR] LogOutputStream:75 - [STDERR_REDIRECT] [Fatal Error] :1:1: Premature end of file.
2025-06-11 21:44:47,447 [ERROR] LogOutputStream:75 - [STDERR_REDIRECT] 
2025-06-11 21:44:48,484 [ERROR] LogOutputStream:75 - [STDERR_REDIRECT] [Fatal Error] :1:1: Premature end of file.
2025-06-11 21:44:48,484 [ERROR] LogOutputStream:75 - [STDERR_REDIRECT] 
2025-06-11 21:44:49,467 [ERROR] LogOutputStream:75 - [STDERR_REDIRECT] [Fatal Error] :1:1: Premature end of file.
2025-06-11 21:44:49,468 [ERROR] LogOutputStream:75 - [STDERR_REDIRECT] 
2025-06-11 21:44:50,469 [ERROR] LogOutputStream:75 - [STDERR_REDIRECT] [Fatal Error] :1:1: Premature end of file.
2025-06-11 21:44:50,469 [ERROR] LogOutputStream:75 - [STDERR_REDIRECT] 
2025-06-11 21:44:51,469 [ERROR] LogOutputStream:75 - [STDERR_REDIRECT] [Fatal Error] :1:1: Premature end of file.
2025-06-11 21:44:51,469 [ERROR] LogOutputStream:75 - [STDERR_REDIRECT] 
2025-06-11 21:44:52,470 [ERROR] LogOutputStream:75 - [STDERR_REDIRECT] [Fatal Error] :1:1: Premature end of file.
2025-06-11 21:44:52,470 [ERROR] LogOutputStream:75 - [STDERR_REDIRECT] 
2025-06-11 21:44:53,468 [ERROR] LogOutputStream:75 - [STDERR_REDIRECT] [Fatal Error] :1:1: Premature end of file.
2025-06-11 21:44:53,468 [ERROR] LogOutputStream:75 - [STDERR_REDIRECT] 
2025-06-11 21:44:54,366 [ERROR] LogOutputStream:75 - [STDERR_REDIRECT] [Fatal Error] :1:1: Premature end of file.
2025-06-11 21:44:54,366 [ERROR] LogOutputStream:75 - [STDERR_REDIRECT] 
2025-06-11 21:44:55,476 [ERROR] LogOutputStream:75 - [STDERR_REDIRECT] [Fatal Error] :1:1: Premature end of file.
2025-06-11 21:44:55,477 [ERROR] LogOutputStream:75 - [STDERR_REDIRECT] 
2025-06-11 21:44:56,479 [ERROR] LogOutputStream:75 - [STDERR_REDIRECT] [Fatal Error] :1:1: Premature end of file.
2025-06-11 21:44:56,480 [ERROR] LogOutputStream:75 - [STDERR_REDIRECT] 
2025-06-11 21:44:57,478 [ERROR] LogOutputStream:75 - [STDERR_REDIRECT] [Fatal Error] :1:1: Premature end of file.
2025-06-11 21:44:57,480 [ERROR] LogOutputStream:75 - [STDERR_REDIRECT] 
2025-06-11 21:44:58,473 [ERROR] LogOutputStream:75 - [STDERR_REDIRECT] [Fatal Error] :1:1: Premature end of file.
2025-06-11 21:44:58,474 [ERROR] LogOutputStream:75 - [STDERR_REDIRECT] 
2025-06-11 21:44:59,469 [ERROR] LogOutputStream:75 - [STDERR_REDIRECT] [Fatal Error] :1:1: Premature end of file.
2025-06-11 21:44:59,469 [ERROR] LogOutputStream:75 - [STDERR_REDIRECT] 
2025-06-11 21:45:00,469 [ERROR] LogOutputStream:75 - [STDERR_REDIRECT] [Fatal Error] :1:1: Premature end of file.
2025-06-11 21:45:00,470 [ERROR] LogOutputStream:75 - [STDERR_REDIRECT] 
2025-06-11 21:45:01,466 [ERROR] LogOutputStream:75 - [STDERR_REDIRECT] [Fatal Error] :1:1: Premature end of file.
2025-06-11 21:45:01,467 [ERROR] LogOutputStream:75 - [STDERR_REDIRECT] 
2025-06-11 21:45:02,466 [ERROR] LogOutputStream:75 - [STDERR_REDIRECT] [Fatal Error] :1:1: Premature end of file.
2025-06-11 21:45:02,466 [ERROR] LogOutputStream:75 - [STDERR_REDIRECT] 
2025-06-11 21:45:03,469 [ERROR] LogOutputStream:75 - [STDERR_REDIRECT] [Fatal Error] :1:1: Premature end of file.
2025-06-11 21:45:03,470 [ERROR] LogOutputStream:75 - [STDERR_REDIRECT] 
2025-06-11 21:45:04,481 [ERROR] LogOutputStream:75 - [STDERR_REDIRECT] [Fatal Error] :1:1: Premature end of file.
2025-06-11 21:45:04,481 [ERROR] LogOutputStream:75 - [STDERR_REDIRECT] 
2025-06-11 21:45:05,481 [ERROR] LogOutputStream:75 - [STDERR_REDIRECT] [Fatal Error] :1:1: Premature end of file.
2025-06-11 21:45:05,481 [ERROR] LogOutputStream:75 - [STDERR_REDIRECT] 
2025-06-11 21:45:06,469 [ERROR] LogOutputStream:75 - [STDERR_REDIRECT] [Fatal Error] :1:1: Premature end of file.
2025-06-11 21:45:06,470 [ERROR] LogOutputStream:75 - [STDERR_REDIRECT] 
2025-06-11 21:45:07,476 [ERROR] LogOutputStream:75 - [STDERR_REDIRECT] [Fatal Error] :1:1: Premature end of file.
2025-06-11 21:45:07,476 [ERROR] LogOutputStream:75 - [STDERR_REDIRECT] 
2025-06-11 21:45:08,478 [ERROR] LogOutputStream:75 - [STDERR_REDIRECT] [Fatal Error] :1:1: Premature end of file.
2025-06-11 21:45:08,479 [ERROR] LogOutputStream:75 - [STDERR_REDIRECT] 
2025-06-11 21:45:09,398 [ERROR] LogOutputStream:75 - [STDERR_REDIRECT] [Fatal Error] :1:1: Premature end of file.
2025-06-11 21:45:09,398 [ERROR] LogOutputStream:75 - [STDERR_REDIRECT] 
2025-06-11 21:45:10,472 [ERROR] LogOutputStream:75 - [STDERR_REDIRECT] [Fatal Error] :1:1: Premature end of file.
2025-06-11 21:45:10,472 [ERROR] LogOutputStream:75 - [STDERR_REDIRECT] 
2025-06-11 21:45:11,374 [ERROR] LogOutputStream:75 - [STDERR_REDIRECT] [Fatal Error] :1:1: Premature end of file.
2025-06-11 21:45:11,374 [ERROR] LogOutputStream:75 - [STDERR_REDIRECT] 
2025-06-11 21:45:12,466 [ERROR] LogOutputStream:75 - [STDERR_REDIRECT] [Fatal Error] :1:1: Premature end of file.
2025-06-11 21:45:12,468 [ERROR] LogOutputStream:75 - [STDERR_REDIRECT] 
2025-06-11 21:45:13,470 [ERROR] LogOutputStream:75 - [STDERR_REDIRECT] [Fatal Error] :1:1: Premature end of file.
2025-06-11 21:45:13,471 [ERROR] LogOutputStream:75 - [STDERR_REDIRECT] 
2025-06-11 21:45:14,466 [ERROR] LogOutputStream:75 - [STDERR_REDIRECT] [Fatal Error] :1:1: Premature end of file.
2025-06-11 21:45:14,466 [ERROR] LogOutputStream:75 - [STDERR_REDIRECT] 
2025-06-11 21:45:15,442 [ERROR] LogOutputStream:75 - [STDERR_REDIRECT] [Fatal Error] :1:1: Premature end of file.
2025-06-11 21:45:15,442 [ERROR] LogOutputStream:75 - [STDERR_REDIRECT] 
2025-06-11 21:45:16,474 [ERROR] LogOutputStream:75 - [STDERR_REDIRECT] [Fatal Error] :1:1: Premature end of file.
2025-06-11 21:45:16,474 [ERROR] LogOutputStream:75 - [STDERR_REDIRECT] 
2025-06-11 21:45:17,482 [ERROR] LogOutputStream:75 - [STDERR_REDIRECT] [Fatal Error] :1:1: Premature end of file.
2025-06-11 21:45:17,483 [ERROR] LogOutputStream:75 - [STDERR_REDIRECT] 
2025-06-11 21:45:18,486 [ERROR] LogOutputStream:75 - [STDERR_REDIRECT] [Fatal Error] :1:1: Premature end of file.
2025-06-11 21:45:18,486 [ERROR] LogOutputStream:75 - [STDERR_REDIRECT] 
2025-06-11 21:45:19,488 [ERROR] LogOutputStream:75 - [STDERR_REDIRECT] [Fatal Error] :1:1: Premature end of file.
2025-06-11 21:45:19,488 [ERROR] LogOutputStream:75 - [STDERR_REDIRECT] 
2025-06-11 21:45:20,470 [ERROR] LogOutputStream:75 - [STDERR_REDIRECT] [Fatal Error] :1:1: Premature end of file.
2025-06-11 21:45:20,472 [ERROR] LogOutputStream:75 - [STDERR_REDIRECT] 
2025-06-11 21:45:21,466 [ERROR] LogOutputStream:75 - [STDERR_REDIRECT] [Fatal Error] :1:1: Premature end of file.
2025-06-11 21:45:21,468 [ERROR] LogOutputStream:75 - [STDERR_REDIRECT] 
2025-06-11 21:45:22,469 [ERROR] LogOutputStream:75 - [STDERR_REDIRECT] [Fatal Error] :1:1: Premature end of file.
2025-06-11 21:45:22,470 [ERROR] LogOutputStream:75 - [STDERR_REDIRECT] 
2025-06-11 21:45:23,465 [ERROR] LogOutputStream:75 - [STDERR_REDIRECT] [Fatal Error] :1:1: Premature end of file.
2025-06-11 21:45:23,466 [ERROR] LogOutputStream:75 - [STDERR_REDIRECT] 
2025-06-11 21:45:24,468 [ERROR] LogOutputStream:75 - [STDERR_REDIRECT] [Fatal Error] :1:1: Premature end of file.
2025-06-11 21:45:24,468 [ERROR] LogOutputStream:75 - [STDERR_REDIRECT] 
2025-06-11 21:45:25,486 [ERROR] LogOutputStream:75 - [STDERR_REDIRECT] [Fatal Error] :1:1: Premature end of file.
2025-06-11 21:45:25,488 [ERROR] LogOutputStream:75 - [STDERR_REDIRECT] 
2025-06-11 21:45:26,475 [ERROR] LogOutputStream:75 - [STDERR_REDIRECT] [Fatal Error] :1:1: Premature end of file.
2025-06-11 21:45:26,475 [ERROR] LogOutputStream:75 - [STDERR_REDIRECT] 
2025-06-11 21:45:27,470 [ERROR] LogOutputStream:75 - [STDERR_REDIRECT] [Fatal Error] :1:1: Premature end of file.
2025-06-11 21:45:27,470 [ERROR] LogOutputStream:75 - [STDERR_REDIRECT] 
2025-06-11 21:45:28,464 [ERROR] LogOutputStream:75 - [STDERR_REDIRECT] [Fatal Error] :1:1: Premature end of file.
2025-06-11 21:45:28,465 [ERROR] LogOutputStream:75 - [STDERR_REDIRECT] 
2025-06-11 21:45:29,477 [ERROR] LogOutputStream:75 - [STDERR_REDIRECT] [Fatal Error] :1:1: Premature end of file.
2025-06-11 21:45:29,477 [ERROR] LogOutputStream:75 - [STDERR_REDIRECT] 
2025-06-11 21:45:30,469 [ERROR] LogOutputStream:75 - [STDERR_REDIRECT] [Fatal Error] :1:1: Premature end of file.
2025-06-11 21:45:30,470 [ERROR] LogOutputStream:75 - [STDERR_REDIRECT] 
2025-06-11 21:45:31,470 [ERROR] LogOutputStream:75 - [STDERR_REDIRECT] [Fatal Error] :1:1: Premature end of file.
2025-06-11 21:45:31,471 [ERROR] LogOutputStream:75 - [STDERR_REDIRECT] 
2025-06-11 21:45:32,468 [ERROR] LogOutputStream:75 - [STDERR_REDIRECT] [Fatal Error] :1:1: Premature end of file.
2025-06-11 21:45:32,468 [ERROR] LogOutputStream:75 - [STDERR_REDIRECT] 
2025-06-11 21:45:33,436 [ERROR] LogOutputStream:75 - [STDERR_REDIRECT] [Fatal Error] :1:1: Premature end of file.
2025-06-11 21:45:33,436 [ERROR] LogOutputStream:75 - [STDERR_REDIRECT] 
2025-06-11 21:45:34,472 [ERROR] LogOutputStream:75 - [STDERR_REDIRECT] [Fatal Error] :1:1: Premature end of file.
2025-06-11 21:45:34,473 [ERROR] LogOutputStream:75 - [STDERR_REDIRECT] 
2025-06-11 21:45:35,480 [ERROR] LogOutputStream:75 - [STDERR_REDIRECT] [Fatal Error] :1:1: Premature end of file.
2025-06-11 21:45:35,480 [ERROR] LogOutputStream:75 - [STDERR_REDIRECT] 
2025-06-11 21:45:36,483 [ERROR] LogOutputStream:75 - [STDERR_REDIRECT] [Fatal Error] :1:1: Premature end of file.
2025-06-11 21:45:36,484 [ERROR] LogOutputStream:75 - [STDERR_REDIRECT] 
2025-06-11 21:45:37,481 [ERROR] LogOutputStream:75 - [STDERR_REDIRECT] [Fatal Error] :1:1: Premature end of file.
2025-06-11 21:45:37,482 [ERROR] LogOutputStream:75 - [STDERR_REDIRECT] 
2025-06-11 21:45:38,484 [ERROR] LogOutputStream:75 - [STDERR_REDIRECT] [Fatal Error] :1:1: Premature end of file.
2025-06-11 21:45:38,484 [ERROR] LogOutputStream:75 - [STDERR_REDIRECT] 
2025-06-11 21:45:39,477 [ERROR] LogOutputStream:75 - [STDERR_REDIRECT] [Fatal Error] :1:1: Premature end of file.
2025-06-11 21:45:39,477 [ERROR] LogOutputStream:75 - [STDERR_REDIRECT] 
2025-06-11 21:45:40,470 [ERROR] LogOutputStream:75 - [STDERR_REDIRECT] [Fatal Error] :1:1: Premature end of file.
2025-06-11 21:45:40,471 [ERROR] LogOutputStream:75 - [STDERR_REDIRECT] 
2025-06-11 21:45:41,369 [ERROR] LogOutputStream:75 - [STDERR_REDIRECT] [Fatal Error] :1:1: Premature end of file.
2025-06-11 21:45:41,369 [ERROR] LogOutputStream:75 - [STDERR_REDIRECT] 
2025-06-11 21:45:42,374 [ERROR] LogOutputStream:75 - [STDERR_REDIRECT] [Fatal Error] :1:1: Premature end of file.
2025-06-11 21:45:42,374 [ERROR] LogOutputStream:75 - [STDERR_REDIRECT] 
2025-06-11 21:45:43,464 [ERROR] LogOutputStream:75 - [STDERR_REDIRECT] [Fatal Error] :1:1: Premature end of file.
2025-06-11 21:45:43,464 [ERROR] LogOutputStream:75 - [STDERR_REDIRECT] 
2025-06-11 21:45:44,460 [ERROR] LogOutputStream:75 - [STDERR_REDIRECT] [Fatal Error] :1:1: Premature end of file.
2025-06-11 21:45:44,460 [ERROR] LogOutputStream:75 - [STDERR_REDIRECT] 
2025-06-11 21:45:45,466 [ERROR] LogOutputStream:75 - [STDERR_REDIRECT] [Fatal Error] :1:1: Premature end of file.
2025-06-11 21:45:45,466 [ERROR] LogOutputStream:75 - [STDERR_REDIRECT] 
2025-06-11 21:45:46,472 [ERROR] LogOutputStream:75 - [STDERR_REDIRECT] [Fatal Error] :1:1: Premature end of file.
2025-06-11 21:45:46,472 [ERROR] LogOutputStream:75 - [STDERR_REDIRECT] 
2025-06-11 21:45:47,483 [ERROR] LogOutputStream:75 - [STDERR_REDIRECT] [Fatal Error] :1:1: Premature end of file.
2025-06-11 21:45:47,483 [ERROR] LogOutputStream:75 - [STDERR_REDIRECT] 
2025-06-11 21:45:48,369 [ERROR] LogOutputStream:75 - [STDERR_REDIRECT] [Fatal Error] :1:1: Premature end of file.
2025-06-11 21:45:48,369 [ERROR] LogOutputStream:75 - [STDERR_REDIRECT] 
2025-06-11 21:45:49,479 [ERROR] LogOutputStream:75 - [STDERR_REDIRECT] [Fatal Error] :1:1: Premature end of file.
2025-06-11 21:45:49,479 [ERROR] LogOutputStream:75 - [STDERR_REDIRECT] 
2025-06-11 21:45:50,428 [ERROR] LogOutputStream:75 - [STDERR_REDIRECT] [Fatal Error] :1:1: Premature end of file.
2025-06-11 21:45:50,429 [ERROR] LogOutputStream:75 - [STDERR_REDIRECT] 
2025-06-11 21:45:51,385 [ERROR] LogOutputStream:75 - [STDERR_REDIRECT] [Fatal Error] :1:1: Premature end of file.
2025-06-11 21:45:51,385 [ERROR] LogOutputStream:75 - [STDERR_REDIRECT] 
2025-06-11 21:45:52,369 [ERROR] LogOutputStream:75 - [STDERR_REDIRECT] [Fatal Error] :1:1: Premature end of file.
2025-06-11 21:45:52,369 [ERROR] LogOutputStream:75 - [STDERR_REDIRECT] 
2025-06-11 21:45:53,366 [ERROR] LogOutputStream:75 - [STDERR_REDIRECT] [Fatal Error] :1:1: Premature end of file.
2025-06-11 21:45:53,366 [ERROR] LogOutputStream:75 - [STDERR_REDIRECT] 
2025-06-11 21:45:54,469 [ERROR] LogOutputStream:75 - [STDERR_REDIRECT] [Fatal Error] :1:1: Premature end of file.
2025-06-11 21:45:54,469 [ERROR] LogOutputStream:75 - [STDERR_REDIRECT] 
2025-06-11 21:45:55,476 [ERROR] LogOutputStream:75 - [STDERR_REDIRECT] [Fatal Error] :1:1: Premature end of file.
2025-06-11 21:45:55,476 [ERROR] LogOutputStream:75 - [STDERR_REDIRECT] 
2025-06-11 21:45:56,437 [ERROR] LogOutputStream:75 - [STDERR_REDIRECT] [Fatal Error] :1:1: Premature end of file.
2025-06-11 21:45:56,437 [ERROR] LogOutputStream:75 - [STDERR_REDIRECT] 
2025-06-11 21:45:57,472 [ERROR] LogOutputStream:75 - [STDERR_REDIRECT] [Fatal Error] :1:1: Premature end of file.
2025-06-11 21:45:57,472 [ERROR] LogOutputStream:75 - [STDERR_REDIRECT] 
2025-06-11 21:45:58,452 [ERROR] LogOutputStream:75 - [STDERR_REDIRECT] [Fatal Error] :1:1: Premature end of file.
2025-06-11 21:45:58,453 [ERROR] LogOutputStream:75 - [STDERR_REDIRECT] 
2025-06-11 21:45:59,465 [ERROR] LogOutputStream:75 - [STDERR_REDIRECT] [Fatal Error] :1:1: Premature end of file.
2025-06-11 21:45:59,466 [ERROR] LogOutputStream:75 - [STDERR_REDIRECT] 
2025-06-11 21:46:00,413 [ERROR] LogOutputStream:75 - [STDERR_REDIRECT] [Fatal Error] :1:1: Premature end of file.
2025-06-11 21:46:00,413 [ERROR] LogOutputStream:75 - [STDERR_REDIRECT] 
2025-06-11 21:46:01,371 [ERROR] LogOutputStream:75 - [STDERR_REDIRECT] [Fatal Error] :1:1: Premature end of file.
2025-06-11 21:46:01,372 [ERROR] LogOutputStream:75 - [STDERR_REDIRECT] 
2025-06-11 21:46:02,468 [ERROR] LogOutputStream:75 - [STDERR_REDIRECT] [Fatal Error] :1:1: Premature end of file.
2025-06-11 21:46:02,468 [ERROR] LogOutputStream:75 - [STDERR_REDIRECT] 
2025-06-11 21:46:03,464 [ERROR] LogOutputStream:75 - [STDERR_REDIRECT] [Fatal Error] :1:1: Premature end of file.
2025-06-11 21:46:03,464 [ERROR] LogOutputStream:75 - [STDERR_REDIRECT] 
2025-06-11 21:46:04,458 [ERROR] LogOutputStream:75 - [STDERR_REDIRECT] [Fatal Error] :1:1: Premature end of file.
2025-06-11 21:46:04,458 [ERROR] LogOutputStream:75 - [STDERR_REDIRECT] 
2025-06-11 21:46:05,463 [ERROR] LogOutputStream:75 - [STDERR_REDIRECT] [Fatal Error] :1:1: Premature end of file.
2025-06-11 21:46:05,463 [ERROR] LogOutputStream:75 - [STDERR_REDIRECT] 
2025-06-11 21:46:06,456 [ERROR] LogOutputStream:75 - [STDERR_REDIRECT] [Fatal Error] :1:1: Premature end of file.
2025-06-11 21:46:06,456 [ERROR] LogOutputStream:75 - [STDERR_REDIRECT] 
2025-06-11 21:46:07,375 [ERROR] LogOutputStream:75 - [STDERR_REDIRECT] [Fatal Error] :1:1: Premature end of file.
2025-06-11 21:46:07,375 [ERROR] LogOutputStream:75 - [STDERR_REDIRECT] 
2025-06-11 21:46:08,476 [ERROR] LogOutputStream:75 - [STDERR_REDIRECT] [Fatal Error] :1:1: Premature end of file.
2025-06-11 21:46:08,477 [ERROR] LogOutputStream:75 - [STDERR_REDIRECT] 
2025-06-11 21:46:09,474 [ERROR] LogOutputStream:75 - [STDERR_REDIRECT] [Fatal Error] :1:1: Premature end of file.
2025-06-11 21:46:09,475 [ERROR] LogOutputStream:75 - [STDERR_REDIRECT] 
2025-06-11 21:46:10,409 [ERROR] LogOutputStream:75 - [STDERR_REDIRECT] [Fatal Error] :1:1: Premature end of file.
2025-06-11 21:46:10,409 [ERROR] LogOutputStream:75 - [STDERR_REDIRECT] 
2025-06-11 21:46:11,384 [ERROR] LogOutputStream:75 - [STDERR_REDIRECT] [Fatal Error] :1:1: Premature end of file.
2025-06-11 21:46:11,384 [ERROR] LogOutputStream:75 - [STDERR_REDIRECT] 
2025-06-11 21:46:12,366 [ERROR] LogOutputStream:75 - [STDERR_REDIRECT] [Fatal Error] :1:1: Premature end of file.
2025-06-11 21:46:12,367 [ERROR] LogOutputStream:75 - [STDERR_REDIRECT] 
2025-06-11 21:46:13,371 [ERROR] LogOutputStream:75 - [STDERR_REDIRECT] [Fatal Error] :1:1: Premature end of file.
2025-06-11 21:46:13,371 [ERROR] LogOutputStream:75 - [STDERR_REDIRECT] 
2025-06-11 21:46:14,374 [ERROR] LogOutputStream:75 - [STDERR_REDIRECT] [Fatal Error] :1:1: Premature end of file.
2025-06-11 21:46:14,375 [ERROR] LogOutputStream:75 - [STDERR_REDIRECT] 
2025-06-11 21:46:15,381 [ERROR] LogOutputStream:75 - [STDERR_REDIRECT] [Fatal Error] :1:1: Premature end of file.
2025-06-11 21:46:15,381 [ERROR] LogOutputStream:75 - [STDERR_REDIRECT] 
2025-06-11 21:46:16,413 [ERROR] LogOutputStream:75 - [STDERR_REDIRECT] [Fatal Error] :1:1: Premature end of file.
2025-06-11 21:46:16,413 [ERROR] LogOutputStream:75 - [STDERR_REDIRECT] 
2025-06-11 21:46:17,398 [ERROR] LogOutputStream:75 - [STDERR_REDIRECT] [Fatal Error] :1:1: Premature end of file.
2025-06-11 21:46:17,398 [ERROR] LogOutputStream:75 - [STDERR_REDIRECT] 
2025-06-11 21:46:18,482 [ERROR] LogOutputStream:75 - [STDERR_REDIRECT] [Fatal Error] :1:1: Premature end of file.
2025-06-11 21:46:18,482 [ERROR] LogOutputStream:75 - [STDERR_REDIRECT] 
2025-06-11 21:46:19,406 [ERROR] LogOutputStream:75 - [STDERR_REDIRECT] [Fatal Error] :1:1: Premature end of file.
2025-06-11 21:46:19,406 [ERROR] LogOutputStream:75 - [STDERR_REDIRECT] 
2025-06-11 21:46:20,410 [ERROR] LogOutputStream:75 - [STDERR_REDIRECT] [Fatal Error] :1:1: Premature end of file.
2025-06-11 21:46:20,410 [ERROR] LogOutputStream:75 - [STDERR_REDIRECT] 
2025-06-11 21:46:21,496 [ERROR] LogOutputStream:75 - [STDERR_REDIRECT] [Fatal Error] :1:1: Premature end of file.
2025-06-11 21:46:21,496 [ERROR] LogOutputStream:75 - [STDERR_REDIRECT] 
2025-06-11 21:46:22,498 [ERROR] LogOutputStream:75 - [STDERR_REDIRECT] [Fatal Error] :1:1: Premature end of file.
2025-06-11 21:46:22,498 [ERROR] LogOutputStream:75 - [STDERR_REDIRECT] 
2025-06-11 21:46:23,489 [ERROR] LogOutputStream:75 - [STDERR_REDIRECT] [Fatal Error] :1:1: Premature end of file.
2025-06-11 21:46:23,489 [ERROR] LogOutputStream:75 - [STDERR_REDIRECT] 
2025-06-11 21:46:24,498 [ERROR] LogOutputStream:75 - [STDERR_REDIRECT] [Fatal Error] :1:1: Premature end of file.
2025-06-11 21:46:24,499 [ERROR] LogOutputStream:75 - [STDERR_REDIRECT] 
2025-06-11 21:46:25,469 [ERROR] LogOutputStream:75 - [STDERR_REDIRECT] [Fatal Error] :1:1: Premature end of file.
2025-06-11 21:46:25,470 [ERROR] LogOutputStream:75 - [STDERR_REDIRECT] 
2025-06-11 21:46:26,479 [ERROR] LogOutputStream:75 - [STDERR_REDIRECT] [Fatal Error] :1:1: Premature end of file.
2025-06-11 21:46:26,480 [ERROR] LogOutputStream:75 - [STDERR_REDIRECT] 
2025-06-11 21:46:27,460 [ERROR] LogOutputStream:75 - [STDERR_REDIRECT] [Fatal Error] :1:1: Premature end of file.
2025-06-11 21:46:27,460 [ERROR] LogOutputStream:75 - [STDERR_REDIRECT] 
2025-06-11 21:46:28,467 [ERROR] LogOutputStream:75 - [STDERR_REDIRECT] [Fatal Error] :1:1: Premature end of file.
2025-06-11 21:46:28,467 [ERROR] LogOutputStream:75 - [STDERR_REDIRECT] 
2025-06-11 21:46:29,475 [ERROR] LogOutputStream:75 - [STDERR_REDIRECT] [Fatal Error] :1:1: Premature end of file.
2025-06-11 21:46:29,475 [ERROR] LogOutputStream:75 - [STDERR_REDIRECT] 
2025-06-11 21:46:30,461 [ERROR] LogOutputStream:75 - [STDERR_REDIRECT] [Fatal Error] :1:1: Premature end of file.
2025-06-11 21:46:30,462 [ERROR] LogOutputStream:75 - [STDERR_REDIRECT] 
2025-06-11 21:46:31,471 [ERROR] LogOutputStream:75 - [STDERR_REDIRECT] [Fatal Error] :1:1: Premature end of file.
2025-06-11 21:46:31,472 [ERROR] LogOutputStream:75 - [STDERR_REDIRECT] 
2025-06-11 21:46:32,483 [ERROR] LogOutputStream:75 - [STDERR_REDIRECT] [Fatal Error] :1:1: Premature end of file.
2025-06-11 21:46:32,483 [ERROR] LogOutputStream:75 - [STDERR_REDIRECT] 
2025-06-11 21:46:33,467 [ERROR] LogOutputStream:75 - [STDERR_REDIRECT] [Fatal Error] :1:1: Premature end of file.
2025-06-11 21:46:33,468 [ERROR] LogOutputStream:75 - [STDERR_REDIRECT] 
2025-06-11 21:46:34,467 [ERROR] LogOutputStream:75 - [STDERR_REDIRECT] [Fatal Error] :1:1: Premature end of file.
2025-06-11 21:46:34,467 [ERROR] LogOutputStream:75 - [STDERR_REDIRECT] 
2025-06-11 21:46:35,397 [ERROR] LogOutputStream:75 - [STDERR_REDIRECT] [Fatal Error] :1:1: Premature end of file.
2025-06-11 21:46:35,397 [ERROR] LogOutputStream:75 - [STDERR_REDIRECT] 
2025-06-11 21:46:36,472 [ERROR] LogOutputStream:75 - [STDERR_REDIRECT] [Fatal Error] :1:1: Premature end of file.
2025-06-11 21:46:36,472 [ERROR] LogOutputStream:75 - [STDERR_REDIRECT] 
2025-06-11 21:46:37,454 [ERROR] LogOutputStream:75 - [STDERR_REDIRECT] [Fatal Error] :1:1: Premature end of file.
2025-06-11 21:46:37,455 [ERROR] LogOutputStream:75 - [STDERR_REDIRECT] 
2025-06-11 21:46:38,458 [ERROR] LogOutputStream:75 - [STDERR_REDIRECT] [Fatal Error] :1:1: Premature end of file.
2025-06-11 21:46:38,458 [ERROR] LogOutputStream:75 - [STDERR_REDIRECT] 
2025-06-11 21:46:39,382 [ERROR] LogOutputStream:75 - [STDERR_REDIRECT] [Fatal Error] :1:1: Premature end of file.
2025-06-11 21:46:39,382 [ERROR] LogOutputStream:75 - [STDERR_REDIRECT] 
2025-06-11 21:46:40,468 [ERROR] LogOutputStream:75 - [STDERR_REDIRECT] [Fatal Error] :1:1: Premature end of file.
2025-06-11 21:46:40,468 [ERROR] LogOutputStream:75 - [STDERR_REDIRECT] 
2025-06-11 21:46:41,372 [ERROR] LogOutputStream:75 - [STDERR_REDIRECT] [Fatal Error] :1:1: Premature end of file.
2025-06-11 21:46:41,372 [ERROR] LogOutputStream:75 - [STDERR_REDIRECT] 
2025-06-11 21:46:42,375 [ERROR] LogOutputStream:75 - [STDERR_REDIRECT] [Fatal Error] :1:1: Premature end of file.
2025-06-11 21:46:42,375 [ERROR] LogOutputStream:75 - [STDERR_REDIRECT] 
2025-06-11 21:46:43,365 [ERROR] LogOutputStream:75 - [STDERR_REDIRECT] [Fatal Error] :1:1: Premature end of file.
2025-06-11 21:46:43,366 [ERROR] LogOutputStream:75 - [STDERR_REDIRECT] 
2025-06-11 21:46:44,373 [ERROR] LogOutputStream:75 - [STDERR_REDIRECT] [Fatal Error] :1:1: Premature end of file.
2025-06-11 21:46:44,373 [ERROR] LogOutputStream:75 - [STDERR_REDIRECT] 
2025-06-11 21:46:45,474 [ERROR] LogOutputStream:75 - [STDERR_REDIRECT] [Fatal Error] :1:1: Premature end of file.
2025-06-11 21:46:45,475 [ERROR] LogOutputStream:75 - [STDERR_REDIRECT] 
2025-06-11 21:46:46,432 [ERROR] LogOutputStream:75 - [STDERR_REDIRECT] [Fatal Error] :1:1: Premature end of file.
2025-06-11 21:46:46,432 [ERROR] LogOutputStream:75 - [STDERR_REDIRECT] 
2025-06-11 21:46:47,478 [ERROR] LogOutputStream:75 - [STDERR_REDIRECT] [Fatal Error] :1:1: Premature end of file.
2025-06-11 21:46:47,479 [ERROR] LogOutputStream:75 - [STDERR_REDIRECT] 
2025-06-11 21:46:48,465 [ERROR] LogOutputStream:75 - [STDERR_REDIRECT] [Fatal Error] :1:1: Premature end of file.
2025-06-11 21:46:48,465 [ERROR] LogOutputStream:75 - [STDERR_REDIRECT] 
2025-06-11 21:46:49,468 [ERROR] LogOutputStream:75 - [STDERR_REDIRECT] [Fatal Error] :1:1: Premature end of file.
2025-06-11 21:46:49,468 [ERROR] LogOutputStream:75 - [STDERR_REDIRECT] 
2025-06-11 21:46:50,460 [ERROR] LogOutputStream:75 - [STDERR_REDIRECT] [Fatal Error] :1:1: Premature end of file.
2025-06-11 21:46:50,460 [ERROR] LogOutputStream:75 - [STDERR_REDIRECT] 
2025-06-11 21:46:51,415 [ERROR] LogOutputStream:75 - [STDERR_REDIRECT] [Fatal Error] :1:1: Premature end of file.
2025-06-11 21:46:51,415 [ERROR] LogOutputStream:75 - [STDERR_REDIRECT] 
2025-06-11 21:46:52,461 [ERROR] LogOutputStream:75 - [STDERR_REDIRECT] [Fatal Error] :1:1: Premature end of file.
2025-06-11 21:46:52,462 [ERROR] LogOutputStream:75 - [STDERR_REDIRECT] 
2025-06-11 21:46:53,487 [ERROR] LogOutputStream:75 - [STDERR_REDIRECT] [Fatal Error] :1:1: Premature end of file.
2025-06-11 21:46:53,488 [ERROR] LogOutputStream:75 - [STDERR_REDIRECT] 
2025-06-11 21:46:54,466 [ERROR] LogOutputStream:75 - [STDERR_REDIRECT] [Fatal Error] :1:1: Premature end of file.
2025-06-11 21:46:54,466 [ERROR] LogOutputStream:75 - [STDERR_REDIRECT] 
2025-06-11 21:46:55,470 [ERROR] LogOutputStream:75 - [STDERR_REDIRECT] [Fatal Error] :1:1: Premature end of file.
2025-06-11 21:46:55,470 [ERROR] LogOutputStream:75 - [STDERR_REDIRECT] 
2025-06-11 21:46:56,478 [ERROR] LogOutputStream:75 - [STDERR_REDIRECT] [Fatal Error] :1:1: Premature end of file.
2025-06-11 21:46:56,479 [ERROR] LogOutputStream:75 - [STDERR_REDIRECT] 
2025-06-11 21:46:57,468 [ERROR] LogOutputStream:75 - [STDERR_REDIRECT] [Fatal Error] :1:1: Premature end of file.
2025-06-11 21:46:57,468 [ERROR] LogOutputStream:75 - [STDERR_REDIRECT] 
2025-06-11 21:46:58,464 [ERROR] LogOutputStream:75 - [STDERR_REDIRECT] [Fatal Error] :1:1: Premature end of file.
2025-06-11 21:46:58,465 [ERROR] LogOutputStream:75 - [STDERR_REDIRECT] 
2025-06-11 21:46:59,478 [ERROR] LogOutputStream:75 - [STDERR_REDIRECT] [Fatal Error] :1:1: Premature end of file.
2025-06-11 21:46:59,478 [ERROR] LogOutputStream:75 - [STDERR_REDIRECT] 
2025-06-11 21:47:00,471 [ERROR] LogOutputStream:75 - [STDERR_REDIRECT] [Fatal Error] :1:1: Premature end of file.
2025-06-11 21:47:00,472 [ERROR] LogOutputStream:75 - [STDERR_REDIRECT] 
2025-06-11 21:47:01,462 [ERROR] LogOutputStream:75 - [STDERR_REDIRECT] [Fatal Error] :1:1: Premature end of file.
2025-06-11 21:47:01,462 [ERROR] LogOutputStream:75 - [STDERR_REDIRECT] 
2025-06-11 21:47:02,468 [ERROR] LogOutputStream:75 - [STDERR_REDIRECT] [Fatal Error] :1:1: Premature end of file.
2025-06-11 21:47:02,468 [ERROR] LogOutputStream:75 - [STDERR_REDIRECT] 
2025-06-11 21:47:03,458 [ERROR] LogOutputStream:75 - [STDERR_REDIRECT] [Fatal Error] :1:1: Premature end of file.
2025-06-11 21:47:03,459 [ERROR] LogOutputStream:75 - [STDERR_REDIRECT] 
2025-06-11 21:47:04,466 [ERROR] LogOutputStream:75 - [STDERR_REDIRECT] [Fatal Error] :1:1: Premature end of file.
2025-06-11 21:47:04,466 [ERROR] LogOutputStream:75 - [STDERR_REDIRECT] 
2025-06-11 21:47:05,466 [ERROR] LogOutputStream:75 - [STDERR_REDIRECT] [Fatal Error] :1:1: Premature end of file.
2025-06-11 21:47:05,466 [ERROR] LogOutputStream:75 - [STDERR_REDIRECT] 
2025-06-11 21:47:06,459 [ERROR] LogOutputStream:75 - [STDERR_REDIRECT] [Fatal Error] :1:1: Premature end of file.
2025-06-11 21:47:06,460 [ERROR] LogOutputStream:75 - [STDERR_REDIRECT] 
2025-06-11 21:47:07,482 [ERROR] LogOutputStream:75 - [STDERR_REDIRECT] [Fatal Error] :1:1: Premature end of file.
2025-06-11 21:47:07,483 [ERROR] LogOutputStream:75 - [STDERR_REDIRECT] 
2025-06-11 21:47:08,376 [ERROR] LogOutputStream:75 - [STDERR_REDIRECT] [Fatal Error] :1:1: Premature end of file.
2025-06-11 21:47:08,376 [ERROR] LogOutputStream:75 - [STDERR_REDIRECT] 
2025-06-11 21:47:09,470 [ERROR] LogOutputStream:75 - [STDERR_REDIRECT] [Fatal Error] :1:1: Premature end of file.
2025-06-11 21:47:09,470 [ERROR] LogOutputStream:75 - [STDERR_REDIRECT] 
2025-06-11 21:47:10,379 [ERROR] LogOutputStream:75 - [STDERR_REDIRECT] [Fatal Error] :1:1: Premature end of file.
2025-06-11 21:47:10,380 [ERROR] LogOutputStream:75 - [STDERR_REDIRECT] 
2025-06-11 21:47:11,460 [ERROR] LogOutputStream:75 - [STDERR_REDIRECT] [Fatal Error] :1:1: Premature end of file.
2025-06-11 21:47:11,461 [ERROR] LogOutputStream:75 - [STDERR_REDIRECT] 
2025-06-11 21:47:12,377 [ERROR] LogOutputStream:75 - [STDERR_REDIRECT] [Fatal Error] :1:1: Premature end of file.
2025-06-11 21:47:12,377 [ERROR] LogOutputStream:75 - [STDERR_REDIRECT] 
2025-06-11 21:47:13,461 [ERROR] LogOutputStream:75 - [STDERR_REDIRECT] [Fatal Error] :1:1: Premature end of file.
2025-06-11 21:47:13,462 [ERROR] LogOutputStream:75 - [STDERR_REDIRECT] 
2025-06-11 21:47:14,469 [ERROR] LogOutputStream:75 - [STDERR_REDIRECT] [Fatal Error] :1:1: Premature end of file.
2025-06-11 21:47:14,469 [ERROR] LogOutputStream:75 - [STDERR_REDIRECT] 
2025-06-11 21:47:15,462 [ERROR] LogOutputStream:75 - [STDERR_REDIRECT] [Fatal Error] :1:1: Premature end of file.
2025-06-11 21:47:15,462 [ERROR] LogOutputStream:75 - [STDERR_REDIRECT] 
2025-06-11 21:47:16,458 [ERROR] LogOutputStream:75 - [STDERR_REDIRECT] [Fatal Error] :1:1: Premature end of file.
2025-06-11 21:47:16,459 [ERROR] LogOutputStream:75 - [STDERR_REDIRECT] 
2025-06-11 21:47:17,460 [ERROR] LogOutputStream:75 - [STDERR_REDIRECT] [Fatal Error] :1:1: Premature end of file.
2025-06-11 21:47:17,460 [ERROR] LogOutputStream:75 - [STDERR_REDIRECT] 
2025-06-11 21:47:18,482 [ERROR] LogOutputStream:75 - [STDERR_REDIRECT] [Fatal Error] :1:1: Premature end of file.
2025-06-11 21:47:18,483 [ERROR] LogOutputStream:75 - [STDERR_REDIRECT] 
2025-06-11 21:47:19,460 [ERROR] LogOutputStream:75 - [STDERR_REDIRECT] [Fatal Error] :1:1: Premature end of file.
2025-06-11 21:47:19,460 [ERROR] LogOutputStream:75 - [STDERR_REDIRECT] 
2025-06-11 21:47:20,481 [ERROR] LogOutputStream:75 - [STDERR_REDIRECT] [Fatal Error] :1:1: Premature end of file.
2025-06-11 21:47:20,481 [ERROR] LogOutputStream:75 - [STDERR_REDIRECT] 
2025-06-11 21:47:21,380 [ERROR] LogOutputStream:75 - [STDERR_REDIRECT] [Fatal Error] :1:1: Premature end of file.
2025-06-11 21:47:21,381 [ERROR] LogOutputStream:75 - [STDERR_REDIRECT] 
2025-06-11 21:47:22,458 [ERROR] LogOutputStream:75 - [STDERR_REDIRECT] [Fatal Error] :1:1: Premature end of file.
2025-06-11 21:47:22,459 [ERROR] LogOutputStream:75 - [STDERR_REDIRECT] 
2025-06-11 21:47:23,434 [ERROR] LogOutputStream:75 - [STDERR_REDIRECT] [Fatal Error] :1:1: Premature end of file.
2025-06-11 21:47:23,434 [ERROR] LogOutputStream:75 - [STDERR_REDIRECT] 
2025-06-11 21:47:24,459 [ERROR] LogOutputStream:75 - [STDERR_REDIRECT] [Fatal Error] :1:1: Premature end of file.
2025-06-11 21:47:24,460 [ERROR] LogOutputStream:75 - [STDERR_REDIRECT] 
2025-06-11 21:47:25,376 [ERROR] LogOutputStream:75 - [STDERR_REDIRECT] [Fatal Error] :1:1: Premature end of file.
2025-06-11 21:47:25,376 [ERROR] LogOutputStream:75 - [STDERR_REDIRECT] 
2025-06-11 21:47:26,378 [ERROR] LogOutputStream:75 - [STDERR_REDIRECT] [Fatal Error] :1:1: Premature end of file.
2025-06-11 21:47:26,378 [ERROR] LogOutputStream:75 - [STDERR_REDIRECT] 
2025-06-11 21:47:27,465 [ERROR] LogOutputStream:75 - [STDERR_REDIRECT] [Fatal Error] :1:1: Premature end of file.
2025-06-11 21:47:27,466 [ERROR] LogOutputStream:75 - [STDERR_REDIRECT] 
2025-06-11 21:47:28,478 [ERROR] LogOutputStream:75 - [STDERR_REDIRECT] [Fatal Error] :1:1: Premature end of file.
2025-06-11 21:47:28,478 [ERROR] LogOutputStream:75 - [STDERR_REDIRECT] 
2025-06-11 21:47:29,470 [ERROR] LogOutputStream:75 - [STDERR_REDIRECT] [Fatal Error] :1:1: Premature end of file.
2025-06-11 21:47:29,470 [ERROR] LogOutputStream:75 - [STDERR_REDIRECT] 
2025-06-11 21:47:30,478 [ERROR] LogOutputStream:75 - [STDERR_REDIRECT] [Fatal Error] :1:1: Premature end of file.
2025-06-11 21:47:30,478 [ERROR] LogOutputStream:75 - [STDERR_REDIRECT] 
2025-06-11 21:47:31,472 [ERROR] LogOutputStream:75 - [STDERR_REDIRECT] [Fatal Error] :1:1: Premature end of file.
2025-06-11 21:47:31,472 [ERROR] LogOutputStream:75 - [STDERR_REDIRECT] 
2025-06-11 21:47:32,458 [ERROR] LogOutputStream:75 - [STDERR_REDIRECT] [Fatal Error] :1:1: Premature end of file.
2025-06-11 21:47:32,459 [ERROR] LogOutputStream:75 - [STDERR_REDIRECT] 
2025-06-11 21:47:33,468 [ERROR] LogOutputStream:75 - [STDERR_REDIRECT] [Fatal Error] :1:1: Premature end of file.
2025-06-11 21:47:33,469 [ERROR] LogOutputStream:75 - [STDERR_REDIRECT] 
2025-06-11 21:47:34,372 [ERROR] LogOutputStream:75 - [STDERR_REDIRECT] [Fatal Error] :1:1: Premature end of file.
2025-06-11 21:47:34,372 [ERROR] LogOutputStream:75 - [STDERR_REDIRECT] 
2025-06-11 21:47:35,510 [ERROR] LogOutputStream:75 - [STDERR_REDIRECT] [Fatal Error] :1:1: Premature end of file.
2025-06-11 21:47:35,511 [ERROR] LogOutputStream:75 - [STDERR_REDIRECT] 
2025-06-11 21:47:36,370 [ERROR] LogOutputStream:75 - [STDERR_REDIRECT] [Fatal Error] :1:1: Premature end of file.
2025-06-11 21:47:36,370 [ERROR] LogOutputStream:75 - [STDERR_REDIRECT] 
2025-06-11 21:47:37,384 [ERROR] LogOutputStream:75 - [STDERR_REDIRECT] [Fatal Error] :1:1: Premature end of file.
2025-06-11 21:47:37,384 [ERROR] LogOutputStream:75 - [STDERR_REDIRECT] 
2025-06-11 21:47:38,462 [ERROR] LogOutputStream:75 - [STDERR_REDIRECT] [Fatal Error] :1:1: Premature end of file.
2025-06-11 21:47:38,463 [ERROR] LogOutputStream:75 - [STDERR_REDIRECT] 
2025-06-11 21:47:39,392 [ERROR] LogOutputStream:75 - [STDERR_REDIRECT] [Fatal Error] :1:1: Premature end of file.
2025-06-11 21:47:39,392 [ERROR] LogOutputStream:75 - [STDERR_REDIRECT] 
2025-06-11 21:47:40,488 [ERROR] LogOutputStream:75 - [STDERR_REDIRECT] [Fatal Error] :1:1: Premature end of file.
2025-06-11 21:47:40,489 [ERROR] LogOutputStream:75 - [STDERR_REDIRECT] 
2025-06-11 21:47:41,370 [ERROR] LogOutputStream:75 - [STDERR_REDIRECT] [Fatal Error] :1:1: Premature end of file.
2025-06-11 21:47:41,370 [ERROR] LogOutputStream:75 - [STDERR_REDIRECT] 
2025-06-11 21:47:42,374 [ERROR] LogOutputStream:75 - [STDERR_REDIRECT] [Fatal Error] :1:1: Premature end of file.
2025-06-11 21:47:42,374 [ERROR] LogOutputStream:75 - [STDERR_REDIRECT] 
2025-06-11 21:47:43,372 [ERROR] LogOutputStream:75 - [STDERR_REDIRECT] [Fatal Error] :1:1: Premature end of file.
2025-06-11 21:47:43,372 [ERROR] LogOutputStream:75 - [STDERR_REDIRECT] 
2025-06-11 21:47:44,468 [ERROR] LogOutputStream:75 - [STDERR_REDIRECT] [Fatal Error] :1:1: Premature end of file.
2025-06-11 21:47:44,469 [ERROR] LogOutputStream:75 - [STDERR_REDIRECT] 
2025-06-11 21:47:45,382 [ERROR] LogOutputStream:75 - [STDERR_REDIRECT] [Fatal Error] :1:1: Premature end of file.
2025-06-11 21:47:45,382 [ERROR] LogOutputStream:75 - [STDERR_REDIRECT] 
2025-06-11 21:47:46,376 [ERROR] LogOutputStream:75 - [STDERR_REDIRECT] [Fatal Error] :1:1: Premature end of file.
2025-06-11 21:47:46,376 [ERROR] LogOutputStream:75 - [STDERR_REDIRECT] 
2025-06-11 21:47:47,368 [ERROR] LogOutputStream:75 - [STDERR_REDIRECT] [Fatal Error] :1:1: Premature end of file.
2025-06-11 21:47:47,368 [ERROR] LogOutputStream:75 - [STDERR_REDIRECT] 
2025-06-11 21:47:48,418 [ERROR] LogOutputStream:75 - [STDERR_REDIRECT] [Fatal Error] :1:1: Premature end of file.
2025-06-11 21:47:48,418 [ERROR] LogOutputStream:75 - [STDERR_REDIRECT] 
2025-06-11 21:47:49,382 [ERROR] LogOutputStream:75 - [STDERR_REDIRECT] [Fatal Error] :1:1: Premature end of file.
2025-06-11 21:47:49,382 [ERROR] LogOutputStream:75 - [STDERR_REDIRECT] 
2025-06-11 21:47:50,411 [ERROR] LogOutputStream:75 - [STDERR_REDIRECT] [Fatal Error] :1:1: Premature end of file.
2025-06-11 21:47:50,411 [ERROR] LogOutputStream:75 - [STDERR_REDIRECT] 
2025-06-11 21:47:51,383 [ERROR] LogOutputStream:75 - [STDERR_REDIRECT] [Fatal Error] :1:1: Premature end of file.
2025-06-11 21:47:51,383 [ERROR] LogOutputStream:75 - [STDERR_REDIRECT] 
2025-06-11 21:47:52,387 [ERROR] LogOutputStream:75 - [STDERR_REDIRECT] [Fatal Error] :1:1: Premature end of file.
2025-06-11 21:47:52,388 [ERROR] LogOutputStream:75 - [STDERR_REDIRECT] 
2025-06-11 21:47:53,478 [ERROR] LogOutputStream:75 - [STDERR_REDIRECT] [Fatal Error] :1:1: Premature end of file.
2025-06-11 21:47:53,478 [ERROR] LogOutputStream:75 - [STDERR_REDIRECT] 
2025-06-11 21:47:54,379 [ERROR] LogOutputStream:75 - [STDERR_REDIRECT] [Fatal Error] :1:1: Premature end of file.
2025-06-11 21:47:54,379 [ERROR] LogOutputStream:75 - [STDERR_REDIRECT] 
2025-06-11 21:47:55,371 [ERROR] LogOutputStream:75 - [STDERR_REDIRECT] [Fatal Error] :1:1: Premature end of file.
2025-06-11 21:47:55,371 [ERROR] LogOutputStream:75 - [STDERR_REDIRECT] 
2025-06-11 21:47:56,372 [ERROR] LogOutputStream:75 - [STDERR_REDIRECT] [Fatal Error] :1:1: Premature end of file.
2025-06-11 21:47:56,372 [ERROR] LogOutputStream:75 - [STDERR_REDIRECT] 
2025-06-11 21:47:57,425 [ERROR] LogOutputStream:75 - [STDERR_REDIRECT] [Fatal Error] :1:1: Premature end of file.
2025-06-11 21:47:57,425 [ERROR] LogOutputStream:75 - [STDERR_REDIRECT] 
2025-06-11 21:47:58,372 [ERROR] LogOutputStream:75 - [STDERR_REDIRECT] [Fatal Error] :1:1: Premature end of file.
2025-06-11 21:47:58,372 [ERROR] LogOutputStream:75 - [STDERR_REDIRECT] 
2025-06-11 21:47:59,371 [ERROR] LogOutputStream:75 - [STDERR_REDIRECT] [Fatal Error] :1:1: Premature end of file.
2025-06-11 21:47:59,371 [ERROR] LogOutputStream:75 - [STDERR_REDIRECT] 
2025-06-11 21:48:00,370 [ERROR] LogOutputStream:75 - [STDERR_REDIRECT] [Fatal Error] :1:1: Premature end of file.
2025-06-11 21:48:00,370 [ERROR] LogOutputStream:75 - [STDERR_REDIRECT] 
2025-06-11 21:48:01,375 [ERROR] LogOutputStream:75 - [STDERR_REDIRECT] [Fatal Error] :1:1: Premature end of file.
2025-06-11 21:48:01,375 [ERROR] LogOutputStream:75 - [STDERR_REDIRECT] 
2025-06-11 21:48:02,398 [ERROR] LogOutputStream:75 - [STDERR_REDIRECT] [Fatal Error] :1:1: Premature end of file.
2025-06-11 21:48:02,398 [ERROR] LogOutputStream:75 - [STDERR_REDIRECT] 
2025-06-11 21:48:03,380 [ERROR] LogOutputStream:75 - [STDERR_REDIRECT] [Fatal Error] :1:1: Premature end of file.
2025-06-11 21:48:03,380 [ERROR] LogOutputStream:75 - [STDERR_REDIRECT] 
2025-06-11 21:48:04,486 [ERROR] LogOutputStream:75 - [STDERR_REDIRECT] [Fatal Error] :1:1: Premature end of file.
2025-06-11 21:48:04,486 [ERROR] LogOutputStream:75 - [STDERR_REDIRECT] 
2025-06-11 21:48:05,373 [ERROR] LogOutputStream:75 - [STDERR_REDIRECT] [Fatal Error] :1:1: Premature end of file.
2025-06-11 21:48:05,373 [ERROR] LogOutputStream:75 - [STDERR_REDIRECT] 
2025-06-11 21:48:06,375 [ERROR] LogOutputStream:75 - [STDERR_REDIRECT] [Fatal Error] :1:1: Premature end of file.
2025-06-11 21:48:06,375 [ERROR] LogOutputStream:75 - [STDERR_REDIRECT] 
2025-06-11 21:48:07,393 [ERROR] LogOutputStream:75 - [STDERR_REDIRECT] [Fatal Error] :1:1: Premature end of file.
2025-06-11 21:48:07,393 [ERROR] LogOutputStream:75 - [STDERR_REDIRECT] 
2025-06-11 21:48:08,455 [ERROR] LogOutputStream:75 - [STDERR_REDIRECT] [Fatal Error] :1:1: Premature end of file.
2025-06-11 21:48:08,455 [ERROR] LogOutputStream:75 - [STDERR_REDIRECT] 
2025-06-11 21:48:09,379 [ERROR] LogOutputStream:75 - [STDERR_REDIRECT] [Fatal Error] :1:1: Premature end of file.
2025-06-11 21:48:09,379 [ERROR] LogOutputStream:75 - [STDERR_REDIRECT] 
2025-06-11 21:48:10,385 [ERROR] LogOutputStream:75 - [STDERR_REDIRECT] [Fatal Error] :1:1: Premature end of file.
2025-06-11 21:48:10,385 [ERROR] LogOutputStream:75 - [STDERR_REDIRECT] 
2025-06-11 21:48:11,374 [ERROR] LogOutputStream:75 - [STDERR_REDIRECT] [Fatal Error] :1:1: Premature end of file.
2025-06-11 21:48:11,374 [ERROR] LogOutputStream:75 - [STDERR_REDIRECT] 
2025-06-11 21:48:12,372 [ERROR] LogOutputStream:75 - [STDERR_REDIRECT] [Fatal Error] :1:1: Premature end of file.
2025-06-11 21:48:12,372 [ERROR] LogOutputStream:75 - [STDERR_REDIRECT] 
2025-06-11 21:48:13,373 [ERROR] LogOutputStream:75 - [STDERR_REDIRECT] [Fatal Error] :1:1: Premature end of file.
2025-06-11 21:48:13,374 [ERROR] LogOutputStream:75 - [STDERR_REDIRECT] 
2025-06-11 21:48:14,407 [ERROR] LogOutputStream:75 - [STDERR_REDIRECT] [Fatal Error] :1:1: Premature end of file.
2025-06-11 21:48:14,407 [ERROR] LogOutputStream:75 - [STDERR_REDIRECT] 
2025-06-11 21:48:15,389 [ERROR] LogOutputStream:75 - [STDERR_REDIRECT] [Fatal Error] :1:1: Premature end of file.
2025-06-11 21:48:15,389 [ERROR] LogOutputStream:75 - [STDERR_REDIRECT] 
2025-06-11 21:48:16,461 [ERROR] LogOutputStream:75 - [STDERR_REDIRECT] [Fatal Error] :1:1: Premature end of file.
2025-06-11 21:48:16,461 [ERROR] LogOutputStream:75 - [STDERR_REDIRECT] 
2025-06-11 21:48:17,397 [ERROR] LogOutputStream:75 - [STDERR_REDIRECT] [Fatal Error] :1:1: Premature end of file.
2025-06-11 21:48:17,398 [ERROR] LogOutputStream:75 - [STDERR_REDIRECT] 
2025-06-11 21:48:18,486 [ERROR] LogOutputStream:75 - [STDERR_REDIRECT] [Fatal Error] :1:1: Premature end of file.
2025-06-11 21:48:18,486 [ERROR] LogOutputStream:75 - [STDERR_REDIRECT] 
2025-06-11 21:48:19,461 [ERROR] LogOutputStream:75 - [STDERR_REDIRECT] [Fatal Error] :1:1: Premature end of file.
2025-06-11 21:48:19,461 [ERROR] LogOutputStream:75 - [STDERR_REDIRECT] 
2025-06-11 21:48:20,460 [ERROR] LogOutputStream:75 - [STDERR_REDIRECT] [Fatal Error] :1:1: Premature end of file.
2025-06-11 21:48:20,460 [ERROR] LogOutputStream:75 - [STDERR_REDIRECT] 
2025-06-11 21:48:21,369 [ERROR] LogOutputStream:75 - [STDERR_REDIRECT] [Fatal Error] :1:1: Premature end of file.
2025-06-11 21:48:21,369 [ERROR] LogOutputStream:75 - [STDERR_REDIRECT] 
2025-06-11 21:48:22,400 [ERROR] LogOutputStream:75 - [STDERR_REDIRECT] [Fatal Error] :1:1: Premature end of file.
2025-06-11 21:48:22,401 [ERROR] LogOutputStream:75 - [STDERR_REDIRECT] 
2025-06-11 21:48:23,370 [ERROR] LogOutputStream:75 - [STDERR_REDIRECT] [Fatal Error] :1:1: Premature end of file.
2025-06-11 21:48:23,371 [ERROR] LogOutputStream:75 - [STDERR_REDIRECT] 
2025-06-11 21:48:24,537 [ERROR] LogOutputStream:75 - [STDERR_REDIRECT] [Fatal Error] :1:1: Premature end of file.
2025-06-11 21:48:24,537 [ERROR] LogOutputStream:75 - [STDERR_REDIRECT] 
2025-06-11 21:48:25,369 [ERROR] LogOutputStream:75 - [STDERR_REDIRECT] [Fatal Error] :1:1: Premature end of file.
2025-06-11 21:48:25,369 [ERROR] LogOutputStream:75 - [STDERR_REDIRECT] 
2025-06-11 21:48:26,489 [ERROR] LogOutputStream:75 - [STDERR_REDIRECT] [Fatal Error] :1:1: Premature end of file.
2025-06-11 21:48:26,489 [ERROR] LogOutputStream:75 - [STDERR_REDIRECT] 
2025-06-11 21:48:27,366 [ERROR] LogOutputStream:75 - [STDERR_REDIRECT] [Fatal Error] :1:1: Premature end of file.
2025-06-11 21:48:27,366 [ERROR] LogOutputStream:75 - [STDERR_REDIRECT] 
2025-06-11 21:48:28,417 [ERROR] LogOutputStream:75 - [STDERR_REDIRECT] [Fatal Error] :1:1: Premature end of file.
2025-06-11 21:48:28,417 [ERROR] LogOutputStream:75 - [STDERR_REDIRECT] 
2025-06-11 21:48:29,379 [ERROR] LogOutputStream:75 - [STDERR_REDIRECT] [Fatal Error] :1:1: Premature end of file.
2025-06-11 21:48:29,379 [ERROR] LogOutputStream:75 - [STDERR_REDIRECT] 
2025-06-11 21:48:30,462 [ERROR] LogOutputStream:75 - [STDERR_REDIRECT] [Fatal Error] :1:1: Premature end of file.
2025-06-11 21:48:30,463 [ERROR] LogOutputStream:75 - [STDERR_REDIRECT] 
2025-06-11 21:48:31,460 [ERROR] LogOutputStream:75 - [STDERR_REDIRECT] [Fatal Error] :1:1: Premature end of file.
2025-06-11 21:48:31,460 [ERROR] LogOutputStream:75 - [STDERR_REDIRECT] 
2025-06-11 21:48:32,458 [ERROR] LogOutputStream:75 - [STDERR_REDIRECT] [Fatal Error] :1:1: Premature end of file.
2025-06-11 21:48:32,458 [ERROR] LogOutputStream:75 - [STDERR_REDIRECT] 
2025-06-11 21:48:33,471 [ERROR] LogOutputStream:75 - [STDERR_REDIRECT] [Fatal Error] :1:1: Premature end of file.
2025-06-11 21:48:33,471 [ERROR] LogOutputStream:75 - [STDERR_REDIRECT] 
2025-06-11 21:48:34,477 [ERROR] LogOutputStream:75 - [STDERR_REDIRECT] [Fatal Error] :1:1: Premature end of file.
2025-06-11 21:48:34,477 [ERROR] LogOutputStream:75 - [STDERR_REDIRECT] 
2025-06-11 21:48:35,384 [ERROR] LogOutputStream:75 - [STDERR_REDIRECT] [Fatal Error] :1:1: Premature end of file.
2025-06-11 21:48:35,384 [ERROR] LogOutputStream:75 - [STDERR_REDIRECT] 
2025-06-11 21:48:36,446 [ERROR] LogOutputStream:75 - [STDERR_REDIRECT] [Fatal Error] :1:1: Premature end of file.
2025-06-11 21:48:36,446 [ERROR] LogOutputStream:75 - [STDERR_REDIRECT] 
2025-06-11 21:48:37,379 [ERROR] LogOutputStream:75 - [STDERR_REDIRECT] [Fatal Error] :1:1: Premature end of file.
2025-06-11 21:48:37,379 [ERROR] LogOutputStream:75 - [STDERR_REDIRECT] 
2025-06-11 21:48:38,461 [ERROR] LogOutputStream:75 - [STDERR_REDIRECT] [Fatal Error] :1:1: Premature end of file.
2025-06-11 21:48:38,461 [ERROR] LogOutputStream:75 - [STDERR_REDIRECT] 
2025-06-11 21:48:39,432 [ERROR] LogOutputStream:75 - [STDERR_REDIRECT] [Fatal Error] :1:1: Premature end of file.
2025-06-11 21:48:39,432 [ERROR] LogOutputStream:75 - [STDERR_REDIRECT] 
2025-06-11 21:48:40,373 [ERROR] LogOutputStream:75 - [STDERR_REDIRECT] [Fatal Error] :1:1: Premature end of file.
2025-06-11 21:48:40,373 [ERROR] LogOutputStream:75 - [STDERR_REDIRECT] 
2025-06-11 21:48:41,373 [ERROR] LogOutputStream:75 - [STDERR_REDIRECT] [Fatal Error] :1:1: Premature end of file.
2025-06-11 21:48:41,373 [ERROR] LogOutputStream:75 - [STDERR_REDIRECT] 
2025-06-11 21:48:42,392 [ERROR] LogOutputStream:75 - [STDERR_REDIRECT] [Fatal Error] :1:1: Premature end of file.
2025-06-11 21:48:42,392 [ERROR] LogOutputStream:75 - [STDERR_REDIRECT] 
2025-06-11 21:48:43,383 [ERROR] LogOutputStream:75 - [STDERR_REDIRECT] [Fatal Error] :1:1: Premature end of file.
2025-06-11 21:48:43,384 [ERROR] LogOutputStream:75 - [STDERR_REDIRECT] 
2025-06-11 21:48:44,493 [ERROR] LogOutputStream:75 - [STDERR_REDIRECT] [Fatal Error] :1:1: Premature end of file.
2025-06-11 21:48:44,493 [ERROR] LogOutputStream:75 - [STDERR_REDIRECT] 
2025-06-11 21:48:45,375 [ERROR] LogOutputStream:75 - [STDERR_REDIRECT] [Fatal Error] :1:1: Premature end of file.
2025-06-11 21:48:45,375 [ERROR] LogOutputStream:75 - [STDERR_REDIRECT] 
2025-06-11 21:48:46,453 [ERROR] LogOutputStream:75 - [STDERR_REDIRECT] [Fatal Error] :1:1: Premature end of file.
2025-06-11 21:48:46,453 [ERROR] LogOutputStream:75 - [STDERR_REDIRECT] 
2025-06-11 21:48:47,410 [ERROR] LogOutputStream:75 - [STDERR_REDIRECT] [Fatal Error] :1:1: Premature end of file.
2025-06-11 21:48:47,410 [ERROR] LogOutputStream:75 - [STDERR_REDIRECT] 
2025-06-11 21:48:48,396 [ERROR] LogOutputStream:75 - [STDERR_REDIRECT] [Fatal Error] :1:1: Premature end of file.
2025-06-11 21:48:48,396 [ERROR] LogOutputStream:75 - [STDERR_REDIRECT] 
2025-06-11 21:48:49,383 [ERROR] LogOutputStream:75 - [STDERR_REDIRECT] [Fatal Error] :1:1: Premature end of file.
2025-06-11 21:48:49,383 [ERROR] LogOutputStream:75 - [STDERR_REDIRECT] 
2025-06-11 21:48:50,370 [ERROR] LogOutputStream:75 - [STDERR_REDIRECT] [Fatal Error] :1:1: Premature end of file.
2025-06-11 21:48:50,370 [ERROR] LogOutputStream:75 - [STDERR_REDIRECT] 
2025-06-11 21:48:51,444 [ERROR] LogOutputStream:75 - [STDERR_REDIRECT] [Fatal Error] :1:1: Premature end of file.
2025-06-11 21:48:51,444 [ERROR] LogOutputStream:75 - [STDERR_REDIRECT] 
2025-06-11 21:48:52,376 [ERROR] LogOutputStream:75 - [STDERR_REDIRECT] [Fatal Error] :1:1: Premature end of file.
2025-06-11 21:48:52,376 [ERROR] LogOutputStream:75 - [STDERR_REDIRECT] 
2025-06-11 21:48:53,408 [ERROR] LogOutputStream:75 - [STDERR_REDIRECT] [Fatal Error] :1:1: Premature end of file.
2025-06-11 21:48:53,409 [ERROR] LogOutputStream:75 - [STDERR_REDIRECT] 
2025-06-11 21:48:54,413 [ERROR] LogOutputStream:75 - [STDERR_REDIRECT] [Fatal Error] :1:1: Premature end of file.
2025-06-11 21:48:54,413 [ERROR] LogOutputStream:75 - [STDERR_REDIRECT] 
2025-06-11 21:48:55,387 [ERROR] LogOutputStream:75 - [STDERR_REDIRECT] [Fatal Error] :1:1: Premature end of file.
2025-06-11 21:48:55,387 [ERROR] LogOutputStream:75 - [STDERR_REDIRECT] 
2025-06-11 21:48:56,381 [ERROR] LogOutputStream:75 - [STDERR_REDIRECT] [Fatal Error] :1:1: Premature end of file.
2025-06-11 21:48:56,381 [ERROR] LogOutputStream:75 - [STDERR_REDIRECT] 
2025-06-11 21:48:57,375 [ERROR] LogOutputStream:75 - [STDERR_REDIRECT] [Fatal Error] :1:1: Premature end of file.
2025-06-11 21:48:57,375 [ERROR] LogOutputStream:75 - [STDERR_REDIRECT] 
2025-06-11 21:48:58,479 [ERROR] LogOutputStream:75 - [STDERR_REDIRECT] [Fatal Error] :1:1: Premature end of file.
2025-06-11 21:48:58,480 [ERROR] LogOutputStream:75 - [STDERR_REDIRECT] 
2025-06-11 21:48:59,475 [ERROR] LogOutputStream:75 - [STDERR_REDIRECT] [Fatal Error] :1:1: Premature end of file.
2025-06-11 21:48:59,476 [ERROR] LogOutputStream:75 - [STDERR_REDIRECT] 
2025-06-11 21:49:00,473 [ERROR] LogOutputStream:75 - [STDERR_REDIRECT] [Fatal Error] :1:1: Premature end of file.
2025-06-11 21:49:00,474 [ERROR] LogOutputStream:75 - [STDERR_REDIRECT] 
2025-06-11 21:49:01,376 [ERROR] LogOutputStream:75 - [STDERR_REDIRECT] [Fatal Error] :1:1: Premature end of file.
2025-06-11 21:49:01,377 [ERROR] LogOutputStream:75 - [STDERR_REDIRECT] 
2025-06-11 21:49:02,470 [ERROR] LogOutputStream:75 - [STDERR_REDIRECT] [Fatal Error] :1:1: Premature end of file.
2025-06-11 21:49:02,470 [ERROR] LogOutputStream:75 - [STDERR_REDIRECT] 
2025-06-11 21:49:03,397 [ERROR] LogOutputStream:75 - [STDERR_REDIRECT] [Fatal Error] :1:1: Premature end of file.
2025-06-11 21:49:03,397 [ERROR] LogOutputStream:75 - [STDERR_REDIRECT] 
2025-06-11 21:49:04,479 [ERROR] LogOutputStream:75 - [STDERR_REDIRECT] [Fatal Error] :1:1: Premature end of file.
2025-06-11 21:49:04,480 [ERROR] LogOutputStream:75 - [STDERR_REDIRECT] 
2025-06-11 21:49:05,432 [ERROR] LogOutputStream:75 - [STDERR_REDIRECT] [Fatal Error] :1:1: Premature end of file.
2025-06-11 21:49:05,432 [ERROR] LogOutputStream:75 - [STDERR_REDIRECT] 
2025-06-11 21:49:06,375 [ERROR] LogOutputStream:75 - [STDERR_REDIRECT] [Fatal Error] :1:1: Premature end of file.
2025-06-11 21:49:06,375 [ERROR] LogOutputStream:75 - [STDERR_REDIRECT] 
2025-06-11 21:49:07,438 [ERROR] LogOutputStream:75 - [STDERR_REDIRECT] [Fatal Error] :1:1: Premature end of file.
2025-06-11 21:49:07,438 [ERROR] LogOutputStream:75 - [STDERR_REDIRECT] 
2025-06-11 21:49:08,486 [ERROR] LogOutputStream:75 - [STDERR_REDIRECT] [Fatal Error] :1:1: Premature end of file.
2025-06-11 21:49:08,487 [ERROR] LogOutputStream:75 - [STDERR_REDIRECT] 
2025-06-11 21:49:09,471 [ERROR] LogOutputStream:75 - [STDERR_REDIRECT] [Fatal Error] :1:1: Premature end of file.
2025-06-11 21:49:09,471 [ERROR] LogOutputStream:75 - [STDERR_REDIRECT] 
2025-06-11 21:49:10,456 [ERROR] LogOutputStream:75 - [STDERR_REDIRECT] [Fatal Error] :1:1: Premature end of file.
2025-06-11 21:49:10,456 [ERROR] LogOutputStream:75 - [STDERR_REDIRECT] 
2025-06-11 21:49:11,463 [ERROR] LogOutputStream:75 - [STDERR_REDIRECT] [Fatal Error] :1:1: Premature end of file.
2025-06-11 21:49:11,463 [ERROR] LogOutputStream:75 - [STDERR_REDIRECT] 
2025-06-11 21:49:12,377 [ERROR] LogOutputStream:75 - [STDERR_REDIRECT] [Fatal Error] :1:1: Premature end of file.
2025-06-11 21:49:12,377 [ERROR] LogOutputStream:75 - [STDERR_REDIRECT] 
2025-06-11 21:49:13,455 [ERROR] LogOutputStream:75 - [STDERR_REDIRECT] [Fatal Error] :1:1: Premature end of file.
2025-06-11 21:49:13,455 [ERROR] LogOutputStream:75 - [STDERR_REDIRECT] 
2025-06-11 21:49:14,468 [ERROR] LogOutputStream:75 - [STDERR_REDIRECT] [Fatal Error] :1:1: Premature end of file.
2025-06-11 21:49:14,468 [ERROR] LogOutputStream:75 - [STDERR_REDIRECT] 
2025-06-11 21:49:15,461 [ERROR] LogOutputStream:75 - [STDERR_REDIRECT] [Fatal Error] :1:1: Premature end of file.
2025-06-11 21:49:15,462 [ERROR] LogOutputStream:75 - [STDERR_REDIRECT] 
2025-06-11 21:49:16,454 [ERROR] LogOutputStream:75 - [STDERR_REDIRECT] [Fatal Error] :1:1: Premature end of file.
2025-06-11 21:49:16,454 [ERROR] LogOutputStream:75 - [STDERR_REDIRECT] 
2025-06-11 21:49:17,454 [ERROR] LogOutputStream:75 - [STDERR_REDIRECT] [Fatal Error] :1:1: Premature end of file.
2025-06-11 21:49:17,454 [ERROR] LogOutputStream:75 - [STDERR_REDIRECT] 
2025-06-11 21:49:18,469 [ERROR] LogOutputStream:75 - [STDERR_REDIRECT] [Fatal Error] :1:1: Premature end of file.
2025-06-11 21:49:18,470 [ERROR] LogOutputStream:75 - [STDERR_REDIRECT] 
2025-06-11 21:49:19,472 [ERROR] LogOutputStream:75 - [STDERR_REDIRECT] [Fatal Error] :1:1: Premature end of file.
2025-06-11 21:49:19,473 [ERROR] LogOutputStream:75 - [STDERR_REDIRECT] 
2025-06-11 21:49:20,454 [ERROR] LogOutputStream:75 - [STDERR_REDIRECT] [Fatal Error] :1:1: Premature end of file.
2025-06-11 21:49:20,454 [ERROR] LogOutputStream:75 - [STDERR_REDIRECT] 
2025-06-11 21:49:21,375 [ERROR] LogOutputStream:75 - [STDERR_REDIRECT] [Fatal Error] :1:1: Premature end of file.
2025-06-11 21:49:21,375 [ERROR] LogOutputStream:75 - [STDERR_REDIRECT] 
2025-06-11 21:49:22,409 [ERROR] LogOutputStream:75 - [STDERR_REDIRECT] [Fatal Error] :1:1: Premature end of file.
2025-06-11 21:49:22,409 [ERROR] LogOutputStream:75 - [STDERR_REDIRECT] 
2025-06-11 21:49:23,404 [ERROR] LogOutputStream:75 - [STDERR_REDIRECT] [Fatal Error] :1:1: Premature end of file.
2025-06-11 21:49:23,404 [ERROR] LogOutputStream:75 - [STDERR_REDIRECT] 
2025-06-11 21:49:24,379 [ERROR] LogOutputStream:75 - [STDERR_REDIRECT] [Fatal Error] :1:1: Premature end of file.
2025-06-11 21:49:24,379 [ERROR] LogOutputStream:75 - [STDERR_REDIRECT] 
2025-06-11 21:49:25,377 [ERROR] LogOutputStream:75 - [STDERR_REDIRECT] [Fatal Error] :1:1: Premature end of file.
2025-06-11 21:49:25,377 [ERROR] LogOutputStream:75 - [STDERR_REDIRECT] 
2025-06-11 21:49:26,464 [ERROR] LogOutputStream:75 - [STDERR_REDIRECT] [Fatal Error] :1:1: Premature end of file.
2025-06-11 21:49:26,464 [ERROR] LogOutputStream:75 - [STDERR_REDIRECT] 
2025-06-11 21:49:27,466 [ERROR] LogOutputStream:75 - [STDERR_REDIRECT] [Fatal Error] :1:1: Premature end of file.
2025-06-11 21:49:27,466 [ERROR] LogOutputStream:75 - [STDERR_REDIRECT] 
2025-06-11 21:49:28,460 [ERROR] LogOutputStream:75 - [STDERR_REDIRECT] [Fatal Error] :1:1: Premature end of file.
2025-06-11 21:49:28,464 [ERROR] LogOutputStream:75 - [STDERR_REDIRECT] 
2025-06-11 21:49:29,448 [ERROR] LogOutputStream:75 - [STDERR_REDIRECT] [Fatal Error] :1:1: Premature end of file.
2025-06-11 21:49:29,448 [ERROR] LogOutputStream:75 - [STDERR_REDIRECT] 
2025-06-11 21:49:30,397 [ERROR] LogOutputStream:75 - [STDERR_REDIRECT] [Fatal Error] :1:1: Premature end of file.
2025-06-11 21:49:30,398 [ERROR] LogOutputStream:75 - [STDERR_REDIRECT] 
2025-06-11 21:49:31,465 [ERROR] LogOutputStream:75 - [STDERR_REDIRECT] [Fatal Error] :1:1: Premature end of file.
2025-06-11 21:49:31,466 [ERROR] LogOutputStream:75 - [STDERR_REDIRECT] 
2025-06-11 21:49:32,466 [ERROR] LogOutputStream:75 - [STDERR_REDIRECT] [Fatal Error] :1:1: Premature end of file.
2025-06-11 21:49:32,466 [ERROR] LogOutputStream:75 - [STDERR_REDIRECT] 
2025-06-11 21:49:33,459 [ERROR] LogOutputStream:75 - [STDERR_REDIRECT] [Fatal Error] :1:1: Premature end of file.
2025-06-11 21:49:33,460 [ERROR] LogOutputStream:75 - [STDERR_REDIRECT] 
2025-06-11 21:49:34,449 [ERROR] LogOutputStream:75 - [STDERR_REDIRECT] [Fatal Error] :1:1: Premature end of file.
2025-06-11 21:49:34,449 [ERROR] LogOutputStream:75 - [STDERR_REDIRECT] 
2025-06-11 21:49:35,466 [ERROR] LogOutputStream:75 - [STDERR_REDIRECT] [Fatal Error] :1:1: Premature end of file.
2025-06-11 21:49:35,466 [ERROR] LogOutputStream:75 - [STDERR_REDIRECT] 
2025-06-11 21:49:36,449 [ERROR] LogOutputStream:75 - [STDERR_REDIRECT] [Fatal Error] :1:1: Premature end of file.
2025-06-11 21:49:36,450 [ERROR] LogOutputStream:75 - [STDERR_REDIRECT] 
2025-06-11 21:49:37,458 [ERROR] LogOutputStream:75 - [STDERR_REDIRECT] [Fatal Error] :1:1: Premature end of file.
2025-06-11 21:49:37,459 [ERROR] LogOutputStream:75 - [STDERR_REDIRECT] 
2025-06-11 21:49:38,450 [ERROR] LogOutputStream:75 - [STDERR_REDIRECT] [Fatal Error] :1:1: Premature end of file.
2025-06-11 21:49:38,451 [ERROR] LogOutputStream:75 - [STDERR_REDIRECT] 
2025-06-11 21:49:39,385 [ERROR] LogOutputStream:75 - [STDERR_REDIRECT] [Fatal Error] :1:1: Premature end of file.
2025-06-11 21:49:39,385 [ERROR] LogOutputStream:75 - [STDERR_REDIRECT] 
2025-06-11 21:49:40,449 [ERROR] LogOutputStream:75 - [STDERR_REDIRECT] [Fatal Error] :1:1: Premature end of file.
2025-06-11 21:49:40,449 [ERROR] LogOutputStream:75 - [STDERR_REDIRECT] 
2025-06-11 21:49:41,373 [ERROR] LogOutputStream:75 - [STDERR_REDIRECT] [Fatal Error] :1:1: Premature end of file.
2025-06-11 21:49:41,373 [ERROR] LogOutputStream:75 - [STDERR_REDIRECT] 
2025-06-11 21:49:42,469 [ERROR] LogOutputStream:75 - [STDERR_REDIRECT] [Fatal Error] :1:1: Premature end of file.
2025-06-11 21:49:42,469 [ERROR] LogOutputStream:75 - [STDERR_REDIRECT] 
2025-06-11 21:49:43,378 [ERROR] LogOutputStream:75 - [STDERR_REDIRECT] [Fatal Error] :1:1: Premature end of file.
2025-06-11 21:49:43,378 [ERROR] LogOutputStream:75 - [STDERR_REDIRECT] 
2025-06-11 21:49:44,383 [ERROR] LogOutputStream:75 - [STDERR_REDIRECT] [Fatal Error] :1:1: Premature end of file.
2025-06-11 21:49:44,383 [ERROR] LogOutputStream:75 - [STDERR_REDIRECT] 
2025-06-11 21:49:45,453 [ERROR] LogOutputStream:75 - [STDERR_REDIRECT] [Fatal Error] :1:1: Premature end of file.
2025-06-11 21:49:45,453 [ERROR] LogOutputStream:75 - [STDERR_REDIRECT] 
2025-06-11 21:49:46,483 [ERROR] LogOutputStream:75 - [STDERR_REDIRECT] [Fatal Error] :1:1: Premature end of file.
2025-06-11 21:49:46,483 [ERROR] LogOutputStream:75 - [STDERR_REDIRECT] 
2025-06-11 21:49:47,456 [ERROR] LogOutputStream:75 - [STDERR_REDIRECT] [Fatal Error] :1:1: Premature end of file.
2025-06-11 21:49:47,456 [ERROR] LogOutputStream:75 - [STDERR_REDIRECT] 
2025-06-11 21:49:48,441 [ERROR] LogOutputStream:75 - [STDERR_REDIRECT] [Fatal Error] :1:1: Premature end of file.
2025-06-11 21:49:48,441 [ERROR] LogOutputStream:75 - [STDERR_REDIRECT] 
2025-06-11 21:49:49,442 [ERROR] LogOutputStream:75 - [STDERR_REDIRECT] [Fatal Error] :1:1: Premature end of file.
2025-06-11 21:49:49,443 [ERROR] LogOutputStream:75 - [STDERR_REDIRECT] 
2025-06-11 21:49:50,374 [ERROR] LogOutputStream:75 - [STDERR_REDIRECT] [Fatal Error] :1:1: Premature end of file.
2025-06-11 21:49:50,374 [ERROR] LogOutputStream:75 - [STDERR_REDIRECT] 
2025-06-11 21:49:51,373 [ERROR] LogOutputStream:75 - [STDERR_REDIRECT] [Fatal Error] :1:1: Premature end of file.
2025-06-11 21:49:51,373 [ERROR] LogOutputStream:75 - [STDERR_REDIRECT] 
2025-06-11 21:49:52,382 [ERROR] LogOutputStream:75 - [STDERR_REDIRECT] [Fatal Error] :1:1: Premature end of file.
2025-06-11 21:49:52,382 [ERROR] LogOutputStream:75 - [STDERR_REDIRECT] 
2025-06-11 21:49:53,404 [ERROR] LogOutputStream:75 - [STDERR_REDIRECT] [Fatal Error] :1:1: Premature end of file.
2025-06-11 21:49:53,404 [ERROR] LogOutputStream:75 - [STDERR_REDIRECT] 
2025-06-11 21:49:54,372 [ERROR] LogOutputStream:75 - [STDERR_REDIRECT] [Fatal Error] :1:1: Premature end of file.
2025-06-11 21:49:54,372 [ERROR] LogOutputStream:75 - [STDERR_REDIRECT] 
2025-06-11 21:49:55,401 [ERROR] LogOutputStream:75 - [STDERR_REDIRECT] [Fatal Error] :1:1: Premature end of file.
2025-06-11 21:49:55,401 [ERROR] LogOutputStream:75 - [STDERR_REDIRECT] 
2025-06-11 21:49:56,456 [ERROR] LogOutputStream:75 - [STDERR_REDIRECT] [Fatal Error] :1:1: Premature end of file.
2025-06-11 21:49:56,456 [ERROR] LogOutputStream:75 - [STDERR_REDIRECT] 
2025-06-11 21:49:57,432 [ERROR] LogOutputStream:75 - [STDERR_REDIRECT] [Fatal Error] :1:1: Premature end of file.
2025-06-11 21:49:57,432 [ERROR] LogOutputStream:75 - [STDERR_REDIRECT] 
2025-06-11 21:49:58,454 [ERROR] LogOutputStream:75 - [STDERR_REDIRECT] [Fatal Error] :1:1: Premature end of file.
2025-06-11 21:49:58,455 [ERROR] LogOutputStream:75 - [STDERR_REDIRECT] 
2025-06-11 21:49:59,385 [ERROR] LogOutputStream:75 - [STDERR_REDIRECT] [Fatal Error] :1:1: Premature end of file.
2025-06-11 21:49:59,386 [ERROR] LogOutputStream:75 - [STDERR_REDIRECT] 
2025-06-11 21:50:00,468 [ERROR] LogOutputStream:75 - [STDERR_REDIRECT] [Fatal Error] :1:1: Premature end of file.
2025-06-11 21:50:00,468 [ERROR] LogOutputStream:75 - [STDERR_REDIRECT] 
2025-06-11 21:50:01,486 [ERROR] LogOutputStream:75 - [STDERR_REDIRECT] [Fatal Error] :1:1: Premature end of file.
2025-06-11 21:50:01,486 [ERROR] LogOutputStream:75 - [STDERR_REDIRECT] 
2025-06-11 21:50:02,473 [ERROR] LogOutputStream:75 - [STDERR_REDIRECT] [Fatal Error] :1:1: Premature end of file.
2025-06-11 21:50:02,473 [ERROR] LogOutputStream:75 - [STDERR_REDIRECT] 
2025-06-11 21:50:03,456 [ERROR] LogOutputStream:75 - [STDERR_REDIRECT] [Fatal Error] :1:1: Premature end of file.
2025-06-11 21:50:03,456 [ERROR] LogOutputStream:75 - [STDERR_REDIRECT] 
2025-06-11 21:50:04,384 [ERROR] LogOutputStream:75 - [STDERR_REDIRECT] [Fatal Error] :1:1: Premature end of file.
2025-06-11 21:50:04,384 [ERROR] LogOutputStream:75 - [STDERR_REDIRECT] 
2025-06-11 21:50:05,377 [ERROR] LogOutputStream:75 - [STDERR_REDIRECT] [Fatal Error] :1:1: Premature end of file.
2025-06-11 21:50:05,377 [ERROR] LogOutputStream:75 - [STDERR_REDIRECT] 
2025-06-11 21:50:06,472 [ERROR] LogOutputStream:75 - [STDERR_REDIRECT] [Fatal Error] :1:1: Premature end of file.
2025-06-11 21:50:06,473 [ERROR] LogOutputStream:75 - [STDERR_REDIRECT] 
2025-06-11 21:50:07,369 [ERROR] LogOutputStream:75 - [STDERR_REDIRECT] [Fatal Error] :1:1: Premature end of file.
2025-06-11 21:50:07,369 [ERROR] LogOutputStream:75 - [STDERR_REDIRECT] 
2025-06-11 21:50:08,466 [ERROR] LogOutputStream:75 - [STDERR_REDIRECT] [Fatal Error] :1:1: Premature end of file.
2025-06-11 21:50:08,466 [ERROR] LogOutputStream:75 - [STDERR_REDIRECT] 
2025-06-11 21:50:09,468 [ERROR] LogOutputStream:75 - [STDERR_REDIRECT] [Fatal Error] :1:1: Premature end of file.
2025-06-11 21:50:09,468 [ERROR] LogOutputStream:75 - [STDERR_REDIRECT] 
2025-06-11 21:50:10,369 [ERROR] LogOutputStream:75 - [STDERR_REDIRECT] [Fatal Error] :1:1: Premature end of file.
2025-06-11 21:50:10,369 [ERROR] LogOutputStream:75 - [STDERR_REDIRECT] 
2025-06-11 21:50:11,472 [ERROR] LogOutputStream:75 - [STDERR_REDIRECT] [Fatal Error] :1:1: Premature end of file.
2025-06-11 21:50:11,473 [ERROR] LogOutputStream:75 - [STDERR_REDIRECT] 
2025-06-11 21:50:12,399 [ERROR] LogOutputStream:75 - [STDERR_REDIRECT] [Fatal Error] :1:1: Premature end of file.
2025-06-11 21:50:12,399 [ERROR] LogOutputStream:75 - [STDERR_REDIRECT] 
2025-06-11 21:50:13,381 [ERROR] LogOutputStream:75 - [STDERR_REDIRECT] [Fatal Error] :1:1: Premature end of file.
2025-06-11 21:50:13,381 [ERROR] LogOutputStream:75 - [STDERR_REDIRECT] 
2025-06-11 21:50:14,473 [ERROR] LogOutputStream:75 - [STDERR_REDIRECT] [Fatal Error] :1:1: Premature end of file.
2025-06-11 21:50:14,473 [ERROR] LogOutputStream:75 - [STDERR_REDIRECT] 
2025-06-11 21:50:15,375 [ERROR] LogOutputStream:75 - [STDERR_REDIRECT] [Fatal Error] :1:1: Premature end of file.
2025-06-11 21:50:15,375 [ERROR] LogOutputStream:75 - [STDERR_REDIRECT] 
2025-06-11 21:50:16,446 [ERROR] LogOutputStream:75 - [STDERR_REDIRECT] [Fatal Error] :1:1: Premature end of file.
2025-06-11 21:50:16,447 [ERROR] LogOutputStream:75 - [STDERR_REDIRECT] 
2025-06-11 21:50:17,460 [ERROR] LogOutputStream:75 - [STDERR_REDIRECT] [Fatal Error] :1:1: Premature end of file.
2025-06-11 21:50:17,460 [ERROR] LogOutputStream:75 - [STDERR_REDIRECT] 
2025-06-11 21:50:18,450 [ERROR] LogOutputStream:75 - [STDERR_REDIRECT] [Fatal Error] :1:1: Premature end of file.
2025-06-11 21:50:18,450 [ERROR] LogOutputStream:75 - [STDERR_REDIRECT] 
2025-06-11 21:50:19,469 [ERROR] LogOutputStream:75 - [STDERR_REDIRECT] [Fatal Error] :1:1: Premature end of file.
2025-06-11 21:50:19,469 [ERROR] LogOutputStream:75 - [STDERR_REDIRECT] 
2025-06-11 21:50:20,373 [ERROR] LogOutputStream:75 - [STDERR_REDIRECT] [Fatal Error] :1:1: Premature end of file.
2025-06-11 21:50:20,373 [ERROR] LogOutputStream:75 - [STDERR_REDIRECT] 
2025-06-11 21:50:21,460 [ERROR] LogOutputStream:75 - [STDERR_REDIRECT] [Fatal Error] :1:1: Premature end of file.
2025-06-11 21:50:21,460 [ERROR] LogOutputStream:75 - [STDERR_REDIRECT] 
2025-06-11 21:50:22,375 [ERROR] LogOutputStream:75 - [STDERR_REDIRECT] [Fatal Error] :1:1: Premature end of file.
2025-06-11 21:50:22,375 [ERROR] LogOutputStream:75 - [STDERR_REDIRECT] 
2025-06-11 21:50:23,374 [ERROR] LogOutputStream:75 - [STDERR_REDIRECT] [Fatal Error] :1:1: Premature end of file.
2025-06-11 21:50:23,374 [ERROR] LogOutputStream:75 - [STDERR_REDIRECT] 
2025-06-11 21:50:24,498 [ERROR] LogOutputStream:75 - [STDERR_REDIRECT] [Fatal Error] :1:1: Premature end of file.
2025-06-11 21:50:24,498 [ERROR] LogOutputStream:75 - [STDERR_REDIRECT] 
2025-06-11 21:50:25,378 [ERROR] LogOutputStream:75 - [STDERR_REDIRECT] [Fatal Error] :1:1: Premature end of file.
2025-06-11 21:50:25,378 [ERROR] LogOutputStream:75 - [STDERR_REDIRECT] 
2025-06-11 21:50:26,384 [ERROR] LogOutputStream:75 - [STDERR_REDIRECT] [Fatal Error] :1:1: Premature end of file.
2025-06-11 21:50:26,384 [ERROR] LogOutputStream:75 - [STDERR_REDIRECT] 
2025-06-11 21:50:27,478 [ERROR] LogOutputStream:75 - [STDERR_REDIRECT] [Fatal Error] :1:1: Premature end of file.
2025-06-11 21:50:27,480 [ERROR] LogOutputStream:75 - [STDERR_REDIRECT] 
2025-06-11 21:50:28,431 [ERROR] LogOutputStream:75 - [STDERR_REDIRECT] [Fatal Error] :1:1: Premature end of file.
2025-06-11 21:50:28,431 [ERROR] LogOutputStream:75 - [STDERR_REDIRECT] 
2025-06-11 21:50:29,466 [ERROR] LogOutputStream:75 - [STDERR_REDIRECT] [Fatal Error] :1:1: Premature end of file.
2025-06-11 21:50:29,466 [ERROR] LogOutputStream:75 - [STDERR_REDIRECT] 
2025-06-11 21:50:30,468 [ERROR] LogOutputStream:75 - [STDERR_REDIRECT] [Fatal Error] :1:1: Premature end of file.
2025-06-11 21:50:30,468 [ERROR] LogOutputStream:75 - [STDERR_REDIRECT] 
2025-06-11 21:50:31,472 [ERROR] LogOutputStream:75 - [STDERR_REDIRECT] [Fatal Error] :1:1: Premature end of file.
2025-06-11 21:50:31,472 [ERROR] LogOutputStream:75 - [STDERR_REDIRECT] 
2025-06-11 21:50:32,450 [ERROR] LogOutputStream:75 - [STDERR_REDIRECT] [Fatal Error] :1:1: Premature end of file.
2025-06-11 21:50:32,450 [ERROR] LogOutputStream:75 - [STDERR_REDIRECT] 
2025-06-11 21:50:33,470 [ERROR] LogOutputStream:75 - [STDERR_REDIRECT] [Fatal Error] :1:1: Premature end of file.
2025-06-11 21:50:33,470 [ERROR] LogOutputStream:75 - [STDERR_REDIRECT] 
2025-06-11 21:50:34,466 [ERROR] LogOutputStream:75 - [STDERR_REDIRECT] [Fatal Error] :1:1: Premature end of file.
2025-06-11 21:50:34,466 [ERROR] LogOutputStream:75 - [STDERR_REDIRECT] 
2025-06-11 21:50:35,465 [ERROR] LogOutputStream:75 - [STDERR_REDIRECT] [Fatal Error] :1:1: Premature end of file.
2025-06-11 21:50:35,466 [ERROR] LogOutputStream:75 - [STDERR_REDIRECT] 
2025-06-11 21:50:36,373 [ERROR] LogOutputStream:75 - [STDERR_REDIRECT] [Fatal Error] :1:1: Premature end of file.
2025-06-11 21:50:36,373 [ERROR] LogOutputStream:75 - [STDERR_REDIRECT] 
2025-06-11 21:50:37,482 [ERROR] LogOutputStream:75 - [STDERR_REDIRECT] [Fatal Error] :1:1: Premature end of file.
2025-06-11 21:50:37,483 [ERROR] LogOutputStream:75 - [STDERR_REDIRECT] 
2025-06-11 21:50:38,471 [ERROR] LogOutputStream:75 - [STDERR_REDIRECT] [Fatal Error] :1:1: Premature end of file.
2025-06-11 21:50:38,472 [ERROR] LogOutputStream:75 - [STDERR_REDIRECT] 
2025-06-11 21:50:39,468 [ERROR] LogOutputStream:75 - [STDERR_REDIRECT] [Fatal Error] :1:1: Premature end of file.
2025-06-11 21:50:39,469 [ERROR] LogOutputStream:75 - [STDERR_REDIRECT] 
2025-06-11 21:50:40,369 [ERROR] LogOutputStream:75 - [STDERR_REDIRECT] [Fatal Error] :1:1: Premature end of file.
2025-06-11 21:50:40,369 [ERROR] LogOutputStream:75 - [STDERR_REDIRECT] 
2025-06-11 21:50:41,526 [ERROR] LogOutputStream:75 - [STDERR_REDIRECT] [Fatal Error] :1:1: Premature end of file.
2025-06-11 21:50:41,526 [ERROR] LogOutputStream:75 - [STDERR_REDIRECT] 
2025-06-11 21:50:42,371 [ERROR] LogOutputStream:75 - [STDERR_REDIRECT] [Fatal Error] :1:1: Premature end of file.
2025-06-11 21:50:42,371 [ERROR] LogOutputStream:75 - [STDERR_REDIRECT] 
2025-06-11 21:50:43,476 [ERROR] LogOutputStream:75 - [STDERR_REDIRECT] [Fatal Error] :1:1: Premature end of file.
2025-06-11 21:50:43,476 [ERROR] LogOutputStream:75 - [STDERR_REDIRECT] 
2025-06-11 21:50:44,373 [ERROR] LogOutputStream:75 - [STDERR_REDIRECT] [Fatal Error] :1:1: Premature end of file.
2025-06-11 21:50:44,373 [ERROR] LogOutputStream:75 - [STDERR_REDIRECT] 
2025-06-11 21:50:45,392 [ERROR] LogOutputStream:75 - [STDERR_REDIRECT] [Fatal Error] :1:1: Premature end of file.
2025-06-11 21:50:45,392 [ERROR] LogOutputStream:75 - [STDERR_REDIRECT] 
2025-06-11 21:50:46,403 [ERROR] LogOutputStream:75 - [STDERR_REDIRECT] [Fatal Error] :1:1: Premature end of file.
2025-06-11 21:50:46,403 [ERROR] LogOutputStream:75 - [STDERR_REDIRECT] 
2025-06-11 21:50:47,380 [ERROR] LogOutputStream:75 - [STDERR_REDIRECT] [Fatal Error] :1:1: Premature end of file.
2025-06-11 21:50:47,380 [ERROR] LogOutputStream:75 - [STDERR_REDIRECT] 
2025-06-11 21:50:48,367 [ERROR] LogOutputStream:75 - [STDERR_REDIRECT] [Fatal Error] :1:1: Premature end of file.
2025-06-11 21:50:48,367 [ERROR] LogOutputStream:75 - [STDERR_REDIRECT] 
2025-06-11 21:50:49,377 [ERROR] LogOutputStream:75 - [STDERR_REDIRECT] [Fatal Error] :1:1: Premature end of file.
2025-06-11 21:50:49,377 [ERROR] LogOutputStream:75 - [STDERR_REDIRECT] 
2025-06-11 21:50:50,384 [ERROR] LogOutputStream:75 - [STDERR_REDIRECT] [Fatal Error] :1:1: Premature end of file.
2025-06-11 21:50:50,385 [ERROR] LogOutputStream:75 - [STDERR_REDIRECT] 
2025-06-11 21:50:51,381 [ERROR] LogOutputStream:75 - [STDERR_REDIRECT] [Fatal Error] :1:1: Premature end of file.
2025-06-11 21:50:51,381 [ERROR] LogOutputStream:75 - [STDERR_REDIRECT] 
2025-06-11 21:50:52,369 [ERROR] LogOutputStream:75 - [STDERR_REDIRECT] [Fatal Error] :1:1: Premature end of file.
2025-06-11 21:50:52,369 [ERROR] LogOutputStream:75 - [STDERR_REDIRECT] 
2025-06-11 21:50:53,382 [ERROR] LogOutputStream:75 - [STDERR_REDIRECT] [Fatal Error] :1:1: Premature end of file.
2025-06-11 21:50:53,382 [ERROR] LogOutputStream:75 - [STDERR_REDIRECT] 
2025-06-11 21:50:54,374 [ERROR] LogOutputStream:75 - [STDERR_REDIRECT] [Fatal Error] :1:1: Premature end of file.
2025-06-11 21:50:54,375 [ERROR] LogOutputStream:75 - [STDERR_REDIRECT] 
2025-06-11 21:50:55,381 [ERROR] LogOutputStream:75 - [STDERR_REDIRECT] [Fatal Error] :1:1: Premature end of file.
2025-06-11 21:50:55,381 [ERROR] LogOutputStream:75 - [STDERR_REDIRECT] 
2025-06-11 21:50:56,376 [ERROR] LogOutputStream:75 - [STDERR_REDIRECT] [Fatal Error] :1:1: Premature end of file.
2025-06-11 21:50:56,376 [ERROR] LogOutputStream:75 - [STDERR_REDIRECT] 
2025-06-11 21:50:57,456 [ERROR] LogOutputStream:75 - [STDERR_REDIRECT] [Fatal Error] :1:1: Premature end of file.
2025-06-11 21:50:57,457 [ERROR] LogOutputStream:75 - [STDERR_REDIRECT] 
2025-06-11 21:50:58,461 [ERROR] LogOutputStream:75 - [STDERR_REDIRECT] [Fatal Error] :1:1: Premature end of file.
2025-06-11 21:50:58,462 [ERROR] LogOutputStream:75 - [STDERR_REDIRECT] 
2025-06-11 21:50:59,436 [ERROR] LogOutputStream:75 - [STDERR_REDIRECT] [Fatal Error] :1:1: Premature end of file.
2025-06-11 21:50:59,436 [ERROR] LogOutputStream:75 - [STDERR_REDIRECT] 
2025-06-11 21:51:00,420 [ERROR] LogOutputStream:75 - [STDERR_REDIRECT] [Fatal Error] :1:1: Premature end of file.
2025-06-11 21:51:00,420 [ERROR] LogOutputStream:75 - [STDERR_REDIRECT] 
2025-06-11 21:51:01,383 [ERROR] LogOutputStream:75 - [STDERR_REDIRECT] [Fatal Error] :1:1: Premature end of file.
2025-06-11 21:51:01,383 [ERROR] LogOutputStream:75 - [STDERR_REDIRECT] 
2025-06-11 21:51:02,374 [ERROR] LogOutputStream:75 - [STDERR_REDIRECT] [Fatal Error] :1:1: Premature end of file.
2025-06-11 21:51:02,374 [ERROR] LogOutputStream:75 - [STDERR_REDIRECT] 
2025-06-11 21:51:03,379 [ERROR] LogOutputStream:75 - [STDERR_REDIRECT] [Fatal Error] :1:1: Premature end of file.
2025-06-11 21:51:03,379 [ERROR] LogOutputStream:75 - [STDERR_REDIRECT] 
2025-06-11 21:51:04,368 [ERROR] LogOutputStream:75 - [STDERR_REDIRECT] [Fatal Error] :1:1: Premature end of file.
2025-06-11 21:51:04,368 [ERROR] LogOutputStream:75 - [STDERR_REDIRECT] 
2025-06-11 21:51:05,420 [ERROR] LogOutputStream:75 - [STDERR_REDIRECT] [Fatal Error] :1:1: Premature end of file.
2025-06-11 21:51:05,420 [ERROR] LogOutputStream:75 - [STDERR_REDIRECT] 
2025-06-11 21:51:06,375 [ERROR] LogOutputStream:75 - [STDERR_REDIRECT] [Fatal Error] :1:1: Premature end of file.
2025-06-11 21:51:06,375 [ERROR] LogOutputStream:75 - [STDERR_REDIRECT] 
2025-06-11 21:51:07,384 [ERROR] LogOutputStream:75 - [STDERR_REDIRECT] [Fatal Error] :1:1: Premature end of file.
2025-06-11 21:51:07,384 [ERROR] LogOutputStream:75 - [STDERR_REDIRECT] 
2025-06-11 21:51:08,427 [ERROR] LogOutputStream:75 - [STDERR_REDIRECT] [Fatal Error] :1:1: Premature end of file.
2025-06-11 21:51:08,428 [ERROR] LogOutputStream:75 - [STDERR_REDIRECT] 
2025-06-11 21:51:09,410 [ERROR] LogOutputStream:75 - [STDERR_REDIRECT] [Fatal Error] :1:1: Premature end of file.
2025-06-11 21:51:09,410 [ERROR] LogOutputStream:75 - [STDERR_REDIRECT] 
2025-06-11 21:51:10,464 [ERROR] LogOutputStream:75 - [STDERR_REDIRECT] [Fatal Error] :1:1: Premature end of file.
2025-06-11 21:51:10,464 [ERROR] LogOutputStream:75 - [STDERR_REDIRECT] 
2025-06-11 21:51:11,464 [ERROR] LogOutputStream:75 - [STDERR_REDIRECT] [Fatal Error] :1:1: Premature end of file.
2025-06-11 21:51:11,465 [ERROR] LogOutputStream:75 - [STDERR_REDIRECT] 
2025-06-11 21:51:12,478 [ERROR] LogOutputStream:75 - [STDERR_REDIRECT] [Fatal Error] :1:1: Premature end of file.
2025-06-11 21:51:12,478 [ERROR] LogOutputStream:75 - [STDERR_REDIRECT] 
2025-06-11 21:51:13,413 [ERROR] LogOutputStream:75 - [STDERR_REDIRECT] [Fatal Error] :1:1: Premature end of file.
2025-06-11 21:51:13,413 [ERROR] LogOutputStream:75 - [STDERR_REDIRECT] 
2025-06-11 21:51:14,381 [ERROR] LogOutputStream:75 - [STDERR_REDIRECT] [Fatal Error] :1:1: Premature end of file.
2025-06-11 21:51:14,381 [ERROR] LogOutputStream:75 - [STDERR_REDIRECT] 
2025-06-11 21:51:15,467 [ERROR] LogOutputStream:75 - [STDERR_REDIRECT] [Fatal Error] :1:1: Premature end of file.
2025-06-11 21:51:15,467 [ERROR] LogOutputStream:75 - [STDERR_REDIRECT] 
2025-06-11 21:51:16,380 [ERROR] LogOutputStream:75 - [STDERR_REDIRECT] [Fatal Error] :1:1: Premature end of file.
2025-06-11 21:51:16,380 [ERROR] LogOutputStream:75 - [STDERR_REDIRECT] 
2025-06-11 21:51:17,372 [ERROR] LogOutputStream:75 - [STDERR_REDIRECT] [Fatal Error] :1:1: Premature end of file.
2025-06-11 21:51:17,372 [ERROR] LogOutputStream:75 - [STDERR_REDIRECT] 
2025-06-11 21:51:18,384 [ERROR] LogOutputStream:75 - [STDERR_REDIRECT] [Fatal Error] :1:1: Premature end of file.
2025-06-11 21:51:18,384 [ERROR] LogOutputStream:75 - [STDERR_REDIRECT] 
2025-06-11 21:51:19,371 [ERROR] LogOutputStream:75 - [STDERR_REDIRECT] [Fatal Error] :1:1: Premature end of file.
2025-06-11 21:51:19,371 [ERROR] LogOutputStream:75 - [STDERR_REDIRECT] 
2025-06-11 21:51:20,369 [ERROR] LogOutputStream:75 - [STDERR_REDIRECT] [Fatal Error] :1:1: Premature end of file.
2025-06-11 21:51:20,369 [ERROR] LogOutputStream:75 - [STDERR_REDIRECT] 
2025-06-11 21:51:21,454 [ERROR] LogOutputStream:75 - [STDERR_REDIRECT] [Fatal Error] :1:1: Premature end of file.
2025-06-11 21:51:21,456 [ERROR] LogOutputStream:75 - [STDERR_REDIRECT] 
2025-06-11 21:51:22,456 [ERROR] LogOutputStream:75 - [STDERR_REDIRECT] [Fatal Error] :1:1: Premature end of file.
2025-06-11 21:51:22,457 [ERROR] LogOutputStream:75 - [STDERR_REDIRECT] 
2025-06-11 21:51:23,460 [ERROR] LogOutputStream:75 - [STDERR_REDIRECT] [Fatal Error] :1:1: Premature end of file.
2025-06-11 21:51:23,461 [ERROR] LogOutputStream:75 - [STDERR_REDIRECT] 
2025-06-11 21:51:24,468 [ERROR] LogOutputStream:75 - [STDERR_REDIRECT] [Fatal Error] :1:1: Premature end of file.
2025-06-11 21:51:24,468 [ERROR] LogOutputStream:75 - [STDERR_REDIRECT] 
2025-06-11 21:51:25,468 [ERROR] LogOutputStream:75 - [STDERR_REDIRECT] [Fatal Error] :1:1: Premature end of file.
2025-06-11 21:51:25,469 [ERROR] LogOutputStream:75 - [STDERR_REDIRECT] 
2025-06-11 21:51:26,466 [ERROR] LogOutputStream:75 - [STDERR_REDIRECT] [Fatal Error] :1:1: Premature end of file.
2025-06-11 21:51:26,467 [ERROR] LogOutputStream:75 - [STDERR_REDIRECT] 
2025-06-11 21:51:27,382 [ERROR] LogOutputStream:75 - [STDERR_REDIRECT] [Fatal Error] :1:1: Premature end of file.
2025-06-11 21:51:27,382 [ERROR] LogOutputStream:75 - [STDERR_REDIRECT] 
2025-06-11 21:51:28,384 [ERROR] LogOutputStream:75 - [STDERR_REDIRECT] [Fatal Error] :1:1: Premature end of file.
2025-06-11 21:51:28,384 [ERROR] LogOutputStream:75 - [STDERR_REDIRECT] 
2025-06-11 21:51:29,449 [ERROR] LogOutputStream:75 - [STDERR_REDIRECT] [Fatal Error] :1:1: Premature end of file.
2025-06-11 21:51:29,449 [ERROR] LogOutputStream:75 - [STDERR_REDIRECT] 
2025-06-11 21:51:30,424 [ERROR] LogOutputStream:75 - [STDERR_REDIRECT] [Fatal Error] :1:1: Premature end of file.
2025-06-11 21:51:30,424 [ERROR] LogOutputStream:75 - [STDERR_REDIRECT] 
2025-06-11 21:51:31,421 [ERROR] LogOutputStream:75 - [STDERR_REDIRECT] [Fatal Error] :1:1: Premature end of file.
2025-06-11 21:51:31,421 [ERROR] LogOutputStream:75 - [STDERR_REDIRECT] 
2025-06-11 21:51:32,410 [ERROR] LogOutputStream:75 - [STDERR_REDIRECT] [Fatal Error] :1:1: Premature end of file.
2025-06-11 21:51:32,410 [ERROR] LogOutputStream:75 - [STDERR_REDIRECT] 
2025-06-11 21:51:33,414 [ERROR] LogOutputStream:75 - [STDERR_REDIRECT] [Fatal Error] :1:1: Premature end of file.
2025-06-11 21:51:33,414 [ERROR] LogOutputStream:75 - [STDERR_REDIRECT] 
2025-06-11 21:51:34,408 [ERROR] LogOutputStream:75 - [STDERR_REDIRECT] [Fatal Error] :1:1: Premature end of file.
2025-06-11 21:51:34,408 [ERROR] LogOutputStream:75 - [STDERR_REDIRECT] 
2025-06-11 21:51:35,438 [ERROR] LogOutputStream:75 - [STDERR_REDIRECT] [Fatal Error] :1:1: Premature end of file.
2025-06-11 21:51:35,438 [ERROR] LogOutputStream:75 - [STDERR_REDIRECT] 
2025-06-11 21:51:36,459 [ERROR] LogOutputStream:75 - [STDERR_REDIRECT] [Fatal Error] :1:1: Premature end of file.
2025-06-11 21:51:36,460 [ERROR] LogOutputStream:75 - [STDERR_REDIRECT] 
2025-06-11 21:51:37,422 [ERROR] LogOutputStream:75 - [STDERR_REDIRECT] [Fatal Error] :1:1: Premature end of file.
2025-06-11 21:51:37,422 [ERROR] LogOutputStream:75 - [STDERR_REDIRECT] 
2025-06-11 21:51:38,429 [ERROR] LogOutputStream:75 - [STDERR_REDIRECT] [Fatal Error] :1:1: Premature end of file.
2025-06-11 21:51:38,429 [ERROR] LogOutputStream:75 - [STDERR_REDIRECT] 
2025-06-11 21:51:39,431 [ERROR] LogOutputStream:75 - [STDERR_REDIRECT] [Fatal Error] :1:1: Premature end of file.
2025-06-11 21:51:39,431 [ERROR] LogOutputStream:75 - [STDERR_REDIRECT] 
2025-06-11 21:51:40,453 [ERROR] LogOutputStream:75 - [STDERR_REDIRECT] [Fatal Error] :1:1: Premature end of file.
2025-06-11 21:51:40,453 [ERROR] LogOutputStream:75 - [STDERR_REDIRECT] 
2025-06-11 21:51:41,381 [ERROR] LogOutputStream:75 - [STDERR_REDIRECT] [Fatal Error] :1:1: Premature end of file.
2025-06-11 21:51:41,381 [ERROR] LogOutputStream:75 - [STDERR_REDIRECT] 
2025-06-11 21:51:42,437 [ERROR] LogOutputStream:75 - [STDERR_REDIRECT] [Fatal Error] :1:1: Premature end of file.
2025-06-11 21:51:42,437 [ERROR] LogOutputStream:75 - [STDERR_REDIRECT] 
2025-06-11 21:51:43,404 [ERROR] LogOutputStream:75 - [STDERR_REDIRECT] [Fatal Error] :1:1: Premature end of file.
2025-06-11 21:51:43,404 [ERROR] LogOutputStream:75 - [STDERR_REDIRECT] 
2025-06-11 21:51:44,437 [ERROR] LogOutputStream:75 - [STDERR_REDIRECT] [Fatal Error] :1:1: Premature end of file.
2025-06-11 21:51:44,437 [ERROR] LogOutputStream:75 - [STDERR_REDIRECT] 
2025-06-11 21:51:45,452 [ERROR] LogOutputStream:75 - [STDERR_REDIRECT] [Fatal Error] :1:1: Premature end of file.
2025-06-11 21:51:45,452 [ERROR] LogOutputStream:75 - [STDERR_REDIRECT] 
2025-06-11 21:51:46,461 [ERROR] LogOutputStream:75 - [STDERR_REDIRECT] [Fatal Error] :1:1: Premature end of file.
2025-06-11 21:51:46,462 [ERROR] LogOutputStream:75 - [STDERR_REDIRECT] 
2025-06-11 21:51:47,404 [ERROR] LogOutputStream:75 - [STDERR_REDIRECT] [Fatal Error] :1:1: Premature end of file.
2025-06-11 21:51:47,405 [ERROR] LogOutputStream:75 - [STDERR_REDIRECT] 
2025-06-11 21:51:48,416 [ERROR] LogOutputStream:75 - [STDERR_REDIRECT] [Fatal Error] :1:1: Premature end of file.
2025-06-11 21:51:48,416 [ERROR] LogOutputStream:75 - [STDERR_REDIRECT] 
2025-06-11 21:51:49,401 [ERROR] LogOutputStream:75 - [STDERR_REDIRECT] [Fatal Error] :1:1: Premature end of file.
2025-06-11 21:51:49,401 [ERROR] LogOutputStream:75 - [STDERR_REDIRECT] 
2025-06-11 21:51:50,404 [ERROR] LogOutputStream:75 - [STDERR_REDIRECT] [Fatal Error] :1:1: Premature end of file.
2025-06-11 21:51:50,404 [ERROR] LogOutputStream:75 - [STDERR_REDIRECT] 
2025-06-11 21:51:51,378 [ERROR] LogOutputStream:75 - [STDERR_REDIRECT] [Fatal Error] :1:1: Premature end of file.
2025-06-11 21:51:51,378 [ERROR] LogOutputStream:75 - [STDERR_REDIRECT] 
2025-06-11 21:51:52,377 [ERROR] LogOutputStream:75 - [STDERR_REDIRECT] [Fatal Error] :1:1: Premature end of file.
2025-06-11 21:51:52,378 [ERROR] LogOutputStream:75 - [STDERR_REDIRECT] 
2025-06-11 21:51:53,472 [ERROR] LogOutputStream:75 - [STDERR_REDIRECT] [Fatal Error] :1:1: Premature end of file.
2025-06-11 21:51:53,472 [ERROR] LogOutputStream:75 - [STDERR_REDIRECT] 
2025-06-11 21:51:54,475 [ERROR] LogOutputStream:75 - [STDERR_REDIRECT] [Fatal Error] :1:1: Premature end of file.
2025-06-11 21:51:54,475 [ERROR] LogOutputStream:75 - [STDERR_REDIRECT] 
2025-06-11 21:51:55,379 [ERROR] LogOutputStream:75 - [STDERR_REDIRECT] [Fatal Error] :1:1: Premature end of file.
2025-06-11 21:51:55,379 [ERROR] LogOutputStream:75 - [STDERR_REDIRECT] 
2025-06-11 21:51:56,377 [ERROR] LogOutputStream:75 - [STDERR_REDIRECT] [Fatal Error] :1:1: Premature end of file.
2025-06-11 21:51:56,377 [ERROR] LogOutputStream:75 - [STDERR_REDIRECT] 
2025-06-11 21:51:57,417 [ERROR] LogOutputStream:75 - [STDERR_REDIRECT] [Fatal Error] :1:1: Premature end of file.
2025-06-11 21:51:57,417 [ERROR] LogOutputStream:75 - [STDERR_REDIRECT] 
2025-06-11 21:51:58,414 [ERROR] LogOutputStream:75 - [STDERR_REDIRECT] [Fatal Error] :1:1: Premature end of file.
2025-06-11 21:51:58,414 [ERROR] LogOutputStream:75 - [STDERR_REDIRECT] 
2025-06-11 21:51:59,441 [ERROR] LogOutputStream:75 - [STDERR_REDIRECT] [Fatal Error] :1:1: Premature end of file.
2025-06-11 21:51:59,441 [ERROR] LogOutputStream:75 - [STDERR_REDIRECT] 
2025-06-11 21:52:00,471 [ERROR] LogOutputStream:75 - [STDERR_REDIRECT] [Fatal Error] :1:1: Premature end of file.
2025-06-11 21:52:00,472 [ERROR] LogOutputStream:75 - [STDERR_REDIRECT] 
2025-06-11 21:52:01,457 [ERROR] LogOutputStream:75 - [STDERR_REDIRECT] [Fatal Error] :1:1: Premature end of file.
2025-06-11 21:52:01,458 [ERROR] LogOutputStream:75 - [STDERR_REDIRECT] 
2025-06-11 21:52:02,478 [ERROR] LogOutputStream:75 - [STDERR_REDIRECT] [Fatal Error] :1:1: Premature end of file.
2025-06-11 21:52:02,478 [ERROR] LogOutputStream:75 - [STDERR_REDIRECT] 
2025-06-11 21:52:03,382 [ERROR] LogOutputStream:75 - [STDERR_REDIRECT] [Fatal Error] :1:1: Premature end of file.
2025-06-11 21:52:03,382 [ERROR] LogOutputStream:75 - [STDERR_REDIRECT] 
2025-06-11 21:52:04,404 [ERROR] LogOutputStream:75 - [STDERR_REDIRECT] [Fatal Error] :1:1: Premature end of file.
2025-06-11 21:52:04,404 [ERROR] LogOutputStream:75 - [STDERR_REDIRECT] 
2025-06-11 21:52:05,474 [ERROR] LogOutputStream:75 - [STDERR_REDIRECT] [Fatal Error] :1:1: Premature end of file.
2025-06-11 21:52:05,474 [ERROR] LogOutputStream:75 - [STDERR_REDIRECT] 
2025-06-11 21:52:06,378 [ERROR] LogOutputStream:75 - [STDERR_REDIRECT] [Fatal Error] :1:1: Premature end of file.
2025-06-11 21:52:06,378 [ERROR] LogOutputStream:75 - [STDERR_REDIRECT] 
2025-06-11 21:52:07,400 [ERROR] LogOutputStream:75 - [STDERR_REDIRECT] [Fatal Error] :1:1: Premature end of file.
2025-06-11 21:52:07,400 [ERROR] LogOutputStream:75 - [STDERR_REDIRECT] 
2025-06-11 21:52:08,430 [ERROR] LogOutputStream:75 - [STDERR_REDIRECT] [Fatal Error] :1:1: Premature end of file.
2025-06-11 21:52:08,430 [ERROR] LogOutputStream:75 - [STDERR_REDIRECT] 
2025-06-11 21:52:09,410 [ERROR] LogOutputStream:75 - [STDERR_REDIRECT] [Fatal Error] :1:1: Premature end of file.
2025-06-11 21:52:09,410 [ERROR] LogOutputStream:75 - [STDERR_REDIRECT] 
2025-06-11 21:52:10,421 [ERROR] LogOutputStream:75 - [STDERR_REDIRECT] [Fatal Error] :1:1: Premature end of file.
2025-06-11 21:52:10,421 [ERROR] LogOutputStream:75 - [STDERR_REDIRECT] 
2025-06-11 21:52:11,408 [ERROR] LogOutputStream:75 - [STDERR_REDIRECT] [Fatal Error] :1:1: Premature end of file.
2025-06-11 21:52:11,408 [ERROR] LogOutputStream:75 - [STDERR_REDIRECT] 
2025-06-11 21:52:12,378 [ERROR] LogOutputStream:75 - [STDERR_REDIRECT] [Fatal Error] :1:1: Premature end of file.
2025-06-11 21:52:12,378 [ERROR] LogOutputStream:75 - [STDERR_REDIRECT] 
2025-06-11 21:52:13,369 [ERROR] LogOutputStream:75 - [STDERR_REDIRECT] [Fatal Error] :1:1: Premature end of file.
2025-06-11 21:52:13,369 [ERROR] LogOutputStream:75 - [STDERR_REDIRECT] 
2025-06-11 21:52:14,474 [ERROR] LogOutputStream:75 - [STDERR_REDIRECT] [Fatal Error] :1:1: Premature end of file.
2025-06-11 21:52:14,474 [ERROR] LogOutputStream:75 - [STDERR_REDIRECT] 
2025-06-11 21:52:15,425 [ERROR] LogOutputStream:75 - [STDERR_REDIRECT] [Fatal Error] :1:1: Premature end of file.
2025-06-11 21:52:15,425 [ERROR] LogOutputStream:75 - [STDERR_REDIRECT] 
2025-06-11 21:52:16,408 [ERROR] LogOutputStream:75 - [STDERR_REDIRECT] [Fatal Error] :1:1: Premature end of file.
2025-06-11 21:52:16,408 [ERROR] LogOutputStream:75 - [STDERR_REDIRECT] 
2025-06-11 21:52:17,427 [ERROR] LogOutputStream:75 - [STDERR_REDIRECT] [Fatal Error] :1:1: Premature end of file.
2025-06-11 21:52:17,427 [ERROR] LogOutputStream:75 - [STDERR_REDIRECT] 
2025-06-11 21:52:18,382 [ERROR] LogOutputStream:75 - [STDERR_REDIRECT] [Fatal Error] :1:1: Premature end of file.
2025-06-11 21:52:18,382 [ERROR] LogOutputStream:75 - [STDERR_REDIRECT] 
2025-06-11 21:52:19,379 [ERROR] LogOutputStream:75 - [STDERR_REDIRECT] [Fatal Error] :1:1: Premature end of file.
2025-06-11 21:52:19,380 [ERROR] LogOutputStream:75 - [STDERR_REDIRECT] 
2025-06-11 21:52:20,427 [ERROR] LogOutputStream:75 - [STDERR_REDIRECT] [Fatal Error] :1:1: Premature end of file.
2025-06-11 21:52:20,428 [ERROR] LogOutputStream:75 - [STDERR_REDIRECT] 
2025-06-11 21:52:21,413 [ERROR] LogOutputStream:75 - [STDERR_REDIRECT] [Fatal Error] :1:1: Premature end of file.
2025-06-11 21:52:21,413 [ERROR] LogOutputStream:75 - [STDERR_REDIRECT] 
2025-06-11 21:52:22,460 [ERROR] LogOutputStream:75 - [STDERR_REDIRECT] [Fatal Error] :1:1: Premature end of file.
2025-06-11 21:52:22,460 [ERROR] LogOutputStream:75 - [STDERR_REDIRECT] 
2025-06-11 21:52:23,389 [ERROR] LogOutputStream:75 - [STDERR_REDIRECT] [Fatal Error] :1:1: Premature end of file.
2025-06-11 21:52:23,390 [ERROR] LogOutputStream:75 - [STDERR_REDIRECT] 
2025-06-11 21:52:24,458 [ERROR] LogOutputStream:75 - [STDERR_REDIRECT] [Fatal Error] :1:1: Premature end of file.
2025-06-11 21:52:24,459 [ERROR] LogOutputStream:75 - [STDERR_REDIRECT] 
2025-06-11 21:52:25,390 [ERROR] LogOutputStream:75 - [STDERR_REDIRECT] [Fatal Error] :1:1: Premature end of file.
2025-06-11 21:52:25,392 [ERROR] LogOutputStream:75 - [STDERR_REDIRECT] 
2025-06-11 21:52:26,373 [ERROR] LogOutputStream:75 - [STDERR_REDIRECT] [Fatal Error] :1:1: Premature end of file.
2025-06-11 21:52:26,374 [ERROR] LogOutputStream:75 - [STDERR_REDIRECT] 
2025-06-11 21:52:27,390 [ERROR] LogOutputStream:75 - [STDERR_REDIRECT] [Fatal Error] :1:1: Premature end of file.
2025-06-11 21:52:27,390 [ERROR] LogOutputStream:75 - [STDERR_REDIRECT] 
2025-06-11 21:52:28,459 [ERROR] LogOutputStream:75 - [STDERR_REDIRECT] [Fatal Error] :1:1: Premature end of file.
2025-06-11 21:52:28,460 [ERROR] LogOutputStream:75 - [STDERR_REDIRECT] 
2025-06-11 21:52:29,482 [ERROR] LogOutputStream:75 - [STDERR_REDIRECT] [Fatal Error] :1:1: Premature end of file.
2025-06-11 21:52:29,482 [ERROR] LogOutputStream:75 - [STDERR_REDIRECT] 
2025-06-11 21:52:30,377 [ERROR] LogOutputStream:75 - [STDERR_REDIRECT] [Fatal Error] :1:1: Premature end of file.
2025-06-11 21:52:30,377 [ERROR] LogOutputStream:75 - [STDERR_REDIRECT] 
2025-06-11 21:52:31,482 [ERROR] LogOutputStream:75 - [STDERR_REDIRECT] [Fatal Error] :1:1: Premature end of file.
2025-06-11 21:52:31,483 [ERROR] LogOutputStream:75 - [STDERR_REDIRECT] 
2025-06-11 21:52:32,472 [ERROR] LogOutputStream:75 - [STDERR_REDIRECT] [Fatal Error] :1:1: Premature end of file.
2025-06-11 21:52:32,473 [ERROR] LogOutputStream:75 - [STDERR_REDIRECT] 
2025-06-11 21:52:33,453 [ERROR] LogOutputStream:75 - [STDERR_REDIRECT] [Fatal Error] :1:1: Premature end of file.
2025-06-11 21:52:33,453 [ERROR] LogOutputStream:75 - [STDERR_REDIRECT] 
2025-06-11 21:52:34,381 [ERROR] LogOutputStream:75 - [STDERR_REDIRECT] [Fatal Error] :1:1: Premature end of file.
2025-06-11 21:52:34,381 [ERROR] LogOutputStream:75 - [STDERR_REDIRECT] 
2025-06-11 21:52:35,374 [ERROR] LogOutputStream:75 - [STDERR_REDIRECT] [Fatal Error] :1:1: Premature end of file.
2025-06-11 21:52:35,374 [ERROR] LogOutputStream:75 - [STDERR_REDIRECT] 
2025-06-11 21:52:36,435 [ERROR] LogOutputStream:75 - [STDERR_REDIRECT] [Fatal Error] :1:1: Premature end of file.
2025-06-11 21:52:36,435 [ERROR] LogOutputStream:75 - [STDERR_REDIRECT] 
2025-06-11 21:52:37,464 [ERROR] LogOutputStream:75 - [STDERR_REDIRECT] [Fatal Error] :1:1: Premature end of file.
2025-06-11 21:52:37,464 [ERROR] LogOutputStream:75 - [STDERR_REDIRECT] 
2025-06-11 21:52:38,378 [ERROR] LogOutputStream:75 - [STDERR_REDIRECT] [Fatal Error] :1:1: Premature end of file.
2025-06-11 21:52:38,379 [ERROR] LogOutputStream:75 - [STDERR_REDIRECT] 
2025-06-11 21:52:39,390 [ERROR] LogOutputStream:75 - [STDERR_REDIRECT] [Fatal Error] :1:1: Premature end of file.
2025-06-11 21:52:39,390 [ERROR] LogOutputStream:75 - [STDERR_REDIRECT] 
2025-06-11 21:52:40,455 [ERROR] LogOutputStream:75 - [STDERR_REDIRECT] [Fatal Error] :1:1: Premature end of file.
2025-06-11 21:52:40,456 [ERROR] LogOutputStream:75 - [STDERR_REDIRECT] 
2025-06-11 21:52:41,436 [ERROR] LogOutputStream:75 - [STDERR_REDIRECT] [Fatal Error] :1:1: Premature end of file.
2025-06-11 21:52:41,436 [ERROR] LogOutputStream:75 - [STDERR_REDIRECT] 
2025-06-11 21:52:42,381 [ERROR] LogOutputStream:75 - [STDERR_REDIRECT] [Fatal Error] :1:1: Premature end of file.
2025-06-11 21:52:42,381 [ERROR] LogOutputStream:75 - [STDERR_REDIRECT] 
2025-06-11 21:52:43,380 [ERROR] LogOutputStream:75 - [STDERR_REDIRECT] [Fatal Error] :1:1: Premature end of file.
2025-06-11 21:52:43,380 [ERROR] LogOutputStream:75 - [STDERR_REDIRECT] 
2025-06-11 21:52:44,396 [ERROR] LogOutputStream:75 - [STDERR_REDIRECT] [Fatal Error] :1:1: Premature end of file.
2025-06-11 21:52:44,396 [ERROR] LogOutputStream:75 - [STDERR_REDIRECT] 
2025-06-11 21:52:45,382 [ERROR] LogOutputStream:75 - [STDERR_REDIRECT] [Fatal Error] :1:1: Premature end of file.
2025-06-11 21:52:45,384 [ERROR] LogOutputStream:75 - [STDERR_REDIRECT] 
2025-06-11 21:52:46,385 [ERROR] LogOutputStream:75 - [STDERR_REDIRECT] [Fatal Error] :1:1: Premature end of file.
2025-06-11 21:52:46,385 [ERROR] LogOutputStream:75 - [STDERR_REDIRECT] 
2025-06-11 21:52:47,390 [ERROR] LogOutputStream:75 - [STDERR_REDIRECT] [Fatal Error] :1:1: Premature end of file.
2025-06-11 21:52:47,390 [ERROR] LogOutputStream:75 - [STDERR_REDIRECT] 
2025-06-11 21:52:48,461 [ERROR] LogOutputStream:75 - [STDERR_REDIRECT] [Fatal Error] :1:1: Premature end of file.
2025-06-11 21:52:48,462 [ERROR] LogOutputStream:75 - [STDERR_REDIRECT] 
2025-06-11 21:52:49,473 [ERROR] LogOutputStream:75 - [STDERR_REDIRECT] [Fatal Error] :1:1: Premature end of file.
2025-06-11 21:52:49,474 [ERROR] LogOutputStream:75 - [STDERR_REDIRECT] 
2025-06-11 21:52:50,480 [ERROR] LogOutputStream:75 - [STDERR_REDIRECT] [Fatal Error] :1:1: Premature end of file.
2025-06-11 21:52:50,481 [ERROR] LogOutputStream:75 - [STDERR_REDIRECT] 
2025-06-11 21:52:51,466 [ERROR] LogOutputStream:75 - [STDERR_REDIRECT] [Fatal Error] :1:1: Premature end of file.
2025-06-11 21:52:51,466 [ERROR] LogOutputStream:75 - [STDERR_REDIRECT] 
2025-06-11 21:52:52,472 [ERROR] LogOutputStream:75 - [STDERR_REDIRECT] [Fatal Error] :1:1: Premature end of file.
2025-06-11 21:52:52,473 [ERROR] LogOutputStream:75 - [STDERR_REDIRECT] 
2025-06-11 21:52:53,432 [ERROR] LogOutputStream:75 - [STDERR_REDIRECT] [Fatal Error] :1:1: Premature end of file.
2025-06-11 21:52:53,432 [ERROR] LogOutputStream:75 - [STDERR_REDIRECT] 
2025-06-11 21:52:54,401 [ERROR] LogOutputStream:75 - [STDERR_REDIRECT] [Fatal Error] :1:1: Premature end of file.
2025-06-11 21:52:54,401 [ERROR] LogOutputStream:75 - [STDERR_REDIRECT] 
2025-06-11 21:52:55,386 [ERROR] LogOutputStream:75 - [STDERR_REDIRECT] [Fatal Error] :1:1: Premature end of file.
2025-06-11 21:52:55,386 [ERROR] LogOutputStream:75 - [STDERR_REDIRECT] 
2025-06-11 21:52:56,467 [ERROR] LogOutputStream:75 - [STDERR_REDIRECT] [Fatal Error] :1:1: Premature end of file.
2025-06-11 21:52:56,467 [ERROR] LogOutputStream:75 - [STDERR_REDIRECT] 
2025-06-11 21:52:57,379 [ERROR] LogOutputStream:75 - [STDERR_REDIRECT] [Fatal Error] :1:1: Premature end of file.
2025-06-11 21:52:57,379 [ERROR] LogOutputStream:75 - [STDERR_REDIRECT] 
2025-06-11 21:52:58,387 [ERROR] LogOutputStream:75 - [STDERR_REDIRECT] [Fatal Error] :1:1: Premature end of file.
2025-06-11 21:52:58,387 [ERROR] LogOutputStream:75 - [STDERR_REDIRECT] 
2025-06-11 21:52:59,368 [ERROR] LogOutputStream:75 - [STDERR_REDIRECT] [Fatal Error] :1:1: Premature end of file.
2025-06-11 21:52:59,368 [ERROR] LogOutputStream:75 - [STDERR_REDIRECT] 
2025-06-11 21:53:00,468 [ERROR] LogOutputStream:75 - [STDERR_REDIRECT] [Fatal Error] :1:1: Premature end of file.
2025-06-11 21:53:00,468 [ERROR] LogOutputStream:75 - [STDERR_REDIRECT] 
2025-06-11 21:53:01,381 [ERROR] LogOutputStream:75 - [STDERR_REDIRECT] [Fatal Error] :1:1: Premature end of file.
2025-06-11 21:53:01,382 [ERROR] LogOutputStream:75 - [STDERR_REDIRECT] 
2025-06-11 21:53:02,382 [ERROR] LogOutputStream:75 - [STDERR_REDIRECT] [Fatal Error] :1:1: Premature end of file.
2025-06-11 21:53:02,383 [ERROR] LogOutputStream:75 - [STDERR_REDIRECT] 
2025-06-11 21:53:03,385 [ERROR] LogOutputStream:75 - [STDERR_REDIRECT] [Fatal Error] :1:1: Premature end of file.
2025-06-11 21:53:03,385 [ERROR] LogOutputStream:75 - [STDERR_REDIRECT] 
2025-06-11 21:53:04,456 [ERROR] LogOutputStream:75 - [STDERR_REDIRECT] [Fatal Error] :1:1: Premature end of file.
2025-06-11 21:53:04,456 [ERROR] LogOutputStream:75 - [STDERR_REDIRECT] 
2025-06-11 21:53:05,445 [ERROR] LogOutputStream:75 - [STDERR_REDIRECT] [Fatal Error] :1:1: Premature end of file.
2025-06-11 21:53:05,445 [ERROR] LogOutputStream:75 - [STDERR_REDIRECT] 
2025-06-11 21:53:06,453 [ERROR] LogOutputStream:75 - [STDERR_REDIRECT] [Fatal Error] :1:1: Premature end of file.
2025-06-11 21:53:06,453 [ERROR] LogOutputStream:75 - [STDERR_REDIRECT] 
2025-06-11 21:53:07,366 [ERROR] LogOutputStream:75 - [STDERR_REDIRECT] [Fatal Error] :1:1: Premature end of file.
2025-06-11 21:53:07,366 [ERROR] LogOutputStream:75 - [STDERR_REDIRECT] 
2025-06-11 21:53:08,440 [ERROR] LogOutputStream:75 - [STDERR_REDIRECT] [Fatal Error] :1:1: Premature end of file.
2025-06-11 21:53:08,440 [ERROR] LogOutputStream:75 - [STDERR_REDIRECT] 
2025-06-11 21:53:09,375 [ERROR] LogOutputStream:75 - [STDERR_REDIRECT] [Fatal Error] :1:1: Premature end of file.
2025-06-11 21:53:09,375 [ERROR] LogOutputStream:75 - [STDERR_REDIRECT] 
2025-06-11 21:53:10,371 [ERROR] LogOutputStream:75 - [STDERR_REDIRECT] [Fatal Error] :1:1: Premature end of file.
2025-06-11 21:53:10,371 [ERROR] LogOutputStream:75 - [STDERR_REDIRECT] 
2025-06-11 21:53:11,441 [ERROR] LogOutputStream:75 - [STDERR_REDIRECT] [Fatal Error] :1:1: Premature end of file.
2025-06-11 21:53:11,441 [ERROR] LogOutputStream:75 - [STDERR_REDIRECT] 
2025-06-11 21:53:12,468 [ERROR] LogOutputStream:75 - [STDERR_REDIRECT] [Fatal Error] :1:1: Premature end of file.
2025-06-11 21:53:12,468 [ERROR] LogOutputStream:75 - [STDERR_REDIRECT] 
2025-06-11 21:53:13,417 [ERROR] LogOutputStream:75 - [STDERR_REDIRECT] [Fatal Error] :1:1: Premature end of file.
2025-06-11 21:53:13,417 [ERROR] LogOutputStream:75 - [STDERR_REDIRECT] 
2025-06-11 21:53:14,405 [ERROR] LogOutputStream:75 - [STDERR_REDIRECT] [Fatal Error] :1:1: Premature end of file.
2025-06-11 21:53:14,405 [ERROR] LogOutputStream:75 - [STDERR_REDIRECT] 
2025-06-11 21:53:15,424 [ERROR] LogOutputStream:75 - [STDERR_REDIRECT] [Fatal Error] :1:1: Premature end of file.
2025-06-11 21:53:15,424 [ERROR] LogOutputStream:75 - [STDERR_REDIRECT] 
2025-06-11 21:53:16,386 [ERROR] LogOutputStream:75 - [STDERR_REDIRECT] [Fatal Error] :1:1: Premature end of file.
2025-06-11 21:53:16,386 [ERROR] LogOutputStream:75 - [STDERR_REDIRECT] 
2025-06-11 21:53:17,385 [ERROR] LogOutputStream:75 - [STDERR_REDIRECT] [Fatal Error] :1:1: Premature end of file.
2025-06-11 21:53:17,386 [ERROR] LogOutputStream:75 - [STDERR_REDIRECT] 
2025-06-11 21:53:18,435 [ERROR] LogOutputStream:75 - [STDERR_REDIRECT] [Fatal Error] :1:1: Premature end of file.
2025-06-11 21:53:18,435 [ERROR] LogOutputStream:75 - [STDERR_REDIRECT] 
2025-06-11 21:53:19,451 [ERROR] LogOutputStream:75 - [STDERR_REDIRECT] [Fatal Error] :1:1: Premature end of file.
2025-06-11 21:53:19,451 [ERROR] LogOutputStream:75 - [STDERR_REDIRECT] 
2025-06-11 21:53:20,465 [ERROR] LogOutputStream:75 - [STDERR_REDIRECT] [Fatal Error] :1:1: Premature end of file.
2025-06-11 21:53:20,465 [ERROR] LogOutputStream:75 - [STDERR_REDIRECT] 
2025-06-11 21:53:21,366 [ERROR] LogOutputStream:75 - [STDERR_REDIRECT] [Fatal Error] :1:1: Premature end of file.
2025-06-11 21:53:21,366 [ERROR] LogOutputStream:75 - [STDERR_REDIRECT] 
2025-06-11 21:53:22,427 [ERROR] LogOutputStream:75 - [STDERR_REDIRECT] [Fatal Error] :1:1: Premature end of file.
2025-06-11 21:53:22,428 [ERROR] LogOutputStream:75 - [STDERR_REDIRECT] 
2025-06-11 21:53:23,470 [ERROR] LogOutputStream:75 - [STDERR_REDIRECT] [Fatal Error] :1:1: Premature end of file.
2025-06-11 21:53:23,470 [ERROR] LogOutputStream:75 - [STDERR_REDIRECT] 
2025-06-11 21:53:24,434 [ERROR] LogOutputStream:75 - [STDERR_REDIRECT] [Fatal Error] :1:1: Premature end of file.
2025-06-11 21:53:24,434 [ERROR] LogOutputStream:75 - [STDERR_REDIRECT] 
2025-06-11 21:53:25,446 [ERROR] LogOutputStream:75 - [STDERR_REDIRECT] [Fatal Error] :1:1: Premature end of file.
2025-06-11 21:53:25,446 [ERROR] LogOutputStream:75 - [STDERR_REDIRECT] 
2025-06-11 21:53:26,460 [ERROR] LogOutputStream:75 - [STDERR_REDIRECT] [Fatal Error] :1:1: Premature end of file.
2025-06-11 21:53:26,460 [ERROR] LogOutputStream:75 - [STDERR_REDIRECT] 
2025-06-11 21:53:27,465 [ERROR] LogOutputStream:75 - [STDERR_REDIRECT] [Fatal Error] :1:1: Premature end of file.
2025-06-11 21:53:27,466 [ERROR] LogOutputStream:75 - [STDERR_REDIRECT] 
2025-06-11 21:53:28,464 [ERROR] LogOutputStream:75 - [STDERR_REDIRECT] [Fatal Error] :1:1: Premature end of file.
2025-06-11 21:53:28,465 [ERROR] LogOutputStream:75 - [STDERR_REDIRECT] 
2025-06-11 21:53:29,464 [ERROR] LogOutputStream:75 - [STDERR_REDIRECT] [Fatal Error] :1:1: Premature end of file.
2025-06-11 21:53:29,464 [ERROR] LogOutputStream:75 - [STDERR_REDIRECT] 
2025-06-11 21:53:30,437 [ERROR] LogOutputStream:75 - [STDERR_REDIRECT] [Fatal Error] :1:1: Premature end of file.
2025-06-11 21:53:30,437 [ERROR] LogOutputStream:75 - [STDERR_REDIRECT] 
2025-06-11 21:53:31,465 [ERROR] LogOutputStream:75 - [STDERR_REDIRECT] [Fatal Error] :1:1: Premature end of file.
2025-06-11 21:53:31,466 [ERROR] LogOutputStream:75 - [STDERR_REDIRECT] 
2025-06-11 21:53:32,461 [ERROR] LogOutputStream:75 - [STDERR_REDIRECT] [Fatal Error] :1:1: Premature end of file.
2025-06-11 21:53:32,462 [ERROR] LogOutputStream:75 - [STDERR_REDIRECT] 
2025-06-11 21:53:33,420 [ERROR] LogOutputStream:75 - [STDERR_REDIRECT] [Fatal Error] :1:1: Premature end of file.
2025-06-11 21:53:33,420 [ERROR] LogOutputStream:75 - [STDERR_REDIRECT] 
2025-06-11 21:53:34,459 [ERROR] LogOutputStream:75 - [STDERR_REDIRECT] [Fatal Error] :1:1: Premature end of file.
2025-06-11 21:53:34,459 [ERROR] LogOutputStream:75 - [STDERR_REDIRECT] 
2025-06-11 21:53:35,370 [ERROR] LogOutputStream:75 - [STDERR_REDIRECT] [Fatal Error] :1:1: Premature end of file.
2025-06-11 21:53:35,370 [ERROR] LogOutputStream:75 - [STDERR_REDIRECT] 
2025-06-11 21:53:36,382 [ERROR] LogOutputStream:75 - [STDERR_REDIRECT] [Fatal Error] :1:1: Premature end of file.
2025-06-11 21:53:36,382 [ERROR] LogOutputStream:75 - [STDERR_REDIRECT] 
2025-06-11 21:53:37,372 [ERROR] LogOutputStream:75 - [STDERR_REDIRECT] [Fatal Error] :1:1: Premature end of file.
2025-06-11 21:53:37,372 [ERROR] LogOutputStream:75 - [STDERR_REDIRECT] 
2025-06-11 21:53:38,379 [ERROR] LogOutputStream:75 - [STDERR_REDIRECT] [Fatal Error] :1:1: Premature end of file.
2025-06-11 21:53:38,379 [ERROR] LogOutputStream:75 - [STDERR_REDIRECT] 
2025-06-11 21:53:39,465 [ERROR] LogOutputStream:75 - [STDERR_REDIRECT] [Fatal Error] :1:1: Premature end of file.
2025-06-11 21:53:39,465 [ERROR] LogOutputStream:75 - [STDERR_REDIRECT] 
2025-06-11 21:53:40,463 [ERROR] LogOutputStream:75 - [STDERR_REDIRECT] [Fatal Error] :1:1: Premature end of file.
2025-06-11 21:53:40,464 [ERROR] LogOutputStream:75 - [STDERR_REDIRECT] 
2025-06-11 21:53:41,373 [ERROR] LogOutputStream:75 - [STDERR_REDIRECT] [Fatal Error] :1:1: Premature end of file.
2025-06-11 21:53:41,373 [ERROR] LogOutputStream:75 - [STDERR_REDIRECT] 
2025-06-11 21:53:42,404 [ERROR] LogOutputStream:75 - [STDERR_REDIRECT] [Fatal Error] :1:1: Premature end of file.
2025-06-11 21:53:42,404 [ERROR] LogOutputStream:75 - [STDERR_REDIRECT] 
2025-06-11 21:53:43,410 [ERROR] LogOutputStream:75 - [STDERR_REDIRECT] [Fatal Error] :1:1: Premature end of file.
2025-06-11 21:53:43,410 [ERROR] LogOutputStream:75 - [STDERR_REDIRECT] 
2025-06-11 21:53:44,385 [ERROR] LogOutputStream:75 - [STDERR_REDIRECT] [Fatal Error] :1:1: Premature end of file.
2025-06-11 21:53:44,385 [ERROR] LogOutputStream:75 - [STDERR_REDIRECT] 
2025-06-11 21:53:45,372 [ERROR] LogOutputStream:75 - [STDERR_REDIRECT] [Fatal Error] :1:1: Premature end of file.
2025-06-11 21:53:45,372 [ERROR] LogOutputStream:75 - [STDERR_REDIRECT] 
2025-06-11 21:53:46,437 [ERROR] LogOutputStream:75 - [STDERR_REDIRECT] [Fatal Error] :1:1: Premature end of file.
2025-06-11 21:53:46,437 [ERROR] LogOutputStream:75 - [STDERR_REDIRECT] 
2025-06-11 21:53:47,384 [ERROR] LogOutputStream:75 - [STDERR_REDIRECT] [Fatal Error] :1:1: Premature end of file.
2025-06-11 21:53:47,384 [ERROR] LogOutputStream:75 - [STDERR_REDIRECT] 
2025-06-11 21:53:48,476 [ERROR] LogOutputStream:75 - [STDERR_REDIRECT] [Fatal Error] :1:1: Premature end of file.
2025-06-11 21:53:48,476 [ERROR] LogOutputStream:75 - [STDERR_REDIRECT] 
2025-06-11 21:53:49,457 [ERROR] LogOutputStream:75 - [STDERR_REDIRECT] [Fatal Error] :1:1: Premature end of file.
2025-06-11 21:53:49,457 [ERROR] LogOutputStream:75 - [STDERR_REDIRECT] 
2025-06-11 21:53:50,469 [ERROR] LogOutputStream:75 - [STDERR_REDIRECT] [Fatal Error] :1:1: Premature end of file.
2025-06-11 21:53:50,470 [ERROR] LogOutputStream:75 - [STDERR_REDIRECT] 
2025-06-11 21:53:51,477 [ERROR] LogOutputStream:75 - [STDERR_REDIRECT] [Fatal Error] :1:1: Premature end of file.
2025-06-11 21:53:51,477 [ERROR] LogOutputStream:75 - [STDERR_REDIRECT] 
2025-06-11 21:53:52,458 [ERROR] LogOutputStream:75 - [STDERR_REDIRECT] [Fatal Error] :1:1: Premature end of file.
2025-06-11 21:53:52,458 [ERROR] LogOutputStream:75 - [STDERR_REDIRECT] 
2025-06-11 21:53:53,467 [ERROR] LogOutputStream:75 - [STDERR_REDIRECT] [Fatal Error] :1:1: Premature end of file.
2025-06-11 21:53:53,468 [ERROR] LogOutputStream:75 - [STDERR_REDIRECT] 
2025-06-11 21:53:54,465 [ERROR] LogOutputStream:75 - [STDERR_REDIRECT] [Fatal Error] :1:1: Premature end of file.
2025-06-11 21:53:54,465 [ERROR] LogOutputStream:75 - [STDERR_REDIRECT] 
2025-06-11 21:53:55,463 [ERROR] LogOutputStream:75 - [STDERR_REDIRECT] [Fatal Error] :1:1: Premature end of file.
2025-06-11 21:53:55,464 [ERROR] LogOutputStream:75 - [STDERR_REDIRECT] 
2025-06-11 21:53:56,465 [ERROR] LogOutputStream:75 - [STDERR_REDIRECT] [Fatal Error] :1:1: Premature end of file.
2025-06-11 21:53:56,465 [ERROR] LogOutputStream:75 - [STDERR_REDIRECT] 
2025-06-11 21:53:57,471 [ERROR] LogOutputStream:75 - [STDERR_REDIRECT] [Fatal Error] :1:1: Premature end of file.
2025-06-11 21:53:57,472 [ERROR] LogOutputStream:75 - [STDERR_REDIRECT] 
2025-06-11 21:53:58,381 [ERROR] LogOutputStream:75 - [STDERR_REDIRECT] [Fatal Error] :1:1: Premature end of file.
2025-06-11 21:53:58,381 [ERROR] LogOutputStream:75 - [STDERR_REDIRECT] 
2025-06-11 21:53:59,378 [ERROR] LogOutputStream:75 - [STDERR_REDIRECT] [Fatal Error] :1:1: Premature end of file.
2025-06-11 21:53:59,378 [ERROR] LogOutputStream:75 - [STDERR_REDIRECT] 
2025-06-11 21:54:00,382 [ERROR] LogOutputStream:75 - [STDERR_REDIRECT] [Fatal Error] :1:1: Premature end of file.
2025-06-11 21:54:00,382 [ERROR] LogOutputStream:75 - [STDERR_REDIRECT] 
2025-06-11 21:54:01,387 [ERROR] LogOutputStream:75 - [STDERR_REDIRECT] [Fatal Error] :1:1: Premature end of file.
2025-06-11 21:54:01,388 [ERROR] LogOutputStream:75 - [STDERR_REDIRECT] 
2025-06-11 21:54:02,501 [ERROR] LogOutputStream:75 - [STDERR_REDIRECT] [Fatal Error] :1:1: Premature end of file.
2025-06-11 21:54:02,502 [ERROR] LogOutputStream:75 - [STDERR_REDIRECT] 
2025-06-11 21:54:03,377 [ERROR] LogOutputStream:75 - [STDERR_REDIRECT] [Fatal Error] :1:1: Premature end of file.
2025-06-11 21:54:03,377 [ERROR] LogOutputStream:75 - [STDERR_REDIRECT] 
2025-06-11 21:54:04,418 [ERROR] LogOutputStream:75 - [STDERR_REDIRECT] [Fatal Error] :1:1: Premature end of file.
2025-06-11 21:54:04,418 [ERROR] LogOutputStream:75 - [STDERR_REDIRECT] 
2025-06-11 21:54:05,367 [ERROR] LogOutputStream:75 - [STDERR_REDIRECT] [Fatal Error] :1:1: Premature end of file.
2025-06-11 21:54:05,367 [ERROR] LogOutputStream:75 - [STDERR_REDIRECT] 
2025-06-11 21:54:06,372 [ERROR] LogOutputStream:75 - [STDERR_REDIRECT] [Fatal Error] :1:1: Premature end of file.
2025-06-11 21:54:06,372 [ERROR] LogOutputStream:75 - [STDERR_REDIRECT] 
2025-06-11 21:54:07,436 [ERROR] LogOutputStream:75 - [STDERR_REDIRECT] [Fatal Error] :1:1: Premature end of file.
2025-06-11 21:54:07,436 [ERROR] LogOutputStream:75 - [STDERR_REDIRECT] 
2025-06-11 21:54:08,472 [ERROR] LogOutputStream:75 - [STDERR_REDIRECT] [Fatal Error] :1:1: Premature end of file.
2025-06-11 21:54:08,472 [ERROR] LogOutputStream:75 - [STDERR_REDIRECT] 
2025-06-11 21:54:09,387 [ERROR] LogOutputStream:75 - [STDERR_REDIRECT] [Fatal Error] :1:1: Premature end of file.
2025-06-11 21:54:09,387 [ERROR] LogOutputStream:75 - [STDERR_REDIRECT] 
2025-06-11 21:54:10,465 [ERROR] LogOutputStream:75 - [STDERR_REDIRECT] [Fatal Error] :1:1: Premature end of file.
2025-06-11 21:54:10,466 [ERROR] LogOutputStream:75 - [STDERR_REDIRECT] 
2025-06-11 21:54:11,384 [ERROR] LogOutputStream:75 - [STDERR_REDIRECT] [Fatal Error] :1:1: Premature end of file.
2025-06-11 21:54:11,384 [ERROR] LogOutputStream:75 - [STDERR_REDIRECT] 
2025-06-11 21:54:12,457 [ERROR] LogOutputStream:75 - [STDERR_REDIRECT] [Fatal Error] :1:1: Premature end of file.
2025-06-11 21:54:12,457 [ERROR] LogOutputStream:75 - [STDERR_REDIRECT] 
2025-06-11 21:54:13,378 [ERROR] LogOutputStream:75 - [STDERR_REDIRECT] [Fatal Error] :1:1: Premature end of file.
2025-06-11 21:54:13,378 [ERROR] LogOutputStream:75 - [STDERR_REDIRECT] 
2025-06-11 21:54:14,452 [ERROR] LogOutputStream:75 - [STDERR_REDIRECT] [Fatal Error] :1:1: Premature end of file.
2025-06-11 21:54:14,452 [ERROR] LogOutputStream:75 - [STDERR_REDIRECT] 
2025-06-11 21:54:15,428 [ERROR] LogOutputStream:75 - [STDERR_REDIRECT] [Fatal Error] :1:1: Premature end of file.
2025-06-11 21:54:15,429 [ERROR] LogOutputStream:75 - [STDERR_REDIRECT] 
2025-06-11 21:54:16,377 [ERROR] LogOutputStream:75 - [STDERR_REDIRECT] [Fatal Error] :1:1: Premature end of file.
2025-06-11 21:54:16,378 [ERROR] LogOutputStream:75 - [STDERR_REDIRECT] 
2025-06-11 21:54:17,373 [ERROR] LogOutputStream:75 - [STDERR_REDIRECT] [Fatal Error] :1:1: Premature end of file.
2025-06-11 21:54:17,373 [ERROR] LogOutputStream:75 - [STDERR_REDIRECT] 
2025-06-11 21:54:18,371 [ERROR] LogOutputStream:75 - [STDERR_REDIRECT] [Fatal Error] :1:1: Premature end of file.
2025-06-11 21:54:18,371 [ERROR] LogOutputStream:75 - [STDERR_REDIRECT] 
2025-06-11 21:54:19,421 [ERROR] LogOutputStream:75 - [STDERR_REDIRECT] [Fatal Error] :1:1: Premature end of file.
2025-06-11 21:54:19,421 [ERROR] LogOutputStream:75 - [STDERR_REDIRECT] 
2025-06-11 21:54:20,387 [ERROR] LogOutputStream:75 - [STDERR_REDIRECT] [Fatal Error] :1:1: Premature end of file.
2025-06-11 21:54:20,388 [ERROR] LogOutputStream:75 - [STDERR_REDIRECT] 
2025-06-11 21:54:21,374 [ERROR] LogOutputStream:75 - [STDERR_REDIRECT] [Fatal Error] :1:1: Premature end of file.
2025-06-11 21:54:21,374 [ERROR] LogOutputStream:75 - [STDERR_REDIRECT] 
2025-06-11 21:54:22,380 [ERROR] LogOutputStream:75 - [STDERR_REDIRECT] [Fatal Error] :1:1: Premature end of file.
2025-06-11 21:54:22,380 [ERROR] LogOutputStream:75 - [STDERR_REDIRECT] 
2025-06-11 21:54:23,383 [ERROR] LogOutputStream:75 - [STDERR_REDIRECT] [Fatal Error] :1:1: Premature end of file.
2025-06-11 21:54:23,383 [ERROR] LogOutputStream:75 - [STDERR_REDIRECT] 
2025-06-11 21:54:24,481 [ERROR] LogOutputStream:75 - [STDERR_REDIRECT] [Fatal Error] :1:1: Premature end of file.
2025-06-11 21:54:24,482 [ERROR] LogOutputStream:75 - [STDERR_REDIRECT] 
2025-06-11 21:54:25,382 [ERROR] LogOutputStream:75 - [STDERR_REDIRECT] [Fatal Error] :1:1: Premature end of file.
2025-06-11 21:54:25,382 [ERROR] LogOutputStream:75 - [STDERR_REDIRECT] 
2025-06-11 21:54:26,406 [ERROR] LogOutputStream:75 - [STDERR_REDIRECT] [Fatal Error] :1:1: Premature end of file.
2025-06-11 21:54:26,406 [ERROR] LogOutputStream:75 - [STDERR_REDIRECT] 
2025-06-11 21:54:27,396 [ERROR] LogOutputStream:75 - [STDERR_REDIRECT] [Fatal Error] :1:1: Premature end of file.
2025-06-11 21:54:27,396 [ERROR] LogOutputStream:75 - [STDERR_REDIRECT] 
2025-06-11 21:54:28,386 [ERROR] LogOutputStream:75 - [STDERR_REDIRECT] [Fatal Error] :1:1: Premature end of file.
2025-06-11 21:54:28,386 [ERROR] LogOutputStream:75 - [STDERR_REDIRECT] 
2025-06-11 21:54:29,379 [ERROR] LogOutputStream:75 - [STDERR_REDIRECT] [Fatal Error] :1:1: Premature end of file.
2025-06-11 21:54:29,379 [ERROR] LogOutputStream:75 - [STDERR_REDIRECT] 
2025-06-11 21:54:30,430 [ERROR] LogOutputStream:75 - [STDERR_REDIRECT] [Fatal Error] :1:1: Premature end of file.
2025-06-11 21:54:30,430 [ERROR] LogOutputStream:75 - [STDERR_REDIRECT] 
2025-06-11 21:54:31,449 [ERROR] LogOutputStream:75 - [STDERR_REDIRECT] [Fatal Error] :1:1: Premature end of file.
2025-06-11 21:54:31,449 [ERROR] LogOutputStream:75 - [STDERR_REDIRECT] 
2025-06-11 21:54:32,458 [ERROR] LogOutputStream:75 - [STDERR_REDIRECT] [Fatal Error] :1:1: Premature end of file.
2025-06-11 21:54:32,458 [ERROR] LogOutputStream:75 - [STDERR_REDIRECT] 
2025-06-11 21:54:33,458 [ERROR] LogOutputStream:75 - [STDERR_REDIRECT] [Fatal Error] :1:1: Premature end of file.
2025-06-11 21:54:33,458 [ERROR] LogOutputStream:75 - [STDERR_REDIRECT] 
2025-06-11 21:54:34,449 [ERROR] LogOutputStream:75 - [STDERR_REDIRECT] [Fatal Error] :1:1: Premature end of file.
2025-06-11 21:54:34,449 [ERROR] LogOutputStream:75 - [STDERR_REDIRECT] 
2025-06-11 21:54:35,418 [ERROR] LogOutputStream:75 - [STDERR_REDIRECT] [Fatal Error] :1:1: Premature end of file.
2025-06-11 21:54:35,418 [ERROR] LogOutputStream:75 - [STDERR_REDIRECT] 
2025-06-11 21:54:36,416 [ERROR] LogOutputStream:75 - [STDERR_REDIRECT] [Fatal Error] :1:1: Premature end of file.
2025-06-11 21:54:36,416 [ERROR] LogOutputStream:75 - [STDERR_REDIRECT] 
2025-06-11 21:54:37,453 [ERROR] LogOutputStream:75 - [STDERR_REDIRECT] [Fatal Error] :1:1: Premature end of file.
2025-06-11 21:54:37,454 [ERROR] LogOutputStream:75 - [STDERR_REDIRECT] 
2025-06-11 21:54:38,455 [ERROR] LogOutputStream:75 - [STDERR_REDIRECT] [Fatal Error] :1:1: Premature end of file.
2025-06-11 21:54:38,456 [ERROR] LogOutputStream:75 - [STDERR_REDIRECT] 
2025-06-11 21:54:39,456 [ERROR] LogOutputStream:75 - [STDERR_REDIRECT] [Fatal Error] :1:1: Premature end of file.
2025-06-11 21:54:39,456 [ERROR] LogOutputStream:75 - [STDERR_REDIRECT] 
2025-06-11 21:54:40,442 [ERROR] LogOutputStream:75 - [STDERR_REDIRECT] [Fatal Error] :1:1: Premature end of file.
2025-06-11 21:54:40,442 [ERROR] LogOutputStream:75 - [STDERR_REDIRECT] 
2025-06-11 21:54:41,446 [ERROR] LogOutputStream:75 - [STDERR_REDIRECT] [Fatal Error] :1:1: Premature end of file.
2025-06-11 21:54:41,446 [ERROR] LogOutputStream:75 - [STDERR_REDIRECT] 
2025-06-11 21:54:42,452 [ERROR] LogOutputStream:75 - [STDERR_REDIRECT] [Fatal Error] :1:1: Premature end of file.
2025-06-11 21:54:42,452 [ERROR] LogOutputStream:75 - [STDERR_REDIRECT] 
2025-06-11 21:54:43,457 [ERROR] LogOutputStream:75 - [STDERR_REDIRECT] [Fatal Error] :1:1: Premature end of file.
2025-06-11 21:54:43,458 [ERROR] LogOutputStream:75 - [STDERR_REDIRECT] 
2025-06-11 21:54:44,456 [ERROR] LogOutputStream:75 - [STDERR_REDIRECT] [Fatal Error] :1:1: Premature end of file.
2025-06-11 21:54:44,457 [ERROR] LogOutputStream:75 - [STDERR_REDIRECT] 
2025-06-11 21:54:45,433 [ERROR] LogOutputStream:75 - [STDERR_REDIRECT] [Fatal Error] :1:1: Premature end of file.
2025-06-11 21:54:45,433 [ERROR] LogOutputStream:75 - [STDERR_REDIRECT] 
2025-06-11 21:54:46,410 [ERROR] LogOutputStream:75 - [STDERR_REDIRECT] [Fatal Error] :1:1: Premature end of file.
2025-06-11 21:54:46,410 [ERROR] LogOutputStream:75 - [STDERR_REDIRECT] 
2025-06-11 21:54:47,448 [ERROR] LogOutputStream:75 - [STDERR_REDIRECT] [Fatal Error] :1:1: Premature end of file.
2025-06-11 21:54:47,448 [ERROR] LogOutputStream:75 - [STDERR_REDIRECT] 
2025-06-11 21:54:48,386 [ERROR] LogOutputStream:75 - [STDERR_REDIRECT] [Fatal Error] :1:1: Premature end of file.
2025-06-11 21:54:48,387 [ERROR] LogOutputStream:75 - [STDERR_REDIRECT] 
2025-06-11 21:54:49,473 [ERROR] LogOutputStream:75 - [STDERR_REDIRECT] [Fatal Error] :1:1: Premature end of file.
2025-06-11 21:54:49,473 [ERROR] LogOutputStream:75 - [STDERR_REDIRECT] 
2025-06-11 21:54:50,412 [ERROR] LogOutputStream:75 - [STDERR_REDIRECT] [Fatal Error] :1:1: Premature end of file.
2025-06-11 21:54:50,412 [ERROR] LogOutputStream:75 - [STDERR_REDIRECT] 
2025-06-11 21:54:51,400 [ERROR] LogOutputStream:75 - [STDERR_REDIRECT] [Fatal Error] :1:1: Premature end of file.
2025-06-11 21:54:51,400 [ERROR] LogOutputStream:75 - [STDERR_REDIRECT] 
2025-06-11 21:54:52,460 [ERROR] LogOutputStream:75 - [STDERR_REDIRECT] [Fatal Error] :1:1: Premature end of file.
2025-06-11 21:54:52,460 [ERROR] LogOutputStream:75 - [STDERR_REDIRECT] 
2025-06-11 21:54:53,454 [ERROR] LogOutputStream:75 - [STDERR_REDIRECT] [Fatal Error] :1:1: Premature end of file.
2025-06-11 21:54:53,454 [ERROR] LogOutputStream:75 - [STDERR_REDIRECT] 
2025-06-11 21:54:54,444 [ERROR] LogOutputStream:75 - [STDERR_REDIRECT] [Fatal Error] :1:1: Premature end of file.
2025-06-11 21:54:54,444 [ERROR] LogOutputStream:75 - [STDERR_REDIRECT] 
2025-06-11 21:54:55,418 [ERROR] LogOutputStream:75 - [STDERR_REDIRECT] [Fatal Error] :1:1: Premature end of file.
2025-06-11 21:54:55,418 [ERROR] LogOutputStream:75 - [STDERR_REDIRECT] 
2025-06-11 21:54:56,425 [ERROR] LogOutputStream:75 - [STDERR_REDIRECT] [Fatal Error] :1:1: Premature end of file.
2025-06-11 21:54:56,425 [ERROR] LogOutputStream:75 - [STDERR_REDIRECT] 
2025-06-11 21:54:57,377 [ERROR] LogOutputStream:75 - [STDERR_REDIRECT] [Fatal Error] :1:1: Premature end of file.
2025-06-11 21:54:57,378 [ERROR] LogOutputStream:75 - [STDERR_REDIRECT] 
2025-06-11 21:54:58,472 [ERROR] LogOutputStream:75 - [STDERR_REDIRECT] [Fatal Error] :1:1: Premature end of file.
2025-06-11 21:54:58,472 [ERROR] LogOutputStream:75 - [STDERR_REDIRECT] 
2025-06-11 21:54:59,373 [ERROR] LogOutputStream:75 - [STDERR_REDIRECT] [Fatal Error] :1:1: Premature end of file.
2025-06-11 21:54:59,373 [ERROR] LogOutputStream:75 - [STDERR_REDIRECT] 
2025-06-11 21:55:00,383 [ERROR] LogOutputStream:75 - [STDERR_REDIRECT] [Fatal Error] :1:1: Premature end of file.
2025-06-11 21:55:00,384 [ERROR] LogOutputStream:75 - [STDERR_REDIRECT] 
2025-06-11 21:55:01,458 [ERROR] LogOutputStream:75 - [STDERR_REDIRECT] [Fatal Error] :1:1: Premature end of file.
2025-06-11 21:55:01,458 [ERROR] LogOutputStream:75 - [STDERR_REDIRECT] 
2025-06-11 21:55:02,390 [ERROR] LogOutputStream:75 - [STDERR_REDIRECT] [Fatal Error] :1:1: Premature end of file.
2025-06-11 21:55:02,390 [ERROR] LogOutputStream:75 - [STDERR_REDIRECT] 
2025-06-11 21:55:03,383 [ERROR] LogOutputStream:75 - [STDERR_REDIRECT] [Fatal Error] :1:1: Premature end of file.
2025-06-11 21:55:03,383 [ERROR] LogOutputStream:75 - [STDERR_REDIRECT] 
2025-06-11 21:55:04,437 [ERROR] LogOutputStream:75 - [STDERR_REDIRECT] [Fatal Error] :1:1: Premature end of file.
2025-06-11 21:55:04,437 [ERROR] LogOutputStream:75 - [STDERR_REDIRECT] 
2025-06-11 21:55:05,378 [ERROR] LogOutputStream:75 - [STDERR_REDIRECT] [Fatal Error] :1:1: Premature end of file.
2025-06-11 21:55:05,379 [ERROR] LogOutputStream:75 - [STDERR_REDIRECT] 
2025-06-11 21:55:06,497 [ERROR] LogOutputStream:75 - [STDERR_REDIRECT] [Fatal Error] :1:1: Premature end of file.
2025-06-11 21:55:06,497 [ERROR] LogOutputStream:75 - [STDERR_REDIRECT] 
2025-06-11 21:55:07,489 [ERROR] LogOutputStream:75 - [STDERR_REDIRECT] [Fatal Error] :1:1: Premature end of file.
2025-06-11 21:55:07,490 [ERROR] LogOutputStream:75 - [STDERR_REDIRECT] 
2025-06-11 21:55:08,375 [ERROR] LogOutputStream:75 - [STDERR_REDIRECT] [Fatal Error] :1:1: Premature end of file.
2025-06-11 21:55:08,375 [ERROR] LogOutputStream:75 - [STDERR_REDIRECT] 
2025-06-11 21:55:09,466 [ERROR] LogOutputStream:75 - [STDERR_REDIRECT] [Fatal Error] :1:1: Premature end of file.
2025-06-11 21:55:09,466 [ERROR] LogOutputStream:75 - [STDERR_REDIRECT] 
2025-06-11 21:55:10,384 [ERROR] LogOutputStream:75 - [STDERR_REDIRECT] [Fatal Error] :1:1: Premature end of file.
2025-06-11 21:55:10,384 [ERROR] LogOutputStream:75 - [STDERR_REDIRECT] 
2025-06-11 21:55:11,376 [ERROR] LogOutputStream:75 - [STDERR_REDIRECT] [Fatal Error] :1:1: Premature end of file.
2025-06-11 21:55:11,376 [ERROR] LogOutputStream:75 - [STDERR_REDIRECT] 
2025-06-11 21:55:12,372 [ERROR] LogOutputStream:75 - [STDERR_REDIRECT] [Fatal Error] :1:1: Premature end of file.
2025-06-11 21:55:12,372 [ERROR] LogOutputStream:75 - [STDERR_REDIRECT] 
2025-06-11 21:55:13,369 [ERROR] LogOutputStream:75 - [STDERR_REDIRECT] [Fatal Error] :1:1: Premature end of file.
2025-06-11 21:55:13,369 [ERROR] LogOutputStream:75 - [STDERR_REDIRECT] 
2025-06-11 21:55:14,472 [ERROR] LogOutputStream:75 - [STDERR_REDIRECT] [Fatal Error] :1:1: Premature end of file.
2025-06-11 21:55:14,472 [ERROR] LogOutputStream:75 - [STDERR_REDIRECT] 
2025-06-11 21:55:15,466 [ERROR] LogOutputStream:75 - [STDERR_REDIRECT] [Fatal Error] :1:1: Premature end of file.
2025-06-11 21:55:15,467 [ERROR] LogOutputStream:75 - [STDERR_REDIRECT] 
2025-06-11 21:55:16,467 [ERROR] LogOutputStream:75 - [STDERR_REDIRECT] [Fatal Error] :1:1: Premature end of file.
2025-06-11 21:55:16,468 [ERROR] LogOutputStream:75 - [STDERR_REDIRECT] 
2025-06-11 21:55:17,376 [ERROR] LogOutputStream:75 - [STDERR_REDIRECT] [Fatal Error] :1:1: Premature end of file.
2025-06-11 21:55:17,376 [ERROR] LogOutputStream:75 - [STDERR_REDIRECT] 
2025-06-11 21:55:18,381 [ERROR] LogOutputStream:75 - [STDERR_REDIRECT] [Fatal Error] :1:1: Premature end of file.
2025-06-11 21:55:18,381 [ERROR] LogOutputStream:75 - [STDERR_REDIRECT] 
2025-06-11 21:55:19,460 [ERROR] LogOutputStream:75 - [STDERR_REDIRECT] [Fatal Error] :1:1: Premature end of file.
2025-06-11 21:55:19,460 [ERROR] LogOutputStream:75 - [STDERR_REDIRECT] 
2025-06-11 21:55:20,381 [ERROR] LogOutputStream:75 - [STDERR_REDIRECT] [Fatal Error] :1:1: Premature end of file.
2025-06-11 21:55:20,381 [ERROR] LogOutputStream:75 - [STDERR_REDIRECT] 
2025-06-11 21:55:21,370 [ERROR] LogOutputStream:75 - [STDERR_REDIRECT] [Fatal Error] :1:1: Premature end of file.
2025-06-11 21:55:21,370 [ERROR] LogOutputStream:75 - [STDERR_REDIRECT] 
2025-06-11 21:55:22,469 [ERROR] LogOutputStream:75 - [STDERR_REDIRECT] [Fatal Error] :1:1: Premature end of file.
2025-06-11 21:55:22,469 [ERROR] LogOutputStream:75 - [STDERR_REDIRECT] 
2025-06-11 21:55:23,456 [ERROR] LogOutputStream:75 - [STDERR_REDIRECT] [Fatal Error] :1:1: Premature end of file.
2025-06-11 21:55:23,456 [ERROR] LogOutputStream:75 - [STDERR_REDIRECT] 
2025-06-11 21:55:24,459 [ERROR] LogOutputStream:75 - [STDERR_REDIRECT] [Fatal Error] :1:1: Premature end of file.
2025-06-11 21:55:24,459 [ERROR] LogOutputStream:75 - [STDERR_REDIRECT] 
2025-06-11 21:55:25,374 [ERROR] LogOutputStream:75 - [STDERR_REDIRECT] [Fatal Error] :1:1: Premature end of file.
2025-06-11 21:55:25,375 [ERROR] LogOutputStream:75 - [STDERR_REDIRECT] 
2025-06-11 21:55:26,368 [ERROR] LogOutputStream:75 - [STDERR_REDIRECT] [Fatal Error] :1:1: Premature end of file.
2025-06-11 21:55:26,368 [ERROR] LogOutputStream:75 - [STDERR_REDIRECT] 
2025-06-11 21:55:27,443 [ERROR] LogOutputStream:75 - [STDERR_REDIRECT] [Fatal Error] :1:1: Premature end of file.
2025-06-11 21:55:27,444 [ERROR] LogOutputStream:75 - [STDERR_REDIRECT] 
2025-06-11 21:55:28,378 [ERROR] LogOutputStream:75 - [STDERR_REDIRECT] [Fatal Error] :1:1: Premature end of file.
2025-06-11 21:55:28,378 [ERROR] LogOutputStream:75 - [STDERR_REDIRECT] 
2025-06-11 21:55:29,380 [ERROR] LogOutputStream:75 - [STDERR_REDIRECT] [Fatal Error] :1:1: Premature end of file.
2025-06-11 21:55:29,380 [ERROR] LogOutputStream:75 - [STDERR_REDIRECT] 
2025-06-11 21:55:30,376 [ERROR] LogOutputStream:75 - [STDERR_REDIRECT] [Fatal Error] :1:1: Premature end of file.
2025-06-11 21:55:30,376 [ERROR] LogOutputStream:75 - [STDERR_REDIRECT] 
2025-06-11 21:55:31,369 [ERROR] LogOutputStream:75 - [STDERR_REDIRECT] [Fatal Error] :1:1: Premature end of file.
2025-06-11 21:55:31,369 [ERROR] LogOutputStream:75 - [STDERR_REDIRECT] 
2025-06-11 21:55:32,460 [ERROR] LogOutputStream:75 - [STDERR_REDIRECT] [Fatal Error] :1:1: Premature end of file.
2025-06-11 21:55:32,461 [ERROR] LogOutputStream:75 - [STDERR_REDIRECT] 
2025-06-11 21:55:33,379 [ERROR] LogOutputStream:75 - [STDERR_REDIRECT] [Fatal Error] :1:1: Premature end of file.
2025-06-11 21:55:33,379 [ERROR] LogOutputStream:75 - [STDERR_REDIRECT] 
2025-06-11 21:55:34,485 [ERROR] LogOutputStream:75 - [STDERR_REDIRECT] [Fatal Error] :1:1: Premature end of file.
2025-06-11 21:55:34,486 [ERROR] LogOutputStream:75 - [STDERR_REDIRECT] 
2025-06-11 21:55:35,465 [ERROR] LogOutputStream:75 - [STDERR_REDIRECT] [Fatal Error] :1:1: Premature end of file.
2025-06-11 21:55:35,465 [ERROR] LogOutputStream:75 - [STDERR_REDIRECT] 
2025-06-11 21:55:36,377 [ERROR] LogOutputStream:75 - [STDERR_REDIRECT] [Fatal Error] :1:1: Premature end of file.
2025-06-11 21:55:36,377 [ERROR] LogOutputStream:75 - [STDERR_REDIRECT] 
2025-06-11 21:55:37,474 [ERROR] LogOutputStream:75 - [STDERR_REDIRECT] [Fatal Error] :1:1: Premature end of file.
2025-06-11 21:55:37,474 [ERROR] LogOutputStream:75 - [STDERR_REDIRECT] 
2025-06-11 21:55:38,369 [ERROR] LogOutputStream:75 - [STDERR_REDIRECT] [Fatal Error] :1:1: Premature end of file.
2025-06-11 21:55:38,369 [ERROR] LogOutputStream:75 - [STDERR_REDIRECT] 
2025-06-11 21:55:39,468 [ERROR] LogOutputStream:75 - [STDERR_REDIRECT] [Fatal Error] :1:1: Premature end of file.
2025-06-11 21:55:39,468 [ERROR] LogOutputStream:75 - [STDERR_REDIRECT] 
2025-06-11 21:55:40,373 [ERROR] LogOutputStream:75 - [STDERR_REDIRECT] [Fatal Error] :1:1: Premature end of file.
2025-06-11 21:55:40,373 [ERROR] LogOutputStream:75 - [STDERR_REDIRECT] 
2025-06-11 21:55:41,436 [ERROR] LogOutputStream:75 - [STDERR_REDIRECT] [Fatal Error] :1:1: Premature end of file.
2025-06-11 21:55:41,436 [ERROR] LogOutputStream:75 - [STDERR_REDIRECT] 
2025-06-11 21:55:42,382 [ERROR] LogOutputStream:75 - [STDERR_REDIRECT] [Fatal Error] :1:1: Premature end of file.
2025-06-11 21:55:42,382 [ERROR] LogOutputStream:75 - [STDERR_REDIRECT] 
2025-06-11 21:55:43,381 [ERROR] LogOutputStream:75 - [STDERR_REDIRECT] [Fatal Error] :1:1: Premature end of file.
2025-06-11 21:55:43,381 [ERROR] LogOutputStream:75 - [STDERR_REDIRECT] 
2025-06-11 21:55:44,412 [ERROR] LogOutputStream:75 - [STDERR_REDIRECT] [Fatal Error] :1:1: Premature end of file.
2025-06-11 21:55:44,412 [ERROR] LogOutputStream:75 - [STDERR_REDIRECT] 
2025-06-11 21:55:45,393 [ERROR] LogOutputStream:75 - [STDERR_REDIRECT] [Fatal Error] :1:1: Premature end of file.
2025-06-11 21:55:45,393 [ERROR] LogOutputStream:75 - [STDERR_REDIRECT] 
2025-06-11 21:55:46,377 [ERROR] LogOutputStream:75 - [STDERR_REDIRECT] [Fatal Error] :1:1: Premature end of file.
2025-06-11 21:55:46,377 [ERROR] LogOutputStream:75 - [STDERR_REDIRECT] 
2025-06-11 21:55:47,458 [ERROR] LogOutputStream:75 - [STDERR_REDIRECT] [Fatal Error] :1:1: Premature end of file.
2025-06-11 21:55:47,458 [ERROR] LogOutputStream:75 - [STDERR_REDIRECT] 
2025-06-11 21:55:48,466 [ERROR] LogOutputStream:75 - [STDERR_REDIRECT] [Fatal Error] :1:1: Premature end of file.
2025-06-11 21:55:48,466 [ERROR] LogOutputStream:75 - [STDERR_REDIRECT] 
2025-06-11 21:55:49,389 [ERROR] LogOutputStream:75 - [STDERR_REDIRECT] [Fatal Error] :1:1: Premature end of file.
2025-06-11 21:55:49,389 [ERROR] LogOutputStream:75 - [STDERR_REDIRECT] 
2025-06-11 21:55:50,373 [ERROR] LogOutputStream:75 - [STDERR_REDIRECT] [Fatal Error] :1:1: Premature end of file.
2025-06-11 21:55:50,373 [ERROR] LogOutputStream:75 - [STDERR_REDIRECT] 
2025-06-11 21:55:51,377 [ERROR] LogOutputStream:75 - [STDERR_REDIRECT] [Fatal Error] :1:1: Premature end of file.
2025-06-11 21:55:51,377 [ERROR] LogOutputStream:75 - [STDERR_REDIRECT] 
2025-06-11 21:55:52,373 [ERROR] LogOutputStream:75 - [STDERR_REDIRECT] [Fatal Error] :1:1: Premature end of file.
2025-06-11 21:55:52,374 [ERROR] LogOutputStream:75 - [STDERR_REDIRECT] 
2025-06-11 21:55:53,385 [ERROR] LogOutputStream:75 - [STDERR_REDIRECT] [Fatal Error] :1:1: Premature end of file.
2025-06-11 21:55:53,385 [ERROR] LogOutputStream:75 - [STDERR_REDIRECT] 
2025-06-11 21:55:54,501 [ERROR] LogOutputStream:75 - [STDERR_REDIRECT] [Fatal Error] :1:1: Premature end of file.
2025-06-11 21:55:54,502 [ERROR] LogOutputStream:75 - [STDERR_REDIRECT] 
2025-06-11 21:55:55,489 [ERROR] LogOutputStream:75 - [STDERR_REDIRECT] [Fatal Error] :1:1: Premature end of file.
2025-06-11 21:55:55,489 [ERROR] LogOutputStream:75 - [STDERR_REDIRECT] 
2025-06-11 21:55:56,475 [ERROR] LogOutputStream:75 - [STDERR_REDIRECT] [Fatal Error] :1:1: Premature end of file.
2025-06-11 21:55:56,475 [ERROR] LogOutputStream:75 - [STDERR_REDIRECT] 
2025-06-11 21:55:57,377 [ERROR] LogOutputStream:75 - [STDERR_REDIRECT] [Fatal Error] :1:1: Premature end of file.
2025-06-11 21:55:57,377 [ERROR] LogOutputStream:75 - [STDERR_REDIRECT] 
2025-06-11 21:55:58,380 [ERROR] LogOutputStream:75 - [STDERR_REDIRECT] [Fatal Error] :1:1: Premature end of file.
2025-06-11 21:55:58,380 [ERROR] LogOutputStream:75 - [STDERR_REDIRECT] 
2025-06-11 21:55:59,376 [ERROR] LogOutputStream:75 - [STDERR_REDIRECT] [Fatal Error] :1:1: Premature end of file.
2025-06-11 21:55:59,376 [ERROR] LogOutputStream:75 - [STDERR_REDIRECT] 
2025-06-11 21:56:00,447 [ERROR] LogOutputStream:75 - [STDERR_REDIRECT] [Fatal Error] :1:1: Premature end of file.
2025-06-11 21:56:00,447 [ERROR] LogOutputStream:75 - [STDERR_REDIRECT] 
2025-06-11 21:56:01,424 [ERROR] LogOutputStream:75 - [STDERR_REDIRECT] [Fatal Error] :1:1: Premature end of file.
2025-06-11 21:56:01,424 [ERROR] LogOutputStream:75 - [STDERR_REDIRECT] 
2025-06-11 21:56:02,466 [ERROR] LogOutputStream:75 - [STDERR_REDIRECT] [Fatal Error] :1:1: Premature end of file.
2025-06-11 21:56:02,466 [ERROR] LogOutputStream:75 - [STDERR_REDIRECT] 
2025-06-11 21:56:03,478 [ERROR] LogOutputStream:75 - [STDERR_REDIRECT] [Fatal Error] :1:1: Premature end of file.
2025-06-11 21:56:03,478 [ERROR] LogOutputStream:75 - [STDERR_REDIRECT] 
2025-06-11 21:56:04,374 [ERROR] LogOutputStream:75 - [STDERR_REDIRECT] [Fatal Error] :1:1: Premature end of file.
2025-06-11 21:56:04,374 [ERROR] LogOutputStream:75 - [STDERR_REDIRECT] 
2025-06-11 21:56:05,385 [ERROR] LogOutputStream:75 - [STDERR_REDIRECT] [Fatal Error] :1:1: Premature end of file.
2025-06-11 21:56:05,385 [ERROR] LogOutputStream:75 - [STDERR_REDIRECT] 
2025-06-11 21:56:06,374 [ERROR] LogOutputStream:75 - [STDERR_REDIRECT] [Fatal Error] :1:1: Premature end of file.
2025-06-11 21:56:06,374 [ERROR] LogOutputStream:75 - [STDERR_REDIRECT] 
2025-06-11 21:56:07,487 [ERROR] LogOutputStream:75 - [STDERR_REDIRECT] [Fatal Error] :1:1: Premature end of file.
2025-06-11 21:56:07,488 [ERROR] LogOutputStream:75 - [STDERR_REDIRECT] 
2025-06-11 21:56:08,468 [ERROR] LogOutputStream:75 - [STDERR_REDIRECT] [Fatal Error] :1:1: Premature end of file.
2025-06-11 21:56:08,468 [ERROR] LogOutputStream:75 - [STDERR_REDIRECT] 
2025-06-11 21:56:09,502 [ERROR] LogOutputStream:75 - [STDERR_REDIRECT] [Fatal Error] :1:1: Premature end of file.
2025-06-11 21:56:09,502 [ERROR] LogOutputStream:75 - [STDERR_REDIRECT] 
2025-06-11 21:56:10,478 [ERROR] LogOutputStream:75 - [STDERR_REDIRECT] [Fatal Error] :1:1: Premature end of file.
2025-06-11 21:56:10,478 [ERROR] LogOutputStream:75 - [STDERR_REDIRECT] 
2025-06-11 21:56:11,489 [ERROR] LogOutputStream:75 - [STDERR_REDIRECT] [Fatal Error] :1:1: Premature end of file.
2025-06-11 21:56:11,489 [ERROR] LogOutputStream:75 - [STDERR_REDIRECT] 
2025-06-11 21:56:12,388 [ERROR] LogOutputStream:75 - [STDERR_REDIRECT] [Fatal Error] :1:1: Premature end of file.
2025-06-11 21:56:12,389 [ERROR] LogOutputStream:75 - [STDERR_REDIRECT] 
2025-06-11 21:56:13,389 [ERROR] LogOutputStream:75 - [STDERR_REDIRECT] [Fatal Error] :1:1: Premature end of file.
2025-06-11 21:56:13,389 [ERROR] LogOutputStream:75 - [STDERR_REDIRECT] 
2025-06-11 21:56:14,491 [ERROR] LogOutputStream:75 - [STDERR_REDIRECT] [Fatal Error] :1:1: Premature end of file.
2025-06-11 21:56:14,492 [ERROR] LogOutputStream:75 - [STDERR_REDIRECT] 
2025-06-11 21:56:15,380 [ERROR] LogOutputStream:75 - [STDERR_REDIRECT] [Fatal Error] :1:1: Premature end of file.
2025-06-11 21:56:15,381 [ERROR] LogOutputStream:75 - [STDERR_REDIRECT] 
2025-06-11 21:56:16,377 [ERROR] LogOutputStream:75 - [STDERR_REDIRECT] [Fatal Error] :1:1: Premature end of file.
2025-06-11 21:56:16,377 [ERROR] LogOutputStream:75 - [STDERR_REDIRECT] 
2025-06-11 21:56:17,486 [ERROR] LogOutputStream:75 - [STDERR_REDIRECT] [Fatal Error] :1:1: Premature end of file.
2025-06-11 21:56:17,486 [ERROR] LogOutputStream:75 - [STDERR_REDIRECT] 
2025-06-11 21:56:18,502 [ERROR] LogOutputStream:75 - [STDERR_REDIRECT] [Fatal Error] :1:1: Premature end of file.
2025-06-11 21:56:18,502 [ERROR] LogOutputStream:75 - [STDERR_REDIRECT] 
2025-06-11 21:56:19,482 [ERROR] LogOutputStream:75 - [STDERR_REDIRECT] [Fatal Error] :1:1: Premature end of file.
2025-06-11 21:56:19,482 [ERROR] LogOutputStream:75 - [STDERR_REDIRECT] 
2025-06-11 21:56:20,382 [ERROR] LogOutputStream:75 - [STDERR_REDIRECT] [Fatal Error] :1:1: Premature end of file.
2025-06-11 21:56:20,382 [ERROR] LogOutputStream:75 - [STDERR_REDIRECT] 
2025-06-11 21:56:21,383 [ERROR] LogOutputStream:75 - [STDERR_REDIRECT] [Fatal Error] :1:1: Premature end of file.
2025-06-11 21:56:21,383 [ERROR] LogOutputStream:75 - [STDERR_REDIRECT] 
2025-06-11 21:56:22,479 [ERROR] LogOutputStream:75 - [STDERR_REDIRECT] [Fatal Error] :1:1: Premature end of file.
2025-06-11 21:56:22,479 [ERROR] LogOutputStream:75 - [STDERR_REDIRECT] 
2025-06-11 21:56:23,479 [ERROR] LogOutputStream:75 - [STDERR_REDIRECT] [Fatal Error] :1:1: Premature end of file.
2025-06-11 21:56:23,479 [ERROR] LogOutputStream:75 - [STDERR_REDIRECT] 
2025-06-11 21:56:24,490 [ERROR] LogOutputStream:75 - [STDERR_REDIRECT] [Fatal Error] :1:1: Premature end of file.
2025-06-11 21:56:24,490 [ERROR] LogOutputStream:75 - [STDERR_REDIRECT] 
2025-06-11 21:56:25,470 [ERROR] LogOutputStream:75 - [STDERR_REDIRECT] [Fatal Error] :1:1: Premature end of file.
2025-06-11 21:56:25,470 [ERROR] LogOutputStream:75 - [STDERR_REDIRECT] 
2025-06-11 21:56:26,388 [ERROR] LogOutputStream:75 - [STDERR_REDIRECT] [Fatal Error] :1:1: Premature end of file.
2025-06-11 21:56:26,388 [ERROR] LogOutputStream:75 - [STDERR_REDIRECT] 
2025-06-11 21:56:27,450 [ERROR] LogOutputStream:75 - [STDERR_REDIRECT] [Fatal Error] :1:1: Premature end of file.
2025-06-11 21:56:27,450 [ERROR] LogOutputStream:75 - [STDERR_REDIRECT] 
2025-06-11 21:56:28,484 [ERROR] LogOutputStream:75 - [STDERR_REDIRECT] [Fatal Error] :1:1: Premature end of file.
2025-06-11 21:56:28,485 [ERROR] LogOutputStream:75 - [STDERR_REDIRECT] 
2025-06-11 21:56:29,381 [ERROR] LogOutputStream:75 - [STDERR_REDIRECT] [Fatal Error] :1:1: Premature end of file.
2025-06-11 21:56:29,381 [ERROR] LogOutputStream:75 - [STDERR_REDIRECT] 
2025-06-11 21:56:30,443 [ERROR] LogOutputStream:75 - [STDERR_REDIRECT] [Fatal Error] :1:1: Premature end of file.
2025-06-11 21:56:30,443 [ERROR] LogOutputStream:75 - [STDERR_REDIRECT] 
2025-06-11 21:56:31,441 [ERROR] LogOutputStream:75 - [STDERR_REDIRECT] [Fatal Error] :1:1: Premature end of file.
2025-06-11 21:56:31,441 [ERROR] LogOutputStream:75 - [STDERR_REDIRECT] 
2025-06-11 21:56:32,475 [ERROR] LogOutputStream:75 - [STDERR_REDIRECT] [Fatal Error] :1:1: Premature end of file.
2025-06-11 21:56:32,476 [ERROR] LogOutputStream:75 - [STDERR_REDIRECT] 
2025-06-11 21:56:33,456 [ERROR] LogOutputStream:75 - [STDERR_REDIRECT] [Fatal Error] :1:1: Premature end of file.
2025-06-11 21:56:33,456 [ERROR] LogOutputStream:75 - [STDERR_REDIRECT] 
2025-06-11 21:56:34,419 [ERROR] LogOutputStream:75 - [STDERR_REDIRECT] [Fatal Error] :1:1: Premature end of file.
2025-06-11 21:56:34,419 [ERROR] LogOutputStream:75 - [STDERR_REDIRECT] 
2025-06-11 21:56:35,373 [ERROR] LogOutputStream:75 - [STDERR_REDIRECT] [Fatal Error] :1:1: Premature end of file.
2025-06-11 21:56:35,373 [ERROR] LogOutputStream:75 - [STDERR_REDIRECT] 
2025-06-11 21:56:36,434 [ERROR] LogOutputStream:75 - [STDERR_REDIRECT] [Fatal Error] :1:1: Premature end of file.
2025-06-11 21:56:36,434 [ERROR] LogOutputStream:75 - [STDERR_REDIRECT] 
2025-06-11 21:56:37,386 [ERROR] LogOutputStream:75 - [STDERR_REDIRECT] [Fatal Error] :1:1: Premature end of file.
2025-06-11 21:56:37,387 [ERROR] LogOutputStream:75 - [STDERR_REDIRECT] 
2025-06-11 21:56:38,488 [ERROR] LogOutputStream:75 - [STDERR_REDIRECT] [Fatal Error] :1:1: Premature end of file.
2025-06-11 21:56:38,488 [ERROR] LogOutputStream:75 - [STDERR_REDIRECT] 
2025-06-11 21:56:39,382 [ERROR] LogOutputStream:75 - [STDERR_REDIRECT] [Fatal Error] :1:1: Premature end of file.
2025-06-11 21:56:39,382 [ERROR] LogOutputStream:75 - [STDERR_REDIRECT] 
2025-06-11 21:56:40,425 [ERROR] LogOutputStream:75 - [STDERR_REDIRECT] [Fatal Error] :1:1: Premature end of file.
2025-06-11 21:56:40,425 [ERROR] LogOutputStream:75 - [STDERR_REDIRECT] 
2025-06-11 21:56:41,498 [ERROR] LogOutputStream:75 - [STDERR_REDIRECT] [Fatal Error] :1:1: Premature end of file.
2025-06-11 21:56:41,499 [ERROR] LogOutputStream:75 - [STDERR_REDIRECT] 
2025-06-11 21:56:42,408 [ERROR] LogOutputStream:75 - [STDERR_REDIRECT] [Fatal Error] :1:1: Premature end of file.
2025-06-11 21:56:42,408 [ERROR] LogOutputStream:75 - [STDERR_REDIRECT] 
2025-06-11 21:56:43,379 [ERROR] LogOutputStream:75 - [STDERR_REDIRECT] [Fatal Error] :1:1: Premature end of file.
2025-06-11 21:56:43,379 [ERROR] LogOutputStream:75 - [STDERR_REDIRECT] 
2025-06-11 21:56:44,382 [ERROR] LogOutputStream:75 - [STDERR_REDIRECT] [Fatal Error] :1:1: Premature end of file.
2025-06-11 21:56:44,382 [ERROR] LogOutputStream:75 - [STDERR_REDIRECT] 
2025-06-11 21:56:45,387 [ERROR] LogOutputStream:75 - [STDERR_REDIRECT] [Fatal Error] :1:1: Premature end of file.
2025-06-11 21:56:45,387 [ERROR] LogOutputStream:75 - [STDERR_REDIRECT] 
2025-06-11 21:56:46,490 [ERROR] LogOutputStream:75 - [STDERR_REDIRECT] [Fatal Error] :1:1: Premature end of file.
2025-06-11 21:56:46,491 [ERROR] LogOutputStream:75 - [STDERR_REDIRECT] 
2025-06-11 21:56:47,382 [ERROR] LogOutputStream:75 - [STDERR_REDIRECT] [Fatal Error] :1:1: Premature end of file.
2025-06-11 21:56:47,382 [ERROR] LogOutputStream:75 - [STDERR_REDIRECT] 
2025-06-11 21:56:48,509 [ERROR] LogOutputStream:75 - [STDERR_REDIRECT] [Fatal Error] :1:1: Premature end of file.
2025-06-11 21:56:48,509 [ERROR] LogOutputStream:75 - [STDERR_REDIRECT] 
2025-06-11 21:56:49,385 [ERROR] LogOutputStream:75 - [STDERR_REDIRECT] [Fatal Error] :1:1: Premature end of file.
2025-06-11 21:56:49,385 [ERROR] LogOutputStream:75 - [STDERR_REDIRECT] 
2025-06-11 21:56:50,389 [ERROR] LogOutputStream:75 - [STDERR_REDIRECT] [Fatal Error] :1:1: Premature end of file.
2025-06-11 21:56:50,389 [ERROR] LogOutputStream:75 - [STDERR_REDIRECT] 
2025-06-11 21:56:51,409 [ERROR] LogOutputStream:75 - [STDERR_REDIRECT] [Fatal Error] :1:1: Premature end of file.
2025-06-11 21:56:51,409 [ERROR] LogOutputStream:75 - [STDERR_REDIRECT] 
2025-06-11 21:56:52,386 [ERROR] LogOutputStream:75 - [STDERR_REDIRECT] [Fatal Error] :1:1: Premature end of file.
2025-06-11 21:56:52,387 [ERROR] LogOutputStream:75 - [STDERR_REDIRECT] 
2025-06-11 21:56:53,473 [ERROR] LogOutputStream:75 - [STDERR_REDIRECT] [Fatal Error] :1:1: Premature end of file.
2025-06-11 21:56:53,473 [ERROR] LogOutputStream:75 - [STDERR_REDIRECT] 
2025-06-11 21:56:54,488 [ERROR] LogOutputStream:75 - [STDERR_REDIRECT] [Fatal Error] :1:1: Premature end of file.
2025-06-11 21:56:54,488 [ERROR] LogOutputStream:75 - [STDERR_REDIRECT] 
2025-06-11 21:56:55,494 [ERROR] LogOutputStream:75 - [STDERR_REDIRECT] [Fatal Error] :1:1: Premature end of file.
2025-06-11 21:56:55,494 [ERROR] LogOutputStream:75 - [STDERR_REDIRECT] 
2025-06-11 21:56:56,475 [ERROR] LogOutputStream:75 - [STDERR_REDIRECT] [Fatal Error] :1:1: Premature end of file.
2025-06-11 21:56:56,476 [ERROR] LogOutputStream:75 - [STDERR_REDIRECT] 
2025-06-11 21:56:57,483 [ERROR] LogOutputStream:75 - [STDERR_REDIRECT] [Fatal Error] :1:1: Premature end of file.
2025-06-11 21:56:57,484 [ERROR] LogOutputStream:75 - [STDERR_REDIRECT] 
2025-06-11 21:56:58,472 [ERROR] LogOutputStream:75 - [STDERR_REDIRECT] [Fatal Error] :1:1: Premature end of file.
2025-06-11 21:56:58,474 [ERROR] LogOutputStream:75 - [STDERR_REDIRECT] 
2025-06-11 21:56:59,473 [ERROR] LogOutputStream:75 - [STDERR_REDIRECT] [Fatal Error] :1:1: Premature end of file.
2025-06-11 21:56:59,473 [ERROR] LogOutputStream:75 - [STDERR_REDIRECT] 
2025-06-11 21:57:00,476 [ERROR] LogOutputStream:75 - [STDERR_REDIRECT] [Fatal Error] :1:1: Premature end of file.
2025-06-11 21:57:00,477 [ERROR] LogOutputStream:75 - [STDERR_REDIRECT] 
2025-06-11 21:57:01,474 [ERROR] LogOutputStream:75 - [STDERR_REDIRECT] [Fatal Error] :1:1: Premature end of file.
2025-06-11 21:57:01,474 [ERROR] LogOutputStream:75 - [STDERR_REDIRECT] 
2025-06-11 21:57:02,470 [ERROR] LogOutputStream:75 - [STDERR_REDIRECT] [Fatal Error] :1:1: Premature end of file.
2025-06-11 21:57:02,472 [ERROR] LogOutputStream:75 - [STDERR_REDIRECT] 
2025-06-11 21:57:03,472 [ERROR] LogOutputStream:75 - [STDERR_REDIRECT] [Fatal Error] :1:1: Premature end of file.
2025-06-11 21:57:03,472 [ERROR] LogOutputStream:75 - [STDERR_REDIRECT] 
2025-06-11 21:57:04,482 [ERROR] LogOutputStream:75 - [STDERR_REDIRECT] [Fatal Error] :1:1: Premature end of file.
2025-06-11 21:57:04,482 [ERROR] LogOutputStream:75 - [STDERR_REDIRECT] 
2025-06-11 21:57:05,379 [ERROR] LogOutputStream:75 - [STDERR_REDIRECT] [Fatal Error] :1:1: Premature end of file.
2025-06-11 21:57:05,380 [ERROR] LogOutputStream:75 - [STDERR_REDIRECT] 
2025-06-11 21:57:06,468 [ERROR] LogOutputStream:75 - [STDERR_REDIRECT] [Fatal Error] :1:1: Premature end of file.
2025-06-11 21:57:06,469 [ERROR] LogOutputStream:75 - [STDERR_REDIRECT] 
2025-06-11 21:57:07,396 [ERROR] LogOutputStream:75 - [STDERR_REDIRECT] [Fatal Error] :1:1: Premature end of file.
2025-06-11 21:57:07,396 [ERROR] LogOutputStream:75 - [STDERR_REDIRECT] 
2025-06-11 21:57:08,367 [ERROR] LogOutputStream:75 - [STDERR_REDIRECT] [Fatal Error] :1:1: Premature end of file.
2025-06-11 21:57:08,376 [ERROR] LogOutputStream:75 - [STDERR_REDIRECT] 
2025-06-11 21:57:09,377 [ERROR] LogOutputStream:75 - [STDERR_REDIRECT] [Fatal Error] :1:1: Premature end of file.
2025-06-11 21:57:09,377 [ERROR] LogOutputStream:75 - [STDERR_REDIRECT] 
2025-06-11 21:57:10,373 [ERROR] LogOutputStream:75 - [STDERR_REDIRECT] [Fatal Error] :1:1: Premature end of file.
2025-06-11 21:57:10,373 [ERROR] LogOutputStream:75 - [STDERR_REDIRECT] 
2025-06-11 21:57:11,467 [ERROR] LogOutputStream:75 - [STDERR_REDIRECT] [Fatal Error] :1:1: Premature end of file.
2025-06-11 21:57:11,467 [ERROR] LogOutputStream:75 - [STDERR_REDIRECT] 
2025-06-11 21:57:12,476 [ERROR] LogOutputStream:75 - [STDERR_REDIRECT] [Fatal Error] :1:1: Premature end of file.
2025-06-11 21:57:12,476 [ERROR] LogOutputStream:75 - [STDERR_REDIRECT] 
2025-06-11 21:57:13,466 [ERROR] LogOutputStream:75 - [STDERR_REDIRECT] [Fatal Error] :1:1: Premature end of file.
2025-06-11 21:57:13,466 [ERROR] LogOutputStream:75 - [STDERR_REDIRECT] 
2025-06-11 21:57:14,393 [ERROR] LogOutputStream:75 - [STDERR_REDIRECT] [Fatal Error] :1:1: Premature end of file.
2025-06-11 21:57:14,393 [ERROR] LogOutputStream:75 - [STDERR_REDIRECT] 
2025-06-11 21:57:15,380 [ERROR] LogOutputStream:75 - [STDERR_REDIRECT] [Fatal Error] :1:1: Premature end of file.
2025-06-11 21:57:15,380 [ERROR] LogOutputStream:75 - [STDERR_REDIRECT] 
2025-06-11 21:57:16,378 [ERROR] LogOutputStream:75 - [STDERR_REDIRECT] [Fatal Error] :1:1: Premature end of file.
2025-06-11 21:57:16,378 [ERROR] LogOutputStream:75 - [STDERR_REDIRECT] 
2025-06-11 21:57:17,398 [ERROR] LogOutputStream:75 - [STDERR_REDIRECT] [Fatal Error] :1:1: Premature end of file.
2025-06-11 21:57:17,398 [ERROR] LogOutputStream:75 - [STDERR_REDIRECT] 
2025-06-11 21:57:18,470 [ERROR] LogOutputStream:75 - [STDERR_REDIRECT] [Fatal Error] :1:1: Premature end of file.
2025-06-11 21:57:18,470 [ERROR] LogOutputStream:75 - [STDERR_REDIRECT] 
2025-06-11 21:57:19,501 [ERROR] LogOutputStream:75 - [STDERR_REDIRECT] [Fatal Error] :1:1: Premature end of file.
2025-06-11 21:57:19,501 [ERROR] LogOutputStream:75 - [STDERR_REDIRECT] 
2025-06-11 21:57:20,486 [ERROR] LogOutputStream:75 - [STDERR_REDIRECT] [Fatal Error] :1:1: Premature end of file.
2025-06-11 21:57:20,486 [ERROR] LogOutputStream:75 - [STDERR_REDIRECT] 
2025-06-11 21:57:21,482 [ERROR] LogOutputStream:75 - [STDERR_REDIRECT] [Fatal Error] :1:1: Premature end of file.
2025-06-11 21:57:21,482 [ERROR] LogOutputStream:75 - [STDERR_REDIRECT] 
2025-06-11 21:57:22,471 [ERROR] LogOutputStream:75 - [STDERR_REDIRECT] [Fatal Error] :1:1: Premature end of file.
2025-06-11 21:57:22,472 [ERROR] LogOutputStream:75 - [STDERR_REDIRECT] 
2025-06-11 21:57:23,394 [ERROR] LogOutputStream:75 - [STDERR_REDIRECT] [Fatal Error] :1:1: Premature end of file.
2025-06-11 21:57:23,394 [ERROR] LogOutputStream:75 - [STDERR_REDIRECT] 
2025-06-11 21:57:24,380 [ERROR] LogOutputStream:75 - [STDERR_REDIRECT] [Fatal Error] :1:1: Premature end of file.
2025-06-11 21:57:24,380 [ERROR] LogOutputStream:75 - [STDERR_REDIRECT] 
2025-06-11 21:57:25,498 [ERROR] LogOutputStream:75 - [STDERR_REDIRECT] [Fatal Error] :1:1: Premature end of file.
2025-06-11 21:57:25,498 [ERROR] LogOutputStream:75 - [STDERR_REDIRECT] 
2025-06-11 21:57:26,486 [ERROR] LogOutputStream:75 - [STDERR_REDIRECT] [Fatal Error] :1:1: Premature end of file.
2025-06-11 21:57:26,486 [ERROR] LogOutputStream:75 - [STDERR_REDIRECT] 
2025-06-11 21:57:27,379 [ERROR] LogOutputStream:75 - [STDERR_REDIRECT] [Fatal Error] :1:1: Premature end of file.
2025-06-11 21:57:27,379 [ERROR] LogOutputStream:75 - [STDERR_REDIRECT] 
2025-06-11 21:57:28,479 [ERROR] LogOutputStream:75 - [STDERR_REDIRECT] [Fatal Error] :1:1: Premature end of file.
2025-06-11 21:57:28,479 [ERROR] LogOutputStream:75 - [STDERR_REDIRECT] 
2025-06-11 21:57:29,491 [ERROR] LogOutputStream:75 - [STDERR_REDIRECT] [Fatal Error] :1:1: Premature end of file.
2025-06-11 21:57:29,491 [ERROR] LogOutputStream:75 - [STDERR_REDIRECT] 
2025-06-11 21:57:30,506 [ERROR] LogOutputStream:75 - [STDERR_REDIRECT] [Fatal Error] :1:1: Premature end of file.
2025-06-11 21:57:30,507 [ERROR] LogOutputStream:75 - [STDERR_REDIRECT] 
2025-06-11 21:57:31,474 [ERROR] LogOutputStream:75 - [STDERR_REDIRECT] [Fatal Error] :1:1: Premature end of file.
2025-06-11 21:57:31,475 [ERROR] LogOutputStream:75 - [STDERR_REDIRECT] 
2025-06-11 21:57:32,382 [ERROR] LogOutputStream:75 - [STDERR_REDIRECT] [Fatal Error] :1:1: Premature end of file.
2025-06-11 21:57:32,382 [ERROR] LogOutputStream:75 - [STDERR_REDIRECT] 
2025-06-11 21:57:33,485 [ERROR] LogOutputStream:75 - [STDERR_REDIRECT] [Fatal Error] :1:1: Premature end of file.
2025-06-11 21:57:33,485 [ERROR] LogOutputStream:75 - [STDERR_REDIRECT] 
2025-06-11 21:57:34,373 [ERROR] LogOutputStream:75 - [STDERR_REDIRECT] [Fatal Error] :1:1: Premature end of file.
2025-06-11 21:57:34,373 [ERROR] LogOutputStream:75 - [STDERR_REDIRECT] 
2025-06-11 21:57:35,511 [ERROR] LogOutputStream:75 - [STDERR_REDIRECT] [Fatal Error] :1:1: Premature end of file.
2025-06-11 21:57:35,511 [ERROR] LogOutputStream:75 - [STDERR_REDIRECT] 
2025-06-11 21:57:36,488 [ERROR] LogOutputStream:75 - [STDERR_REDIRECT] [Fatal Error] :1:1: Premature end of file.
2025-06-11 21:57:36,488 [ERROR] LogOutputStream:75 - [STDERR_REDIRECT] 
2025-06-11 21:57:37,488 [ERROR] LogOutputStream:75 - [STDERR_REDIRECT] [Fatal Error] :1:1: Premature end of file.
2025-06-11 21:57:37,488 [ERROR] LogOutputStream:75 - [STDERR_REDIRECT] 
2025-06-11 21:57:38,493 [ERROR] LogOutputStream:75 - [STDERR_REDIRECT] [Fatal Error] :1:1: Premature end of file.
2025-06-11 21:57:38,493 [ERROR] LogOutputStream:75 - [STDERR_REDIRECT] 
2025-06-11 21:57:39,377 [ERROR] LogOutputStream:75 - [STDERR_REDIRECT] [Fatal Error] :1:1: Premature end of file.
2025-06-11 21:57:39,377 [ERROR] LogOutputStream:75 - [STDERR_REDIRECT] 
2025-06-11 21:57:40,375 [ERROR] LogOutputStream:75 - [STDERR_REDIRECT] [Fatal Error] :1:1: Premature end of file.
2025-06-11 21:57:40,375 [ERROR] LogOutputStream:75 - [STDERR_REDIRECT] 
2025-06-11 21:57:41,450 [ERROR] LogOutputStream:75 - [STDERR_REDIRECT] [Fatal Error] :1:1: Premature end of file.
2025-06-11 21:57:41,450 [ERROR] LogOutputStream:75 - [STDERR_REDIRECT] 
2025-06-11 21:57:42,410 [ERROR] LogOutputStream:75 - [STDERR_REDIRECT] [Fatal Error] :1:1: Premature end of file.
2025-06-11 21:57:42,411 [ERROR] LogOutputStream:75 - [STDERR_REDIRECT] 
2025-06-11 21:57:43,482 [ERROR] LogOutputStream:75 - [STDERR_REDIRECT] [Fatal Error] :1:1: Premature end of file.
2025-06-11 21:57:43,483 [ERROR] LogOutputStream:75 - [STDERR_REDIRECT] 
2025-06-11 21:57:44,467 [ERROR] LogOutputStream:75 - [STDERR_REDIRECT] [Fatal Error] :1:1: Premature end of file.
2025-06-11 21:57:44,467 [ERROR] LogOutputStream:75 - [STDERR_REDIRECT] 
2025-06-11 21:57:45,463 [ERROR] LogOutputStream:75 - [STDERR_REDIRECT] [Fatal Error] :1:1: Premature end of file.
2025-06-11 21:57:45,465 [ERROR] LogOutputStream:75 - [STDERR_REDIRECT] 
2025-06-11 21:57:46,462 [ERROR] LogOutputStream:75 - [STDERR_REDIRECT] [Fatal Error] :1:1: Premature end of file.
2025-06-11 21:57:46,464 [ERROR] LogOutputStream:75 - [STDERR_REDIRECT] 
2025-06-11 21:57:47,524 [ERROR] LogOutputStream:75 - [STDERR_REDIRECT] [Fatal Error] :1:1: Premature end of file.
2025-06-11 21:57:47,524 [ERROR] LogOutputStream:75 - [STDERR_REDIRECT] 
2025-06-11 21:57:48,413 [ERROR] LogOutputStream:75 - [STDERR_REDIRECT] [Fatal Error] :1:1: Premature end of file.
2025-06-11 21:57:48,413 [ERROR] LogOutputStream:75 - [STDERR_REDIRECT] 
2025-06-11 21:57:49,461 [ERROR] LogOutputStream:75 - [STDERR_REDIRECT] [Fatal Error] :1:1: Premature end of file.
2025-06-11 21:57:49,462 [ERROR] LogOutputStream:75 - [STDERR_REDIRECT] 
2025-06-11 21:57:50,460 [ERROR] LogOutputStream:75 - [STDERR_REDIRECT] [Fatal Error] :1:1: Premature end of file.
2025-06-11 21:57:50,460 [ERROR] LogOutputStream:75 - [STDERR_REDIRECT] 
2025-06-11 21:57:51,466 [ERROR] LogOutputStream:75 - [STDERR_REDIRECT] [Fatal Error] :1:1: Premature end of file.
2025-06-11 21:57:51,467 [ERROR] LogOutputStream:75 - [STDERR_REDIRECT] 
2025-06-11 21:57:52,436 [ERROR] LogOutputStream:75 - [STDERR_REDIRECT] [Fatal Error] :1:1: Premature end of file.
2025-06-11 21:57:52,436 [ERROR] LogOutputStream:75 - [STDERR_REDIRECT] 
2025-06-11 21:57:53,474 [ERROR] LogOutputStream:75 - [STDERR_REDIRECT] [Fatal Error] :1:1: Premature end of file.
2025-06-11 21:57:53,474 [ERROR] LogOutputStream:75 - [STDERR_REDIRECT] 
2025-06-11 21:57:54,472 [ERROR] LogOutputStream:75 - [STDERR_REDIRECT] [Fatal Error] :1:1: Premature end of file.
2025-06-11 21:57:54,473 [ERROR] LogOutputStream:75 - [STDERR_REDIRECT] 
2025-06-11 21:57:55,465 [ERROR] LogOutputStream:75 - [STDERR_REDIRECT] [Fatal Error] :1:1: Premature end of file.
2025-06-11 21:57:55,465 [ERROR] LogOutputStream:75 - [STDERR_REDIRECT] 
2025-06-11 21:57:56,465 [ERROR] LogOutputStream:75 - [STDERR_REDIRECT] [Fatal Error] :1:1: Premature end of file.
2025-06-11 21:57:56,465 [ERROR] LogOutputStream:75 - [STDERR_REDIRECT] 
2025-06-11 21:57:57,466 [ERROR] LogOutputStream:75 - [STDERR_REDIRECT] [Fatal Error] :1:1: Premature end of file.
2025-06-11 21:57:57,466 [ERROR] LogOutputStream:75 - [STDERR_REDIRECT] 
2025-06-11 21:57:58,454 [ERROR] LogOutputStream:75 - [STDERR_REDIRECT] [Fatal Error] :1:1: Premature end of file.
2025-06-11 21:57:58,454 [ERROR] LogOutputStream:75 - [STDERR_REDIRECT] 
2025-06-11 21:57:59,482 [ERROR] LogOutputStream:75 - [STDERR_REDIRECT] [Fatal Error] :1:1: Premature end of file.
2025-06-11 21:57:59,482 [ERROR] LogOutputStream:75 - [STDERR_REDIRECT] 
2025-06-11 21:58:00,486 [ERROR] LogOutputStream:75 - [STDERR_REDIRECT] [Fatal Error] :1:1: Premature end of file.
2025-06-11 21:58:00,486 [ERROR] LogOutputStream:75 - [STDERR_REDIRECT] 
2025-06-11 21:58:01,441 [ERROR] LogOutputStream:75 - [STDERR_REDIRECT] [Fatal Error] :1:1: Premature end of file.
2025-06-11 21:58:01,441 [ERROR] LogOutputStream:75 - [STDERR_REDIRECT] 
2025-06-11 21:58:02,496 [ERROR] LogOutputStream:75 - [STDERR_REDIRECT] [Fatal Error] :1:1: Premature end of file.
2025-06-11 21:58:02,496 [ERROR] LogOutputStream:75 - [STDERR_REDIRECT] 
2025-06-11 21:58:03,518 [ERROR] LogOutputStream:75 - [STDERR_REDIRECT] [Fatal Error] :1:1: Premature end of file.
2025-06-11 21:58:03,519 [ERROR] LogOutputStream:75 - [STDERR_REDIRECT] 
2025-06-11 21:58:04,522 [ERROR] LogOutputStream:75 - [STDERR_REDIRECT] [Fatal Error] :1:1: Premature end of file.
2025-06-11 21:58:04,522 [ERROR] LogOutputStream:75 - [STDERR_REDIRECT] 
2025-06-11 21:58:05,492 [ERROR] LogOutputStream:75 - [STDERR_REDIRECT] [Fatal Error] :1:1: Premature end of file.
2025-06-11 21:58:05,493 [ERROR] LogOutputStream:75 - [STDERR_REDIRECT] 
2025-06-11 21:58:06,509 [ERROR] LogOutputStream:75 - [STDERR_REDIRECT] [Fatal Error] :1:1: Premature end of file.
2025-06-11 21:58:06,509 [ERROR] LogOutputStream:75 - [STDERR_REDIRECT] 
2025-06-11 21:58:07,476 [ERROR] LogOutputStream:75 - [STDERR_REDIRECT] [Fatal Error] :1:1: Premature end of file.
2025-06-11 21:58:07,476 [ERROR] LogOutputStream:75 - [STDERR_REDIRECT] 
2025-06-11 21:58:08,478 [ERROR] LogOutputStream:75 - [STDERR_REDIRECT] [Fatal Error] :1:1: Premature end of file.
2025-06-11 21:58:08,478 [ERROR] LogOutputStream:75 - [STDERR_REDIRECT] 
2025-06-11 21:58:09,488 [ERROR] LogOutputStream:75 - [STDERR_REDIRECT] [Fatal Error] :1:1: Premature end of file.
2025-06-11 21:58:09,488 [ERROR] LogOutputStream:75 - [STDERR_REDIRECT] 
2025-06-11 21:58:10,373 [ERROR] LogOutputStream:75 - [STDERR_REDIRECT] [Fatal Error] :1:1: Premature end of file.
2025-06-11 21:58:10,373 [ERROR] LogOutputStream:75 - [STDERR_REDIRECT] 
2025-06-11 21:58:11,366 [ERROR] LogOutputStream:75 - [STDERR_REDIRECT] [Fatal Error] :1:1: Premature end of file.
2025-06-11 21:58:11,366 [ERROR] LogOutputStream:75 - [STDERR_REDIRECT] 
2025-06-11 21:58:12,480 [ERROR] LogOutputStream:75 - [STDERR_REDIRECT] [Fatal Error] :1:1: Premature end of file.
2025-06-11 21:58:12,480 [ERROR] LogOutputStream:75 - [STDERR_REDIRECT] 
2025-06-11 21:58:13,449 [ERROR] LogOutputStream:75 - [STDERR_REDIRECT] [Fatal Error] :1:1: Premature end of file.
2025-06-11 21:58:13,450 [ERROR] LogOutputStream:75 - [STDERR_REDIRECT] 
2025-06-11 21:58:14,474 [ERROR] LogOutputStream:75 - [STDERR_REDIRECT] [Fatal Error] :1:1: Premature end of file.
2025-06-11 21:58:14,474 [ERROR] LogOutputStream:75 - [STDERR_REDIRECT] 
2025-06-11 21:58:15,380 [ERROR] LogOutputStream:75 - [STDERR_REDIRECT] [Fatal Error] :1:1: Premature end of file.
2025-06-11 21:58:15,380 [ERROR] LogOutputStream:75 - [STDERR_REDIRECT] 
2025-06-11 21:58:16,383 [ERROR] LogOutputStream:75 - [STDERR_REDIRECT] [Fatal Error] :1:1: Premature end of file.
2025-06-11 21:58:16,383 [ERROR] LogOutputStream:75 - [STDERR_REDIRECT] 
2025-06-11 21:58:17,489 [ERROR] LogOutputStream:75 - [STDERR_REDIRECT] [Fatal Error] :1:1: Premature end of file.
2025-06-11 21:58:17,489 [ERROR] LogOutputStream:75 - [STDERR_REDIRECT] 
2025-06-11 21:58:18,479 [ERROR] LogOutputStream:75 - [STDERR_REDIRECT] [Fatal Error] :1:1: Premature end of file.
2025-06-11 21:58:18,480 [ERROR] LogOutputStream:75 - [STDERR_REDIRECT] 
2025-06-11 21:58:19,488 [ERROR] LogOutputStream:75 - [STDERR_REDIRECT] [Fatal Error] :1:1: Premature end of file.
2025-06-11 21:58:19,488 [ERROR] LogOutputStream:75 - [STDERR_REDIRECT] 
2025-06-11 21:58:20,474 [ERROR] LogOutputStream:75 - [STDERR_REDIRECT] [Fatal Error] :1:1: Premature end of file.
2025-06-11 21:58:20,474 [ERROR] LogOutputStream:75 - [STDERR_REDIRECT] 
2025-06-11 21:58:21,472 [ERROR] LogOutputStream:75 - [STDERR_REDIRECT] [Fatal Error] :1:1: Premature end of file.
2025-06-11 21:58:21,472 [ERROR] LogOutputStream:75 - [STDERR_REDIRECT] 
2025-06-11 21:58:22,512 [ERROR] LogOutputStream:75 - [STDERR_REDIRECT] [Fatal Error] :1:1: Premature end of file.
2025-06-11 21:58:22,512 [ERROR] LogOutputStream:75 - [STDERR_REDIRECT] 
2025-06-11 21:58:23,404 [ERROR] LogOutputStream:75 - [STDERR_REDIRECT] [Fatal Error] :1:1: Premature end of file.
2025-06-11 21:58:23,404 [ERROR] LogOutputStream:75 - [STDERR_REDIRECT] 
2025-06-11 21:58:24,381 [ERROR] LogOutputStream:75 - [STDERR_REDIRECT] [Fatal Error] :1:1: Premature end of file.
2025-06-11 21:58:24,381 [ERROR] LogOutputStream:75 - [STDERR_REDIRECT] 
2025-06-11 21:58:25,375 [ERROR] LogOutputStream:75 - [STDERR_REDIRECT] [Fatal Error] :1:1: Premature end of file.
2025-06-11 21:58:25,375 [ERROR] LogOutputStream:75 - [STDERR_REDIRECT] 
2025-06-11 21:58:26,474 [ERROR] LogOutputStream:75 - [STDERR_REDIRECT] [Fatal Error] :1:1: Premature end of file.
2025-06-11 21:58:26,474 [ERROR] LogOutputStream:75 - [STDERR_REDIRECT] 
2025-06-11 21:58:27,391 [ERROR] LogOutputStream:75 - [STDERR_REDIRECT] [Fatal Error] :1:1: Premature end of file.
2025-06-11 21:58:27,391 [ERROR] LogOutputStream:75 - [STDERR_REDIRECT] 
2025-06-11 21:58:28,471 [ERROR] LogOutputStream:75 - [STDERR_REDIRECT] [Fatal Error] :1:1: Premature end of file.
2025-06-11 21:58:28,471 [ERROR] LogOutputStream:75 - [STDERR_REDIRECT] 
2025-06-11 21:58:29,469 [ERROR] LogOutputStream:75 - [STDERR_REDIRECT] [Fatal Error] :1:1: Premature end of file.
2025-06-11 21:58:29,470 [ERROR] LogOutputStream:75 - [STDERR_REDIRECT] 
2025-06-11 21:58:30,389 [ERROR] LogOutputStream:75 - [STDERR_REDIRECT] [Fatal Error] :1:1: Premature end of file.
2025-06-11 21:58:30,389 [ERROR] LogOutputStream:75 - [STDERR_REDIRECT] 
2025-06-11 21:58:31,464 [ERROR] LogOutputStream:75 - [STDERR_REDIRECT] [Fatal Error] :1:1: Premature end of file.
2025-06-11 21:58:31,465 [ERROR] LogOutputStream:75 - [STDERR_REDIRECT] 
2025-06-11 21:58:32,468 [ERROR] LogOutputStream:75 - [STDERR_REDIRECT] [Fatal Error] :1:1: Premature end of file.
2025-06-11 21:58:32,468 [ERROR] LogOutputStream:75 - [STDERR_REDIRECT] 
2025-06-11 21:58:33,469 [ERROR] LogOutputStream:75 - [STDERR_REDIRECT] [Fatal Error] :1:1: Premature end of file.
2025-06-11 21:58:33,469 [ERROR] LogOutputStream:75 - [STDERR_REDIRECT] 
2025-06-11 21:58:34,467 [ERROR] LogOutputStream:75 - [STDERR_REDIRECT] [Fatal Error] :1:1: Premature end of file.
2025-06-11 21:58:34,467 [ERROR] LogOutputStream:75 - [STDERR_REDIRECT] 
2025-06-11 21:58:35,477 [ERROR] LogOutputStream:75 - [STDERR_REDIRECT] [Fatal Error] :1:1: Premature end of file.
2025-06-11 21:58:35,477 [ERROR] LogOutputStream:75 - [STDERR_REDIRECT] 
2025-06-11 21:58:36,391 [ERROR] LogOutputStream:75 - [STDERR_REDIRECT] [Fatal Error] :1:1: Premature end of file.
2025-06-11 21:58:36,391 [ERROR] LogOutputStream:75 - [STDERR_REDIRECT] 
2025-06-11 21:58:37,387 [ERROR] LogOutputStream:75 - [STDERR_REDIRECT] [Fatal Error] :1:1: Premature end of file.
2025-06-11 21:58:37,388 [ERROR] LogOutputStream:75 - [STDERR_REDIRECT] 
2025-06-11 21:58:38,378 [ERROR] LogOutputStream:75 - [STDERR_REDIRECT] [Fatal Error] :1:1: Premature end of file.
2025-06-11 21:58:38,378 [ERROR] LogOutputStream:75 - [STDERR_REDIRECT] 
2025-06-11 21:58:39,480 [ERROR] LogOutputStream:75 - [STDERR_REDIRECT] [Fatal Error] :1:1: Premature end of file.
2025-06-11 21:58:39,480 [ERROR] LogOutputStream:75 - [STDERR_REDIRECT] 
2025-06-11 21:58:40,390 [ERROR] LogOutputStream:75 - [STDERR_REDIRECT] [Fatal Error] :1:1: Premature end of file.
2025-06-11 21:58:40,390 [ERROR] LogOutputStream:75 - [STDERR_REDIRECT] 
2025-06-11 21:58:41,413 [ERROR] LogOutputStream:75 - [STDERR_REDIRECT] [Fatal Error] :1:1: Premature end of file.
2025-06-11 21:58:41,414 [ERROR] LogOutputStream:75 - [STDERR_REDIRECT] 
2025-06-11 21:58:42,407 [ERROR] LogOutputStream:75 - [STDERR_REDIRECT] [Fatal Error] :1:1: Premature end of file.
2025-06-11 21:58:42,407 [ERROR] LogOutputStream:75 - [STDERR_REDIRECT] 
2025-06-11 21:58:43,419 [ERROR] LogOutputStream:75 - [STDERR_REDIRECT] [Fatal Error] :1:1: Premature end of file.
2025-06-11 21:58:43,419 [ERROR] LogOutputStream:75 - [STDERR_REDIRECT] 
2025-06-11 21:58:44,408 [ERROR] LogOutputStream:75 - [STDERR_REDIRECT] [Fatal Error] :1:1: Premature end of file.
2025-06-11 21:58:44,408 [ERROR] LogOutputStream:75 - [STDERR_REDIRECT] 
2025-06-11 21:58:45,374 [ERROR] LogOutputStream:75 - [STDERR_REDIRECT] [Fatal Error] :1:1: Premature end of file.
2025-06-11 21:58:45,374 [ERROR] LogOutputStream:75 - [STDERR_REDIRECT] 
2025-06-11 21:58:46,387 [ERROR] LogOutputStream:75 - [STDERR_REDIRECT] [Fatal Error] :1:1: Premature end of file.
2025-06-11 21:58:46,387 [ERROR] LogOutputStream:75 - [STDERR_REDIRECT] 
2025-06-11 21:58:47,608 [ERROR] LogOutputStream:75 - [STDERR_REDIRECT] [Fatal Error] :1:1: Premature end of file.
2025-06-11 21:58:47,608 [ERROR] LogOutputStream:75 - [STDERR_REDIRECT] 
2025-06-11 21:58:48,404 [ERROR] LogOutputStream:75 - [STDERR_REDIRECT] [Fatal Error] :1:1: Premature end of file.
2025-06-11 21:58:48,404 [ERROR] LogOutputStream:75 - [STDERR_REDIRECT] 
2025-06-11 21:58:49,529 [ERROR] LogOutputStream:75 - [STDERR_REDIRECT] [Fatal Error] :1:1: Premature end of file.
2025-06-11 21:58:49,529 [ERROR] LogOutputStream:75 - [STDERR_REDIRECT] 
2025-06-11 21:58:50,524 [ERROR] LogOutputStream:75 - [STDERR_REDIRECT] [Fatal Error] :1:1: Premature end of file.
2025-06-11 21:58:50,525 [ERROR] LogOutputStream:75 - [STDERR_REDIRECT] 
2025-06-11 21:58:51,400 [ERROR] LogOutputStream:75 - [STDERR_REDIRECT] [Fatal Error] :1:1: Premature end of file.
2025-06-11 21:58:51,400 [ERROR] LogOutputStream:75 - [STDERR_REDIRECT] 
2025-06-11 21:58:52,370 [ERROR] LogOutputStream:75 - [STDERR_REDIRECT] [Fatal Error] :1:1: Premature end of file.
2025-06-11 21:58:52,371 [ERROR] LogOutputStream:75 - [STDERR_REDIRECT] 
2025-06-11 21:58:53,389 [ERROR] LogOutputStream:75 - [STDERR_REDIRECT] [Fatal Error] :1:1: Premature end of file.
2025-06-11 21:58:53,389 [ERROR] LogOutputStream:75 - [STDERR_REDIRECT] 
2025-06-11 21:58:54,394 [ERROR] LogOutputStream:75 - [STDERR_REDIRECT] [Fatal Error] :1:1: Premature end of file.
2025-06-11 21:58:54,394 [ERROR] LogOutputStream:75 - [STDERR_REDIRECT] 
2025-06-11 21:58:55,404 [ERROR] LogOutputStream:75 - [STDERR_REDIRECT] [Fatal Error] :1:1: Premature end of file.
2025-06-11 21:58:55,404 [ERROR] LogOutputStream:75 - [STDERR_REDIRECT] 
2025-06-11 21:58:56,489 [ERROR] LogOutputStream:75 - [STDERR_REDIRECT] [Fatal Error] :1:1: Premature end of file.
2025-06-11 21:58:56,489 [ERROR] LogOutputStream:75 - [STDERR_REDIRECT] 
2025-06-11 21:58:57,423 [ERROR] LogOutputStream:75 - [STDERR_REDIRECT] [Fatal Error] :1:1: Premature end of file.
2025-06-11 21:58:57,423 [ERROR] LogOutputStream:75 - [STDERR_REDIRECT] 
2025-06-11 21:58:58,382 [ERROR] LogOutputStream:75 - [STDERR_REDIRECT] [Fatal Error] :1:1: Premature end of file.
2025-06-11 21:58:58,383 [ERROR] LogOutputStream:75 - [STDERR_REDIRECT] 
2025-06-11 21:58:59,403 [ERROR] LogOutputStream:75 - [STDERR_REDIRECT] [Fatal Error] :1:1: Premature end of file.
2025-06-11 21:58:59,403 [ERROR] LogOutputStream:75 - [STDERR_REDIRECT] 
2025-06-11 21:59:00,389 [ERROR] LogOutputStream:75 - [STDERR_REDIRECT] [Fatal Error] :1:1: Premature end of file.
2025-06-11 21:59:00,389 [ERROR] LogOutputStream:75 - [STDERR_REDIRECT] 
2025-06-11 21:59:01,373 [ERROR] LogOutputStream:75 - [STDERR_REDIRECT] [Fatal Error] :1:1: Premature end of file.
2025-06-11 21:59:01,373 [ERROR] LogOutputStream:75 - [STDERR_REDIRECT] 
2025-06-11 21:59:02,552 [ERROR] LogOutputStream:75 - [STDERR_REDIRECT] [Fatal Error] :1:1: Premature end of file.
2025-06-11 21:59:02,552 [ERROR] LogOutputStream:75 - [STDERR_REDIRECT] 
2025-06-11 21:59:03,382 [ERROR] LogOutputStream:75 - [STDERR_REDIRECT] [Fatal Error] :1:1: Premature end of file.
2025-06-11 21:59:03,382 [ERROR] LogOutputStream:75 - [STDERR_REDIRECT] 
2025-06-11 21:59:04,700 [ERROR] LogOutputStream:75 - [STDERR_REDIRECT] [Fatal Error] :1:1: Premature end of file.
2025-06-11 21:59:04,700 [ERROR] LogOutputStream:75 - [STDERR_REDIRECT] 
2025-06-11 21:59:05,380 [ERROR] LogOutputStream:75 - [STDERR_REDIRECT] [Fatal Error] :1:1: Premature end of file.
2025-06-11 21:59:05,380 [ERROR] LogOutputStream:75 - [STDERR_REDIRECT] 
2025-06-11 21:59:06,389 [ERROR] LogOutputStream:75 - [STDERR_REDIRECT] [Fatal Error] :1:1: Premature end of file.
2025-06-11 21:59:06,389 [ERROR] LogOutputStream:75 - [STDERR_REDIRECT] 
2025-06-11 21:59:07,386 [ERROR] LogOutputStream:75 - [STDERR_REDIRECT] [Fatal Error] :1:1: Premature end of file.
2025-06-11 21:59:07,387 [ERROR] LogOutputStream:75 - [STDERR_REDIRECT] 
2025-06-11 21:59:08,380 [ERROR] LogOutputStream:75 - [STDERR_REDIRECT] [Fatal Error] :1:1: Premature end of file.
2025-06-11 21:59:08,380 [ERROR] LogOutputStream:75 - [STDERR_REDIRECT] 
2025-06-11 21:59:09,475 [ERROR] LogOutputStream:75 - [STDERR_REDIRECT] [Fatal Error] :1:1: Premature end of file.
2025-06-11 21:59:09,475 [ERROR] LogOutputStream:75 - [STDERR_REDIRECT] 
2025-06-11 21:59:10,402 [ERROR] LogOutputStream:75 - [STDERR_REDIRECT] [Fatal Error] :1:1: Premature end of file.
2025-06-11 21:59:10,403 [ERROR] LogOutputStream:75 - [STDERR_REDIRECT] 
2025-06-11 21:59:11,369 [ERROR] LogOutputStream:75 - [STDERR_REDIRECT] [Fatal Error] :1:1: Premature end of file.
2025-06-11 21:59:11,369 [ERROR] LogOutputStream:75 - [STDERR_REDIRECT] 
2025-06-11 21:59:12,376 [ERROR] LogOutputStream:75 - [STDERR_REDIRECT] [Fatal Error] :1:1: Premature end of file.
2025-06-11 21:59:12,376 [ERROR] LogOutputStream:75 - [STDERR_REDIRECT] 
2025-06-11 21:59:13,375 [ERROR] LogOutputStream:75 - [STDERR_REDIRECT] [Fatal Error] :1:1: Premature end of file.
2025-06-11 21:59:13,375 [ERROR] LogOutputStream:75 - [STDERR_REDIRECT] 
2025-06-11 21:59:14,379 [ERROR] LogOutputStream:75 - [STDERR_REDIRECT] [Fatal Error] :1:1: Premature end of file.
2025-06-11 21:59:14,379 [ERROR] LogOutputStream:75 - [STDERR_REDIRECT] 
2025-06-11 21:59:15,387 [ERROR] LogOutputStream:75 - [STDERR_REDIRECT] [Fatal Error] :1:1: Premature end of file.
2025-06-11 21:59:15,387 [ERROR] LogOutputStream:75 - [STDERR_REDIRECT] 
2025-06-11 21:59:16,377 [ERROR] LogOutputStream:75 - [STDERR_REDIRECT] [Fatal Error] :1:1: Premature end of file.
2025-06-11 21:59:16,377 [ERROR] LogOutputStream:75 - [STDERR_REDIRECT] 
2025-06-11 21:59:17,377 [ERROR] LogOutputStream:75 - [STDERR_REDIRECT] [Fatal Error] :1:1: Premature end of file.
2025-06-11 21:59:17,377 [ERROR] LogOutputStream:75 - [STDERR_REDIRECT] 
2025-06-11 21:59:18,483 [ERROR] LogOutputStream:75 - [STDERR_REDIRECT] [Fatal Error] :1:1: Premature end of file.
2025-06-11 21:59:18,483 [ERROR] LogOutputStream:75 - [STDERR_REDIRECT] 
2025-06-11 21:59:19,375 [ERROR] LogOutputStream:75 - [STDERR_REDIRECT] [Fatal Error] :1:1: Premature end of file.
2025-06-11 21:59:19,375 [ERROR] LogOutputStream:75 - [STDERR_REDIRECT] 
2025-06-11 21:59:20,367 [ERROR] LogOutputStream:75 - [STDERR_REDIRECT] [Fatal Error] :1:1: Premature end of file.
2025-06-11 21:59:20,368 [ERROR] LogOutputStream:75 - [STDERR_REDIRECT] 
2025-06-11 21:59:21,371 [ERROR] LogOutputStream:75 - [STDERR_REDIRECT] [Fatal Error] :1:1: Premature end of file.
2025-06-11 21:59:21,373 [ERROR] LogOutputStream:75 - [STDERR_REDIRECT] 
2025-06-11 21:59:22,404 [ERROR] LogOutputStream:75 - [STDERR_REDIRECT] [Fatal Error] :1:1: Premature end of file.
2025-06-11 21:59:22,404 [ERROR] LogOutputStream:75 - [STDERR_REDIRECT] 
2025-06-11 21:59:23,464 [ERROR] LogOutputStream:75 - [STDERR_REDIRECT] [Fatal Error] :1:1: Premature end of file.
2025-06-11 21:59:23,464 [ERROR] LogOutputStream:75 - [STDERR_REDIRECT] 
2025-06-11 21:59:24,383 [ERROR] LogOutputStream:75 - [STDERR_REDIRECT] [Fatal Error] :1:1: Premature end of file.
2025-06-11 21:59:24,383 [ERROR] LogOutputStream:75 - [STDERR_REDIRECT] 
2025-06-11 21:59:25,382 [ERROR] LogOutputStream:75 - [STDERR_REDIRECT] [Fatal Error] :1:1: Premature end of file.
2025-06-11 21:59:25,382 [ERROR] LogOutputStream:75 - [STDERR_REDIRECT] 
2025-06-11 21:59:26,466 [ERROR] LogOutputStream:75 - [STDERR_REDIRECT] [Fatal Error] :1:1: Premature end of file.
2025-06-11 21:59:26,467 [ERROR] LogOutputStream:75 - [STDERR_REDIRECT] 
2025-06-11 21:59:27,454 [ERROR] LogOutputStream:75 - [STDERR_REDIRECT] [Fatal Error] :1:1: Premature end of file.
2025-06-11 21:59:27,454 [ERROR] LogOutputStream:75 - [STDERR_REDIRECT] 
2025-06-11 21:59:28,380 [ERROR] LogOutputStream:75 - [STDERR_REDIRECT] [Fatal Error] :1:1: Premature end of file.
2025-06-11 21:59:28,380 [ERROR] LogOutputStream:75 - [STDERR_REDIRECT] 
2025-06-11 21:59:29,481 [ERROR] LogOutputStream:75 - [STDERR_REDIRECT] [Fatal Error] :1:1: Premature end of file.
2025-06-11 21:59:29,481 [ERROR] LogOutputStream:75 - [STDERR_REDIRECT] 
2025-06-11 21:59:30,492 [ERROR] LogOutputStream:75 - [STDERR_REDIRECT] [Fatal Error] :1:1: Premature end of file.
2025-06-11 21:59:30,492 [ERROR] LogOutputStream:75 - [STDERR_REDIRECT] 
2025-06-11 21:59:31,412 [ERROR] LogOutputStream:75 - [STDERR_REDIRECT] [Fatal Error] :1:1: Premature end of file.
2025-06-11 21:59:31,413 [ERROR] LogOutputStream:75 - [STDERR_REDIRECT] 
2025-06-11 21:59:32,381 [ERROR] LogOutputStream:75 - [STDERR_REDIRECT] [Fatal Error] :1:1: Premature end of file.
2025-06-11 21:59:32,381 [ERROR] LogOutputStream:75 - [STDERR_REDIRECT] 
2025-06-11 21:59:33,474 [ERROR] LogOutputStream:75 - [STDERR_REDIRECT] [Fatal Error] :1:1: Premature end of file.
2025-06-11 21:59:33,474 [ERROR] LogOutputStream:75 - [STDERR_REDIRECT] 
2025-06-11 21:59:34,393 [ERROR] LogOutputStream:75 - [STDERR_REDIRECT] [Fatal Error] :1:1: Premature end of file.
2025-06-11 21:59:34,393 [ERROR] LogOutputStream:75 - [STDERR_REDIRECT] 
2025-06-11 21:59:35,463 [ERROR] LogOutputStream:75 - [STDERR_REDIRECT] [Fatal Error] :1:1: Premature end of file.
2025-06-11 21:59:35,463 [ERROR] LogOutputStream:75 - [STDERR_REDIRECT] 
2025-06-11 21:59:36,397 [ERROR] LogOutputStream:75 - [STDERR_REDIRECT] [Fatal Error] :1:1: Premature end of file.
2025-06-11 21:59:36,397 [ERROR] LogOutputStream:75 - [STDERR_REDIRECT] 
2025-06-11 21:59:37,429 [ERROR] LogOutputStream:75 - [STDERR_REDIRECT] [Fatal Error] :1:1: Premature end of file.
2025-06-11 21:59:37,429 [ERROR] LogOutputStream:75 - [STDERR_REDIRECT] 
2025-06-11 21:59:38,475 [ERROR] LogOutputStream:75 - [STDERR_REDIRECT] [Fatal Error] :1:1: Premature end of file.
2025-06-11 21:59:38,476 [ERROR] LogOutputStream:75 - [STDERR_REDIRECT] 
2025-06-11 21:59:39,454 [ERROR] LogOutputStream:75 - [STDERR_REDIRECT] [Fatal Error] :1:1: Premature end of file.
2025-06-11 21:59:39,454 [ERROR] LogOutputStream:75 - [STDERR_REDIRECT] 
2025-06-11 21:59:40,384 [ERROR] LogOutputStream:75 - [STDERR_REDIRECT] [Fatal Error] :1:1: Premature end of file.
2025-06-11 21:59:40,384 [ERROR] LogOutputStream:75 - [STDERR_REDIRECT] 
2025-06-11 21:59:41,397 [ERROR] LogOutputStream:75 - [STDERR_REDIRECT] [Fatal Error] :1:1: Premature end of file.
2025-06-11 21:59:41,397 [ERROR] LogOutputStream:75 - [STDERR_REDIRECT] 
2025-06-11 21:59:42,477 [ERROR] LogOutputStream:75 - [STDERR_REDIRECT] [Fatal Error] :1:1: Premature end of file.
2025-06-11 21:59:42,478 [ERROR] LogOutputStream:75 - [STDERR_REDIRECT] 
2025-06-11 21:59:43,386 [ERROR] LogOutputStream:75 - [STDERR_REDIRECT] [Fatal Error] :1:1: Premature end of file.
2025-06-11 21:59:43,386 [ERROR] LogOutputStream:75 - [STDERR_REDIRECT] 
2025-06-11 21:59:44,445 [ERROR] LogOutputStream:75 - [STDERR_REDIRECT] [Fatal Error] :1:1: Premature end of file.
2025-06-11 21:59:44,445 [ERROR] LogOutputStream:75 - [STDERR_REDIRECT] 
2025-06-11 21:59:45,513 [ERROR] LogOutputStream:75 - [STDERR_REDIRECT] [Fatal Error] :1:1: Premature end of file.
2025-06-11 21:59:45,514 [ERROR] LogOutputStream:75 - [STDERR_REDIRECT] 
2025-06-11 21:59:46,488 [ERROR] LogOutputStream:75 - [STDERR_REDIRECT] [Fatal Error] :1:1: Premature end of file.
2025-06-11 21:59:46,488 [ERROR] LogOutputStream:75 - [STDERR_REDIRECT] 
2025-06-11 21:59:47,492 [ERROR] LogOutputStream:75 - [STDERR_REDIRECT] [Fatal Error] :1:1: Premature end of file.
2025-06-11 21:59:47,492 [ERROR] LogOutputStream:75 - [STDERR_REDIRECT] 
2025-06-11 21:59:48,498 [ERROR] LogOutputStream:75 - [STDERR_REDIRECT] [Fatal Error] :1:1: Premature end of file.
2025-06-11 21:59:48,499 [ERROR] LogOutputStream:75 - [STDERR_REDIRECT] 
2025-06-11 21:59:49,494 [ERROR] LogOutputStream:75 - [STDERR_REDIRECT] [Fatal Error] :1:1: Premature end of file.
2025-06-11 21:59:49,494 [ERROR] LogOutputStream:75 - [STDERR_REDIRECT] 
2025-06-11 21:59:50,482 [ERROR] LogOutputStream:75 - [STDERR_REDIRECT] [Fatal Error] :1:1: Premature end of file.
2025-06-11 21:59:50,482 [ERROR] LogOutputStream:75 - [STDERR_REDIRECT] 
2025-06-11 21:59:51,373 [ERROR] LogOutputStream:75 - [STDERR_REDIRECT] [Fatal Error] :1:1: Premature end of file.
2025-06-11 21:59:51,374 [ERROR] LogOutputStream:75 - [STDERR_REDIRECT] 
2025-06-11 21:59:52,490 [ERROR] LogOutputStream:75 - [STDERR_REDIRECT] [Fatal Error] :1:1: Premature end of file.
2025-06-11 21:59:52,490 [ERROR] LogOutputStream:75 - [STDERR_REDIRECT] 
2025-06-11 21:59:53,379 [ERROR] LogOutputStream:75 - [STDERR_REDIRECT] [Fatal Error] :1:1: Premature end of file.
2025-06-11 21:59:53,379 [ERROR] LogOutputStream:75 - [STDERR_REDIRECT] 
2025-06-11 21:59:54,476 [ERROR] LogOutputStream:75 - [STDERR_REDIRECT] [Fatal Error] :1:1: Premature end of file.
2025-06-11 21:59:54,477 [ERROR] LogOutputStream:75 - [STDERR_REDIRECT] 
2025-06-11 21:59:55,382 [ERROR] LogOutputStream:75 - [STDERR_REDIRECT] [Fatal Error] :1:1: Premature end of file.
2025-06-11 21:59:55,382 [ERROR] LogOutputStream:75 - [STDERR_REDIRECT] 
2025-06-11 21:59:56,503 [ERROR] LogOutputStream:75 - [STDERR_REDIRECT] [Fatal Error] :1:1: Premature end of file.
2025-06-11 21:59:56,504 [ERROR] LogOutputStream:75 - [STDERR_REDIRECT] 
2025-06-11 21:59:57,508 [ERROR] LogOutputStream:75 - [STDERR_REDIRECT] [Fatal Error] :1:1: Premature end of file.
2025-06-11 21:59:57,508 [ERROR] LogOutputStream:75 - [STDERR_REDIRECT] 
2025-06-11 21:59:58,490 [ERROR] LogOutputStream:75 - [STDERR_REDIRECT] [Fatal Error] :1:1: Premature end of file.
2025-06-11 21:59:58,490 [ERROR] LogOutputStream:75 - [STDERR_REDIRECT] 
2025-06-11 21:59:59,516 [ERROR] LogOutputStream:75 - [STDERR_REDIRECT] [Fatal Error] :1:1: Premature end of file.
2025-06-11 21:59:59,516 [ERROR] LogOutputStream:75 - [STDERR_REDIRECT] 
2025-06-11 22:00:00,509 [ERROR] LogOutputStream:75 - [STDERR_REDIRECT] [Fatal Error] :1:1: Premature end of file.
2025-06-11 22:00:00,510 [ERROR] LogOutputStream:75 - [STDERR_REDIRECT] 
2025-06-11 22:00:01,512 [ERROR] LogOutputStream:75 - [STDERR_REDIRECT] [Fatal Error] :1:1: Premature end of file.
2025-06-11 22:00:01,512 [ERROR] LogOutputStream:75 - [STDERR_REDIRECT] 
2025-06-11 22:00:02,431 [ERROR] LogOutputStream:75 - [STDERR_REDIRECT] [Fatal Error] :1:1: Premature end of file.
2025-06-11 22:00:02,431 [ERROR] LogOutputStream:75 - [STDERR_REDIRECT] 
2025-06-11 22:00:03,377 [ERROR] LogOutputStream:75 - [STDERR_REDIRECT] [Fatal Error] :1:1: Premature end of file.
2025-06-11 22:00:03,377 [ERROR] LogOutputStream:75 - [STDERR_REDIRECT] 
2025-06-11 22:00:04,369 [ERROR] LogOutputStream:75 - [STDERR_REDIRECT] [Fatal Error] :1:1: Premature end of file.
2025-06-11 22:00:04,369 [ERROR] LogOutputStream:75 - [STDERR_REDIRECT] 
2025-06-11 22:00:05,386 [ERROR] LogOutputStream:75 - [STDERR_REDIRECT] [Fatal Error] :1:1: Premature end of file.
2025-06-11 22:00:05,386 [ERROR] LogOutputStream:75 - [STDERR_REDIRECT] 
2025-06-11 22:00:06,376 [ERROR] LogOutputStream:75 - [STDERR_REDIRECT] [Fatal Error] :1:1: Premature end of file.
2025-06-11 22:00:06,376 [ERROR] LogOutputStream:75 - [STDERR_REDIRECT] 
2025-06-11 22:00:07,459 [ERROR] LogOutputStream:75 - [STDERR_REDIRECT] [Fatal Error] :1:1: Premature end of file.
2025-06-11 22:00:07,459 [ERROR] LogOutputStream:75 - [STDERR_REDIRECT] 
2025-06-11 22:00:08,467 [ERROR] LogOutputStream:75 - [STDERR_REDIRECT] [Fatal Error] :1:1: Premature end of file.
2025-06-11 22:00:08,467 [ERROR] LogOutputStream:75 - [STDERR_REDIRECT] 
2025-06-11 22:00:09,473 [ERROR] LogOutputStream:75 - [STDERR_REDIRECT] [Fatal Error] :1:1: Premature end of file.
2025-06-11 22:00:09,473 [ERROR] LogOutputStream:75 - [STDERR_REDIRECT] 
2025-06-11 22:00:10,504 [ERROR] LogOutputStream:75 - [STDERR_REDIRECT] [Fatal Error] :1:1: Premature end of file.
2025-06-11 22:00:10,504 [ERROR] LogOutputStream:75 - [STDERR_REDIRECT] 
2025-06-11 22:00:11,468 [ERROR] LogOutputStream:75 - [STDERR_REDIRECT] [Fatal Error] :1:1: Premature end of file.
2025-06-11 22:00:11,468 [ERROR] LogOutputStream:75 - [STDERR_REDIRECT] 
2025-06-11 22:00:12,468 [ERROR] LogOutputStream:75 - [STDERR_REDIRECT] [Fatal Error] :1:1: Premature end of file.
2025-06-11 22:00:12,468 [ERROR] LogOutputStream:75 - [STDERR_REDIRECT] 
2025-06-11 22:00:13,459 [ERROR] LogOutputStream:75 - [STDERR_REDIRECT] [Fatal Error] :1:1: Premature end of file.
2025-06-11 22:00:13,459 [ERROR] LogOutputStream:75 - [STDERR_REDIRECT] 
2025-06-11 22:00:14,397 [ERROR] LogOutputStream:75 - [STDERR_REDIRECT] [Fatal Error] :1:1: Premature end of file.
2025-06-11 22:00:14,397 [ERROR] LogOutputStream:75 - [STDERR_REDIRECT] 
2025-06-11 22:00:15,373 [ERROR] LogOutputStream:75 - [STDERR_REDIRECT] [Fatal Error] :1:1: Premature end of file.
2025-06-11 22:00:15,374 [ERROR] LogOutputStream:75 - [STDERR_REDIRECT] 
2025-06-11 22:00:16,395 [ERROR] LogOutputStream:75 - [STDERR_REDIRECT] [Fatal Error] :1:1: Premature end of file.
2025-06-11 22:00:16,395 [ERROR] LogOutputStream:75 - [STDERR_REDIRECT] 
2025-06-11 22:00:17,432 [ERROR] LogOutputStream:75 - [STDERR_REDIRECT] [Fatal Error] :1:1: Premature end of file.
2025-06-11 22:00:17,432 [ERROR] LogOutputStream:75 - [STDERR_REDIRECT] 
2025-06-11 22:00:18,372 [ERROR] LogOutputStream:75 - [STDERR_REDIRECT] [Fatal Error] :1:1: Premature end of file.
2025-06-11 22:00:18,373 [ERROR] LogOutputStream:75 - [STDERR_REDIRECT] 
2025-06-11 22:00:19,510 [ERROR] LogOutputStream:75 - [STDERR_REDIRECT] [Fatal Error] :1:1: Premature end of file.
2025-06-11 22:00:19,512 [ERROR] LogOutputStream:75 - [STDERR_REDIRECT] 
2025-06-11 22:00:20,394 [ERROR] LogOutputStream:75 - [STDERR_REDIRECT] [Fatal Error] :1:1: Premature end of file.
2025-06-11 22:00:20,394 [ERROR] LogOutputStream:75 - [STDERR_REDIRECT] 
2025-06-11 22:00:21,432 [ERROR] LogOutputStream:75 - [STDERR_REDIRECT] [Fatal Error] :1:1: Premature end of file.
2025-06-11 22:00:21,432 [ERROR] LogOutputStream:75 - [STDERR_REDIRECT] 
2025-06-11 22:00:22,420 [ERROR] LogOutputStream:75 - [STDERR_REDIRECT] [Fatal Error] :1:1: Premature end of file.
2025-06-11 22:00:22,420 [ERROR] LogOutputStream:75 - [STDERR_REDIRECT] 
2025-06-11 22:00:23,404 [ERROR] LogOutputStream:75 - [STDERR_REDIRECT] [Fatal Error] :1:1: Premature end of file.
2025-06-11 22:00:23,404 [ERROR] LogOutputStream:75 - [STDERR_REDIRECT] 
2025-06-11 22:00:24,466 [ERROR] LogOutputStream:75 - [STDERR_REDIRECT] [Fatal Error] :1:1: Premature end of file.
2025-06-11 22:00:24,466 [ERROR] LogOutputStream:75 - [STDERR_REDIRECT] 
2025-06-11 22:00:25,376 [ERROR] LogOutputStream:75 - [STDERR_REDIRECT] [Fatal Error] :1:1: Premature end of file.
2025-06-11 22:00:25,376 [ERROR] LogOutputStream:75 - [STDERR_REDIRECT] 
2025-06-11 22:00:26,475 [ERROR] LogOutputStream:75 - [STDERR_REDIRECT] [Fatal Error] :1:1: Premature end of file.
2025-06-11 22:00:26,475 [ERROR] LogOutputStream:75 - [STDERR_REDIRECT] 
2025-06-11 22:00:27,494 [ERROR] LogOutputStream:75 - [STDERR_REDIRECT] [Fatal Error] :1:1: Premature end of file.
2025-06-11 22:00:27,495 [ERROR] LogOutputStream:75 - [STDERR_REDIRECT] 
2025-06-11 22:00:28,473 [ERROR] LogOutputStream:75 - [STDERR_REDIRECT] [Fatal Error] :1:1: Premature end of file.
2025-06-11 22:00:28,474 [ERROR] LogOutputStream:75 - [STDERR_REDIRECT] 
2025-06-11 22:00:29,456 [ERROR] LogOutputStream:75 - [STDERR_REDIRECT] [Fatal Error] :1:1: Premature end of file.
2025-06-11 22:00:29,457 [ERROR] LogOutputStream:75 - [STDERR_REDIRECT] 
2025-06-11 22:00:30,460 [ERROR] LogOutputStream:75 - [STDERR_REDIRECT] [Fatal Error] :1:1: Premature end of file.
2025-06-11 22:00:30,461 [ERROR] LogOutputStream:75 - [STDERR_REDIRECT] 
2025-06-11 22:00:31,464 [ERROR] LogOutputStream:75 - [STDERR_REDIRECT] [Fatal Error] :1:1: Premature end of file.
2025-06-11 22:00:31,464 [ERROR] LogOutputStream:75 - [STDERR_REDIRECT] 
2025-06-11 22:00:32,485 [ERROR] LogOutputStream:75 - [STDERR_REDIRECT] [Fatal Error] :1:1: Premature end of file.
2025-06-11 22:00:32,486 [ERROR] LogOutputStream:75 - [STDERR_REDIRECT] 
2025-06-11 22:00:33,378 [ERROR] LogOutputStream:75 - [STDERR_REDIRECT] [Fatal Error] :1:1: Premature end of file.
2025-06-11 22:00:33,378 [ERROR] LogOutputStream:75 - [STDERR_REDIRECT] 
2025-06-11 22:00:34,370 [ERROR] LogOutputStream:75 - [STDERR_REDIRECT] [Fatal Error] :1:1: Premature end of file.
2025-06-11 22:00:34,371 [ERROR] LogOutputStream:75 - [STDERR_REDIRECT] 
2025-06-11 22:00:35,379 [ERROR] LogOutputStream:75 - [STDERR_REDIRECT] [Fatal Error] :1:1: Premature end of file.
2025-06-11 22:00:35,379 [ERROR] LogOutputStream:75 - [STDERR_REDIRECT] 
2025-06-11 22:00:36,475 [ERROR] LogOutputStream:75 - [STDERR_REDIRECT] [Fatal Error] :1:1: Premature end of file.
2025-06-11 22:00:36,476 [ERROR] LogOutputStream:75 - [STDERR_REDIRECT] 
2025-06-11 22:00:37,382 [ERROR] LogOutputStream:75 - [STDERR_REDIRECT] [Fatal Error] :1:1: Premature end of file.
2025-06-11 22:00:37,382 [ERROR] LogOutputStream:75 - [STDERR_REDIRECT] 
2025-06-11 22:00:38,396 [ERROR] LogOutputStream:75 - [STDERR_REDIRECT] [Fatal Error] :1:1: Premature end of file.
2025-06-11 22:00:38,397 [ERROR] LogOutputStream:75 - [STDERR_REDIRECT] 
2025-06-11 22:00:39,475 [ERROR] LogOutputStream:75 - [STDERR_REDIRECT] [Fatal Error] :1:1: Premature end of file.
2025-06-11 22:00:39,475 [ERROR] LogOutputStream:75 - [STDERR_REDIRECT] 
2025-06-11 22:00:40,381 [ERROR] LogOutputStream:75 - [STDERR_REDIRECT] [Fatal Error] :1:1: Premature end of file.
2025-06-11 22:00:40,381 [ERROR] LogOutputStream:75 - [STDERR_REDIRECT] 
2025-06-11 22:00:41,461 [ERROR] LogOutputStream:75 - [STDERR_REDIRECT] [Fatal Error] :1:1: Premature end of file.
2025-06-11 22:00:41,461 [ERROR] LogOutputStream:75 - [STDERR_REDIRECT] 
2025-06-11 22:00:42,459 [ERROR] LogOutputStream:75 - [STDERR_REDIRECT] [Fatal Error] :1:1: Premature end of file.
2025-06-11 22:00:42,459 [ERROR] LogOutputStream:75 - [STDERR_REDIRECT] 
2025-06-11 22:00:43,436 [ERROR] LogOutputStream:75 - [STDERR_REDIRECT] [Fatal Error] :1:1: Premature end of file.
2025-06-11 22:00:43,436 [ERROR] LogOutputStream:75 - [STDERR_REDIRECT] 
2025-06-11 22:00:44,389 [ERROR] LogOutputStream:75 - [STDERR_REDIRECT] [Fatal Error] :1:1: Premature end of file.
2025-06-11 22:00:44,389 [ERROR] LogOutputStream:75 - [STDERR_REDIRECT] 
2025-06-11 22:00:45,466 [ERROR] LogOutputStream:75 - [STDERR_REDIRECT] [Fatal Error] :1:1: Premature end of file.
2025-06-11 22:00:45,466 [ERROR] LogOutputStream:75 - [STDERR_REDIRECT] 
2025-06-11 22:00:46,378 [ERROR] LogOutputStream:75 - [STDERR_REDIRECT] [Fatal Error] :1:1: Premature end of file.
2025-06-11 22:00:46,378 [ERROR] LogOutputStream:75 - [STDERR_REDIRECT] 
2025-06-11 22:00:47,377 [ERROR] LogOutputStream:75 - [STDERR_REDIRECT] [Fatal Error] :1:1: Premature end of file.
2025-06-11 22:00:47,377 [ERROR] LogOutputStream:75 - [STDERR_REDIRECT] 
2025-06-11 22:00:48,377 [ERROR] LogOutputStream:75 - [STDERR_REDIRECT] [Fatal Error] :1:1: Premature end of file.
2025-06-11 22:00:48,377 [ERROR] LogOutputStream:75 - [STDERR_REDIRECT] 
2025-06-11 22:00:49,371 [ERROR] LogOutputStream:75 - [STDERR_REDIRECT] [Fatal Error] :1:1: Premature end of file.
2025-06-11 22:00:49,371 [ERROR] LogOutputStream:75 - [STDERR_REDIRECT] 
2025-06-11 22:00:50,378 [ERROR] LogOutputStream:75 - [STDERR_REDIRECT] [Fatal Error] :1:1: Premature end of file.
2025-06-11 22:00:50,379 [ERROR] LogOutputStream:75 - [STDERR_REDIRECT] 
2025-06-11 22:00:51,483 [ERROR] LogOutputStream:75 - [STDERR_REDIRECT] [Fatal Error] :1:1: Premature end of file.
2025-06-11 22:00:51,484 [ERROR] LogOutputStream:75 - [STDERR_REDIRECT] 
2025-06-11 22:00:52,472 [ERROR] LogOutputStream:75 - [STDERR_REDIRECT] [Fatal Error] :1:1: Premature end of file.
2025-06-11 22:00:52,473 [ERROR] LogOutputStream:75 - [STDERR_REDIRECT] 
2025-06-11 22:00:53,381 [ERROR] LogOutputStream:75 - [STDERR_REDIRECT] [Fatal Error] :1:1: Premature end of file.
2025-06-11 22:00:53,382 [ERROR] LogOutputStream:75 - [STDERR_REDIRECT] 
2025-06-11 22:00:54,452 [ERROR] LogOutputStream:75 - [STDERR_REDIRECT] [Fatal Error] :1:1: Premature end of file.
2025-06-11 22:00:54,452 [ERROR] LogOutputStream:75 - [STDERR_REDIRECT] 
2025-06-11 22:00:55,481 [ERROR] LogOutputStream:75 - [STDERR_REDIRECT] [Fatal Error] :1:1: Premature end of file.
2025-06-11 22:00:55,481 [ERROR] LogOutputStream:75 - [STDERR_REDIRECT] 
2025-06-11 22:00:56,469 [ERROR] LogOutputStream:75 - [STDERR_REDIRECT] [Fatal Error] :1:1: Premature end of file.
2025-06-11 22:00:56,469 [ERROR] LogOutputStream:75 - [STDERR_REDIRECT] 
2025-06-11 22:00:57,382 [ERROR] LogOutputStream:75 - [STDERR_REDIRECT] [Fatal Error] :1:1: Premature end of file.
2025-06-11 22:00:57,382 [ERROR] LogOutputStream:75 - [STDERR_REDIRECT] 
2025-06-11 22:00:58,380 [ERROR] LogOutputStream:75 - [STDERR_REDIRECT] [Fatal Error] :1:1: Premature end of file.
2025-06-11 22:00:58,380 [ERROR] LogOutputStream:75 - [STDERR_REDIRECT] 
2025-06-11 22:00:59,373 [ERROR] LogOutputStream:75 - [STDERR_REDIRECT] [Fatal Error] :1:1: Premature end of file.
2025-06-11 22:00:59,373 [ERROR] LogOutputStream:75 - [STDERR_REDIRECT] 
2025-06-11 22:01:00,370 [ERROR] LogOutputStream:75 - [STDERR_REDIRECT] [Fatal Error] :1:1: Premature end of file.
2025-06-11 22:01:00,371 [ERROR] LogOutputStream:75 - [STDERR_REDIRECT] 
2025-06-11 22:01:01,388 [ERROR] LogOutputStream:75 - [STDERR_REDIRECT] [Fatal Error] :1:1: Premature end of file.
2025-06-11 22:01:01,388 [ERROR] LogOutputStream:75 - [STDERR_REDIRECT] 
2025-06-11 22:01:02,374 [ERROR] LogOutputStream:75 - [STDERR_REDIRECT] [Fatal Error] :1:1: Premature end of file.
2025-06-11 22:01:02,374 [ERROR] LogOutputStream:75 - [STDERR_REDIRECT] 
2025-06-11 22:01:03,482 [ERROR] LogOutputStream:75 - [STDERR_REDIRECT] [Fatal Error] :1:1: Premature end of file.
2025-06-11 22:01:03,483 [ERROR] LogOutputStream:75 - [STDERR_REDIRECT] 
2025-06-11 22:01:04,475 [ERROR] LogOutputStream:75 - [STDERR_REDIRECT] [Fatal Error] :1:1: Premature end of file.
2025-06-11 22:01:04,476 [ERROR] LogOutputStream:75 - [STDERR_REDIRECT] 
2025-06-11 22:01:05,378 [ERROR] LogOutputStream:75 - [STDERR_REDIRECT] [Fatal Error] :1:1: Premature end of file.
2025-06-11 22:01:05,379 [ERROR] LogOutputStream:75 - [STDERR_REDIRECT] 
2025-06-11 22:01:06,411 [ERROR] LogOutputStream:75 - [STDERR_REDIRECT] [Fatal Error] :1:1: Premature end of file.
2025-06-11 22:01:06,412 [ERROR] LogOutputStream:75 - [STDERR_REDIRECT] 
2025-06-11 22:01:07,466 [ERROR] LogOutputStream:75 - [STDERR_REDIRECT] [Fatal Error] :1:1: Premature end of file.
2025-06-11 22:01:07,466 [ERROR] LogOutputStream:75 - [STDERR_REDIRECT] 
2025-06-11 22:01:08,377 [ERROR] LogOutputStream:75 - [STDERR_REDIRECT] [Fatal Error] :1:1: Premature end of file.
2025-06-11 22:01:08,377 [ERROR] LogOutputStream:75 - [STDERR_REDIRECT] 
2025-06-11 22:01:09,495 [ERROR] LogOutputStream:75 - [STDERR_REDIRECT] [Fatal Error] :1:1: Premature end of file.
2025-06-11 22:01:09,496 [ERROR] LogOutputStream:75 - [STDERR_REDIRECT] 
2025-06-11 22:01:10,447 [ERROR] LogOutputStream:75 - [STDERR_REDIRECT] [Fatal Error] :1:1: Premature end of file.
2025-06-11 22:01:10,448 [ERROR] LogOutputStream:75 - [STDERR_REDIRECT] 
2025-06-11 22:01:11,379 [ERROR] LogOutputStream:75 - [STDERR_REDIRECT] [Fatal Error] :1:1: Premature end of file.
2025-06-11 22:01:11,380 [ERROR] LogOutputStream:75 - [STDERR_REDIRECT] 
2025-06-11 22:01:12,468 [ERROR] LogOutputStream:75 - [STDERR_REDIRECT] [Fatal Error] :1:1: Premature end of file.
2025-06-11 22:01:12,468 [ERROR] LogOutputStream:75 - [STDERR_REDIRECT] 
2025-06-11 22:01:13,472 [ERROR] LogOutputStream:75 - [STDERR_REDIRECT] [Fatal Error] :1:1: Premature end of file.
2025-06-11 22:01:13,473 [ERROR] LogOutputStream:75 - [STDERR_REDIRECT] 
2025-06-11 22:01:14,477 [ERROR] LogOutputStream:75 - [STDERR_REDIRECT] [Fatal Error] :1:1: Premature end of file.
2025-06-11 22:01:14,477 [ERROR] LogOutputStream:75 - [STDERR_REDIRECT] 
2025-06-11 22:01:15,457 [ERROR] LogOutputStream:75 - [STDERR_REDIRECT] [Fatal Error] :1:1: Premature end of file.
2025-06-11 22:01:15,457 [ERROR] LogOutputStream:75 - [STDERR_REDIRECT] 
2025-06-11 22:01:16,460 [ERROR] LogOutputStream:75 - [STDERR_REDIRECT] [Fatal Error] :1:1: Premature end of file.
2025-06-11 22:01:16,460 [ERROR] LogOutputStream:75 - [STDERR_REDIRECT] 
2025-06-11 22:01:17,369 [ERROR] LogOutputStream:75 - [STDERR_REDIRECT] [Fatal Error] :1:1: Premature end of file.
2025-06-11 22:01:17,370 [ERROR] LogOutputStream:75 - [STDERR_REDIRECT] 
2025-06-11 22:01:18,383 [ERROR] LogOutputStream:75 - [STDERR_REDIRECT] [Fatal Error] :1:1: Premature end of file.
2025-06-11 22:01:18,383 [ERROR] LogOutputStream:75 - [STDERR_REDIRECT] 
2025-06-11 22:01:19,404 [ERROR] LogOutputStream:75 - [STDERR_REDIRECT] [Fatal Error] :1:1: Premature end of file.
2025-06-11 22:01:19,404 [ERROR] LogOutputStream:75 - [STDERR_REDIRECT] 
2025-06-11 22:01:20,471 [ERROR] LogOutputStream:75 - [STDERR_REDIRECT] [Fatal Error] :1:1: Premature end of file.
2025-06-11 22:01:20,471 [ERROR] LogOutputStream:75 - [STDERR_REDIRECT] 
2025-06-11 22:01:21,465 [ERROR] LogOutputStream:75 - [STDERR_REDIRECT] [Fatal Error] :1:1: Premature end of file.
2025-06-11 22:01:21,465 [ERROR] LogOutputStream:75 - [STDERR_REDIRECT] 
2025-06-11 22:01:22,456 [ERROR] LogOutputStream:75 - [STDERR_REDIRECT] [Fatal Error] :1:1: Premature end of file.
2025-06-11 22:01:22,456 [ERROR] LogOutputStream:75 - [STDERR_REDIRECT] 
2025-06-11 22:01:23,466 [ERROR] LogOutputStream:75 - [STDERR_REDIRECT] [Fatal Error] :1:1: Premature end of file.
2025-06-11 22:01:23,466 [ERROR] LogOutputStream:75 - [STDERR_REDIRECT] 
2025-06-11 22:01:24,484 [ERROR] LogOutputStream:75 - [STDERR_REDIRECT] [Fatal Error] :1:1: Premature end of file.
2025-06-11 22:01:24,484 [ERROR] LogOutputStream:75 - [STDERR_REDIRECT] 
2025-06-11 22:01:25,492 [ERROR] LogOutputStream:75 - [STDERR_REDIRECT] [Fatal Error] :1:1: Premature end of file.
2025-06-11 22:01:25,492 [ERROR] LogOutputStream:75 - [STDERR_REDIRECT] 
2025-06-11 22:01:26,383 [ERROR] LogOutputStream:75 - [STDERR_REDIRECT] [Fatal Error] :1:1: Premature end of file.
2025-06-11 22:01:26,383 [ERROR] LogOutputStream:75 - [STDERR_REDIRECT] 
2025-06-11 22:01:27,466 [ERROR] LogOutputStream:75 - [STDERR_REDIRECT] [Fatal Error] :1:1: Premature end of file.
2025-06-11 22:01:27,466 [ERROR] LogOutputStream:75 - [STDERR_REDIRECT] 
2025-06-11 22:01:28,465 [ERROR] LogOutputStream:75 - [STDERR_REDIRECT] [Fatal Error] :1:1: Premature end of file.
2025-06-11 22:01:28,466 [ERROR] LogOutputStream:75 - [STDERR_REDIRECT] 
2025-06-11 22:01:29,383 [ERROR] LogOutputStream:75 - [STDERR_REDIRECT] [Fatal Error] :1:1: Premature end of file.
2025-06-11 22:01:29,383 [ERROR] LogOutputStream:75 - [STDERR_REDIRECT] 
2025-06-11 22:01:30,435 [ERROR] LogOutputStream:75 - [STDERR_REDIRECT] [Fatal Error] :1:1: Premature end of file.
2025-06-11 22:01:30,436 [ERROR] LogOutputStream:75 - [STDERR_REDIRECT] 
2025-06-11 22:01:31,482 [ERROR] LogOutputStream:75 - [STDERR_REDIRECT] [Fatal Error] :1:1: Premature end of file.
2025-06-11 22:01:31,483 [ERROR] LogOutputStream:75 - [STDERR_REDIRECT] 
2025-06-11 22:01:32,488 [ERROR] LogOutputStream:75 - [STDERR_REDIRECT] [Fatal Error] :1:1: Premature end of file.
2025-06-11 22:01:32,488 [ERROR] LogOutputStream:75 - [STDERR_REDIRECT] 
2025-06-11 22:01:33,400 [ERROR] LogOutputStream:75 - [STDERR_REDIRECT] [Fatal Error] :1:1: Premature end of file.
2025-06-11 22:01:33,400 [ERROR] LogOutputStream:75 - [STDERR_REDIRECT] 
2025-06-11 22:01:34,381 [ERROR] LogOutputStream:75 - [STDERR_REDIRECT] [Fatal Error] :1:1: Premature end of file.
2025-06-11 22:01:34,381 [ERROR] LogOutputStream:75 - [STDERR_REDIRECT] 
2025-06-11 22:01:35,384 [ERROR] LogOutputStream:75 - [STDERR_REDIRECT] [Fatal Error] :1:1: Premature end of file.
2025-06-11 22:01:35,384 [ERROR] LogOutputStream:75 - [STDERR_REDIRECT] 
2025-06-11 22:01:36,458 [ERROR] LogOutputStream:75 - [STDERR_REDIRECT] [Fatal Error] :1:1: Premature end of file.
2025-06-11 22:01:36,458 [ERROR] LogOutputStream:75 - [STDERR_REDIRECT] 
2025-06-11 22:01:37,387 [ERROR] LogOutputStream:75 - [STDERR_REDIRECT] [Fatal Error] :1:1: Premature end of file.
2025-06-11 22:01:37,387 [ERROR] LogOutputStream:75 - [STDERR_REDIRECT] 
2025-06-11 22:01:38,374 [ERROR] LogOutputStream:75 - [STDERR_REDIRECT] [Fatal Error] :1:1: Premature end of file.
2025-06-11 22:01:38,374 [ERROR] LogOutputStream:75 - [STDERR_REDIRECT] 
2025-06-11 22:01:39,367 [ERROR] LogOutputStream:75 - [STDERR_REDIRECT] [Fatal Error] :1:1: Premature end of file.
2025-06-11 22:01:39,368 [ERROR] LogOutputStream:75 - [STDERR_REDIRECT] 
2025-06-11 22:01:40,483 [ERROR] LogOutputStream:75 - [STDERR_REDIRECT] [Fatal Error] :1:1: Premature end of file.
2025-06-11 22:01:40,483 [ERROR] LogOutputStream:75 - [STDERR_REDIRECT] 
2025-06-11 22:01:41,368 [ERROR] LogOutputStream:75 - [STDERR_REDIRECT] [Fatal Error] :1:1: Premature end of file.
2025-06-11 22:01:41,368 [ERROR] LogOutputStream:75 - [STDERR_REDIRECT] 
2025-06-11 22:01:42,399 [ERROR] LogOutputStream:75 - [STDERR_REDIRECT] [Fatal Error] :1:1: Premature end of file.
2025-06-11 22:01:42,399 [ERROR] LogOutputStream:75 - [STDERR_REDIRECT] 
2025-06-11 22:01:43,378 [ERROR] LogOutputStream:75 - [STDERR_REDIRECT] [Fatal Error] :1:1: Premature end of file.
2025-06-11 22:01:43,379 [ERROR] LogOutputStream:75 - [STDERR_REDIRECT] 
2025-06-11 22:01:44,376 [ERROR] LogOutputStream:75 - [STDERR_REDIRECT] [Fatal Error] :1:1: Premature end of file.
2025-06-11 22:01:44,376 [ERROR] LogOutputStream:75 - [STDERR_REDIRECT] 
2025-06-11 22:01:45,375 [ERROR] LogOutputStream:75 - [STDERR_REDIRECT] [Fatal Error] :1:1: Premature end of file.
2025-06-11 22:01:45,375 [ERROR] LogOutputStream:75 - [STDERR_REDIRECT] 
2025-06-11 22:01:46,471 [ERROR] LogOutputStream:75 - [STDERR_REDIRECT] [Fatal Error] :1:1: Premature end of file.
2025-06-11 22:01:46,472 [ERROR] LogOutputStream:75 - [STDERR_REDIRECT] 
2025-06-11 22:01:47,383 [ERROR] LogOutputStream:75 - [STDERR_REDIRECT] [Fatal Error] :1:1: Premature end of file.
2025-06-11 22:01:47,384 [ERROR] LogOutputStream:75 - [STDERR_REDIRECT] 
2025-06-11 22:01:48,486 [ERROR] LogOutputStream:75 - [STDERR_REDIRECT] [Fatal Error] :1:1: Premature end of file.
2025-06-11 22:01:48,486 [ERROR] LogOutputStream:75 - [STDERR_REDIRECT] 
2025-06-11 22:01:49,442 [ERROR] LogOutputStream:75 - [STDERR_REDIRECT] [Fatal Error] :1:1: Premature end of file.
2025-06-11 22:01:49,442 [ERROR] LogOutputStream:75 - [STDERR_REDIRECT] 
2025-06-11 22:01:50,466 [ERROR] LogOutputStream:75 - [STDERR_REDIRECT] [Fatal Error] :1:1: Premature end of file.
2025-06-11 22:01:50,466 [ERROR] LogOutputStream:75 - [STDERR_REDIRECT] 
2025-06-11 22:01:51,468 [ERROR] LogOutputStream:75 - [STDERR_REDIRECT] [Fatal Error] :1:1: Premature end of file.
2025-06-11 22:01:51,468 [ERROR] LogOutputStream:75 - [STDERR_REDIRECT] 
2025-06-11 22:01:52,485 [ERROR] LogOutputStream:75 - [STDERR_REDIRECT] [Fatal Error] :1:1: Premature end of file.
2025-06-11 22:01:52,485 [ERROR] LogOutputStream:75 - [STDERR_REDIRECT] 
2025-06-11 22:01:53,458 [ERROR] LogOutputStream:75 - [STDERR_REDIRECT] [Fatal Error] :1:1: Premature end of file.
2025-06-11 22:01:53,458 [ERROR] LogOutputStream:75 - [STDERR_REDIRECT] 
2025-06-11 22:01:54,458 [ERROR] LogOutputStream:75 - [STDERR_REDIRECT] [Fatal Error] :1:1: Premature end of file.
2025-06-11 22:01:54,458 [ERROR] LogOutputStream:75 - [STDERR_REDIRECT] 
2025-06-11 22:01:55,458 [ERROR] LogOutputStream:75 - [STDERR_REDIRECT] [Fatal Error] :1:1: Premature end of file.
2025-06-11 22:01:55,459 [ERROR] LogOutputStream:75 - [STDERR_REDIRECT] 
2025-06-11 22:01:56,386 [ERROR] LogOutputStream:75 - [STDERR_REDIRECT] [Fatal Error] :1:1: Premature end of file.
2025-06-11 22:01:56,386 [ERROR] LogOutputStream:75 - [STDERR_REDIRECT] 
2025-06-11 22:01:57,381 [ERROR] LogOutputStream:75 - [STDERR_REDIRECT] [Fatal Error] :1:1: Premature end of file.
2025-06-11 22:01:57,382 [ERROR] LogOutputStream:75 - [STDERR_REDIRECT] 
2025-06-11 22:01:58,457 [ERROR] LogOutputStream:75 - [STDERR_REDIRECT] [Fatal Error] :1:1: Premature end of file.
2025-06-11 22:01:58,457 [ERROR] LogOutputStream:75 - [STDERR_REDIRECT] 
2025-06-11 22:01:59,460 [ERROR] LogOutputStream:75 - [STDERR_REDIRECT] [Fatal Error] :1:1: Premature end of file.
2025-06-11 22:01:59,460 [ERROR] LogOutputStream:75 - [STDERR_REDIRECT] 
2025-06-11 22:02:00,375 [ERROR] LogOutputStream:75 - [STDERR_REDIRECT] [Fatal Error] :1:1: Premature end of file.
2025-06-11 22:02:00,375 [ERROR] LogOutputStream:75 - [STDERR_REDIRECT] 
2025-06-11 22:02:01,481 [ERROR] LogOutputStream:75 - [STDERR_REDIRECT] [Fatal Error] :1:1: Premature end of file.
2025-06-11 22:02:01,481 [ERROR] LogOutputStream:75 - [STDERR_REDIRECT] 
2025-06-11 22:02:02,369 [ERROR] LogOutputStream:75 - [STDERR_REDIRECT] [Fatal Error] :1:1: Premature end of file.
2025-06-11 22:02:02,369 [ERROR] LogOutputStream:75 - [STDERR_REDIRECT] 
2025-06-11 22:02:03,378 [ERROR] LogOutputStream:75 - [STDERR_REDIRECT] [Fatal Error] :1:1: Premature end of file.
2025-06-11 22:02:03,378 [ERROR] LogOutputStream:75 - [STDERR_REDIRECT] 
2025-06-11 22:02:04,371 [ERROR] LogOutputStream:75 - [STDERR_REDIRECT] [Fatal Error] :1:1: Premature end of file.
2025-06-11 22:02:04,371 [ERROR] LogOutputStream:75 - [STDERR_REDIRECT] 
2025-06-11 22:02:05,444 [ERROR] LogOutputStream:75 - [STDERR_REDIRECT] [Fatal Error] :1:1: Premature end of file.
2025-06-11 22:02:05,444 [ERROR] LogOutputStream:75 - [STDERR_REDIRECT] 
2025-06-11 22:02:06,374 [ERROR] LogOutputStream:75 - [STDERR_REDIRECT] [Fatal Error] :1:1: Premature end of file.
2025-06-11 22:02:06,375 [ERROR] LogOutputStream:75 - [STDERR_REDIRECT] 
2025-06-11 22:02:07,368 [ERROR] LogOutputStream:75 - [STDERR_REDIRECT] [Fatal Error] :1:1: Premature end of file.
2025-06-11 22:02:07,368 [ERROR] LogOutputStream:75 - [STDERR_REDIRECT] 
2025-06-11 22:02:08,385 [ERROR] LogOutputStream:75 - [STDERR_REDIRECT] [Fatal Error] :1:1: Premature end of file.
2025-06-11 22:02:08,385 [ERROR] LogOutputStream:75 - [STDERR_REDIRECT] 
2025-06-11 22:02:09,489 [ERROR] LogOutputStream:75 - [STDERR_REDIRECT] [Fatal Error] :1:1: Premature end of file.
2025-06-11 22:02:09,489 [ERROR] LogOutputStream:75 - [STDERR_REDIRECT] 
2025-06-11 22:02:10,457 [ERROR] LogOutputStream:75 - [STDERR_REDIRECT] [Fatal Error] :1:1: Premature end of file.
2025-06-11 22:02:10,457 [ERROR] LogOutputStream:75 - [STDERR_REDIRECT] 
2025-06-11 22:02:11,488 [ERROR] LogOutputStream:75 - [STDERR_REDIRECT] [Fatal Error] :1:1: Premature end of file.
2025-06-11 22:02:11,488 [ERROR] LogOutputStream:75 - [STDERR_REDIRECT] 
2025-06-11 22:02:12,383 [ERROR] LogOutputStream:75 - [STDERR_REDIRECT] [Fatal Error] :1:1: Premature end of file.
2025-06-11 22:02:12,383 [ERROR] LogOutputStream:75 - [STDERR_REDIRECT] 
2025-06-11 22:02:13,476 [ERROR] LogOutputStream:75 - [STDERR_REDIRECT] [Fatal Error] :1:1: Premature end of file.
2025-06-11 22:02:13,476 [ERROR] LogOutputStream:75 - [STDERR_REDIRECT] 
2025-06-11 22:02:14,458 [ERROR] LogOutputStream:75 - [STDERR_REDIRECT] [Fatal Error] :1:1: Premature end of file.
2025-06-11 22:02:14,458 [ERROR] LogOutputStream:75 - [STDERR_REDIRECT] 
2025-06-11 22:02:15,379 [ERROR] LogOutputStream:75 - [STDERR_REDIRECT] [Fatal Error] :1:1: Premature end of file.
2025-06-11 22:02:15,379 [ERROR] LogOutputStream:75 - [STDERR_REDIRECT] 
2025-06-11 22:02:16,471 [ERROR] LogOutputStream:75 - [STDERR_REDIRECT] [Fatal Error] :1:1: Premature end of file.
2025-06-11 22:02:16,471 [ERROR] LogOutputStream:75 - [STDERR_REDIRECT] 
2025-06-11 22:02:17,469 [ERROR] LogOutputStream:75 - [STDERR_REDIRECT] [Fatal Error] :1:1: Premature end of file.
2025-06-11 22:02:17,469 [ERROR] LogOutputStream:75 - [STDERR_REDIRECT] 
2025-06-11 22:02:18,471 [ERROR] LogOutputStream:75 - [STDERR_REDIRECT] [Fatal Error] :1:1: Premature end of file.
2025-06-11 22:02:18,471 [ERROR] LogOutputStream:75 - [STDERR_REDIRECT] 
2025-06-11 22:02:19,381 [ERROR] LogOutputStream:75 - [STDERR_REDIRECT] [Fatal Error] :1:1: Premature end of file.
2025-06-11 22:02:19,381 [ERROR] LogOutputStream:75 - [STDERR_REDIRECT] 
2025-06-11 22:02:20,376 [ERROR] LogOutputStream:75 - [STDERR_REDIRECT] [Fatal Error] :1:1: Premature end of file.
2025-06-11 22:02:20,376 [ERROR] LogOutputStream:75 - [STDERR_REDIRECT] 
2025-06-11 22:02:21,403 [ERROR] LogOutputStream:75 - [STDERR_REDIRECT] [Fatal Error] :1:1: Premature end of file.
2025-06-11 22:02:21,403 [ERROR] LogOutputStream:75 - [STDERR_REDIRECT] 
2025-06-11 22:02:22,431 [ERROR] LogOutputStream:75 - [STDERR_REDIRECT] [Fatal Error] :1:1: Premature end of file.
2025-06-11 22:02:22,431 [ERROR] LogOutputStream:75 - [STDERR_REDIRECT] 
2025-06-11 22:02:23,492 [ERROR] LogOutputStream:75 - [STDERR_REDIRECT] [Fatal Error] :1:1: Premature end of file.
2025-06-11 22:02:23,492 [ERROR] LogOutputStream:75 - [STDERR_REDIRECT] 
2025-06-11 22:02:24,379 [ERROR] LogOutputStream:75 - [STDERR_REDIRECT] [Fatal Error] :1:1: Premature end of file.
2025-06-11 22:02:24,379 [ERROR] LogOutputStream:75 - [STDERR_REDIRECT] 
2025-06-11 22:02:25,371 [ERROR] LogOutputStream:75 - [STDERR_REDIRECT] [Fatal Error] :1:1: Premature end of file.
2025-06-11 22:02:25,371 [ERROR] LogOutputStream:75 - [STDERR_REDIRECT] 
2025-06-11 22:02:26,372 [ERROR] LogOutputStream:75 - [STDERR_REDIRECT] [Fatal Error] :1:1: Premature end of file.
2025-06-11 22:02:26,372 [ERROR] LogOutputStream:75 - [STDERR_REDIRECT] 
2025-06-11 22:02:27,392 [ERROR] LogOutputStream:75 - [STDERR_REDIRECT] [Fatal Error] :1:1: Premature end of file.
2025-06-11 22:02:27,392 [ERROR] LogOutputStream:75 - [STDERR_REDIRECT] 
2025-06-11 22:02:28,459 [ERROR] LogOutputStream:75 - [STDERR_REDIRECT] [Fatal Error] :1:1: Premature end of file.
2025-06-11 22:02:28,459 [ERROR] LogOutputStream:75 - [STDERR_REDIRECT] 
2025-06-11 22:02:29,405 [ERROR] LogOutputStream:75 - [STDERR_REDIRECT] [Fatal Error] :1:1: Premature end of file.
2025-06-11 22:02:29,406 [ERROR] LogOutputStream:75 - [STDERR_REDIRECT] 
2025-06-11 22:02:30,471 [ERROR] LogOutputStream:75 - [STDERR_REDIRECT] [Fatal Error] :1:1: Premature end of file.
2025-06-11 22:02:30,472 [ERROR] LogOutputStream:75 - [STDERR_REDIRECT] 
2025-06-11 22:02:31,375 [ERROR] LogOutputStream:75 - [STDERR_REDIRECT] [Fatal Error] :1:1: Premature end of file.
2025-06-11 22:02:31,375 [ERROR] LogOutputStream:75 - [STDERR_REDIRECT] 
2025-06-11 22:02:32,376 [ERROR] LogOutputStream:75 - [STDERR_REDIRECT] [Fatal Error] :1:1: Premature end of file.
2025-06-11 22:02:32,376 [ERROR] LogOutputStream:75 - [STDERR_REDIRECT] 
2025-06-11 22:02:33,446 [ERROR] LogOutputStream:75 - [STDERR_REDIRECT] [Fatal Error] :1:1: Premature end of file.
2025-06-11 22:02:33,446 [ERROR] LogOutputStream:75 - [STDERR_REDIRECT] 
2025-06-11 22:02:34,370 [ERROR] LogOutputStream:75 - [STDERR_REDIRECT] [Fatal Error] :1:1: Premature end of file.
2025-06-11 22:02:34,370 [ERROR] LogOutputStream:75 - [STDERR_REDIRECT] 
2025-06-11 22:02:35,415 [ERROR] LogOutputStream:75 - [STDERR_REDIRECT] [Fatal Error] :1:1: Premature end of file.
2025-06-11 22:02:35,415 [ERROR] LogOutputStream:75 - [STDERR_REDIRECT] 
2025-06-11 22:02:36,441 [ERROR] LogOutputStream:75 - [STDERR_REDIRECT] [Fatal Error] :1:1: Premature end of file.
2025-06-11 22:02:36,441 [ERROR] LogOutputStream:75 - [STDERR_REDIRECT] 
2025-06-11 22:02:37,433 [ERROR] LogOutputStream:75 - [STDERR_REDIRECT] [Fatal Error] :1:1: Premature end of file.
2025-06-11 22:02:37,433 [ERROR] LogOutputStream:75 - [STDERR_REDIRECT] 
2025-06-11 22:02:38,458 [ERROR] LogOutputStream:75 - [STDERR_REDIRECT] [Fatal Error] :1:1: Premature end of file.
2025-06-11 22:02:38,458 [ERROR] LogOutputStream:75 - [STDERR_REDIRECT] 
2025-06-11 22:02:39,468 [ERROR] LogOutputStream:75 - [STDERR_REDIRECT] [Fatal Error] :1:1: Premature end of file.
2025-06-11 22:02:39,468 [ERROR] LogOutputStream:75 - [STDERR_REDIRECT] 
2025-06-11 22:02:40,464 [ERROR] LogOutputStream:75 - [STDERR_REDIRECT] [Fatal Error] :1:1: Premature end of file.
2025-06-11 22:02:40,464 [ERROR] LogOutputStream:75 - [STDERR_REDIRECT] 
2025-06-11 22:02:41,472 [ERROR] LogOutputStream:75 - [STDERR_REDIRECT] [Fatal Error] :1:1: Premature end of file.
2025-06-11 22:02:41,472 [ERROR] LogOutputStream:75 - [STDERR_REDIRECT] 
2025-06-11 22:02:42,414 [ERROR] LogOutputStream:75 - [STDERR_REDIRECT] [Fatal Error] :1:1: Premature end of file.
2025-06-11 22:02:42,414 [ERROR] LogOutputStream:75 - [STDERR_REDIRECT] 
2025-06-11 22:02:43,422 [ERROR] LogOutputStream:75 - [STDERR_REDIRECT] [Fatal Error] :1:1: Premature end of file.
2025-06-11 22:02:43,422 [ERROR] LogOutputStream:75 - [STDERR_REDIRECT] 
2025-06-11 22:02:44,382 [ERROR] LogOutputStream:75 - [STDERR_REDIRECT] [Fatal Error] :1:1: Premature end of file.
2025-06-11 22:02:44,382 [ERROR] LogOutputStream:75 - [STDERR_REDIRECT] 
2025-06-11 22:02:45,466 [ERROR] LogOutputStream:75 - [STDERR_REDIRECT] [Fatal Error] :1:1: Premature end of file.
2025-06-11 22:02:45,466 [ERROR] LogOutputStream:75 - [STDERR_REDIRECT] 
2025-06-11 22:02:46,459 [ERROR] LogOutputStream:75 - [STDERR_REDIRECT] [Fatal Error] :1:1: Premature end of file.
2025-06-11 22:02:46,460 [ERROR] LogOutputStream:75 - [STDERR_REDIRECT] 
2025-06-11 22:02:47,373 [ERROR] LogOutputStream:75 - [STDERR_REDIRECT] [Fatal Error] :1:1: Premature end of file.
2025-06-11 22:02:47,373 [ERROR] LogOutputStream:75 - [STDERR_REDIRECT] 
2025-06-11 22:02:48,442 [ERROR] LogOutputStream:75 - [STDERR_REDIRECT] [Fatal Error] :1:1: Premature end of file.
2025-06-11 22:02:48,442 [ERROR] LogOutputStream:75 - [STDERR_REDIRECT] 
2025-06-11 22:02:49,385 [ERROR] LogOutputStream:75 - [STDERR_REDIRECT] [Fatal Error] :1:1: Premature end of file.
2025-06-11 22:02:49,385 [ERROR] LogOutputStream:75 - [STDERR_REDIRECT] 
2025-06-11 22:02:50,436 [ERROR] LogOutputStream:75 - [STDERR_REDIRECT] [Fatal Error] :1:1: Premature end of file.
2025-06-11 22:02:50,436 [ERROR] LogOutputStream:75 - [STDERR_REDIRECT] 
2025-06-11 22:02:51,373 [ERROR] LogOutputStream:75 - [STDERR_REDIRECT] [Fatal Error] :1:1: Premature end of file.
2025-06-11 22:02:51,373 [ERROR] LogOutputStream:75 - [STDERR_REDIRECT] 
2025-06-11 22:02:52,465 [ERROR] LogOutputStream:75 - [STDERR_REDIRECT] [Fatal Error] :1:1: Premature end of file.
2025-06-11 22:02:52,466 [ERROR] LogOutputStream:75 - [STDERR_REDIRECT] 
2025-06-11 22:02:53,470 [ERROR] LogOutputStream:75 - [STDERR_REDIRECT] [Fatal Error] :1:1: Premature end of file.
2025-06-11 22:02:53,472 [ERROR] LogOutputStream:75 - [STDERR_REDIRECT] 
2025-06-11 22:02:54,488 [ERROR] LogOutputStream:75 - [STDERR_REDIRECT] [Fatal Error] :1:1: Premature end of file.
2025-06-11 22:02:54,488 [ERROR] LogOutputStream:75 - [STDERR_REDIRECT] 
2025-06-11 22:02:55,386 [ERROR] LogOutputStream:75 - [STDERR_REDIRECT] [Fatal Error] :1:1: Premature end of file.
2025-06-11 22:02:55,387 [ERROR] LogOutputStream:75 - [STDERR_REDIRECT] 
2025-06-11 22:02:56,467 [ERROR] LogOutputStream:75 - [STDERR_REDIRECT] [Fatal Error] :1:1: Premature end of file.
2025-06-11 22:02:56,467 [ERROR] LogOutputStream:75 - [STDERR_REDIRECT] 
2025-06-11 22:02:57,472 [ERROR] LogOutputStream:75 - [STDERR_REDIRECT] [Fatal Error] :1:1: Premature end of file.
2025-06-11 22:02:57,472 [ERROR] LogOutputStream:75 - [STDERR_REDIRECT] 
2025-06-11 22:02:58,369 [ERROR] LogOutputStream:75 - [STDERR_REDIRECT] [Fatal Error] :1:1: Premature end of file.
2025-06-11 22:02:58,369 [ERROR] LogOutputStream:75 - [STDERR_REDIRECT] 
2025-06-11 22:02:59,380 [ERROR] LogOutputStream:75 - [STDERR_REDIRECT] [Fatal Error] :1:1: Premature end of file.
2025-06-11 22:02:59,380 [ERROR] LogOutputStream:75 - [STDERR_REDIRECT] 
2025-06-11 22:03:00,418 [ERROR] LogOutputStream:75 - [STDERR_REDIRECT] [Fatal Error] :1:1: Premature end of file.
2025-06-11 22:03:00,418 [ERROR] LogOutputStream:75 - [STDERR_REDIRECT] 
2025-06-11 22:03:01,460 [ERROR] LogOutputStream:75 - [STDERR_REDIRECT] [Fatal Error] :1:1: Premature end of file.
2025-06-11 22:03:01,460 [ERROR] LogOutputStream:75 - [STDERR_REDIRECT] 
2025-06-11 22:03:02,464 [ERROR] LogOutputStream:75 - [STDERR_REDIRECT] [Fatal Error] :1:1: Premature end of file.
2025-06-11 22:03:02,465 [ERROR] LogOutputStream:75 - [STDERR_REDIRECT] 
2025-06-11 22:03:03,472 [ERROR] LogOutputStream:75 - [STDERR_REDIRECT] [Fatal Error] :1:1: Premature end of file.
2025-06-11 22:03:03,472 [ERROR] LogOutputStream:75 - [STDERR_REDIRECT] 
2025-06-11 22:03:04,453 [ERROR] LogOutputStream:75 - [STDERR_REDIRECT] [Fatal Error] :1:1: Premature end of file.
2025-06-11 22:03:04,454 [ERROR] LogOutputStream:75 - [STDERR_REDIRECT] 
2025-06-11 22:03:05,465 [ERROR] LogOutputStream:75 - [STDERR_REDIRECT] [Fatal Error] :1:1: Premature end of file.
2025-06-11 22:03:05,465 [ERROR] LogOutputStream:75 - [STDERR_REDIRECT] 
2025-06-11 22:03:06,376 [ERROR] LogOutputStream:75 - [STDERR_REDIRECT] [Fatal Error] :1:1: Premature end of file.
2025-06-11 22:03:06,376 [ERROR] LogOutputStream:75 - [STDERR_REDIRECT] 
2025-06-11 22:03:07,449 [ERROR] LogOutputStream:75 - [STDERR_REDIRECT] [Fatal Error] :1:1: Premature end of file.
2025-06-11 22:03:07,449 [ERROR] LogOutputStream:75 - [STDERR_REDIRECT] 
2025-06-11 22:03:08,461 [ERROR] LogOutputStream:75 - [STDERR_REDIRECT] [Fatal Error] :1:1: Premature end of file.
2025-06-11 22:03:08,461 [ERROR] LogOutputStream:75 - [STDERR_REDIRECT] 
2025-06-11 22:03:09,381 [ERROR] LogOutputStream:75 - [STDERR_REDIRECT] [Fatal Error] :1:1: Premature end of file.
2025-06-11 22:03:09,381 [ERROR] LogOutputStream:75 - [STDERR_REDIRECT] 
2025-06-11 22:03:10,368 [ERROR] LogOutputStream:75 - [STDERR_REDIRECT] [Fatal Error] :1:1: Premature end of file.
2025-06-11 22:03:10,368 [ERROR] LogOutputStream:75 - [STDERR_REDIRECT] 
2025-06-11 22:03:11,474 [ERROR] LogOutputStream:75 - [STDERR_REDIRECT] [Fatal Error] :1:1: Premature end of file.
2025-06-11 22:03:11,474 [ERROR] LogOutputStream:75 - [STDERR_REDIRECT] 
2025-06-11 22:03:12,368 [ERROR] LogOutputStream:75 - [STDERR_REDIRECT] [Fatal Error] :1:1: Premature end of file.
2025-06-11 22:03:12,368 [ERROR] LogOutputStream:75 - [STDERR_REDIRECT] 
2025-06-11 22:03:13,397 [ERROR] LogOutputStream:75 - [STDERR_REDIRECT] [Fatal Error] :1:1: Premature end of file.
2025-06-11 22:03:13,397 [ERROR] LogOutputStream:75 - [STDERR_REDIRECT] 
2025-06-11 22:03:14,461 [ERROR] LogOutputStream:75 - [STDERR_REDIRECT] [Fatal Error] :1:1: Premature end of file.
2025-06-11 22:03:14,462 [ERROR] LogOutputStream:75 - [STDERR_REDIRECT] 
2025-06-11 22:03:15,372 [ERROR] LogOutputStream:75 - [STDERR_REDIRECT] [Fatal Error] :1:1: Premature end of file.
2025-06-11 22:03:15,372 [ERROR] LogOutputStream:75 - [STDERR_REDIRECT] 
2025-06-11 22:03:16,375 [ERROR] LogOutputStream:75 - [STDERR_REDIRECT] [Fatal Error] :1:1: Premature end of file.
2025-06-11 22:03:16,375 [ERROR] LogOutputStream:75 - [STDERR_REDIRECT] 
2025-06-11 22:03:17,433 [ERROR] LogOutputStream:75 - [STDERR_REDIRECT] [Fatal Error] :1:1: Premature end of file.
2025-06-11 22:03:17,433 [ERROR] LogOutputStream:75 - [STDERR_REDIRECT] 
2025-06-11 22:03:18,450 [ERROR] LogOutputStream:75 - [STDERR_REDIRECT] [Fatal Error] :1:1: Premature end of file.
2025-06-11 22:03:18,450 [ERROR] LogOutputStream:75 - [STDERR_REDIRECT] 
2025-06-11 22:03:19,377 [ERROR] LogOutputStream:75 - [STDERR_REDIRECT] [Fatal Error] :1:1: Premature end of file.
2025-06-11 22:03:19,377 [ERROR] LogOutputStream:75 - [STDERR_REDIRECT] 
2025-06-11 22:03:20,368 [ERROR] LogOutputStream:75 - [STDERR_REDIRECT] [Fatal Error] :1:1: Premature end of file.
2025-06-11 22:03:20,368 [ERROR] LogOutputStream:75 - [STDERR_REDIRECT] 
2025-06-11 22:03:21,425 [ERROR] LogOutputStream:75 - [STDERR_REDIRECT] [Fatal Error] :1:1: Premature end of file.
2025-06-11 22:03:21,425 [ERROR] LogOutputStream:75 - [STDERR_REDIRECT] 
2025-06-11 22:03:22,377 [ERROR] LogOutputStream:75 - [STDERR_REDIRECT] [Fatal Error] :1:1: Premature end of file.
2025-06-11 22:03:22,377 [ERROR] LogOutputStream:75 - [STDERR_REDIRECT] 
2025-06-11 22:03:23,379 [ERROR] LogOutputStream:75 - [STDERR_REDIRECT] [Fatal Error] :1:1: Premature end of file.
2025-06-11 22:03:23,379 [ERROR] LogOutputStream:75 - [STDERR_REDIRECT] 
2025-06-11 22:03:24,382 [ERROR] LogOutputStream:75 - [STDERR_REDIRECT] [Fatal Error] :1:1: Premature end of file.
2025-06-11 22:03:24,382 [ERROR] LogOutputStream:75 - [STDERR_REDIRECT] 
2025-06-11 22:03:25,385 [ERROR] LogOutputStream:75 - [STDERR_REDIRECT] [Fatal Error] :1:1: Premature end of file.
2025-06-11 22:03:25,385 [ERROR] LogOutputStream:75 - [STDERR_REDIRECT] 
2025-06-11 22:03:26,378 [ERROR] LogOutputStream:75 - [STDERR_REDIRECT] [Fatal Error] :1:1: Premature end of file.
2025-06-11 22:03:26,379 [ERROR] LogOutputStream:75 - [STDERR_REDIRECT] 
2025-06-11 22:03:27,389 [ERROR] LogOutputStream:75 - [STDERR_REDIRECT] [Fatal Error] :1:1: Premature end of file.
2025-06-11 22:03:27,389 [ERROR] LogOutputStream:75 - [STDERR_REDIRECT] 
2025-06-11 22:03:28,376 [ERROR] LogOutputStream:75 - [STDERR_REDIRECT] [Fatal Error] :1:1: Premature end of file.
2025-06-11 22:03:28,376 [ERROR] LogOutputStream:75 - [STDERR_REDIRECT] 
2025-06-11 22:03:29,446 [ERROR] LogOutputStream:75 - [STDERR_REDIRECT] [Fatal Error] :1:1: Premature end of file.
2025-06-11 22:03:29,446 [ERROR] LogOutputStream:75 - [STDERR_REDIRECT] 
2025-06-11 22:03:30,383 [ERROR] LogOutputStream:75 - [STDERR_REDIRECT] [Fatal Error] :1:1: Premature end of file.
2025-06-11 22:03:30,383 [ERROR] LogOutputStream:75 - [STDERR_REDIRECT] 
2025-06-11 22:03:31,503 [ERROR] LogOutputStream:75 - [STDERR_REDIRECT] [Fatal Error] :1:1: Premature end of file.
2025-06-11 22:03:31,503 [ERROR] LogOutputStream:75 - [STDERR_REDIRECT] 
2025-06-11 22:03:32,479 [ERROR] LogOutputStream:75 - [STDERR_REDIRECT] [Fatal Error] :1:1: Premature end of file.
2025-06-11 22:03:32,480 [ERROR] LogOutputStream:75 - [STDERR_REDIRECT] 
2025-06-11 22:03:33,374 [ERROR] LogOutputStream:75 - [STDERR_REDIRECT] [Fatal Error] :1:1: Premature end of file.
2025-06-11 22:03:33,374 [ERROR] LogOutputStream:75 - [STDERR_REDIRECT] 
2025-06-11 22:03:34,370 [ERROR] LogOutputStream:75 - [STDERR_REDIRECT] [Fatal Error] :1:1: Premature end of file.
2025-06-11 22:03:34,370 [ERROR] LogOutputStream:75 - [STDERR_REDIRECT] 
2025-06-11 22:03:35,382 [ERROR] LogOutputStream:75 - [STDERR_REDIRECT] [Fatal Error] :1:1: Premature end of file.
2025-06-11 22:03:35,382 [ERROR] LogOutputStream:75 - [STDERR_REDIRECT] 
2025-06-11 22:03:36,396 [ERROR] LogOutputStream:75 - [STDERR_REDIRECT] [Fatal Error] :1:1: Premature end of file.
2025-06-11 22:03:36,396 [ERROR] LogOutputStream:75 - [STDERR_REDIRECT] 
2025-06-11 22:03:37,372 [ERROR] LogOutputStream:75 - [STDERR_REDIRECT] [Fatal Error] :1:1: Premature end of file.
2025-06-11 22:03:37,372 [ERROR] LogOutputStream:75 - [STDERR_REDIRECT] 
2025-06-11 22:03:38,374 [ERROR] LogOutputStream:75 - [STDERR_REDIRECT] [Fatal Error] :1:1: Premature end of file.
2025-06-11 22:03:38,374 [ERROR] LogOutputStream:75 - [STDERR_REDIRECT] 
2025-06-11 22:03:39,524 [ERROR] LogOutputStream:75 - [STDERR_REDIRECT] [Fatal Error] :1:1: Premature end of file.
2025-06-11 22:03:39,524 [ERROR] LogOutputStream:75 - [STDERR_REDIRECT] 
2025-06-11 22:03:40,426 [ERROR] LogOutputStream:75 - [STDERR_REDIRECT] [Fatal Error] :1:1: Premature end of file.
2025-06-11 22:03:40,426 [ERROR] LogOutputStream:75 - [STDERR_REDIRECT] 
2025-06-11 22:03:41,464 [ERROR] LogOutputStream:75 - [STDERR_REDIRECT] [Fatal Error] :1:1: Premature end of file.
2025-06-11 22:03:41,464 [ERROR] LogOutputStream:75 - [STDERR_REDIRECT] 
2025-06-11 22:03:42,373 [ERROR] LogOutputStream:75 - [STDERR_REDIRECT] [Fatal Error] :1:1: Premature end of file.
2025-06-11 22:03:42,374 [ERROR] LogOutputStream:75 - [STDERR_REDIRECT] 
2025-06-11 22:03:43,404 [ERROR] LogOutputStream:75 - [STDERR_REDIRECT] [Fatal Error] :1:1: Premature end of file.
2025-06-11 22:03:43,404 [ERROR] LogOutputStream:75 - [STDERR_REDIRECT] 
2025-06-11 22:03:44,376 [ERROR] LogOutputStream:75 - [STDERR_REDIRECT] [Fatal Error] :1:1: Premature end of file.
2025-06-11 22:03:44,376 [ERROR] LogOutputStream:75 - [STDERR_REDIRECT] 
2025-06-11 22:03:45,380 [ERROR] LogOutputStream:75 - [STDERR_REDIRECT] [Fatal Error] :1:1: Premature end of file.
2025-06-11 22:03:45,380 [ERROR] LogOutputStream:75 - [STDERR_REDIRECT] 
2025-06-11 22:03:46,387 [ERROR] LogOutputStream:75 - [STDERR_REDIRECT] [Fatal Error] :1:1: Premature end of file.
2025-06-11 22:03:46,387 [ERROR] LogOutputStream:75 - [STDERR_REDIRECT] 
2025-06-11 22:03:47,373 [ERROR] LogOutputStream:75 - [STDERR_REDIRECT] [Fatal Error] :1:1: Premature end of file.
2025-06-11 22:03:47,374 [ERROR] LogOutputStream:75 - [STDERR_REDIRECT] 
2025-06-11 22:03:48,450 [ERROR] LogOutputStream:75 - [STDERR_REDIRECT] [Fatal Error] :1:1: Premature end of file.
2025-06-11 22:03:48,451 [ERROR] LogOutputStream:75 - [STDERR_REDIRECT] 
2025-06-11 22:03:49,460 [ERROR] LogOutputStream:75 - [STDERR_REDIRECT] [Fatal Error] :1:1: Premature end of file.
2025-06-11 22:03:49,460 [ERROR] LogOutputStream:75 - [STDERR_REDIRECT] 
2025-06-11 22:03:50,391 [ERROR] LogOutputStream:75 - [STDERR_REDIRECT] [Fatal Error] :1:1: Premature end of file.
2025-06-11 22:03:50,391 [ERROR] LogOutputStream:75 - [STDERR_REDIRECT] 
2025-06-11 22:03:51,459 [ERROR] LogOutputStream:75 - [STDERR_REDIRECT] [Fatal Error] :1:1: Premature end of file.
2025-06-11 22:03:51,459 [ERROR] LogOutputStream:75 - [STDERR_REDIRECT] 
2025-06-11 22:03:52,469 [ERROR] LogOutputStream:75 - [STDERR_REDIRECT] [Fatal Error] :1:1: Premature end of file.
2025-06-11 22:03:52,469 [ERROR] LogOutputStream:75 - [STDERR_REDIRECT] 
2025-06-11 22:03:53,476 [ERROR] LogOutputStream:75 - [STDERR_REDIRECT] [Fatal Error] :1:1: Premature end of file.
2025-06-11 22:03:53,476 [ERROR] LogOutputStream:75 - [STDERR_REDIRECT] 
2025-06-11 22:03:54,457 [ERROR] LogOutputStream:75 - [STDERR_REDIRECT] [Fatal Error] :1:1: Premature end of file.
2025-06-11 22:03:54,458 [ERROR] LogOutputStream:75 - [STDERR_REDIRECT] 
2025-06-11 22:03:55,473 [ERROR] LogOutputStream:75 - [STDERR_REDIRECT] [Fatal Error] :1:1: Premature end of file.
2025-06-11 22:03:55,473 [ERROR] LogOutputStream:75 - [STDERR_REDIRECT] 
2025-06-11 22:03:56,458 [ERROR] LogOutputStream:75 - [STDERR_REDIRECT] [Fatal Error] :1:1: Premature end of file.
2025-06-11 22:03:56,458 [ERROR] LogOutputStream:75 - [STDERR_REDIRECT] 
2025-06-11 22:03:57,468 [ERROR] LogOutputStream:75 - [STDERR_REDIRECT] [Fatal Error] :1:1: Premature end of file.
2025-06-11 22:03:57,468 [ERROR] LogOutputStream:75 - [STDERR_REDIRECT] 
2025-06-11 22:03:58,457 [ERROR] LogOutputStream:75 - [STDERR_REDIRECT] [Fatal Error] :1:1: Premature end of file.
2025-06-11 22:03:58,458 [ERROR] LogOutputStream:75 - [STDERR_REDIRECT] 
2025-06-11 22:03:59,494 [ERROR] LogOutputStream:75 - [STDERR_REDIRECT] [Fatal Error] :1:1: Premature end of file.
2025-06-11 22:03:59,496 [ERROR] LogOutputStream:75 - [STDERR_REDIRECT] 
2025-06-11 22:04:00,451 [ERROR] LogOutputStream:75 - [STDERR_REDIRECT] [Fatal Error] :1:1: Premature end of file.
2025-06-11 22:04:00,451 [ERROR] LogOutputStream:75 - [STDERR_REDIRECT] 
2025-06-11 22:04:01,467 [ERROR] LogOutputStream:75 - [STDERR_REDIRECT] [Fatal Error] :1:1: Premature end of file.
2025-06-11 22:04:01,467 [ERROR] LogOutputStream:75 - [STDERR_REDIRECT] 
2025-06-11 22:04:02,394 [ERROR] LogOutputStream:75 - [STDERR_REDIRECT] [Fatal Error] :1:1: Premature end of file.
2025-06-11 22:04:02,394 [ERROR] LogOutputStream:75 - [STDERR_REDIRECT] 
2025-06-11 22:04:03,394 [ERROR] LogOutputStream:75 - [STDERR_REDIRECT] [Fatal Error] :1:1: Premature end of file.
2025-06-11 22:04:03,394 [ERROR] LogOutputStream:75 - [STDERR_REDIRECT] 
2025-06-11 22:04:04,378 [ERROR] LogOutputStream:75 - [STDERR_REDIRECT] [Fatal Error] :1:1: Premature end of file.
2025-06-11 22:04:04,378 [ERROR] LogOutputStream:75 - [STDERR_REDIRECT] 
2025-06-11 22:04:05,378 [ERROR] LogOutputStream:75 - [STDERR_REDIRECT] [Fatal Error] :1:1: Premature end of file.
2025-06-11 22:04:05,378 [ERROR] LogOutputStream:75 - [STDERR_REDIRECT] 
2025-06-11 22:04:06,454 [ERROR] LogOutputStream:75 - [STDERR_REDIRECT] [Fatal Error] :1:1: Premature end of file.
2025-06-11 22:04:06,454 [ERROR] LogOutputStream:75 - [STDERR_REDIRECT] 
2025-06-11 22:04:07,470 [ERROR] LogOutputStream:75 - [STDERR_REDIRECT] [Fatal Error] :1:1: Premature end of file.
2025-06-11 22:04:07,470 [ERROR] LogOutputStream:75 - [STDERR_REDIRECT] 
2025-06-11 22:04:08,480 [ERROR] LogOutputStream:75 - [STDERR_REDIRECT] [Fatal Error] :1:1: Premature end of file.
2025-06-11 22:04:08,481 [ERROR] LogOutputStream:75 - [STDERR_REDIRECT] 
2025-06-11 22:04:09,384 [ERROR] LogOutputStream:75 - [STDERR_REDIRECT] [Fatal Error] :1:1: Premature end of file.
2025-06-11 22:04:09,384 [ERROR] LogOutputStream:75 - [STDERR_REDIRECT] 
2025-06-11 22:04:10,454 [ERROR] LogOutputStream:75 - [STDERR_REDIRECT] [Fatal Error] :1:1: Premature end of file.
2025-06-11 22:04:10,454 [ERROR] LogOutputStream:75 - [STDERR_REDIRECT] 
2025-06-11 22:04:11,373 [ERROR] LogOutputStream:75 - [STDERR_REDIRECT] [Fatal Error] :1:1: Premature end of file.
2025-06-11 22:04:11,373 [ERROR] LogOutputStream:75 - [STDERR_REDIRECT] 
2025-06-11 22:04:12,470 [ERROR] LogOutputStream:75 - [STDERR_REDIRECT] [Fatal Error] :1:1: Premature end of file.
2025-06-11 22:04:12,470 [ERROR] LogOutputStream:75 - [STDERR_REDIRECT] 
2025-06-11 22:04:13,459 [ERROR] LogOutputStream:75 - [STDERR_REDIRECT] [Fatal Error] :1:1: Premature end of file.
2025-06-11 22:04:13,459 [ERROR] LogOutputStream:75 - [STDERR_REDIRECT] 
2025-06-11 22:04:14,487 [ERROR] LogOutputStream:75 - [STDERR_REDIRECT] [Fatal Error] :1:1: Premature end of file.
2025-06-11 22:04:14,487 [ERROR] LogOutputStream:75 - [STDERR_REDIRECT] 
2025-06-11 22:04:15,484 [ERROR] LogOutputStream:75 - [STDERR_REDIRECT] [Fatal Error] :1:1: Premature end of file.
2025-06-11 22:04:15,485 [ERROR] LogOutputStream:75 - [STDERR_REDIRECT] 
2025-06-11 22:04:16,382 [ERROR] LogOutputStream:75 - [STDERR_REDIRECT] [Fatal Error] :1:1: Premature end of file.
2025-06-11 22:04:16,382 [ERROR] LogOutputStream:75 - [STDERR_REDIRECT] 
2025-06-11 22:04:17,395 [ERROR] LogOutputStream:75 - [STDERR_REDIRECT] [Fatal Error] :1:1: Premature end of file.
2025-06-11 22:04:17,395 [ERROR] LogOutputStream:75 - [STDERR_REDIRECT] 
2025-06-11 22:04:18,380 [ERROR] LogOutputStream:75 - [STDERR_REDIRECT] [Fatal Error] :1:1: Premature end of file.
2025-06-11 22:04:18,380 [ERROR] LogOutputStream:75 - [STDERR_REDIRECT] 
2025-06-11 22:04:19,404 [ERROR] LogOutputStream:75 - [STDERR_REDIRECT] [Fatal Error] :1:1: Premature end of file.
2025-06-11 22:04:19,404 [ERROR] LogOutputStream:75 - [STDERR_REDIRECT] 
2025-06-11 22:04:20,476 [ERROR] LogOutputStream:75 - [STDERR_REDIRECT] [Fatal Error] :1:1: Premature end of file.
2025-06-11 22:04:20,476 [ERROR] LogOutputStream:75 - [STDERR_REDIRECT] 
2025-06-11 22:04:21,473 [ERROR] LogOutputStream:75 - [STDERR_REDIRECT] [Fatal Error] :1:1: Premature end of file.
2025-06-11 22:04:21,473 [ERROR] LogOutputStream:75 - [STDERR_REDIRECT] 
2025-06-11 22:04:22,472 [ERROR] LogOutputStream:75 - [STDERR_REDIRECT] [Fatal Error] :1:1: Premature end of file.
2025-06-11 22:04:22,473 [ERROR] LogOutputStream:75 - [STDERR_REDIRECT] 
2025-06-11 22:04:23,379 [ERROR] LogOutputStream:75 - [STDERR_REDIRECT] [Fatal Error] :1:1: Premature end of file.
2025-06-11 22:04:23,380 [ERROR] LogOutputStream:75 - [STDERR_REDIRECT] 
2025-06-11 22:04:24,375 [ERROR] LogOutputStream:75 - [STDERR_REDIRECT] [Fatal Error] :1:1: Premature end of file.
2025-06-11 22:04:24,375 [ERROR] LogOutputStream:75 - [STDERR_REDIRECT] 
2025-06-11 22:04:25,393 [ERROR] LogOutputStream:75 - [STDERR_REDIRECT] [Fatal Error] :1:1: Premature end of file.
2025-06-11 22:04:25,393 [ERROR] LogOutputStream:75 - [STDERR_REDIRECT] 
2025-06-11 22:04:26,467 [ERROR] LogOutputStream:75 - [STDERR_REDIRECT] [Fatal Error] :1:1: Premature end of file.
2025-06-11 22:04:26,469 [ERROR] LogOutputStream:75 - [STDERR_REDIRECT] 
2025-06-11 22:04:27,372 [ERROR] LogOutputStream:75 - [STDERR_REDIRECT] [Fatal Error] :1:1: Premature end of file.
2025-06-11 22:04:27,372 [ERROR] LogOutputStream:75 - [STDERR_REDIRECT] 
2025-06-11 22:04:28,476 [ERROR] LogOutputStream:75 - [STDERR_REDIRECT] [Fatal Error] :1:1: Premature end of file.
2025-06-11 22:04:28,476 [ERROR] LogOutputStream:75 - [STDERR_REDIRECT] 
2025-06-11 22:04:29,488 [ERROR] LogOutputStream:75 - [STDERR_REDIRECT] [Fatal Error] :1:1: Premature end of file.
2025-06-11 22:04:29,488 [ERROR] LogOutputStream:75 - [STDERR_REDIRECT] 
2025-06-11 22:04:30,468 [ERROR] LogOutputStream:75 - [STDERR_REDIRECT] [Fatal Error] :1:1: Premature end of file.
2025-06-11 22:04:30,468 [ERROR] LogOutputStream:75 - [STDERR_REDIRECT] 
2025-06-11 22:04:31,419 [ERROR] LogOutputStream:75 - [STDERR_REDIRECT] [Fatal Error] :1:1: Premature end of file.
2025-06-11 22:04:31,419 [ERROR] LogOutputStream:75 - [STDERR_REDIRECT] 
2025-06-11 22:04:32,476 [ERROR] LogOutputStream:75 - [STDERR_REDIRECT] [Fatal Error] :1:1: Premature end of file.
2025-06-11 22:04:32,476 [ERROR] LogOutputStream:75 - [STDERR_REDIRECT] 
2025-06-11 22:04:33,481 [ERROR] LogOutputStream:75 - [STDERR_REDIRECT] [Fatal Error] :1:1: Premature end of file.
2025-06-11 22:04:33,482 [ERROR] LogOutputStream:75 - [STDERR_REDIRECT] 
2025-06-11 22:04:34,468 [ERROR] LogOutputStream:75 - [STDERR_REDIRECT] [Fatal Error] :1:1: Premature end of file.
2025-06-11 22:04:34,468 [ERROR] LogOutputStream:75 - [STDERR_REDIRECT] 
2025-06-11 22:04:35,466 [ERROR] LogOutputStream:75 - [STDERR_REDIRECT] [Fatal Error] :1:1: Premature end of file.
2025-06-11 22:04:35,466 [ERROR] LogOutputStream:75 - [STDERR_REDIRECT] 
2025-06-11 22:04:36,453 [ERROR] LogOutputStream:75 - [STDERR_REDIRECT] [Fatal Error] :1:1: Premature end of file.
2025-06-11 22:04:36,453 [ERROR] LogOutputStream:75 - [STDERR_REDIRECT] 
2025-06-11 22:04:37,458 [ERROR] LogOutputStream:75 - [STDERR_REDIRECT] [Fatal Error] :1:1: Premature end of file.
2025-06-11 22:04:37,458 [ERROR] LogOutputStream:75 - [STDERR_REDIRECT] 
2025-06-11 22:04:38,474 [ERROR] LogOutputStream:75 - [STDERR_REDIRECT] [Fatal Error] :1:1: Premature end of file.
2025-06-11 22:04:38,474 [ERROR] LogOutputStream:75 - [STDERR_REDIRECT] 
2025-06-11 22:04:39,472 [ERROR] LogOutputStream:75 - [STDERR_REDIRECT] [Fatal Error] :1:1: Premature end of file.
2025-06-11 22:04:39,472 [ERROR] LogOutputStream:75 - [STDERR_REDIRECT] 
2025-06-11 22:04:40,386 [ERROR] LogOutputStream:75 - [STDERR_REDIRECT] [Fatal Error] :1:1: Premature end of file.
2025-06-11 22:04:40,387 [ERROR] LogOutputStream:75 - [STDERR_REDIRECT] 
2025-06-11 22:04:41,486 [ERROR] LogOutputStream:75 - [STDERR_REDIRECT] [Fatal Error] :1:1: Premature end of file.
2025-06-11 22:04:41,487 [ERROR] LogOutputStream:75 - [STDERR_REDIRECT] 
2025-06-11 22:04:42,485 [ERROR] LogOutputStream:75 - [STDERR_REDIRECT] [Fatal Error] :1:1: Premature end of file.
2025-06-11 22:04:42,485 [ERROR] LogOutputStream:75 - [STDERR_REDIRECT] 
2025-06-11 22:04:43,383 [ERROR] LogOutputStream:75 - [STDERR_REDIRECT] [Fatal Error] :1:1: Premature end of file.
2025-06-11 22:04:43,383 [ERROR] LogOutputStream:75 - [STDERR_REDIRECT] 
2025-06-11 22:04:44,434 [ERROR] LogOutputStream:75 - [STDERR_REDIRECT] [Fatal Error] :1:1: Premature end of file.
2025-06-11 22:04:44,436 [ERROR] LogOutputStream:75 - [STDERR_REDIRECT] 
2025-06-11 22:04:45,485 [ERROR] LogOutputStream:75 - [STDERR_REDIRECT] [Fatal Error] :1:1: Premature end of file.
2025-06-11 22:04:45,486 [ERROR] LogOutputStream:75 - [STDERR_REDIRECT] 
2025-06-11 22:04:46,470 [ERROR] LogOutputStream:75 - [STDERR_REDIRECT] [Fatal Error] :1:1: Premature end of file.
2025-06-11 22:04:46,470 [ERROR] LogOutputStream:75 - [STDERR_REDIRECT] 
2025-06-11 22:04:47,481 [ERROR] LogOutputStream:75 - [STDERR_REDIRECT] [Fatal Error] :1:1: Premature end of file.
2025-06-11 22:04:47,482 [ERROR] LogOutputStream:75 - [STDERR_REDIRECT] 
2025-06-11 22:04:48,493 [ERROR] LogOutputStream:75 - [STDERR_REDIRECT] [Fatal Error] :1:1: Premature end of file.
2025-06-11 22:04:48,493 [ERROR] LogOutputStream:75 - [STDERR_REDIRECT] 
2025-06-11 22:04:49,462 [ERROR] LogOutputStream:75 - [STDERR_REDIRECT] [Fatal Error] :1:1: Premature end of file.
2025-06-11 22:04:49,462 [ERROR] LogOutputStream:75 - [STDERR_REDIRECT] 
2025-06-11 22:04:50,468 [ERROR] LogOutputStream:75 - [STDERR_REDIRECT] [Fatal Error] :1:1: Premature end of file.
2025-06-11 22:04:50,468 [ERROR] LogOutputStream:75 - [STDERR_REDIRECT] 
2025-06-11 22:04:51,423 [ERROR] LogOutputStream:75 - [STDERR_REDIRECT] [Fatal Error] :1:1: Premature end of file.
2025-06-11 22:04:51,423 [ERROR] LogOutputStream:75 - [STDERR_REDIRECT] 
2025-06-11 22:04:52,380 [ERROR] LogOutputStream:75 - [STDERR_REDIRECT] [Fatal Error] :1:1: Premature end of file.
2025-06-11 22:04:52,380 [ERROR] LogOutputStream:75 - [STDERR_REDIRECT] 
2025-06-11 22:04:53,387 [ERROR] LogOutputStream:75 - [STDERR_REDIRECT] [Fatal Error] :1:1: Premature end of file.
2025-06-11 22:04:53,387 [ERROR] LogOutputStream:75 - [STDERR_REDIRECT] 
2025-06-11 22:04:54,394 [ERROR] LogOutputStream:75 - [STDERR_REDIRECT] [Fatal Error] :1:1: Premature end of file.
2025-06-11 22:04:54,394 [ERROR] LogOutputStream:75 - [STDERR_REDIRECT] 
2025-06-11 22:04:55,379 [ERROR] LogOutputStream:75 - [STDERR_REDIRECT] [Fatal Error] :1:1: Premature end of file.
2025-06-11 22:04:55,379 [ERROR] LogOutputStream:75 - [STDERR_REDIRECT] 
2025-06-11 22:04:56,386 [ERROR] LogOutputStream:75 - [STDERR_REDIRECT] [Fatal Error] :1:1: Premature end of file.
2025-06-11 22:04:56,386 [ERROR] LogOutputStream:75 - [STDERR_REDIRECT] 
2025-06-11 22:04:57,434 [ERROR] LogOutputStream:75 - [STDERR_REDIRECT] [Fatal Error] :1:1: Premature end of file.
2025-06-11 22:04:57,434 [ERROR] LogOutputStream:75 - [STDERR_REDIRECT] 
2025-06-11 22:04:58,496 [ERROR] LogOutputStream:75 - [STDERR_REDIRECT] [Fatal Error] :1:1: Premature end of file.
2025-06-11 22:04:58,496 [ERROR] LogOutputStream:75 - [STDERR_REDIRECT] 
2025-06-11 22:04:59,474 [ERROR] LogOutputStream:75 - [STDERR_REDIRECT] [Fatal Error] :1:1: Premature end of file.
2025-06-11 22:04:59,474 [ERROR] LogOutputStream:75 - [STDERR_REDIRECT] 
2025-06-11 22:05:00,476 [ERROR] LogOutputStream:75 - [STDERR_REDIRECT] [Fatal Error] :1:1: Premature end of file.
2025-06-11 22:05:00,476 [ERROR] LogOutputStream:75 - [STDERR_REDIRECT] 
2025-06-11 22:05:01,488 [ERROR] LogOutputStream:75 - [STDERR_REDIRECT] [Fatal Error] :1:1: Premature end of file.
2025-06-11 22:05:01,489 [ERROR] LogOutputStream:75 - [STDERR_REDIRECT] 
2025-06-11 22:05:02,458 [ERROR] LogOutputStream:75 - [STDERR_REDIRECT] [Fatal Error] :1:1: Premature end of file.
2025-06-11 22:05:02,459 [ERROR] LogOutputStream:75 - [STDERR_REDIRECT] 
2025-06-11 22:05:03,386 [ERROR] LogOutputStream:75 - [STDERR_REDIRECT] [Fatal Error] :1:1: Premature end of file.
2025-06-11 22:05:03,386 [ERROR] LogOutputStream:75 - [STDERR_REDIRECT] 
2025-06-11 22:05:04,371 [ERROR] LogOutputStream:75 - [STDERR_REDIRECT] [Fatal Error] :1:1: Premature end of file.
2025-06-11 22:05:04,372 [ERROR] LogOutputStream:75 - [STDERR_REDIRECT] 
2025-06-11 22:05:05,388 [ERROR] LogOutputStream:75 - [STDERR_REDIRECT] [Fatal Error] :1:1: Premature end of file.
2025-06-11 22:05:05,388 [ERROR] LogOutputStream:75 - [STDERR_REDIRECT] 
2025-06-11 22:05:06,389 [ERROR] LogOutputStream:75 - [STDERR_REDIRECT] [Fatal Error] :1:1: Premature end of file.
2025-06-11 22:05:06,390 [ERROR] LogOutputStream:75 - [STDERR_REDIRECT] 
2025-06-11 22:05:07,372 [ERROR] LogOutputStream:75 - [STDERR_REDIRECT] [Fatal Error] :1:1: Premature end of file.
2025-06-11 22:05:07,372 [ERROR] LogOutputStream:75 - [STDERR_REDIRECT] 
2025-06-11 22:05:08,369 [ERROR] LogOutputStream:75 - [STDERR_REDIRECT] [Fatal Error] :1:1: Premature end of file.
2025-06-11 22:05:08,369 [ERROR] LogOutputStream:75 - [STDERR_REDIRECT] 
2025-06-11 22:05:09,473 [ERROR] LogOutputStream:75 - [STDERR_REDIRECT] [Fatal Error] :1:1: Premature end of file.
2025-06-11 22:05:09,473 [ERROR] LogOutputStream:75 - [STDERR_REDIRECT] 
2025-06-11 22:05:10,456 [ERROR] LogOutputStream:75 - [STDERR_REDIRECT] [Fatal Error] :1:1: Premature end of file.
2025-06-11 22:05:10,456 [ERROR] LogOutputStream:75 - [STDERR_REDIRECT] 
2025-06-11 22:05:11,489 [ERROR] LogOutputStream:75 - [STDERR_REDIRECT] [Fatal Error] :1:1: Premature end of file.
2025-06-11 22:05:11,490 [ERROR] LogOutputStream:75 - [STDERR_REDIRECT] 
2025-06-11 22:05:12,469 [ERROR] LogOutputStream:75 - [STDERR_REDIRECT] [Fatal Error] :1:1: Premature end of file.
2025-06-11 22:05:12,469 [ERROR] LogOutputStream:75 - [STDERR_REDIRECT] 
2025-06-11 22:05:13,472 [ERROR] LogOutputStream:75 - [STDERR_REDIRECT] [Fatal Error] :1:1: Premature end of file.
2025-06-11 22:05:13,472 [ERROR] LogOutputStream:75 - [STDERR_REDIRECT] 
2025-06-11 22:05:14,475 [ERROR] LogOutputStream:75 - [STDERR_REDIRECT] [Fatal Error] :1:1: Premature end of file.
2025-06-11 22:05:14,475 [ERROR] LogOutputStream:75 - [STDERR_REDIRECT] 
2025-06-11 22:05:15,461 [ERROR] LogOutputStream:75 - [STDERR_REDIRECT] [Fatal Error] :1:1: Premature end of file.
2025-06-11 22:05:15,461 [ERROR] LogOutputStream:75 - [STDERR_REDIRECT] 
2025-06-11 22:05:16,450 [ERROR] LogOutputStream:75 - [STDERR_REDIRECT] [Fatal Error] :1:1: Premature end of file.
2025-06-11 22:05:16,450 [ERROR] LogOutputStream:75 - [STDERR_REDIRECT] 
2025-06-11 22:05:17,467 [ERROR] LogOutputStream:75 - [STDERR_REDIRECT] [Fatal Error] :1:1: Premature end of file.
2025-06-11 22:05:17,468 [ERROR] LogOutputStream:75 - [STDERR_REDIRECT] 
2025-06-11 22:05:18,372 [ERROR] LogOutputStream:75 - [STDERR_REDIRECT] [Fatal Error] :1:1: Premature end of file.
2025-06-11 22:05:18,372 [ERROR] LogOutputStream:75 - [STDERR_REDIRECT] 
2025-06-11 22:05:19,373 [ERROR] LogOutputStream:75 - [STDERR_REDIRECT] [Fatal Error] :1:1: Premature end of file.
2025-06-11 22:05:19,373 [ERROR] LogOutputStream:75 - [STDERR_REDIRECT] 
2025-06-11 22:05:20,457 [ERROR] LogOutputStream:75 - [STDERR_REDIRECT] [Fatal Error] :1:1: Premature end of file.
2025-06-11 22:05:20,457 [ERROR] LogOutputStream:75 - [STDERR_REDIRECT] 
2025-06-11 22:05:21,459 [ERROR] LogOutputStream:75 - [STDERR_REDIRECT] [Fatal Error] :1:1: Premature end of file.
2025-06-11 22:05:21,460 [ERROR] LogOutputStream:75 - [STDERR_REDIRECT] 
2025-06-11 22:05:22,367 [ERROR] LogOutputStream:75 - [STDERR_REDIRECT] [Fatal Error] :1:1: Premature end of file.
2025-06-11 22:05:22,367 [ERROR] LogOutputStream:75 - [STDERR_REDIRECT] 
2025-06-11 22:05:23,378 [ERROR] LogOutputStream:75 - [STDERR_REDIRECT] [Fatal Error] :1:1: Premature end of file.
2025-06-11 22:05:23,378 [ERROR] LogOutputStream:75 - [STDERR_REDIRECT] 
2025-06-11 22:05:24,428 [ERROR] LogOutputStream:75 - [STDERR_REDIRECT] [Fatal Error] :1:1: Premature end of file.
2025-06-11 22:05:24,428 [ERROR] LogOutputStream:75 - [STDERR_REDIRECT] 
2025-06-11 22:05:25,414 [ERROR] LogOutputStream:75 - [STDERR_REDIRECT] [Fatal Error] :1:1: Premature end of file.
2025-06-11 22:05:25,414 [ERROR] LogOutputStream:75 - [STDERR_REDIRECT] 
2025-06-11 22:05:26,368 [ERROR] LogOutputStream:75 - [STDERR_REDIRECT] [Fatal Error] :1:1: Premature end of file.
2025-06-11 22:05:26,368 [ERROR] LogOutputStream:75 - [STDERR_REDIRECT] 
2025-06-11 22:05:27,387 [ERROR] LogOutputStream:75 - [STDERR_REDIRECT] [Fatal Error] :1:1: Premature end of file.
2025-06-11 22:05:27,387 [ERROR] LogOutputStream:75 - [STDERR_REDIRECT] 
2025-06-11 22:05:28,384 [ERROR] LogOutputStream:75 - [STDERR_REDIRECT] [Fatal Error] :1:1: Premature end of file.
2025-06-11 22:05:28,384 [ERROR] LogOutputStream:75 - [STDERR_REDIRECT] 
2025-06-11 22:05:29,468 [ERROR] LogOutputStream:75 - [STDERR_REDIRECT] [Fatal Error] :1:1: Premature end of file.
2025-06-11 22:05:29,468 [ERROR] LogOutputStream:75 - [STDERR_REDIRECT] 
2025-06-11 22:05:30,471 [ERROR] LogOutputStream:75 - [STDERR_REDIRECT] [Fatal Error] :1:1: Premature end of file.
2025-06-11 22:05:30,472 [ERROR] LogOutputStream:75 - [STDERR_REDIRECT] 
2025-06-11 22:05:31,460 [ERROR] LogOutputStream:75 - [STDERR_REDIRECT] [Fatal Error] :1:1: Premature end of file.
2025-06-11 22:05:31,461 [ERROR] LogOutputStream:75 - [STDERR_REDIRECT] 
2025-06-11 22:05:32,454 [ERROR] LogOutputStream:75 - [STDERR_REDIRECT] [Fatal Error] :1:1: Premature end of file.
2025-06-11 22:05:32,454 [ERROR] LogOutputStream:75 - [STDERR_REDIRECT] 
2025-06-11 22:05:33,465 [ERROR] LogOutputStream:75 - [STDERR_REDIRECT] [Fatal Error] :1:1: Premature end of file.
2025-06-11 22:05:33,465 [ERROR] LogOutputStream:75 - [STDERR_REDIRECT] 
2025-06-11 22:05:34,458 [ERROR] LogOutputStream:75 - [STDERR_REDIRECT] [Fatal Error] :1:1: Premature end of file.
2025-06-11 22:05:34,458 [ERROR] LogOutputStream:75 - [STDERR_REDIRECT] 
2025-06-11 22:05:35,380 [ERROR] LogOutputStream:75 - [STDERR_REDIRECT] [Fatal Error] :1:1: Premature end of file.
2025-06-11 22:05:35,380 [ERROR] LogOutputStream:75 - [STDERR_REDIRECT] 
2025-06-11 22:05:36,468 [ERROR] LogOutputStream:75 - [STDERR_REDIRECT] [Fatal Error] :1:1: Premature end of file.
2025-06-11 22:05:36,469 [ERROR] LogOutputStream:75 - [STDERR_REDIRECT] 
2025-06-11 22:05:37,457 [ERROR] LogOutputStream:75 - [STDERR_REDIRECT] [Fatal Error] :1:1: Premature end of file.
2025-06-11 22:05:37,457 [ERROR] LogOutputStream:75 - [STDERR_REDIRECT] 
2025-06-11 22:05:38,486 [ERROR] LogOutputStream:75 - [STDERR_REDIRECT] [Fatal Error] :1:1: Premature end of file.
2025-06-11 22:05:38,487 [ERROR] LogOutputStream:75 - [STDERR_REDIRECT] 
2025-06-11 22:05:39,470 [ERROR] LogOutputStream:75 - [STDERR_REDIRECT] [Fatal Error] :1:1: Premature end of file.
2025-06-11 22:05:39,470 [ERROR] LogOutputStream:75 - [STDERR_REDIRECT] 
2025-06-11 22:05:40,370 [ERROR] LogOutputStream:75 - [STDERR_REDIRECT] [Fatal Error] :1:1: Premature end of file.
2025-06-11 22:05:40,370 [ERROR] LogOutputStream:75 - [STDERR_REDIRECT] 
2025-06-11 22:05:41,411 [ERROR] LogOutputStream:75 - [STDERR_REDIRECT] [Fatal Error] :1:1: Premature end of file.
2025-06-11 22:05:41,412 [ERROR] LogOutputStream:75 - [STDERR_REDIRECT] 
2025-06-11 22:05:42,472 [ERROR] LogOutputStream:75 - [STDERR_REDIRECT] [Fatal Error] :1:1: Premature end of file.
2025-06-11 22:05:42,473 [ERROR] LogOutputStream:75 - [STDERR_REDIRECT] 
2025-06-11 22:05:43,484 [ERROR] LogOutputStream:75 - [STDERR_REDIRECT] [Fatal Error] :1:1: Premature end of file.
2025-06-11 22:05:43,484 [ERROR] LogOutputStream:75 - [STDERR_REDIRECT] 
2025-06-11 22:05:44,404 [ERROR] LogOutputStream:75 - [STDERR_REDIRECT] [Fatal Error] :1:1: Premature end of file.
2025-06-11 22:05:44,404 [ERROR] LogOutputStream:75 - [STDERR_REDIRECT] 
2025-06-11 22:05:45,425 [ERROR] LogOutputStream:75 - [STDERR_REDIRECT] [Fatal Error] :1:1: Premature end of file.
2025-06-11 22:05:45,425 [ERROR] LogOutputStream:75 - [STDERR_REDIRECT] 
2025-06-11 22:05:46,385 [ERROR] LogOutputStream:75 - [STDERR_REDIRECT] [Fatal Error] :1:1: Premature end of file.
2025-06-11 22:05:46,385 [ERROR] LogOutputStream:75 - [STDERR_REDIRECT] 
2025-06-11 22:05:47,379 [ERROR] LogOutputStream:75 - [STDERR_REDIRECT] [Fatal Error] :1:1: Premature end of file.
2025-06-11 22:05:47,379 [ERROR] LogOutputStream:75 - [STDERR_REDIRECT] 
2025-06-11 22:05:48,486 [ERROR] LogOutputStream:75 - [STDERR_REDIRECT] [Fatal Error] :1:1: Premature end of file.
2025-06-11 22:05:48,486 [ERROR] LogOutputStream:75 - [STDERR_REDIRECT] 
2025-06-11 22:05:49,382 [ERROR] LogOutputStream:75 - [STDERR_REDIRECT] [Fatal Error] :1:1: Premature end of file.
2025-06-11 22:05:49,382 [ERROR] LogOutputStream:75 - [STDERR_REDIRECT] 
2025-06-11 22:05:50,388 [ERROR] LogOutputStream:75 - [STDERR_REDIRECT] [Fatal Error] :1:1: Premature end of file.
2025-06-11 22:05:50,388 [ERROR] LogOutputStream:75 - [STDERR_REDIRECT] 
2025-06-11 22:05:51,372 [ERROR] LogOutputStream:75 - [STDERR_REDIRECT] [Fatal Error] :1:1: Premature end of file.
2025-06-11 22:05:51,372 [ERROR] LogOutputStream:75 - [STDERR_REDIRECT] 
2025-06-11 22:05:52,394 [ERROR] LogOutputStream:75 - [STDERR_REDIRECT] [Fatal Error] :1:1: Premature end of file.
2025-06-11 22:05:52,394 [ERROR] LogOutputStream:75 - [STDERR_REDIRECT] 
2025-06-11 22:05:53,466 [ERROR] LogOutputStream:75 - [STDERR_REDIRECT] [Fatal Error] :1:1: Premature end of file.
2025-06-11 22:05:53,466 [ERROR] LogOutputStream:75 - [STDERR_REDIRECT] 
2025-06-11 22:05:54,458 [ERROR] LogOutputStream:75 - [STDERR_REDIRECT] [Fatal Error] :1:1: Premature end of file.
2025-06-11 22:05:54,458 [ERROR] LogOutputStream:75 - [STDERR_REDIRECT] 
2025-06-11 22:05:55,470 [ERROR] LogOutputStream:75 - [STDERR_REDIRECT] [Fatal Error] :1:1: Premature end of file.
2025-06-11 22:05:55,470 [ERROR] LogOutputStream:75 - [STDERR_REDIRECT] 
2025-06-11 22:05:56,374 [ERROR] LogOutputStream:75 - [STDERR_REDIRECT] [Fatal Error] :1:1: Premature end of file.
2025-06-11 22:05:56,374 [ERROR] LogOutputStream:75 - [STDERR_REDIRECT] 
2025-06-11 22:05:57,458 [ERROR] LogOutputStream:75 - [STDERR_REDIRECT] [Fatal Error] :1:1: Premature end of file.
2025-06-11 22:05:57,459 [ERROR] LogOutputStream:75 - [STDERR_REDIRECT] 
2025-06-11 22:05:58,471 [ERROR] LogOutputStream:75 - [STDERR_REDIRECT] [Fatal Error] :1:1: Premature end of file.
2025-06-11 22:05:58,472 [ERROR] LogOutputStream:75 - [STDERR_REDIRECT] 
2025-06-11 22:05:59,477 [ERROR] LogOutputStream:75 - [STDERR_REDIRECT] [Fatal Error] :1:1: Premature end of file.
2025-06-11 22:05:59,477 [ERROR] LogOutputStream:75 - [STDERR_REDIRECT] 
2025-06-11 22:06:00,458 [ERROR] LogOutputStream:75 - [STDERR_REDIRECT] [Fatal Error] :1:1: Premature end of file.
2025-06-11 22:06:00,459 [ERROR] LogOutputStream:75 - [STDERR_REDIRECT] 
2025-06-11 22:06:01,384 [ERROR] LogOutputStream:75 - [STDERR_REDIRECT] [Fatal Error] :1:1: Premature end of file.
2025-06-11 22:06:01,384 [ERROR] LogOutputStream:75 - [STDERR_REDIRECT] 
2025-06-11 22:06:02,458 [ERROR] LogOutputStream:75 - [STDERR_REDIRECT] [Fatal Error] :1:1: Premature end of file.
2025-06-11 22:06:02,458 [ERROR] LogOutputStream:75 - [STDERR_REDIRECT] 
2025-06-11 22:06:03,394 [ERROR] LogOutputStream:75 - [STDERR_REDIRECT] [Fatal Error] :1:1: Premature end of file.
2025-06-11 22:06:03,394 [ERROR] LogOutputStream:75 - [STDERR_REDIRECT] 
2025-06-11 22:06:04,437 [ERROR] LogOutputStream:75 - [STDERR_REDIRECT] [Fatal Error] :1:1: Premature end of file.
2025-06-11 22:06:04,437 [ERROR] LogOutputStream:75 - [STDERR_REDIRECT] 
2025-06-11 22:06:05,389 [ERROR] LogOutputStream:75 - [STDERR_REDIRECT] [Fatal Error] :1:1: Premature end of file.
2025-06-11 22:06:05,389 [ERROR] LogOutputStream:75 - [STDERR_REDIRECT] 
2025-06-11 22:06:06,385 [ERROR] LogOutputStream:75 - [STDERR_REDIRECT] [Fatal Error] :1:1: Premature end of file.
2025-06-11 22:06:06,385 [ERROR] LogOutputStream:75 - [STDERR_REDIRECT] 
2025-06-11 22:06:07,381 [ERROR] LogOutputStream:75 - [STDERR_REDIRECT] [Fatal Error] :1:1: Premature end of file.
2025-06-11 22:06:07,382 [ERROR] LogOutputStream:75 - [STDERR_REDIRECT] 
2025-06-11 22:06:08,373 [ERROR] LogOutputStream:75 - [STDERR_REDIRECT] [Fatal Error] :1:1: Premature end of file.
2025-06-11 22:06:08,373 [ERROR] LogOutputStream:75 - [STDERR_REDIRECT] 
2025-06-11 22:06:09,426 [ERROR] LogOutputStream:75 - [STDERR_REDIRECT] [Fatal Error] :1:1: Premature end of file.
2025-06-11 22:06:09,426 [ERROR] LogOutputStream:75 - [STDERR_REDIRECT] 
2025-06-11 22:06:10,371 [ERROR] LogOutputStream:75 - [STDERR_REDIRECT] [Fatal Error] :1:1: Premature end of file.
2025-06-11 22:06:10,371 [ERROR] LogOutputStream:75 - [STDERR_REDIRECT] 
2025-06-11 22:06:11,376 [ERROR] LogOutputStream:75 - [STDERR_REDIRECT] [Fatal Error] :1:1: Premature end of file.
2025-06-11 22:06:11,376 [ERROR] LogOutputStream:75 - [STDERR_REDIRECT] 
2025-06-11 22:06:12,500 [ERROR] LogOutputStream:75 - [STDERR_REDIRECT] [Fatal Error] :1:1: Premature end of file.
2025-06-11 22:06:12,500 [ERROR] LogOutputStream:75 - [STDERR_REDIRECT] 
2025-06-11 22:06:13,395 [ERROR] LogOutputStream:75 - [STDERR_REDIRECT] [Fatal Error] :1:1: Premature end of file.
2025-06-11 22:06:13,395 [ERROR] LogOutputStream:75 - [STDERR_REDIRECT] 
2025-06-11 22:06:14,464 [ERROR] LogOutputStream:75 - [STDERR_REDIRECT] [Fatal Error] :1:1: Premature end of file.
2025-06-11 22:06:14,464 [ERROR] LogOutputStream:75 - [STDERR_REDIRECT] 
2025-06-11 22:06:15,388 [ERROR] LogOutputStream:75 - [STDERR_REDIRECT] [Fatal Error] :1:1: Premature end of file.
2025-06-11 22:06:15,388 [ERROR] LogOutputStream:75 - [STDERR_REDIRECT] 
2025-06-11 22:06:16,476 [ERROR] LogOutputStream:75 - [STDERR_REDIRECT] [Fatal Error] :1:1: Premature end of file.
2025-06-11 22:06:16,476 [ERROR] LogOutputStream:75 - [STDERR_REDIRECT] 
2025-06-11 22:06:17,499 [ERROR] LogOutputStream:75 - [STDERR_REDIRECT] [Fatal Error] :1:1: Premature end of file.
2025-06-11 22:06:17,499 [ERROR] LogOutputStream:75 - [STDERR_REDIRECT] 
2025-06-11 22:06:18,484 [ERROR] LogOutputStream:75 - [STDERR_REDIRECT] [Fatal Error] :1:1: Premature end of file.
2025-06-11 22:06:18,484 [ERROR] LogOutputStream:75 - [STDERR_REDIRECT] 
2025-06-11 22:06:19,489 [ERROR] LogOutputStream:75 - [STDERR_REDIRECT] [Fatal Error] :1:1: Premature end of file.
2025-06-11 22:06:19,489 [ERROR] LogOutputStream:75 - [STDERR_REDIRECT] 
2025-06-11 22:06:20,441 [ERROR] LogOutputStream:75 - [STDERR_REDIRECT] [Fatal Error] :1:1: Premature end of file.
2025-06-11 22:06:20,443 [ERROR] LogOutputStream:75 - [STDERR_REDIRECT] 
2025-06-11 22:06:21,502 [ERROR] LogOutputStream:75 - [STDERR_REDIRECT] [Fatal Error] :1:1: Premature end of file.
2025-06-11 22:06:21,503 [ERROR] LogOutputStream:75 - [STDERR_REDIRECT] 
2025-06-11 22:06:22,369 [ERROR] LogOutputStream:75 - [STDERR_REDIRECT] [Fatal Error] :1:1: Premature end of file.
2025-06-11 22:06:22,369 [ERROR] LogOutputStream:75 - [STDERR_REDIRECT] 
2025-06-11 22:06:23,380 [ERROR] LogOutputStream:75 - [STDERR_REDIRECT] [Fatal Error] :1:1: Premature end of file.
2025-06-11 22:06:23,380 [ERROR] LogOutputStream:75 - [STDERR_REDIRECT] 
2025-06-11 22:06:24,465 [ERROR] LogOutputStream:75 - [STDERR_REDIRECT] [Fatal Error] :1:1: Premature end of file.
2025-06-11 22:06:24,466 [ERROR] LogOutputStream:75 - [STDERR_REDIRECT] 
2025-06-11 22:06:25,399 [ERROR] LogOutputStream:75 - [STDERR_REDIRECT] [Fatal Error] :1:1: Premature end of file.
2025-06-11 22:06:25,399 [ERROR] LogOutputStream:75 - [STDERR_REDIRECT] 
2025-06-11 22:06:26,399 [ERROR] LogOutputStream:75 - [STDERR_REDIRECT] [Fatal Error] :1:1: Premature end of file.
2025-06-11 22:06:26,400 [ERROR] LogOutputStream:75 - [STDERR_REDIRECT] 
2025-06-11 22:06:27,382 [ERROR] LogOutputStream:75 - [STDERR_REDIRECT] [Fatal Error] :1:1: Premature end of file.
2025-06-11 22:06:27,382 [ERROR] LogOutputStream:75 - [STDERR_REDIRECT] 
2025-06-11 22:06:28,383 [ERROR] LogOutputStream:75 - [STDERR_REDIRECT] [Fatal Error] :1:1: Premature end of file.
2025-06-11 22:06:28,383 [ERROR] LogOutputStream:75 - [STDERR_REDIRECT] 
2025-06-11 22:06:29,405 [ERROR] LogOutputStream:75 - [STDERR_REDIRECT] [Fatal Error] :1:1: Premature end of file.
2025-06-11 22:06:29,405 [ERROR] LogOutputStream:75 - [STDERR_REDIRECT] 
2025-06-11 22:06:30,369 [ERROR] LogOutputStream:75 - [STDERR_REDIRECT] [Fatal Error] :1:1: Premature end of file.
2025-06-11 22:06:30,369 [ERROR] LogOutputStream:75 - [STDERR_REDIRECT] 
2025-06-11 22:06:31,465 [ERROR] LogOutputStream:75 - [STDERR_REDIRECT] [Fatal Error] :1:1: Premature end of file.
2025-06-11 22:06:31,466 [ERROR] LogOutputStream:75 - [STDERR_REDIRECT] 
2025-06-11 22:06:32,456 [ERROR] LogOutputStream:75 - [STDERR_REDIRECT] [Fatal Error] :1:1: Premature end of file.
2025-06-11 22:06:32,456 [ERROR] LogOutputStream:75 - [STDERR_REDIRECT] 
2025-06-11 22:06:33,470 [ERROR] LogOutputStream:75 - [STDERR_REDIRECT] [Fatal Error] :1:1: Premature end of file.
2025-06-11 22:06:33,470 [ERROR] LogOutputStream:75 - [STDERR_REDIRECT] 
2025-06-11 22:06:34,460 [ERROR] LogOutputStream:75 - [STDERR_REDIRECT] [Fatal Error] :1:1: Premature end of file.
2025-06-11 22:06:34,461 [ERROR] LogOutputStream:75 - [STDERR_REDIRECT] 
2025-06-11 22:06:35,463 [ERROR] LogOutputStream:75 - [STDERR_REDIRECT] [Fatal Error] :1:1: Premature end of file.
2025-06-11 22:06:35,464 [ERROR] LogOutputStream:75 - [STDERR_REDIRECT] 
2025-06-11 22:06:36,391 [ERROR] LogOutputStream:75 - [STDERR_REDIRECT] [Fatal Error] :1:1: Premature end of file.
2025-06-11 22:06:36,391 [ERROR] LogOutputStream:75 - [STDERR_REDIRECT] 
2025-06-11 22:06:37,372 [ERROR] LogOutputStream:75 - [STDERR_REDIRECT] [Fatal Error] :1:1: Premature end of file.
2025-06-11 22:06:37,372 [ERROR] LogOutputStream:75 - [STDERR_REDIRECT] 
2025-06-11 22:06:38,382 [ERROR] LogOutputStream:75 - [STDERR_REDIRECT] [Fatal Error] :1:1: Premature end of file.
2025-06-11 22:06:38,382 [ERROR] LogOutputStream:75 - [STDERR_REDIRECT] 
2025-06-11 22:06:39,380 [ERROR] LogOutputStream:75 - [STDERR_REDIRECT] [Fatal Error] :1:1: Premature end of file.
2025-06-11 22:06:39,380 [ERROR] LogOutputStream:75 - [STDERR_REDIRECT] 
2025-06-11 22:06:40,376 [ERROR] LogOutputStream:75 - [STDERR_REDIRECT] [Fatal Error] :1:1: Premature end of file.
2025-06-11 22:06:40,376 [ERROR] LogOutputStream:75 - [STDERR_REDIRECT] 
2025-06-11 22:06:41,388 [ERROR] LogOutputStream:75 - [STDERR_REDIRECT] [Fatal Error] :1:1: Premature end of file.
2025-06-11 22:06:41,388 [ERROR] LogOutputStream:75 - [STDERR_REDIRECT] 
2025-06-11 22:06:42,451 [ERROR] LogOutputStream:75 - [STDERR_REDIRECT] [Fatal Error] :1:1: Premature end of file.
2025-06-11 22:06:42,451 [ERROR] LogOutputStream:75 - [STDERR_REDIRECT] 
2025-06-11 22:06:43,489 [ERROR] LogOutputStream:75 - [STDERR_REDIRECT] [Fatal Error] :1:1: Premature end of file.
2025-06-11 22:06:43,490 [ERROR] LogOutputStream:75 - [STDERR_REDIRECT] 
2025-06-11 22:06:44,371 [ERROR] LogOutputStream:75 - [STDERR_REDIRECT] [Fatal Error] :1:1: Premature end of file.
2025-06-11 22:06:44,371 [ERROR] LogOutputStream:75 - [STDERR_REDIRECT] 
2025-06-11 22:06:45,438 [ERROR] LogOutputStream:75 - [STDERR_REDIRECT] [Fatal Error] :1:1: Premature end of file.
2025-06-11 22:06:45,438 [ERROR] LogOutputStream:75 - [STDERR_REDIRECT] 
2025-06-11 22:06:46,451 [ERROR] LogOutputStream:75 - [STDERR_REDIRECT] [Fatal Error] :1:1: Premature end of file.
2025-06-11 22:06:46,451 [ERROR] LogOutputStream:75 - [STDERR_REDIRECT] 
2025-06-11 22:06:47,493 [ERROR] LogOutputStream:75 - [STDERR_REDIRECT] [Fatal Error] :1:1: Premature end of file.
2025-06-11 22:06:47,493 [ERROR] LogOutputStream:75 - [STDERR_REDIRECT] 
2025-06-11 22:06:48,490 [ERROR] LogOutputStream:75 - [STDERR_REDIRECT] [Fatal Error] :1:1: Premature end of file.
2025-06-11 22:06:48,490 [ERROR] LogOutputStream:75 - [STDERR_REDIRECT] 
2025-06-11 22:06:49,452 [ERROR] LogOutputStream:75 - [STDERR_REDIRECT] [Fatal Error] :1:1: Premature end of file.
2025-06-11 22:06:49,452 [ERROR] LogOutputStream:75 - [STDERR_REDIRECT] 
2025-06-11 22:06:50,380 [ERROR] LogOutputStream:75 - [STDERR_REDIRECT] [Fatal Error] :1:1: Premature end of file.
2025-06-11 22:06:50,380 [ERROR] LogOutputStream:75 - [STDERR_REDIRECT] 
2025-06-11 22:06:51,374 [ERROR] LogOutputStream:75 - [STDERR_REDIRECT] [Fatal Error] :1:1: Premature end of file.
2025-06-11 22:06:51,374 [ERROR] LogOutputStream:75 - [STDERR_REDIRECT] 
2025-06-11 22:06:52,381 [ERROR] LogOutputStream:75 - [STDERR_REDIRECT] [Fatal Error] :1:1: Premature end of file.
2025-06-11 22:06:52,381 [ERROR] LogOutputStream:75 - [STDERR_REDIRECT] 
2025-06-11 22:06:53,458 [ERROR] LogOutputStream:75 - [STDERR_REDIRECT] [Fatal Error] :1:1: Premature end of file.
2025-06-11 22:06:53,458 [ERROR] LogOutputStream:75 - [STDERR_REDIRECT] 
2025-06-11 22:06:54,381 [ERROR] LogOutputStream:75 - [STDERR_REDIRECT] [Fatal Error] :1:1: Premature end of file.
2025-06-11 22:06:54,381 [ERROR] LogOutputStream:75 - [STDERR_REDIRECT] 
2025-06-11 22:06:55,456 [ERROR] LogOutputStream:75 - [STDERR_REDIRECT] [Fatal Error] :1:1: Premature end of file.
2025-06-11 22:06:55,457 [ERROR] LogOutputStream:75 - [STDERR_REDIRECT] 
2025-06-11 22:06:56,385 [ERROR] LogOutputStream:75 - [STDERR_REDIRECT] [Fatal Error] :1:1: Premature end of file.
2025-06-11 22:06:56,385 [ERROR] LogOutputStream:75 - [STDERR_REDIRECT] 
2025-06-11 22:06:57,472 [ERROR] LogOutputStream:75 - [STDERR_REDIRECT] [Fatal Error] :1:1: Premature end of file.
2025-06-11 22:06:57,473 [ERROR] LogOutputStream:75 - [STDERR_REDIRECT] 
2025-06-11 22:06:58,381 [ERROR] LogOutputStream:75 - [STDERR_REDIRECT] [Fatal Error] :1:1: Premature end of file.
2025-06-11 22:06:58,381 [ERROR] LogOutputStream:75 - [STDERR_REDIRECT] 
2025-06-11 22:06:59,377 [ERROR] LogOutputStream:75 - [STDERR_REDIRECT] [Fatal Error] :1:1: Premature end of file.
2025-06-11 22:06:59,377 [ERROR] LogOutputStream:75 - [STDERR_REDIRECT] 
2025-06-11 22:07:00,396 [ERROR] LogOutputStream:75 - [STDERR_REDIRECT] [Fatal Error] :1:1: Premature end of file.
2025-06-11 22:07:00,397 [ERROR] LogOutputStream:75 - [STDERR_REDIRECT] 
2025-06-11 22:07:01,408 [ERROR] LogOutputStream:75 - [STDERR_REDIRECT] [Fatal Error] :1:1: Premature end of file.
2025-06-11 22:07:01,408 [ERROR] LogOutputStream:75 - [STDERR_REDIRECT] 
2025-06-11 22:07:02,470 [ERROR] LogOutputStream:75 - [STDERR_REDIRECT] [Fatal Error] :1:1: Premature end of file.
2025-06-11 22:07:02,471 [ERROR] LogOutputStream:75 - [STDERR_REDIRECT] 
2025-06-11 22:07:03,384 [ERROR] LogOutputStream:75 - [STDERR_REDIRECT] [Fatal Error] :1:1: Premature end of file.
2025-06-11 22:07:03,384 [ERROR] LogOutputStream:75 - [STDERR_REDIRECT] 
2025-06-11 22:07:04,473 [ERROR] LogOutputStream:75 - [STDERR_REDIRECT] [Fatal Error] :1:1: Premature end of file.
2025-06-11 22:07:04,473 [ERROR] LogOutputStream:75 - [STDERR_REDIRECT] 
2025-06-11 22:07:05,497 [ERROR] LogOutputStream:75 - [STDERR_REDIRECT] [Fatal Error] :1:1: Premature end of file.
2025-06-11 22:07:05,497 [ERROR] LogOutputStream:75 - [STDERR_REDIRECT] 
2025-06-11 22:07:06,461 [ERROR] LogOutputStream:75 - [STDERR_REDIRECT] [Fatal Error] :1:1: Premature end of file.
2025-06-11 22:07:06,461 [ERROR] LogOutputStream:75 - [STDERR_REDIRECT] 
2025-06-11 22:07:07,440 [ERROR] LogOutputStream:75 - [STDERR_REDIRECT] [Fatal Error] :1:1: Premature end of file.
2025-06-11 22:07:07,440 [ERROR] LogOutputStream:75 - [STDERR_REDIRECT] 
2025-06-11 22:07:08,448 [ERROR] LogOutputStream:75 - [STDERR_REDIRECT] [Fatal Error] :1:1: Premature end of file.
2025-06-11 22:07:08,448 [ERROR] LogOutputStream:75 - [STDERR_REDIRECT] 
2025-06-11 22:07:09,408 [ERROR] LogOutputStream:75 - [STDERR_REDIRECT] [Fatal Error] :1:1: Premature end of file.
2025-06-11 22:07:09,409 [ERROR] LogOutputStream:75 - [STDERR_REDIRECT] 
2025-06-11 22:07:10,424 [ERROR] LogOutputStream:75 - [STDERR_REDIRECT] [Fatal Error] :1:1: Premature end of file.
2025-06-11 22:07:10,425 [ERROR] LogOutputStream:75 - [STDERR_REDIRECT] 
2025-06-11 22:07:11,383 [ERROR] LogOutputStream:75 - [STDERR_REDIRECT] [Fatal Error] :1:1: Premature end of file.
2025-06-11 22:07:11,383 [ERROR] LogOutputStream:75 - [STDERR_REDIRECT] 
2025-06-11 22:07:12,379 [ERROR] LogOutputStream:75 - [STDERR_REDIRECT] [Fatal Error] :1:1: Premature end of file.
2025-06-11 22:07:12,380 [ERROR] LogOutputStream:75 - [STDERR_REDIRECT] 
2025-06-11 22:07:13,372 [ERROR] LogOutputStream:75 - [STDERR_REDIRECT] [Fatal Error] :1:1: Premature end of file.
2025-06-11 22:07:13,372 [ERROR] LogOutputStream:75 - [STDERR_REDIRECT] 
2025-06-11 22:07:14,473 [ERROR] LogOutputStream:75 - [STDERR_REDIRECT] [Fatal Error] :1:1: Premature end of file.
2025-06-11 22:07:14,474 [ERROR] LogOutputStream:75 - [STDERR_REDIRECT] 
2025-06-11 22:07:15,420 [ERROR] LogOutputStream:75 - [STDERR_REDIRECT] [Fatal Error] :1:1: Premature end of file.
2025-06-11 22:07:15,421 [ERROR] LogOutputStream:75 - [STDERR_REDIRECT] 
2025-06-11 22:07:16,453 [ERROR] LogOutputStream:75 - [STDERR_REDIRECT] [Fatal Error] :1:1: Premature end of file.
2025-06-11 22:07:16,454 [ERROR] LogOutputStream:75 - [STDERR_REDIRECT] 
2025-06-11 22:07:17,381 [ERROR] LogOutputStream:75 - [STDERR_REDIRECT] [Fatal Error] :1:1: Premature end of file.
2025-06-11 22:07:17,381 [ERROR] LogOutputStream:75 - [STDERR_REDIRECT] 
2025-06-11 22:07:18,476 [ERROR] LogOutputStream:75 - [STDERR_REDIRECT] [Fatal Error] :1:1: Premature end of file.
2025-06-11 22:07:18,476 [ERROR] LogOutputStream:75 - [STDERR_REDIRECT] 
2025-06-11 22:07:19,473 [ERROR] LogOutputStream:75 - [STDERR_REDIRECT] [Fatal Error] :1:1: Premature end of file.
2025-06-11 22:07:19,473 [ERROR] LogOutputStream:75 - [STDERR_REDIRECT] 
2025-06-11 22:07:20,469 [ERROR] LogOutputStream:75 - [STDERR_REDIRECT] [Fatal Error] :1:1: Premature end of file.
2025-06-11 22:07:20,469 [ERROR] LogOutputStream:75 - [STDERR_REDIRECT] 
2025-06-11 22:07:21,478 [ERROR] LogOutputStream:75 - [STDERR_REDIRECT] [Fatal Error] :1:1: Premature end of file.
2025-06-11 22:07:21,478 [ERROR] LogOutputStream:75 - [STDERR_REDIRECT] 
2025-06-11 22:07:22,380 [ERROR] LogOutputStream:75 - [STDERR_REDIRECT] [Fatal Error] :1:1: Premature end of file.
2025-06-11 22:07:22,380 [ERROR] LogOutputStream:75 - [STDERR_REDIRECT] 
2025-06-11 22:07:23,478 [ERROR] LogOutputStream:75 - [STDERR_REDIRECT] [Fatal Error] :1:1: Premature end of file.
2025-06-11 22:07:23,479 [ERROR] LogOutputStream:75 - [STDERR_REDIRECT] 
2025-06-11 22:07:24,436 [ERROR] LogOutputStream:75 - [STDERR_REDIRECT] [Fatal Error] :1:1: Premature end of file.
2025-06-11 22:07:24,437 [ERROR] LogOutputStream:75 - [STDERR_REDIRECT] 
2025-06-11 22:07:25,467 [ERROR] LogOutputStream:75 - [STDERR_REDIRECT] [Fatal Error] :1:1: Premature end of file.
2025-06-11 22:07:25,467 [ERROR] LogOutputStream:75 - [STDERR_REDIRECT] 
2025-06-11 22:07:26,447 [ERROR] LogOutputStream:75 - [STDERR_REDIRECT] [Fatal Error] :1:1: Premature end of file.
2025-06-11 22:07:26,447 [ERROR] LogOutputStream:75 - [STDERR_REDIRECT] 
2025-06-11 22:07:27,466 [ERROR] LogOutputStream:75 - [STDERR_REDIRECT] [Fatal Error] :1:1: Premature end of file.
2025-06-11 22:07:27,466 [ERROR] LogOutputStream:75 - [STDERR_REDIRECT] 
2025-06-11 22:07:28,486 [ERROR] LogOutputStream:75 - [STDERR_REDIRECT] [Fatal Error] :1:1: Premature end of file.
2025-06-11 22:07:28,486 [ERROR] LogOutputStream:75 - [STDERR_REDIRECT] 
2025-06-11 22:07:29,474 [ERROR] LogOutputStream:75 - [STDERR_REDIRECT] [Fatal Error] :1:1: Premature end of file.
2025-06-11 22:07:29,474 [ERROR] LogOutputStream:75 - [STDERR_REDIRECT] 
2025-06-11 22:07:30,480 [ERROR] LogOutputStream:75 - [STDERR_REDIRECT] [Fatal Error] :1:1: Premature end of file.
2025-06-11 22:07:30,482 [ERROR] LogOutputStream:75 - [STDERR_REDIRECT] 
2025-06-11 22:07:31,382 [ERROR] LogOutputStream:75 - [STDERR_REDIRECT] [Fatal Error] :1:1: Premature end of file.
2025-06-11 22:07:31,382 [ERROR] LogOutputStream:75 - [STDERR_REDIRECT] 
2025-06-11 22:07:32,371 [ERROR] LogOutputStream:75 - [STDERR_REDIRECT] [Fatal Error] :1:1: Premature end of file.
2025-06-11 22:07:32,371 [ERROR] LogOutputStream:75 - [STDERR_REDIRECT] 
2025-06-11 22:07:33,452 [ERROR] LogOutputStream:75 - [STDERR_REDIRECT] [Fatal Error] :1:1: Premature end of file.
2025-06-11 22:07:33,452 [ERROR] LogOutputStream:75 - [STDERR_REDIRECT] 
2025-06-11 22:07:34,375 [ERROR] LogOutputStream:75 - [STDERR_REDIRECT] [Fatal Error] :1:1: Premature end of file.
2025-06-11 22:07:34,375 [ERROR] LogOutputStream:75 - [STDERR_REDIRECT] 
2025-06-11 22:07:35,397 [ERROR] LogOutputStream:75 - [STDERR_REDIRECT] [Fatal Error] :1:1: Premature end of file.
2025-06-11 22:07:35,397 [ERROR] LogOutputStream:75 - [STDERR_REDIRECT] 
2025-06-11 22:07:36,368 [ERROR] LogOutputStream:75 - [STDERR_REDIRECT] [Fatal Error] :1:1: Premature end of file.
2025-06-11 22:07:36,368 [ERROR] LogOutputStream:75 - [STDERR_REDIRECT] 
2025-06-11 22:07:37,377 [ERROR] LogOutputStream:75 - [STDERR_REDIRECT] [Fatal Error] :1:1: Premature end of file.
2025-06-11 22:07:37,378 [ERROR] LogOutputStream:75 - [STDERR_REDIRECT] 
2025-06-11 22:07:38,476 [ERROR] LogOutputStream:75 - [STDERR_REDIRECT] [Fatal Error] :1:1: Premature end of file.
2025-06-11 22:07:38,476 [ERROR] LogOutputStream:75 - [STDERR_REDIRECT] 
2025-06-11 22:07:39,439 [ERROR] LogOutputStream:75 - [STDERR_REDIRECT] [Fatal Error] :1:1: Premature end of file.
2025-06-11 22:07:39,439 [ERROR] LogOutputStream:75 - [STDERR_REDIRECT] 
2025-06-11 22:07:40,462 [ERROR] LogOutputStream:75 - [STDERR_REDIRECT] [Fatal Error] :1:1: Premature end of file.
2025-06-11 22:07:40,462 [ERROR] LogOutputStream:75 - [STDERR_REDIRECT] 
2025-06-11 22:07:41,390 [ERROR] LogOutputStream:75 - [STDERR_REDIRECT] [Fatal Error] :1:1: Premature end of file.
2025-06-11 22:07:41,390 [ERROR] LogOutputStream:75 - [STDERR_REDIRECT] 
2025-06-11 22:07:42,384 [ERROR] LogOutputStream:75 - [STDERR_REDIRECT] [Fatal Error] :1:1: Premature end of file.
2025-06-11 22:07:42,384 [ERROR] LogOutputStream:75 - [STDERR_REDIRECT] 
2025-06-11 22:07:43,480 [ERROR] LogOutputStream:75 - [STDERR_REDIRECT] [Fatal Error] :1:1: Premature end of file.
2025-06-11 22:07:43,480 [ERROR] LogOutputStream:75 - [STDERR_REDIRECT] 
2025-06-11 22:07:44,461 [ERROR] LogOutputStream:75 - [STDERR_REDIRECT] [Fatal Error] :1:1: Premature end of file.
2025-06-11 22:07:44,462 [ERROR] LogOutputStream:75 - [STDERR_REDIRECT] 
2025-06-11 22:07:45,466 [ERROR] LogOutputStream:75 - [STDERR_REDIRECT] [Fatal Error] :1:1: Premature end of file.
2025-06-11 22:07:45,466 [ERROR] LogOutputStream:75 - [STDERR_REDIRECT] 
2025-06-11 22:07:46,382 [ERROR] LogOutputStream:75 - [STDERR_REDIRECT] [Fatal Error] :1:1: Premature end of file.
2025-06-11 22:07:46,382 [ERROR] LogOutputStream:75 - [STDERR_REDIRECT] 
2025-06-11 22:07:47,464 [ERROR] LogOutputStream:75 - [STDERR_REDIRECT] [Fatal Error] :1:1: Premature end of file.
2025-06-11 22:07:47,464 [ERROR] LogOutputStream:75 - [STDERR_REDIRECT] 
2025-06-11 22:07:48,472 [ERROR] LogOutputStream:75 - [STDERR_REDIRECT] [Fatal Error] :1:1: Premature end of file.
2025-06-11 22:07:48,473 [ERROR] LogOutputStream:75 - [STDERR_REDIRECT] 
2025-06-11 22:07:49,479 [ERROR] LogOutputStream:75 - [STDERR_REDIRECT] [Fatal Error] :1:1: Premature end of file.
2025-06-11 22:07:49,479 [ERROR] LogOutputStream:75 - [STDERR_REDIRECT] 
2025-06-11 22:07:50,383 [ERROR] LogOutputStream:75 - [STDERR_REDIRECT] [Fatal Error] :1:1: Premature end of file.
2025-06-11 22:07:50,383 [ERROR] LogOutputStream:75 - [STDERR_REDIRECT] 
2025-06-11 22:07:51,382 [ERROR] LogOutputStream:75 - [STDERR_REDIRECT] [Fatal Error] :1:1: Premature end of file.
2025-06-11 22:07:51,382 [ERROR] LogOutputStream:75 - [STDERR_REDIRECT] 
2025-06-11 22:07:52,473 [ERROR] LogOutputStream:75 - [STDERR_REDIRECT] [Fatal Error] :1:1: Premature end of file.
2025-06-11 22:07:52,473 [ERROR] LogOutputStream:75 - [STDERR_REDIRECT] 
2025-06-11 22:07:53,370 [ERROR] LogOutputStream:75 - [STDERR_REDIRECT] [Fatal Error] :1:1: Premature end of file.
2025-06-11 22:07:53,371 [ERROR] LogOutputStream:75 - [STDERR_REDIRECT] 
2025-06-11 22:07:54,468 [ERROR] LogOutputStream:75 - [STDERR_REDIRECT] [Fatal Error] :1:1: Premature end of file.
2025-06-11 22:07:54,469 [ERROR] LogOutputStream:75 - [STDERR_REDIRECT] 
2025-06-11 22:07:55,387 [ERROR] LogOutputStream:75 - [STDERR_REDIRECT] [Fatal Error] :1:1: Premature end of file.
2025-06-11 22:07:55,387 [ERROR] LogOutputStream:75 - [STDERR_REDIRECT] 
2025-06-11 22:07:56,418 [ERROR] LogOutputStream:75 - [STDERR_REDIRECT] [Fatal Error] :1:1: Premature end of file.
2025-06-11 22:07:56,418 [ERROR] LogOutputStream:75 - [STDERR_REDIRECT] 
2025-06-11 22:07:57,369 [ERROR] LogOutputStream:75 - [STDERR_REDIRECT] [Fatal Error] :1:1: Premature end of file.
2025-06-11 22:07:57,369 [ERROR] LogOutputStream:75 - [STDERR_REDIRECT] 
2025-06-11 22:07:58,373 [ERROR] LogOutputStream:75 - [STDERR_REDIRECT] [Fatal Error] :1:1: Premature end of file.
2025-06-11 22:07:58,373 [ERROR] LogOutputStream:75 - [STDERR_REDIRECT] 
2025-06-11 22:07:59,366 [ERROR] LogOutputStream:75 - [STDERR_REDIRECT] [Fatal Error] :1:1: Premature end of file.
2025-06-11 22:07:59,367 [ERROR] LogOutputStream:75 - [STDERR_REDIRECT] 
2025-06-11 22:08:00,369 [ERROR] LogOutputStream:75 - [STDERR_REDIRECT] [Fatal Error] :1:1: Premature end of file.
2025-06-11 22:08:00,369 [ERROR] LogOutputStream:75 - [STDERR_REDIRECT] 
2025-06-11 22:08:01,452 [ERROR] LogOutputStream:75 - [STDERR_REDIRECT] [Fatal Error] :1:1: Premature end of file.
2025-06-11 22:08:01,452 [ERROR] LogOutputStream:75 - [STDERR_REDIRECT] 
2025-06-11 22:08:02,394 [ERROR] LogOutputStream:75 - [STDERR_REDIRECT] [Fatal Error] :1:1: Premature end of file.
2025-06-11 22:08:02,394 [ERROR] LogOutputStream:75 - [STDERR_REDIRECT] 
2025-06-11 22:08:03,470 [ERROR] LogOutputStream:75 - [STDERR_REDIRECT] [Fatal Error] :1:1: Premature end of file.
2025-06-11 22:08:03,470 [ERROR] LogOutputStream:75 - [STDERR_REDIRECT] 
2025-06-11 22:08:04,453 [ERROR] LogOutputStream:75 - [STDERR_REDIRECT] [Fatal Error] :1:1: Premature end of file.
2025-06-11 22:08:04,453 [ERROR] LogOutputStream:75 - [STDERR_REDIRECT] 
2025-06-11 22:08:05,479 [ERROR] LogOutputStream:75 - [STDERR_REDIRECT] [Fatal Error] :1:1: Premature end of file.
2025-06-11 22:08:05,479 [ERROR] LogOutputStream:75 - [STDERR_REDIRECT] 
2025-06-11 22:08:06,376 [ERROR] LogOutputStream:75 - [STDERR_REDIRECT] [Fatal Error] :1:1: Premature end of file.
2025-06-11 22:08:06,377 [ERROR] LogOutputStream:75 - [STDERR_REDIRECT] 
2025-06-11 22:08:07,369 [ERROR] LogOutputStream:75 - [STDERR_REDIRECT] [Fatal Error] :1:1: Premature end of file.
2025-06-11 22:08:07,369 [ERROR] LogOutputStream:75 - [STDERR_REDIRECT] 
2025-06-11 22:08:08,489 [ERROR] LogOutputStream:75 - [STDERR_REDIRECT] [Fatal Error] :1:1: Premature end of file.
2025-06-11 22:08:08,490 [ERROR] LogOutputStream:75 - [STDERR_REDIRECT] 
2025-06-11 22:08:09,379 [ERROR] LogOutputStream:75 - [STDERR_REDIRECT] [Fatal Error] :1:1: Premature end of file.
2025-06-11 22:08:09,379 [ERROR] LogOutputStream:75 - [STDERR_REDIRECT] 
2025-06-11 22:08:10,448 [ERROR] LogOutputStream:75 - [STDERR_REDIRECT] [Fatal Error] :1:1: Premature end of file.
2025-06-11 22:08:10,448 [ERROR] LogOutputStream:75 - [STDERR_REDIRECT] 
2025-06-11 22:08:11,398 [ERROR] LogOutputStream:75 - [STDERR_REDIRECT] [Fatal Error] :1:1: Premature end of file.
2025-06-11 22:08:11,398 [ERROR] LogOutputStream:75 - [STDERR_REDIRECT] 
2025-06-11 22:08:12,437 [ERROR] LogOutputStream:75 - [STDERR_REDIRECT] [Fatal Error] :1:1: Premature end of file.
2025-06-11 22:08:12,437 [ERROR] LogOutputStream:75 - [STDERR_REDIRECT] 
2025-06-11 22:08:13,381 [ERROR] LogOutputStream:75 - [STDERR_REDIRECT] [Fatal Error] :1:1: Premature end of file.
2025-06-11 22:08:13,381 [ERROR] LogOutputStream:75 - [STDERR_REDIRECT] 
2025-06-11 22:08:14,466 [ERROR] LogOutputStream:75 - [STDERR_REDIRECT] [Fatal Error] :1:1: Premature end of file.
2025-06-11 22:08:14,467 [ERROR] LogOutputStream:75 - [STDERR_REDIRECT] 
2025-06-11 22:08:15,474 [ERROR] LogOutputStream:75 - [STDERR_REDIRECT] [Fatal Error] :1:1: Premature end of file.
2025-06-11 22:08:15,475 [ERROR] LogOutputStream:75 - [STDERR_REDIRECT] 
2025-06-11 22:08:16,502 [ERROR] LogOutputStream:75 - [STDERR_REDIRECT] [Fatal Error] :1:1: Premature end of file.
2025-06-11 22:08:16,504 [ERROR] LogOutputStream:75 - [STDERR_REDIRECT] 
2025-06-11 22:08:17,430 [ERROR] LogOutputStream:75 - [STDERR_REDIRECT] [Fatal Error] :1:1: Premature end of file.
2025-06-11 22:08:17,430 [ERROR] LogOutputStream:75 - [STDERR_REDIRECT] 
2025-06-11 22:08:18,370 [ERROR] LogOutputStream:75 - [STDERR_REDIRECT] [Fatal Error] :1:1: Premature end of file.
2025-06-11 22:08:18,370 [ERROR] LogOutputStream:75 - [STDERR_REDIRECT] 
2025-06-11 22:08:19,459 [ERROR] LogOutputStream:75 - [STDERR_REDIRECT] [Fatal Error] :1:1: Premature end of file.
2025-06-11 22:08:19,459 [ERROR] LogOutputStream:75 - [STDERR_REDIRECT] 
2025-06-11 22:08:20,467 [ERROR] LogOutputStream:75 - [STDERR_REDIRECT] [Fatal Error] :1:1: Premature end of file.
2025-06-11 22:08:20,467 [ERROR] LogOutputStream:75 - [STDERR_REDIRECT] 
2025-06-11 22:08:21,473 [ERROR] LogOutputStream:75 - [STDERR_REDIRECT] [Fatal Error] :1:1: Premature end of file.
2025-06-11 22:08:21,473 [ERROR] LogOutputStream:75 - [STDERR_REDIRECT] 
2025-06-11 22:08:22,402 [ERROR] LogOutputStream:75 - [STDERR_REDIRECT] [Fatal Error] :1:1: Premature end of file.
2025-06-11 22:08:22,402 [ERROR] LogOutputStream:75 - [STDERR_REDIRECT] 
2025-06-11 22:08:23,474 [ERROR] LogOutputStream:75 - [STDERR_REDIRECT] [Fatal Error] :1:1: Premature end of file.
2025-06-11 22:08:23,474 [ERROR] LogOutputStream:75 - [STDERR_REDIRECT] 
2025-06-11 22:08:24,389 [ERROR] LogOutputStream:75 - [STDERR_REDIRECT] [Fatal Error] :1:1: Premature end of file.
2025-06-11 22:08:24,389 [ERROR] LogOutputStream:75 - [STDERR_REDIRECT] 
2025-06-11 22:08:25,474 [ERROR] LogOutputStream:75 - [STDERR_REDIRECT] [Fatal Error] :1:1: Premature end of file.
2025-06-11 22:08:25,476 [ERROR] LogOutputStream:75 - [STDERR_REDIRECT] 
2025-06-11 22:08:26,428 [ERROR] LogOutputStream:75 - [STDERR_REDIRECT] [Fatal Error] :1:1: Premature end of file.
2025-06-11 22:08:26,428 [ERROR] LogOutputStream:75 - [STDERR_REDIRECT] 
2025-06-11 22:08:27,394 [ERROR] LogOutputStream:75 - [STDERR_REDIRECT] [Fatal Error] :1:1: Premature end of file.
2025-06-11 22:08:27,394 [ERROR] LogOutputStream:75 - [STDERR_REDIRECT] 
2025-06-11 22:08:28,425 [ERROR] LogOutputStream:75 - [STDERR_REDIRECT] [Fatal Error] :1:1: Premature end of file.
2025-06-11 22:08:28,425 [ERROR] LogOutputStream:75 - [STDERR_REDIRECT] 
2025-06-11 22:08:29,371 [ERROR] LogOutputStream:75 - [STDERR_REDIRECT] [Fatal Error] :1:1: Premature end of file.
2025-06-11 22:08:29,371 [ERROR] LogOutputStream:75 - [STDERR_REDIRECT] 
2025-06-11 22:08:30,495 [ERROR] LogOutputStream:75 - [STDERR_REDIRECT] [Fatal Error] :1:1: Premature end of file.
2025-06-11 22:08:30,495 [ERROR] LogOutputStream:75 - [STDERR_REDIRECT] 
2025-06-11 22:08:31,462 [ERROR] LogOutputStream:75 - [STDERR_REDIRECT] [Fatal Error] :1:1: Premature end of file.
2025-06-11 22:08:31,462 [ERROR] LogOutputStream:75 - [STDERR_REDIRECT] 
2025-06-11 22:08:32,446 [ERROR] LogOutputStream:75 - [STDERR_REDIRECT] [Fatal Error] :1:1: Premature end of file.
2025-06-11 22:08:32,446 [ERROR] LogOutputStream:75 - [STDERR_REDIRECT] 
2025-06-11 22:08:33,375 [ERROR] LogOutputStream:75 - [STDERR_REDIRECT] [Fatal Error] :1:1: Premature end of file.
2025-06-11 22:08:33,375 [ERROR] LogOutputStream:75 - [STDERR_REDIRECT] 
2025-06-11 22:08:34,388 [ERROR] LogOutputStream:75 - [STDERR_REDIRECT] [Fatal Error] :1:1: Premature end of file.
2025-06-11 22:08:34,388 [ERROR] LogOutputStream:75 - [STDERR_REDIRECT] 
2025-06-11 22:08:35,381 [ERROR] LogOutputStream:75 - [STDERR_REDIRECT] [Fatal Error] :1:1: Premature end of file.
2025-06-11 22:08:35,381 [ERROR] LogOutputStream:75 - [STDERR_REDIRECT] 
2025-06-11 22:08:36,466 [ERROR] LogOutputStream:75 - [STDERR_REDIRECT] [Fatal Error] :1:1: Premature end of file.
2025-06-11 22:08:36,466 [ERROR] LogOutputStream:75 - [STDERR_REDIRECT] 
2025-06-11 22:08:37,375 [ERROR] LogOutputStream:75 - [STDERR_REDIRECT] [Fatal Error] :1:1: Premature end of file.
2025-06-11 22:08:37,376 [ERROR] LogOutputStream:75 - [STDERR_REDIRECT] 
2025-06-11 22:08:38,485 [ERROR] LogOutputStream:75 - [STDERR_REDIRECT] [Fatal Error] :1:1: Premature end of file.
2025-06-11 22:08:38,486 [ERROR] LogOutputStream:75 - [STDERR_REDIRECT] 
2025-06-11 22:08:39,413 [ERROR] LogOutputStream:75 - [STDERR_REDIRECT] [Fatal Error] :1:1: Premature end of file.
2025-06-11 22:08:39,414 [ERROR] LogOutputStream:75 - [STDERR_REDIRECT] 
2025-06-11 22:08:40,381 [ERROR] LogOutputStream:75 - [STDERR_REDIRECT] [Fatal Error] :1:1: Premature end of file.
2025-06-11 22:08:40,381 [ERROR] LogOutputStream:75 - [STDERR_REDIRECT] 
2025-06-11 22:08:41,446 [ERROR] LogOutputStream:75 - [STDERR_REDIRECT] [Fatal Error] :1:1: Premature end of file.
2025-06-11 22:08:41,446 [ERROR] LogOutputStream:75 - [STDERR_REDIRECT] 
2025-06-11 22:08:42,465 [ERROR] LogOutputStream:75 - [STDERR_REDIRECT] [Fatal Error] :1:1: Premature end of file.
2025-06-11 22:08:42,466 [ERROR] LogOutputStream:75 - [STDERR_REDIRECT] 
2025-06-11 22:08:43,483 [ERROR] LogOutputStream:75 - [STDERR_REDIRECT] [Fatal Error] :1:1: Premature end of file.
2025-06-11 22:08:43,484 [ERROR] LogOutputStream:75 - [STDERR_REDIRECT] 
2025-06-11 22:08:44,476 [ERROR] LogOutputStream:75 - [STDERR_REDIRECT] [Fatal Error] :1:1: Premature end of file.
2025-06-11 22:08:44,477 [ERROR] LogOutputStream:75 - [STDERR_REDIRECT] 
2025-06-11 22:08:45,492 [ERROR] LogOutputStream:75 - [STDERR_REDIRECT] [Fatal Error] :1:1: Premature end of file.
2025-06-11 22:08:45,492 [ERROR] LogOutputStream:75 - [STDERR_REDIRECT] 
2025-06-11 22:08:46,433 [ERROR] LogOutputStream:75 - [STDERR_REDIRECT] [Fatal Error] :1:1: Premature end of file.
2025-06-11 22:08:46,433 [ERROR] LogOutputStream:75 - [STDERR_REDIRECT] 
2025-06-11 22:08:47,365 [ERROR] LogOutputStream:75 - [STDERR_REDIRECT] [Fatal Error] :1:1: Premature end of file.
2025-06-11 22:08:47,366 [ERROR] LogOutputStream:75 - [STDERR_REDIRECT] 
2025-06-11 22:08:48,470 [ERROR] LogOutputStream:75 - [STDERR_REDIRECT] [Fatal Error] :1:1: Premature end of file.
2025-06-11 22:08:48,471 [ERROR] LogOutputStream:75 - [STDERR_REDIRECT] 
2025-06-11 22:08:49,470 [ERROR] LogOutputStream:75 - [STDERR_REDIRECT] [Fatal Error] :1:1: Premature end of file.
2025-06-11 22:08:49,471 [ERROR] LogOutputStream:75 - [STDERR_REDIRECT] 
2025-06-11 22:08:50,467 [ERROR] LogOutputStream:75 - [STDERR_REDIRECT] [Fatal Error] :1:1: Premature end of file.
2025-06-11 22:08:50,468 [ERROR] LogOutputStream:75 - [STDERR_REDIRECT] 
2025-06-11 22:08:51,382 [ERROR] LogOutputStream:75 - [STDERR_REDIRECT] [Fatal Error] :1:1: Premature end of file.
2025-06-11 22:08:51,382 [ERROR] LogOutputStream:75 - [STDERR_REDIRECT] 
2025-06-11 22:08:52,379 [ERROR] LogOutputStream:75 - [STDERR_REDIRECT] [Fatal Error] :1:1: Premature end of file.
2025-06-11 22:08:52,379 [ERROR] LogOutputStream:75 - [STDERR_REDIRECT] 
2025-06-11 22:08:53,470 [ERROR] LogOutputStream:75 - [STDERR_REDIRECT] [Fatal Error] :1:1: Premature end of file.
2025-06-11 22:08:53,470 [ERROR] LogOutputStream:75 - [STDERR_REDIRECT] 
2025-06-11 22:08:54,461 [ERROR] LogOutputStream:75 - [STDERR_REDIRECT] [Fatal Error] :1:1: Premature end of file.
2025-06-11 22:08:54,462 [ERROR] LogOutputStream:75 - [STDERR_REDIRECT] 
2025-06-11 22:08:55,451 [ERROR] LogOutputStream:75 - [STDERR_REDIRECT] [Fatal Error] :1:1: Premature end of file.
2025-06-11 22:08:55,451 [ERROR] LogOutputStream:75 - [STDERR_REDIRECT] 
2025-06-11 22:08:56,385 [ERROR] LogOutputStream:75 - [STDERR_REDIRECT] [Fatal Error] :1:1: Premature end of file.
2025-06-11 22:08:56,386 [ERROR] LogOutputStream:75 - [STDERR_REDIRECT] 
2025-06-11 22:08:57,476 [ERROR] LogOutputStream:75 - [STDERR_REDIRECT] [Fatal Error] :1:1: Premature end of file.
2025-06-11 22:08:57,477 [ERROR] LogOutputStream:75 - [STDERR_REDIRECT] 
2025-06-11 22:08:58,387 [ERROR] LogOutputStream:75 - [STDERR_REDIRECT] [Fatal Error] :1:1: Premature end of file.
2025-06-11 22:08:58,387 [ERROR] LogOutputStream:75 - [STDERR_REDIRECT] 
2025-06-11 22:08:59,389 [ERROR] LogOutputStream:75 - [STDERR_REDIRECT] [Fatal Error] :1:1: Premature end of file.
2025-06-11 22:08:59,390 [ERROR] LogOutputStream:75 - [STDERR_REDIRECT] 
2025-06-11 22:09:00,464 [ERROR] LogOutputStream:75 - [STDERR_REDIRECT] [Fatal Error] :1:1: Premature end of file.
2025-06-11 22:09:00,464 [ERROR] LogOutputStream:75 - [STDERR_REDIRECT] 
2025-06-11 22:09:01,457 [ERROR] LogOutputStream:75 - [STDERR_REDIRECT] [Fatal Error] :1:1: Premature end of file.
2025-06-11 22:09:01,457 [ERROR] LogOutputStream:75 - [STDERR_REDIRECT] 
2025-06-11 22:09:02,461 [ERROR] LogOutputStream:75 - [STDERR_REDIRECT] [Fatal Error] :1:1: Premature end of file.
2025-06-11 22:09:02,462 [ERROR] LogOutputStream:75 - [STDERR_REDIRECT] 
2025-06-11 22:09:03,454 [ERROR] LogOutputStream:75 - [STDERR_REDIRECT] [Fatal Error] :1:1: Premature end of file.
2025-06-11 22:09:03,454 [ERROR] LogOutputStream:75 - [STDERR_REDIRECT] 
2025-06-11 22:09:04,376 [ERROR] LogOutputStream:75 - [STDERR_REDIRECT] [Fatal Error] :1:1: Premature end of file.
2025-06-11 22:09:04,376 [ERROR] LogOutputStream:75 - [STDERR_REDIRECT] 
2025-06-11 22:09:05,488 [ERROR] LogOutputStream:75 - [STDERR_REDIRECT] [Fatal Error] :1:1: Premature end of file.
2025-06-11 22:09:05,488 [ERROR] LogOutputStream:75 - [STDERR_REDIRECT] 
2025-06-11 22:09:06,452 [ERROR] LogOutputStream:75 - [STDERR_REDIRECT] [Fatal Error] :1:1: Premature end of file.
2025-06-11 22:09:06,452 [ERROR] LogOutputStream:75 - [STDERR_REDIRECT] 
2025-06-11 22:09:07,385 [ERROR] LogOutputStream:75 - [STDERR_REDIRECT] [Fatal Error] :1:1: Premature end of file.
2025-06-11 22:09:07,385 [ERROR] LogOutputStream:75 - [STDERR_REDIRECT] 
2025-06-11 22:09:08,382 [ERROR] LogOutputStream:75 - [STDERR_REDIRECT] [Fatal Error] :1:1: Premature end of file.
2025-06-11 22:09:08,382 [ERROR] LogOutputStream:75 - [STDERR_REDIRECT] 
2025-06-11 22:09:09,403 [ERROR] LogOutputStream:75 - [STDERR_REDIRECT] [Fatal Error] :1:1: Premature end of file.
2025-06-11 22:09:09,403 [ERROR] LogOutputStream:75 - [STDERR_REDIRECT] 
2025-06-11 22:09:10,469 [ERROR] LogOutputStream:75 - [STDERR_REDIRECT] [Fatal Error] :1:1: Premature end of file.
2025-06-11 22:09:10,469 [ERROR] LogOutputStream:75 - [STDERR_REDIRECT] 
2025-06-11 22:09:11,381 [ERROR] LogOutputStream:75 - [STDERR_REDIRECT] [Fatal Error] :1:1: Premature end of file.
2025-06-11 22:09:11,381 [ERROR] LogOutputStream:75 - [STDERR_REDIRECT] 
2025-06-11 22:09:12,480 [ERROR] LogOutputStream:75 - [STDERR_REDIRECT] [Fatal Error] :1:1: Premature end of file.
2025-06-11 22:09:12,480 [ERROR] LogOutputStream:75 - [STDERR_REDIRECT] 
2025-06-11 22:09:13,389 [ERROR] LogOutputStream:75 - [STDERR_REDIRECT] [Fatal Error] :1:1: Premature end of file.
2025-06-11 22:09:13,389 [ERROR] LogOutputStream:75 - [STDERR_REDIRECT] 
2025-06-11 22:09:14,428 [ERROR] LogOutputStream:75 - [STDERR_REDIRECT] [Fatal Error] :1:1: Premature end of file.
2025-06-11 22:09:14,428 [ERROR] LogOutputStream:75 - [STDERR_REDIRECT] 
2025-06-11 22:09:15,414 [ERROR] LogOutputStream:75 - [STDERR_REDIRECT] [Fatal Error] :1:1: Premature end of file.
2025-06-11 22:09:15,414 [ERROR] LogOutputStream:75 - [STDERR_REDIRECT] 
2025-06-11 22:09:16,392 [ERROR] LogOutputStream:75 - [STDERR_REDIRECT] [Fatal Error] :1:1: Premature end of file.
2025-06-11 22:09:16,392 [ERROR] LogOutputStream:75 - [STDERR_REDIRECT] 
2025-06-11 22:09:17,469 [ERROR] LogOutputStream:75 - [STDERR_REDIRECT] [Fatal Error] :1:1: Premature end of file.
2025-06-11 22:09:17,469 [ERROR] LogOutputStream:75 - [STDERR_REDIRECT] 
2025-06-11 22:09:18,470 [ERROR] LogOutputStream:75 - [STDERR_REDIRECT] [Fatal Error] :1:1: Premature end of file.
2025-06-11 22:09:18,470 [ERROR] LogOutputStream:75 - [STDERR_REDIRECT] 
2025-06-11 22:09:19,386 [ERROR] LogOutputStream:75 - [STDERR_REDIRECT] [Fatal Error] :1:1: Premature end of file.
2025-06-11 22:09:19,386 [ERROR] LogOutputStream:75 - [STDERR_REDIRECT] 
2025-06-11 22:09:20,384 [ERROR] LogOutputStream:75 - [STDERR_REDIRECT] [Fatal Error] :1:1: Premature end of file.
2025-06-11 22:09:20,384 [ERROR] LogOutputStream:75 - [STDERR_REDIRECT] 
2025-06-11 22:09:21,371 [ERROR] LogOutputStream:75 - [STDERR_REDIRECT] [Fatal Error] :1:1: Premature end of file.
2025-06-11 22:09:21,372 [ERROR] LogOutputStream:75 - [STDERR_REDIRECT] 
2025-06-11 22:09:22,374 [ERROR] LogOutputStream:75 - [STDERR_REDIRECT] [Fatal Error] :1:1: Premature end of file.
2025-06-11 22:09:22,374 [ERROR] LogOutputStream:75 - [STDERR_REDIRECT] 
2025-06-11 22:09:23,490 [ERROR] LogOutputStream:75 - [STDERR_REDIRECT] [Fatal Error] :1:1: Premature end of file.
2025-06-11 22:09:23,490 [ERROR] LogOutputStream:75 - [STDERR_REDIRECT] 
2025-06-11 22:09:24,493 [ERROR] LogOutputStream:75 - [STDERR_REDIRECT] [Fatal Error] :1:1: Premature end of file.
2025-06-11 22:09:24,494 [ERROR] LogOutputStream:75 - [STDERR_REDIRECT] 
2025-06-11 22:09:25,498 [ERROR] LogOutputStream:75 - [STDERR_REDIRECT] [Fatal Error] :1:1: Premature end of file.
2025-06-11 22:09:25,498 [ERROR] LogOutputStream:75 - [STDERR_REDIRECT] 
2025-06-11 22:09:26,479 [ERROR] LogOutputStream:75 - [STDERR_REDIRECT] [Fatal Error] :1:1: Premature end of file.
2025-06-11 22:09:26,479 [ERROR] LogOutputStream:75 - [STDERR_REDIRECT] 
2025-06-11 22:09:27,423 [ERROR] LogOutputStream:75 - [STDERR_REDIRECT] [Fatal Error] :1:1: Premature end of file.
2025-06-11 22:09:27,423 [ERROR] LogOutputStream:75 - [STDERR_REDIRECT] 
2025-06-11 22:09:28,465 [ERROR] LogOutputStream:75 - [STDERR_REDIRECT] [Fatal Error] :1:1: Premature end of file.
2025-06-11 22:09:28,465 [ERROR] LogOutputStream:75 - [STDERR_REDIRECT] 
2025-06-11 22:09:29,476 [ERROR] LogOutputStream:75 - [STDERR_REDIRECT] [Fatal Error] :1:1: Premature end of file.
2025-06-11 22:09:29,476 [ERROR] LogOutputStream:75 - [STDERR_REDIRECT] 
2025-06-11 22:09:30,460 [ERROR] LogOutputStream:75 - [STDERR_REDIRECT] [Fatal Error] :1:1: Premature end of file.
2025-06-11 22:09:30,460 [ERROR] LogOutputStream:75 - [STDERR_REDIRECT] 
2025-06-11 22:09:31,479 [ERROR] LogOutputStream:75 - [STDERR_REDIRECT] [Fatal Error] :1:1: Premature end of file.
2025-06-11 22:09:31,480 [ERROR] LogOutputStream:75 - [STDERR_REDIRECT] 
2025-06-11 22:09:32,455 [ERROR] LogOutputStream:75 - [STDERR_REDIRECT] [Fatal Error] :1:1: Premature end of file.
2025-06-11 22:09:32,456 [ERROR] LogOutputStream:75 - [STDERR_REDIRECT] 
2025-06-11 22:09:33,428 [ERROR] LogOutputStream:75 - [STDERR_REDIRECT] [Fatal Error] :1:1: Premature end of file.
2025-06-11 22:09:33,429 [ERROR] LogOutputStream:75 - [STDERR_REDIRECT] 
2025-06-11 22:09:34,371 [ERROR] LogOutputStream:75 - [STDERR_REDIRECT] [Fatal Error] :1:1: Premature end of file.
2025-06-11 22:09:34,371 [ERROR] LogOutputStream:75 - [STDERR_REDIRECT] 
2025-06-11 22:09:35,404 [ERROR] LogOutputStream:75 - [STDERR_REDIRECT] [Fatal Error] :1:1: Premature end of file.
2025-06-11 22:09:35,405 [ERROR] LogOutputStream:75 - [STDERR_REDIRECT] 
2025-06-11 22:09:36,383 [ERROR] LogOutputStream:75 - [STDERR_REDIRECT] [Fatal Error] :1:1: Premature end of file.
2025-06-11 22:09:36,383 [ERROR] LogOutputStream:75 - [STDERR_REDIRECT] 
2025-06-11 22:09:37,389 [ERROR] LogOutputStream:75 - [STDERR_REDIRECT] [Fatal Error] :1:1: Premature end of file.
2025-06-11 22:09:37,389 [ERROR] LogOutputStream:75 - [STDERR_REDIRECT] 
2025-06-11 22:09:38,385 [ERROR] LogOutputStream:75 - [STDERR_REDIRECT] [Fatal Error] :1:1: Premature end of file.
2025-06-11 22:09:38,385 [ERROR] LogOutputStream:75 - [STDERR_REDIRECT] 
2025-06-11 22:09:39,385 [ERROR] LogOutputStream:75 - [STDERR_REDIRECT] [Fatal Error] :1:1: Premature end of file.
2025-06-11 22:09:39,385 [ERROR] LogOutputStream:75 - [STDERR_REDIRECT] 
2025-06-11 22:09:40,389 [ERROR] LogOutputStream:75 - [STDERR_REDIRECT] [Fatal Error] :1:1: Premature end of file.
2025-06-11 22:09:40,390 [ERROR] LogOutputStream:75 - [STDERR_REDIRECT] 
2025-06-11 22:09:41,370 [ERROR] LogOutputStream:75 - [STDERR_REDIRECT] [Fatal Error] :1:1: Premature end of file.
2025-06-11 22:09:41,371 [ERROR] LogOutputStream:75 - [STDERR_REDIRECT] 
2025-06-11 22:09:42,474 [ERROR] LogOutputStream:75 - [STDERR_REDIRECT] [Fatal Error] :1:1: Premature end of file.
2025-06-11 22:09:42,475 [ERROR] LogOutputStream:75 - [STDERR_REDIRECT] 
2025-06-11 22:09:43,473 [ERROR] LogOutputStream:75 - [STDERR_REDIRECT] [Fatal Error] :1:1: Premature end of file.
2025-06-11 22:09:43,473 [ERROR] LogOutputStream:75 - [STDERR_REDIRECT] 
2025-06-11 22:09:44,410 [ERROR] LogOutputStream:75 - [STDERR_REDIRECT] [Fatal Error] :1:1: Premature end of file.
2025-06-11 22:09:44,410 [ERROR] LogOutputStream:75 - [STDERR_REDIRECT] 
2025-06-11 22:09:45,466 [ERROR] LogOutputStream:75 - [STDERR_REDIRECT] [Fatal Error] :1:1: Premature end of file.
2025-06-11 22:09:45,468 [ERROR] LogOutputStream:75 - [STDERR_REDIRECT] 
2025-06-11 22:09:46,451 [ERROR] LogOutputStream:75 - [STDERR_REDIRECT] [Fatal Error] :1:1: Premature end of file.
2025-06-11 22:09:46,452 [ERROR] LogOutputStream:75 - [STDERR_REDIRECT] 
2025-06-11 22:09:47,426 [ERROR] LogOutputStream:75 - [STDERR_REDIRECT] [Fatal Error] :1:1: Premature end of file.
2025-06-11 22:09:47,426 [ERROR] LogOutputStream:75 - [STDERR_REDIRECT] 
2025-06-11 22:09:48,479 [ERROR] LogOutputStream:75 - [STDERR_REDIRECT] [Fatal Error] :1:1: Premature end of file.
2025-06-11 22:09:48,480 [ERROR] LogOutputStream:75 - [STDERR_REDIRECT] 
2025-06-11 22:09:49,475 [ERROR] LogOutputStream:75 - [STDERR_REDIRECT] [Fatal Error] :1:1: Premature end of file.
2025-06-11 22:09:49,476 [ERROR] LogOutputStream:75 - [STDERR_REDIRECT] 
2025-06-11 22:09:50,482 [ERROR] LogOutputStream:75 - [STDERR_REDIRECT] [Fatal Error] :1:1: Premature end of file.
2025-06-11 22:09:50,482 [ERROR] LogOutputStream:75 - [STDERR_REDIRECT] 
2025-06-11 22:09:51,407 [ERROR] LogOutputStream:75 - [STDERR_REDIRECT] [Fatal Error] :1:1: Premature end of file.
2025-06-11 22:09:51,407 [ERROR] LogOutputStream:75 - [STDERR_REDIRECT] 
2025-06-11 22:09:52,386 [ERROR] LogOutputStream:75 - [STDERR_REDIRECT] [Fatal Error] :1:1: Premature end of file.
2025-06-11 22:09:52,386 [ERROR] LogOutputStream:75 - [STDERR_REDIRECT] 
2025-06-11 22:09:53,468 [ERROR] LogOutputStream:75 - [STDERR_REDIRECT] [Fatal Error] :1:1: Premature end of file.
2025-06-11 22:09:53,469 [ERROR] LogOutputStream:75 - [STDERR_REDIRECT] 
2025-06-11 22:09:54,368 [ERROR] LogOutputStream:75 - [STDERR_REDIRECT] [Fatal Error] :1:1: Premature end of file.
2025-06-11 22:09:54,368 [ERROR] LogOutputStream:75 - [STDERR_REDIRECT] 
2025-06-11 22:09:55,385 [ERROR] LogOutputStream:75 - [STDERR_REDIRECT] [Fatal Error] :1:1: Premature end of file.
2025-06-11 22:09:55,385 [ERROR] LogOutputStream:75 - [STDERR_REDIRECT] 
2025-06-11 22:09:56,394 [ERROR] LogOutputStream:75 - [STDERR_REDIRECT] [Fatal Error] :1:1: Premature end of file.
2025-06-11 22:09:56,394 [ERROR] LogOutputStream:75 - [STDERR_REDIRECT] 
2025-06-11 22:09:57,402 [ERROR] LogOutputStream:75 - [STDERR_REDIRECT] [Fatal Error] :1:1: Premature end of file.
2025-06-11 22:09:57,402 [ERROR] LogOutputStream:75 - [STDERR_REDIRECT] 
2025-06-11 22:09:58,459 [ERROR] LogOutputStream:75 - [STDERR_REDIRECT] [Fatal Error] :1:1: Premature end of file.
2025-06-11 22:09:58,460 [ERROR] LogOutputStream:75 - [STDERR_REDIRECT] 
2025-06-11 22:09:59,478 [ERROR] LogOutputStream:75 - [STDERR_REDIRECT] [Fatal Error] :1:1: Premature end of file.
2025-06-11 22:09:59,479 [ERROR] LogOutputStream:75 - [STDERR_REDIRECT] 
2025-06-11 22:10:00,449 [ERROR] LogOutputStream:75 - [STDERR_REDIRECT] [Fatal Error] :1:1: Premature end of file.
2025-06-11 22:10:00,449 [ERROR] LogOutputStream:75 - [STDERR_REDIRECT] 
2025-06-11 22:10:01,474 [ERROR] LogOutputStream:75 - [STDERR_REDIRECT] [Fatal Error] :1:1: Premature end of file.
2025-06-11 22:10:01,475 [ERROR] LogOutputStream:75 - [STDERR_REDIRECT] 
2025-06-11 22:10:02,409 [ERROR] LogOutputStream:75 - [STDERR_REDIRECT] [Fatal Error] :1:1: Premature end of file.
2025-06-11 22:10:02,410 [ERROR] LogOutputStream:75 - [STDERR_REDIRECT] 
2025-06-11 22:10:03,466 [ERROR] LogOutputStream:75 - [STDERR_REDIRECT] [Fatal Error] :1:1: Premature end of file.
2025-06-11 22:10:03,466 [ERROR] LogOutputStream:75 - [STDERR_REDIRECT] 
2025-06-11 22:10:04,489 [ERROR] LogOutputStream:75 - [STDERR_REDIRECT] [Fatal Error] :1:1: Premature end of file.
2025-06-11 22:10:04,489 [ERROR] LogOutputStream:75 - [STDERR_REDIRECT] 
2025-06-11 22:10:05,376 [ERROR] LogOutputStream:75 - [STDERR_REDIRECT] [Fatal Error] :1:1: Premature end of file.
2025-06-11 22:10:05,376 [ERROR] LogOutputStream:75 - [STDERR_REDIRECT] 
2025-06-11 22:10:06,376 [ERROR] LogOutputStream:75 - [STDERR_REDIRECT] [Fatal Error] :1:1: Premature end of file.
2025-06-11 22:10:06,376 [ERROR] LogOutputStream:75 - [STDERR_REDIRECT] 
2025-06-11 22:10:07,420 [ERROR] LogOutputStream:75 - [STDERR_REDIRECT] [Fatal Error] :1:1: Premature end of file.
2025-06-11 22:10:07,420 [ERROR] LogOutputStream:75 - [STDERR_REDIRECT] 
2025-06-11 22:10:08,379 [ERROR] LogOutputStream:75 - [STDERR_REDIRECT] [Fatal Error] :1:1: Premature end of file.
2025-06-11 22:10:08,379 [ERROR] LogOutputStream:75 - [STDERR_REDIRECT] 
2025-06-11 22:10:09,368 [ERROR] LogOutputStream:75 - [STDERR_REDIRECT] [Fatal Error] :1:1: Premature end of file.
2025-06-11 22:10:09,368 [ERROR] LogOutputStream:75 - [STDERR_REDIRECT] 
2025-06-11 22:10:10,388 [ERROR] LogOutputStream:75 - [STDERR_REDIRECT] [Fatal Error] :1:1: Premature end of file.
2025-06-11 22:10:10,388 [ERROR] LogOutputStream:75 - [STDERR_REDIRECT] 
2025-06-11 22:10:11,374 [ERROR] LogOutputStream:75 - [STDERR_REDIRECT] [Fatal Error] :1:1: Premature end of file.
2025-06-11 22:10:11,374 [ERROR] LogOutputStream:75 - [STDERR_REDIRECT] 
2025-06-11 22:10:12,381 [ERROR] LogOutputStream:75 - [STDERR_REDIRECT] [Fatal Error] :1:1: Premature end of file.
2025-06-11 22:10:12,381 [ERROR] LogOutputStream:75 - [STDERR_REDIRECT] 
2025-06-11 22:10:13,368 [ERROR] LogOutputStream:75 - [STDERR_REDIRECT] [Fatal Error] :1:1: Premature end of file.
2025-06-11 22:10:13,368 [ERROR] LogOutputStream:75 - [STDERR_REDIRECT] 
2025-06-11 22:10:14,365 [ERROR] LogOutputStream:75 - [STDERR_REDIRECT] [Fatal Error] :1:1: Premature end of file.
2025-06-11 22:10:14,365 [ERROR] LogOutputStream:75 - [STDERR_REDIRECT] 
2025-06-11 22:10:15,364 [ERROR] LogOutputStream:75 - [STDERR_REDIRECT] [Fatal Error] :1:1: Premature end of file.
2025-06-11 22:10:15,364 [ERROR] LogOutputStream:75 - [STDERR_REDIRECT] 
2025-06-11 22:10:16,500 [ERROR] LogOutputStream:75 - [STDERR_REDIRECT] [Fatal Error] :1:1: Premature end of file.
2025-06-11 22:10:16,500 [ERROR] LogOutputStream:75 - [STDERR_REDIRECT] 
2025-06-11 22:10:16,850 [ERROR] LogOutputStream:75 - [STDERR_REDIRECT] 
