2025-08-07 01:42:19,336 [INFO] Activator:176 - 


2025-08-07 01:42:19,341 [INFO] Activator:177 - !SESSION log4j initialized
2025-08-07 01:42:25,350 [INFO] LogOutputStream:77 - [STDOUT_REDIRECT] 
2025-08-07 01:42:29,513 [INFO] ApplicationProperties:184 - Using Application install path: C:\ST\STM32CubeIDE_1.19.0\STM32CubeIDE\plugins\com.st.stm32cube.common.mx_6.15.0.202507011659
2025-08-07 01:42:29,532 [INFO] DbMcusXml:78 - Set database path to: C:\ST\STM32CubeIDE_1.19.0\STM32CubeIDE\plugins\com.st.stm32cube.common.mx_6.15.0.202507011659\\db\/mcu/
2025-08-07 01:42:29,532 [INFO] ApiDb:274 - Set plugin database path to: C:\ST\STM32CubeIDE_1.19.0\STM32CubeIDE\plugins\com.st.stm32cube.common.mx_6.15.0.202507011659\\db\/plugins/boardmanager/
2025-08-07 01:42:29,533 [WARN] ApiDb:259 - Overriding images path with different value:  => C:\ST\STM32CubeIDE_1.19.0\STM32CubeIDE\plugins\com.st.stm32cube.common.mx_6.15.0.202507011659\\db\/plugins/mcufinder/images/
2025-08-07 01:42:29,544 [INFO] ApiDb:250 - Set database path to: C:\Users\SNYDE\.stmcufinder\plugins\mcufinder//mcu/
2025-08-07 01:42:29,545 [INFO] DbMcusAds:125 - Set database path to: C:\Users\SNYDE\.stmcufinder\plugins\mcufinder//mcu/
2025-08-07 01:42:29,548 [INFO] CrossReferenceDbSqlite:203 - Set database path to: C:\Users\SNYDE\.stmcufinder\plugins\mcufinder//mcu/cs/
2025-08-07 01:42:29,675 [INFO] RulesReader:64 - Compatibility file has been processed (317 Rules)
2025-08-07 01:42:29,763 [INFO] DbMcusXml:78 - Set database path to: C:\ST\STM32CubeIDE_1.19.0\STM32CubeIDE\plugins\com.st.stm32cube.common.mx_6.15.0.202507011659\\db\/mcu/
2025-08-07 01:42:29,763 [INFO] ApiDb:274 - Set plugin database path to: C:\ST\STM32CubeIDE_1.19.0\STM32CubeIDE\plugins\com.st.stm32cube.common.mx_6.15.0.202507011659\\db\/plugins/boardmanager/
2025-08-07 01:42:29,764 [INFO] ApiDb:261 - Set plugin images path to: C:\ST\STM32CubeIDE_1.19.0\STM32CubeIDE\plugins\com.st.stm32cube.common.mx_6.15.0.202507011659\\db\/plugins/mcufinder/images/
2025-08-07 01:42:29,764 [WARN] DbFile:41 - Overriding database path with different value: C:\Users\SNYDE\.stmcufinder\plugins\mcufinder/ => C:\Users\SNYDE\.stmcufinder\plugins\mcufinder
2025-08-07 01:42:29,764 [INFO] ApiDb:250 - Set database path to: C:\Users\SNYDE\.stmcufinder\plugins\mcufinder//mcu/
2025-08-07 01:42:29,764 [WARN] DbFile:41 - Overriding database path with different value: C:\Users\SNYDE\.stmcufinder\plugins\mcufinder/ => C:\Users\SNYDE\.stmcufinder\plugins\mcufinder
2025-08-07 01:42:29,764 [INFO] DbMcusAds:125 - Set database path to: C:\Users\SNYDE\.stmcufinder\plugins\mcufinder//mcu/
2025-08-07 01:42:29,764 [WARN] DbFile:41 - Overriding database path with different value: C:\Users\SNYDE\.stmcufinder\plugins\mcufinder/ => C:\Users\SNYDE\.stmcufinder\plugins\mcufinder
2025-08-07 01:42:29,764 [WARN] DbFile:41 - Overriding database path with different value: C:\Users\SNYDE\.stmcufinder\plugins\mcufinder/ => C:\Users\SNYDE\.stmcufinder\plugins\mcufinder
2025-08-07 01:42:29,765 [INFO] CrossReferenceDbSqlite:203 - Set database path to: C:\Users\SNYDE\.stmcufinder\plugins\mcufinder//mcu/cs/
2025-08-07 01:42:29,848 [INFO] MainPanel:274 - HeapMemory: 268435456
2025-08-07 01:42:29,957 [INFO] DbMcusXml:78 - Set database path to: C:\ST\STM32CubeIDE_1.19.0\STM32CubeIDE\plugins\com.st.stm32cube.common.mx_6.15.0.202507011659\\db\/mcu/
2025-08-07 01:42:29,957 [INFO] ApiDb:274 - Set plugin database path to: C:\ST\STM32CubeIDE_1.19.0\STM32CubeIDE\plugins\com.st.stm32cube.common.mx_6.15.0.202507011659\\db\/plugins/boardmanager/
2025-08-07 01:42:29,957 [INFO] ApiDb:261 - Set plugin images path to: C:\ST\STM32CubeIDE_1.19.0\STM32CubeIDE\plugins\com.st.stm32cube.common.mx_6.15.0.202507011659\\db\/plugins/mcufinder/images/
2025-08-07 01:42:29,957 [WARN] DbFile:41 - Overriding database path with different value: C:\Users\SNYDE\.stmcufinder\plugins\mcufinder/ => C:\Users\SNYDE\.stmcufinder\plugins\mcufinder
2025-08-07 01:42:29,957 [INFO] ApiDb:250 - Set database path to: C:\Users\SNYDE\.stmcufinder\plugins\mcufinder//mcu/
2025-08-07 01:42:29,958 [WARN] DbFile:41 - Overriding database path with different value: C:\Users\SNYDE\.stmcufinder\plugins\mcufinder/ => C:\Users\SNYDE\.stmcufinder\plugins\mcufinder
2025-08-07 01:42:29,958 [INFO] DbMcusAds:125 - Set database path to: C:\Users\SNYDE\.stmcufinder\plugins\mcufinder//mcu/
2025-08-07 01:42:29,958 [WARN] DbFile:41 - Overriding database path with different value: C:\Users\SNYDE\.stmcufinder\plugins\mcufinder/ => C:\Users\SNYDE\.stmcufinder\plugins\mcufinder
2025-08-07 01:42:29,958 [WARN] DbFile:41 - Overriding database path with different value: C:\Users\SNYDE\.stmcufinder\plugins\mcufinder/ => C:\Users\SNYDE\.stmcufinder\plugins\mcufinder
2025-08-07 01:42:29,958 [INFO] CrossReferenceDbSqlite:203 - Set database path to: C:\Users\SNYDE\.stmcufinder\plugins\mcufinder//mcu/cs/
2025-08-07 01:42:29,975 [INFO] ApplicationProperties:184 - Using Application install path: C:\ST\STM32CubeIDE_1.19.0\STM32CubeIDE\plugins\com.st.stm32cube.common.mx_6.15.0.202507011659
2025-08-07 01:42:29,977 [INFO] PluginManage:196 - Search for loadable plugins [exclusion list=, ]
2025-08-07 01:42:29,978 [INFO] PluginManage:310 - Check plugin analytics
2025-08-07 01:42:36,192 [INFO] AnalyticsPlugin:253 - Accepted Software Licenses: 
2025-08-07 01:42:36,192 [INFO] AnalyticsPlugin:255 - Accepted CMSIS Pack Licenses: 
2025-08-07 01:42:36,192 [INFO] AnalyticsPlugin:257 - Accepted Firmware Licenses: 
2025-08-07 01:42:36,195 [INFO] PluginManage:359 - Loaded plugin analytics (category:tool,tabindex:-1)
2025-08-07 01:42:36,195 [INFO] PluginManage:310 - Check plugin cadmodel
2025-08-07 01:42:36,202 [INFO] CADModel:105 - Init CAD model plugin
2025-08-07 01:42:36,202 [INFO] PluginManage:359 - Loaded plugin cadmodel (category:power,tabindex:5)
2025-08-07 01:42:36,202 [INFO] PluginManage:310 - Check plugin clock
2025-08-07 01:42:36,212 [INFO] PluginManage:359 - Loaded plugin clock (category:base,tabindex:2)
2025-08-07 01:42:36,212 [INFO] PluginManage:310 - Check plugin ddr
2025-08-07 01:42:36,214 [INFO] PluginManage:359 - Loaded plugin ddr (category:tool,tabindex:6)
2025-08-07 01:42:36,215 [INFO] PluginManage:310 - Check plugin filemanager
2025-08-07 01:42:36,361 [INFO] PluginManage:359 - Loaded plugin filemanager (category:base,tabindex:10)
2025-08-07 01:42:36,361 [INFO] PluginManage:310 - Check plugin ipmanager
2025-08-07 01:42:36,368 [INFO] PluginManage:359 - Loaded plugin ipmanager (category:base,tabindex:5)
2025-08-07 01:42:36,369 [INFO] PluginManage:310 - Check plugin lpbam
2025-08-07 01:42:36,379 [INFO] PluginManage:359 - Loaded plugin lpbam (category:base,tabindex:0)
2025-08-07 01:42:36,379 [INFO] PluginManage:310 - Check plugin memorymap
2025-08-07 01:42:36,396 [INFO] PluginManage:359 - Loaded plugin memorymap (category:base,tabindex:4)
2025-08-07 01:42:36,396 [INFO] PluginManage:310 - Check plugin pinoutandconfiguration
2025-08-07 01:42:36,406 [INFO] PluginManage:359 - Loaded plugin pinoutandconfiguration (category:base,tabindex:1)
2025-08-07 01:42:36,406 [INFO] PluginManage:310 - Check plugin pinoutconfig
2025-08-07 01:42:36,488 [WARN] SupportedApi:132 - Cannot load RTOS API schema: s4s-elt-must-match.1: The content of 'definitions' must match (annotation?, (simpleType | complexType)?, (unique | key | keyref)*)). A problem was found starting at: attribute.
2025-08-07 01:42:36,623 [INFO] PluginManage:359 - Loaded plugin pinoutconfig (category:base,tabindex:0)
2025-08-07 01:42:36,623 [INFO] PluginManage:310 - Check plugin power
2025-08-07 01:42:36,637 [INFO] PluginManage:359 - Loaded plugin power (category:power,tabindex:4)
2025-08-07 01:42:36,637 [INFO] PluginManage:310 - Check plugin projectmanager
2025-08-07 01:42:36,653 [INFO] PluginManage:359 - Loaded plugin projectmanager (category:projectmanager,tabindex:4)
2025-08-07 01:42:36,653 [INFO] PluginManage:310 - Check plugin rif
2025-08-07 01:42:36,666 [INFO] PluginManage:359 - Loaded plugin rif (category:base,tabindex:3)
2025-08-07 01:42:36,666 [INFO] PluginManage:310 - Check plugin thirdparty
2025-08-07 01:42:36,816 [INFO] PluginManage:359 - Loaded plugin thirdparty (category:base,tabindex:-1)
2025-08-07 01:42:36,816 [WARN] IntegrityCheckThread:84 - waiting for thirdparty lock release [integrity check]
2025-08-07 01:42:36,816 [INFO] PluginManage:310 - Check plugin tools
2025-08-07 01:42:36,816 [INFO] IntegrityCheckThread:86 - entering critical section [integrity check]
2025-08-07 01:42:36,816 [INFO] ThirdPartyUpdaterWithRetryManager:70 - Updater plugin not ready yet. [1/15]
2025-08-07 01:42:36,819 [INFO] PluginManage:359 - Loaded plugin tools (category:base,tabindex:7)
2025-08-07 01:42:36,820 [INFO] PluginManage:310 - Check plugin tutovideos
2025-08-07 01:42:37,025 [INFO] PluginManage:359 - Loaded plugin tutovideos (category:base,tabindex:-1)
2025-08-07 01:42:37,025 [INFO] PluginManage:310 - Check plugin updater
2025-08-07 01:42:37,046 [INFO] PluginManage:359 - Loaded plugin updater (category:base,tabindex:12)
2025-08-07 01:42:37,046 [INFO] PluginManage:310 - Check plugin userauth
2025-08-07 01:42:37,051 [INFO] UserAuth:118 - Init User Auth plugin
2025-08-07 01:42:37,051 [INFO] PluginManage:359 - Loaded plugin userauth (category:base,tabindex:14)
2025-08-07 01:42:37,051 [INFO] PluginManage:283 - PluginManage : Loaded plugins [18]
2025-08-07 01:42:37,280 [INFO] PinOutPanel:1589 - setPackage(No Configuration,No Configuration)
2025-08-07 01:42:37,378 [INFO] CADModel:165 - CPN selected for project level
2025-08-07 01:42:37,378 [INFO] CADModel:114 - Register for checkConnection events
2025-08-07 01:42:37,396 [INFO] IPUIPlugin:80 - create IPUIPlugin
2025-08-07 01:42:37,396 [INFO] PluginManager:220 - loadIPPluginJar : add adc
2025-08-07 01:42:37,399 [INFO] IPUIPlugin:80 - create IPUIPlugin
2025-08-07 01:42:37,399 [INFO] PluginManager:220 - loadIPPluginJar : add aes
2025-08-07 01:42:37,402 [INFO] IPUIPlugin:80 - create IPUIPlugin
2025-08-07 01:42:37,402 [INFO] PluginManager:220 - loadIPPluginJar : add can
2025-08-07 01:42:37,404 [INFO] IPUIPlugin:80 - create IPUIPlugin
2025-08-07 01:42:37,405 [INFO] PluginManager:220 - loadIPPluginJar : add comp
2025-08-07 01:42:37,407 [INFO] IPUIPlugin:80 - create IPUIPlugin
2025-08-07 01:42:37,407 [INFO] PluginManager:220 - loadIPPluginJar : add cryp
2025-08-07 01:42:37,410 [INFO] IPUIPlugin:80 - create IPUIPlugin
2025-08-07 01:42:37,410 [INFO] PluginManager:220 - loadIPPluginJar : add ddr_ctrl_phy
2025-08-07 01:42:37,413 [INFO] IPUIPlugin:80 - create IPUIPlugin
2025-08-07 01:42:37,413 [INFO] PluginManager:220 - loadIPPluginJar : add dfsdm
2025-08-07 01:42:37,419 [INFO] IPUIPlugin:80 - create IPUIPlugin
2025-08-07 01:42:37,420 [INFO] PluginManager:220 - loadIPPluginJar : add dma
2025-08-07 01:42:37,422 [INFO] IPUIPlugin:80 - create IPUIPlugin
2025-08-07 01:42:37,422 [INFO] PluginManager:220 - loadIPPluginJar : add dma3
2025-08-07 01:42:37,425 [INFO] IPUIPlugin:80 - create IPUIPlugin
2025-08-07 01:42:37,425 [INFO] PluginManager:220 - loadIPPluginJar : add extmemmanager
2025-08-07 01:42:37,427 [INFO] IPUIPlugin:80 - create IPUIPlugin
2025-08-07 01:42:37,427 [INFO] PluginManager:220 - loadIPPluginJar : add fatfs
2025-08-07 01:42:37,433 [INFO] IPUIPlugin:80 - create IPUIPlugin
2025-08-07 01:42:37,433 [INFO] PluginManager:220 - loadIPPluginJar : add fmc
2025-08-07 01:42:37,439 [INFO] IPUIPlugin:80 - create IPUIPlugin
2025-08-07 01:42:37,440 [INFO] PluginManager:220 - loadIPPluginJar : add freertos
2025-08-07 01:42:37,442 [INFO] IPUIPlugin:80 - create IPUIPlugin
2025-08-07 01:42:37,442 [INFO] PluginManager:220 - loadIPPluginJar : add genericplugin
2025-08-07 01:42:37,444 [INFO] IPUIPlugin:80 - create IPUIPlugin
2025-08-07 01:42:37,444 [INFO] PluginManager:220 - loadIPPluginJar : add gfxmmu
2025-08-07 01:42:37,451 [INFO] IPUIPlugin:80 - create IPUIPlugin
2025-08-07 01:42:37,451 [INFO] PluginManager:220 - loadIPPluginJar : add gic
2025-08-07 01:42:37,455 [INFO] IPUIPlugin:80 - create IPUIPlugin
2025-08-07 01:42:37,455 [INFO] PluginManager:220 - loadIPPluginJar : add gpio
2025-08-07 01:42:37,459 [INFO] IPUIPlugin:80 - create IPUIPlugin
2025-08-07 01:42:37,459 [INFO] PluginManager:220 - loadIPPluginJar : add gtzc
2025-08-07 01:42:37,465 [INFO] IPUIPlugin:80 - create IPUIPlugin
2025-08-07 01:42:37,465 [INFO] PluginManager:220 - loadIPPluginJar : add hash
2025-08-07 01:42:37,468 [INFO] IPUIPlugin:80 - create IPUIPlugin
2025-08-07 01:42:37,468 [INFO] PluginManager:220 - loadIPPluginJar : add i2c
2025-08-07 01:42:37,471 [INFO] IPUIPlugin:80 - create IPUIPlugin
2025-08-07 01:42:37,472 [INFO] PluginManager:220 - loadIPPluginJar : add i2s
2025-08-07 01:42:37,475 [INFO] IPUIPlugin:80 - create IPUIPlugin
2025-08-07 01:42:37,476 [INFO] PluginManager:220 - loadIPPluginJar : add i3c
2025-08-07 01:42:37,480 [INFO] IPUIPlugin:80 - create IPUIPlugin
2025-08-07 01:42:37,481 [INFO] PluginManager:220 - loadIPPluginJar : add ipddr
2025-08-07 01:42:37,486 [INFO] IPUIPlugin:80 - create IPUIPlugin
2025-08-07 01:42:37,486 [INFO] PluginManager:220 - loadIPPluginJar : add linkedlist
2025-08-07 01:42:37,490 [INFO] IPUIPlugin:80 - create IPUIPlugin
2025-08-07 01:42:37,491 [INFO] PluginManager:220 - loadIPPluginJar : add lorawan
2025-08-07 01:42:37,493 [INFO] IPUIPlugin:80 - create IPUIPlugin
2025-08-07 01:42:37,493 [INFO] PluginManager:220 - loadIPPluginJar : add ltdc
2025-08-07 01:42:37,501 [INFO] IPUIPlugin:80 - create IPUIPlugin
2025-08-07 01:42:37,501 [INFO] PluginManager:220 - loadIPPluginJar : add mdma
2025-08-07 01:42:37,505 [INFO] IPUIPlugin:80 - create IPUIPlugin
2025-08-07 01:42:37,505 [INFO] PluginManager:220 - loadIPPluginJar : add nvic
2025-08-07 01:42:37,509 [INFO] IPUIPlugin:80 - create IPUIPlugin
2025-08-07 01:42:37,509 [INFO] PluginManager:220 - loadIPPluginJar : add opamp
2025-08-07 01:42:37,512 [INFO] IPUIPlugin:80 - create IPUIPlugin
2025-08-07 01:42:37,512 [INFO] PluginManager:220 - loadIPPluginJar : add openamp
2025-08-07 01:42:37,516 [INFO] IPUIPlugin:80 - create IPUIPlugin
2025-08-07 01:42:37,516 [INFO] PluginManager:220 - loadIPPluginJar : add pdm2pcm
2025-08-07 01:42:37,522 [INFO] IPUIPlugin:80 - create IPUIPlugin
2025-08-07 01:42:37,525 [INFO] PluginManager:220 - loadIPPluginJar : add plateformsettings
2025-08-07 01:42:37,528 [INFO] IPUIPlugin:80 - create IPUIPlugin
2025-08-07 01:42:37,528 [INFO] PluginManager:220 - loadIPPluginJar : add quadspi
2025-08-07 01:42:37,531 [INFO] IPUIPlugin:80 - create IPUIPlugin
2025-08-07 01:42:37,532 [INFO] PluginManager:220 - loadIPPluginJar : add radio
2025-08-07 01:42:37,536 [INFO] IPUIPlugin:80 - create IPUIPlugin
2025-08-07 01:42:37,536 [INFO] PluginManager:220 - loadIPPluginJar : add resmgrutility
2025-08-07 01:42:37,541 [INFO] IPUIPlugin:80 - create IPUIPlugin
2025-08-07 01:42:37,541 [INFO] PluginManager:220 - loadIPPluginJar : add sai
2025-08-07 01:42:37,544 [INFO] IPUIPlugin:80 - create IPUIPlugin
2025-08-07 01:42:37,545 [INFO] PluginManager:220 - loadIPPluginJar : add spi
2025-08-07 01:42:37,551 [INFO] IPUIPlugin:80 - create IPUIPlugin
2025-08-07 01:42:37,551 [INFO] PluginManager:220 - loadIPPluginJar : add stm32_wpan
2025-08-07 01:42:37,553 [INFO] IPUIPlugin:80 - create IPUIPlugin
2025-08-07 01:42:37,553 [INFO] PluginManager:220 - loadIPPluginJar : add tim
2025-08-07 01:42:37,556 [INFO] IPUIPlugin:80 - create IPUIPlugin
2025-08-07 01:42:37,556 [INFO] PluginManager:220 - loadIPPluginJar : add touchsensing
2025-08-07 01:42:37,560 [INFO] IPUIPlugin:80 - create IPUIPlugin
2025-08-07 01:42:37,560 [INFO] PluginManager:220 - loadIPPluginJar : add tracer_emb
2025-08-07 01:42:37,564 [INFO] IPUIPlugin:80 - create IPUIPlugin
2025-08-07 01:42:37,564 [INFO] PluginManager:220 - loadIPPluginJar : add ts
2025-08-07 01:42:37,566 [INFO] IPUIPlugin:80 - create IPUIPlugin
2025-08-07 01:42:37,566 [INFO] PluginManager:220 - loadIPPluginJar : add tsc
2025-08-07 01:42:37,569 [INFO] IPUIPlugin:80 - create IPUIPlugin
2025-08-07 01:42:37,570 [INFO] PluginManager:220 - loadIPPluginJar : add ucpd
2025-08-07 01:42:37,573 [INFO] IPUIPlugin:80 - create IPUIPlugin
2025-08-07 01:42:37,573 [INFO] PluginManager:220 - loadIPPluginJar : add usart
2025-08-07 01:42:37,579 [INFO] IPUIPlugin:80 - create IPUIPlugin
2025-08-07 01:42:37,579 [INFO] PluginManager:220 - loadIPPluginJar : add usbx
2025-08-07 01:42:37,715 [FATAL] Updater:351 - Updater called before beeing initialized
2025-08-07 01:42:37,745 [INFO] RulesReader:64 - Compatibility file has been processed (317 Rules)
2025-08-07 01:42:37,754 [INFO] RulesReader:64 - Compatibility file has been processed (317 Rules)
2025-08-07 01:42:37,763 [INFO] CADModel:165 - CPN selected for project level
2025-08-07 01:42:37,763 [INFO] CADModel:114 - Register for checkConnection events
2025-08-07 01:42:37,763 [FATAL] Updater:351 - Updater called before beeing initialized
2025-08-07 01:42:37,763 [ERROR] CADModel:125 - Updater not yet initialized, retry later 
2025-08-07 01:42:37,912 [FATAL] Updater:351 - Updater called before beeing initialized
2025-08-07 01:42:37,914 [INFO] CADModel:165 - CPN selected for project level
2025-08-07 01:42:37,915 [INFO] CADModel:114 - Register for checkConnection events
2025-08-07 01:42:37,915 [FATAL] Updater:351 - Updater called before beeing initialized
2025-08-07 01:42:37,915 [ERROR] CADModel:125 - Updater not yet initialized, retry later 
2025-08-07 01:42:37,918 [FATAL] Updater:351 - Updater called before beeing initialized
2025-08-07 01:42:38,036 [FATAL] Updater:351 - Updater called before beeing initialized
2025-08-07 01:42:38,040 [INFO] DbMcusAds:53 - JSON generation date=Tue Jul 08 10:14:27 CEST 2025 (1751962467633)
2025-08-07 01:42:38,041 [FATAL] Updater:351 - Updater called before beeing initialized
2025-08-07 01:42:38,077 [WARN] DetailPanel:346 - Failed to get advertising image, set to default
2025-08-07 01:42:38,161 [FATAL] Updater:351 - Updater called before beeing initialized
2025-08-07 01:42:38,164 [FATAL] Updater:351 - Updater called before beeing initialized
2025-08-07 01:42:38,165 [FATAL] Updater:351 - Updater called before beeing initialized
2025-08-07 01:42:38,165 [WARN] DetailPanel:346 - Failed to get advertising image, set to default
2025-08-07 01:42:38,166 [FATAL] Updater:351 - Updater called before beeing initialized
2025-08-07 01:42:38,209 [ERROR] Updater:1198 - MainUpdater not yet initialized. External WinMGr cannot be set.
2025-08-07 01:42:38,211 [INFO] Updater:1134 - Updater Version found : 6.15.0
2025-08-07 01:42:38,226 [INFO] ApplicationProperties:184 - Using Application install path: C:\ST\STM32CubeIDE_1.19.0\STM32CubeIDE\plugins\com.st.stm32cube.common.mx_6.15.0.202507011659
2025-08-07 01:42:39,824 [INFO] ThirdPartyUpdaterWithRetryManager:70 - Updater plugin not ready yet. [2/15]
2025-08-07 01:42:39,831 [ERROR] LogOutputStream:75 - [STDERR_REDIRECT] Aug 07, 2025 1:42:39 AM java.util.prefs.WindowsPreferences <init>
2025-08-07 01:42:39,833 [ERROR] LogOutputStream:75 - [STDERR_REDIRECT] WARNING: Could not open/create prefs root node Software\JavaSoft\Prefs at root 0xffffffff80000002. Windows RegCreateKeyEx(...) returned error code 5.
2025-08-07 01:42:39,833 [ERROR] LogOutputStream:75 - [STDERR_REDIRECT] 
2025-08-07 01:42:40,445 [INFO] MainUpdater:2872 - connection check result : 10
2025-08-07 01:42:40,446 [INFO] MainUpdater:3604 - Updater definition file requires update
2025-08-07 01:42:40,447 [INFO] MainUpdater:289 - Updater Check For Update Now.
2025-08-07 01:42:40,447 [INFO] MicroXplorer:498 - Change Database Version : DB.6.0.150
2025-08-07 01:42:40,453 [INFO] McuFinderGlobals:63 - Set McuFinder mode to 2 (CubeIDE integrated)
2025-08-07 01:42:40,454 [INFO] UserAuth:487 - Internet connection configuration mode: 1
2025-08-07 01:42:40,473 [INFO] JxBrowserEngine:152 - Initiate JxBrowser Engine with user profile folder
2025-08-07 01:42:40,793 [INFO] ServerAccessManage:452 - Complete download http(s) 200
2025-08-07 01:42:40,795 [INFO] ServerAccessManage:509 - Download File updaters.zip
2025-08-07 01:42:40,997 [INFO] FileExtend:248 - Unzip File : updaters.zip
2025-08-07 01:42:40,997 [INFO] FileExtend:263 - Standard Zip Deflate
2025-08-07 01:42:41,624 [INFO] ServerAccessManage:452 - Complete download http(s) 200
2025-08-07 01:42:41,625 [INFO] ServerAccessManage:509 - Download File PacksControlFlags.xml
2025-08-07 01:42:41,812 [INFO] ServerAccessManage:452 - Complete download http(s) 200
2025-08-07 01:42:41,813 [INFO] ServerAccessManage:509 - Download File cubemx.pidx
2025-08-07 01:42:42,066 [INFO] WebApp:169 - Instantiating new browser for Auth
2025-08-07 01:42:42,497 [INFO] ServerAccessManage:452 - Complete download http(s) 200
2025-08-07 01:42:42,497 [INFO] ServerAccessManage:509 - Download File STMicroelectronics.X-CUBE-AI.pdsc
2025-08-07 01:42:42,829 [WARN] MainUpdater:1193 - Updater busy. Cannot search thirdparties
2025-08-07 01:42:42,830 [INFO] ThirdPartyUpdaterWithRetryManager:96 - Updater plugin is busy. [1/15]
2025-08-07 01:42:42,958 [INFO] WebApp:463 - Apply proxy settings
2025-08-07 01:42:42,958 [INFO] WebApp:548 - Chromium requires no authentication
2025-08-07 01:42:42,966 [INFO] WebApp:491 - Direct internet connection detected
2025-08-07 01:42:42,992 [INFO] WebApp:900 - Register for checkConnection events
2025-08-07 01:42:42,992 [INFO] WebApp:463 - Apply proxy settings
2025-08-07 01:42:42,993 [INFO] WebApp:548 - Chromium requires no authentication
2025-08-07 01:42:42,993 [INFO] WebApp:491 - Direct internet connection detected
2025-08-07 01:42:43,171 [INFO] WebApp:225 - Starting web application
2025-08-07 01:42:43,171 [INFO] WebApp:593 - Web application path used C:\ST\STM32CubeIDE_1.19.0\STM32CubeIDE\plugins\com.st.stm32cube.common.mx_6.15.0.202507011659\db\plugins\mcufinder\reactClient1\index.html
2025-08-07 01:42:43,338 [INFO] WebApp:191 - Connection restablished
2025-08-07 01:42:43,384 [INFO] UserAuth:487 - Internet connection configuration mode: 1
2025-08-07 01:42:44,483 [ERROR] LogOutputStream:75 - [STDERR_REDIRECT] [Fatal Error] :1:1: Premature end of file.
2025-08-07 01:42:44,483 [ERROR] LogOutputStream:75 - [STDERR_REDIRECT] 
2025-08-07 01:42:45,456 [ERROR] LogOutputStream:75 - [STDERR_REDIRECT] [Fatal Error] :1:1: Premature end of file.
2025-08-07 01:42:45,457 [ERROR] LogOutputStream:75 - [STDERR_REDIRECT] 
2025-08-07 01:42:45,840 [WARN] MainUpdater:1193 - Updater busy. Cannot search thirdparties
2025-08-07 01:42:45,840 [INFO] ThirdPartyUpdaterWithRetryManager:96 - Updater plugin is busy. [2/15]
2025-08-07 01:42:46,482 [ERROR] LogOutputStream:75 - [STDERR_REDIRECT] [Fatal Error] :1:1: Premature end of file.
2025-08-07 01:42:46,482 [ERROR] LogOutputStream:75 - [STDERR_REDIRECT] 
2025-08-07 01:42:47,045 [WARN] PackLoader:240 - Cannot read IP mode file for STMicroelectronics.X-CUBE-AI.10.2.0
2025-08-07 01:42:47,048 [INFO] PopulateThirdPartyThread:66 - Ending populate Thread
2025-08-07 01:42:47,049 [INFO] ThirdParty:1030 - CMSIS Pack Vendor :STMicroelectronics X-CUBE-AI 10.2.0
2025-08-07 01:42:47,050 [INFO] LoadServerUpdatesThread:375 - End of LoadServerUpdate Thread
2025-08-07 01:42:47,173 [INFO] CheckServerUpdateThread:120 - End of CheckServer Thread
2025-08-07 01:42:47,351 [INFO] MainUpdater:2872 - connection check result : 10
2025-08-07 01:42:47,355 [INFO] McuFinderGlobals:76 - Set McuFinderConnectedMode to true
2025-08-07 01:42:47,550 [ERROR] LogOutputStream:75 - [STDERR_REDIRECT] [Fatal Error] :1:1: Premature end of file.
2025-08-07 01:42:47,550 [ERROR] LogOutputStream:75 - [STDERR_REDIRECT] 
2025-08-07 01:42:47,698 [INFO] ServerAccessManage:452 - Complete download http(s) 200
2025-08-07 01:42:47,699 [INFO] ServerAccessManage:509 - Download File mcusAds.json._tmp_
2025-08-07 01:42:47,812 [INFO] LoadUrlFilesThread:156 - End of LoadUrlFiles Thread
2025-08-07 01:42:48,145 [INFO] ServerAccessManage:452 - Complete download http(s) 200
2025-08-07 01:42:48,145 [INFO] ServerAccessManage:509 - Download File cube-finder-db.zip
2025-08-07 01:42:48,464 [ERROR] LogOutputStream:75 - [STDERR_REDIRECT] [Fatal Error] :1:1: Premature end of file.
2025-08-07 01:42:48,464 [ERROR] LogOutputStream:75 - [STDERR_REDIRECT] 
2025-08-07 01:42:48,840 [WARN] MainUpdater:1193 - Updater busy. Cannot search thirdparties
2025-08-07 01:42:48,840 [INFO] ThirdPartyUpdaterWithRetryManager:96 - Updater plugin is busy. [3/15]
2025-08-07 01:42:49,459 [ERROR] LogOutputStream:75 - [STDERR_REDIRECT] [Fatal Error] :1:1: Premature end of file.
2025-08-07 01:42:49,459 [ERROR] LogOutputStream:75 - [STDERR_REDIRECT] 
2025-08-07 01:42:50,458 [ERROR] LogOutputStream:75 - [STDERR_REDIRECT] [Fatal Error] :1:1: Premature end of file.
2025-08-07 01:42:50,458 [ERROR] LogOutputStream:75 - [STDERR_REDIRECT] 
2025-08-07 01:42:51,456 [ERROR] LogOutputStream:75 - [STDERR_REDIRECT] [Fatal Error] :1:1: Premature end of file.
2025-08-07 01:42:51,456 [ERROR] LogOutputStream:75 - [STDERR_REDIRECT] 
2025-08-07 01:42:51,842 [WARN] MainUpdater:1193 - Updater busy. Cannot search thirdparties
2025-08-07 01:42:51,842 [INFO] ThirdPartyUpdaterWithRetryManager:96 - Updater plugin is busy. [4/15]
2025-08-07 01:42:52,538 [ERROR] LogOutputStream:75 - [STDERR_REDIRECT] [Fatal Error] :1:1: Premature end of file.
2025-08-07 01:42:52,539 [ERROR] LogOutputStream:75 - [STDERR_REDIRECT] 
2025-08-07 01:42:53,455 [ERROR] LogOutputStream:75 - [STDERR_REDIRECT] [Fatal Error] :1:1: Premature end of file.
2025-08-07 01:42:53,455 [ERROR] LogOutputStream:75 - [STDERR_REDIRECT] 
2025-08-07 01:42:54,456 [ERROR] LogOutputStream:75 - [STDERR_REDIRECT] [Fatal Error] :1:1: Premature end of file.
2025-08-07 01:42:54,456 [ERROR] LogOutputStream:75 - [STDERR_REDIRECT] 
2025-08-07 01:42:54,844 [WARN] MainUpdater:1193 - Updater busy. Cannot search thirdparties
2025-08-07 01:42:54,844 [INFO] ThirdPartyUpdaterWithRetryManager:96 - Updater plugin is busy. [5/15]
2025-08-07 01:42:55,456 [ERROR] LogOutputStream:75 - [STDERR_REDIRECT] [Fatal Error] :1:1: Premature end of file.
2025-08-07 01:42:55,456 [ERROR] LogOutputStream:75 - [STDERR_REDIRECT] 
2025-08-07 01:42:56,455 [ERROR] LogOutputStream:75 - [STDERR_REDIRECT] [Fatal Error] :1:1: Premature end of file.
2025-08-07 01:42:56,455 [ERROR] LogOutputStream:75 - [STDERR_REDIRECT] 
2025-08-07 01:42:57,456 [ERROR] LogOutputStream:75 - [STDERR_REDIRECT] [Fatal Error] :1:1: Premature end of file.
2025-08-07 01:42:57,456 [ERROR] LogOutputStream:75 - [STDERR_REDIRECT] 
2025-08-07 01:42:57,845 [WARN] MainUpdater:1193 - Updater busy. Cannot search thirdparties
2025-08-07 01:42:57,845 [INFO] ThirdPartyUpdaterWithRetryManager:96 - Updater plugin is busy. [6/15]
2025-08-07 01:42:58,456 [ERROR] LogOutputStream:75 - [STDERR_REDIRECT] [Fatal Error] :1:1: Premature end of file.
2025-08-07 01:42:58,456 [ERROR] LogOutputStream:75 - [STDERR_REDIRECT] 
2025-08-07 01:42:59,455 [ERROR] LogOutputStream:75 - [STDERR_REDIRECT] [Fatal Error] :1:1: Premature end of file.
2025-08-07 01:42:59,455 [ERROR] LogOutputStream:75 - [STDERR_REDIRECT] 
2025-08-07 01:43:00,456 [ERROR] LogOutputStream:75 - [STDERR_REDIRECT] [Fatal Error] :1:1: Premature end of file.
2025-08-07 01:43:00,456 [ERROR] LogOutputStream:75 - [STDERR_REDIRECT] 
2025-08-07 01:43:00,846 [WARN] MainUpdater:1193 - Updater busy. Cannot search thirdparties
2025-08-07 01:43:00,846 [INFO] ThirdPartyUpdaterWithRetryManager:96 - Updater plugin is busy. [7/15]
2025-08-07 01:43:01,456 [ERROR] LogOutputStream:75 - [STDERR_REDIRECT] [Fatal Error] :1:1: Premature end of file.
2025-08-07 01:43:01,456 [ERROR] LogOutputStream:75 - [STDERR_REDIRECT] 
2025-08-07 01:43:02,455 [ERROR] LogOutputStream:75 - [STDERR_REDIRECT] [Fatal Error] :1:1: Premature end of file.
2025-08-07 01:43:02,455 [ERROR] LogOutputStream:75 - [STDERR_REDIRECT] 
2025-08-07 01:43:03,455 [ERROR] LogOutputStream:75 - [STDERR_REDIRECT] [Fatal Error] :1:1: Premature end of file.
2025-08-07 01:43:03,455 [ERROR] LogOutputStream:75 - [STDERR_REDIRECT] 
2025-08-07 01:43:03,847 [WARN] MainUpdater:1193 - Updater busy. Cannot search thirdparties
2025-08-07 01:43:03,847 [INFO] ThirdPartyUpdaterWithRetryManager:96 - Updater plugin is busy. [8/15]
2025-08-07 01:43:04,456 [ERROR] LogOutputStream:75 - [STDERR_REDIRECT] [Fatal Error] :1:1: Premature end of file.
2025-08-07 01:43:04,456 [ERROR] LogOutputStream:75 - [STDERR_REDIRECT] 
2025-08-07 01:43:05,456 [ERROR] LogOutputStream:75 - [STDERR_REDIRECT] [Fatal Error] :1:1: Premature end of file.
2025-08-07 01:43:05,456 [ERROR] LogOutputStream:75 - [STDERR_REDIRECT] 
2025-08-07 01:43:06,454 [ERROR] LogOutputStream:75 - [STDERR_REDIRECT] [Fatal Error] :1:1: Premature end of file.
2025-08-07 01:43:06,455 [ERROR] LogOutputStream:75 - [STDERR_REDIRECT] 
2025-08-07 01:43:06,848 [WARN] MainUpdater:1193 - Updater busy. Cannot search thirdparties
2025-08-07 01:43:06,848 [INFO] ThirdPartyUpdaterWithRetryManager:96 - Updater plugin is busy. [9/15]
2025-08-07 01:43:07,455 [ERROR] LogOutputStream:75 - [STDERR_REDIRECT] [Fatal Error] :1:1: Premature end of file.
2025-08-07 01:43:07,455 [ERROR] LogOutputStream:75 - [STDERR_REDIRECT] 
2025-08-07 01:43:08,459 [ERROR] LogOutputStream:75 - [STDERR_REDIRECT] [Fatal Error] :1:1: Premature end of file.
2025-08-07 01:43:08,459 [ERROR] LogOutputStream:75 - [STDERR_REDIRECT] 
2025-08-07 01:43:09,459 [ERROR] LogOutputStream:75 - [STDERR_REDIRECT] [Fatal Error] :1:1: Premature end of file.
2025-08-07 01:43:09,459 [ERROR] LogOutputStream:75 - [STDERR_REDIRECT] 
2025-08-07 01:43:09,848 [WARN] MainUpdater:1193 - Updater busy. Cannot search thirdparties
2025-08-07 01:43:09,848 [INFO] ThirdPartyUpdaterWithRetryManager:96 - Updater plugin is busy. [10/15]
2025-08-07 01:43:10,456 [ERROR] LogOutputStream:75 - [STDERR_REDIRECT] [Fatal Error] :1:1: Premature end of file.
2025-08-07 01:43:10,456 [ERROR] LogOutputStream:75 - [STDERR_REDIRECT] 
2025-08-07 01:43:11,455 [ERROR] LogOutputStream:75 - [STDERR_REDIRECT] [Fatal Error] :1:1: Premature end of file.
2025-08-07 01:43:11,456 [ERROR] LogOutputStream:75 - [STDERR_REDIRECT] 
2025-08-07 01:43:12,456 [ERROR] LogOutputStream:75 - [STDERR_REDIRECT] [Fatal Error] :1:1: Premature end of file.
2025-08-07 01:43:12,456 [ERROR] LogOutputStream:75 - [STDERR_REDIRECT] 
2025-08-07 01:43:12,700 [INFO] FileExtend:248 - Unzip File : cube-finder-db.zip
2025-08-07 01:43:12,700 [INFO] FileExtend:263 - Standard Zip Deflate
2025-08-07 01:43:12,850 [WARN] MainUpdater:1193 - Updater busy. Cannot search thirdparties
2025-08-07 01:43:12,850 [INFO] ThirdPartyUpdaterWithRetryManager:96 - Updater plugin is busy. [11/15]
2025-08-07 01:43:13,421 [INFO] LoadUrlFilesThread:156 - End of LoadUrlFiles Thread
2025-08-07 01:43:13,484 [ERROR] LogOutputStream:75 - [STDERR_REDIRECT] [Fatal Error] :1:1: Premature end of file.
2025-08-07 01:43:13,485 [ERROR] LogOutputStream:75 - [STDERR_REDIRECT] 
2025-08-07 01:43:13,888 [INFO] ServerAccessManage:452 - Complete download http(s) 200
2025-08-07 01:43:13,889 [INFO] ServerAccessManage:509 - Download File crdb.zip
2025-08-07 01:43:14,455 [ERROR] LogOutputStream:75 - [STDERR_REDIRECT] [Fatal Error] :1:1: Premature end of file.
2025-08-07 01:43:14,455 [ERROR] LogOutputStream:75 - [STDERR_REDIRECT] 
2025-08-07 01:43:14,863 [INFO] FileExtend:248 - Unzip File : crdb.zip
2025-08-07 01:43:14,864 [INFO] FileExtend:263 - Standard Zip Deflate
2025-08-07 01:43:14,986 [INFO] LoadUrlFilesThread:156 - End of LoadUrlFiles Thread
2025-08-07 01:43:15,328 [INFO] ServerAccessManage:452 - Complete download http(s) 200
2025-08-07 01:43:15,330 [INFO] ServerAccessManage:509 - Download File tutoVideoDB.zip
2025-08-07 01:43:15,348 [INFO] FileExtend:248 - Unzip File : tutoVideoDB.zip
2025-08-07 01:43:15,348 [INFO] FileExtend:263 - Standard Zip Deflate
2025-08-07 01:43:15,458 [ERROR] LogOutputStream:75 - [STDERR_REDIRECT] [Fatal Error] :1:1: Premature end of file.
2025-08-07 01:43:15,458 [ERROR] LogOutputStream:75 - [STDERR_REDIRECT] 
2025-08-07 01:43:15,459 [INFO] LoadUrlFilesThread:156 - End of LoadUrlFiles Thread
2025-08-07 01:43:15,463 [WARN] DbFile:41 - Overriding database path with different value: C:\Users\SNYDE\.stmcufinder\plugins\mcufinder/ => C:\Users\SNYDE\.stmcufinder\plugins\mcufinder
2025-08-07 01:43:15,739 [INFO] ServerAccessManage:452 - Complete download http(s) 200
2025-08-07 01:43:15,740 [INFO] ServerAccessManage:509 - Download File api_config.json
2025-08-07 01:43:15,851 [WARN] MainUpdater:1193 - Updater busy. Cannot search thirdparties
2025-08-07 01:43:15,851 [INFO] ThirdPartyUpdaterWithRetryManager:96 - Updater plugin is busy. [12/15]
2025-08-07 01:43:15,852 [INFO] LoadUrlFilesThread:156 - End of LoadUrlFiles Thread
2025-08-07 01:43:15,855 [INFO] DbMcusAds:53 - JSON generation date=Tue Jul 08 10:14:23 CEST 2025 (1751962463593)
2025-08-07 01:43:15,878 [INFO] LoadUrlFilesThread:185 - End of LoadServerUrlFiles without Thread
2025-08-07 01:43:15,878 [INFO] TargetSelectorAdapter:259 - Refresh data is successful
2025-08-07 01:43:16,017 [INFO] ApiDb:581 - Connected to CubeFinder SQLite database (C:\Users\SNYDE\.stmcufinder\plugins\mcufinder\mcu\cube-finder-db.db)
2025-08-07 01:43:16,095 [INFO] ApiDb:668 - CubeFinder database Data Model version=2.1
2025-08-07 01:43:16,095 [INFO] ApiDb:669 - CubeFinder database Configuration version=3.0.39
2025-08-07 01:43:16,096 [INFO] ApiDb:670 - CubeFinder database generation date=2025-07-24 (1753349077)
2025-08-07 01:43:16,096 [INFO] ApiDb:671 - CubeFinder database FW Pack versions=[FP-ATR-ASTRA1_V2.0.0, FP-SNS-FLIGHT1_V5.1.0, FP-SNS-MOTENV1_V5.0.0, FP-SNS-MOTENVWB1_V1.4.0, FP-SNS-SMARTAG2_V1.2.0, FP-SNS-STBOX1_V2.0.0, STM32Cube_FW_C0_V1.4.0, STM32Cube_FW_F4_V1.28.2, STM32Cube_FW_F7_V1.17.3, STM32Cube_FW_G0_V1.6.2, STM32Cube_FW_G4_V1.6.1, STM32Cube_FW_H5_V1.5.0, STM32Cube_FW_H7RS_V1.2.0, STM32Cube_FW_H7_V1.12.1, STM32Cube_FW_L0_V1.12.2, STM32Cube_FW_L4_V1.18.1, STM32Cube_FW_L5_V1.5.1, STM32Cube_FW_N6_V1.2.0, STM32Cube_FW_U0_V1.3.0, STM32Cube_FW_U3_V1.2.0, STM32Cube_FW_U5_V1.8.0, STM32Cube_FW_WB0_V1.3.0, STM32Cube_FW_WBA_V1.7.0, STM32Cube_FW_WB_V1.23.0, STM32Cube_FW_WL3_V1.2.0, STM32Cube_FW_WL_V1.3.1, X-CUBE-ALGOBUILD_V1.4.0, X-CUBE-ALS_V1.0.2, X-CUBE-AZRTOS-F4_V1.1.0, X-CUBE-AZRTOS-F7_V1.1.0, X-CUBE-AZRTOS-G0_V1.1.0, X-CUBE-AZRTOS-G4_V2.0.0, X-CUBE-AZRTOS-H7RS_V1.1.0, X-CUBE-AZRTOS-H7_V3.4.0, X-CUBE-AZRTOS-L4_V2.0.0, X-CUBE-AZRTOS-L5_V2.0.0, X-CUBE-AZRTOS-WB_V2.0.0, X-CUBE-AZRTOS-WL_V2.0.0, X-CUBE-BLE1_V7.1.0, X-CUBE-BLE2_V3.3.0, X-CUBE-BLEMGR_V4.1.0, X-CUBE-EEPRMA1_V5.2.0, X-CUBE-FREERTOS_V1.3.1, X-CUBE-GNSS1_V6.0.0, X-CUBE-MEMS1_V11.3.0, X-CUBE-NFC4_V3.0.0, X-CUBE-NFC7_V2.0.0, X-CUBE-SFXS2LP1_V4.0.0, X-CUBE-ST67W61_V1.0.0, X-CUBE-SUBG2_V5.0.0, X-CUBE-TOF1_V3.4.3]
2025-08-07 01:43:16,464 [ERROR] LogOutputStream:75 - [STDERR_REDIRECT] [Fatal Error] :1:1: Premature end of file.
2025-08-07 01:43:16,464 [ERROR] LogOutputStream:75 - [STDERR_REDIRECT] 
2025-08-07 01:43:17,461 [ERROR] LogOutputStream:75 - [STDERR_REDIRECT] [Fatal Error] :1:1: Premature end of file.
2025-08-07 01:43:17,461 [ERROR] LogOutputStream:75 - [STDERR_REDIRECT] 
2025-08-07 01:43:18,105 [INFO] ApiDb:240 - Found 880 in-development CPN: [B-G473E-ZEST1S, B-WB1M-WPAN1, B-WBA5M-WPAN, B-WL5M-SUBG1, NUCLEO-C031C6, NUCLEO-C051C8, NUCLEO-C071RB, NUCLEO-C092RC, NUCLEO-H503RB, NUCLEO-H533RE, NUCLEO-H563ZI, NUCLEO-H7S3L8, NUCLEO-N657X0-Q, NUCLEO-U031R8, NUCLEO-U083RC, NUCLEO-U385RG-Q, NUCLEO-U545RE-Q, NUCLEO-U5A5ZJ-Q, NUCLEO-WB05KZ, NUCLEO-WB07CC, NUCLEO-WB09KE, NUCLEO-WBA52CG, NUCLEO-WBA55CG, NUCLEO-WL33CC1, NUCLEO-WL33CC2, STEVAL-PROTEUS1, STEVAL-SMARTAG2, STEVAL-STWINBX1, STM320518-EVAL, STM32C0116-DK, STM32C011D6Y3TR, STM32C011D6Y6TR, STM32C011F4P3, STM32C011F4P6, STM32C011F4U3, STM32C011F4U6TR, STM32C011F6P3, STM32C011F6P6, STM32C011F6U3, STM32C011F6U6TR, STM32C011J4M3, STM32C011J4M6, STM32C011J6M3, STM32C011J6M6, STM32C0316-DK, STM32C031C4T3, STM32C031C4T6, STM32C031C4U3, STM32C031C4U6, STM32C031C6T3, STM32C031C6T6, STM32C031C6U3, STM32C031C6U6, STM32C031F4P3, STM32C031F4P6, STM32C031F6P3, STM32C031F6P6, STM32C031G4U3, STM32C031G4U6, STM32C031G6U3, STM32C031G6U6, STM32C031K4T3, STM32C031K4T6, STM32C031K4U3, STM32C031K4U6, STM32C031K6T3, STM32C031K6T6, STM32C031K6U3, STM32C031K6U6, STM32C051C6T6, STM32C051C6U6, STM32C051C8T6, STM32C051C8U6, STM32C051D8Y6TR, STM32C051F6P6, STM32C051F8P6, STM32C051G6U6, STM32C051G8U6, STM32C051K6T6, STM32C051K6U6, STM32C051K8T6, STM32C071C8T6, STM32C071C8T6N, STM32C071C8U6, STM32C071C8U6N, STM32C071CBT6, STM32C071CBT6N, STM32C071CBU6, STM32C071CBU6N, STM32C071F8P6, STM32C071F8P6N, STM32C071FBP6, STM32C071FBP6N, STM32C071FBY6TR, STM32C071G8U6, STM32C071G8U6N, STM32C071GBU6, STM32C071GBU6N, STM32C071K8T6, STM32C071K8T6N, STM32C071K8U6, STM32C071K8U6N, STM32C071KBT6, STM32C071KBT6N, STM32C071KBU6, STM32C071KBU6N, STM32C071R8T6, STM32C071R8T6N, STM32C071RBI6N, STM32C071RBT6, STM32C071RBT6N, STM32C091CBT6, STM32C091CBU6, STM32C091CCT6, STM32C091CCU6, STM32C091ECY6TR, STM32C091FBP6, STM32C091FCP6, STM32C091GBU6, STM32C091GCU6, STM32C091KBT6, STM32C091KBU6, STM32C091KCT6, STM32C091KCU6, STM32C091RBT6, STM32C091RCI6, STM32C091RCT6, STM32C092CBT6, STM32C092CBU6, STM32C092CCT6, STM32C092CCU6, STM32C092ECY6TR, STM32C092FBP6, STM32C092FCP6, STM32C092GBU6, STM32C092GCU6, STM32C092KBT6, STM32C092KBU6, STM32C092KCT6, STM32C092KCU6, STM32C092RBT6, STM32C092RCI6, STM32C092RCT6, STM32G071K8TXN, STM32G071K8UXN, STM32G081GBU6N, STM32G081KBT6N, STM32G081KBUXN, STM32G0B1CCT6N, STM32G0B1KCT6, STM32G0B1NEY6TR, STM32G0B1RCT6N, STM32G0C1CCT6, STM32G0C1CCT6N, STM32G0C1CCU6N, STM32G0C1CET6N, STM32G0C1CEU6N, STM32G0C1KCT6, STM32G0C1NEY6TR, STM32G0C1RCI6N, STM32G0C1RCT6N, STM32G0C1REI6N, STM32G0C1RET6N, STM32G0C1VCI6, STM32G0C1VEI6, STM32G411C6T3, STM32G411C6T6, STM32G411C6U3, STM32G411C6U6, STM32G411C8T3, STM32G411C8T6, STM32G411C8U3, STM32G411C8U6, STM32G411CBT3, STM32G411CBT6, STM32G411CBU3, STM32G411CBU6, STM32G411K6T3, STM32G411K6T6, STM32G411K6U3, STM32G411K6U6, STM32G411K8T3, STM32G411K8T6, STM32G411K8U3, STM32G411K8U6, STM32G411KBT3, STM32G411KBT6, STM32G411KBU3, STM32G411KBU6, STM32G411M6T3, STM32G411M6T6, STM32G411M8T3, STM32G411M8T6, STM32G411MBT3, STM32G411MBT6, STM32G411R6T3, STM32G411R6T6, STM32G411R8T3, STM32G411R8T6, STM32G411RBT3, STM32G411RBT6, STM32G414CBT3, STM32G414CBT6, STM32G414CBU3, STM32G414CBU6, STM32G414CCT3, STM32G414CCT6, STM32G414CCU3, STM32G414CCU6, STM32G414MBT3, STM32G414MBT6, STM32G414MCT3, STM32G414MCT6, STM32G414RBT3, STM32G414RBT6, STM32G414RCT3, STM32G414RCT6, STM32G414VBT3, STM32G414VBT6, STM32G414VCT3, STM32G414VCT6, STM32G431CBT3Z, STM32G431RBT3Z, STM32G471CCT6, STM32G471CCU6, STM32G471CET3, STM32G471CET6, STM32G471CEU3, STM32G471CEU6, STM32G471MCT6, STM32G471MET3, STM32G471MET6, STM32G471MEY6TR, STM32G471QCT6, STM32G471QET3, STM32G471RCT6, STM32G471RET3, STM32G471RET6, STM32G471VCH6, STM32G471VCI6, STM32G471VCT6, STM32G471VEH3, STM32G471VEH6, STM32G471VEI3, STM32G471VEI6, STM32G471VET3, STM32G471VET6, STM32G473QET3Z, STM32G473RET3Z, STM32G474CCT6, STM32G491RET3Z, STM32H503CBT6, STM32H503CBU6, STM32H503EBY6TR, STM32H503KBU6, STM32H503RBT6, STM32H523CCT6, STM32H523CCU6, STM32H523CET6, STM32H523CEU6, STM32H523HEY6TR, STM32H523RCT6, STM32H523RET6, STM32H523VCI6, STM32H523VCT6, STM32H523VEI6, STM32H523VET6, STM32H523ZCJ6, STM32H523ZCT6, STM32H523ZEJ6, STM32H523ZET6, STM32H533CET6, STM32H533CEU6, STM32H533HEY6TR, STM32H533RET6, STM32H533VEI6, STM32H533VET6, STM32H533ZEJ6, STM32H533ZET6, STM32H562AGI6, STM32H562AII6, STM32H562IGK6, STM32H562IGT6, STM32H562IIK6, STM32H562IIT6, STM32H562RGT6, STM32H562RGV6, STM32H562RIT6, STM32H562RIV6, STM32H562VGT6, STM32H562VIT6, STM32H562ZGT6, STM32H562ZIT6, STM32H563AGI6, STM32H563AII3Q, STM32H563AII6, STM32H563IGK6, STM32H563IGT6, STM32H563IIK3Q, STM32H563IIK6, STM32H563IIT3Q, STM32H563IIT6, STM32H563MIY3QTR, STM32H563RGT6, STM32H563RGV6, STM32H563RIT6, STM32H563RIV6, STM32H563VGT6, STM32H563VIT3Q, STM32H563VIT6, STM32H563ZGT6, STM32H563ZIT3Q, STM32H563ZIT6, STM32H573AII3Q, STM32H573AII6, STM32H573I-DK, STM32H573IIK3Q, STM32H573IIK6, STM32H573IIT3Q, STM32H573IIT6, STM32H573MIY3QTR, STM32H573RIT6, STM32H573RIV6, STM32H573VIT3Q, STM32H573VIT6, STM32H573ZIT3Q, STM32H573ZIT6, STM32H7R3A8I6, STM32H7R3I8K6, STM32H7R3I8T6, STM32H7R3L8H6, STM32H7R3L8H6H, STM32H7R3R8V6, STM32H7R3V8H6, STM32H7R3V8T6, STM32H7R3V8Y6TR, STM32H7R3Z8J6, STM32H7R3Z8T6, STM32H7R7A8I6, STM32H7R7I8K6, STM32H7R7I8T6, STM32H7R7L8H6, STM32H7R7L8H6H, STM32H7R7Z8J6, STM32H7S3A8I6, STM32H7S3I8K6, STM32H7S3I8T6, STM32H7S3L8H6, STM32H7S3L8H6H, STM32H7S3R8V6, STM32H7S3V8H6, STM32H7S3V8T6, STM32H7S3V8Y6TR, STM32H7S3Z8J6, STM32H7S3Z8T6, STM32H7S78-DK, STM32H7S7A8I6, STM32H7S7I8K6, STM32H7S7I8T6, STM32H7S7L8H6, STM32H7S7L8H6H, STM32H7S7Z8J6, STM32L4R5QGI6STR, STM32MP131AAE3, STM32MP131AAF3, STM32MP131AAG3, STM32MP131CAE3, STM32MP131CAF3, STM32MP131CAG3, STM32MP131DAE7, STM32MP131DAF7, STM32MP131DAG7, STM32MP131FAE7, STM32MP131FAF7, STM32MP131FAG7, STM32MP133AAE3, STM32MP133AAF3, STM32MP133AAG3, STM32MP133CAE3, STM32MP133CAF3, STM32MP133CAG3, STM32MP133DAE7, STM32MP133DAF7, STM32MP133DAG7, STM32MP133FAE7, STM32MP133FAF7, STM32MP133FAG7, STM32MP135AAE3, STM32MP135AAF3, STM32MP135AAG3, STM32MP135CAE3, STM32MP135CAF3, STM32MP135CAG3, STM32MP135DAE7, STM32MP135DAF7, STM32MP135DAG7, STM32MP135F-DK, STM32MP135FAE7, STM32MP135FAF7, STM32MP135FAF7T, STM32MP135FAF7U, STM32MP135FAG7, STM32MP211AAL3, STM32MP211AAM3, STM32MP211AAN3, STM32MP211AAO3, STM32MP211CAL3, STM32MP211CAM3, STM32MP211CAN3, STM32MP211CAO3, STM32MP211DAL3, STM32MP211DAM3, STM32MP211DAN3, STM32MP211DAO3, STM32MP211FAL3, STM32MP211FAM3, STM32MP211FAN3, STM32MP211FAO3, STM32MP213AAL3, STM32MP213AAM3, STM32MP213AAN3, STM32MP213AAO3, STM32MP213CAL3, STM32MP213CAM3, STM32MP213CAN3, STM32MP213CAO3, STM32MP213DAL3, STM32MP213DAM3, STM32MP213DAN3, STM32MP213DAO3, STM32MP213FAL3, STM32MP213FAM3, STM32MP213FAN3, STM32MP213FAO3, STM32MP215AAL3, STM32MP215AAM3, STM32MP215AAN3, STM32MP215AAO3, STM32MP215CAL3, STM32MP215CAM3, STM32MP215CAN3, STM32MP215CAO3, STM32MP215DAL3, STM32MP215DAM3, STM32MP215DAN3, STM32MP215DAO3, STM32MP215F-DK, STM32MP215FAL3, STM32MP215FAM3, STM32MP215FAN3, STM32MP215FAO3, STM32MP231AAJ3, STM32MP231AAK3, STM32MP231AAL3, STM32MP231CAJ3, STM32MP231CAK3, STM32MP231CAL3, STM32MP231DAJ3, STM32MP231DAK3, STM32MP231DAL3, STM32MP231FAJ3, STM32MP231FAK3, STM32MP231FAL3, STM32MP233AAJ3, STM32MP233AAK3, STM32MP233AAL3, STM32MP233CAJ3, STM32MP233CAK3, STM32MP233CAL3, STM32MP233DAJ3, STM32MP233DAK3, STM32MP233DAL3, STM32MP233FAJ3, STM32MP233FAK3, STM32MP233FAL3, STM32MP235AAJ3, STM32MP235AAK3, STM32MP235AAL3, STM32MP235CAJ3, STM32MP235CAK3, STM32MP235CAL3, STM32MP235DAJ3, STM32MP235DAK3, STM32MP235DAL3, STM32MP235FAJ3, STM32MP235FAK3, STM32MP235FAL3, STM32MP251AAI3, STM32MP251AAK3, STM32MP251AAL3, STM32MP251CAI3, STM32MP251CAK3, STM32MP251CAL3, STM32MP251DAI3, STM32MP251DAK3, STM32MP251DAL3, STM32MP251FAI3, STM32MP251FAK3, STM32MP251FAL3, STM32MP253AAI3, STM32MP253AAK3, STM32MP253AAL3, STM32MP253CAI3, STM32MP253CAK3, STM32MP253CAL3, STM32MP253DAI3, STM32MP253DAK3, STM32MP253DAL3, STM32MP253FAI3, STM32MP253FAK3, STM32MP253FAL3, STM32MP255AAI3, STM32MP255AAK3, STM32MP255AAL3, STM32MP255CAI3, STM32MP255CAK3, STM32MP255CAL3, STM32MP255DAI3, STM32MP255DAK3, STM32MP255DAL3, STM32MP255FAI3, STM32MP255FAK3, STM32MP255FAL3, STM32MP257AAI3, STM32MP257AAK3, STM32MP257AAL3, STM32MP257CAI3, STM32MP257CAK3, STM32MP257CAL3, STM32MP257DAI3, STM32MP257DAK3, STM32MP257DAL3, STM32MP257F-DK, STM32MP257F-EV1, STM32MP257FAI3, STM32MP257FAK3, STM32MP257FAL3, STM32N645A0H3Q, STM32N645B0H3Q, STM32N645I0H3Q, STM32N645L0H3Q, STM32N645X0H3Q, STM32N645Z0H3Q, STM32N647A0H3Q, STM32N647B0H3Q, STM32N647I0H3Q, STM32N647L0H3Q, STM32N647X0H3Q, STM32N647Z0H3Q, STM32N655A0H3Q, STM32N655B0H3Q, STM32N655I0H3Q, STM32N655L0H3Q, STM32N655X0H3Q, STM32N655Z0H3Q, STM32N6570-DK, STM32N657A0H3Q, STM32N657B0H3Q, STM32N657I0H3Q, STM32N657L0H3Q, STM32N657X0H3Q, STM32N657Z0H3Q, STM32U031C6T6, STM32U031C6U6, STM32U031C8T6, STM32U031C8U6, STM32U031F4P6, STM32U031F6P6, STM32U031F8P6, STM32U031G6Y6TR, STM32U031G8Y6TR, STM32U031K4U6, STM32U031K6U6, STM32U031K8U6, STM32U031R6I6, STM32U031R6T6, STM32U031R8I6, STM32U031R8T6, STM32U073C8T6, STM32U073C8U6, STM32U073CBT6, STM32U073CBU6, STM32U073CCT6, STM32U073CCU6, STM32U073H8Y6TR, STM32U073HBY6TR, STM32U073HCY6TR, STM32U073K8U6, STM32U073KBU6, STM32U073KCU6, STM32U073M8I6, STM32U073M8T6, STM32U073MBI6, STM32U073MBT6, STM32U073MCI6, STM32U073MCT6, STM32U073R8I6, STM32U073R8T6, STM32U073RBI6, STM32U073RBT6, STM32U073RCI6, STM32U073RCT6, STM32U083C-DK, STM32U083CCT6, STM32U083CCU6, STM32U083HCY6TR, STM32U083KCU6, STM32U083MCI6, STM32U083MCT6, STM32U083RCI6, STM32U083RCT6, STM32U375CET6, STM32U375CET6Q, STM32U375CEU6, STM32U375CEU6Q, STM32U375CEY6QTR, STM32U375CGT6, STM32U375CGT6Q, STM32U375CGU6, STM32U375CGU6Q, STM32U375CGY6QTR, STM32U375KEU6, STM32U375KGU6, STM32U375REI6, STM32U375REI6Q, STM32U375RET6, STM32U375RET6Q, STM32U375REY6GTR, STM32U375REY6QTR, STM32U375RGI6, STM32U375RGI6Q, STM32U375RGT6, STM32U375RGT6Q, STM32U375RGY6GTR, STM32U375RGY6QTR, STM32U375VEI6, STM32U375VEI6Q, STM32U375VET6, STM32U375VET6Q, STM32U375VGI6, STM32U375VGI6Q, STM32U375VGT6, STM32U375VGT6Q, STM32U385CGT6, STM32U385CGT6Q, STM32U385CGU6, STM32U385CGU6Q, STM32U385CGY6QTR, STM32U385KGU6, STM32U385RGI6, STM32U385RGI6Q, STM32U385RGT6, STM32U385RGT6Q, STM32U385RGY6GTR, STM32U385RGY6QTR, STM32U385VGI6, STM32U385VGI6Q, STM32U385VGT6, STM32U385VGT6Q, STM32U535CBT6, STM32U535CBT6Q, STM32U535CBU6, STM32U535CBU6Q, STM32U535CCT6, STM32U535CCT6Q, STM32U535CCU6, STM32U535CCU6Q, STM32U535CET6, STM32U535CET6Q, STM32U535CEU6, STM32U535CEU6Q, STM32U535JEY6QTR, STM32U535NCY6QTR, STM32U535NEY6QTR, STM32U535RBI6, STM32U535RBI6Q, STM32U535RBT6, STM32U535RBT6Q, STM32U535RCI6, STM32U535RCI6Q, STM32U535RCT6, STM32U535RCT6Q, STM32U535REI6, STM32U535REI6Q, STM32U535RET6, STM32U535RET6Q, STM32U535VCI6, STM32U535VCI6Q, STM32U535VCT6, STM32U535VCT6Q, STM32U535VEI6, STM32U535VEI6Q, STM32U535VET6, STM32U535VET6Q, STM32U545CET6, STM32U545CET6Q, STM32U545CEU6, STM32U545CEU6Q, STM32U545JEY6QTR, STM32U545NEY6QTR, STM32U545REI6, STM32U545REI6Q, STM32U545RET6, STM32U545RET6Q, STM32U545VEI6, STM32U545VEI6Q, STM32U545VET6, STM32U545VET6Q, STM32U595AIH6, STM32U595AIH6Q, STM32U595AJH6, STM32U595AJH6Q, STM32U595QII6, STM32U595QII6Q, STM32U595QJI6, STM32U595QJI6Q, STM32U595RIT6, STM32U595RIT6Q, STM32U595RJT6, STM32U595RJT6Q, STM32U595VIT6, STM32U595VIT6Q, STM32U595VJT6, STM32U595VJT6Q, STM32U595ZIT6, STM32U595ZIT6Q, STM32U595ZIY6QTR, STM32U595ZJT6, STM32U595ZJT6Q, STM32U595ZJY6QTR, STM32U599BJY6QTR, STM32U599NIH6Q, STM32U599NJH6Q, STM32U599VIT6Q, STM32U599VJT6, STM32U599VJT6Q, STM32U599ZIT6Q, STM32U599ZIY6QTR, STM32U599ZJT6Q, STM32U599ZJY6QTR, STM32U5A5AJH6, STM32U5A5AJH6Q, STM32U5A5QII3Q , STM32U5A5QJI6, STM32U5A5QJI6Q, STM32U5A5RJT6, STM32U5A5RJT6Q, STM32U5A5VJT6, STM32U5A5VJT6Q, STM32U5A5ZJT6, STM32U5A5ZJT6Q, STM32U5A5ZJY6QTR, STM32U5A9BJY6QTR, STM32U5A9J-DK, STM32U5A9NJH6Q, STM32U5A9VJT6Q, STM32U5A9ZJT6Q, STM32U5A9ZJY6QTR, STM32U5F7VIT6, STM32U5F7VIT6Q, STM32U5F7VJT6, STM32U5F7VJT6Q, STM32U5F9BJY6QTR, STM32U5F9NJH6Q, STM32U5F9VIT6Q, STM32U5F9VJT6Q, STM32U5F9ZIJ6QTR, STM32U5F9ZIT6Q, STM32U5F9ZJJ6QTR, STM32U5F9ZJT6Q, STM32U5G7VJT6, STM32U5G7VJT6Q, STM32U5G9BJY6QTR, STM32U5G9J-DK1, STM32U5G9J-DK2, STM32U5G9NJH6Q, STM32U5G9VJT6Q, STM32U5G9ZJJ6QTR, STM32U5G9ZJT6Q, STM32WB05KZV6TR, STM32WB05KZV7TR, STM32WB05TZF6TR, STM32WB05TZF7TR, STM32WB06CCF6TR, STM32WB06CCF7TR, STM32WB06CCV6TR, STM32WB06CCV7TR, STM32WB06KCV6TR, STM32WB06KCV7TR, STM32WB07CCF6TR, STM32WB07CCF7TR, STM32WB07CCV6TR, STM32WB07CCV7TR, STM32WB07KCV6TR, STM32WB07KCV7TR, STM32WB09KEV6TR, STM32WB09KEV7TR, STM32WB09TEF6TR, STM32WB09TEF7TR, STM32WB1MMCH6, STM32WBA50KGU6, STM32WBA50KGU6TR, STM32WBA52CEU6, STM32WBA52CEU6TR, STM32WBA52CEU7, STM32WBA52CEU7TR, STM32WBA52CGU6, STM32WBA52CGU6TR, STM32WBA52CGU6U, STM32WBA52CGU7, STM32WBA52CGU7TR, STM32WBA52KEU6, STM32WBA52KEU6TR, STM32WBA52KGU6, STM32WBA52KGU6TR, STM32WBA54CEU6, STM32WBA54CEU6TR, STM32WBA54CEU7, STM32WBA54CEU7TR, STM32WBA54CGU6, STM32WBA54CGU6TR, STM32WBA54CGU7, STM32WBA54CGU7TR, STM32WBA54KEU6, STM32WBA54KEU6TR, STM32WBA54KEU7, STM32WBA54KEU7TR, STM32WBA54KGU6, STM32WBA54KGU6TR, STM32WBA54KGU7, STM32WBA54KGU7TR, STM32WBA55CEU6, STM32WBA55CEU6TR, STM32WBA55CEU7, STM32WBA55CEU7TR, STM32WBA55CGU6, STM32WBA55CGU6TR, STM32WBA55CGU6U, STM32WBA55CGU7, STM32WBA55CGU7TR, STM32WBA55G-DK1, STM32WBA55HEF6, STM32WBA55HEF7, STM32WBA55HGF6, STM32WBA55HGF7, STM32WBA55UEI6, STM32WBA55UEI6TR, STM32WBA55UEI7, STM32WBA55UEI7TR, STM32WBA55UGI6, STM32WBA55UGI6TR, STM32WBA55UGI7, STM32WBA55UGI7TR, STM32WBA5MMGH6TR, STM32WBA62MGF6, STM32WBA62MIF6, STM32WBA65MGF7, STM32WBA65MIF6, STM32WBA65MIF7, STM32WL30K8V6, STM32WL30KBV6, STM32WL31C8V6, STM32WL31CBV6, STM32WL31K8V6, STM32WL31KBV6, STM32WL33C8V6, STM32WL33C8V6X, STM32WL33CBV6, STM32WL33CBV6X, STM32WL33CCV6, STM32WL33CCV6A, STM32WL33CCV6X, STM32WL33K8V7, STM32WL33K8V7X, STM32WL33KBV7 , STM32WL33KBV7X, STM32WL33KCV7, STM32WL33KCV7X, STM32WL5MOCH6, STM32WL5MOCH6TR]
2025-08-07 01:43:18,110 [INFO] DbMcus:218 - Found 4801 MCUs, 4801 are supported
2025-08-07 01:43:18,111 [INFO] ApiDb:423 - Load user favorites file C:\Users\SNYDE/.stm32cubeide/favorites.mcus.txt: 0 item(s)
2025-08-07 01:43:18,111 [INFO] ApiDb:427 - User favorites MCUs=[]
2025-08-07 01:43:18,111 [INFO] DbMcus:224 - Set 0 / 0 favorites MCUs
2025-08-07 01:43:18,463 [ERROR] LogOutputStream:75 - [STDERR_REDIRECT] [Fatal Error] :1:1: Premature end of file.
2025-08-07 01:43:18,464 [ERROR] LogOutputStream:75 - [STDERR_REDIRECT] 
2025-08-07 01:43:18,643 [INFO] ApiDb:668 - CubeFinder database Data Model version=2.1
2025-08-07 01:43:18,643 [INFO] ApiDb:669 - CubeFinder database Configuration version=3.0.39
2025-08-07 01:43:18,644 [INFO] ApiDb:670 - CubeFinder database generation date=2025-07-24 (1753349077)
2025-08-07 01:43:18,644 [INFO] ApiDb:671 - CubeFinder database FW Pack versions=[FP-ATR-ASTRA1_V2.0.0, FP-SNS-FLIGHT1_V5.1.0, FP-SNS-MOTENV1_V5.0.0, FP-SNS-MOTENVWB1_V1.4.0, FP-SNS-SMARTAG2_V1.2.0, FP-SNS-STBOX1_V2.0.0, STM32Cube_FW_C0_V1.4.0, STM32Cube_FW_F4_V1.28.2, STM32Cube_FW_F7_V1.17.3, STM32Cube_FW_G0_V1.6.2, STM32Cube_FW_G4_V1.6.1, STM32Cube_FW_H5_V1.5.0, STM32Cube_FW_H7RS_V1.2.0, STM32Cube_FW_H7_V1.12.1, STM32Cube_FW_L0_V1.12.2, STM32Cube_FW_L4_V1.18.1, STM32Cube_FW_L5_V1.5.1, STM32Cube_FW_N6_V1.2.0, STM32Cube_FW_U0_V1.3.0, STM32Cube_FW_U3_V1.2.0, STM32Cube_FW_U5_V1.8.0, STM32Cube_FW_WB0_V1.3.0, STM32Cube_FW_WBA_V1.7.0, STM32Cube_FW_WB_V1.23.0, STM32Cube_FW_WL3_V1.2.0, STM32Cube_FW_WL_V1.3.1, X-CUBE-ALGOBUILD_V1.4.0, X-CUBE-ALS_V1.0.2, X-CUBE-AZRTOS-F4_V1.1.0, X-CUBE-AZRTOS-F7_V1.1.0, X-CUBE-AZRTOS-G0_V1.1.0, X-CUBE-AZRTOS-G4_V2.0.0, X-CUBE-AZRTOS-H7RS_V1.1.0, X-CUBE-AZRTOS-H7_V3.4.0, X-CUBE-AZRTOS-L4_V2.0.0, X-CUBE-AZRTOS-L5_V2.0.0, X-CUBE-AZRTOS-WB_V2.0.0, X-CUBE-AZRTOS-WL_V2.0.0, X-CUBE-BLE1_V7.1.0, X-CUBE-BLE2_V3.3.0, X-CUBE-BLEMGR_V4.1.0, X-CUBE-EEPRMA1_V5.2.0, X-CUBE-FREERTOS_V1.3.1, X-CUBE-GNSS1_V6.0.0, X-CUBE-MEMS1_V11.3.0, X-CUBE-NFC4_V3.0.0, X-CUBE-NFC7_V2.0.0, X-CUBE-SFXS2LP1_V4.0.0, X-CUBE-ST67W61_V1.0.0, X-CUBE-SUBG2_V5.0.0, X-CUBE-TOF1_V3.4.3]
2025-08-07 01:43:18,702 [INFO] DbBoardsSqlite:226 - include board P-NUCLEO-WB55-NUCLEO as a kit item of type 'Nucleo-64'
2025-08-07 01:43:18,702 [INFO] DbBoardsSqlite:226 - include board P-NUCLEO-WB55-USBDONGLE as a kit item of type 'Nucleo USB Dongle'
2025-08-07 01:43:18,703 [INFO] DbBoardsSqlite:226 - include board STEVAL-IDP005V1 as a kit item of type 'Evaluation Board'
2025-08-07 01:43:18,703 [INFO] DbBoardsSqlite:226 - include board STEVAL-IDP005V2 as a kit item of type 'Evaluation Board'
2025-08-07 01:43:18,772 [INFO] ApiDb:240 - Found 880 in-development CPN: [B-G473E-ZEST1S, B-WB1M-WPAN1, B-WBA5M-WPAN, B-WL5M-SUBG1, NUCLEO-C031C6, NUCLEO-C051C8, NUCLEO-C071RB, NUCLEO-C092RC, NUCLEO-H503RB, NUCLEO-H533RE, NUCLEO-H563ZI, NUCLEO-H7S3L8, NUCLEO-N657X0-Q, NUCLEO-U031R8, NUCLEO-U083RC, NUCLEO-U385RG-Q, NUCLEO-U545RE-Q, NUCLEO-U5A5ZJ-Q, NUCLEO-WB05KZ, NUCLEO-WB07CC, NUCLEO-WB09KE, NUCLEO-WBA52CG, NUCLEO-WBA55CG, NUCLEO-WL33CC1, NUCLEO-WL33CC2, STEVAL-PROTEUS1, STEVAL-SMARTAG2, STEVAL-STWINBX1, STM320518-EVAL, STM32C0116-DK, STM32C011D6Y3TR, STM32C011D6Y6TR, STM32C011F4P3, STM32C011F4P6, STM32C011F4U3, STM32C011F4U6TR, STM32C011F6P3, STM32C011F6P6, STM32C011F6U3, STM32C011F6U6TR, STM32C011J4M3, STM32C011J4M6, STM32C011J6M3, STM32C011J6M6, STM32C0316-DK, STM32C031C4T3, STM32C031C4T6, STM32C031C4U3, STM32C031C4U6, STM32C031C6T3, STM32C031C6T6, STM32C031C6U3, STM32C031C6U6, STM32C031F4P3, STM32C031F4P6, STM32C031F6P3, STM32C031F6P6, STM32C031G4U3, STM32C031G4U6, STM32C031G6U3, STM32C031G6U6, STM32C031K4T3, STM32C031K4T6, STM32C031K4U3, STM32C031K4U6, STM32C031K6T3, STM32C031K6T6, STM32C031K6U3, STM32C031K6U6, STM32C051C6T6, STM32C051C6U6, STM32C051C8T6, STM32C051C8U6, STM32C051D8Y6TR, STM32C051F6P6, STM32C051F8P6, STM32C051G6U6, STM32C051G8U6, STM32C051K6T6, STM32C051K6U6, STM32C051K8T6, STM32C071C8T6, STM32C071C8T6N, STM32C071C8U6, STM32C071C8U6N, STM32C071CBT6, STM32C071CBT6N, STM32C071CBU6, STM32C071CBU6N, STM32C071F8P6, STM32C071F8P6N, STM32C071FBP6, STM32C071FBP6N, STM32C071FBY6TR, STM32C071G8U6, STM32C071G8U6N, STM32C071GBU6, STM32C071GBU6N, STM32C071K8T6, STM32C071K8T6N, STM32C071K8U6, STM32C071K8U6N, STM32C071KBT6, STM32C071KBT6N, STM32C071KBU6, STM32C071KBU6N, STM32C071R8T6, STM32C071R8T6N, STM32C071RBI6N, STM32C071RBT6, STM32C071RBT6N, STM32C091CBT6, STM32C091CBU6, STM32C091CCT6, STM32C091CCU6, STM32C091ECY6TR, STM32C091FBP6, STM32C091FCP6, STM32C091GBU6, STM32C091GCU6, STM32C091KBT6, STM32C091KBU6, STM32C091KCT6, STM32C091KCU6, STM32C091RBT6, STM32C091RCI6, STM32C091RCT6, STM32C092CBT6, STM32C092CBU6, STM32C092CCT6, STM32C092CCU6, STM32C092ECY6TR, STM32C092FBP6, STM32C092FCP6, STM32C092GBU6, STM32C092GCU6, STM32C092KBT6, STM32C092KBU6, STM32C092KCT6, STM32C092KCU6, STM32C092RBT6, STM32C092RCI6, STM32C092RCT6, STM32G071K8TXN, STM32G071K8UXN, STM32G081GBU6N, STM32G081KBT6N, STM32G081KBUXN, STM32G0B1CCT6N, STM32G0B1KCT6, STM32G0B1NEY6TR, STM32G0B1RCT6N, STM32G0C1CCT6, STM32G0C1CCT6N, STM32G0C1CCU6N, STM32G0C1CET6N, STM32G0C1CEU6N, STM32G0C1KCT6, STM32G0C1NEY6TR, STM32G0C1RCI6N, STM32G0C1RCT6N, STM32G0C1REI6N, STM32G0C1RET6N, STM32G0C1VCI6, STM32G0C1VEI6, STM32G411C6T3, STM32G411C6T6, STM32G411C6U3, STM32G411C6U6, STM32G411C8T3, STM32G411C8T6, STM32G411C8U3, STM32G411C8U6, STM32G411CBT3, STM32G411CBT6, STM32G411CBU3, STM32G411CBU6, STM32G411K6T3, STM32G411K6T6, STM32G411K6U3, STM32G411K6U6, STM32G411K8T3, STM32G411K8T6, STM32G411K8U3, STM32G411K8U6, STM32G411KBT3, STM32G411KBT6, STM32G411KBU3, STM32G411KBU6, STM32G411M6T3, STM32G411M6T6, STM32G411M8T3, STM32G411M8T6, STM32G411MBT3, STM32G411MBT6, STM32G411R6T3, STM32G411R6T6, STM32G411R8T3, STM32G411R8T6, STM32G411RBT3, STM32G411RBT6, STM32G414CBT3, STM32G414CBT6, STM32G414CBU3, STM32G414CBU6, STM32G414CCT3, STM32G414CCT6, STM32G414CCU3, STM32G414CCU6, STM32G414MBT3, STM32G414MBT6, STM32G414MCT3, STM32G414MCT6, STM32G414RBT3, STM32G414RBT6, STM32G414RCT3, STM32G414RCT6, STM32G414VBT3, STM32G414VBT6, STM32G414VCT3, STM32G414VCT6, STM32G431CBT3Z, STM32G431RBT3Z, STM32G471CCT6, STM32G471CCU6, STM32G471CET3, STM32G471CET6, STM32G471CEU3, STM32G471CEU6, STM32G471MCT6, STM32G471MET3, STM32G471MET6, STM32G471MEY6TR, STM32G471QCT6, STM32G471QET3, STM32G471RCT6, STM32G471RET3, STM32G471RET6, STM32G471VCH6, STM32G471VCI6, STM32G471VCT6, STM32G471VEH3, STM32G471VEH6, STM32G471VEI3, STM32G471VEI6, STM32G471VET3, STM32G471VET6, STM32G473QET3Z, STM32G473RET3Z, STM32G474CCT6, STM32G491RET3Z, STM32H503CBT6, STM32H503CBU6, STM32H503EBY6TR, STM32H503KBU6, STM32H503RBT6, STM32H523CCT6, STM32H523CCU6, STM32H523CET6, STM32H523CEU6, STM32H523HEY6TR, STM32H523RCT6, STM32H523RET6, STM32H523VCI6, STM32H523VCT6, STM32H523VEI6, STM32H523VET6, STM32H523ZCJ6, STM32H523ZCT6, STM32H523ZEJ6, STM32H523ZET6, STM32H533CET6, STM32H533CEU6, STM32H533HEY6TR, STM32H533RET6, STM32H533VEI6, STM32H533VET6, STM32H533ZEJ6, STM32H533ZET6, STM32H562AGI6, STM32H562AII6, STM32H562IGK6, STM32H562IGT6, STM32H562IIK6, STM32H562IIT6, STM32H562RGT6, STM32H562RGV6, STM32H562RIT6, STM32H562RIV6, STM32H562VGT6, STM32H562VIT6, STM32H562ZGT6, STM32H562ZIT6, STM32H563AGI6, STM32H563AII3Q, STM32H563AII6, STM32H563IGK6, STM32H563IGT6, STM32H563IIK3Q, STM32H563IIK6, STM32H563IIT3Q, STM32H563IIT6, STM32H563MIY3QTR, STM32H563RGT6, STM32H563RGV6, STM32H563RIT6, STM32H563RIV6, STM32H563VGT6, STM32H563VIT3Q, STM32H563VIT6, STM32H563ZGT6, STM32H563ZIT3Q, STM32H563ZIT6, STM32H573AII3Q, STM32H573AII6, STM32H573I-DK, STM32H573IIK3Q, STM32H573IIK6, STM32H573IIT3Q, STM32H573IIT6, STM32H573MIY3QTR, STM32H573RIT6, STM32H573RIV6, STM32H573VIT3Q, STM32H573VIT6, STM32H573ZIT3Q, STM32H573ZIT6, STM32H7R3A8I6, STM32H7R3I8K6, STM32H7R3I8T6, STM32H7R3L8H6, STM32H7R3L8H6H, STM32H7R3R8V6, STM32H7R3V8H6, STM32H7R3V8T6, STM32H7R3V8Y6TR, STM32H7R3Z8J6, STM32H7R3Z8T6, STM32H7R7A8I6, STM32H7R7I8K6, STM32H7R7I8T6, STM32H7R7L8H6, STM32H7R7L8H6H, STM32H7R7Z8J6, STM32H7S3A8I6, STM32H7S3I8K6, STM32H7S3I8T6, STM32H7S3L8H6, STM32H7S3L8H6H, STM32H7S3R8V6, STM32H7S3V8H6, STM32H7S3V8T6, STM32H7S3V8Y6TR, STM32H7S3Z8J6, STM32H7S3Z8T6, STM32H7S78-DK, STM32H7S7A8I6, STM32H7S7I8K6, STM32H7S7I8T6, STM32H7S7L8H6, STM32H7S7L8H6H, STM32H7S7Z8J6, STM32L4R5QGI6STR, STM32MP131AAE3, STM32MP131AAF3, STM32MP131AAG3, STM32MP131CAE3, STM32MP131CAF3, STM32MP131CAG3, STM32MP131DAE7, STM32MP131DAF7, STM32MP131DAG7, STM32MP131FAE7, STM32MP131FAF7, STM32MP131FAG7, STM32MP133AAE3, STM32MP133AAF3, STM32MP133AAG3, STM32MP133CAE3, STM32MP133CAF3, STM32MP133CAG3, STM32MP133DAE7, STM32MP133DAF7, STM32MP133DAG7, STM32MP133FAE7, STM32MP133FAF7, STM32MP133FAG7, STM32MP135AAE3, STM32MP135AAF3, STM32MP135AAG3, STM32MP135CAE3, STM32MP135CAF3, STM32MP135CAG3, STM32MP135DAE7, STM32MP135DAF7, STM32MP135DAG7, STM32MP135F-DK, STM32MP135FAE7, STM32MP135FAF7, STM32MP135FAF7T, STM32MP135FAF7U, STM32MP135FAG7, STM32MP211AAL3, STM32MP211AAM3, STM32MP211AAN3, STM32MP211AAO3, STM32MP211CAL3, STM32MP211CAM3, STM32MP211CAN3, STM32MP211CAO3, STM32MP211DAL3, STM32MP211DAM3, STM32MP211DAN3, STM32MP211DAO3, STM32MP211FAL3, STM32MP211FAM3, STM32MP211FAN3, STM32MP211FAO3, STM32MP213AAL3, STM32MP213AAM3, STM32MP213AAN3, STM32MP213AAO3, STM32MP213CAL3, STM32MP213CAM3, STM32MP213CAN3, STM32MP213CAO3, STM32MP213DAL3, STM32MP213DAM3, STM32MP213DAN3, STM32MP213DAO3, STM32MP213FAL3, STM32MP213FAM3, STM32MP213FAN3, STM32MP213FAO3, STM32MP215AAL3, STM32MP215AAM3, STM32MP215AAN3, STM32MP215AAO3, STM32MP215CAL3, STM32MP215CAM3, STM32MP215CAN3, STM32MP215CAO3, STM32MP215DAL3, STM32MP215DAM3, STM32MP215DAN3, STM32MP215DAO3, STM32MP215F-DK, STM32MP215FAL3, STM32MP215FAM3, STM32MP215FAN3, STM32MP215FAO3, STM32MP231AAJ3, STM32MP231AAK3, STM32MP231AAL3, STM32MP231CAJ3, STM32MP231CAK3, STM32MP231CAL3, STM32MP231DAJ3, STM32MP231DAK3, STM32MP231DAL3, STM32MP231FAJ3, STM32MP231FAK3, STM32MP231FAL3, STM32MP233AAJ3, STM32MP233AAK3, STM32MP233AAL3, STM32MP233CAJ3, STM32MP233CAK3, STM32MP233CAL3, STM32MP233DAJ3, STM32MP233DAK3, STM32MP233DAL3, STM32MP233FAJ3, STM32MP233FAK3, STM32MP233FAL3, STM32MP235AAJ3, STM32MP235AAK3, STM32MP235AAL3, STM32MP235CAJ3, STM32MP235CAK3, STM32MP235CAL3, STM32MP235DAJ3, STM32MP235DAK3, STM32MP235DAL3, STM32MP235FAJ3, STM32MP235FAK3, STM32MP235FAL3, STM32MP251AAI3, STM32MP251AAK3, STM32MP251AAL3, STM32MP251CAI3, STM32MP251CAK3, STM32MP251CAL3, STM32MP251DAI3, STM32MP251DAK3, STM32MP251DAL3, STM32MP251FAI3, STM32MP251FAK3, STM32MP251FAL3, STM32MP253AAI3, STM32MP253AAK3, STM32MP253AAL3, STM32MP253CAI3, STM32MP253CAK3, STM32MP253CAL3, STM32MP253DAI3, STM32MP253DAK3, STM32MP253DAL3, STM32MP253FAI3, STM32MP253FAK3, STM32MP253FAL3, STM32MP255AAI3, STM32MP255AAK3, STM32MP255AAL3, STM32MP255CAI3, STM32MP255CAK3, STM32MP255CAL3, STM32MP255DAI3, STM32MP255DAK3, STM32MP255DAL3, STM32MP255FAI3, STM32MP255FAK3, STM32MP255FAL3, STM32MP257AAI3, STM32MP257AAK3, STM32MP257AAL3, STM32MP257CAI3, STM32MP257CAK3, STM32MP257CAL3, STM32MP257DAI3, STM32MP257DAK3, STM32MP257DAL3, STM32MP257F-DK, STM32MP257F-EV1, STM32MP257FAI3, STM32MP257FAK3, STM32MP257FAL3, STM32N645A0H3Q, STM32N645B0H3Q, STM32N645I0H3Q, STM32N645L0H3Q, STM32N645X0H3Q, STM32N645Z0H3Q, STM32N647A0H3Q, STM32N647B0H3Q, STM32N647I0H3Q, STM32N647L0H3Q, STM32N647X0H3Q, STM32N647Z0H3Q, STM32N655A0H3Q, STM32N655B0H3Q, STM32N655I0H3Q, STM32N655L0H3Q, STM32N655X0H3Q, STM32N655Z0H3Q, STM32N6570-DK, STM32N657A0H3Q, STM32N657B0H3Q, STM32N657I0H3Q, STM32N657L0H3Q, STM32N657X0H3Q, STM32N657Z0H3Q, STM32U031C6T6, STM32U031C6U6, STM32U031C8T6, STM32U031C8U6, STM32U031F4P6, STM32U031F6P6, STM32U031F8P6, STM32U031G6Y6TR, STM32U031G8Y6TR, STM32U031K4U6, STM32U031K6U6, STM32U031K8U6, STM32U031R6I6, STM32U031R6T6, STM32U031R8I6, STM32U031R8T6, STM32U073C8T6, STM32U073C8U6, STM32U073CBT6, STM32U073CBU6, STM32U073CCT6, STM32U073CCU6, STM32U073H8Y6TR, STM32U073HBY6TR, STM32U073HCY6TR, STM32U073K8U6, STM32U073KBU6, STM32U073KCU6, STM32U073M8I6, STM32U073M8T6, STM32U073MBI6, STM32U073MBT6, STM32U073MCI6, STM32U073MCT6, STM32U073R8I6, STM32U073R8T6, STM32U073RBI6, STM32U073RBT6, STM32U073RCI6, STM32U073RCT6, STM32U083C-DK, STM32U083CCT6, STM32U083CCU6, STM32U083HCY6TR, STM32U083KCU6, STM32U083MCI6, STM32U083MCT6, STM32U083RCI6, STM32U083RCT6, STM32U375CET6, STM32U375CET6Q, STM32U375CEU6, STM32U375CEU6Q, STM32U375CEY6QTR, STM32U375CGT6, STM32U375CGT6Q, STM32U375CGU6, STM32U375CGU6Q, STM32U375CGY6QTR, STM32U375KEU6, STM32U375KGU6, STM32U375REI6, STM32U375REI6Q, STM32U375RET6, STM32U375RET6Q, STM32U375REY6GTR, STM32U375REY6QTR, STM32U375RGI6, STM32U375RGI6Q, STM32U375RGT6, STM32U375RGT6Q, STM32U375RGY6GTR, STM32U375RGY6QTR, STM32U375VEI6, STM32U375VEI6Q, STM32U375VET6, STM32U375VET6Q, STM32U375VGI6, STM32U375VGI6Q, STM32U375VGT6, STM32U375VGT6Q, STM32U385CGT6, STM32U385CGT6Q, STM32U385CGU6, STM32U385CGU6Q, STM32U385CGY6QTR, STM32U385KGU6, STM32U385RGI6, STM32U385RGI6Q, STM32U385RGT6, STM32U385RGT6Q, STM32U385RGY6GTR, STM32U385RGY6QTR, STM32U385VGI6, STM32U385VGI6Q, STM32U385VGT6, STM32U385VGT6Q, STM32U535CBT6, STM32U535CBT6Q, STM32U535CBU6, STM32U535CBU6Q, STM32U535CCT6, STM32U535CCT6Q, STM32U535CCU6, STM32U535CCU6Q, STM32U535CET6, STM32U535CET6Q, STM32U535CEU6, STM32U535CEU6Q, STM32U535JEY6QTR, STM32U535NCY6QTR, STM32U535NEY6QTR, STM32U535RBI6, STM32U535RBI6Q, STM32U535RBT6, STM32U535RBT6Q, STM32U535RCI6, STM32U535RCI6Q, STM32U535RCT6, STM32U535RCT6Q, STM32U535REI6, STM32U535REI6Q, STM32U535RET6, STM32U535RET6Q, STM32U535VCI6, STM32U535VCI6Q, STM32U535VCT6, STM32U535VCT6Q, STM32U535VEI6, STM32U535VEI6Q, STM32U535VET6, STM32U535VET6Q, STM32U545CET6, STM32U545CET6Q, STM32U545CEU6, STM32U545CEU6Q, STM32U545JEY6QTR, STM32U545NEY6QTR, STM32U545REI6, STM32U545REI6Q, STM32U545RET6, STM32U545RET6Q, STM32U545VEI6, STM32U545VEI6Q, STM32U545VET6, STM32U545VET6Q, STM32U595AIH6, STM32U595AIH6Q, STM32U595AJH6, STM32U595AJH6Q, STM32U595QII6, STM32U595QII6Q, STM32U595QJI6, STM32U595QJI6Q, STM32U595RIT6, STM32U595RIT6Q, STM32U595RJT6, STM32U595RJT6Q, STM32U595VIT6, STM32U595VIT6Q, STM32U595VJT6, STM32U595VJT6Q, STM32U595ZIT6, STM32U595ZIT6Q, STM32U595ZIY6QTR, STM32U595ZJT6, STM32U595ZJT6Q, STM32U595ZJY6QTR, STM32U599BJY6QTR, STM32U599NIH6Q, STM32U599NJH6Q, STM32U599VIT6Q, STM32U599VJT6, STM32U599VJT6Q, STM32U599ZIT6Q, STM32U599ZIY6QTR, STM32U599ZJT6Q, STM32U599ZJY6QTR, STM32U5A5AJH6, STM32U5A5AJH6Q, STM32U5A5QII3Q , STM32U5A5QJI6, STM32U5A5QJI6Q, STM32U5A5RJT6, STM32U5A5RJT6Q, STM32U5A5VJT6, STM32U5A5VJT6Q, STM32U5A5ZJT6, STM32U5A5ZJT6Q, STM32U5A5ZJY6QTR, STM32U5A9BJY6QTR, STM32U5A9J-DK, STM32U5A9NJH6Q, STM32U5A9VJT6Q, STM32U5A9ZJT6Q, STM32U5A9ZJY6QTR, STM32U5F7VIT6, STM32U5F7VIT6Q, STM32U5F7VJT6, STM32U5F7VJT6Q, STM32U5F9BJY6QTR, STM32U5F9NJH6Q, STM32U5F9VIT6Q, STM32U5F9VJT6Q, STM32U5F9ZIJ6QTR, STM32U5F9ZIT6Q, STM32U5F9ZJJ6QTR, STM32U5F9ZJT6Q, STM32U5G7VJT6, STM32U5G7VJT6Q, STM32U5G9BJY6QTR, STM32U5G9J-DK1, STM32U5G9J-DK2, STM32U5G9NJH6Q, STM32U5G9VJT6Q, STM32U5G9ZJJ6QTR, STM32U5G9ZJT6Q, STM32WB05KZV6TR, STM32WB05KZV7TR, STM32WB05TZF6TR, STM32WB05TZF7TR, STM32WB06CCF6TR, STM32WB06CCF7TR, STM32WB06CCV6TR, STM32WB06CCV7TR, STM32WB06KCV6TR, STM32WB06KCV7TR, STM32WB07CCF6TR, STM32WB07CCF7TR, STM32WB07CCV6TR, STM32WB07CCV7TR, STM32WB07KCV6TR, STM32WB07KCV7TR, STM32WB09KEV6TR, STM32WB09KEV7TR, STM32WB09TEF6TR, STM32WB09TEF7TR, STM32WB1MMCH6, STM32WBA50KGU6, STM32WBA50KGU6TR, STM32WBA52CEU6, STM32WBA52CEU6TR, STM32WBA52CEU7, STM32WBA52CEU7TR, STM32WBA52CGU6, STM32WBA52CGU6TR, STM32WBA52CGU6U, STM32WBA52CGU7, STM32WBA52CGU7TR, STM32WBA52KEU6, STM32WBA52KEU6TR, STM32WBA52KGU6, STM32WBA52KGU6TR, STM32WBA54CEU6, STM32WBA54CEU6TR, STM32WBA54CEU7, STM32WBA54CEU7TR, STM32WBA54CGU6, STM32WBA54CGU6TR, STM32WBA54CGU7, STM32WBA54CGU7TR, STM32WBA54KEU6, STM32WBA54KEU6TR, STM32WBA54KEU7, STM32WBA54KEU7TR, STM32WBA54KGU6, STM32WBA54KGU6TR, STM32WBA54KGU7, STM32WBA54KGU7TR, STM32WBA55CEU6, STM32WBA55CEU6TR, STM32WBA55CEU7, STM32WBA55CEU7TR, STM32WBA55CGU6, STM32WBA55CGU6TR, STM32WBA55CGU6U, STM32WBA55CGU7, STM32WBA55CGU7TR, STM32WBA55G-DK1, STM32WBA55HEF6, STM32WBA55HEF7, STM32WBA55HGF6, STM32WBA55HGF7, STM32WBA55UEI6, STM32WBA55UEI6TR, STM32WBA55UEI7, STM32WBA55UEI7TR, STM32WBA55UGI6, STM32WBA55UGI6TR, STM32WBA55UGI7, STM32WBA55UGI7TR, STM32WBA5MMGH6TR, STM32WBA62MGF6, STM32WBA62MIF6, STM32WBA65MGF7, STM32WBA65MIF6, STM32WBA65MIF7, STM32WL30K8V6, STM32WL30KBV6, STM32WL31C8V6, STM32WL31CBV6, STM32WL31K8V6, STM32WL31KBV6, STM32WL33C8V6, STM32WL33C8V6X, STM32WL33CBV6, STM32WL33CBV6X, STM32WL33CCV6, STM32WL33CCV6A, STM32WL33CCV6X, STM32WL33K8V7, STM32WL33K8V7X, STM32WL33KBV7 , STM32WL33KBV7X, STM32WL33KCV7, STM32WL33KCV7X, STM32WL5MOCH6, STM32WL5MOCH6TR]
2025-08-07 01:43:19,166 [INFO] BoardInfo:889 - No configuration file found for board P-NUCLEO-WB55
2025-08-07 01:43:19,168 [INFO] DbBoards:161 - Kit is not supported: P-NUCLEO-WB55
2025-08-07 01:43:19,180 [INFO] BoardInfo:889 - No configuration file found for board STEVAL-BFA001V1B
2025-08-07 01:43:19,182 [INFO] DbBoards:161 - Kit is not supported: STEVAL-BFA001V1B
2025-08-07 01:43:19,183 [WARN] PackLoader:240 - Cannot read IP mode file for STMicroelectronics.FP-SNS-MOTENVWB1.1.4.0
2025-08-07 01:43:19,183 [INFO] BoardInfo:889 - No configuration file found for board STEVAL-BFA001V2B
2025-08-07 01:43:19,185 [INFO] DbBoards:161 - Kit is not supported: STEVAL-BFA001V2B
2025-08-07 01:43:19,188 [WARN] PackLoader:240 - Cannot read IP mode file for STMicroelectronics.FP-ATR-ASTRA1.2.0.2
2025-08-07 01:43:19,210 [WARN] PackLoader:240 - Cannot read IP mode file for STMicroelectronics.FP-ATR-ASTRA1.2.0.1
2025-08-07 01:43:19,221 [WARN] PackLoader:240 - Cannot read IP mode file for STMicroelectronics.X-CUBE-SMBUS.2.1.0
2025-08-07 01:43:19,236 [WARN] PackLoader:240 - Cannot read IP mode file for STMicroelectronics.X-CUBE-WB05N.1.1.0
2025-08-07 01:43:19,245 [WARN] PackLoader:240 - Cannot read IP mode file for STMicroelectronics.X-CUBE-ST60.1.0.0
2025-08-07 01:43:19,282 [WARN] PackLoader:240 - Cannot read IP mode file for STMicroelectronics.X-CUBE-AZRTOS-F7.1.1.0
2025-08-07 01:43:19,292 [WARN] PackLoader:240 - Cannot read IP mode file for STMicroelectronics.FP-SNS-FLIGHT1.5.0.2
2025-08-07 01:43:19,322 [WARN] PackLoader:240 - Cannot read IP mode file for Infineon.AIROC-Wi-Fi-Bluetooth-STM32.1.7.0
2025-08-07 01:43:19,358 [WARN] PackLoader:240 - Cannot read IP mode file for STMicroelectronics.X-CUBE-AZRTOS-H7.3.4.0
2025-08-07 01:43:19,373 [WARN] PackLoader:240 - Cannot read IP mode file for STMicroelectronics.X-CUBE-DISPLAY.3.0.0
2025-08-07 01:43:19,385 [WARN] PackLoader:240 - Cannot read IP mode file for STMicroelectronics.X-CUBE-BLE1.7.0.0
2025-08-07 01:43:19,393 [WARN] PackLoader:240 - Cannot read IP mode file for STMicroelectronics.X-CUBE-NFC10.1.0.0
2025-08-07 01:43:19,406 [WARN] PackLoader:240 - Cannot read IP mode file for STMicroelectronics.X-CUBE-BLEMGR.4.0.0
2025-08-07 01:43:19,417 [WARN] PackLoader:240 - Cannot read IP mode file for emotas.I-CUBE-CANOPEN.1.3.0
2025-08-07 01:43:19,422 [WARN] PackLoader:240 - Cannot read IP mode file for STMicroelectronics.X-CUBE-AI.10.0.0
2025-08-07 01:43:19,431 [WARN] PackLoader:240 - Cannot read IP mode file for STMicroelectronics.FP-SNS-STBOX1.2.1.0
2025-08-07 01:43:19,440 [WARN] PackLoader:240 - Cannot read IP mode file for STMicroelectronics.FP-SNS-SMARTAG2.1.2.0
2025-08-07 01:43:19,444 [WARN] PackLoader:240 - Cannot read IP mode file for STMicroelectronics.FP-SNS-FLIGHT1.5.1.0
2025-08-07 01:43:19,498 [WARN] PackLoader:240 - Cannot read IP mode file for STMicroelectronics.X-CUBE-MEMS1.11.1.0
2025-08-07 01:43:19,531 [ERROR] LogOutputStream:75 - [STDERR_REDIRECT] [Fatal Error] :1:1: Premature end of file.
2025-08-07 01:43:19,531 [ERROR] LogOutputStream:75 - [STDERR_REDIRECT] 
2025-08-07 01:43:19,657 [INFO] DbBoards:168 - Found 212 boards, 209 are supported
2025-08-07 01:43:19,657 [INFO] DbBoards:169 - Found 212 boards, 43 of them is supported for  Bsp
2025-08-07 01:43:19,663 [INFO] ApiDb:423 - Load user favorites file C:\Users\SNYDE/.stm32cubeide/favorites.boards.txt: 2 item(s)
2025-08-07 01:43:19,663 [INFO] ApiDb:427 - User favorites Boards=[NUCLEO-F411RE, NUCLEO-G474RE]
2025-08-07 01:43:19,663 [INFO] DbBoards:198 - Set 2 / 2 favorites Boards
2025-08-07 01:43:19,668 [INFO] ApiDb:668 - CubeFinder database Data Model version=2.1
2025-08-07 01:43:19,668 [INFO] ApiDb:669 - CubeFinder database Configuration version=3.0.39
2025-08-07 01:43:19,668 [INFO] ApiDb:670 - CubeFinder database generation date=2025-07-24 (1753349077)
2025-08-07 01:43:19,668 [INFO] ApiDb:671 - CubeFinder database FW Pack versions=[FP-ATR-ASTRA1_V2.0.0, FP-SNS-FLIGHT1_V5.1.0, FP-SNS-MOTENV1_V5.0.0, FP-SNS-MOTENVWB1_V1.4.0, FP-SNS-SMARTAG2_V1.2.0, FP-SNS-STBOX1_V2.0.0, STM32Cube_FW_C0_V1.4.0, STM32Cube_FW_F4_V1.28.2, STM32Cube_FW_F7_V1.17.3, STM32Cube_FW_G0_V1.6.2, STM32Cube_FW_G4_V1.6.1, STM32Cube_FW_H5_V1.5.0, STM32Cube_FW_H7RS_V1.2.0, STM32Cube_FW_H7_V1.12.1, STM32Cube_FW_L0_V1.12.2, STM32Cube_FW_L4_V1.18.1, STM32Cube_FW_L5_V1.5.1, STM32Cube_FW_N6_V1.2.0, STM32Cube_FW_U0_V1.3.0, STM32Cube_FW_U3_V1.2.0, STM32Cube_FW_U5_V1.8.0, STM32Cube_FW_WB0_V1.3.0, STM32Cube_FW_WBA_V1.7.0, STM32Cube_FW_WB_V1.23.0, STM32Cube_FW_WL3_V1.2.0, STM32Cube_FW_WL_V1.3.1, X-CUBE-ALGOBUILD_V1.4.0, X-CUBE-ALS_V1.0.2, X-CUBE-AZRTOS-F4_V1.1.0, X-CUBE-AZRTOS-F7_V1.1.0, X-CUBE-AZRTOS-G0_V1.1.0, X-CUBE-AZRTOS-G4_V2.0.0, X-CUBE-AZRTOS-H7RS_V1.1.0, X-CUBE-AZRTOS-H7_V3.4.0, X-CUBE-AZRTOS-L4_V2.0.0, X-CUBE-AZRTOS-L5_V2.0.0, X-CUBE-AZRTOS-WB_V2.0.0, X-CUBE-AZRTOS-WL_V2.0.0, X-CUBE-BLE1_V7.1.0, X-CUBE-BLE2_V3.3.0, X-CUBE-BLEMGR_V4.1.0, X-CUBE-EEPRMA1_V5.2.0, X-CUBE-FREERTOS_V1.3.1, X-CUBE-GNSS1_V6.0.0, X-CUBE-MEMS1_V11.3.0, X-CUBE-NFC4_V3.0.0, X-CUBE-NFC7_V2.0.0, X-CUBE-SFXS2LP1_V4.0.0, X-CUBE-ST67W61_V1.0.0, X-CUBE-SUBG2_V5.0.0, X-CUBE-TOF1_V3.4.3]
2025-08-07 01:43:19,685 [INFO] LogOutputStream:77 - [STDOUT_REDIRECT] 1 : Invalid condition id : UX_CORESTACK_Condition cause : null
2025-08-07 01:43:19,686 [INFO] LogOutputStream:77 - [STDOUT_REDIRECT] 1 : Invalid condition id : UX_CORESTACK_Condition cause : null
2025-08-07 01:43:19,688 [INFO] LogOutputStream:77 - [STDOUT_REDIRECT] 1 : Invalid condition id : UX_CORESTACK_Condition cause : null
2025-08-07 01:43:19,689 [INFO] LogOutputStream:77 - [STDOUT_REDIRECT] 1 : Invalid condition id : UX_CORESTACK_Condition cause : null
2025-08-07 01:43:19,690 [INFO] LogOutputStream:77 - [STDOUT_REDIRECT] 1 : Invalid condition id : UX_CORESTACK_Condition cause : null
2025-08-07 01:43:19,693 [WARN] PackLoader:240 - Cannot read IP mode file for STMicroelectronics.X-CUBE-AZRTOS-WL.2.0.0
2025-08-07 01:43:19,701 [WARN] PackLoader:240 - Cannot read IP mode file for STMicroelectronics.FP-SNS-MOTENV1.5.0.0
2025-08-07 01:43:19,706 [WARN] PackLoader:240 - Cannot read IP mode file for wolfSSL.I-CUBE-wolfMQTT.1.19.0
2025-08-07 01:43:19,714 [WARN] PackLoader:240 - Cannot read IP mode file for WES.I-CUBE-Cesium.1.3.0
2025-08-07 01:43:19,723 [WARN] PackLoader:240 - Cannot read IP mode file for STMicroelectronics.X-CUBE-BLE2.3.3.0
2025-08-07 01:43:19,733 [WARN] PackLoader:240 - Cannot read IP mode file for STMicroelectronics.X-CUBE-NFC9.1.0.0
2025-08-07 01:43:19,738 [WARN] PackLoader:240 - Cannot read IP mode file for STMicroelectronics.X-CUBE-BLE1.7.1.0
2025-08-07 01:43:19,746 [WARN] PackLoader:240 - Cannot read IP mode file for STMicroelectronics.X-CUBE-EEPRMA1.5.2.0
2025-08-07 01:43:19,750 [WARN] PackLoader:240 - Cannot read IP mode file for STMicroelectronics.X-CUBE-AI.10.1.0
2025-08-07 01:43:19,803 [WARN] PackLoader:240 - Cannot read IP mode file for STMicroelectronics.X-CUBE-MEMS1.11.2.0
2025-08-07 01:43:19,960 [WARN] PackLoader:240 - Cannot read IP mode file for STMicroelectronics.X-CUBE-AZRTOS-G0.1.1.0
2025-08-07 01:43:19,968 [WARN] PackLoader:240 - Cannot read IP mode file for STMicroelectronics.X-CUBE-SAFEA1.1.2.2
2025-08-07 01:43:19,974 [WARN] PackLoader:240 - Cannot read IP mode file for STMicroelectronics.X-CUBE-NFC4.3.0.0
2025-08-07 01:43:19,985 [WARN] PackLoader:240 - Cannot read IP mode file for EmbeddedOffice.I-CUBE-FS-RTOS.1.0.1
2025-08-07 01:43:19,991 [WARN] PackLoader:240 - Cannot read IP mode file for STMicroelectronics.X-CUBE-WB05N.2.0.0
2025-08-07 01:43:19,998 [WARN] PackLoader:240 - Cannot read IP mode file for STMicroelectronics.X-CUBE-TCPP.4.2.0
2025-08-07 01:43:20,006 [WARN] PackLoader:240 - Cannot read IP mode file for RealThread.X-CUBE-RT-Thread_Nano.4.1.1
2025-08-07 01:43:20,011 [WARN] PackLoader:240 - Cannot read IP mode file for STMicroelectronics.FP-ATR-SIGFOX1.3.2.0
2025-08-07 01:43:20,016 [WARN] ConditionMgr:438 - getConditionDescription Invalid condition id : Cortex-A Device cause : null
2025-08-07 01:43:20,027 [WARN] ConditionMgr:1044 - genDependencies : Invalid condition id : Cortex-A Device cause : null
2025-08-07 01:43:20,028 [WARN] ConditionMgr:1044 - genDependencies : Invalid condition id : Cortex-A Device cause : null
2025-08-07 01:43:20,028 [WARN] ConditionMgr:1044 - genDependencies : Invalid condition id : Cortex-A Device cause : null
2025-08-07 01:43:20,035 [WARN] PackLoader:240 - Cannot read IP mode file for STMicroelectronics.X-CUBE-EEPRMA1.5.1.0
2025-08-07 01:43:20,041 [WARN] PackLoader:240 - Cannot read IP mode file for wolfSSL.I-CUBE-wolfSSL.5.7.4
2025-08-07 01:43:20,049 [WARN] PackLoader:240 - Cannot read IP mode file for ITTIA_DB.I-CUBE-ITTIADB.8.9.0
2025-08-07 01:43:20,055 [WARN] PackLoader:240 - Cannot read IP mode file for STMicroelectronics.X-CUBE-ST67W61.1.0.0
2025-08-07 01:43:20,060 [WARN] PackLoader:240 - Cannot read IP mode file for STMicroelectronics.X-CUBE-AI.10.2.0
2025-08-07 01:43:20,087 [WARN] PackLoader:240 - Cannot read IP mode file for SEGGER.I-CUBE-embOS.1.3.1
2025-08-07 01:43:20,134 [WARN] PackLoader:240 - Cannot read IP mode file for STMicroelectronics.X-CUBE-ALGOBUILD.1.4.0
2025-08-07 01:43:20,185 [WARN] PackLoader:240 - Cannot read IP mode file for STMicroelectronics.X-CUBE-MEMS1.11.3.0
2025-08-07 01:43:20,336 [WARN] PackLoader:240 - Cannot read IP mode file for STMicroelectronics.X-CUBE-AI.9.1.0
2025-08-07 01:43:20,341 [WARN] PackLoader:240 - Cannot read IP mode file for STMicroelectronics.X-CUBE-PM33A1.1.0.0
2025-08-07 01:43:20,382 [WARN] PackLoader:240 - Cannot read IP mode file for STMicroelectronics.X-CUBE-AZRTOS-F4.1.1.0
2025-08-07 01:43:20,388 [WARN] PackLoader:240 - Cannot read IP mode file for Avnet-IotConnect.X-CUBE-IoTC-DA16k-PMOD.1.0.0
2025-08-07 01:43:20,394 [WARN] PackLoader:240 - Cannot read IP mode file for STMicroelectronics.X-CUBE-ISPU.2.1.0
2025-08-07 01:43:20,404 [WARN] PackLoader:240 - Cannot read IP mode file for STMicroelectronics.X-CUBE-NFC12.1.0.0
2025-08-07 01:43:20,421 [WARN] PackLoader:240 - Cannot read IP mode file for STMicroelectronics.X-CUBE-AZRTOS-L5.2.0.0
2025-08-07 01:43:20,434 [WARN] PackLoader:240 - Cannot read IP mode file for STMicroelectronics.X-CUBE-NFC6.3.1.0
2025-08-07 01:43:20,442 [WARN] PackLoader:240 - Cannot read IP mode file for STMicroelectronics.X-CUBE-DPower.1.2.0
2025-08-07 01:43:20,447 [WARN] PackLoader:240 - Cannot read IP mode file for STMicroelectronics.X-CUBE-FREERTOS.1.3.1
2025-08-07 01:43:20,451 [WARN] PackLoader:240 - Cannot read IP mode file for STMicroelectronics.X-CUBE-FREERTOS.1.3.0
2025-08-07 01:43:20,456 [WARN] PackLoader:240 - Cannot read IP mode file for STMicroelectronics.X-CUBE-NFC7.1.0.1
2025-08-07 01:43:20,464 [WARN] PackLoader:240 - Cannot read IP mode file for STMicroelectronics.FP-SNS-STAIOTCFT.1.0.0
2025-08-07 01:43:20,469 [WARN] PackLoader:240 - Cannot read IP mode file for STMicroelectronics.X-CUBE-DPower.1.3.0
2025-08-07 01:43:20,485 [WARN] ConditionMgr:438 - getConditionDescription Invalid condition id : LAN8742 Phy interface Condition cause : null
2025-08-07 01:43:20,486 [WARN] PackLoader:240 - Cannot read IP mode file for STMicroelectronics.X-CUBE-AZRTOS-L4.2.0.0
2025-08-07 01:43:20,488 [WARN] ConditionMgr:1044 - genDependencies : Invalid condition id : LAN8742 Phy interface Condition cause : null
2025-08-07 01:43:20,488 [WARN] ConditionMgr:1044 - genDependencies : Invalid condition id : LAN8742 Phy interface Condition cause : null
2025-08-07 01:43:20,489 [WARN] ConditionMgr:1044 - genDependencies : Invalid condition id : LAN8742 Phy interface Condition cause : null
2025-08-07 01:43:20,496 [WARN] PackLoader:240 - Cannot read IP mode file for STMicroelectronics.X-CUBE-SFXS2LP1.4.0.0
2025-08-07 01:43:20,503 [ERROR] LogOutputStream:75 - [STDERR_REDIRECT] [Fatal Error] :1:1: Premature end of file.
2025-08-07 01:43:20,503 [ERROR] LogOutputStream:75 - [STDERR_REDIRECT] 
2025-08-07 01:43:20,514 [WARN] PackLoader:240 - Cannot read IP mode file for STMicroelectronics.X-CUBE-AZRTOS-H7.3.3.0
2025-08-07 01:43:20,554 [WARN] PackLoader:240 - Cannot read IP mode file for STMicroelectronics.X-CUBE-BLEMGR.4.1.0
2025-08-07 01:43:20,576 [WARN] ConditionMgr:438 - getConditionDescription Invalid condition id : UX DEVICE CLASS RTOS Condition cause : null
2025-08-07 01:43:20,576 [WARN] ConditionMgr:438 - getConditionDescription Invalid condition id : UX DEVICE CLASS RTOS Condition cause : null
2025-08-07 01:43:20,578 [WARN] PackLoader:240 - Cannot read IP mode file for STMicroelectronics.X-CUBE-AZRTOS-WB.2.0.0
2025-08-07 01:43:20,579 [WARN] ConditionMgr:1044 - genDependencies : Invalid condition id : UX DEVICE CLASS RTOS Condition cause : null
2025-08-07 01:43:20,579 [WARN] ConditionMgr:1044 - genDependencies : Invalid condition id : UX DEVICE CLASS RTOS Condition cause : null
2025-08-07 01:43:20,580 [WARN] ConditionMgr:1044 - genDependencies : Invalid condition id : UX DEVICE CLASS RTOS Condition cause : null
2025-08-07 01:43:20,580 [WARN] ConditionMgr:1044 - genDependencies : Invalid condition id : UX DEVICE CLASS RTOS Condition cause : null
2025-08-07 01:43:20,580 [WARN] ConditionMgr:1044 - genDependencies : Invalid condition id : UX DEVICE CLASS RTOS Condition cause : null
2025-08-07 01:43:20,586 [WARN] PackLoader:240 - Cannot read IP mode file for STMicroelectronics.X-CUBE-GNSS1.7.0.1
2025-08-07 01:43:20,599 [WARN] PackLoader:240 - Cannot read IP mode file for STMicroelectronics.X-CUBE-TOUCHGFX.4.25.0
2025-08-07 01:43:20,604 [WARN] PackLoader:240 - Cannot read IP mode file for STMicroelectronics.FP-SNS-STBOX1.2.0.0
2025-08-07 01:43:20,620 [WARN] PackLoader:240 - Cannot read IP mode file for STMicroelectronics.X-CUBE-SUBG2.5.0.0
2025-08-07 01:43:20,692 [WARN] PackLoader:240 - Cannot read IP mode file for STMicroelectronics.X-CUBE-AZRTOS-H7RS.1.1.0
2025-08-07 01:43:20,713 [WARN] PackLoader:240 - Cannot read IP mode file for Cesanta.I-CUBE-Mongoose.7.13.0
2025-08-07 01:43:20,730 [WARN] PackLoader:240 - Cannot read IP mode file for STMicroelectronics.X-CUBE-AZRTOS-G4.2.0.0
2025-08-07 01:43:20,737 [WARN] PackLoader:240 - Cannot read IP mode file for STMicroelectronics.X-CUBE-NFC7.2.0.0
2025-08-07 01:43:20,754 [WARN] PackLoader:240 - Cannot read IP mode file for STMicroelectronics.X-CUBE-IPS.3.1.0
2025-08-07 01:43:20,766 [WARN] PackLoader:240 - Cannot read IP mode file for STMicroelectronics.X-CUBE-ALS.1.0.2
2025-08-07 01:43:20,810 [WARN] PackLoader:240 - Cannot read IP mode file for STMicroelectronics.X-CUBE-MEMS1.10.0.0
2025-08-07 01:43:20,815 [ERROR] DbExamplesSqlite:437 - Missing JSON key: board_cpn
2025-08-07 01:43:20,815 [ERROR] DbExamplesSqlite:437 - Missing JSON key: board_cpn
2025-08-07 01:43:20,815 [ERROR] DbExamplesSqlite:437 - Missing JSON key: board_cpn
2025-08-07 01:43:20,816 [ERROR] DbExamplesSqlite:437 - Missing JSON key: board_cpn
2025-08-07 01:43:20,992 [ERROR] DbExamplesSqlite:437 - Missing JSON key: board_cpn
2025-08-07 01:43:20,992 [ERROR] DbExamplesSqlite:437 - Missing JSON key: board_cpn
2025-08-07 01:43:20,992 [ERROR] DbExamplesSqlite:437 - Missing JSON key: board_cpn
2025-08-07 01:43:20,993 [ERROR] DbExamplesSqlite:437 - Missing JSON key: board_cpn
2025-08-07 01:43:20,993 [ERROR] DbExamplesSqlite:437 - Missing JSON key: board_cpn
2025-08-07 01:43:20,993 [ERROR] DbExamplesSqlite:437 - Missing JSON key: board_cpn
2025-08-07 01:43:20,993 [ERROR] DbExamplesSqlite:437 - Missing JSON key: board_cpn
2025-08-07 01:43:20,993 [ERROR] DbExamplesSqlite:437 - Missing JSON key: board_cpn
2025-08-07 01:43:20,994 [ERROR] DbExamplesSqlite:437 - Missing JSON key: board_cpn
2025-08-07 01:43:21,035 [WARN] PackLoader:240 - Cannot read IP mode file for STMicroelectronics.X-CUBE-TOUCHGFX.4.24.2
2025-08-07 01:43:21,040 [WARN] PackLoader:240 - Cannot read IP mode file for wolfSSL.I-CUBE-wolfTPM.3.4.0
2025-08-07 01:43:21,046 [WARN] PackLoader:240 - Cannot read IP mode file for portGmbH.I-Cube-SoM-uGOAL.1.1.0
2025-08-07 01:43:21,060 [WARN] PackLoader:240 - Cannot read IP mode file for STMicroelectronics.X-CUBE-AZRTOS-H7RS.1.0.0
2025-08-07 01:43:21,073 [WARN] PackLoader:240 - Cannot read IP mode file for STMicroelectronics.X-CUBE-TOF1.3.4.2
2025-08-07 01:43:21,091 [WARN] PackLoader:240 - Cannot read IP mode file for STMicroelectronics.X-CUBE-TOF1.3.4.3
2025-08-07 01:43:21,106 [WARN] PackLoader:240 - Cannot read IP mode file for wolfSSL.I-CUBE-wolfSSH.1.4.17
2025-08-07 01:43:21,106 [INFO] ThirdParty:978 - Integrity check success = true
2025-08-07 01:43:21,106 [INFO] IntegrityCheckThread:100 - exiting critical section [integrity check]
2025-08-07 01:43:21,106 [INFO] IntegrityCheckThread:103 - End integrity checks thread
2025-08-07 01:43:21,247 [ERROR] DbExamplesSqlite:437 - Missing JSON key: board_cpn
2025-08-07 01:43:21,248 [ERROR] DbExamplesSqlite:437 - Missing JSON key: board_cpn
2025-08-07 01:43:21,249 [INFO] DbExamplesSqlite:395 - Ignored 33 examples not supported by CubeIDE
2025-08-07 01:43:21,250 [INFO] DbExamplesSqlite:396 - Found 10866 examples active
2025-08-07 01:43:21,250 [INFO] DbExamplesSqlite:397 - Found 0 examples obsolete
2025-08-07 01:43:21,250 [INFO] DbExamplesSqlite:398 - Found 0 examples under development
2025-08-07 01:43:21,251 [INFO] DbExamplesSqlite:399 - Found 65 examples not building
2025-08-07 01:43:21,253 [INFO] DbExamples:125 - Found 10898 examples
2025-08-07 01:43:21,275 [INFO] DbExamples:222 - Found 134 boards with related examples
2025-08-07 01:43:21,276 [INFO] DbExamples:235 - Found 111 MCUs with related examples
2025-08-07 01:43:21,307 [INFO] ApiDb:423 - Load user favorites file C:\Users\SNYDE/.stm32cubeide/favorites.examples.txt: 0 item(s)
2025-08-07 01:43:21,307 [INFO] ApiDb:427 - User favorites Examples=[]
2025-08-07 01:43:21,308 [INFO] DbExamples:250 - Set 0 / 0 favorites Examples
2025-08-07 01:43:21,560 [ERROR] LogOutputStream:75 - [STDERR_REDIRECT] [Fatal Error] :1:1: Premature end of file.
2025-08-07 01:43:21,566 [ERROR] LogOutputStream:75 - [STDERR_REDIRECT] 
2025-08-07 01:43:21,601 [INFO] McuFinderGlobals:76 - Set McuFinderConnectedMode to true
2025-08-07 01:43:21,612 [INFO] MultiScanPanel:200 - Auto-refresh data requested => check proxy status ongoing
2025-08-07 01:43:21,617 [INFO] FinderPluginLoader:96 - Searching for filters in installed packs
2025-08-07 01:43:22,467 [ERROR] LogOutputStream:75 - [STDERR_REDIRECT] [Fatal Error] :1:1: Premature end of file.
2025-08-07 01:43:22,467 [ERROR] LogOutputStream:75 - [STDERR_REDIRECT] 
2025-08-07 01:43:23,179 [INFO] LoadUrlFilesThread:185 - End of LoadServerUrlFiles without Thread
2025-08-07 01:43:23,261 [INFO] DetailPanel:341 - Set advertising image to C:/Users/SNYDE/STM32Cube/Repository/\en.2400x1350px.jpeg
2025-08-07 01:43:23,463 [ERROR] LogOutputStream:75 - [STDERR_REDIRECT] [Fatal Error] :1:1: Premature end of file.
2025-08-07 01:43:23,464 [ERROR] LogOutputStream:75 - [STDERR_REDIRECT] 
2025-08-07 01:43:24,479 [ERROR] LogOutputStream:75 - [STDERR_REDIRECT] [Fatal Error] :1:1: Premature end of file.
2025-08-07 01:43:24,480 [ERROR] LogOutputStream:75 - [STDERR_REDIRECT] 
2025-08-07 01:43:25,517 [ERROR] LogOutputStream:75 - [STDERR_REDIRECT] [Fatal Error] :1:1: Premature end of file.
2025-08-07 01:43:25,518 [ERROR] LogOutputStream:75 - [STDERR_REDIRECT] 
2025-08-07 01:43:26,458 [ERROR] LogOutputStream:75 - [STDERR_REDIRECT] [Fatal Error] :1:1: Premature end of file.
2025-08-07 01:43:26,458 [ERROR] LogOutputStream:75 - [STDERR_REDIRECT] 
2025-08-07 01:43:27,456 [ERROR] LogOutputStream:75 - [STDERR_REDIRECT] [Fatal Error] :1:1: Premature end of file.
2025-08-07 01:43:27,456 [ERROR] LogOutputStream:75 - [STDERR_REDIRECT] 
2025-08-07 01:43:28,459 [ERROR] LogOutputStream:75 - [STDERR_REDIRECT] [Fatal Error] :1:1: Premature end of file.
2025-08-07 01:43:28,459 [ERROR] LogOutputStream:75 - [STDERR_REDIRECT] 
2025-08-07 01:43:29,459 [ERROR] LogOutputStream:75 - [STDERR_REDIRECT] [Fatal Error] :1:1: Premature end of file.
2025-08-07 01:43:29,459 [ERROR] LogOutputStream:75 - [STDERR_REDIRECT] 
2025-08-07 01:43:30,456 [ERROR] LogOutputStream:75 - [STDERR_REDIRECT] [Fatal Error] :1:1: Premature end of file.
2025-08-07 01:43:30,456 [ERROR] LogOutputStream:75 - [STDERR_REDIRECT] 
2025-08-07 01:43:31,459 [ERROR] LogOutputStream:75 - [STDERR_REDIRECT] [Fatal Error] :1:1: Premature end of file.
2025-08-07 01:43:31,459 [ERROR] LogOutputStream:75 - [STDERR_REDIRECT] 
2025-08-07 01:43:32,456 [ERROR] LogOutputStream:75 - [STDERR_REDIRECT] [Fatal Error] :1:1: Premature end of file.
2025-08-07 01:43:32,456 [ERROR] LogOutputStream:75 - [STDERR_REDIRECT] 
2025-08-07 01:43:33,458 [ERROR] LogOutputStream:75 - [STDERR_REDIRECT] [Fatal Error] :1:1: Premature end of file.
2025-08-07 01:43:33,458 [ERROR] LogOutputStream:75 - [STDERR_REDIRECT] 
2025-08-07 01:43:34,455 [ERROR] LogOutputStream:75 - [STDERR_REDIRECT] [Fatal Error] :1:1: Premature end of file.
2025-08-07 01:43:34,455 [ERROR] LogOutputStream:75 - [STDERR_REDIRECT] 
2025-08-07 01:43:35,455 [ERROR] LogOutputStream:75 - [STDERR_REDIRECT] [Fatal Error] :1:1: Premature end of file.
2025-08-07 01:43:35,455 [ERROR] LogOutputStream:75 - [STDERR_REDIRECT] 
2025-08-07 01:43:36,455 [ERROR] LogOutputStream:75 - [STDERR_REDIRECT] [Fatal Error] :1:1: Premature end of file.
2025-08-07 01:43:36,455 [ERROR] LogOutputStream:75 - [STDERR_REDIRECT] 
2025-08-07 01:43:37,455 [ERROR] LogOutputStream:75 - [STDERR_REDIRECT] [Fatal Error] :1:1: Premature end of file.
2025-08-07 01:43:37,455 [ERROR] LogOutputStream:75 - [STDERR_REDIRECT] 
2025-08-07 01:43:38,460 [ERROR] LogOutputStream:75 - [STDERR_REDIRECT] [Fatal Error] :1:1: Premature end of file.
2025-08-07 01:43:38,460 [ERROR] LogOutputStream:75 - [STDERR_REDIRECT] 
2025-08-07 01:43:39,462 [ERROR] LogOutputStream:75 - [STDERR_REDIRECT] [Fatal Error] :1:1: Premature end of file.
2025-08-07 01:43:39,462 [ERROR] LogOutputStream:75 - [STDERR_REDIRECT] 
2025-08-07 01:43:40,488 [ERROR] LogOutputStream:75 - [STDERR_REDIRECT] [Fatal Error] :1:1: Premature end of file.
2025-08-07 01:43:40,489 [ERROR] LogOutputStream:75 - [STDERR_REDIRECT] 
2025-08-07 01:43:41,456 [ERROR] LogOutputStream:75 - [STDERR_REDIRECT] [Fatal Error] :1:1: Premature end of file.
2025-08-07 01:43:41,456 [ERROR] LogOutputStream:75 - [STDERR_REDIRECT] 
2025-08-07 01:43:42,464 [ERROR] LogOutputStream:75 - [STDERR_REDIRECT] [Fatal Error] :1:1: Premature end of file.
2025-08-07 01:43:42,464 [ERROR] LogOutputStream:75 - [STDERR_REDIRECT] 
2025-08-07 01:43:43,482 [ERROR] LogOutputStream:75 - [STDERR_REDIRECT] [Fatal Error] :1:1: Premature end of file.
2025-08-07 01:43:43,482 [ERROR] LogOutputStream:75 - [STDERR_REDIRECT] 
2025-08-07 01:43:44,469 [ERROR] LogOutputStream:75 - [STDERR_REDIRECT] [Fatal Error] :1:1: Premature end of file.
2025-08-07 01:43:44,469 [ERROR] LogOutputStream:75 - [STDERR_REDIRECT] 
2025-08-07 01:43:45,472 [ERROR] LogOutputStream:75 - [STDERR_REDIRECT] [Fatal Error] :1:1: Premature end of file.
2025-08-07 01:43:45,473 [ERROR] LogOutputStream:75 - [STDERR_REDIRECT] 
2025-08-07 01:43:46,636 [ERROR] LogOutputStream:75 - [STDERR_REDIRECT] [Fatal Error] :1:1: Premature end of file.
2025-08-07 01:43:46,636 [ERROR] LogOutputStream:75 - [STDERR_REDIRECT] 
2025-08-07 01:43:47,471 [ERROR] LogOutputStream:75 - [STDERR_REDIRECT] [Fatal Error] :1:1: Premature end of file.
2025-08-07 01:43:47,471 [ERROR] LogOutputStream:75 - [STDERR_REDIRECT] 
2025-08-07 01:43:48,461 [ERROR] LogOutputStream:75 - [STDERR_REDIRECT] [Fatal Error] :1:1: Premature end of file.
2025-08-07 01:43:48,461 [ERROR] LogOutputStream:75 - [STDERR_REDIRECT] 
2025-08-07 01:43:49,471 [ERROR] LogOutputStream:75 - [STDERR_REDIRECT] [Fatal Error] :1:1: Premature end of file.
2025-08-07 01:43:49,471 [ERROR] LogOutputStream:75 - [STDERR_REDIRECT] 
2025-08-07 01:43:50,461 [ERROR] LogOutputStream:75 - [STDERR_REDIRECT] [Fatal Error] :1:1: Premature end of file.
2025-08-07 01:43:50,462 [ERROR] LogOutputStream:75 - [STDERR_REDIRECT] 
2025-08-07 01:43:51,468 [ERROR] LogOutputStream:75 - [STDERR_REDIRECT] [Fatal Error] :1:1: Premature end of file.
2025-08-07 01:43:51,469 [ERROR] LogOutputStream:75 - [STDERR_REDIRECT] 
2025-08-07 01:43:52,462 [ERROR] LogOutputStream:75 - [STDERR_REDIRECT] [Fatal Error] :1:1: Premature end of file.
2025-08-07 01:43:52,463 [ERROR] LogOutputStream:75 - [STDERR_REDIRECT] 
2025-08-07 01:43:53,462 [ERROR] LogOutputStream:75 - [STDERR_REDIRECT] [Fatal Error] :1:1: Premature end of file.
2025-08-07 01:43:53,463 [ERROR] LogOutputStream:75 - [STDERR_REDIRECT] 
2025-08-07 01:43:54,470 [ERROR] LogOutputStream:75 - [STDERR_REDIRECT] [Fatal Error] :1:1: Premature end of file.
2025-08-07 01:43:54,470 [ERROR] LogOutputStream:75 - [STDERR_REDIRECT] 
2025-08-07 01:43:55,458 [ERROR] LogOutputStream:75 - [STDERR_REDIRECT] [Fatal Error] :1:1: Premature end of file.
2025-08-07 01:43:55,458 [ERROR] LogOutputStream:75 - [STDERR_REDIRECT] 
2025-08-07 01:43:56,469 [ERROR] LogOutputStream:75 - [STDERR_REDIRECT] [Fatal Error] :1:1: Premature end of file.
2025-08-07 01:43:56,470 [ERROR] LogOutputStream:75 - [STDERR_REDIRECT] 
2025-08-07 01:43:57,465 [ERROR] LogOutputStream:75 - [STDERR_REDIRECT] [Fatal Error] :1:1: Premature end of file.
2025-08-07 01:43:57,465 [ERROR] LogOutputStream:75 - [STDERR_REDIRECT] 
2025-08-07 01:43:58,464 [ERROR] LogOutputStream:75 - [STDERR_REDIRECT] [Fatal Error] :1:1: Premature end of file.
2025-08-07 01:43:58,464 [ERROR] LogOutputStream:75 - [STDERR_REDIRECT] 
2025-08-07 01:43:59,469 [ERROR] LogOutputStream:75 - [STDERR_REDIRECT] [Fatal Error] :1:1: Premature end of file.
2025-08-07 01:43:59,469 [ERROR] LogOutputStream:75 - [STDERR_REDIRECT] 
2025-08-07 01:44:00,470 [ERROR] LogOutputStream:75 - [STDERR_REDIRECT] [Fatal Error] :1:1: Premature end of file.
2025-08-07 01:44:00,470 [ERROR] LogOutputStream:75 - [STDERR_REDIRECT] 
2025-08-07 01:44:01,456 [ERROR] LogOutputStream:75 - [STDERR_REDIRECT] [Fatal Error] :1:1: Premature end of file.
2025-08-07 01:44:01,457 [ERROR] LogOutputStream:75 - [STDERR_REDIRECT] 
2025-08-07 01:44:02,459 [ERROR] LogOutputStream:75 - [STDERR_REDIRECT] [Fatal Error] :1:1: Premature end of file.
2025-08-07 01:44:02,459 [ERROR] LogOutputStream:75 - [STDERR_REDIRECT] 
2025-08-07 01:44:03,458 [ERROR] LogOutputStream:75 - [STDERR_REDIRECT] [Fatal Error] :1:1: Premature end of file.
2025-08-07 01:44:03,459 [ERROR] LogOutputStream:75 - [STDERR_REDIRECT] 
2025-08-07 01:44:04,460 [ERROR] LogOutputStream:75 - [STDERR_REDIRECT] [Fatal Error] :1:1: Premature end of file.
2025-08-07 01:44:04,460 [ERROR] LogOutputStream:75 - [STDERR_REDIRECT] 
2025-08-07 01:44:05,457 [ERROR] LogOutputStream:75 - [STDERR_REDIRECT] [Fatal Error] :1:1: Premature end of file.
2025-08-07 01:44:05,458 [ERROR] LogOutputStream:75 - [STDERR_REDIRECT] 
2025-08-07 01:44:06,463 [ERROR] LogOutputStream:75 - [STDERR_REDIRECT] [Fatal Error] :1:1: Premature end of file.
2025-08-07 01:44:06,464 [ERROR] LogOutputStream:75 - [STDERR_REDIRECT] 
2025-08-07 01:44:07,506 [ERROR] LogOutputStream:75 - [STDERR_REDIRECT] [Fatal Error] :1:1: Premature end of file.
2025-08-07 01:44:07,507 [ERROR] LogOutputStream:75 - [STDERR_REDIRECT] 
2025-08-07 01:44:08,474 [ERROR] LogOutputStream:75 - [STDERR_REDIRECT] [Fatal Error] :1:1: Premature end of file.
2025-08-07 01:44:08,475 [ERROR] LogOutputStream:75 - [STDERR_REDIRECT] 
2025-08-07 01:44:09,455 [ERROR] LogOutputStream:75 - [STDERR_REDIRECT] [Fatal Error] :1:1: Premature end of file.
2025-08-07 01:44:09,455 [ERROR] LogOutputStream:75 - [STDERR_REDIRECT] 
2025-08-07 01:44:10,458 [ERROR] LogOutputStream:75 - [STDERR_REDIRECT] [Fatal Error] :1:1: Premature end of file.
2025-08-07 01:44:10,459 [ERROR] LogOutputStream:75 - [STDERR_REDIRECT] 
2025-08-07 01:44:11,458 [ERROR] LogOutputStream:75 - [STDERR_REDIRECT] [Fatal Error] :1:1: Premature end of file.
2025-08-07 01:44:11,458 [ERROR] LogOutputStream:75 - [STDERR_REDIRECT] 
2025-08-07 01:44:12,457 [ERROR] LogOutputStream:75 - [STDERR_REDIRECT] [Fatal Error] :1:1: Premature end of file.
2025-08-07 01:44:12,458 [ERROR] LogOutputStream:75 - [STDERR_REDIRECT] 
2025-08-07 01:44:13,523 [ERROR] LogOutputStream:75 - [STDERR_REDIRECT] [Fatal Error] :1:1: Premature end of file.
2025-08-07 01:44:13,523 [ERROR] LogOutputStream:75 - [STDERR_REDIRECT] 
2025-08-07 01:44:14,455 [ERROR] LogOutputStream:75 - [STDERR_REDIRECT] [Fatal Error] :1:1: Premature end of file.
2025-08-07 01:44:14,455 [ERROR] LogOutputStream:75 - [STDERR_REDIRECT] 
2025-08-07 01:44:15,457 [ERROR] LogOutputStream:75 - [STDERR_REDIRECT] [Fatal Error] :1:1: Premature end of file.
2025-08-07 01:44:15,457 [ERROR] LogOutputStream:75 - [STDERR_REDIRECT] 
2025-08-07 01:44:16,456 [ERROR] LogOutputStream:75 - [STDERR_REDIRECT] [Fatal Error] :1:1: Premature end of file.
2025-08-07 01:44:16,457 [ERROR] LogOutputStream:75 - [STDERR_REDIRECT] 
2025-08-07 01:44:17,457 [ERROR] LogOutputStream:75 - [STDERR_REDIRECT] [Fatal Error] :1:1: Premature end of file.
2025-08-07 01:44:17,457 [ERROR] LogOutputStream:75 - [STDERR_REDIRECT] 
2025-08-07 01:44:18,455 [ERROR] LogOutputStream:75 - [STDERR_REDIRECT] [Fatal Error] :1:1: Premature end of file.
2025-08-07 01:44:18,455 [ERROR] LogOutputStream:75 - [STDERR_REDIRECT] 
2025-08-07 01:44:19,455 [ERROR] LogOutputStream:75 - [STDERR_REDIRECT] [Fatal Error] :1:1: Premature end of file.
2025-08-07 01:44:19,455 [ERROR] LogOutputStream:75 - [STDERR_REDIRECT] 
2025-08-07 01:44:20,455 [ERROR] LogOutputStream:75 - [STDERR_REDIRECT] [Fatal Error] :1:1: Premature end of file.
2025-08-07 01:44:20,455 [ERROR] LogOutputStream:75 - [STDERR_REDIRECT] 
2025-08-07 01:44:21,454 [ERROR] LogOutputStream:75 - [STDERR_REDIRECT] [Fatal Error] :1:1: Premature end of file.
2025-08-07 01:44:21,454 [ERROR] LogOutputStream:75 - [STDERR_REDIRECT] 
2025-08-07 01:44:22,466 [ERROR] LogOutputStream:75 - [STDERR_REDIRECT] [Fatal Error] :1:1: Premature end of file.
2025-08-07 01:44:22,466 [ERROR] LogOutputStream:75 - [STDERR_REDIRECT] 
2025-08-07 01:44:23,469 [ERROR] LogOutputStream:75 - [STDERR_REDIRECT] [Fatal Error] :1:1: Premature end of file.
2025-08-07 01:44:23,469 [ERROR] LogOutputStream:75 - [STDERR_REDIRECT] 
2025-08-07 01:44:24,456 [ERROR] LogOutputStream:75 - [STDERR_REDIRECT] [Fatal Error] :1:1: Premature end of file.
2025-08-07 01:44:24,456 [ERROR] LogOutputStream:75 - [STDERR_REDIRECT] 
2025-08-07 01:44:25,455 [ERROR] LogOutputStream:75 - [STDERR_REDIRECT] [Fatal Error] :1:1: Premature end of file.
2025-08-07 01:44:25,455 [ERROR] LogOutputStream:75 - [STDERR_REDIRECT] 
2025-08-07 01:44:26,454 [ERROR] LogOutputStream:75 - [STDERR_REDIRECT] [Fatal Error] :1:1: Premature end of file.
2025-08-07 01:44:26,455 [ERROR] LogOutputStream:75 - [STDERR_REDIRECT] 
2025-08-07 01:44:27,460 [ERROR] LogOutputStream:75 - [STDERR_REDIRECT] [Fatal Error] :1:1: Premature end of file.
2025-08-07 01:44:27,461 [ERROR] LogOutputStream:75 - [STDERR_REDIRECT] 
2025-08-07 01:44:28,458 [ERROR] LogOutputStream:75 - [STDERR_REDIRECT] [Fatal Error] :1:1: Premature end of file.
2025-08-07 01:44:28,458 [ERROR] LogOutputStream:75 - [STDERR_REDIRECT] 
2025-08-07 01:44:29,455 [ERROR] LogOutputStream:75 - [STDERR_REDIRECT] [Fatal Error] :1:1: Premature end of file.
2025-08-07 01:44:29,455 [ERROR] LogOutputStream:75 - [STDERR_REDIRECT] 
2025-08-07 01:44:30,457 [ERROR] LogOutputStream:75 - [STDERR_REDIRECT] [Fatal Error] :1:1: Premature end of file.
2025-08-07 01:44:30,458 [ERROR] LogOutputStream:75 - [STDERR_REDIRECT] 
2025-08-07 01:44:31,454 [ERROR] LogOutputStream:75 - [STDERR_REDIRECT] [Fatal Error] :1:1: Premature end of file.
2025-08-07 01:44:31,454 [ERROR] LogOutputStream:75 - [STDERR_REDIRECT] 
2025-08-07 01:44:32,455 [ERROR] LogOutputStream:75 - [STDERR_REDIRECT] [Fatal Error] :1:1: Premature end of file.
2025-08-07 01:44:32,455 [ERROR] LogOutputStream:75 - [STDERR_REDIRECT] 
2025-08-07 01:44:33,456 [ERROR] LogOutputStream:75 - [STDERR_REDIRECT] [Fatal Error] :1:1: Premature end of file.
2025-08-07 01:44:33,456 [ERROR] LogOutputStream:75 - [STDERR_REDIRECT] 
2025-08-07 01:44:34,453 [ERROR] LogOutputStream:75 - [STDERR_REDIRECT] [Fatal Error] :1:1: Premature end of file.
2025-08-07 01:44:34,454 [ERROR] LogOutputStream:75 - [STDERR_REDIRECT] 
2025-08-07 01:44:35,455 [ERROR] LogOutputStream:75 - [STDERR_REDIRECT] [Fatal Error] :1:1: Premature end of file.
2025-08-07 01:44:35,455 [ERROR] LogOutputStream:75 - [STDERR_REDIRECT] 
2025-08-07 01:44:36,516 [ERROR] LogOutputStream:75 - [STDERR_REDIRECT] [Fatal Error] :1:1: Premature end of file.
2025-08-07 01:44:36,516 [ERROR] LogOutputStream:75 - [STDERR_REDIRECT] 
2025-08-07 01:44:37,458 [ERROR] LogOutputStream:75 - [STDERR_REDIRECT] [Fatal Error] :1:1: Premature end of file.
2025-08-07 01:44:37,458 [ERROR] LogOutputStream:75 - [STDERR_REDIRECT] 
2025-08-07 01:44:38,455 [ERROR] LogOutputStream:75 - [STDERR_REDIRECT] [Fatal Error] :1:1: Premature end of file.
2025-08-07 01:44:38,455 [ERROR] LogOutputStream:75 - [STDERR_REDIRECT] 
2025-08-07 01:44:39,455 [ERROR] LogOutputStream:75 - [STDERR_REDIRECT] [Fatal Error] :1:1: Premature end of file.
2025-08-07 01:44:39,455 [ERROR] LogOutputStream:75 - [STDERR_REDIRECT] 
2025-08-07 01:44:40,455 [ERROR] LogOutputStream:75 - [STDERR_REDIRECT] [Fatal Error] :1:1: Premature end of file.
2025-08-07 01:44:40,455 [ERROR] LogOutputStream:75 - [STDERR_REDIRECT] 
2025-08-07 01:44:41,456 [ERROR] LogOutputStream:75 - [STDERR_REDIRECT] [Fatal Error] :1:1: Premature end of file.
2025-08-07 01:44:41,456 [ERROR] LogOutputStream:75 - [STDERR_REDIRECT] 
2025-08-07 01:44:42,454 [ERROR] LogOutputStream:75 - [STDERR_REDIRECT] [Fatal Error] :1:1: Premature end of file.
2025-08-07 01:44:42,454 [ERROR] LogOutputStream:75 - [STDERR_REDIRECT] 
2025-08-07 01:44:43,456 [ERROR] LogOutputStream:75 - [STDERR_REDIRECT] [Fatal Error] :1:1: Premature end of file.
2025-08-07 01:44:43,456 [ERROR] LogOutputStream:75 - [STDERR_REDIRECT] 
2025-08-07 01:44:44,458 [ERROR] LogOutputStream:75 - [STDERR_REDIRECT] [Fatal Error] :1:1: Premature end of file.
2025-08-07 01:44:44,458 [ERROR] LogOutputStream:75 - [STDERR_REDIRECT] 
2025-08-07 01:44:45,458 [ERROR] LogOutputStream:75 - [STDERR_REDIRECT] [Fatal Error] :1:1: Premature end of file.
2025-08-07 01:44:45,458 [ERROR] LogOutputStream:75 - [STDERR_REDIRECT] 
2025-08-07 01:44:46,462 [ERROR] LogOutputStream:75 - [STDERR_REDIRECT] [Fatal Error] :1:1: Premature end of file.
2025-08-07 01:44:46,464 [ERROR] LogOutputStream:75 - [STDERR_REDIRECT] 
2025-08-07 01:44:47,460 [ERROR] LogOutputStream:75 - [STDERR_REDIRECT] [Fatal Error] :1:1: Premature end of file.
2025-08-07 01:44:47,460 [ERROR] LogOutputStream:75 - [STDERR_REDIRECT] 
2025-08-07 01:44:48,456 [ERROR] LogOutputStream:75 - [STDERR_REDIRECT] [Fatal Error] :1:1: Premature end of file.
2025-08-07 01:44:48,456 [ERROR] LogOutputStream:75 - [STDERR_REDIRECT] 
2025-08-07 01:44:49,458 [ERROR] LogOutputStream:75 - [STDERR_REDIRECT] [Fatal Error] :1:1: Premature end of file.
2025-08-07 01:44:49,458 [ERROR] LogOutputStream:75 - [STDERR_REDIRECT] 
2025-08-07 01:44:50,455 [ERROR] LogOutputStream:75 - [STDERR_REDIRECT] [Fatal Error] :1:1: Premature end of file.
2025-08-07 01:44:50,455 [ERROR] LogOutputStream:75 - [STDERR_REDIRECT] 
2025-08-07 01:44:51,455 [ERROR] LogOutputStream:75 - [STDERR_REDIRECT] [Fatal Error] :1:1: Premature end of file.
2025-08-07 01:44:51,455 [ERROR] LogOutputStream:75 - [STDERR_REDIRECT] 
2025-08-07 01:44:52,455 [ERROR] LogOutputStream:75 - [STDERR_REDIRECT] [Fatal Error] :1:1: Premature end of file.
2025-08-07 01:44:52,455 [ERROR] LogOutputStream:75 - [STDERR_REDIRECT] 
2025-08-07 01:44:53,454 [ERROR] LogOutputStream:75 - [STDERR_REDIRECT] [Fatal Error] :1:1: Premature end of file.
2025-08-07 01:44:53,455 [ERROR] LogOutputStream:75 - [STDERR_REDIRECT] 
2025-08-07 01:44:54,455 [ERROR] LogOutputStream:75 - [STDERR_REDIRECT] [Fatal Error] :1:1: Premature end of file.
2025-08-07 01:44:54,455 [ERROR] LogOutputStream:75 - [STDERR_REDIRECT] 
2025-08-07 01:44:55,458 [ERROR] LogOutputStream:75 - [STDERR_REDIRECT] [Fatal Error] :1:1: Premature end of file.
2025-08-07 01:44:55,458 [ERROR] LogOutputStream:75 - [STDERR_REDIRECT] 
2025-08-07 01:44:56,457 [ERROR] LogOutputStream:75 - [STDERR_REDIRECT] [Fatal Error] :1:1: Premature end of file.
2025-08-07 01:44:56,457 [ERROR] LogOutputStream:75 - [STDERR_REDIRECT] 
2025-08-07 01:44:57,460 [ERROR] LogOutputStream:75 - [STDERR_REDIRECT] [Fatal Error] :1:1: Premature end of file.
2025-08-07 01:44:57,460 [ERROR] LogOutputStream:75 - [STDERR_REDIRECT] 
2025-08-07 01:44:58,455 [ERROR] LogOutputStream:75 - [STDERR_REDIRECT] [Fatal Error] :1:1: Premature end of file.
2025-08-07 01:44:58,455 [ERROR] LogOutputStream:75 - [STDERR_REDIRECT] 
2025-08-07 01:44:59,454 [ERROR] LogOutputStream:75 - [STDERR_REDIRECT] [Fatal Error] :1:1: Premature end of file.
2025-08-07 01:44:59,455 [ERROR] LogOutputStream:75 - [STDERR_REDIRECT] 
2025-08-07 01:45:00,462 [ERROR] LogOutputStream:75 - [STDERR_REDIRECT] [Fatal Error] :1:1: Premature end of file.
2025-08-07 01:45:00,463 [ERROR] LogOutputStream:75 - [STDERR_REDIRECT] 
2025-08-07 01:45:01,456 [ERROR] LogOutputStream:75 - [STDERR_REDIRECT] [Fatal Error] :1:1: Premature end of file.
2025-08-07 01:45:01,456 [ERROR] LogOutputStream:75 - [STDERR_REDIRECT] 
2025-08-07 01:45:02,472 [ERROR] LogOutputStream:75 - [STDERR_REDIRECT] [Fatal Error] :1:1: Premature end of file.
2025-08-07 01:45:02,472 [ERROR] LogOutputStream:75 - [STDERR_REDIRECT] 
2025-08-07 01:45:03,460 [ERROR] LogOutputStream:75 - [STDERR_REDIRECT] [Fatal Error] :1:1: Premature end of file.
2025-08-07 01:45:03,460 [ERROR] LogOutputStream:75 - [STDERR_REDIRECT] 
2025-08-07 01:45:04,460 [ERROR] LogOutputStream:75 - [STDERR_REDIRECT] [Fatal Error] :1:1: Premature end of file.
2025-08-07 01:45:04,461 [ERROR] LogOutputStream:75 - [STDERR_REDIRECT] 
2025-08-07 01:45:05,470 [ERROR] LogOutputStream:75 - [STDERR_REDIRECT] [Fatal Error] :1:1: Premature end of file.
2025-08-07 01:45:05,470 [ERROR] LogOutputStream:75 - [STDERR_REDIRECT] 
2025-08-07 01:45:06,468 [ERROR] LogOutputStream:75 - [STDERR_REDIRECT] [Fatal Error] :1:1: Premature end of file.
2025-08-07 01:45:06,468 [ERROR] LogOutputStream:75 - [STDERR_REDIRECT] 
2025-08-07 01:45:07,473 [ERROR] LogOutputStream:75 - [STDERR_REDIRECT] [Fatal Error] :1:1: Premature end of file.
2025-08-07 01:45:07,473 [ERROR] LogOutputStream:75 - [STDERR_REDIRECT] 
2025-08-07 01:45:08,463 [ERROR] LogOutputStream:75 - [STDERR_REDIRECT] [Fatal Error] :1:1: Premature end of file.
2025-08-07 01:45:08,463 [ERROR] LogOutputStream:75 - [STDERR_REDIRECT] 
2025-08-07 01:45:09,477 [ERROR] LogOutputStream:75 - [STDERR_REDIRECT] [Fatal Error] :1:1: Premature end of file.
2025-08-07 01:45:09,478 [ERROR] LogOutputStream:75 - [STDERR_REDIRECT] 
2025-08-07 01:45:10,485 [ERROR] LogOutputStream:75 - [STDERR_REDIRECT] [Fatal Error] :1:1: Premature end of file.
2025-08-07 01:45:10,485 [ERROR] LogOutputStream:75 - [STDERR_REDIRECT] 
2025-08-07 01:45:11,467 [ERROR] LogOutputStream:75 - [STDERR_REDIRECT] [Fatal Error] :1:1: Premature end of file.
2025-08-07 01:45:11,467 [ERROR] LogOutputStream:75 - [STDERR_REDIRECT] 
2025-08-07 01:45:12,471 [ERROR] LogOutputStream:75 - [STDERR_REDIRECT] [Fatal Error] :1:1: Premature end of file.
2025-08-07 01:45:12,471 [ERROR] LogOutputStream:75 - [STDERR_REDIRECT] 
2025-08-07 01:45:13,456 [ERROR] LogOutputStream:75 - [STDERR_REDIRECT] [Fatal Error] :1:1: Premature end of file.
2025-08-07 01:45:13,456 [ERROR] LogOutputStream:75 - [STDERR_REDIRECT] 
2025-08-07 01:45:14,460 [ERROR] LogOutputStream:75 - [STDERR_REDIRECT] [Fatal Error] :1:1: Premature end of file.
2025-08-07 01:45:14,460 [ERROR] LogOutputStream:75 - [STDERR_REDIRECT] 
2025-08-07 01:45:15,474 [ERROR] LogOutputStream:75 - [STDERR_REDIRECT] [Fatal Error] :1:1: Premature end of file.
2025-08-07 01:45:15,474 [ERROR] LogOutputStream:75 - [STDERR_REDIRECT] 
2025-08-07 01:45:16,455 [ERROR] LogOutputStream:75 - [STDERR_REDIRECT] [Fatal Error] :1:1: Premature end of file.
2025-08-07 01:45:16,457 [ERROR] LogOutputStream:75 - [STDERR_REDIRECT] 
2025-08-07 01:45:17,464 [ERROR] LogOutputStream:75 - [STDERR_REDIRECT] [Fatal Error] :1:1: Premature end of file.
2025-08-07 01:45:17,464 [ERROR] LogOutputStream:75 - [STDERR_REDIRECT] 
2025-08-07 01:45:18,461 [ERROR] LogOutputStream:75 - [STDERR_REDIRECT] [Fatal Error] :1:1: Premature end of file.
2025-08-07 01:45:18,461 [ERROR] LogOutputStream:75 - [STDERR_REDIRECT] 
2025-08-07 01:45:19,479 [ERROR] LogOutputStream:75 - [STDERR_REDIRECT] [Fatal Error] :1:1: Premature end of file.
2025-08-07 01:45:19,480 [ERROR] LogOutputStream:75 - [STDERR_REDIRECT] 
2025-08-07 01:45:20,457 [ERROR] LogOutputStream:75 - [STDERR_REDIRECT] [Fatal Error] :1:1: Premature end of file.
2025-08-07 01:45:20,457 [ERROR] LogOutputStream:75 - [STDERR_REDIRECT] 
2025-08-07 01:45:21,460 [ERROR] LogOutputStream:75 - [STDERR_REDIRECT] [Fatal Error] :1:1: Premature end of file.
2025-08-07 01:45:21,460 [ERROR] LogOutputStream:75 - [STDERR_REDIRECT] 
2025-08-07 01:45:22,484 [ERROR] LogOutputStream:75 - [STDERR_REDIRECT] [Fatal Error] :1:1: Premature end of file.
2025-08-07 01:45:22,484 [ERROR] LogOutputStream:75 - [STDERR_REDIRECT] 
2025-08-07 01:45:23,466 [ERROR] LogOutputStream:75 - [STDERR_REDIRECT] [Fatal Error] :1:1: Premature end of file.
2025-08-07 01:45:23,466 [ERROR] LogOutputStream:75 - [STDERR_REDIRECT] 
2025-08-07 01:45:24,476 [ERROR] LogOutputStream:75 - [STDERR_REDIRECT] [Fatal Error] :1:1: Premature end of file.
2025-08-07 01:45:24,477 [ERROR] LogOutputStream:75 - [STDERR_REDIRECT] 
2025-08-07 01:45:25,469 [ERROR] LogOutputStream:75 - [STDERR_REDIRECT] [Fatal Error] :1:1: Premature end of file.
2025-08-07 01:45:25,469 [ERROR] LogOutputStream:75 - [STDERR_REDIRECT] 
2025-08-07 01:45:25,683 [INFO] McuFinderGlobals:76 - Set McuFinderConnectedMode to true
2025-08-07 01:45:25,689 [INFO] ApiDb:448 - Save user favorites file C:\Users\SNYDE/.stm32cubeide/favorites.mcus.txt: 0 item(s)
2025-08-07 01:45:25,689 [INFO] ApiDb:452 - User favorites MCUs=[]
2025-08-07 01:45:26,472 [ERROR] LogOutputStream:75 - [STDERR_REDIRECT] [Fatal Error] :1:1: Premature end of file.
2025-08-07 01:45:26,472 [ERROR] LogOutputStream:75 - [STDERR_REDIRECT] 
2025-08-07 01:45:27,471 [ERROR] LogOutputStream:75 - [STDERR_REDIRECT] [Fatal Error] :1:1: Premature end of file.
2025-08-07 01:45:27,472 [ERROR] LogOutputStream:75 - [STDERR_REDIRECT] 
2025-08-07 01:45:28,467 [ERROR] LogOutputStream:75 - [STDERR_REDIRECT] [Fatal Error] :1:1: Premature end of file.
2025-08-07 01:45:28,467 [ERROR] LogOutputStream:75 - [STDERR_REDIRECT] 
2025-08-07 01:45:29,468 [ERROR] LogOutputStream:75 - [STDERR_REDIRECT] [Fatal Error] :1:1: Premature end of file.
2025-08-07 01:45:29,468 [ERROR] LogOutputStream:75 - [STDERR_REDIRECT] 
2025-08-07 01:45:30,453 [ERROR] LogOutputStream:75 - [STDERR_REDIRECT] [Fatal Error] :1:1: Premature end of file.
2025-08-07 01:45:30,453 [ERROR] LogOutputStream:75 - [STDERR_REDIRECT] 
2025-08-07 01:45:31,465 [ERROR] LogOutputStream:75 - [STDERR_REDIRECT] [Fatal Error] :1:1: Premature end of file.
2025-08-07 01:45:31,465 [ERROR] LogOutputStream:75 - [STDERR_REDIRECT] 
2025-08-07 01:45:32,460 [ERROR] LogOutputStream:75 - [STDERR_REDIRECT] [Fatal Error] :1:1: Premature end of file.
2025-08-07 01:45:32,460 [ERROR] LogOutputStream:75 - [STDERR_REDIRECT] 
2025-08-07 01:45:33,457 [ERROR] LogOutputStream:75 - [STDERR_REDIRECT] [Fatal Error] :1:1: Premature end of file.
2025-08-07 01:45:33,457 [ERROR] LogOutputStream:75 - [STDERR_REDIRECT] 
2025-08-07 01:45:34,454 [ERROR] LogOutputStream:75 - [STDERR_REDIRECT] [Fatal Error] :1:1: Premature end of file.
2025-08-07 01:45:34,455 [ERROR] LogOutputStream:75 - [STDERR_REDIRECT] 
2025-08-07 01:45:35,456 [ERROR] LogOutputStream:75 - [STDERR_REDIRECT] [Fatal Error] :1:1: Premature end of file.
2025-08-07 01:45:35,456 [ERROR] LogOutputStream:75 - [STDERR_REDIRECT] 
2025-08-07 01:45:36,458 [ERROR] LogOutputStream:75 - [STDERR_REDIRECT] [Fatal Error] :1:1: Premature end of file.
2025-08-07 01:45:36,458 [ERROR] LogOutputStream:75 - [STDERR_REDIRECT] 
2025-08-07 01:45:37,464 [ERROR] LogOutputStream:75 - [STDERR_REDIRECT] [Fatal Error] :1:1: Premature end of file.
2025-08-07 01:45:37,464 [ERROR] LogOutputStream:75 - [STDERR_REDIRECT] 
2025-08-07 01:45:38,462 [ERROR] LogOutputStream:75 - [STDERR_REDIRECT] [Fatal Error] :1:1: Premature end of file.
2025-08-07 01:45:38,462 [ERROR] LogOutputStream:75 - [STDERR_REDIRECT] 
2025-08-07 01:45:39,470 [ERROR] LogOutputStream:75 - [STDERR_REDIRECT] [Fatal Error] :1:1: Premature end of file.
2025-08-07 01:45:39,470 [ERROR] LogOutputStream:75 - [STDERR_REDIRECT] 
2025-08-07 01:45:40,464 [ERROR] LogOutputStream:75 - [STDERR_REDIRECT] [Fatal Error] :1:1: Premature end of file.
2025-08-07 01:45:40,465 [ERROR] LogOutputStream:75 - [STDERR_REDIRECT] 
2025-08-07 01:45:41,488 [ERROR] LogOutputStream:75 - [STDERR_REDIRECT] [Fatal Error] :1:1: Premature end of file.
2025-08-07 01:45:41,488 [ERROR] LogOutputStream:75 - [STDERR_REDIRECT] 
2025-08-07 01:45:42,461 [ERROR] LogOutputStream:75 - [STDERR_REDIRECT] [Fatal Error] :1:1: Premature end of file.
2025-08-07 01:45:42,461 [ERROR] LogOutputStream:75 - [STDERR_REDIRECT] 
2025-08-07 01:45:43,455 [ERROR] LogOutputStream:75 - [STDERR_REDIRECT] [Fatal Error] :1:1: Premature end of file.
2025-08-07 01:45:43,455 [ERROR] LogOutputStream:75 - [STDERR_REDIRECT] 
2025-08-07 01:45:44,456 [ERROR] LogOutputStream:75 - [STDERR_REDIRECT] [Fatal Error] :1:1: Premature end of file.
2025-08-07 01:45:44,456 [ERROR] LogOutputStream:75 - [STDERR_REDIRECT] 
2025-08-07 01:45:45,469 [ERROR] LogOutputStream:75 - [STDERR_REDIRECT] [Fatal Error] :1:1: Premature end of file.
2025-08-07 01:45:45,469 [ERROR] LogOutputStream:75 - [STDERR_REDIRECT] 
2025-08-07 01:45:46,459 [ERROR] LogOutputStream:75 - [STDERR_REDIRECT] [Fatal Error] :1:1: Premature end of file.
2025-08-07 01:45:46,459 [ERROR] LogOutputStream:75 - [STDERR_REDIRECT] 
2025-08-07 01:45:47,461 [ERROR] LogOutputStream:75 - [STDERR_REDIRECT] [Fatal Error] :1:1: Premature end of file.
2025-08-07 01:45:47,462 [ERROR] LogOutputStream:75 - [STDERR_REDIRECT] 
2025-08-07 01:45:48,457 [ERROR] LogOutputStream:75 - [STDERR_REDIRECT] [Fatal Error] :1:1: Premature end of file.
2025-08-07 01:45:48,457 [ERROR] LogOutputStream:75 - [STDERR_REDIRECT] 
2025-08-07 01:45:49,455 [ERROR] LogOutputStream:75 - [STDERR_REDIRECT] [Fatal Error] :1:1: Premature end of file.
2025-08-07 01:45:49,455 [ERROR] LogOutputStream:75 - [STDERR_REDIRECT] 
2025-08-07 01:45:50,454 [ERROR] LogOutputStream:75 - [STDERR_REDIRECT] [Fatal Error] :1:1: Premature end of file.
2025-08-07 01:45:50,455 [ERROR] LogOutputStream:75 - [STDERR_REDIRECT] 
2025-08-07 01:45:51,457 [ERROR] LogOutputStream:75 - [STDERR_REDIRECT] [Fatal Error] :1:1: Premature end of file.
2025-08-07 01:45:51,457 [ERROR] LogOutputStream:75 - [STDERR_REDIRECT] 
2025-08-07 01:45:52,455 [ERROR] LogOutputStream:75 - [STDERR_REDIRECT] [Fatal Error] :1:1: Premature end of file.
2025-08-07 01:45:52,455 [ERROR] LogOutputStream:75 - [STDERR_REDIRECT] 
2025-08-07 01:45:53,454 [ERROR] LogOutputStream:75 - [STDERR_REDIRECT] [Fatal Error] :1:1: Premature end of file.
2025-08-07 01:45:53,454 [ERROR] LogOutputStream:75 - [STDERR_REDIRECT] 
2025-08-07 01:45:54,454 [ERROR] LogOutputStream:75 - [STDERR_REDIRECT] [Fatal Error] :1:1: Premature end of file.
2025-08-07 01:45:54,454 [ERROR] LogOutputStream:75 - [STDERR_REDIRECT] 
2025-08-07 01:45:55,453 [ERROR] LogOutputStream:75 - [STDERR_REDIRECT] [Fatal Error] :1:1: Premature end of file.
2025-08-07 01:45:55,453 [ERROR] LogOutputStream:75 - [STDERR_REDIRECT] 
2025-08-07 01:45:56,454 [ERROR] LogOutputStream:75 - [STDERR_REDIRECT] [Fatal Error] :1:1: Premature end of file.
2025-08-07 01:45:56,454 [ERROR] LogOutputStream:75 - [STDERR_REDIRECT] 
2025-08-07 01:45:57,454 [ERROR] LogOutputStream:75 - [STDERR_REDIRECT] [Fatal Error] :1:1: Premature end of file.
2025-08-07 01:45:57,454 [ERROR] LogOutputStream:75 - [STDERR_REDIRECT] 
2025-08-07 01:45:58,455 [ERROR] LogOutputStream:75 - [STDERR_REDIRECT] [Fatal Error] :1:1: Premature end of file.
2025-08-07 01:45:58,455 [ERROR] LogOutputStream:75 - [STDERR_REDIRECT] 
2025-08-07 01:45:59,453 [ERROR] LogOutputStream:75 - [STDERR_REDIRECT] [Fatal Error] :1:1: Premature end of file.
2025-08-07 01:45:59,453 [ERROR] LogOutputStream:75 - [STDERR_REDIRECT] 
2025-08-07 01:46:00,454 [ERROR] LogOutputStream:75 - [STDERR_REDIRECT] [Fatal Error] :1:1: Premature end of file.
2025-08-07 01:46:00,454 [ERROR] LogOutputStream:75 - [STDERR_REDIRECT] 
2025-08-07 01:46:01,454 [ERROR] LogOutputStream:75 - [STDERR_REDIRECT] [Fatal Error] :1:1: Premature end of file.
2025-08-07 01:46:01,454 [ERROR] LogOutputStream:75 - [STDERR_REDIRECT] 
2025-08-07 01:46:02,454 [ERROR] LogOutputStream:75 - [STDERR_REDIRECT] [Fatal Error] :1:1: Premature end of file.
2025-08-07 01:46:02,454 [ERROR] LogOutputStream:75 - [STDERR_REDIRECT] 
2025-08-07 01:46:03,453 [ERROR] LogOutputStream:75 - [STDERR_REDIRECT] [Fatal Error] :1:1: Premature end of file.
2025-08-07 01:46:03,453 [ERROR] LogOutputStream:75 - [STDERR_REDIRECT] 
2025-08-07 01:46:04,454 [ERROR] LogOutputStream:75 - [STDERR_REDIRECT] [Fatal Error] :1:1: Premature end of file.
2025-08-07 01:46:04,454 [ERROR] LogOutputStream:75 - [STDERR_REDIRECT] 
2025-08-07 01:46:05,454 [ERROR] LogOutputStream:75 - [STDERR_REDIRECT] [Fatal Error] :1:1: Premature end of file.
2025-08-07 01:46:05,454 [ERROR] LogOutputStream:75 - [STDERR_REDIRECT] 
2025-08-07 01:46:06,454 [ERROR] LogOutputStream:75 - [STDERR_REDIRECT] [Fatal Error] :1:1: Premature end of file.
2025-08-07 01:46:06,454 [ERROR] LogOutputStream:75 - [STDERR_REDIRECT] 
2025-08-07 01:46:07,454 [ERROR] LogOutputStream:75 - [STDERR_REDIRECT] [Fatal Error] :1:1: Premature end of file.
2025-08-07 01:46:07,455 [ERROR] LogOutputStream:75 - [STDERR_REDIRECT] 
2025-08-07 01:46:08,452 [ERROR] LogOutputStream:75 - [STDERR_REDIRECT] [Fatal Error] :1:1: Premature end of file.
2025-08-07 01:46:08,454 [ERROR] LogOutputStream:75 - [STDERR_REDIRECT] 
2025-08-07 01:46:09,454 [ERROR] LogOutputStream:75 - [STDERR_REDIRECT] [Fatal Error] :1:1: Premature end of file.
2025-08-07 01:46:09,454 [ERROR] LogOutputStream:75 - [STDERR_REDIRECT] 
2025-08-07 01:46:10,453 [ERROR] LogOutputStream:75 - [STDERR_REDIRECT] [Fatal Error] :1:1: Premature end of file.
2025-08-07 01:46:10,453 [ERROR] LogOutputStream:75 - [STDERR_REDIRECT] 
2025-08-07 01:46:11,453 [ERROR] LogOutputStream:75 - [STDERR_REDIRECT] [Fatal Error] :1:1: Premature end of file.
2025-08-07 01:46:11,453 [ERROR] LogOutputStream:75 - [STDERR_REDIRECT] 
2025-08-07 01:46:12,454 [ERROR] LogOutputStream:75 - [STDERR_REDIRECT] [Fatal Error] :1:1: Premature end of file.
2025-08-07 01:46:12,454 [ERROR] LogOutputStream:75 - [STDERR_REDIRECT] 
2025-08-07 01:46:13,453 [ERROR] LogOutputStream:75 - [STDERR_REDIRECT] [Fatal Error] :1:1: Premature end of file.
2025-08-07 01:46:13,453 [ERROR] LogOutputStream:75 - [STDERR_REDIRECT] 
2025-08-07 01:46:14,455 [ERROR] LogOutputStream:75 - [STDERR_REDIRECT] [Fatal Error] :1:1: Premature end of file.
2025-08-07 01:46:14,455 [ERROR] LogOutputStream:75 - [STDERR_REDIRECT] 
2025-08-07 01:46:15,454 [ERROR] LogOutputStream:75 - [STDERR_REDIRECT] [Fatal Error] :1:1: Premature end of file.
2025-08-07 01:46:15,454 [ERROR] LogOutputStream:75 - [STDERR_REDIRECT] 
2025-08-07 01:46:16,455 [ERROR] LogOutputStream:75 - [STDERR_REDIRECT] [Fatal Error] :1:1: Premature end of file.
2025-08-07 01:46:16,455 [ERROR] LogOutputStream:75 - [STDERR_REDIRECT] 
2025-08-07 01:46:17,454 [ERROR] LogOutputStream:75 - [STDERR_REDIRECT] [Fatal Error] :1:1: Premature end of file.
2025-08-07 01:46:17,454 [ERROR] LogOutputStream:75 - [STDERR_REDIRECT] 
2025-08-07 01:46:18,455 [ERROR] LogOutputStream:75 - [STDERR_REDIRECT] [Fatal Error] :1:1: Premature end of file.
2025-08-07 01:46:18,457 [ERROR] LogOutputStream:75 - [STDERR_REDIRECT] 
2025-08-07 01:46:19,454 [ERROR] LogOutputStream:75 - [STDERR_REDIRECT] [Fatal Error] :1:1: Premature end of file.
2025-08-07 01:46:19,454 [ERROR] LogOutputStream:75 - [STDERR_REDIRECT] 
2025-08-07 01:46:20,454 [ERROR] LogOutputStream:75 - [STDERR_REDIRECT] [Fatal Error] :1:1: Premature end of file.
2025-08-07 01:46:20,454 [ERROR] LogOutputStream:75 - [STDERR_REDIRECT] 
2025-08-07 01:46:21,534 [ERROR] LogOutputStream:75 - [STDERR_REDIRECT] [Fatal Error] :1:1: Premature end of file.
2025-08-07 01:46:21,534 [ERROR] LogOutputStream:75 - [STDERR_REDIRECT] 
2025-08-07 01:46:22,454 [ERROR] LogOutputStream:75 - [STDERR_REDIRECT] [Fatal Error] :1:1: Premature end of file.
2025-08-07 01:46:22,454 [ERROR] LogOutputStream:75 - [STDERR_REDIRECT] 
2025-08-07 01:46:23,454 [ERROR] LogOutputStream:75 - [STDERR_REDIRECT] [Fatal Error] :1:1: Premature end of file.
2025-08-07 01:46:23,454 [ERROR] LogOutputStream:75 - [STDERR_REDIRECT] 
2025-08-07 01:46:24,460 [ERROR] LogOutputStream:75 - [STDERR_REDIRECT] [Fatal Error] :1:1: Premature end of file.
2025-08-07 01:46:24,460 [ERROR] LogOutputStream:75 - [STDERR_REDIRECT] 
2025-08-07 01:46:25,454 [ERROR] LogOutputStream:75 - [STDERR_REDIRECT] [Fatal Error] :1:1: Premature end of file.
2025-08-07 01:46:25,454 [ERROR] LogOutputStream:75 - [STDERR_REDIRECT] 
2025-08-07 01:46:26,455 [ERROR] LogOutputStream:75 - [STDERR_REDIRECT] [Fatal Error] :1:1: Premature end of file.
2025-08-07 01:46:26,455 [ERROR] LogOutputStream:75 - [STDERR_REDIRECT] 
2025-08-07 01:46:27,462 [ERROR] LogOutputStream:75 - [STDERR_REDIRECT] [Fatal Error] :1:1: Premature end of file.
2025-08-07 01:46:27,462 [ERROR] LogOutputStream:75 - [STDERR_REDIRECT] 
2025-08-07 01:46:28,460 [ERROR] LogOutputStream:75 - [STDERR_REDIRECT] [Fatal Error] :1:1: Premature end of file.
2025-08-07 01:46:28,460 [ERROR] LogOutputStream:75 - [STDERR_REDIRECT] 
2025-08-07 01:46:29,455 [ERROR] LogOutputStream:75 - [STDERR_REDIRECT] [Fatal Error] :1:1: Premature end of file.
2025-08-07 01:46:29,455 [ERROR] LogOutputStream:75 - [STDERR_REDIRECT] 
2025-08-07 01:46:30,458 [ERROR] LogOutputStream:75 - [STDERR_REDIRECT] [Fatal Error] :1:1: Premature end of file.
2025-08-07 01:46:30,458 [ERROR] LogOutputStream:75 - [STDERR_REDIRECT] 
2025-08-07 01:46:31,459 [ERROR] LogOutputStream:75 - [STDERR_REDIRECT] [Fatal Error] :1:1: Premature end of file.
2025-08-07 01:46:31,459 [ERROR] LogOutputStream:75 - [STDERR_REDIRECT] 
2025-08-07 01:46:32,461 [ERROR] LogOutputStream:75 - [STDERR_REDIRECT] [Fatal Error] :1:1: Premature end of file.
2025-08-07 01:46:32,461 [ERROR] LogOutputStream:75 - [STDERR_REDIRECT] 
2025-08-07 01:46:33,492 [ERROR] LogOutputStream:75 - [STDERR_REDIRECT] [Fatal Error] :1:1: Premature end of file.
2025-08-07 01:46:33,493 [ERROR] LogOutputStream:75 - [STDERR_REDIRECT] 
2025-08-07 01:46:34,455 [ERROR] LogOutputStream:75 - [STDERR_REDIRECT] [Fatal Error] :1:1: Premature end of file.
2025-08-07 01:46:34,455 [ERROR] LogOutputStream:75 - [STDERR_REDIRECT] 
2025-08-07 01:46:35,454 [ERROR] LogOutputStream:75 - [STDERR_REDIRECT] [Fatal Error] :1:1: Premature end of file.
2025-08-07 01:46:35,454 [ERROR] LogOutputStream:75 - [STDERR_REDIRECT] 
2025-08-07 01:46:36,455 [ERROR] LogOutputStream:75 - [STDERR_REDIRECT] [Fatal Error] :1:1: Premature end of file.
2025-08-07 01:46:36,455 [ERROR] LogOutputStream:75 - [STDERR_REDIRECT] 
2025-08-07 01:46:37,453 [ERROR] LogOutputStream:75 - [STDERR_REDIRECT] [Fatal Error] :1:1: Premature end of file.
2025-08-07 01:46:37,454 [ERROR] LogOutputStream:75 - [STDERR_REDIRECT] 
2025-08-07 01:46:38,454 [ERROR] LogOutputStream:75 - [STDERR_REDIRECT] [Fatal Error] :1:1: Premature end of file.
2025-08-07 01:46:38,454 [ERROR] LogOutputStream:75 - [STDERR_REDIRECT] 
2025-08-07 01:46:39,454 [ERROR] LogOutputStream:75 - [STDERR_REDIRECT] [Fatal Error] :1:1: Premature end of file.
2025-08-07 01:46:39,454 [ERROR] LogOutputStream:75 - [STDERR_REDIRECT] 
2025-08-07 01:46:40,526 [ERROR] LogOutputStream:75 - [STDERR_REDIRECT] [Fatal Error] :1:1: Premature end of file.
2025-08-07 01:46:40,527 [ERROR] LogOutputStream:75 - [STDERR_REDIRECT] 
2025-08-07 01:46:41,454 [ERROR] LogOutputStream:75 - [STDERR_REDIRECT] [Fatal Error] :1:1: Premature end of file.
2025-08-07 01:46:41,454 [ERROR] LogOutputStream:75 - [STDERR_REDIRECT] 
2025-08-07 01:46:42,454 [ERROR] LogOutputStream:75 - [STDERR_REDIRECT] [Fatal Error] :1:1: Premature end of file.
2025-08-07 01:46:42,454 [ERROR] LogOutputStream:75 - [STDERR_REDIRECT] 
2025-08-07 01:46:43,454 [ERROR] LogOutputStream:75 - [STDERR_REDIRECT] [Fatal Error] :1:1: Premature end of file.
2025-08-07 01:46:43,454 [ERROR] LogOutputStream:75 - [STDERR_REDIRECT] 
2025-08-07 01:46:44,453 [ERROR] LogOutputStream:75 - [STDERR_REDIRECT] [Fatal Error] :1:1: Premature end of file.
2025-08-07 01:46:44,453 [ERROR] LogOutputStream:75 - [STDERR_REDIRECT] 
2025-08-07 01:46:45,454 [ERROR] LogOutputStream:75 - [STDERR_REDIRECT] [Fatal Error] :1:1: Premature end of file.
2025-08-07 01:46:45,455 [ERROR] LogOutputStream:75 - [STDERR_REDIRECT] 
2025-08-07 01:46:46,460 [ERROR] LogOutputStream:75 - [STDERR_REDIRECT] [Fatal Error] :1:1: Premature end of file.
2025-08-07 01:46:46,460 [ERROR] LogOutputStream:75 - [STDERR_REDIRECT] 
2025-08-07 01:46:47,455 [ERROR] LogOutputStream:75 - [STDERR_REDIRECT] [Fatal Error] :1:1: Premature end of file.
2025-08-07 01:46:47,455 [ERROR] LogOutputStream:75 - [STDERR_REDIRECT] 
2025-08-07 01:46:48,453 [ERROR] LogOutputStream:75 - [STDERR_REDIRECT] [Fatal Error] :1:1: Premature end of file.
2025-08-07 01:46:48,454 [ERROR] LogOutputStream:75 - [STDERR_REDIRECT] 
2025-08-07 01:46:49,454 [ERROR] LogOutputStream:75 - [STDERR_REDIRECT] [Fatal Error] :1:1: Premature end of file.
2025-08-07 01:46:49,454 [ERROR] LogOutputStream:75 - [STDERR_REDIRECT] 
2025-08-07 01:46:50,453 [ERROR] LogOutputStream:75 - [STDERR_REDIRECT] [Fatal Error] :1:1: Premature end of file.
2025-08-07 01:46:50,453 [ERROR] LogOutputStream:75 - [STDERR_REDIRECT] 
2025-08-07 01:46:51,457 [ERROR] LogOutputStream:75 - [STDERR_REDIRECT] [Fatal Error] :1:1: Premature end of file.
2025-08-07 01:46:51,457 [ERROR] LogOutputStream:75 - [STDERR_REDIRECT] 
2025-08-07 01:46:52,455 [ERROR] LogOutputStream:75 - [STDERR_REDIRECT] [Fatal Error] :1:1: Premature end of file.
2025-08-07 01:46:52,455 [ERROR] LogOutputStream:75 - [STDERR_REDIRECT] 
2025-08-07 01:46:53,454 [ERROR] LogOutputStream:75 - [STDERR_REDIRECT] [Fatal Error] :1:1: Premature end of file.
2025-08-07 01:46:53,454 [ERROR] LogOutputStream:75 - [STDERR_REDIRECT] 
2025-08-07 01:46:54,459 [ERROR] LogOutputStream:75 - [STDERR_REDIRECT] [Fatal Error] :1:1: Premature end of file.
2025-08-07 01:46:54,459 [ERROR] LogOutputStream:75 - [STDERR_REDIRECT] 
2025-08-07 01:46:55,460 [ERROR] LogOutputStream:75 - [STDERR_REDIRECT] [Fatal Error] :1:1: Premature end of file.
2025-08-07 01:46:55,460 [ERROR] LogOutputStream:75 - [STDERR_REDIRECT] 
2025-08-07 01:46:56,454 [ERROR] LogOutputStream:75 - [STDERR_REDIRECT] [Fatal Error] :1:1: Premature end of file.
2025-08-07 01:46:56,455 [ERROR] LogOutputStream:75 - [STDERR_REDIRECT] 
2025-08-07 01:46:57,454 [ERROR] LogOutputStream:75 - [STDERR_REDIRECT] [Fatal Error] :1:1: Premature end of file.
2025-08-07 01:46:57,454 [ERROR] LogOutputStream:75 - [STDERR_REDIRECT] 
2025-08-07 01:46:58,455 [ERROR] LogOutputStream:75 - [STDERR_REDIRECT] [Fatal Error] :1:1: Premature end of file.
2025-08-07 01:46:58,455 [ERROR] LogOutputStream:75 - [STDERR_REDIRECT] 
2025-08-07 01:46:59,456 [ERROR] LogOutputStream:75 - [STDERR_REDIRECT] [Fatal Error] :1:1: Premature end of file.
2025-08-07 01:46:59,457 [ERROR] LogOutputStream:75 - [STDERR_REDIRECT] 
2025-08-07 01:47:00,469 [ERROR] LogOutputStream:75 - [STDERR_REDIRECT] [Fatal Error] :1:1: Premature end of file.
2025-08-07 01:47:00,469 [ERROR] LogOutputStream:75 - [STDERR_REDIRECT] 
2025-08-07 01:47:01,455 [ERROR] LogOutputStream:75 - [STDERR_REDIRECT] [Fatal Error] :1:1: Premature end of file.
2025-08-07 01:47:01,457 [ERROR] LogOutputStream:75 - [STDERR_REDIRECT] 
2025-08-07 01:47:02,460 [ERROR] LogOutputStream:75 - [STDERR_REDIRECT] [Fatal Error] :1:1: Premature end of file.
2025-08-07 01:47:02,461 [ERROR] LogOutputStream:75 - [STDERR_REDIRECT] 
2025-08-07 01:47:03,454 [ERROR] LogOutputStream:75 - [STDERR_REDIRECT] [Fatal Error] :1:1: Premature end of file.
2025-08-07 01:47:03,454 [ERROR] LogOutputStream:75 - [STDERR_REDIRECT] 
2025-08-07 01:47:04,455 [ERROR] LogOutputStream:75 - [STDERR_REDIRECT] [Fatal Error] :1:1: Premature end of file.
2025-08-07 01:47:04,455 [ERROR] LogOutputStream:75 - [STDERR_REDIRECT] 
2025-08-07 01:47:05,454 [ERROR] LogOutputStream:75 - [STDERR_REDIRECT] [Fatal Error] :1:1: Premature end of file.
2025-08-07 01:47:05,454 [ERROR] LogOutputStream:75 - [STDERR_REDIRECT] 
2025-08-07 01:47:06,454 [ERROR] LogOutputStream:75 - [STDERR_REDIRECT] [Fatal Error] :1:1: Premature end of file.
2025-08-07 01:47:06,454 [ERROR] LogOutputStream:75 - [STDERR_REDIRECT] 
2025-08-07 01:47:07,459 [ERROR] LogOutputStream:75 - [STDERR_REDIRECT] [Fatal Error] :1:1: Premature end of file.
2025-08-07 01:47:07,459 [ERROR] LogOutputStream:75 - [STDERR_REDIRECT] 
2025-08-07 01:47:08,454 [ERROR] LogOutputStream:75 - [STDERR_REDIRECT] [Fatal Error] :1:1: Premature end of file.
2025-08-07 01:47:08,454 [ERROR] LogOutputStream:75 - [STDERR_REDIRECT] 
2025-08-07 01:47:09,459 [ERROR] LogOutputStream:75 - [STDERR_REDIRECT] [Fatal Error] :1:1: Premature end of file.
2025-08-07 01:47:09,459 [ERROR] LogOutputStream:75 - [STDERR_REDIRECT] 
2025-08-07 01:47:10,453 [ERROR] LogOutputStream:75 - [STDERR_REDIRECT] [Fatal Error] :1:1: Premature end of file.
2025-08-07 01:47:10,453 [ERROR] LogOutputStream:75 - [STDERR_REDIRECT] 
2025-08-07 01:47:11,456 [ERROR] LogOutputStream:75 - [STDERR_REDIRECT] [Fatal Error] :1:1: Premature end of file.
2025-08-07 01:47:11,456 [ERROR] LogOutputStream:75 - [STDERR_REDIRECT] 
2025-08-07 01:47:12,454 [ERROR] LogOutputStream:75 - [STDERR_REDIRECT] [Fatal Error] :1:1: Premature end of file.
2025-08-07 01:47:12,454 [ERROR] LogOutputStream:75 - [STDERR_REDIRECT] 
2025-08-07 01:47:13,461 [ERROR] LogOutputStream:75 - [STDERR_REDIRECT] [Fatal Error] :1:1: Premature end of file.
2025-08-07 01:47:13,461 [ERROR] LogOutputStream:75 - [STDERR_REDIRECT] 
2025-08-07 01:47:14,462 [ERROR] LogOutputStream:75 - [STDERR_REDIRECT] [Fatal Error] :1:1: Premature end of file.
2025-08-07 01:47:14,462 [ERROR] LogOutputStream:75 - [STDERR_REDIRECT] 
2025-08-07 01:47:15,461 [ERROR] LogOutputStream:75 - [STDERR_REDIRECT] [Fatal Error] :1:1: Premature end of file.
2025-08-07 01:47:15,461 [ERROR] LogOutputStream:75 - [STDERR_REDIRECT] 
2025-08-07 01:47:16,462 [ERROR] LogOutputStream:75 - [STDERR_REDIRECT] [Fatal Error] :1:1: Premature end of file.
2025-08-07 01:47:16,462 [ERROR] LogOutputStream:75 - [STDERR_REDIRECT] 
2025-08-07 01:47:17,464 [ERROR] LogOutputStream:75 - [STDERR_REDIRECT] [Fatal Error] :1:1: Premature end of file.
2025-08-07 01:47:17,465 [ERROR] LogOutputStream:75 - [STDERR_REDIRECT] 
2025-08-07 01:47:18,462 [ERROR] LogOutputStream:75 - [STDERR_REDIRECT] [Fatal Error] :1:1: Premature end of file.
2025-08-07 01:47:18,463 [ERROR] LogOutputStream:75 - [STDERR_REDIRECT] 
2025-08-07 01:47:19,455 [ERROR] LogOutputStream:75 - [STDERR_REDIRECT] [Fatal Error] :1:1: Premature end of file.
2025-08-07 01:47:19,455 [ERROR] LogOutputStream:75 - [STDERR_REDIRECT] 
2025-08-07 01:47:20,454 [ERROR] LogOutputStream:75 - [STDERR_REDIRECT] [Fatal Error] :1:1: Premature end of file.
2025-08-07 01:47:20,454 [ERROR] LogOutputStream:75 - [STDERR_REDIRECT] 
2025-08-07 01:47:21,454 [ERROR] LogOutputStream:75 - [STDERR_REDIRECT] [Fatal Error] :1:1: Premature end of file.
2025-08-07 01:47:21,454 [ERROR] LogOutputStream:75 - [STDERR_REDIRECT] 
2025-08-07 01:47:22,453 [ERROR] LogOutputStream:75 - [STDERR_REDIRECT] [Fatal Error] :1:1: Premature end of file.
2025-08-07 01:47:22,453 [ERROR] LogOutputStream:75 - [STDERR_REDIRECT] 
2025-08-07 01:47:23,454 [ERROR] LogOutputStream:75 - [STDERR_REDIRECT] [Fatal Error] :1:1: Premature end of file.
2025-08-07 01:47:23,455 [ERROR] LogOutputStream:75 - [STDERR_REDIRECT] 
2025-08-07 01:47:24,471 [ERROR] LogOutputStream:75 - [STDERR_REDIRECT] [Fatal Error] :1:1: Premature end of file.
2025-08-07 01:47:24,471 [ERROR] LogOutputStream:75 - [STDERR_REDIRECT] 
2025-08-07 01:47:25,453 [ERROR] LogOutputStream:75 - [STDERR_REDIRECT] [Fatal Error] :1:1: Premature end of file.
2025-08-07 01:47:25,453 [ERROR] LogOutputStream:75 - [STDERR_REDIRECT] 
2025-08-07 01:47:26,454 [ERROR] LogOutputStream:75 - [STDERR_REDIRECT] [Fatal Error] :1:1: Premature end of file.
2025-08-07 01:47:26,454 [ERROR] LogOutputStream:75 - [STDERR_REDIRECT] 
2025-08-07 01:47:27,456 [ERROR] LogOutputStream:75 - [STDERR_REDIRECT] [Fatal Error] :1:1: Premature end of file.
2025-08-07 01:47:27,456 [ERROR] LogOutputStream:75 - [STDERR_REDIRECT] 
2025-08-07 01:47:28,455 [ERROR] LogOutputStream:75 - [STDERR_REDIRECT] [Fatal Error] :1:1: Premature end of file.
2025-08-07 01:47:28,455 [ERROR] LogOutputStream:75 - [STDERR_REDIRECT] 
2025-08-07 01:47:29,467 [ERROR] LogOutputStream:75 - [STDERR_REDIRECT] [Fatal Error] :1:1: Premature end of file.
2025-08-07 01:47:29,468 [ERROR] LogOutputStream:75 - [STDERR_REDIRECT] 
2025-08-07 01:47:30,459 [ERROR] LogOutputStream:75 - [STDERR_REDIRECT] [Fatal Error] :1:1: Premature end of file.
2025-08-07 01:47:30,459 [ERROR] LogOutputStream:75 - [STDERR_REDIRECT] 
2025-08-07 01:47:31,463 [ERROR] LogOutputStream:75 - [STDERR_REDIRECT] [Fatal Error] :1:1: Premature end of file.
2025-08-07 01:47:31,463 [ERROR] LogOutputStream:75 - [STDERR_REDIRECT] 
2025-08-07 01:47:32,460 [ERROR] LogOutputStream:75 - [STDERR_REDIRECT] [Fatal Error] :1:1: Premature end of file.
2025-08-07 01:47:32,460 [ERROR] LogOutputStream:75 - [STDERR_REDIRECT] 
2025-08-07 01:47:33,460 [ERROR] LogOutputStream:75 - [STDERR_REDIRECT] [Fatal Error] :1:1: Premature end of file.
2025-08-07 01:47:33,460 [ERROR] LogOutputStream:75 - [STDERR_REDIRECT] 
2025-08-07 01:47:34,490 [ERROR] LogOutputStream:75 - [STDERR_REDIRECT] [Fatal Error] :1:1: Premature end of file.
2025-08-07 01:47:34,490 [ERROR] LogOutputStream:75 - [STDERR_REDIRECT] 
2025-08-07 01:47:35,460 [ERROR] LogOutputStream:75 - [STDERR_REDIRECT] [Fatal Error] :1:1: Premature end of file.
2025-08-07 01:47:35,460 [ERROR] LogOutputStream:75 - [STDERR_REDIRECT] 
2025-08-07 01:47:36,454 [ERROR] LogOutputStream:75 - [STDERR_REDIRECT] [Fatal Error] :1:1: Premature end of file.
2025-08-07 01:47:36,454 [ERROR] LogOutputStream:75 - [STDERR_REDIRECT] 
2025-08-07 01:47:37,455 [ERROR] LogOutputStream:75 - [STDERR_REDIRECT] [Fatal Error] :1:1: Premature end of file.
2025-08-07 01:47:37,456 [ERROR] LogOutputStream:75 - [STDERR_REDIRECT] 
2025-08-07 01:47:38,459 [ERROR] LogOutputStream:75 - [STDERR_REDIRECT] [Fatal Error] :1:1: Premature end of file.
2025-08-07 01:47:38,460 [ERROR] LogOutputStream:75 - [STDERR_REDIRECT] 
2025-08-07 01:47:39,454 [ERROR] LogOutputStream:75 - [STDERR_REDIRECT] [Fatal Error] :1:1: Premature end of file.
2025-08-07 01:47:39,454 [ERROR] LogOutputStream:75 - [STDERR_REDIRECT] 
2025-08-07 01:47:40,468 [ERROR] LogOutputStream:75 - [STDERR_REDIRECT] [Fatal Error] :1:1: Premature end of file.
2025-08-07 01:47:40,468 [ERROR] LogOutputStream:75 - [STDERR_REDIRECT] 
2025-08-07 01:47:41,458 [ERROR] LogOutputStream:75 - [STDERR_REDIRECT] [Fatal Error] :1:1: Premature end of file.
2025-08-07 01:47:41,458 [ERROR] LogOutputStream:75 - [STDERR_REDIRECT] 
2025-08-07 01:47:42,453 [ERROR] LogOutputStream:75 - [STDERR_REDIRECT] [Fatal Error] :1:1: Premature end of file.
2025-08-07 01:47:42,453 [ERROR] LogOutputStream:75 - [STDERR_REDIRECT] 
2025-08-07 01:47:43,534 [ERROR] LogOutputStream:75 - [STDERR_REDIRECT] [Fatal Error] :1:1: Premature end of file.
2025-08-07 01:47:43,534 [ERROR] LogOutputStream:75 - [STDERR_REDIRECT] 
2025-08-07 01:47:44,589 [ERROR] LogOutputStream:75 - [STDERR_REDIRECT] [Fatal Error] :1:1: Premature end of file.
2025-08-07 01:47:44,590 [ERROR] LogOutputStream:75 - [STDERR_REDIRECT] 
2025-08-07 01:47:45,600 [ERROR] LogOutputStream:75 - [STDERR_REDIRECT] [Fatal Error] :1:1: Premature end of file.
2025-08-07 01:47:45,601 [ERROR] LogOutputStream:75 - [STDERR_REDIRECT] 
2025-08-07 01:47:46,460 [ERROR] LogOutputStream:75 - [STDERR_REDIRECT] [Fatal Error] :1:1: Premature end of file.
2025-08-07 01:47:46,460 [ERROR] LogOutputStream:75 - [STDERR_REDIRECT] 
2025-08-07 01:47:47,460 [ERROR] LogOutputStream:75 - [STDERR_REDIRECT] [Fatal Error] :1:1: Premature end of file.
2025-08-07 01:47:47,460 [ERROR] LogOutputStream:75 - [STDERR_REDIRECT] 
2025-08-07 01:47:48,459 [ERROR] LogOutputStream:75 - [STDERR_REDIRECT] [Fatal Error] :1:1: Premature end of file.
2025-08-07 01:47:48,459 [ERROR] LogOutputStream:75 - [STDERR_REDIRECT] 
2025-08-07 01:47:49,453 [ERROR] LogOutputStream:75 - [STDERR_REDIRECT] [Fatal Error] :1:1: Premature end of file.
2025-08-07 01:47:49,454 [ERROR] LogOutputStream:75 - [STDERR_REDIRECT] 
2025-08-07 01:47:50,457 [ERROR] LogOutputStream:75 - [STDERR_REDIRECT] [Fatal Error] :1:1: Premature end of file.
2025-08-07 01:47:50,457 [ERROR] LogOutputStream:75 - [STDERR_REDIRECT] 
2025-08-07 01:47:51,454 [ERROR] LogOutputStream:75 - [STDERR_REDIRECT] [Fatal Error] :1:1: Premature end of file.
2025-08-07 01:47:51,454 [ERROR] LogOutputStream:75 - [STDERR_REDIRECT] 
2025-08-07 01:47:52,455 [ERROR] LogOutputStream:75 - [STDERR_REDIRECT] [Fatal Error] :1:1: Premature end of file.
2025-08-07 01:47:52,455 [ERROR] LogOutputStream:75 - [STDERR_REDIRECT] 
2025-08-07 01:47:53,456 [ERROR] LogOutputStream:75 - [STDERR_REDIRECT] [Fatal Error] :1:1: Premature end of file.
2025-08-07 01:47:53,456 [ERROR] LogOutputStream:75 - [STDERR_REDIRECT] 
2025-08-07 01:47:54,469 [ERROR] LogOutputStream:75 - [STDERR_REDIRECT] [Fatal Error] :1:1: Premature end of file.
2025-08-07 01:47:54,469 [ERROR] LogOutputStream:75 - [STDERR_REDIRECT] 
2025-08-07 01:47:55,458 [ERROR] LogOutputStream:75 - [STDERR_REDIRECT] [Fatal Error] :1:1: Premature end of file.
2025-08-07 01:47:55,459 [ERROR] LogOutputStream:75 - [STDERR_REDIRECT] 
2025-08-07 01:47:56,458 [ERROR] LogOutputStream:75 - [STDERR_REDIRECT] [Fatal Error] :1:1: Premature end of file.
2025-08-07 01:47:56,458 [ERROR] LogOutputStream:75 - [STDERR_REDIRECT] 
2025-08-07 01:47:57,463 [ERROR] LogOutputStream:75 - [STDERR_REDIRECT] [Fatal Error] :1:1: Premature end of file.
2025-08-07 01:47:57,464 [ERROR] LogOutputStream:75 - [STDERR_REDIRECT] 
2025-08-07 01:47:58,455 [ERROR] LogOutputStream:75 - [STDERR_REDIRECT] [Fatal Error] :1:1: Premature end of file.
2025-08-07 01:47:58,455 [ERROR] LogOutputStream:75 - [STDERR_REDIRECT] 
2025-08-07 01:47:59,459 [ERROR] LogOutputStream:75 - [STDERR_REDIRECT] [Fatal Error] :1:1: Premature end of file.
2025-08-07 01:47:59,459 [ERROR] LogOutputStream:75 - [STDERR_REDIRECT] 
2025-08-07 01:48:00,481 [ERROR] LogOutputStream:75 - [STDERR_REDIRECT] [Fatal Error] :1:1: Premature end of file.
2025-08-07 01:48:00,483 [ERROR] LogOutputStream:75 - [STDERR_REDIRECT] 
2025-08-07 01:48:01,455 [ERROR] LogOutputStream:75 - [STDERR_REDIRECT] [Fatal Error] :1:1: Premature end of file.
2025-08-07 01:48:01,456 [ERROR] LogOutputStream:75 - [STDERR_REDIRECT] 
2025-08-07 01:48:02,473 [ERROR] LogOutputStream:75 - [STDERR_REDIRECT] [Fatal Error] :1:1: Premature end of file.
2025-08-07 01:48:02,474 [ERROR] LogOutputStream:75 - [STDERR_REDIRECT] 
2025-08-07 01:48:03,454 [ERROR] LogOutputStream:75 - [STDERR_REDIRECT] [Fatal Error] :1:1: Premature end of file.
2025-08-07 01:48:03,455 [ERROR] LogOutputStream:75 - [STDERR_REDIRECT] 
2025-08-07 01:48:04,454 [ERROR] LogOutputStream:75 - [STDERR_REDIRECT] [Fatal Error] :1:1: Premature end of file.
2025-08-07 01:48:04,454 [ERROR] LogOutputStream:75 - [STDERR_REDIRECT] 
2025-08-07 01:48:05,453 [ERROR] LogOutputStream:75 - [STDERR_REDIRECT] [Fatal Error] :1:1: Premature end of file.
2025-08-07 01:48:05,453 [ERROR] LogOutputStream:75 - [STDERR_REDIRECT] 
2025-08-07 01:48:06,457 [ERROR] LogOutputStream:75 - [STDERR_REDIRECT] [Fatal Error] :1:1: Premature end of file.
2025-08-07 01:48:06,457 [ERROR] LogOutputStream:75 - [STDERR_REDIRECT] 
2025-08-07 01:48:07,458 [ERROR] LogOutputStream:75 - [STDERR_REDIRECT] [Fatal Error] :1:1: Premature end of file.
2025-08-07 01:48:07,459 [ERROR] LogOutputStream:75 - [STDERR_REDIRECT] 
2025-08-07 01:48:08,455 [ERROR] LogOutputStream:75 - [STDERR_REDIRECT] [Fatal Error] :1:1: Premature end of file.
2025-08-07 01:48:08,455 [ERROR] LogOutputStream:75 - [STDERR_REDIRECT] 
2025-08-07 01:48:09,454 [ERROR] LogOutputStream:75 - [STDERR_REDIRECT] [Fatal Error] :1:1: Premature end of file.
2025-08-07 01:48:09,455 [ERROR] LogOutputStream:75 - [STDERR_REDIRECT] 
2025-08-07 01:48:10,454 [ERROR] LogOutputStream:75 - [STDERR_REDIRECT] [Fatal Error] :1:1: Premature end of file.
2025-08-07 01:48:10,454 [ERROR] LogOutputStream:75 - [STDERR_REDIRECT] 
2025-08-07 01:48:11,455 [ERROR] LogOutputStream:75 - [STDERR_REDIRECT] [Fatal Error] :1:1: Premature end of file.
2025-08-07 01:48:11,455 [ERROR] LogOutputStream:75 - [STDERR_REDIRECT] 
2025-08-07 01:48:12,457 [ERROR] LogOutputStream:75 - [STDERR_REDIRECT] [Fatal Error] :1:1: Premature end of file.
2025-08-07 01:48:12,457 [ERROR] LogOutputStream:75 - [STDERR_REDIRECT] 
2025-08-07 01:48:13,456 [ERROR] LogOutputStream:75 - [STDERR_REDIRECT] [Fatal Error] :1:1: Premature end of file.
2025-08-07 01:48:13,457 [ERROR] LogOutputStream:75 - [STDERR_REDIRECT] 
2025-08-07 01:48:14,457 [ERROR] LogOutputStream:75 - [STDERR_REDIRECT] [Fatal Error] :1:1: Premature end of file.
2025-08-07 01:48:14,458 [ERROR] LogOutputStream:75 - [STDERR_REDIRECT] 
2025-08-07 01:48:15,460 [ERROR] LogOutputStream:75 - [STDERR_REDIRECT] [Fatal Error] :1:1: Premature end of file.
2025-08-07 01:48:15,460 [ERROR] LogOutputStream:75 - [STDERR_REDIRECT] 
2025-08-07 01:48:16,458 [ERROR] LogOutputStream:75 - [STDERR_REDIRECT] [Fatal Error] :1:1: Premature end of file.
2025-08-07 01:48:16,458 [ERROR] LogOutputStream:75 - [STDERR_REDIRECT] 
2025-08-07 01:48:17,454 [ERROR] LogOutputStream:75 - [STDERR_REDIRECT] [Fatal Error] :1:1: Premature end of file.
2025-08-07 01:48:17,454 [ERROR] LogOutputStream:75 - [STDERR_REDIRECT] 
2025-08-07 01:48:18,458 [ERROR] LogOutputStream:75 - [STDERR_REDIRECT] [Fatal Error] :1:1: Premature end of file.
2025-08-07 01:48:18,458 [ERROR] LogOutputStream:75 - [STDERR_REDIRECT] 
2025-08-07 01:48:19,470 [ERROR] LogOutputStream:75 - [STDERR_REDIRECT] [Fatal Error] :1:1: Premature end of file.
2025-08-07 01:48:19,471 [ERROR] LogOutputStream:75 - [STDERR_REDIRECT] 
2025-08-07 01:48:20,460 [ERROR] LogOutputStream:75 - [STDERR_REDIRECT] [Fatal Error] :1:1: Premature end of file.
2025-08-07 01:48:20,462 [ERROR] LogOutputStream:75 - [STDERR_REDIRECT] 
2025-08-07 01:48:21,457 [ERROR] LogOutputStream:75 - [STDERR_REDIRECT] [Fatal Error] :1:1: Premature end of file.
2025-08-07 01:48:21,457 [ERROR] LogOutputStream:75 - [STDERR_REDIRECT] 
2025-08-07 01:48:22,454 [ERROR] LogOutputStream:75 - [STDERR_REDIRECT] [Fatal Error] :1:1: Premature end of file.
2025-08-07 01:48:22,454 [ERROR] LogOutputStream:75 - [STDERR_REDIRECT] 
2025-08-07 01:48:23,459 [ERROR] LogOutputStream:75 - [STDERR_REDIRECT] [Fatal Error] :1:1: Premature end of file.
2025-08-07 01:48:23,460 [ERROR] LogOutputStream:75 - [STDERR_REDIRECT] 
2025-08-07 01:48:24,463 [ERROR] LogOutputStream:75 - [STDERR_REDIRECT] [Fatal Error] :1:1: Premature end of file.
2025-08-07 01:48:24,463 [ERROR] LogOutputStream:75 - [STDERR_REDIRECT] 
2025-08-07 01:48:25,454 [ERROR] LogOutputStream:75 - [STDERR_REDIRECT] [Fatal Error] :1:1: Premature end of file.
2025-08-07 01:48:25,454 [ERROR] LogOutputStream:75 - [STDERR_REDIRECT] 
2025-08-07 01:48:26,454 [ERROR] LogOutputStream:75 - [STDERR_REDIRECT] [Fatal Error] :1:1: Premature end of file.
2025-08-07 01:48:26,455 [ERROR] LogOutputStream:75 - [STDERR_REDIRECT] 
2025-08-07 01:48:27,454 [ERROR] LogOutputStream:75 - [STDERR_REDIRECT] [Fatal Error] :1:1: Premature end of file.
2025-08-07 01:48:27,454 [ERROR] LogOutputStream:75 - [STDERR_REDIRECT] 
2025-08-07 01:48:28,454 [ERROR] LogOutputStream:75 - [STDERR_REDIRECT] [Fatal Error] :1:1: Premature end of file.
2025-08-07 01:48:28,454 [ERROR] LogOutputStream:75 - [STDERR_REDIRECT] 
2025-08-07 01:48:29,455 [ERROR] LogOutputStream:75 - [STDERR_REDIRECT] [Fatal Error] :1:1: Premature end of file.
2025-08-07 01:48:29,455 [ERROR] LogOutputStream:75 - [STDERR_REDIRECT] 
2025-08-07 01:48:30,454 [ERROR] LogOutputStream:75 - [STDERR_REDIRECT] [Fatal Error] :1:1: Premature end of file.
2025-08-07 01:48:30,454 [ERROR] LogOutputStream:75 - [STDERR_REDIRECT] 
2025-08-07 01:48:31,460 [ERROR] LogOutputStream:75 - [STDERR_REDIRECT] [Fatal Error] :1:1: Premature end of file.
2025-08-07 01:48:31,460 [ERROR] LogOutputStream:75 - [STDERR_REDIRECT] 
2025-08-07 01:48:32,455 [ERROR] LogOutputStream:75 - [STDERR_REDIRECT] [Fatal Error] :1:1: Premature end of file.
2025-08-07 01:48:32,456 [ERROR] LogOutputStream:75 - [STDERR_REDIRECT] 
2025-08-07 01:48:33,463 [ERROR] LogOutputStream:75 - [STDERR_REDIRECT] [Fatal Error] :1:1: Premature end of file.
2025-08-07 01:48:33,463 [ERROR] LogOutputStream:75 - [STDERR_REDIRECT] 
2025-08-07 01:48:34,453 [ERROR] LogOutputStream:75 - [STDERR_REDIRECT] [Fatal Error] :1:1: Premature end of file.
2025-08-07 01:48:34,453 [ERROR] LogOutputStream:75 - [STDERR_REDIRECT] 
2025-08-07 01:48:35,454 [ERROR] LogOutputStream:75 - [STDERR_REDIRECT] [Fatal Error] :1:1: Premature end of file.
2025-08-07 01:48:35,454 [ERROR] LogOutputStream:75 - [STDERR_REDIRECT] 
2025-08-07 01:48:36,453 [ERROR] LogOutputStream:75 - [STDERR_REDIRECT] [Fatal Error] :1:1: Premature end of file.
2025-08-07 01:48:36,454 [ERROR] LogOutputStream:75 - [STDERR_REDIRECT] 
2025-08-07 01:48:37,454 [ERROR] LogOutputStream:75 - [STDERR_REDIRECT] [Fatal Error] :1:1: Premature end of file.
2025-08-07 01:48:37,454 [ERROR] LogOutputStream:75 - [STDERR_REDIRECT] 
2025-08-07 01:48:38,454 [ERROR] LogOutputStream:75 - [STDERR_REDIRECT] [Fatal Error] :1:1: Premature end of file.
2025-08-07 01:48:38,454 [ERROR] LogOutputStream:75 - [STDERR_REDIRECT] 
2025-08-07 01:48:39,453 [ERROR] LogOutputStream:75 - [STDERR_REDIRECT] [Fatal Error] :1:1: Premature end of file.
2025-08-07 01:48:39,453 [ERROR] LogOutputStream:75 - [STDERR_REDIRECT] 
2025-08-07 01:48:40,453 [ERROR] LogOutputStream:75 - [STDERR_REDIRECT] [Fatal Error] :1:1: Premature end of file.
2025-08-07 01:48:40,454 [ERROR] LogOutputStream:75 - [STDERR_REDIRECT] 
2025-08-07 01:48:41,454 [ERROR] LogOutputStream:75 - [STDERR_REDIRECT] [Fatal Error] :1:1: Premature end of file.
2025-08-07 01:48:41,454 [ERROR] LogOutputStream:75 - [STDERR_REDIRECT] 
2025-08-07 01:48:42,454 [ERROR] LogOutputStream:75 - [STDERR_REDIRECT] [Fatal Error] :1:1: Premature end of file.
2025-08-07 01:48:42,454 [ERROR] LogOutputStream:75 - [STDERR_REDIRECT] 
2025-08-07 01:48:43,454 [ERROR] LogOutputStream:75 - [STDERR_REDIRECT] [Fatal Error] :1:1: Premature end of file.
2025-08-07 01:48:43,455 [ERROR] LogOutputStream:75 - [STDERR_REDIRECT] 
2025-08-07 01:48:44,454 [ERROR] LogOutputStream:75 - [STDERR_REDIRECT] [Fatal Error] :1:1: Premature end of file.
2025-08-07 01:48:44,454 [ERROR] LogOutputStream:75 - [STDERR_REDIRECT] 
2025-08-07 01:48:45,454 [ERROR] LogOutputStream:75 - [STDERR_REDIRECT] [Fatal Error] :1:1: Premature end of file.
2025-08-07 01:48:45,454 [ERROR] LogOutputStream:75 - [STDERR_REDIRECT] 
2025-08-07 01:48:46,460 [ERROR] LogOutputStream:75 - [STDERR_REDIRECT] [Fatal Error] :1:1: Premature end of file.
2025-08-07 01:48:46,460 [ERROR] LogOutputStream:75 - [STDERR_REDIRECT] 
2025-08-07 01:48:47,458 [ERROR] LogOutputStream:75 - [STDERR_REDIRECT] [Fatal Error] :1:1: Premature end of file.
2025-08-07 01:48:47,458 [ERROR] LogOutputStream:75 - [STDERR_REDIRECT] 
2025-08-07 01:48:48,454 [ERROR] LogOutputStream:75 - [STDERR_REDIRECT] [Fatal Error] :1:1: Premature end of file.
2025-08-07 01:48:48,454 [ERROR] LogOutputStream:75 - [STDERR_REDIRECT] 
2025-08-07 01:48:49,456 [ERROR] LogOutputStream:75 - [STDERR_REDIRECT] [Fatal Error] :1:1: Premature end of file.
2025-08-07 01:48:49,457 [ERROR] LogOutputStream:75 - [STDERR_REDIRECT] 
2025-08-07 01:48:50,456 [ERROR] LogOutputStream:75 - [STDERR_REDIRECT] [Fatal Error] :1:1: Premature end of file.
2025-08-07 01:48:50,457 [ERROR] LogOutputStream:75 - [STDERR_REDIRECT] 
2025-08-07 01:48:51,467 [ERROR] LogOutputStream:75 - [STDERR_REDIRECT] [Fatal Error] :1:1: Premature end of file.
2025-08-07 01:48:51,467 [ERROR] LogOutputStream:75 - [STDERR_REDIRECT] 
2025-08-07 01:48:52,461 [ERROR] LogOutputStream:75 - [STDERR_REDIRECT] [Fatal Error] :1:1: Premature end of file.
2025-08-07 01:48:52,461 [ERROR] LogOutputStream:75 - [STDERR_REDIRECT] 
2025-08-07 01:48:53,454 [ERROR] LogOutputStream:75 - [STDERR_REDIRECT] [Fatal Error] :1:1: Premature end of file.
2025-08-07 01:48:53,454 [ERROR] LogOutputStream:75 - [STDERR_REDIRECT] 
2025-08-07 01:48:54,454 [ERROR] LogOutputStream:75 - [STDERR_REDIRECT] [Fatal Error] :1:1: Premature end of file.
2025-08-07 01:48:54,454 [ERROR] LogOutputStream:75 - [STDERR_REDIRECT] 
2025-08-07 01:48:55,461 [ERROR] LogOutputStream:75 - [STDERR_REDIRECT] [Fatal Error] :1:1: Premature end of file.
2025-08-07 01:48:55,461 [ERROR] LogOutputStream:75 - [STDERR_REDIRECT] 
2025-08-07 01:48:56,457 [ERROR] LogOutputStream:75 - [STDERR_REDIRECT] [Fatal Error] :1:1: Premature end of file.
2025-08-07 01:48:56,457 [ERROR] LogOutputStream:75 - [STDERR_REDIRECT] 
2025-08-07 01:48:57,454 [ERROR] LogOutputStream:75 - [STDERR_REDIRECT] [Fatal Error] :1:1: Premature end of file.
2025-08-07 01:48:57,454 [ERROR] LogOutputStream:75 - [STDERR_REDIRECT] 
2025-08-07 01:48:58,454 [ERROR] LogOutputStream:75 - [STDERR_REDIRECT] [Fatal Error] :1:1: Premature end of file.
2025-08-07 01:48:58,454 [ERROR] LogOutputStream:75 - [STDERR_REDIRECT] 
2025-08-07 01:48:59,455 [ERROR] LogOutputStream:75 - [STDERR_REDIRECT] [Fatal Error] :1:1: Premature end of file.
2025-08-07 01:48:59,455 [ERROR] LogOutputStream:75 - [STDERR_REDIRECT] 
2025-08-07 01:49:00,454 [ERROR] LogOutputStream:75 - [STDERR_REDIRECT] [Fatal Error] :1:1: Premature end of file.
2025-08-07 01:49:00,454 [ERROR] LogOutputStream:75 - [STDERR_REDIRECT] 
2025-08-07 01:49:01,454 [ERROR] LogOutputStream:75 - [STDERR_REDIRECT] [Fatal Error] :1:1: Premature end of file.
2025-08-07 01:49:01,454 [ERROR] LogOutputStream:75 - [STDERR_REDIRECT] 
2025-08-07 01:49:02,455 [ERROR] LogOutputStream:75 - [STDERR_REDIRECT] [Fatal Error] :1:1: Premature end of file.
2025-08-07 01:49:02,455 [ERROR] LogOutputStream:75 - [STDERR_REDIRECT] 
2025-08-07 01:49:03,453 [ERROR] LogOutputStream:75 - [STDERR_REDIRECT] [Fatal Error] :1:1: Premature end of file.
2025-08-07 01:49:03,453 [ERROR] LogOutputStream:75 - [STDERR_REDIRECT] 
2025-08-07 01:49:04,455 [ERROR] LogOutputStream:75 - [STDERR_REDIRECT] [Fatal Error] :1:1: Premature end of file.
2025-08-07 01:49:04,455 [ERROR] LogOutputStream:75 - [STDERR_REDIRECT] 
2025-08-07 01:49:05,454 [ERROR] LogOutputStream:75 - [STDERR_REDIRECT] [Fatal Error] :1:1: Premature end of file.
2025-08-07 01:49:05,454 [ERROR] LogOutputStream:75 - [STDERR_REDIRECT] 
2025-08-07 01:49:06,455 [ERROR] LogOutputStream:75 - [STDERR_REDIRECT] [Fatal Error] :1:1: Premature end of file.
2025-08-07 01:49:06,455 [ERROR] LogOutputStream:75 - [STDERR_REDIRECT] 
2025-08-07 01:49:07,463 [ERROR] LogOutputStream:75 - [STDERR_REDIRECT] [Fatal Error] :1:1: Premature end of file.
2025-08-07 01:49:07,463 [ERROR] LogOutputStream:75 - [STDERR_REDIRECT] 
2025-08-07 01:49:08,455 [ERROR] LogOutputStream:75 - [STDERR_REDIRECT] [Fatal Error] :1:1: Premature end of file.
2025-08-07 01:49:08,455 [ERROR] LogOutputStream:75 - [STDERR_REDIRECT] 
2025-08-07 01:49:09,455 [ERROR] LogOutputStream:75 - [STDERR_REDIRECT] [Fatal Error] :1:1: Premature end of file.
2025-08-07 01:49:09,455 [ERROR] LogOutputStream:75 - [STDERR_REDIRECT] 
2025-08-07 01:49:10,454 [ERROR] LogOutputStream:75 - [STDERR_REDIRECT] [Fatal Error] :1:1: Premature end of file.
2025-08-07 01:49:10,454 [ERROR] LogOutputStream:75 - [STDERR_REDIRECT] 
2025-08-07 01:49:11,455 [ERROR] LogOutputStream:75 - [STDERR_REDIRECT] [Fatal Error] :1:1: Premature end of file.
2025-08-07 01:49:11,455 [ERROR] LogOutputStream:75 - [STDERR_REDIRECT] 
2025-08-07 01:49:12,462 [ERROR] LogOutputStream:75 - [STDERR_REDIRECT] [Fatal Error] :1:1: Premature end of file.
2025-08-07 01:49:12,463 [ERROR] LogOutputStream:75 - [STDERR_REDIRECT] 
2025-08-07 01:49:13,465 [ERROR] LogOutputStream:75 - [STDERR_REDIRECT] [Fatal Error] :1:1: Premature end of file.
2025-08-07 01:49:13,465 [ERROR] LogOutputStream:75 - [STDERR_REDIRECT] 
2025-08-07 01:49:14,459 [ERROR] LogOutputStream:75 - [STDERR_REDIRECT] [Fatal Error] :1:1: Premature end of file.
2025-08-07 01:49:14,460 [ERROR] LogOutputStream:75 - [STDERR_REDIRECT] 
2025-08-07 01:49:15,459 [ERROR] LogOutputStream:75 - [STDERR_REDIRECT] [Fatal Error] :1:1: Premature end of file.
2025-08-07 01:49:15,459 [ERROR] LogOutputStream:75 - [STDERR_REDIRECT] 
2025-08-07 01:49:16,455 [ERROR] LogOutputStream:75 - [STDERR_REDIRECT] [Fatal Error] :1:1: Premature end of file.
2025-08-07 01:49:16,455 [ERROR] LogOutputStream:75 - [STDERR_REDIRECT] 
2025-08-07 01:49:17,454 [ERROR] LogOutputStream:75 - [STDERR_REDIRECT] [Fatal Error] :1:1: Premature end of file.
2025-08-07 01:49:17,454 [ERROR] LogOutputStream:75 - [STDERR_REDIRECT] 
2025-08-07 01:49:18,455 [ERROR] LogOutputStream:75 - [STDERR_REDIRECT] [Fatal Error] :1:1: Premature end of file.
2025-08-07 01:49:18,455 [ERROR] LogOutputStream:75 - [STDERR_REDIRECT] 
2025-08-07 01:49:19,454 [ERROR] LogOutputStream:75 - [STDERR_REDIRECT] [Fatal Error] :1:1: Premature end of file.
2025-08-07 01:49:19,454 [ERROR] LogOutputStream:75 - [STDERR_REDIRECT] 
2025-08-07 01:49:20,454 [ERROR] LogOutputStream:75 - [STDERR_REDIRECT] [Fatal Error] :1:1: Premature end of file.
2025-08-07 01:49:20,454 [ERROR] LogOutputStream:75 - [STDERR_REDIRECT] 
2025-08-07 01:49:21,454 [ERROR] LogOutputStream:75 - [STDERR_REDIRECT] [Fatal Error] :1:1: Premature end of file.
2025-08-07 01:49:21,454 [ERROR] LogOutputStream:75 - [STDERR_REDIRECT] 
2025-08-07 01:49:22,454 [ERROR] LogOutputStream:75 - [STDERR_REDIRECT] [Fatal Error] :1:1: Premature end of file.
2025-08-07 01:49:22,454 [ERROR] LogOutputStream:75 - [STDERR_REDIRECT] 
2025-08-07 01:49:23,454 [ERROR] LogOutputStream:75 - [STDERR_REDIRECT] [Fatal Error] :1:1: Premature end of file.
2025-08-07 01:49:23,454 [ERROR] LogOutputStream:75 - [STDERR_REDIRECT] 
2025-08-07 01:49:24,455 [ERROR] LogOutputStream:75 - [STDERR_REDIRECT] [Fatal Error] :1:1: Premature end of file.
2025-08-07 01:49:24,455 [ERROR] LogOutputStream:75 - [STDERR_REDIRECT] 
2025-08-07 01:49:25,454 [ERROR] LogOutputStream:75 - [STDERR_REDIRECT] [Fatal Error] :1:1: Premature end of file.
2025-08-07 01:49:25,454 [ERROR] LogOutputStream:75 - [STDERR_REDIRECT] 
2025-08-07 01:49:26,453 [ERROR] LogOutputStream:75 - [STDERR_REDIRECT] [Fatal Error] :1:1: Premature end of file.
2025-08-07 01:49:26,453 [ERROR] LogOutputStream:75 - [STDERR_REDIRECT] 
2025-08-07 01:49:27,455 [ERROR] LogOutputStream:75 - [STDERR_REDIRECT] [Fatal Error] :1:1: Premature end of file.
2025-08-07 01:49:27,455 [ERROR] LogOutputStream:75 - [STDERR_REDIRECT] 
2025-08-07 01:49:28,454 [ERROR] LogOutputStream:75 - [STDERR_REDIRECT] [Fatal Error] :1:1: Premature end of file.
2025-08-07 01:49:28,454 [ERROR] LogOutputStream:75 - [STDERR_REDIRECT] 
2025-08-07 01:49:29,455 [ERROR] LogOutputStream:75 - [STDERR_REDIRECT] [Fatal Error] :1:1: Premature end of file.
2025-08-07 01:49:29,456 [ERROR] LogOutputStream:75 - [STDERR_REDIRECT] 
2025-08-07 01:49:30,467 [ERROR] LogOutputStream:75 - [STDERR_REDIRECT] [Fatal Error] :1:1: Premature end of file.
2025-08-07 01:49:30,467 [ERROR] LogOutputStream:75 - [STDERR_REDIRECT] 
2025-08-07 01:49:31,454 [ERROR] LogOutputStream:75 - [STDERR_REDIRECT] [Fatal Error] :1:1: Premature end of file.
2025-08-07 01:49:31,455 [ERROR] LogOutputStream:75 - [STDERR_REDIRECT] 
2025-08-07 01:49:32,454 [ERROR] LogOutputStream:75 - [STDERR_REDIRECT] [Fatal Error] :1:1: Premature end of file.
2025-08-07 01:49:32,454 [ERROR] LogOutputStream:75 - [STDERR_REDIRECT] 
2025-08-07 01:49:33,465 [ERROR] LogOutputStream:75 - [STDERR_REDIRECT] [Fatal Error] :1:1: Premature end of file.
2025-08-07 01:49:33,465 [ERROR] LogOutputStream:75 - [STDERR_REDIRECT] 
2025-08-07 01:49:34,455 [ERROR] LogOutputStream:75 - [STDERR_REDIRECT] [Fatal Error] :1:1: Premature end of file.
2025-08-07 01:49:34,455 [ERROR] LogOutputStream:75 - [STDERR_REDIRECT] 
2025-08-07 01:49:35,453 [ERROR] LogOutputStream:75 - [STDERR_REDIRECT] [Fatal Error] :1:1: Premature end of file.
2025-08-07 01:49:35,454 [ERROR] LogOutputStream:75 - [STDERR_REDIRECT] 
2025-08-07 01:49:36,459 [ERROR] LogOutputStream:75 - [STDERR_REDIRECT] [Fatal Error] :1:1: Premature end of file.
2025-08-07 01:49:36,460 [ERROR] LogOutputStream:75 - [STDERR_REDIRECT] 
2025-08-07 01:49:37,454 [ERROR] LogOutputStream:75 - [STDERR_REDIRECT] [Fatal Error] :1:1: Premature end of file.
2025-08-07 01:49:37,454 [ERROR] LogOutputStream:75 - [STDERR_REDIRECT] 
2025-08-07 01:49:38,455 [ERROR] LogOutputStream:75 - [STDERR_REDIRECT] [Fatal Error] :1:1: Premature end of file.
2025-08-07 01:49:38,455 [ERROR] LogOutputStream:75 - [STDERR_REDIRECT] 
2025-08-07 01:49:39,454 [ERROR] LogOutputStream:75 - [STDERR_REDIRECT] [Fatal Error] :1:1: Premature end of file.
2025-08-07 01:49:39,454 [ERROR] LogOutputStream:75 - [STDERR_REDIRECT] 
2025-08-07 01:49:40,454 [ERROR] LogOutputStream:75 - [STDERR_REDIRECT] [Fatal Error] :1:1: Premature end of file.
2025-08-07 01:49:40,454 [ERROR] LogOutputStream:75 - [STDERR_REDIRECT] 
2025-08-07 01:49:41,455 [ERROR] LogOutputStream:75 - [STDERR_REDIRECT] [Fatal Error] :1:1: Premature end of file.
2025-08-07 01:49:41,455 [ERROR] LogOutputStream:75 - [STDERR_REDIRECT] 
2025-08-07 01:49:42,456 [ERROR] LogOutputStream:75 - [STDERR_REDIRECT] [Fatal Error] :1:1: Premature end of file.
2025-08-07 01:49:42,457 [ERROR] LogOutputStream:75 - [STDERR_REDIRECT] 
2025-08-07 01:49:43,472 [ERROR] LogOutputStream:75 - [STDERR_REDIRECT] [Fatal Error] :1:1: Premature end of file.
2025-08-07 01:49:43,472 [ERROR] LogOutputStream:75 - [STDERR_REDIRECT] 
2025-08-07 01:49:44,454 [ERROR] LogOutputStream:75 - [STDERR_REDIRECT] [Fatal Error] :1:1: Premature end of file.
2025-08-07 01:49:44,454 [ERROR] LogOutputStream:75 - [STDERR_REDIRECT] 
2025-08-07 01:49:45,454 [ERROR] LogOutputStream:75 - [STDERR_REDIRECT] [Fatal Error] :1:1: Premature end of file.
2025-08-07 01:49:45,454 [ERROR] LogOutputStream:75 - [STDERR_REDIRECT] 
2025-08-07 01:49:46,460 [ERROR] LogOutputStream:75 - [STDERR_REDIRECT] [Fatal Error] :1:1: Premature end of file.
2025-08-07 01:49:46,461 [ERROR] LogOutputStream:75 - [STDERR_REDIRECT] 
2025-08-07 01:49:47,456 [ERROR] LogOutputStream:75 - [STDERR_REDIRECT] [Fatal Error] :1:1: Premature end of file.
2025-08-07 01:49:47,457 [ERROR] LogOutputStream:75 - [STDERR_REDIRECT] 
2025-08-07 01:49:48,488 [ERROR] LogOutputStream:75 - [STDERR_REDIRECT] [Fatal Error] :1:1: Premature end of file.
2025-08-07 01:49:48,488 [ERROR] LogOutputStream:75 - [STDERR_REDIRECT] 
2025-08-07 01:49:49,473 [ERROR] LogOutputStream:75 - [STDERR_REDIRECT] [Fatal Error] :1:1: Premature end of file.
2025-08-07 01:49:49,473 [ERROR] LogOutputStream:75 - [STDERR_REDIRECT] 
2025-08-07 01:49:50,461 [ERROR] LogOutputStream:75 - [STDERR_REDIRECT] [Fatal Error] :1:1: Premature end of file.
2025-08-07 01:49:50,462 [ERROR] LogOutputStream:75 - [STDERR_REDIRECT] 
2025-08-07 01:49:51,464 [ERROR] LogOutputStream:75 - [STDERR_REDIRECT] [Fatal Error] :1:1: Premature end of file.
2025-08-07 01:49:51,465 [ERROR] LogOutputStream:75 - [STDERR_REDIRECT] 
2025-08-07 01:49:52,467 [ERROR] LogOutputStream:75 - [STDERR_REDIRECT] [Fatal Error] :1:1: Premature end of file.
2025-08-07 01:49:52,467 [ERROR] LogOutputStream:75 - [STDERR_REDIRECT] 
2025-08-07 01:49:53,457 [ERROR] LogOutputStream:75 - [STDERR_REDIRECT] [Fatal Error] :1:1: Premature end of file.
2025-08-07 01:49:53,457 [ERROR] LogOutputStream:75 - [STDERR_REDIRECT] 
2025-08-07 01:49:54,460 [ERROR] LogOutputStream:75 - [STDERR_REDIRECT] [Fatal Error] :1:1: Premature end of file.
2025-08-07 01:49:54,460 [ERROR] LogOutputStream:75 - [STDERR_REDIRECT] 
2025-08-07 01:49:55,468 [ERROR] LogOutputStream:75 - [STDERR_REDIRECT] [Fatal Error] :1:1: Premature end of file.
2025-08-07 01:49:55,468 [ERROR] LogOutputStream:75 - [STDERR_REDIRECT] 
2025-08-07 01:49:56,511 [ERROR] LogOutputStream:75 - [STDERR_REDIRECT] [Fatal Error] :1:1: Premature end of file.
2025-08-07 01:49:56,511 [ERROR] LogOutputStream:75 - [STDERR_REDIRECT] 
2025-08-07 01:49:57,486 [ERROR] LogOutputStream:75 - [STDERR_REDIRECT] [Fatal Error] :1:1: Premature end of file.
2025-08-07 01:49:57,486 [ERROR] LogOutputStream:75 - [STDERR_REDIRECT] 
2025-08-07 01:49:58,487 [ERROR] LogOutputStream:75 - [STDERR_REDIRECT] [Fatal Error] :1:1: Premature end of file.
2025-08-07 01:49:58,487 [ERROR] LogOutputStream:75 - [STDERR_REDIRECT] 
2025-08-07 01:49:59,474 [ERROR] LogOutputStream:75 - [STDERR_REDIRECT] [Fatal Error] :1:1: Premature end of file.
2025-08-07 01:49:59,475 [ERROR] LogOutputStream:75 - [STDERR_REDIRECT] 
2025-08-07 01:50:00,467 [ERROR] LogOutputStream:75 - [STDERR_REDIRECT] [Fatal Error] :1:1: Premature end of file.
2025-08-07 01:50:00,467 [ERROR] LogOutputStream:75 - [STDERR_REDIRECT] 
2025-08-07 01:50:01,464 [ERROR] LogOutputStream:75 - [STDERR_REDIRECT] [Fatal Error] :1:1: Premature end of file.
2025-08-07 01:50:01,464 [ERROR] LogOutputStream:75 - [STDERR_REDIRECT] 
2025-08-07 01:50:02,474 [ERROR] LogOutputStream:75 - [STDERR_REDIRECT] [Fatal Error] :1:1: Premature end of file.
2025-08-07 01:50:02,474 [ERROR] LogOutputStream:75 - [STDERR_REDIRECT] 
2025-08-07 01:50:03,460 [ERROR] LogOutputStream:75 - [STDERR_REDIRECT] [Fatal Error] :1:1: Premature end of file.
2025-08-07 01:50:03,460 [ERROR] LogOutputStream:75 - [STDERR_REDIRECT] 
2025-08-07 01:50:04,469 [ERROR] LogOutputStream:75 - [STDERR_REDIRECT] [Fatal Error] :1:1: Premature end of file.
2025-08-07 01:50:04,470 [ERROR] LogOutputStream:75 - [STDERR_REDIRECT] 
2025-08-07 01:50:05,459 [ERROR] LogOutputStream:75 - [STDERR_REDIRECT] [Fatal Error] :1:1: Premature end of file.
2025-08-07 01:50:05,459 [ERROR] LogOutputStream:75 - [STDERR_REDIRECT] 
2025-08-07 01:50:06,462 [ERROR] LogOutputStream:75 - [STDERR_REDIRECT] [Fatal Error] :1:1: Premature end of file.
2025-08-07 01:50:06,463 [ERROR] LogOutputStream:75 - [STDERR_REDIRECT] 
2025-08-07 01:50:07,470 [ERROR] LogOutputStream:75 - [STDERR_REDIRECT] [Fatal Error] :1:1: Premature end of file.
2025-08-07 01:50:07,470 [ERROR] LogOutputStream:75 - [STDERR_REDIRECT] 
2025-08-07 01:50:08,463 [ERROR] LogOutputStream:75 - [STDERR_REDIRECT] [Fatal Error] :1:1: Premature end of file.
2025-08-07 01:50:08,463 [ERROR] LogOutputStream:75 - [STDERR_REDIRECT] 
2025-08-07 01:50:09,474 [ERROR] LogOutputStream:75 - [STDERR_REDIRECT] [Fatal Error] :1:1: Premature end of file.
2025-08-07 01:50:09,474 [ERROR] LogOutputStream:75 - [STDERR_REDIRECT] 
2025-08-07 01:50:10,461 [ERROR] LogOutputStream:75 - [STDERR_REDIRECT] [Fatal Error] :1:1: Premature end of file.
2025-08-07 01:50:10,461 [ERROR] LogOutputStream:75 - [STDERR_REDIRECT] 
2025-08-07 01:50:11,475 [ERROR] LogOutputStream:75 - [STDERR_REDIRECT] [Fatal Error] :1:1: Premature end of file.
2025-08-07 01:50:11,475 [ERROR] LogOutputStream:75 - [STDERR_REDIRECT] 
2025-08-07 01:50:12,467 [ERROR] LogOutputStream:75 - [STDERR_REDIRECT] [Fatal Error] :1:1: Premature end of file.
2025-08-07 01:50:12,468 [ERROR] LogOutputStream:75 - [STDERR_REDIRECT] 
2025-08-07 01:50:13,469 [ERROR] LogOutputStream:75 - [STDERR_REDIRECT] [Fatal Error] :1:1: Premature end of file.
2025-08-07 01:50:13,469 [ERROR] LogOutputStream:75 - [STDERR_REDIRECT] 
2025-08-07 01:50:14,459 [ERROR] LogOutputStream:75 - [STDERR_REDIRECT] [Fatal Error] :1:1: Premature end of file.
2025-08-07 01:50:14,460 [ERROR] LogOutputStream:75 - [STDERR_REDIRECT] 
2025-08-07 01:50:15,472 [ERROR] LogOutputStream:75 - [STDERR_REDIRECT] [Fatal Error] :1:1: Premature end of file.
2025-08-07 01:50:15,473 [ERROR] LogOutputStream:75 - [STDERR_REDIRECT] 
2025-08-07 01:50:16,474 [ERROR] LogOutputStream:75 - [STDERR_REDIRECT] [Fatal Error] :1:1: Premature end of file.
2025-08-07 01:50:16,474 [ERROR] LogOutputStream:75 - [STDERR_REDIRECT] 
2025-08-07 01:50:17,474 [ERROR] LogOutputStream:75 - [STDERR_REDIRECT] [Fatal Error] :1:1: Premature end of file.
2025-08-07 01:50:17,474 [ERROR] LogOutputStream:75 - [STDERR_REDIRECT] 
2025-08-07 01:50:18,478 [ERROR] LogOutputStream:75 - [STDERR_REDIRECT] [Fatal Error] :1:1: Premature end of file.
2025-08-07 01:50:18,478 [ERROR] LogOutputStream:75 - [STDERR_REDIRECT] 
2025-08-07 01:50:19,467 [ERROR] LogOutputStream:75 - [STDERR_REDIRECT] [Fatal Error] :1:1: Premature end of file.
2025-08-07 01:50:19,467 [ERROR] LogOutputStream:75 - [STDERR_REDIRECT] 
2025-08-07 01:50:20,457 [ERROR] LogOutputStream:75 - [STDERR_REDIRECT] [Fatal Error] :1:1: Premature end of file.
2025-08-07 01:50:20,457 [ERROR] LogOutputStream:75 - [STDERR_REDIRECT] 
2025-08-07 01:50:21,471 [ERROR] LogOutputStream:75 - [STDERR_REDIRECT] [Fatal Error] :1:1: Premature end of file.
2025-08-07 01:50:21,471 [ERROR] LogOutputStream:75 - [STDERR_REDIRECT] 
2025-08-07 01:50:22,479 [ERROR] LogOutputStream:75 - [STDERR_REDIRECT] [Fatal Error] :1:1: Premature end of file.
2025-08-07 01:50:22,479 [ERROR] LogOutputStream:75 - [STDERR_REDIRECT] 
2025-08-07 01:50:23,457 [ERROR] LogOutputStream:75 - [STDERR_REDIRECT] [Fatal Error] :1:1: Premature end of file.
2025-08-07 01:50:23,457 [ERROR] LogOutputStream:75 - [STDERR_REDIRECT] 
2025-08-07 01:50:24,470 [ERROR] LogOutputStream:75 - [STDERR_REDIRECT] [Fatal Error] :1:1: Premature end of file.
2025-08-07 01:50:24,470 [ERROR] LogOutputStream:75 - [STDERR_REDIRECT] 
2025-08-07 01:50:25,470 [ERROR] LogOutputStream:75 - [STDERR_REDIRECT] [Fatal Error] :1:1: Premature end of file.
2025-08-07 01:50:25,471 [ERROR] LogOutputStream:75 - [STDERR_REDIRECT] 
2025-08-07 01:50:26,466 [ERROR] LogOutputStream:75 - [STDERR_REDIRECT] [Fatal Error] :1:1: Premature end of file.
2025-08-07 01:50:26,466 [ERROR] LogOutputStream:75 - [STDERR_REDIRECT] 
2025-08-07 01:50:27,461 [ERROR] LogOutputStream:75 - [STDERR_REDIRECT] [Fatal Error] :1:1: Premature end of file.
2025-08-07 01:50:27,461 [ERROR] LogOutputStream:75 - [STDERR_REDIRECT] 
2025-08-07 01:50:28,473 [ERROR] LogOutputStream:75 - [STDERR_REDIRECT] [Fatal Error] :1:1: Premature end of file.
2025-08-07 01:50:28,475 [ERROR] LogOutputStream:75 - [STDERR_REDIRECT] 
2025-08-07 01:50:29,469 [ERROR] LogOutputStream:75 - [STDERR_REDIRECT] [Fatal Error] :1:1: Premature end of file.
2025-08-07 01:50:29,470 [ERROR] LogOutputStream:75 - [STDERR_REDIRECT] 
2025-08-07 01:50:30,467 [ERROR] LogOutputStream:75 - [STDERR_REDIRECT] [Fatal Error] :1:1: Premature end of file.
2025-08-07 01:50:30,467 [ERROR] LogOutputStream:75 - [STDERR_REDIRECT] 
2025-08-07 01:50:31,472 [ERROR] LogOutputStream:75 - [STDERR_REDIRECT] [Fatal Error] :1:1: Premature end of file.
2025-08-07 01:50:31,472 [ERROR] LogOutputStream:75 - [STDERR_REDIRECT] 
2025-08-07 01:50:32,460 [ERROR] LogOutputStream:75 - [STDERR_REDIRECT] [Fatal Error] :1:1: Premature end of file.
2025-08-07 01:50:32,460 [ERROR] LogOutputStream:75 - [STDERR_REDIRECT] 
2025-08-07 01:50:33,465 [ERROR] LogOutputStream:75 - [STDERR_REDIRECT] [Fatal Error] :1:1: Premature end of file.
2025-08-07 01:50:33,466 [ERROR] LogOutputStream:75 - [STDERR_REDIRECT] 
2025-08-07 01:50:34,461 [ERROR] LogOutputStream:75 - [STDERR_REDIRECT] [Fatal Error] :1:1: Premature end of file.
2025-08-07 01:50:34,461 [ERROR] LogOutputStream:75 - [STDERR_REDIRECT] 
2025-08-07 01:50:35,476 [ERROR] LogOutputStream:75 - [STDERR_REDIRECT] [Fatal Error] :1:1: Premature end of file.
2025-08-07 01:50:35,477 [ERROR] LogOutputStream:75 - [STDERR_REDIRECT] 
2025-08-07 01:50:36,460 [ERROR] LogOutputStream:75 - [STDERR_REDIRECT] [Fatal Error] :1:1: Premature end of file.
2025-08-07 01:50:36,460 [ERROR] LogOutputStream:75 - [STDERR_REDIRECT] 
2025-08-07 01:50:37,476 [ERROR] LogOutputStream:75 - [STDERR_REDIRECT] [Fatal Error] :1:1: Premature end of file.
2025-08-07 01:50:37,476 [ERROR] LogOutputStream:75 - [STDERR_REDIRECT] 
2025-08-07 01:50:38,474 [ERROR] LogOutputStream:75 - [STDERR_REDIRECT] [Fatal Error] :1:1: Premature end of file.
2025-08-07 01:50:38,474 [ERROR] LogOutputStream:75 - [STDERR_REDIRECT] 
2025-08-07 01:50:39,471 [ERROR] LogOutputStream:75 - [STDERR_REDIRECT] [Fatal Error] :1:1: Premature end of file.
2025-08-07 01:50:39,471 [ERROR] LogOutputStream:75 - [STDERR_REDIRECT] 
2025-08-07 01:50:40,462 [ERROR] LogOutputStream:75 - [STDERR_REDIRECT] [Fatal Error] :1:1: Premature end of file.
2025-08-07 01:50:40,462 [ERROR] LogOutputStream:75 - [STDERR_REDIRECT] 
2025-08-07 01:50:41,476 [ERROR] LogOutputStream:75 - [STDERR_REDIRECT] [Fatal Error] :1:1: Premature end of file.
2025-08-07 01:50:41,477 [ERROR] LogOutputStream:75 - [STDERR_REDIRECT] 
2025-08-07 01:50:42,520 [ERROR] LogOutputStream:75 - [STDERR_REDIRECT] [Fatal Error] :1:1: Premature end of file.
2025-08-07 01:50:42,520 [ERROR] LogOutputStream:75 - [STDERR_REDIRECT] 
2025-08-07 01:50:43,471 [ERROR] LogOutputStream:75 - [STDERR_REDIRECT] [Fatal Error] :1:1: Premature end of file.
2025-08-07 01:50:43,471 [ERROR] LogOutputStream:75 - [STDERR_REDIRECT] 
2025-08-07 01:50:44,454 [ERROR] LogOutputStream:75 - [STDERR_REDIRECT] [Fatal Error] :1:1: Premature end of file.
2025-08-07 01:50:44,456 [ERROR] LogOutputStream:75 - [STDERR_REDIRECT] 
2025-08-07 01:50:45,465 [ERROR] LogOutputStream:75 - [STDERR_REDIRECT] [Fatal Error] :1:1: Premature end of file.
2025-08-07 01:50:45,465 [ERROR] LogOutputStream:75 - [STDERR_REDIRECT] 
2025-08-07 01:50:46,455 [ERROR] LogOutputStream:75 - [STDERR_REDIRECT] [Fatal Error] :1:1: Premature end of file.
2025-08-07 01:50:46,455 [ERROR] LogOutputStream:75 - [STDERR_REDIRECT] 
2025-08-07 01:50:47,460 [ERROR] LogOutputStream:75 - [STDERR_REDIRECT] [Fatal Error] :1:1: Premature end of file.
2025-08-07 01:50:47,460 [ERROR] LogOutputStream:75 - [STDERR_REDIRECT] 
2025-08-07 01:50:48,506 [ERROR] LogOutputStream:75 - [STDERR_REDIRECT] [Fatal Error] :1:1: Premature end of file.
2025-08-07 01:50:48,507 [ERROR] LogOutputStream:75 - [STDERR_REDIRECT] 
2025-08-07 01:50:49,469 [ERROR] LogOutputStream:75 - [STDERR_REDIRECT] [Fatal Error] :1:1: Premature end of file.
2025-08-07 01:50:49,469 [ERROR] LogOutputStream:75 - [STDERR_REDIRECT] 
2025-08-07 01:50:50,462 [ERROR] LogOutputStream:75 - [STDERR_REDIRECT] [Fatal Error] :1:1: Premature end of file.
2025-08-07 01:50:50,462 [ERROR] LogOutputStream:75 - [STDERR_REDIRECT] 
2025-08-07 01:50:51,467 [ERROR] LogOutputStream:75 - [STDERR_REDIRECT] [Fatal Error] :1:1: Premature end of file.
2025-08-07 01:50:51,467 [ERROR] LogOutputStream:75 - [STDERR_REDIRECT] 
2025-08-07 01:50:52,473 [ERROR] LogOutputStream:75 - [STDERR_REDIRECT] [Fatal Error] :1:1: Premature end of file.
2025-08-07 01:50:52,473 [ERROR] LogOutputStream:75 - [STDERR_REDIRECT] 
2025-08-07 01:50:53,475 [ERROR] LogOutputStream:75 - [STDERR_REDIRECT] [Fatal Error] :1:1: Premature end of file.
2025-08-07 01:50:53,475 [ERROR] LogOutputStream:75 - [STDERR_REDIRECT] 
2025-08-07 01:50:54,472 [ERROR] LogOutputStream:75 - [STDERR_REDIRECT] [Fatal Error] :1:1: Premature end of file.
2025-08-07 01:50:54,472 [ERROR] LogOutputStream:75 - [STDERR_REDIRECT] 
2025-08-07 01:50:55,471 [ERROR] LogOutputStream:75 - [STDERR_REDIRECT] [Fatal Error] :1:1: Premature end of file.
2025-08-07 01:50:55,471 [ERROR] LogOutputStream:75 - [STDERR_REDIRECT] 
2025-08-07 01:50:56,474 [ERROR] LogOutputStream:75 - [STDERR_REDIRECT] [Fatal Error] :1:1: Premature end of file.
2025-08-07 01:50:56,474 [ERROR] LogOutputStream:75 - [STDERR_REDIRECT] 
2025-08-07 01:50:57,471 [ERROR] LogOutputStream:75 - [STDERR_REDIRECT] [Fatal Error] :1:1: Premature end of file.
2025-08-07 01:50:57,471 [ERROR] LogOutputStream:75 - [STDERR_REDIRECT] 
2025-08-07 01:50:58,467 [ERROR] LogOutputStream:75 - [STDERR_REDIRECT] [Fatal Error] :1:1: Premature end of file.
2025-08-07 01:50:58,467 [ERROR] LogOutputStream:75 - [STDERR_REDIRECT] 
2025-08-07 01:50:59,464 [ERROR] LogOutputStream:75 - [STDERR_REDIRECT] [Fatal Error] :1:1: Premature end of file.
2025-08-07 01:50:59,464 [ERROR] LogOutputStream:75 - [STDERR_REDIRECT] 
2025-08-07 01:51:00,461 [ERROR] LogOutputStream:75 - [STDERR_REDIRECT] [Fatal Error] :1:1: Premature end of file.
2025-08-07 01:51:00,461 [ERROR] LogOutputStream:75 - [STDERR_REDIRECT] 
2025-08-07 01:51:01,467 [ERROR] LogOutputStream:75 - [STDERR_REDIRECT] [Fatal Error] :1:1: Premature end of file.
2025-08-07 01:51:01,467 [ERROR] LogOutputStream:75 - [STDERR_REDIRECT] 
2025-08-07 01:51:02,460 [ERROR] LogOutputStream:75 - [STDERR_REDIRECT] [Fatal Error] :1:1: Premature end of file.
2025-08-07 01:51:02,460 [ERROR] LogOutputStream:75 - [STDERR_REDIRECT] 
2025-08-07 01:51:03,472 [ERROR] LogOutputStream:75 - [STDERR_REDIRECT] [Fatal Error] :1:1: Premature end of file.
2025-08-07 01:51:03,472 [ERROR] LogOutputStream:75 - [STDERR_REDIRECT] 
2025-08-07 01:51:04,469 [ERROR] LogOutputStream:75 - [STDERR_REDIRECT] [Fatal Error] :1:1: Premature end of file.
2025-08-07 01:51:04,469 [ERROR] LogOutputStream:75 - [STDERR_REDIRECT] 
2025-08-07 01:51:05,462 [ERROR] LogOutputStream:75 - [STDERR_REDIRECT] [Fatal Error] :1:1: Premature end of file.
2025-08-07 01:51:05,462 [ERROR] LogOutputStream:75 - [STDERR_REDIRECT] 
2025-08-07 01:51:06,460 [ERROR] LogOutputStream:75 - [STDERR_REDIRECT] [Fatal Error] :1:1: Premature end of file.
2025-08-07 01:51:06,460 [ERROR] LogOutputStream:75 - [STDERR_REDIRECT] 
2025-08-07 01:51:07,479 [ERROR] LogOutputStream:75 - [STDERR_REDIRECT] [Fatal Error] :1:1: Premature end of file.
2025-08-07 01:51:07,481 [ERROR] LogOutputStream:75 - [STDERR_REDIRECT] 
2025-08-07 01:51:08,457 [ERROR] LogOutputStream:75 - [STDERR_REDIRECT] [Fatal Error] :1:1: Premature end of file.
2025-08-07 01:51:08,457 [ERROR] LogOutputStream:75 - [STDERR_REDIRECT] 
2025-08-07 01:51:09,477 [ERROR] LogOutputStream:75 - [STDERR_REDIRECT] [Fatal Error] :1:1: Premature end of file.
2025-08-07 01:51:09,477 [ERROR] LogOutputStream:75 - [STDERR_REDIRECT] 
2025-08-07 01:51:10,467 [ERROR] LogOutputStream:75 - [STDERR_REDIRECT] [Fatal Error] :1:1: Premature end of file.
2025-08-07 01:51:10,467 [ERROR] LogOutputStream:75 - [STDERR_REDIRECT] 
2025-08-07 01:51:11,469 [ERROR] LogOutputStream:75 - [STDERR_REDIRECT] [Fatal Error] :1:1: Premature end of file.
2025-08-07 01:51:11,469 [ERROR] LogOutputStream:75 - [STDERR_REDIRECT] 
2025-08-07 01:51:12,469 [ERROR] LogOutputStream:75 - [STDERR_REDIRECT] [Fatal Error] :1:1: Premature end of file.
2025-08-07 01:51:12,469 [ERROR] LogOutputStream:75 - [STDERR_REDIRECT] 
2025-08-07 01:51:13,454 [ERROR] LogOutputStream:75 - [STDERR_REDIRECT] [Fatal Error] :1:1: Premature end of file.
2025-08-07 01:51:13,454 [ERROR] LogOutputStream:75 - [STDERR_REDIRECT] 
2025-08-07 01:51:14,469 [ERROR] LogOutputStream:75 - [STDERR_REDIRECT] [Fatal Error] :1:1: Premature end of file.
2025-08-07 01:51:14,469 [ERROR] LogOutputStream:75 - [STDERR_REDIRECT] 
2025-08-07 01:51:15,660 [ERROR] LogOutputStream:75 - [STDERR_REDIRECT] [Fatal Error] :1:1: Premature end of file.
2025-08-07 01:51:15,660 [ERROR] LogOutputStream:75 - [STDERR_REDIRECT] 
2025-08-07 01:51:16,474 [ERROR] LogOutputStream:75 - [STDERR_REDIRECT] [Fatal Error] :1:1: Premature end of file.
2025-08-07 01:51:16,475 [ERROR] LogOutputStream:75 - [STDERR_REDIRECT] 
2025-08-07 01:51:17,486 [ERROR] LogOutputStream:75 - [STDERR_REDIRECT] [Fatal Error] :1:1: Premature end of file.
2025-08-07 01:51:17,486 [ERROR] LogOutputStream:75 - [STDERR_REDIRECT] 
2025-08-07 01:51:18,473 [ERROR] LogOutputStream:75 - [STDERR_REDIRECT] [Fatal Error] :1:1: Premature end of file.
2025-08-07 01:51:18,474 [ERROR] LogOutputStream:75 - [STDERR_REDIRECT] 
2025-08-07 01:51:19,539 [ERROR] LogOutputStream:75 - [STDERR_REDIRECT] [Fatal Error] :1:1: Premature end of file.
2025-08-07 01:51:19,541 [ERROR] LogOutputStream:75 - [STDERR_REDIRECT] 
2025-08-07 01:51:20,473 [ERROR] LogOutputStream:75 - [STDERR_REDIRECT] [Fatal Error] :1:1: Premature end of file.
2025-08-07 01:51:20,473 [ERROR] LogOutputStream:75 - [STDERR_REDIRECT] 
2025-08-07 01:51:21,465 [ERROR] LogOutputStream:75 - [STDERR_REDIRECT] [Fatal Error] :1:1: Premature end of file.
2025-08-07 01:51:21,465 [ERROR] LogOutputStream:75 - [STDERR_REDIRECT] 
2025-08-07 01:51:22,494 [ERROR] LogOutputStream:75 - [STDERR_REDIRECT] [Fatal Error] :1:1: Premature end of file.
2025-08-07 01:51:22,494 [ERROR] LogOutputStream:75 - [STDERR_REDIRECT] 
2025-08-07 01:51:23,470 [ERROR] LogOutputStream:75 - [STDERR_REDIRECT] [Fatal Error] :1:1: Premature end of file.
2025-08-07 01:51:23,471 [ERROR] LogOutputStream:75 - [STDERR_REDIRECT] 
2025-08-07 01:51:24,463 [ERROR] LogOutputStream:75 - [STDERR_REDIRECT] [Fatal Error] :1:1: Premature end of file.
2025-08-07 01:51:24,464 [ERROR] LogOutputStream:75 - [STDERR_REDIRECT] 
2025-08-07 01:51:25,464 [ERROR] LogOutputStream:75 - [STDERR_REDIRECT] [Fatal Error] :1:1: Premature end of file.
2025-08-07 01:51:25,464 [ERROR] LogOutputStream:75 - [STDERR_REDIRECT] 
2025-08-07 01:51:26,456 [ERROR] LogOutputStream:75 - [STDERR_REDIRECT] [Fatal Error] :1:1: Premature end of file.
2025-08-07 01:51:26,456 [ERROR] LogOutputStream:75 - [STDERR_REDIRECT] 
2025-08-07 01:51:27,472 [ERROR] LogOutputStream:75 - [STDERR_REDIRECT] [Fatal Error] :1:1: Premature end of file.
2025-08-07 01:51:27,473 [ERROR] LogOutputStream:75 - [STDERR_REDIRECT] 
2025-08-07 01:51:28,463 [ERROR] LogOutputStream:75 - [STDERR_REDIRECT] [Fatal Error] :1:1: Premature end of file.
2025-08-07 01:51:28,463 [ERROR] LogOutputStream:75 - [STDERR_REDIRECT] 
2025-08-07 01:51:29,458 [ERROR] LogOutputStream:75 - [STDERR_REDIRECT] [Fatal Error] :1:1: Premature end of file.
2025-08-07 01:51:29,458 [ERROR] LogOutputStream:75 - [STDERR_REDIRECT] 
2025-08-07 01:51:30,460 [ERROR] LogOutputStream:75 - [STDERR_REDIRECT] [Fatal Error] :1:1: Premature end of file.
2025-08-07 01:51:30,460 [ERROR] LogOutputStream:75 - [STDERR_REDIRECT] 
2025-08-07 01:51:31,461 [ERROR] LogOutputStream:75 - [STDERR_REDIRECT] [Fatal Error] :1:1: Premature end of file.
2025-08-07 01:51:31,461 [ERROR] LogOutputStream:75 - [STDERR_REDIRECT] 
2025-08-07 01:51:32,454 [ERROR] LogOutputStream:75 - [STDERR_REDIRECT] [Fatal Error] :1:1: Premature end of file.
2025-08-07 01:51:32,454 [ERROR] LogOutputStream:75 - [STDERR_REDIRECT] 
2025-08-07 01:51:33,473 [ERROR] LogOutputStream:75 - [STDERR_REDIRECT] [Fatal Error] :1:1: Premature end of file.
2025-08-07 01:51:33,473 [ERROR] LogOutputStream:75 - [STDERR_REDIRECT] 
2025-08-07 01:51:34,459 [ERROR] LogOutputStream:75 - [STDERR_REDIRECT] [Fatal Error] :1:1: Premature end of file.
2025-08-07 01:51:34,459 [ERROR] LogOutputStream:75 - [STDERR_REDIRECT] 
2025-08-07 01:51:35,461 [ERROR] LogOutputStream:75 - [STDERR_REDIRECT] [Fatal Error] :1:1: Premature end of file.
2025-08-07 01:51:35,461 [ERROR] LogOutputStream:75 - [STDERR_REDIRECT] 
2025-08-07 01:51:36,459 [ERROR] LogOutputStream:75 - [STDERR_REDIRECT] [Fatal Error] :1:1: Premature end of file.
2025-08-07 01:51:36,459 [ERROR] LogOutputStream:75 - [STDERR_REDIRECT] 
2025-08-07 01:51:37,476 [ERROR] LogOutputStream:75 - [STDERR_REDIRECT] [Fatal Error] :1:1: Premature end of file.
2025-08-07 01:51:37,476 [ERROR] LogOutputStream:75 - [STDERR_REDIRECT] 
2025-08-07 01:51:38,469 [ERROR] LogOutputStream:75 - [STDERR_REDIRECT] [Fatal Error] :1:1: Premature end of file.
2025-08-07 01:51:38,470 [ERROR] LogOutputStream:75 - [STDERR_REDIRECT] 
2025-08-07 01:51:39,470 [ERROR] LogOutputStream:75 - [STDERR_REDIRECT] [Fatal Error] :1:1: Premature end of file.
2025-08-07 01:51:39,470 [ERROR] LogOutputStream:75 - [STDERR_REDIRECT] 
2025-08-07 01:51:40,457 [ERROR] LogOutputStream:75 - [STDERR_REDIRECT] [Fatal Error] :1:1: Premature end of file.
2025-08-07 01:51:40,457 [ERROR] LogOutputStream:75 - [STDERR_REDIRECT] 
2025-08-07 01:51:41,471 [ERROR] LogOutputStream:75 - [STDERR_REDIRECT] [Fatal Error] :1:1: Premature end of file.
2025-08-07 01:51:41,471 [ERROR] LogOutputStream:75 - [STDERR_REDIRECT] 
2025-08-07 01:51:42,461 [ERROR] LogOutputStream:75 - [STDERR_REDIRECT] [Fatal Error] :1:1: Premature end of file.
2025-08-07 01:51:42,461 [ERROR] LogOutputStream:75 - [STDERR_REDIRECT] 
2025-08-07 01:51:43,463 [ERROR] LogOutputStream:75 - [STDERR_REDIRECT] [Fatal Error] :1:1: Premature end of file.
2025-08-07 01:51:43,463 [ERROR] LogOutputStream:75 - [STDERR_REDIRECT] 
2025-08-07 01:51:44,467 [ERROR] LogOutputStream:75 - [STDERR_REDIRECT] [Fatal Error] :1:1: Premature end of file.
2025-08-07 01:51:44,467 [ERROR] LogOutputStream:75 - [STDERR_REDIRECT] 
2025-08-07 01:51:45,459 [ERROR] LogOutputStream:75 - [STDERR_REDIRECT] [Fatal Error] :1:1: Premature end of file.
2025-08-07 01:51:45,459 [ERROR] LogOutputStream:75 - [STDERR_REDIRECT] 
2025-08-07 01:51:46,466 [ERROR] LogOutputStream:75 - [STDERR_REDIRECT] [Fatal Error] :1:1: Premature end of file.
2025-08-07 01:51:46,466 [ERROR] LogOutputStream:75 - [STDERR_REDIRECT] 
2025-08-07 01:51:47,468 [ERROR] LogOutputStream:75 - [STDERR_REDIRECT] [Fatal Error] :1:1: Premature end of file.
2025-08-07 01:51:47,469 [ERROR] LogOutputStream:75 - [STDERR_REDIRECT] 
2025-08-07 01:51:48,461 [ERROR] LogOutputStream:75 - [STDERR_REDIRECT] [Fatal Error] :1:1: Premature end of file.
2025-08-07 01:51:48,461 [ERROR] LogOutputStream:75 - [STDERR_REDIRECT] 
2025-08-07 01:51:49,467 [ERROR] LogOutputStream:75 - [STDERR_REDIRECT] [Fatal Error] :1:1: Premature end of file.
2025-08-07 01:51:49,467 [ERROR] LogOutputStream:75 - [STDERR_REDIRECT] 
2025-08-07 01:51:50,460 [ERROR] LogOutputStream:75 - [STDERR_REDIRECT] [Fatal Error] :1:1: Premature end of file.
2025-08-07 01:51:50,461 [ERROR] LogOutputStream:75 - [STDERR_REDIRECT] 
2025-08-07 01:51:51,459 [ERROR] LogOutputStream:75 - [STDERR_REDIRECT] [Fatal Error] :1:1: Premature end of file.
2025-08-07 01:51:51,459 [ERROR] LogOutputStream:75 - [STDERR_REDIRECT] 
2025-08-07 01:51:52,462 [ERROR] LogOutputStream:75 - [STDERR_REDIRECT] [Fatal Error] :1:1: Premature end of file.
2025-08-07 01:51:52,462 [ERROR] LogOutputStream:75 - [STDERR_REDIRECT] 
2025-08-07 01:51:53,455 [ERROR] LogOutputStream:75 - [STDERR_REDIRECT] [Fatal Error] :1:1: Premature end of file.
2025-08-07 01:51:53,455 [ERROR] LogOutputStream:75 - [STDERR_REDIRECT] 
2025-08-07 01:51:54,458 [ERROR] LogOutputStream:75 - [STDERR_REDIRECT] [Fatal Error] :1:1: Premature end of file.
2025-08-07 01:51:54,458 [ERROR] LogOutputStream:75 - [STDERR_REDIRECT] 
2025-08-07 01:51:55,464 [ERROR] LogOutputStream:75 - [STDERR_REDIRECT] [Fatal Error] :1:1: Premature end of file.
2025-08-07 01:51:55,465 [ERROR] LogOutputStream:75 - [STDERR_REDIRECT] 
2025-08-07 01:51:56,456 [ERROR] LogOutputStream:75 - [STDERR_REDIRECT] [Fatal Error] :1:1: Premature end of file.
2025-08-07 01:51:56,456 [ERROR] LogOutputStream:75 - [STDERR_REDIRECT] 
2025-08-07 01:51:57,463 [ERROR] LogOutputStream:75 - [STDERR_REDIRECT] [Fatal Error] :1:1: Premature end of file.
2025-08-07 01:51:57,463 [ERROR] LogOutputStream:75 - [STDERR_REDIRECT] 
2025-08-07 01:51:58,466 [ERROR] LogOutputStream:75 - [STDERR_REDIRECT] [Fatal Error] :1:1: Premature end of file.
2025-08-07 01:51:58,466 [ERROR] LogOutputStream:75 - [STDERR_REDIRECT] 
2025-08-07 01:51:59,466 [ERROR] LogOutputStream:75 - [STDERR_REDIRECT] [Fatal Error] :1:1: Premature end of file.
2025-08-07 01:51:59,466 [ERROR] LogOutputStream:75 - [STDERR_REDIRECT] 
2025-08-07 01:52:00,454 [ERROR] LogOutputStream:75 - [STDERR_REDIRECT] [Fatal Error] :1:1: Premature end of file.
2025-08-07 01:52:00,454 [ERROR] LogOutputStream:75 - [STDERR_REDIRECT] 
2025-08-07 01:52:01,469 [ERROR] LogOutputStream:75 - [STDERR_REDIRECT] [Fatal Error] :1:1: Premature end of file.
2025-08-07 01:52:01,469 [ERROR] LogOutputStream:75 - [STDERR_REDIRECT] 
2025-08-07 01:52:02,461 [ERROR] LogOutputStream:75 - [STDERR_REDIRECT] [Fatal Error] :1:1: Premature end of file.
2025-08-07 01:52:02,461 [ERROR] LogOutputStream:75 - [STDERR_REDIRECT] 
2025-08-07 01:52:03,466 [ERROR] LogOutputStream:75 - [STDERR_REDIRECT] [Fatal Error] :1:1: Premature end of file.
2025-08-07 01:52:03,466 [ERROR] LogOutputStream:75 - [STDERR_REDIRECT] 
2025-08-07 01:52:04,458 [ERROR] LogOutputStream:75 - [STDERR_REDIRECT] [Fatal Error] :1:1: Premature end of file.
2025-08-07 01:52:04,458 [ERROR] LogOutputStream:75 - [STDERR_REDIRECT] 
2025-08-07 01:52:05,469 [ERROR] LogOutputStream:75 - [STDERR_REDIRECT] [Fatal Error] :1:1: Premature end of file.
2025-08-07 01:52:05,469 [ERROR] LogOutputStream:75 - [STDERR_REDIRECT] 
2025-08-07 01:52:06,463 [ERROR] LogOutputStream:75 - [STDERR_REDIRECT] [Fatal Error] :1:1: Premature end of file.
2025-08-07 01:52:06,463 [ERROR] LogOutputStream:75 - [STDERR_REDIRECT] 
2025-08-07 01:52:07,454 [ERROR] LogOutputStream:75 - [STDERR_REDIRECT] [Fatal Error] :1:1: Premature end of file.
2025-08-07 01:52:07,454 [ERROR] LogOutputStream:75 - [STDERR_REDIRECT] 
2025-08-07 01:52:08,462 [ERROR] LogOutputStream:75 - [STDERR_REDIRECT] [Fatal Error] :1:1: Premature end of file.
2025-08-07 01:52:08,462 [ERROR] LogOutputStream:75 - [STDERR_REDIRECT] 
2025-08-07 01:52:09,461 [ERROR] LogOutputStream:75 - [STDERR_REDIRECT] [Fatal Error] :1:1: Premature end of file.
2025-08-07 01:52:09,461 [ERROR] LogOutputStream:75 - [STDERR_REDIRECT] 
2025-08-07 01:52:10,456 [ERROR] LogOutputStream:75 - [STDERR_REDIRECT] [Fatal Error] :1:1: Premature end of file.
2025-08-07 01:52:10,456 [ERROR] LogOutputStream:75 - [STDERR_REDIRECT] 
2025-08-07 01:52:11,461 [ERROR] LogOutputStream:75 - [STDERR_REDIRECT] [Fatal Error] :1:1: Premature end of file.
2025-08-07 01:52:11,461 [ERROR] LogOutputStream:75 - [STDERR_REDIRECT] 
2025-08-07 01:52:12,484 [ERROR] LogOutputStream:75 - [STDERR_REDIRECT] [Fatal Error] :1:1: Premature end of file.
2025-08-07 01:52:12,484 [ERROR] LogOutputStream:75 - [STDERR_REDIRECT] 
2025-08-07 01:52:13,459 [ERROR] LogOutputStream:75 - [STDERR_REDIRECT] [Fatal Error] :1:1: Premature end of file.
2025-08-07 01:52:13,459 [ERROR] LogOutputStream:75 - [STDERR_REDIRECT] 
2025-08-07 01:52:14,470 [ERROR] LogOutputStream:75 - [STDERR_REDIRECT] [Fatal Error] :1:1: Premature end of file.
2025-08-07 01:52:14,470 [ERROR] LogOutputStream:75 - [STDERR_REDIRECT] 
2025-08-07 01:52:15,463 [ERROR] LogOutputStream:75 - [STDERR_REDIRECT] [Fatal Error] :1:1: Premature end of file.
2025-08-07 01:52:15,463 [ERROR] LogOutputStream:75 - [STDERR_REDIRECT] 
2025-08-07 01:52:16,472 [ERROR] LogOutputStream:75 - [STDERR_REDIRECT] [Fatal Error] :1:1: Premature end of file.
2025-08-07 01:52:16,472 [ERROR] LogOutputStream:75 - [STDERR_REDIRECT] 
2025-08-07 01:52:17,461 [ERROR] LogOutputStream:75 - [STDERR_REDIRECT] [Fatal Error] :1:1: Premature end of file.
2025-08-07 01:52:17,462 [ERROR] LogOutputStream:75 - [STDERR_REDIRECT] 
2025-08-07 01:52:18,461 [ERROR] LogOutputStream:75 - [STDERR_REDIRECT] [Fatal Error] :1:1: Premature end of file.
2025-08-07 01:52:18,461 [ERROR] LogOutputStream:75 - [STDERR_REDIRECT] 
2025-08-07 01:52:19,463 [ERROR] LogOutputStream:75 - [STDERR_REDIRECT] [Fatal Error] :1:1: Premature end of file.
2025-08-07 01:52:19,463 [ERROR] LogOutputStream:75 - [STDERR_REDIRECT] 
2025-08-07 01:52:20,469 [ERROR] LogOutputStream:75 - [STDERR_REDIRECT] [Fatal Error] :1:1: Premature end of file.
2025-08-07 01:52:20,469 [ERROR] LogOutputStream:75 - [STDERR_REDIRECT] 
2025-08-07 01:52:21,462 [ERROR] LogOutputStream:75 - [STDERR_REDIRECT] [Fatal Error] :1:1: Premature end of file.
2025-08-07 01:52:21,463 [ERROR] LogOutputStream:75 - [STDERR_REDIRECT] 
2025-08-07 01:52:22,472 [ERROR] LogOutputStream:75 - [STDERR_REDIRECT] [Fatal Error] :1:1: Premature end of file.
2025-08-07 01:52:22,472 [ERROR] LogOutputStream:75 - [STDERR_REDIRECT] 
2025-08-07 01:52:23,460 [ERROR] LogOutputStream:75 - [STDERR_REDIRECT] [Fatal Error] :1:1: Premature end of file.
2025-08-07 01:52:23,460 [ERROR] LogOutputStream:75 - [STDERR_REDIRECT] 
2025-08-07 01:52:24,469 [ERROR] LogOutputStream:75 - [STDERR_REDIRECT] [Fatal Error] :1:1: Premature end of file.
2025-08-07 01:52:24,469 [ERROR] LogOutputStream:75 - [STDERR_REDIRECT] 
2025-08-07 01:52:25,461 [ERROR] LogOutputStream:75 - [STDERR_REDIRECT] [Fatal Error] :1:1: Premature end of file.
2025-08-07 01:52:25,461 [ERROR] LogOutputStream:75 - [STDERR_REDIRECT] 
2025-08-07 01:52:26,466 [ERROR] LogOutputStream:75 - [STDERR_REDIRECT] [Fatal Error] :1:1: Premature end of file.
2025-08-07 01:52:26,466 [ERROR] LogOutputStream:75 - [STDERR_REDIRECT] 
2025-08-07 01:52:27,457 [ERROR] LogOutputStream:75 - [STDERR_REDIRECT] [Fatal Error] :1:1: Premature end of file.
2025-08-07 01:52:27,457 [ERROR] LogOutputStream:75 - [STDERR_REDIRECT] 
2025-08-07 01:52:28,473 [ERROR] LogOutputStream:75 - [STDERR_REDIRECT] [Fatal Error] :1:1: Premature end of file.
2025-08-07 01:52:28,473 [ERROR] LogOutputStream:75 - [STDERR_REDIRECT] 
2025-08-07 01:52:29,475 [ERROR] LogOutputStream:75 - [STDERR_REDIRECT] [Fatal Error] :1:1: Premature end of file.
2025-08-07 01:52:29,475 [ERROR] LogOutputStream:75 - [STDERR_REDIRECT] 
2025-08-07 01:52:30,482 [ERROR] LogOutputStream:75 - [STDERR_REDIRECT] [Fatal Error] :1:1: Premature end of file.
2025-08-07 01:52:30,483 [ERROR] LogOutputStream:75 - [STDERR_REDIRECT] 
2025-08-07 01:52:31,479 [ERROR] LogOutputStream:75 - [STDERR_REDIRECT] [Fatal Error] :1:1: Premature end of file.
2025-08-07 01:52:31,480 [ERROR] LogOutputStream:75 - [STDERR_REDIRECT] 
2025-08-07 01:52:32,494 [ERROR] LogOutputStream:75 - [STDERR_REDIRECT] [Fatal Error] :1:1: Premature end of file.
2025-08-07 01:52:32,494 [ERROR] LogOutputStream:75 - [STDERR_REDIRECT] 
2025-08-07 01:52:33,455 [ERROR] LogOutputStream:75 - [STDERR_REDIRECT] [Fatal Error] :1:1: Premature end of file.
2025-08-07 01:52:33,455 [ERROR] LogOutputStream:75 - [STDERR_REDIRECT] 
2025-08-07 01:52:34,462 [ERROR] LogOutputStream:75 - [STDERR_REDIRECT] [Fatal Error] :1:1: Premature end of file.
2025-08-07 01:52:34,463 [ERROR] LogOutputStream:75 - [STDERR_REDIRECT] 
2025-08-07 01:52:35,462 [ERROR] LogOutputStream:75 - [STDERR_REDIRECT] [Fatal Error] :1:1: Premature end of file.
2025-08-07 01:52:35,462 [ERROR] LogOutputStream:75 - [STDERR_REDIRECT] 
2025-08-07 01:52:36,467 [ERROR] LogOutputStream:75 - [STDERR_REDIRECT] [Fatal Error] :1:1: Premature end of file.
2025-08-07 01:52:36,468 [ERROR] LogOutputStream:75 - [STDERR_REDIRECT] 
2025-08-07 01:52:37,455 [ERROR] LogOutputStream:75 - [STDERR_REDIRECT] [Fatal Error] :1:1: Premature end of file.
2025-08-07 01:52:37,455 [ERROR] LogOutputStream:75 - [STDERR_REDIRECT] 
2025-08-07 01:52:38,463 [ERROR] LogOutputStream:75 - [STDERR_REDIRECT] [Fatal Error] :1:1: Premature end of file.
2025-08-07 01:52:38,463 [ERROR] LogOutputStream:75 - [STDERR_REDIRECT] 
2025-08-07 01:52:39,464 [ERROR] LogOutputStream:75 - [STDERR_REDIRECT] [Fatal Error] :1:1: Premature end of file.
2025-08-07 01:52:39,464 [ERROR] LogOutputStream:75 - [STDERR_REDIRECT] 
2025-08-07 01:52:40,478 [ERROR] LogOutputStream:75 - [STDERR_REDIRECT] [Fatal Error] :1:1: Premature end of file.
2025-08-07 01:52:40,479 [ERROR] LogOutputStream:75 - [STDERR_REDIRECT] 
2025-08-07 01:52:41,462 [ERROR] LogOutputStream:75 - [STDERR_REDIRECT] [Fatal Error] :1:1: Premature end of file.
2025-08-07 01:52:41,462 [ERROR] LogOutputStream:75 - [STDERR_REDIRECT] 
2025-08-07 01:52:42,463 [ERROR] LogOutputStream:75 - [STDERR_REDIRECT] [Fatal Error] :1:1: Premature end of file.
2025-08-07 01:52:42,463 [ERROR] LogOutputStream:75 - [STDERR_REDIRECT] 
2025-08-07 01:52:43,470 [ERROR] LogOutputStream:75 - [STDERR_REDIRECT] [Fatal Error] :1:1: Premature end of file.
2025-08-07 01:52:43,470 [ERROR] LogOutputStream:75 - [STDERR_REDIRECT] 
2025-08-07 01:52:44,456 [ERROR] LogOutputStream:75 - [STDERR_REDIRECT] [Fatal Error] :1:1: Premature end of file.
2025-08-07 01:52:44,456 [ERROR] LogOutputStream:75 - [STDERR_REDIRECT] 
2025-08-07 01:52:45,462 [ERROR] LogOutputStream:75 - [STDERR_REDIRECT] [Fatal Error] :1:1: Premature end of file.
2025-08-07 01:52:45,462 [ERROR] LogOutputStream:75 - [STDERR_REDIRECT] 
2025-08-07 01:52:46,454 [ERROR] LogOutputStream:75 - [STDERR_REDIRECT] [Fatal Error] :1:1: Premature end of file.
2025-08-07 01:52:46,455 [ERROR] LogOutputStream:75 - [STDERR_REDIRECT] 
2025-08-07 01:52:47,463 [ERROR] LogOutputStream:75 - [STDERR_REDIRECT] [Fatal Error] :1:1: Premature end of file.
2025-08-07 01:52:47,463 [ERROR] LogOutputStream:75 - [STDERR_REDIRECT] 
2025-08-07 01:52:48,458 [ERROR] LogOutputStream:75 - [STDERR_REDIRECT] [Fatal Error] :1:1: Premature end of file.
2025-08-07 01:52:48,458 [ERROR] LogOutputStream:75 - [STDERR_REDIRECT] 
2025-08-07 01:52:49,462 [ERROR] LogOutputStream:75 - [STDERR_REDIRECT] [Fatal Error] :1:1: Premature end of file.
2025-08-07 01:52:49,462 [ERROR] LogOutputStream:75 - [STDERR_REDIRECT] 
2025-08-07 01:52:50,461 [ERROR] LogOutputStream:75 - [STDERR_REDIRECT] [Fatal Error] :1:1: Premature end of file.
2025-08-07 01:52:50,461 [ERROR] LogOutputStream:75 - [STDERR_REDIRECT] 
2025-08-07 01:52:51,470 [ERROR] LogOutputStream:75 - [STDERR_REDIRECT] [Fatal Error] :1:1: Premature end of file.
2025-08-07 01:52:51,470 [ERROR] LogOutputStream:75 - [STDERR_REDIRECT] 
2025-08-07 01:52:52,460 [ERROR] LogOutputStream:75 - [STDERR_REDIRECT] [Fatal Error] :1:1: Premature end of file.
2025-08-07 01:52:52,460 [ERROR] LogOutputStream:75 - [STDERR_REDIRECT] 
2025-08-07 01:52:53,454 [ERROR] LogOutputStream:75 - [STDERR_REDIRECT] [Fatal Error] :1:1: Premature end of file.
2025-08-07 01:52:53,454 [ERROR] LogOutputStream:75 - [STDERR_REDIRECT] 
2025-08-07 01:52:54,459 [ERROR] LogOutputStream:75 - [STDERR_REDIRECT] [Fatal Error] :1:1: Premature end of file.
2025-08-07 01:52:54,459 [ERROR] LogOutputStream:75 - [STDERR_REDIRECT] 
2025-08-07 01:52:55,463 [ERROR] LogOutputStream:75 - [STDERR_REDIRECT] [Fatal Error] :1:1: Premature end of file.
2025-08-07 01:52:55,463 [ERROR] LogOutputStream:75 - [STDERR_REDIRECT] 
2025-08-07 01:52:56,455 [ERROR] LogOutputStream:75 - [STDERR_REDIRECT] [Fatal Error] :1:1: Premature end of file.
2025-08-07 01:52:56,455 [ERROR] LogOutputStream:75 - [STDERR_REDIRECT] 
2025-08-07 01:52:57,465 [ERROR] LogOutputStream:75 - [STDERR_REDIRECT] [Fatal Error] :1:1: Premature end of file.
2025-08-07 01:52:57,466 [ERROR] LogOutputStream:75 - [STDERR_REDIRECT] 
2025-08-07 01:52:58,459 [ERROR] LogOutputStream:75 - [STDERR_REDIRECT] [Fatal Error] :1:1: Premature end of file.
2025-08-07 01:52:58,459 [ERROR] LogOutputStream:75 - [STDERR_REDIRECT] 
2025-08-07 01:52:59,461 [ERROR] LogOutputStream:75 - [STDERR_REDIRECT] [Fatal Error] :1:1: Premature end of file.
2025-08-07 01:52:59,461 [ERROR] LogOutputStream:75 - [STDERR_REDIRECT] 
2025-08-07 01:53:00,470 [ERROR] LogOutputStream:75 - [STDERR_REDIRECT] [Fatal Error] :1:1: Premature end of file.
2025-08-07 01:53:00,470 [ERROR] LogOutputStream:75 - [STDERR_REDIRECT] 
2025-08-07 01:53:01,463 [ERROR] LogOutputStream:75 - [STDERR_REDIRECT] [Fatal Error] :1:1: Premature end of file.
2025-08-07 01:53:01,463 [ERROR] LogOutputStream:75 - [STDERR_REDIRECT] 
2025-08-07 01:53:02,470 [ERROR] LogOutputStream:75 - [STDERR_REDIRECT] [Fatal Error] :1:1: Premature end of file.
2025-08-07 01:53:02,470 [ERROR] LogOutputStream:75 - [STDERR_REDIRECT] 
2025-08-07 01:53:03,461 [ERROR] LogOutputStream:75 - [STDERR_REDIRECT] [Fatal Error] :1:1: Premature end of file.
2025-08-07 01:53:03,461 [ERROR] LogOutputStream:75 - [STDERR_REDIRECT] 
2025-08-07 01:53:04,455 [ERROR] LogOutputStream:75 - [STDERR_REDIRECT] [Fatal Error] :1:1: Premature end of file.
2025-08-07 01:53:04,455 [ERROR] LogOutputStream:75 - [STDERR_REDIRECT] 
2025-08-07 01:53:05,469 [ERROR] LogOutputStream:75 - [STDERR_REDIRECT] [Fatal Error] :1:1: Premature end of file.
2025-08-07 01:53:05,469 [ERROR] LogOutputStream:75 - [STDERR_REDIRECT] 
2025-08-07 01:53:06,461 [ERROR] LogOutputStream:75 - [STDERR_REDIRECT] [Fatal Error] :1:1: Premature end of file.
2025-08-07 01:53:06,461 [ERROR] LogOutputStream:75 - [STDERR_REDIRECT] 
2025-08-07 01:53:07,453 [ERROR] LogOutputStream:75 - [STDERR_REDIRECT] [Fatal Error] :1:1: Premature end of file.
2025-08-07 01:53:07,454 [ERROR] LogOutputStream:75 - [STDERR_REDIRECT] 
2025-08-07 01:53:08,461 [ERROR] LogOutputStream:75 - [STDERR_REDIRECT] [Fatal Error] :1:1: Premature end of file.
2025-08-07 01:53:08,461 [ERROR] LogOutputStream:75 - [STDERR_REDIRECT] 
2025-08-07 01:53:09,456 [ERROR] LogOutputStream:75 - [STDERR_REDIRECT] [Fatal Error] :1:1: Premature end of file.
2025-08-07 01:53:09,456 [ERROR] LogOutputStream:75 - [STDERR_REDIRECT] 
2025-08-07 01:53:10,466 [ERROR] LogOutputStream:75 - [STDERR_REDIRECT] [Fatal Error] :1:1: Premature end of file.
2025-08-07 01:53:10,466 [ERROR] LogOutputStream:75 - [STDERR_REDIRECT] 
2025-08-07 01:53:11,458 [ERROR] LogOutputStream:75 - [STDERR_REDIRECT] [Fatal Error] :1:1: Premature end of file.
2025-08-07 01:53:11,458 [ERROR] LogOutputStream:75 - [STDERR_REDIRECT] 
2025-08-07 01:53:12,466 [ERROR] LogOutputStream:75 - [STDERR_REDIRECT] [Fatal Error] :1:1: Premature end of file.
2025-08-07 01:53:12,466 [ERROR] LogOutputStream:75 - [STDERR_REDIRECT] 
2025-08-07 01:53:13,454 [ERROR] LogOutputStream:75 - [STDERR_REDIRECT] [Fatal Error] :1:1: Premature end of file.
2025-08-07 01:53:13,454 [ERROR] LogOutputStream:75 - [STDERR_REDIRECT] 
2025-08-07 01:53:14,466 [ERROR] LogOutputStream:75 - [STDERR_REDIRECT] [Fatal Error] :1:1: Premature end of file.
2025-08-07 01:53:14,466 [ERROR] LogOutputStream:75 - [STDERR_REDIRECT] 
2025-08-07 01:53:15,459 [ERROR] LogOutputStream:75 - [STDERR_REDIRECT] [Fatal Error] :1:1: Premature end of file.
2025-08-07 01:53:15,459 [ERROR] LogOutputStream:75 - [STDERR_REDIRECT] 
2025-08-07 01:53:16,455 [ERROR] LogOutputStream:75 - [STDERR_REDIRECT] [Fatal Error] :1:1: Premature end of file.
2025-08-07 01:53:16,455 [ERROR] LogOutputStream:75 - [STDERR_REDIRECT] 
2025-08-07 01:53:17,464 [ERROR] LogOutputStream:75 - [STDERR_REDIRECT] [Fatal Error] :1:1: Premature end of file.
2025-08-07 01:53:17,464 [ERROR] LogOutputStream:75 - [STDERR_REDIRECT] 
2025-08-07 01:53:18,470 [ERROR] LogOutputStream:75 - [STDERR_REDIRECT] [Fatal Error] :1:1: Premature end of file.
2025-08-07 01:53:18,470 [ERROR] LogOutputStream:75 - [STDERR_REDIRECT] 
2025-08-07 01:53:19,463 [ERROR] LogOutputStream:75 - [STDERR_REDIRECT] [Fatal Error] :1:1: Premature end of file.
2025-08-07 01:53:19,464 [ERROR] LogOutputStream:75 - [STDERR_REDIRECT] 
2025-08-07 01:53:20,456 [ERROR] LogOutputStream:75 - [STDERR_REDIRECT] [Fatal Error] :1:1: Premature end of file.
2025-08-07 01:53:20,456 [ERROR] LogOutputStream:75 - [STDERR_REDIRECT] 
2025-08-07 01:53:21,463 [ERROR] LogOutputStream:75 - [STDERR_REDIRECT] [Fatal Error] :1:1: Premature end of file.
2025-08-07 01:53:21,463 [ERROR] LogOutputStream:75 - [STDERR_REDIRECT] 
2025-08-07 01:53:22,457 [ERROR] LogOutputStream:75 - [STDERR_REDIRECT] [Fatal Error] :1:1: Premature end of file.
2025-08-07 01:53:22,457 [ERROR] LogOutputStream:75 - [STDERR_REDIRECT] 
2025-08-07 01:53:23,462 [ERROR] LogOutputStream:75 - [STDERR_REDIRECT] [Fatal Error] :1:1: Premature end of file.
2025-08-07 01:53:23,462 [ERROR] LogOutputStream:75 - [STDERR_REDIRECT] 
2025-08-07 01:53:24,453 [ERROR] LogOutputStream:75 - [STDERR_REDIRECT] [Fatal Error] :1:1: Premature end of file.
2025-08-07 01:53:24,453 [ERROR] LogOutputStream:75 - [STDERR_REDIRECT] 
2025-08-07 01:53:25,462 [ERROR] LogOutputStream:75 - [STDERR_REDIRECT] [Fatal Error] :1:1: Premature end of file.
2025-08-07 01:53:25,462 [ERROR] LogOutputStream:75 - [STDERR_REDIRECT] 
2025-08-07 01:53:26,458 [ERROR] LogOutputStream:75 - [STDERR_REDIRECT] [Fatal Error] :1:1: Premature end of file.
2025-08-07 01:53:26,458 [ERROR] LogOutputStream:75 - [STDERR_REDIRECT] 
2025-08-07 01:53:27,459 [ERROR] LogOutputStream:75 - [STDERR_REDIRECT] [Fatal Error] :1:1: Premature end of file.
2025-08-07 01:53:27,459 [ERROR] LogOutputStream:75 - [STDERR_REDIRECT] 
2025-08-07 01:53:28,463 [ERROR] LogOutputStream:75 - [STDERR_REDIRECT] [Fatal Error] :1:1: Premature end of file.
2025-08-07 01:53:28,463 [ERROR] LogOutputStream:75 - [STDERR_REDIRECT] 
2025-08-07 01:53:29,457 [ERROR] LogOutputStream:75 - [STDERR_REDIRECT] [Fatal Error] :1:1: Premature end of file.
2025-08-07 01:53:29,458 [ERROR] LogOutputStream:75 - [STDERR_REDIRECT] 
2025-08-07 01:53:30,466 [ERROR] LogOutputStream:75 - [STDERR_REDIRECT] [Fatal Error] :1:1: Premature end of file.
2025-08-07 01:53:30,466 [ERROR] LogOutputStream:75 - [STDERR_REDIRECT] 
2025-08-07 01:53:31,466 [ERROR] LogOutputStream:75 - [STDERR_REDIRECT] [Fatal Error] :1:1: Premature end of file.
2025-08-07 01:53:31,466 [ERROR] LogOutputStream:75 - [STDERR_REDIRECT] 
2025-08-07 01:53:32,454 [ERROR] LogOutputStream:75 - [STDERR_REDIRECT] [Fatal Error] :1:1: Premature end of file.
2025-08-07 01:53:32,454 [ERROR] LogOutputStream:75 - [STDERR_REDIRECT] 
2025-08-07 01:53:33,467 [ERROR] LogOutputStream:75 - [STDERR_REDIRECT] [Fatal Error] :1:1: Premature end of file.
2025-08-07 01:53:33,468 [ERROR] LogOutputStream:75 - [STDERR_REDIRECT] 
2025-08-07 01:53:34,459 [ERROR] LogOutputStream:75 - [STDERR_REDIRECT] [Fatal Error] :1:1: Premature end of file.
2025-08-07 01:53:34,459 [ERROR] LogOutputStream:75 - [STDERR_REDIRECT] 
2025-08-07 01:53:35,469 [ERROR] LogOutputStream:75 - [STDERR_REDIRECT] [Fatal Error] :1:1: Premature end of file.
2025-08-07 01:53:35,470 [ERROR] LogOutputStream:75 - [STDERR_REDIRECT] 
2025-08-07 01:53:36,459 [ERROR] LogOutputStream:75 - [STDERR_REDIRECT] [Fatal Error] :1:1: Premature end of file.
2025-08-07 01:53:36,459 [ERROR] LogOutputStream:75 - [STDERR_REDIRECT] 
2025-08-07 01:53:37,469 [ERROR] LogOutputStream:75 - [STDERR_REDIRECT] [Fatal Error] :1:1: Premature end of file.
2025-08-07 01:53:37,469 [ERROR] LogOutputStream:75 - [STDERR_REDIRECT] 
2025-08-07 01:53:38,458 [ERROR] LogOutputStream:75 - [STDERR_REDIRECT] [Fatal Error] :1:1: Premature end of file.
2025-08-07 01:53:38,459 [ERROR] LogOutputStream:75 - [STDERR_REDIRECT] 
2025-08-07 01:53:39,470 [ERROR] LogOutputStream:75 - [STDERR_REDIRECT] [Fatal Error] :1:1: Premature end of file.
2025-08-07 01:53:39,470 [ERROR] LogOutputStream:75 - [STDERR_REDIRECT] 
2025-08-07 01:53:40,464 [ERROR] LogOutputStream:75 - [STDERR_REDIRECT] [Fatal Error] :1:1: Premature end of file.
2025-08-07 01:53:40,464 [ERROR] LogOutputStream:75 - [STDERR_REDIRECT] 
2025-08-07 01:53:41,465 [ERROR] LogOutputStream:75 - [STDERR_REDIRECT] [Fatal Error] :1:1: Premature end of file.
2025-08-07 01:53:41,465 [ERROR] LogOutputStream:75 - [STDERR_REDIRECT] 
2025-08-07 01:53:42,467 [ERROR] LogOutputStream:75 - [STDERR_REDIRECT] [Fatal Error] :1:1: Premature end of file.
2025-08-07 01:53:42,467 [ERROR] LogOutputStream:75 - [STDERR_REDIRECT] 
2025-08-07 01:53:43,459 [ERROR] LogOutputStream:75 - [STDERR_REDIRECT] [Fatal Error] :1:1: Premature end of file.
2025-08-07 01:53:43,459 [ERROR] LogOutputStream:75 - [STDERR_REDIRECT] 
2025-08-07 01:53:44,470 [ERROR] LogOutputStream:75 - [STDERR_REDIRECT] [Fatal Error] :1:1: Premature end of file.
2025-08-07 01:53:44,470 [ERROR] LogOutputStream:75 - [STDERR_REDIRECT] 
2025-08-07 01:53:45,468 [ERROR] LogOutputStream:75 - [STDERR_REDIRECT] [Fatal Error] :1:1: Premature end of file.
2025-08-07 01:53:45,468 [ERROR] LogOutputStream:75 - [STDERR_REDIRECT] 
2025-08-07 01:53:46,472 [ERROR] LogOutputStream:75 - [STDERR_REDIRECT] [Fatal Error] :1:1: Premature end of file.
2025-08-07 01:53:46,472 [ERROR] LogOutputStream:75 - [STDERR_REDIRECT] 
2025-08-07 01:53:47,462 [ERROR] LogOutputStream:75 - [STDERR_REDIRECT] [Fatal Error] :1:1: Premature end of file.
2025-08-07 01:53:47,462 [ERROR] LogOutputStream:75 - [STDERR_REDIRECT] 
2025-08-07 01:53:48,470 [ERROR] LogOutputStream:75 - [STDERR_REDIRECT] [Fatal Error] :1:1: Premature end of file.
2025-08-07 01:53:48,470 [ERROR] LogOutputStream:75 - [STDERR_REDIRECT] 
2025-08-07 01:53:49,464 [ERROR] LogOutputStream:75 - [STDERR_REDIRECT] [Fatal Error] :1:1: Premature end of file.
2025-08-07 01:53:49,464 [ERROR] LogOutputStream:75 - [STDERR_REDIRECT] 
2025-08-07 01:53:50,454 [ERROR] LogOutputStream:75 - [STDERR_REDIRECT] [Fatal Error] :1:1: Premature end of file.
2025-08-07 01:53:50,454 [ERROR] LogOutputStream:75 - [STDERR_REDIRECT] 
2025-08-07 01:53:51,164 [INFO] MainUpdater:2872 - connection check result : 10
2025-08-07 01:53:51,283 [INFO] McuFinderGlobals:76 - Set McuFinderConnectedMode to true
2025-08-07 01:53:51,284 [INFO] MultiScanPanel:200 - Auto-refresh data requested => check proxy status ongoing
2025-08-07 01:53:51,284 [INFO] FinderPluginLoader:96 - Searching for filters in installed packs
2025-08-07 01:53:51,477 [ERROR] LogOutputStream:75 - [STDERR_REDIRECT] [Fatal Error] :1:1: Premature end of file.
2025-08-07 01:53:51,477 [ERROR] LogOutputStream:75 - [STDERR_REDIRECT] 
2025-08-07 01:53:52,042 [INFO] LoadUrlFilesThread:185 - End of LoadServerUrlFiles without Thread
2025-08-07 01:53:52,042 [INFO] DetailPanel:341 - Set advertising image to C:/Users/SNYDE/STM32Cube/Repository/\en.2400x1350px.jpeg
2025-08-07 01:53:52,459 [ERROR] LogOutputStream:75 - [STDERR_REDIRECT] [Fatal Error] :1:1: Premature end of file.
2025-08-07 01:53:52,460 [ERROR] LogOutputStream:75 - [STDERR_REDIRECT] 
2025-08-07 01:53:53,470 [ERROR] LogOutputStream:75 - [STDERR_REDIRECT] [Fatal Error] :1:1: Premature end of file.
2025-08-07 01:53:53,470 [ERROR] LogOutputStream:75 - [STDERR_REDIRECT] 
2025-08-07 01:53:54,456 [ERROR] LogOutputStream:75 - [STDERR_REDIRECT] [Fatal Error] :1:1: Premature end of file.
2025-08-07 01:53:54,457 [ERROR] LogOutputStream:75 - [STDERR_REDIRECT] 
2025-08-07 01:53:55,462 [ERROR] LogOutputStream:75 - [STDERR_REDIRECT] [Fatal Error] :1:1: Premature end of file.
2025-08-07 01:53:55,462 [ERROR] LogOutputStream:75 - [STDERR_REDIRECT] 
2025-08-07 01:53:56,454 [ERROR] LogOutputStream:75 - [STDERR_REDIRECT] [Fatal Error] :1:1: Premature end of file.
2025-08-07 01:53:56,454 [ERROR] LogOutputStream:75 - [STDERR_REDIRECT] 
2025-08-07 01:53:57,454 [ERROR] LogOutputStream:75 - [STDERR_REDIRECT] [Fatal Error] :1:1: Premature end of file.
2025-08-07 01:53:57,454 [ERROR] LogOutputStream:75 - [STDERR_REDIRECT] 
2025-08-07 01:53:58,454 [ERROR] LogOutputStream:75 - [STDERR_REDIRECT] [Fatal Error] :1:1: Premature end of file.
2025-08-07 01:53:58,454 [ERROR] LogOutputStream:75 - [STDERR_REDIRECT] 
2025-08-07 01:53:59,455 [ERROR] LogOutputStream:75 - [STDERR_REDIRECT] [Fatal Error] :1:1: Premature end of file.
2025-08-07 01:53:59,455 [ERROR] LogOutputStream:75 - [STDERR_REDIRECT] 
2025-08-07 01:54:00,454 [ERROR] LogOutputStream:75 - [STDERR_REDIRECT] [Fatal Error] :1:1: Premature end of file.
2025-08-07 01:54:00,454 [ERROR] LogOutputStream:75 - [STDERR_REDIRECT] 
2025-08-07 01:54:01,453 [ERROR] LogOutputStream:75 - [STDERR_REDIRECT] [Fatal Error] :1:1: Premature end of file.
2025-08-07 01:54:01,453 [ERROR] LogOutputStream:75 - [STDERR_REDIRECT] 
2025-08-07 01:54:02,454 [ERROR] LogOutputStream:75 - [STDERR_REDIRECT] [Fatal Error] :1:1: Premature end of file.
2025-08-07 01:54:02,454 [ERROR] LogOutputStream:75 - [STDERR_REDIRECT] 
2025-08-07 01:54:03,455 [ERROR] LogOutputStream:75 - [STDERR_REDIRECT] [Fatal Error] :1:1: Premature end of file.
2025-08-07 01:54:03,455 [ERROR] LogOutputStream:75 - [STDERR_REDIRECT] 
2025-08-07 01:54:04,453 [ERROR] LogOutputStream:75 - [STDERR_REDIRECT] [Fatal Error] :1:1: Premature end of file.
2025-08-07 01:54:04,453 [ERROR] LogOutputStream:75 - [STDERR_REDIRECT] 
2025-08-07 01:54:05,454 [ERROR] LogOutputStream:75 - [STDERR_REDIRECT] [Fatal Error] :1:1: Premature end of file.
2025-08-07 01:54:05,455 [ERROR] LogOutputStream:75 - [STDERR_REDIRECT] 
2025-08-07 01:54:06,454 [ERROR] LogOutputStream:75 - [STDERR_REDIRECT] [Fatal Error] :1:1: Premature end of file.
2025-08-07 01:54:06,454 [ERROR] LogOutputStream:75 - [STDERR_REDIRECT] 
2025-08-07 01:54:07,454 [ERROR] LogOutputStream:75 - [STDERR_REDIRECT] [Fatal Error] :1:1: Premature end of file.
2025-08-07 01:54:07,454 [ERROR] LogOutputStream:75 - [STDERR_REDIRECT] 
2025-08-07 01:54:08,454 [ERROR] LogOutputStream:75 - [STDERR_REDIRECT] [Fatal Error] :1:1: Premature end of file.
2025-08-07 01:54:08,454 [ERROR] LogOutputStream:75 - [STDERR_REDIRECT] 
2025-08-07 01:54:09,454 [ERROR] LogOutputStream:75 - [STDERR_REDIRECT] [Fatal Error] :1:1: Premature end of file.
2025-08-07 01:54:09,454 [ERROR] LogOutputStream:75 - [STDERR_REDIRECT] 
2025-08-07 01:54:10,453 [ERROR] LogOutputStream:75 - [STDERR_REDIRECT] [Fatal Error] :1:1: Premature end of file.
2025-08-07 01:54:10,453 [ERROR] LogOutputStream:75 - [STDERR_REDIRECT] 
2025-08-07 01:54:11,454 [ERROR] LogOutputStream:75 - [STDERR_REDIRECT] [Fatal Error] :1:1: Premature end of file.
2025-08-07 01:54:11,454 [ERROR] LogOutputStream:75 - [STDERR_REDIRECT] 
2025-08-07 01:54:12,458 [ERROR] LogOutputStream:75 - [STDERR_REDIRECT] [Fatal Error] :1:1: Premature end of file.
2025-08-07 01:54:12,458 [ERROR] LogOutputStream:75 - [STDERR_REDIRECT] 
2025-08-07 01:54:13,454 [ERROR] LogOutputStream:75 - [STDERR_REDIRECT] [Fatal Error] :1:1: Premature end of file.
2025-08-07 01:54:13,454 [ERROR] LogOutputStream:75 - [STDERR_REDIRECT] 
2025-08-07 01:54:13,738 [INFO] ApiDb:581 - Connected to CubeFinder SQLite database (C:\Users\SNYDE\.stmcufinder\plugins\mcufinder\mcu\cube-finder-db.db)
2025-08-07 01:54:14,462 [ERROR] LogOutputStream:75 - [STDERR_REDIRECT] [Fatal Error] :1:1: Premature end of file.
2025-08-07 01:54:14,462 [ERROR] LogOutputStream:75 - [STDERR_REDIRECT] 
2025-08-07 01:54:15,453 [ERROR] LogOutputStream:75 - [STDERR_REDIRECT] [Fatal Error] :1:1: Premature end of file.
2025-08-07 01:54:15,453 [ERROR] LogOutputStream:75 - [STDERR_REDIRECT] 
2025-08-07 01:54:16,454 [ERROR] LogOutputStream:75 - [STDERR_REDIRECT] [Fatal Error] :1:1: Premature end of file.
2025-08-07 01:54:16,454 [ERROR] LogOutputStream:75 - [STDERR_REDIRECT] 
2025-08-07 01:54:17,454 [ERROR] LogOutputStream:75 - [STDERR_REDIRECT] [Fatal Error] :1:1: Premature end of file.
2025-08-07 01:54:17,454 [ERROR] LogOutputStream:75 - [STDERR_REDIRECT] 
2025-08-07 01:54:18,457 [ERROR] LogOutputStream:75 - [STDERR_REDIRECT] [Fatal Error] :1:1: Premature end of file.
2025-08-07 01:54:18,458 [ERROR] LogOutputStream:75 - [STDERR_REDIRECT] 
2025-08-07 01:54:19,454 [ERROR] LogOutputStream:75 - [STDERR_REDIRECT] [Fatal Error] :1:1: Premature end of file.
2025-08-07 01:54:19,454 [ERROR] LogOutputStream:75 - [STDERR_REDIRECT] 
2025-08-07 01:54:20,456 [ERROR] LogOutputStream:75 - [STDERR_REDIRECT] [Fatal Error] :1:1: Premature end of file.
2025-08-07 01:54:20,456 [ERROR] LogOutputStream:75 - [STDERR_REDIRECT] 
2025-08-07 01:54:21,457 [ERROR] LogOutputStream:75 - [STDERR_REDIRECT] [Fatal Error] :1:1: Premature end of file.
2025-08-07 01:54:21,457 [ERROR] LogOutputStream:75 - [STDERR_REDIRECT] 
2025-08-07 01:54:22,464 [ERROR] LogOutputStream:75 - [STDERR_REDIRECT] [Fatal Error] :1:1: Premature end of file.
2025-08-07 01:54:22,464 [ERROR] LogOutputStream:75 - [STDERR_REDIRECT] 
2025-08-07 01:54:23,455 [ERROR] LogOutputStream:75 - [STDERR_REDIRECT] [Fatal Error] :1:1: Premature end of file.
2025-08-07 01:54:23,456 [ERROR] LogOutputStream:75 - [STDERR_REDIRECT] 
2025-08-07 01:54:24,454 [ERROR] LogOutputStream:75 - [STDERR_REDIRECT] [Fatal Error] :1:1: Premature end of file.
2025-08-07 01:54:24,456 [ERROR] LogOutputStream:75 - [STDERR_REDIRECT] 
2025-08-07 01:54:25,457 [ERROR] LogOutputStream:75 - [STDERR_REDIRECT] [Fatal Error] :1:1: Premature end of file.
2025-08-07 01:54:25,458 [ERROR] LogOutputStream:75 - [STDERR_REDIRECT] 
2025-08-07 01:54:26,455 [ERROR] LogOutputStream:75 - [STDERR_REDIRECT] [Fatal Error] :1:1: Premature end of file.
2025-08-07 01:54:26,455 [ERROR] LogOutputStream:75 - [STDERR_REDIRECT] 
2025-08-07 01:54:27,454 [ERROR] LogOutputStream:75 - [STDERR_REDIRECT] [Fatal Error] :1:1: Premature end of file.
2025-08-07 01:54:27,454 [ERROR] LogOutputStream:75 - [STDERR_REDIRECT] 
2025-08-07 01:54:28,458 [ERROR] LogOutputStream:75 - [STDERR_REDIRECT] [Fatal Error] :1:1: Premature end of file.
2025-08-07 01:54:28,458 [ERROR] LogOutputStream:75 - [STDERR_REDIRECT] 
2025-08-07 01:54:29,454 [ERROR] LogOutputStream:75 - [STDERR_REDIRECT] [Fatal Error] :1:1: Premature end of file.
2025-08-07 01:54:29,454 [ERROR] LogOutputStream:75 - [STDERR_REDIRECT] 
2025-08-07 01:54:30,456 [ERROR] LogOutputStream:75 - [STDERR_REDIRECT] [Fatal Error] :1:1: Premature end of file.
2025-08-07 01:54:30,456 [ERROR] LogOutputStream:75 - [STDERR_REDIRECT] 
2025-08-07 01:54:31,464 [ERROR] LogOutputStream:75 - [STDERR_REDIRECT] [Fatal Error] :1:1: Premature end of file.
2025-08-07 01:54:31,464 [ERROR] LogOutputStream:75 - [STDERR_REDIRECT] 
2025-08-07 01:54:32,454 [ERROR] LogOutputStream:75 - [STDERR_REDIRECT] [Fatal Error] :1:1: Premature end of file.
2025-08-07 01:54:32,454 [ERROR] LogOutputStream:75 - [STDERR_REDIRECT] 
2025-08-07 01:54:33,458 [ERROR] LogOutputStream:75 - [STDERR_REDIRECT] [Fatal Error] :1:1: Premature end of file.
2025-08-07 01:54:33,458 [ERROR] LogOutputStream:75 - [STDERR_REDIRECT] 
2025-08-07 01:54:34,457 [ERROR] LogOutputStream:75 - [STDERR_REDIRECT] [Fatal Error] :1:1: Premature end of file.
2025-08-07 01:54:34,457 [ERROR] LogOutputStream:75 - [STDERR_REDIRECT] 
2025-08-07 01:54:35,461 [ERROR] LogOutputStream:75 - [STDERR_REDIRECT] [Fatal Error] :1:1: Premature end of file.
2025-08-07 01:54:35,461 [ERROR] LogOutputStream:75 - [STDERR_REDIRECT] 
2025-08-07 01:54:36,454 [ERROR] LogOutputStream:75 - [STDERR_REDIRECT] [Fatal Error] :1:1: Premature end of file.
2025-08-07 01:54:36,454 [ERROR] LogOutputStream:75 - [STDERR_REDIRECT] 
2025-08-07 01:54:37,456 [ERROR] LogOutputStream:75 - [STDERR_REDIRECT] [Fatal Error] :1:1: Premature end of file.
2025-08-07 01:54:37,457 [ERROR] LogOutputStream:75 - [STDERR_REDIRECT] 
2025-08-07 01:54:38,461 [ERROR] LogOutputStream:75 - [STDERR_REDIRECT] [Fatal Error] :1:1: Premature end of file.
2025-08-07 01:54:38,461 [ERROR] LogOutputStream:75 - [STDERR_REDIRECT] 
2025-08-07 01:54:39,456 [ERROR] LogOutputStream:75 - [STDERR_REDIRECT] [Fatal Error] :1:1: Premature end of file.
2025-08-07 01:54:39,456 [ERROR] LogOutputStream:75 - [STDERR_REDIRECT] 
2025-08-07 01:54:40,454 [ERROR] LogOutputStream:75 - [STDERR_REDIRECT] [Fatal Error] :1:1: Premature end of file.
2025-08-07 01:54:40,454 [ERROR] LogOutputStream:75 - [STDERR_REDIRECT] 
2025-08-07 01:54:41,454 [ERROR] LogOutputStream:75 - [STDERR_REDIRECT] [Fatal Error] :1:1: Premature end of file.
2025-08-07 01:54:41,454 [ERROR] LogOutputStream:75 - [STDERR_REDIRECT] 
2025-08-07 01:54:42,454 [ERROR] LogOutputStream:75 - [STDERR_REDIRECT] [Fatal Error] :1:1: Premature end of file.
2025-08-07 01:54:42,454 [ERROR] LogOutputStream:75 - [STDERR_REDIRECT] 
2025-08-07 01:54:43,465 [ERROR] LogOutputStream:75 - [STDERR_REDIRECT] [Fatal Error] :1:1: Premature end of file.
2025-08-07 01:54:43,465 [ERROR] LogOutputStream:75 - [STDERR_REDIRECT] 
2025-08-07 01:54:44,204 [INFO] MainUpdater:2872 - connection check result : 10
2025-08-07 01:54:44,204 [INFO] MainUpdater:2872 - connection check result : 10
2025-08-07 01:54:44,220 [INFO] MicroXplorer:468 - Change Database Path : 
2025-08-07 01:54:44,220 [INFO] MicroXplorer:498 - Change Database Version : DB.6.0.150
2025-08-07 01:54:44,223 [WARN] ThirdParty:871 - waiting for thirdparty lock release [close project]
2025-08-07 01:54:44,224 [INFO] ThirdParty:873 - entering critical section [close project]
2025-08-07 01:54:44,226 [INFO] ThirdParty:883 - exiting critical section [close project]
2025-08-07 01:54:44,228 [INFO] PinOutPanel:1589 - setPackage(No Configuration,No Configuration)
2025-08-07 01:54:44,230 [INFO] UtilMem:75 - Begin LoadConfig() Used Memory: 743965944 Bytes (1073741824)
2025-08-07 01:54:44,231 [INFO] MicroXplorer:468 - Change Database Path : 
2025-08-07 01:54:44,231 [INFO] MicroXplorer:498 - Change Database Version : DB.6.0.150
2025-08-07 01:54:44,231 [INFO] OpenFileManager:355 - Change cursor
2025-08-07 01:54:44,415 [INFO] Mcu:2029 - Initializing MCU STM32G474RCTx STM32G474RCTx STM32G474RCT6
2025-08-07 01:54:44,585 [ERROR] LogOutputStream:75 - [STDERR_REDIRECT] [Fatal Error] :1:1: Premature end of file.
2025-08-07 01:54:44,587 [ERROR] LogOutputStream:75 - [STDERR_REDIRECT] 
2025-08-07 01:54:45,468 [ERROR] LogOutputStream:75 - [STDERR_REDIRECT] [Fatal Error] :1:1: Premature end of file.
2025-08-07 01:54:45,468 [ERROR] LogOutputStream:75 - [STDERR_REDIRECT] 
2025-08-07 01:54:46,462 [ERROR] LogOutputStream:75 - [STDERR_REDIRECT] [Fatal Error] :1:1: Premature end of file.
2025-08-07 01:54:46,462 [ERROR] LogOutputStream:75 - [STDERR_REDIRECT] 
2025-08-07 01:54:47,462 [ERROR] LogOutputStream:75 - [STDERR_REDIRECT] [Fatal Error] :1:1: Premature end of file.
2025-08-07 01:54:47,462 [ERROR] LogOutputStream:75 - [STDERR_REDIRECT] 
2025-08-07 01:54:48,477 [ERROR] LogOutputStream:75 - [STDERR_REDIRECT] [Fatal Error] :1:1: Premature end of file.
2025-08-07 01:54:48,477 [ERROR] LogOutputStream:75 - [STDERR_REDIRECT] 
2025-08-07 01:54:49,459 [ERROR] LogOutputStream:75 - [STDERR_REDIRECT] [Fatal Error] :1:1: Premature end of file.
2025-08-07 01:54:49,459 [ERROR] LogOutputStream:75 - [STDERR_REDIRECT] 
2025-08-07 01:54:49,511 [INFO] Context:786 - Trying to add GPIOservice into a context  which must be forbidden
2025-08-07 01:54:50,474 [ERROR] LogOutputStream:75 - [STDERR_REDIRECT] [Fatal Error] :1:1: Premature end of file.
2025-08-07 01:54:50,475 [ERROR] LogOutputStream:75 - [STDERR_REDIRECT] 
2025-08-07 01:54:51,470 [ERROR] LogOutputStream:75 - [STDERR_REDIRECT] [Fatal Error] :1:1: Premature end of file.
2025-08-07 01:54:51,471 [ERROR] LogOutputStream:75 - [STDERR_REDIRECT] 
2025-08-07 01:54:51,476 [INFO] ImportTextPane:234 - (OptionalMessage_ERROR) Unable to find key (Mcu.ThirdPartyNb) in loaded IOC file
2025-08-07 01:54:51,476 [INFO] ImportTextPane:234 - (OptionalMessage_ERROR) Unable to find key (Mcu.PinsNb) in loaded IOC file
2025-08-07 01:54:51,479 [INFO] ImportTextPane:234 - (OptionalMessage_ERROR) Pin0 (VP_RIF_VS_RIF1) cannot be retrieved for this MCU
2025-08-07 01:54:51,479 [INFO] ImportTextPane:234 - (OptionalMessage_ERROR) Unable to find key (Mcu.IPNb) in loaded IOC file
2025-08-07 01:54:51,592 [INFO] RtosManager:558 - Registered RTOS mode: class=CMSIS, group=RTOS, mode=CMSIS_V1, owner=FREERTOS
2025-08-07 01:54:51,592 [INFO] RtosManager:558 - Registered RTOS mode: class=CMSIS, group=RTOS2, mode=CMSIS_V2, owner=FREERTOS
2025-08-07 01:54:51,592 [INFO] RtosManager:558 - Registered RTOS mode: class=RTOS, group=Core, mode=CMSIS_V1, owner=FREERTOS
2025-08-07 01:54:51,592 [INFO] RtosManager:558 - Registered RTOS mode: class=RTOS, group=Core, mode=CMSIS_V2, owner=FREERTOS
2025-08-07 01:54:51,593 [WARN] ModelIntegratedComponent:184 - Missing modes for component STMicroelectronics:FreeRTOS:0.0.1:STMicroelectronics:RTOS:FreeRTOS:Core:::10.2.0:
2025-08-07 01:54:51,606 [WARN] ModelIntegratedComponent:63 - No mode defined for component null
2025-08-07 01:54:51,606 [WARN] ModelIntegratedComponent:63 - No mode defined for component null
2025-08-07 01:54:51,606 [WARN] ModelIntegratedComponent:63 - No mode defined for component null
2025-08-07 01:54:51,606 [WARN] ModelIntegratedComponent:63 - No mode defined for component null
2025-08-07 01:54:51,606 [WARN] ModelIntegratedComponent:63 - No mode defined for component null
2025-08-07 01:54:51,606 [WARN] ModelIntegratedComponent:63 - No mode defined for component null
2025-08-07 01:54:51,606 [WARN] ModelIntegratedComponent:63 - No mode defined for component null
2025-08-07 01:54:51,606 [WARN] ModelIntegratedComponent:63 - No mode defined for component null
2025-08-07 01:54:51,606 [WARN] ModelIntegratedComponent:63 - No mode defined for component null
2025-08-07 01:54:51,606 [WARN] ModelIntegratedComponent:63 - No mode defined for component null
2025-08-07 01:54:51,606 [WARN] ModelIntegratedComponent:63 - No mode defined for component null
2025-08-07 01:54:51,606 [WARN] ModelIntegratedComponent:63 - No mode defined for component null
2025-08-07 01:54:51,606 [WARN] ModelIntegratedComponent:63 - No mode defined for component null
2025-08-07 01:54:51,606 [WARN] ModelIntegratedComponent:63 - No mode defined for component null
2025-08-07 01:54:51,606 [WARN] ModelIntegratedComponent:63 - No mode defined for component null
2025-08-07 01:54:51,606 [WARN] ModelIntegratedComponent:63 - No mode defined for component null
2025-08-07 01:54:51,606 [WARN] ModelIntegratedComponent:63 - No mode defined for component null
2025-08-07 01:54:51,606 [WARN] ModelIntegratedComponent:63 - No mode defined for component null
2025-08-07 01:54:51,606 [WARN] ModelIntegratedComponent:63 - No mode defined for component null
2025-08-07 01:54:51,606 [WARN] ModelIntegratedComponent:63 - No mode defined for component null
2025-08-07 01:54:51,607 [WARN] ModelIntegratedComponent:63 - No mode defined for component null
2025-08-07 01:54:51,607 [WARN] ModelIntegratedComponent:63 - No mode defined for component null
2025-08-07 01:54:51,607 [WARN] ModelIntegratedComponent:63 - No mode defined for component null
2025-08-07 01:54:51,607 [WARN] ModelIntegratedComponent:63 - No mode defined for component null
2025-08-07 01:54:51,607 [WARN] ModelIntegratedComponent:63 - No mode defined for component null
2025-08-07 01:54:51,607 [WARN] ModelIntegratedComponent:63 - No mode defined for component null
2025-08-07 01:54:51,607 [WARN] ModelIntegratedComponent:63 - No mode defined for component null
2025-08-07 01:54:51,607 [WARN] ModelIntegratedComponent:63 - No mode defined for component null
2025-08-07 01:54:51,607 [WARN] ModelIntegratedComponent:63 - No mode defined for component null
2025-08-07 01:54:51,607 [WARN] ModelIntegratedComponent:63 - No mode defined for component null
2025-08-07 01:54:51,607 [WARN] ModelIntegratedComponent:63 - No mode defined for component null
2025-08-07 01:54:51,607 [WARN] ModelIntegratedComponent:63 - No mode defined for component null
2025-08-07 01:54:51,607 [WARN] ModelIntegratedComponent:63 - No mode defined for component null
2025-08-07 01:54:51,607 [WARN] ModelIntegratedComponent:63 - No mode defined for component null
2025-08-07 01:54:51,607 [WARN] ModelIntegratedComponent:63 - No mode defined for component null
2025-08-07 01:54:51,608 [WARN] ModelPack:524 - Component already loaded: STMicroelectronics:HAL Drivers:0.0.0:STMicroelectronics:Device:STMicro_Driver:XSPI:HAL::0.0.1:HAL_XSPI
2025-08-07 01:54:52,042 [INFO] ThirdPartyModel:298 - Start build external matchings
2025-08-07 01:54:52,459 [ERROR] LogOutputStream:75 - [STDERR_REDIRECT] [Fatal Error] :1:1: Premature end of file.
2025-08-07 01:54:52,460 [ERROR] LogOutputStream:75 - [STDERR_REDIRECT] 
2025-08-07 01:54:53,477 [ERROR] LogOutputStream:75 - [STDERR_REDIRECT] [Fatal Error] :1:1: Premature end of file.
2025-08-07 01:54:53,477 [ERROR] LogOutputStream:75 - [STDERR_REDIRECT] 
2025-08-07 01:54:54,161 [INFO] ThirdPartyModel:316 - End build external matchings
2025-08-07 01:54:54,469 [ERROR] LogOutputStream:75 - [STDERR_REDIRECT] [Fatal Error] :1:1: Premature end of file.
2025-08-07 01:54:54,470 [ERROR] LogOutputStream:75 - [STDERR_REDIRECT] 
2025-08-07 01:54:54,626 [INFO] UtilMem:75 - End LoadConfig() Used Memory: 800450896 Bytes (1055916032)
2025-08-07 01:54:54,764 [WARN] ThirdParty:833 - waiting for thirdparty lock release [change project]
2025-08-07 01:54:54,764 [INFO] ThirdParty:835 - entering critical section [change project]
2025-08-07 01:54:54,764 [INFO] ThirdParty:1030 - CMSIS Pack Vendor :STMicroelectronics X-CUBE-PM33A1 1.0.0
2025-08-07 01:54:54,764 [INFO] ThirdParty:1030 - CMSIS Pack Vendor :STMicroelectronics USBPD 4.1
2025-08-07 01:54:54,764 [INFO] ThirdParty:1030 - CMSIS Pack Vendor :STMicroelectronics USB_HOST 2.0.0
2025-08-07 01:54:54,765 [INFO] ThirdParty:1030 - CMSIS Pack Vendor :STMicroelectronics FP-SNS-MOTENVWB1 1.4.0
2025-08-07 01:54:54,765 [INFO] ThirdParty:1030 - CMSIS Pack Vendor :STMicroelectronics X-CUBE-AZRTOS-F4 1.1.0
2025-08-07 01:54:54,765 [INFO] ThirdParty:1030 - CMSIS Pack Vendor :STMicroelectronics LIBJPEG 8.0.0
2025-08-07 01:54:54,765 [INFO] ThirdParty:1030 - CMSIS Pack Vendor :STMicroelectronics FP-ATR-ASTRA1 2.0.2
2025-08-07 01:54:54,765 [INFO] ThirdParty:1030 - CMSIS Pack Vendor :STMicroelectronics FP-ATR-ASTRA1 2.0.1
2025-08-07 01:54:54,765 [INFO] ThirdParty:1030 - CMSIS Pack Vendor :Avnet-IotConnect X-CUBE-IoTC-DA16k-PMOD 1.0.0
2025-08-07 01:54:54,765 [INFO] ThirdParty:1030 - CMSIS Pack Vendor :STMicroelectronics X-CUBE-SMBUS 2.1.0
2025-08-07 01:54:54,765 [INFO] ThirdParty:1030 - CMSIS Pack Vendor :STMicroelectronics X-CUBE-WB05N 1.1.0
2025-08-07 01:54:54,765 [INFO] ThirdParty:1030 - CMSIS Pack Vendor :STMicroelectronics X-CUBE-ISPU 2.1.0
2025-08-07 01:54:54,765 [INFO] ThirdParty:1030 - CMSIS Pack Vendor :STMicroelectronics X-CUBE-ST60 1.0.0
2025-08-07 01:54:54,765 [INFO] ThirdParty:1030 - CMSIS Pack Vendor :STMicroelectronics X-CUBE-NFC12 1.0.0
2025-08-07 01:54:54,765 [INFO] ThirdParty:1030 - CMSIS Pack Vendor :STMicroelectronics X-CUBE-AZRTOS-F7 1.1.0
2025-08-07 01:54:54,765 [INFO] ThirdParty:1030 - CMSIS Pack Vendor :STMicroelectronics X-CUBE-AZRTOS-L5 2.0.0
2025-08-07 01:54:54,765 [INFO] ThirdParty:1030 - CMSIS Pack Vendor :STMicroelectronics USB_DEVICE 2.0.0
2025-08-07 01:54:54,765 [INFO] ThirdParty:1030 - CMSIS Pack Vendor :STMicroelectronics X-CUBE-NFC6 3.1.0
2025-08-07 01:54:54,765 [INFO] ThirdParty:1030 - CMSIS Pack Vendor :STMicroelectronics FreeRTOS 0.0.1
2025-08-07 01:54:54,765 [INFO] ThirdParty:1030 - CMSIS Pack Vendor :STMicroelectronics X-CUBE-DPower 1.2.0
2025-08-07 01:54:54,765 [INFO] ThirdParty:1030 - CMSIS Pack Vendor :STMicroelectronics FP-SNS-FLIGHT1 5.0.2
2025-08-07 01:54:54,765 [INFO] ThirdParty:1030 - CMSIS Pack Vendor :Infineon AIROC-Wi-Fi-Bluetooth-STM32 1.7.0
2025-08-07 01:54:54,765 [INFO] ThirdParty:1030 - CMSIS Pack Vendor :STMicroelectronics PDM2PCM 3.3.0
2025-08-07 01:54:54,765 [INFO] ThirdParty:1030 - CMSIS Pack Vendor :STMicroelectronics X-CUBE-AZRTOS-H7 3.4.0
2025-08-07 01:54:54,765 [INFO] ThirdParty:1030 - CMSIS Pack Vendor :STMicroelectronics X-CUBE-DISPLAY 3.0.0
2025-08-07 01:54:54,765 [INFO] ThirdParty:1030 - CMSIS Pack Vendor :STMicroelectronics X-CUBE-BLE1 7.0.0
2025-08-07 01:54:54,765 [INFO] ThirdParty:1030 - CMSIS Pack Vendor :STMicroelectronics X-CUBE-NFC10 1.0.0
2025-08-07 01:54:54,765 [INFO] ThirdParty:1030 - CMSIS Pack Vendor :STMicroelectronics X-CUBE-BLEMGR 4.0.0
2025-08-07 01:54:54,765 [INFO] ThirdParty:1030 - CMSIS Pack Vendor :STMicroelectronics X-CUBE-FREERTOS 1.3.1
2025-08-07 01:54:54,765 [INFO] ThirdParty:1030 - CMSIS Pack Vendor :STMicroelectronics HAL Drivers 0.0.0
2025-08-07 01:54:54,765 [INFO] ThirdParty:1030 - CMSIS Pack Vendor :emotas I-CUBE-CANOPEN 1.3.0
2025-08-07 01:54:54,765 [INFO] ThirdParty:1030 - CMSIS Pack Vendor :STMicroelectronics X-CUBE-FREERTOS 1.3.0
2025-08-07 01:54:54,765 [INFO] ThirdParty:1030 - CMSIS Pack Vendor :STMicroelectronics X-CUBE-NFC7 1.0.1
2025-08-07 01:54:54,766 [INFO] ThirdParty:1030 - CMSIS Pack Vendor :STMicroelectronics MBEDTLS 2.14.1
2025-08-07 01:54:54,766 [INFO] ThirdParty:1030 - CMSIS Pack Vendor :STMicroelectronics X-CUBE-AI 10.0.0
2025-08-07 01:54:54,766 [INFO] ThirdParty:1030 - CMSIS Pack Vendor :STMicroelectronics FP-SNS-STBOX1 2.1.0
2025-08-07 01:54:54,766 [INFO] ThirdParty:1030 - CMSIS Pack Vendor :STMicroelectronics FP-SNS-STAIOTCFT 1.0.0
2025-08-07 01:54:54,766 [INFO] ThirdParty:1030 - CMSIS Pack Vendor :STMicroelectronics FP-SNS-SMARTAG2 1.2.0
2025-08-07 01:54:54,766 [INFO] ThirdParty:1030 - CMSIS Pack Vendor :STMicroelectronics FP-SNS-FLIGHT1 5.1.0
2025-08-07 01:54:54,766 [INFO] ThirdParty:1030 - CMSIS Pack Vendor :STMicroelectronics X-CUBE-MEMS1 11.1.0
2025-08-07 01:54:54,766 [INFO] ThirdParty:1030 - CMSIS Pack Vendor :STMicroelectronics X-CUBE-AZRTOS-WL 2.0.0
2025-08-07 01:54:54,766 [INFO] ThirdParty:1030 - CMSIS Pack Vendor :STMicroelectronics X-CUBE-DPower 1.3.0
2025-08-07 01:54:54,766 [INFO] ThirdParty:1030 - CMSIS Pack Vendor :STMicroelectronics FP-SNS-MOTENV1 5.0.0
2025-08-07 01:54:54,766 [INFO] ThirdParty:1030 - CMSIS Pack Vendor :STMicroelectronics USB_DEVICE 1.0.0
2025-08-07 01:54:54,766 [INFO] ThirdParty:1030 - CMSIS Pack Vendor :wolfSSL I-CUBE-wolfMQTT 1.19.0
2025-08-07 01:54:54,766 [INFO] ThirdParty:1030 - CMSIS Pack Vendor :STMicroelectronics X-CUBE-AZRTOS-L4 2.0.0
2025-08-07 01:54:54,766 [INFO] ThirdParty:1030 - CMSIS Pack Vendor :STMicroelectronics ThreadX 0.0.2
2025-08-07 01:54:54,766 [INFO] ThirdParty:1030 - CMSIS Pack Vendor :WES I-CUBE-Cesium 1.3.0
2025-08-07 01:54:54,766 [INFO] ThirdParty:1030 - CMSIS Pack Vendor :STMicroelectronics lwIP 2.1.2
2025-08-07 01:54:54,766 [INFO] ThirdParty:1030 - CMSIS Pack Vendor :STMicroelectronics X-CUBE-SFXS2LP1 4.0.0
2025-08-07 01:54:54,766 [INFO] ThirdParty:1030 - CMSIS Pack Vendor :STMicroelectronics X-CUBE-BLE2 3.3.0
2025-08-07 01:54:54,766 [INFO] ThirdParty:1030 - CMSIS Pack Vendor :STMicroelectronics PDM2PCM 3.2.0
2025-08-07 01:54:54,766 [INFO] ThirdParty:1030 - CMSIS Pack Vendor :STMicroelectronics X-CUBE-AZRTOS-H7 3.3.0
2025-08-07 01:54:54,766 [INFO] ThirdParty:1030 - CMSIS Pack Vendor :STMicroelectronics X-CUBE-NFC9 1.0.0
2025-08-07 01:54:54,767 [INFO] ThirdParty:1030 - CMSIS Pack Vendor :STMicroelectronics X-CUBE-BLE1 7.1.0
2025-08-07 01:54:54,767 [INFO] ThirdParty:1030 - CMSIS Pack Vendor :STMicroelectronics USB_DEVICE 3.0.0
2025-08-07 01:54:54,767 [INFO] ThirdParty:1030 - CMSIS Pack Vendor :STMicroelectronics X-CUBE-EEPRMA1 5.2.0
2025-08-07 01:54:54,767 [INFO] ThirdParty:1030 - CMSIS Pack Vendor :STMicroelectronics X-CUBE-BLEMGR 4.1.0
2025-08-07 01:54:54,767 [INFO] ThirdParty:1030 - CMSIS Pack Vendor :STMicroelectronics X-CUBE-AZRTOS-WB 2.0.0
2025-08-07 01:54:54,767 [INFO] ThirdParty:1030 - CMSIS Pack Vendor :STMicroelectronics X-CUBE-GNSS1 7.0.1
2025-08-07 01:54:54,767 [INFO] ThirdParty:1030 - CMSIS Pack Vendor :STMicroelectronics X-CUBE-TOUCHGFX 4.25.0
2025-08-07 01:54:54,767 [INFO] ThirdParty:1030 - CMSIS Pack Vendor :STMicroelectronics X-CUBE-AI 10.1.0
2025-08-07 01:54:54,767 [INFO] ThirdParty:1030 - CMSIS Pack Vendor :STMicroelectronics FP-SNS-STBOX1 2.0.0
2025-08-07 01:54:54,767 [INFO] ThirdParty:1030 - CMSIS Pack Vendor :STMicroelectronics X-CUBE-MEMS1 11.2.0
2025-08-07 01:54:54,767 [INFO] ThirdParty:1030 - CMSIS Pack Vendor :STMicroelectronics X-CUBE-AZRTOS-G0 1.1.0
2025-08-07 01:54:54,767 [INFO] ThirdParty:1030 - CMSIS Pack Vendor :STMicroelectronics X-CUBE-SAFEA1 1.2.2
2025-08-07 01:54:54,767 [INFO] ThirdParty:1030 - CMSIS Pack Vendor :STMicroelectronics X-CUBE-NFC4 3.0.0
2025-08-07 01:54:54,767 [INFO] ThirdParty:1030 - CMSIS Pack Vendor :STMicroelectronics X-CUBE-SUBG2 5.0.0
2025-08-07 01:54:54,767 [INFO] ThirdParty:1030 - CMSIS Pack Vendor :STMicroelectronics X-CUBE-AZRTOS-H7RS 1.1.0
2025-08-07 01:54:54,767 [INFO] ThirdParty:1030 - CMSIS Pack Vendor :STMicroelectronics STM32_WPAN 1.0.0
2025-08-07 01:54:54,767 [INFO] ThirdParty:1030 - CMSIS Pack Vendor :EmbeddedOffice I-CUBE-FS-RTOS 1.0.1
2025-08-07 01:54:54,767 [INFO] ThirdParty:1030 - CMSIS Pack Vendor :STMicroelectronics lwIP 2.0.3
2025-08-07 01:54:54,767 [INFO] ThirdParty:1030 - CMSIS Pack Vendor :Cesanta I-CUBE-Mongoose 7.13.0
2025-08-07 01:54:54,767 [INFO] ThirdParty:1030 - CMSIS Pack Vendor :STMicroelectronics USB_HOST 1.0.0
2025-08-07 01:54:54,767 [INFO] ThirdParty:1030 - CMSIS Pack Vendor :STMicroelectronics X-CUBE-AZRTOS-G4 2.0.0
2025-08-07 01:54:54,767 [INFO] ThirdParty:1030 - CMSIS Pack Vendor :STMicroelectronics X-CUBE-WB05N 2.0.0
2025-08-07 01:54:54,768 [INFO] ThirdParty:1030 - CMSIS Pack Vendor :STMicroelectronics PDM2PCM 3.1.0
2025-08-07 01:54:54,768 [INFO] ThirdParty:1030 - CMSIS Pack Vendor :STMicroelectronics X-CUBE-NFC7 2.0.0
2025-08-07 01:54:54,768 [INFO] ThirdParty:1030 - CMSIS Pack Vendor :STMicroelectronics X-CUBE-TCPP 4.2.0
2025-08-07 01:54:54,768 [INFO] ThirdParty:1030 - CMSIS Pack Vendor :RealThread X-CUBE-RT-Thread_Nano 4.1.1
2025-08-07 01:54:54,768 [INFO] ThirdParty:1030 - CMSIS Pack Vendor :STMicroelectronics FP-ATR-SIGFOX1 3.2.0
2025-08-07 01:54:54,768 [INFO] ThirdParty:1030 - CMSIS Pack Vendor :quantropi X-CUBE-qispace-sdk-base 1.9.3
2025-08-07 01:54:54,768 [INFO] ThirdParty:1030 - CMSIS Pack Vendor :STMicroelectronics X-CUBE-EEPRMA1 5.1.0
2025-08-07 01:54:54,768 [INFO] ThirdParty:1030 - CMSIS Pack Vendor :STMicroelectronics MBEDTLS 2.16.2
2025-08-07 01:54:54,768 [INFO] ThirdParty:1030 - CMSIS Pack Vendor :STMicroelectronics X-CUBE-IPS 3.1.0
2025-08-07 01:54:54,768 [INFO] ThirdParty:1030 - CMSIS Pack Vendor :STMicroelectronics X-CUBE-ALS 1.0.2
2025-08-07 01:54:54,768 [INFO] ThirdParty:1030 - CMSIS Pack Vendor :STMicroelectronics X-CUBE-MEMS1 10.0.0
2025-08-07 01:54:54,768 [INFO] ThirdParty:1030 - CMSIS Pack Vendor :wolfSSL I-CUBE-wolfSSL 5.7.4
2025-08-07 01:54:54,768 [INFO] ThirdParty:1030 - CMSIS Pack Vendor :ITTIA_DB I-CUBE-ITTIADB 8.9.0
2025-08-07 01:54:54,768 [INFO] ThirdParty:1030 - CMSIS Pack Vendor :STMicroelectronics X-CUBE-TOUCHGFX 4.24.2
2025-08-07 01:54:54,768 [INFO] ThirdParty:1030 - CMSIS Pack Vendor :wolfSSL I-CUBE-wolfTPM 3.4.0
2025-08-07 01:54:54,768 [INFO] ThirdParty:1030 - CMSIS Pack Vendor :portGmbH I-Cube-SoM-uGOAL 1.1.0
2025-08-07 01:54:54,768 [INFO] ThirdParty:1030 - CMSIS Pack Vendor :STMicroelectronics X-CUBE-ST67W61 1.0.0
2025-08-07 01:54:54,768 [INFO] ThirdParty:1030 - CMSIS Pack Vendor :STMicroelectronics X-CUBE-AI 10.2.0
2025-08-07 01:54:54,768 [INFO] ThirdParty:1030 - CMSIS Pack Vendor :STMicroelectronics ThreadX 1.0.0
2025-08-07 01:54:54,768 [INFO] ThirdParty:1030 - CMSIS Pack Vendor :SEGGER I-CUBE-embOS 1.3.1
2025-08-07 01:54:54,768 [INFO] ThirdParty:1030 - CMSIS Pack Vendor :STMicroelectronics X-CUBE-ALGOBUILD 1.4.0
2025-08-07 01:54:54,768 [INFO] ThirdParty:1030 - CMSIS Pack Vendor :STMicroelectronics X-CUBE-MEMS1 11.3.0
2025-08-07 01:54:54,768 [INFO] ThirdParty:1030 - CMSIS Pack Vendor :STMicroelectronics X-CUBE-AZRTOS-H7RS 1.0.0
2025-08-07 01:54:54,768 [INFO] ThirdParty:1030 - CMSIS Pack Vendor :STMicroelectronics X-CUBE-TOF1 3.4.2
2025-08-07 01:54:54,768 [INFO] ThirdParty:1030 - CMSIS Pack Vendor :STMicroelectronics X-CUBE-TOF1 3.4.3
2025-08-07 01:54:54,768 [INFO] ThirdParty:1030 - CMSIS Pack Vendor :STMicroelectronics X-CUBE-AI 9.1.0
2025-08-07 01:54:54,768 [INFO] ThirdParty:1030 - CMSIS Pack Vendor :wolfSSL I-CUBE-wolfSSH 1.4.17
2025-08-07 01:54:54,769 [INFO] ThirdParty:841 - exiting critical section [change project]
2025-08-07 01:54:55,316 [INFO] PinOutPanel:1589 - setPackage(No Configuration,No Configuration)
2025-08-07 01:54:55,318 [INFO] PinOutPanel:1589 - setPackage(STM32G474RCTx,LQFP64)
2025-08-07 01:54:55,490 [ERROR] LogOutputStream:75 - [STDERR_REDIRECT] [Fatal Error] :1:1: Premature end of file.
2025-08-07 01:54:55,490 [ERROR] LogOutputStream:75 - [STDERR_REDIRECT] 
2025-08-07 01:54:55,906 [INFO] UtilMem:75 - Before build in PCC Used Memory: 317208896 Bytes (1055916032)
2025-08-07 01:54:56,463 [ERROR] LogOutputStream:75 - [STDERR_REDIRECT] [Fatal Error] :1:1: Premature end of file.
2025-08-07 01:54:56,464 [ERROR] LogOutputStream:75 - [STDERR_REDIRECT] 
2025-08-07 01:54:56,898 [INFO] UtilMem:75 - After build in PCC Used Memory: 444608832 Bytes (1055916032)
2025-08-07 01:54:56,933 [INFO] IPUIPlugin:80 - create IPUIPlugin
2025-08-07 01:54:56,933 [INFO] IPUIPlugin:80 - create IPUIPlugin
2025-08-07 01:54:56,933 [INFO] IPUIPlugin:80 - create IPUIPlugin
2025-08-07 01:54:56,934 [INFO] IPUIPlugin:80 - create IPUIPlugin
2025-08-07 01:54:56,934 [INFO] IPUIPlugin:80 - create IPUIPlugin
2025-08-07 01:54:56,934 [INFO] IPUIPlugin:80 - create IPUIPlugin
2025-08-07 01:54:56,934 [INFO] IPUIPlugin:80 - create IPUIPlugin
2025-08-07 01:54:56,934 [INFO] IPUIPlugin:80 - create IPUIPlugin
2025-08-07 01:54:56,934 [INFO] IPUIPlugin:80 - create IPUIPlugin
2025-08-07 01:54:56,934 [INFO] IPUIPlugin:80 - create IPUIPlugin
2025-08-07 01:54:56,934 [INFO] IPUIPlugin:80 - create IPUIPlugin
2025-08-07 01:54:56,934 [INFO] IPUIPlugin:80 - create IPUIPlugin
2025-08-07 01:54:56,934 [INFO] IPUIPlugin:80 - create IPUIPlugin
2025-08-07 01:54:56,934 [INFO] IPUIPlugin:80 - create IPUIPlugin
2025-08-07 01:54:56,934 [INFO] IPUIPlugin:80 - create IPUIPlugin
2025-08-07 01:54:56,934 [INFO] IPUIPlugin:80 - create IPUIPlugin
2025-08-07 01:54:56,934 [INFO] IPUIPlugin:80 - create IPUIPlugin
2025-08-07 01:54:56,935 [INFO] IPUIPlugin:80 - create IPUIPlugin
2025-08-07 01:54:56,935 [INFO] IPUIPlugin:80 - create IPUIPlugin
2025-08-07 01:54:56,935 [INFO] IPUIPlugin:80 - create IPUIPlugin
2025-08-07 01:54:56,935 [INFO] IPUIPlugin:80 - create IPUIPlugin
2025-08-07 01:54:56,935 [INFO] IPUIPlugin:80 - create IPUIPlugin
2025-08-07 01:54:56,935 [INFO] IPUIPlugin:80 - create IPUIPlugin
2025-08-07 01:54:56,935 [INFO] IPUIPlugin:80 - create IPUIPlugin
2025-08-07 01:54:56,935 [INFO] IPUIPlugin:80 - create IPUIPlugin
2025-08-07 01:54:56,935 [INFO] IPUIPlugin:80 - create IPUIPlugin
2025-08-07 01:54:56,936 [INFO] IPUIPlugin:80 - create IPUIPlugin
2025-08-07 01:54:56,936 [INFO] IPUIPlugin:80 - create IPUIPlugin
2025-08-07 01:54:56,936 [INFO] IPUIPlugin:80 - create IPUIPlugin
2025-08-07 01:54:56,936 [INFO] IPUIPlugin:80 - create IPUIPlugin
2025-08-07 01:54:56,936 [INFO] IPUIPlugin:80 - create IPUIPlugin
2025-08-07 01:54:56,936 [INFO] IPUIPlugin:80 - create IPUIPlugin
2025-08-07 01:54:56,936 [INFO] IPUIPlugin:80 - create IPUIPlugin
2025-08-07 01:54:56,936 [INFO] IPUIPlugin:80 - create IPUIPlugin
2025-08-07 01:54:56,937 [INFO] IPUIPlugin:80 - create IPUIPlugin
2025-08-07 01:54:56,937 [INFO] IPUIPlugin:80 - create IPUIPlugin
2025-08-07 01:54:56,937 [INFO] IPUIPlugin:80 - create IPUIPlugin
2025-08-07 01:54:56,937 [INFO] IPUIPlugin:80 - create IPUIPlugin
2025-08-07 01:54:56,937 [INFO] IPUIPlugin:80 - create IPUIPlugin
2025-08-07 01:54:56,938 [INFO] IPUIPlugin:80 - create IPUIPlugin
2025-08-07 01:54:56,938 [INFO] IPUIPlugin:80 - create IPUIPlugin
2025-08-07 01:54:56,938 [INFO] IPUIPlugin:80 - create IPUIPlugin
2025-08-07 01:54:56,938 [INFO] IPUIPlugin:80 - create IPUIPlugin
2025-08-07 01:54:56,938 [INFO] IPUIPlugin:80 - create IPUIPlugin
2025-08-07 01:54:56,938 [INFO] IPUIPlugin:80 - create IPUIPlugin
2025-08-07 01:54:56,939 [INFO] IPUIPlugin:80 - create IPUIPlugin
2025-08-07 01:54:56,939 [INFO] IPUIPlugin:80 - create IPUIPlugin
2025-08-07 01:54:56,939 [INFO] IPUIPlugin:80 - create IPUIPlugin
2025-08-07 01:54:56,939 [INFO] IPUIPlugin:80 - create IPUIPlugin
2025-08-07 01:54:56,940 [INFO] IPUIPlugin:80 - create IPUIPlugin
2025-08-07 01:54:56,940 [INFO] IPUIPlugin:80 - create IPUIPlugin
2025-08-07 01:54:56,940 [INFO] IPUIPlugin:80 - create IPUIPlugin
2025-08-07 01:54:56,940 [INFO] IPUIPlugin:80 - create IPUIPlugin
2025-08-07 01:54:56,940 [INFO] IPUIPlugin:80 - create IPUIPlugin
2025-08-07 01:54:56,940 [INFO] IPUIPlugin:80 - create IPUIPlugin
2025-08-07 01:54:56,940 [INFO] IPUIPlugin:80 - create IPUIPlugin
2025-08-07 01:54:56,942 [INFO] IPUIPlugin:80 - create IPUIPlugin
2025-08-07 01:54:56,942 [INFO] IPUIPlugin:80 - create IPUIPlugin
2025-08-07 01:54:56,942 [INFO] IPUIPlugin:80 - create IPUIPlugin
2025-08-07 01:54:56,942 [INFO] IPUIPlugin:80 - create IPUIPlugin
2025-08-07 01:54:56,943 [INFO] IPUIPlugin:80 - create IPUIPlugin
2025-08-07 01:54:56,943 [INFO] IPUIPlugin:80 - create IPUIPlugin
2025-08-07 01:54:56,943 [INFO] IPUIPlugin:80 - create IPUIPlugin
2025-08-07 01:54:56,943 [INFO] IPUIPlugin:80 - create IPUIPlugin
2025-08-07 01:54:56,944 [INFO] IPUIPlugin:80 - create IPUIPlugin
2025-08-07 01:54:56,944 [INFO] IPUIPlugin:80 - create IPUIPlugin
2025-08-07 01:54:56,944 [INFO] IPUIPlugin:80 - create IPUIPlugin
2025-08-07 01:54:56,944 [INFO] IPUIPlugin:80 - create IPUIPlugin
2025-08-07 01:54:56,944 [INFO] IPUIPlugin:80 - create IPUIPlugin
2025-08-07 01:54:56,944 [INFO] IPUIPlugin:80 - create IPUIPlugin
2025-08-07 01:54:56,946 [INFO] IPUIPlugin:80 - create IPUIPlugin
2025-08-07 01:54:56,946 [INFO] IPUIPlugin:80 - create IPUIPlugin
2025-08-07 01:54:56,946 [INFO] IPUIPlugin:80 - create IPUIPlugin
2025-08-07 01:54:56,946 [INFO] IPUIPlugin:80 - create IPUIPlugin
2025-08-07 01:54:56,946 [INFO] IPUIPlugin:80 - create IPUIPlugin
2025-08-07 01:54:56,947 [INFO] IPUIPlugin:80 - create IPUIPlugin
2025-08-07 01:54:56,947 [INFO] IPUIPlugin:80 - create IPUIPlugin
2025-08-07 01:54:57,144 [INFO] CADModel:165 - CPN selected for project levelSTM32G474RCT6
2025-08-07 01:54:57,144 [INFO] CADModel:114 - Register for checkConnection events
2025-08-07 01:54:57,195 [INFO] OpenFileManager:386 - Restore cursor
2025-08-07 01:54:57,469 [ERROR] LogOutputStream:75 - [STDERR_REDIRECT] [Fatal Error] :1:1: Premature end of file.
2025-08-07 01:54:57,469 [ERROR] LogOutputStream:75 - [STDERR_REDIRECT] 
2025-08-07 01:54:58,088 [INFO] UtilMem:75 - End SaveConfig() Used Memory: 588140112 Bytes (1055916032)
2025-08-07 01:54:58,230 [INFO] UtilMem:75 - End SaveConfig() Used Memory: 616066488 Bytes (1055916032)
2025-08-07 01:54:58,465 [ERROR] LogOutputStream:75 - [STDERR_REDIRECT] [Fatal Error] :1:1: Premature end of file.
2025-08-07 01:54:58,465 [ERROR] LogOutputStream:75 - [STDERR_REDIRECT] 
2025-08-07 01:54:58,774 [INFO] BlockDiagram:2775 - set Specific Code input for plugin: RCC
2025-08-07 01:54:58,775 [INFO] BlockDiagram:2775 - set Specific Code input for plugin: NVIC
2025-08-07 01:54:58,777 [INFO] CodeGenerator:892 - code generatio: config db path: C:\ST\STM32CubeIDE_1.19.0\STM32CubeIDE\plugins\com.st.stm32cube.common.mx_6.15.0.202507011659\\db\
2025-08-07 01:54:58,895 [INFO] CodeEngine:265 - oldGeneratedFile, C:\Users\SNYDE\Documents\GitHub\photon-line-follower\photon_bldc\software\PhotonCode\TEST3\MXTmpFiles\license.tmp_save
2025-08-07 01:54:59,238 [INFO] CodeEngine:289 - Generated code: C:\Users\SNYDE\Documents\GitHub\photon-line-follower\photon_bldc\software\PhotonCode\TEST3\MXTmpFiles\license.tmp
2025-08-07 01:54:59,264 [INFO] CodeEngine:265 - oldGeneratedFile, C:\Users\SNYDE\Documents\GitHub\photon-line-follower\photon_bldc\software\PhotonCode\TEST3\Core\Src\stm32g4xx_it.c_save
2025-08-07 01:54:59,427 [INFO] CodeEngine:289 - Generated code: C:\Users\SNYDE\Documents\GitHub\photon-line-follower\photon_bldc\software\PhotonCode\TEST3\Core\Src\stm32g4xx_it.c
2025-08-07 01:54:59,436 [INFO] CodeEngine:265 - oldGeneratedFile, C:\Users\SNYDE\Documents\GitHub\photon-line-follower\photon_bldc\software\PhotonCode\TEST3\Core\Inc\stm32g4xx_it.h_save
2025-08-07 01:54:59,480 [ERROR] LogOutputStream:75 - [STDERR_REDIRECT] [Fatal Error] :1:1: Premature end of file.
2025-08-07 01:54:59,481 [ERROR] LogOutputStream:75 - [STDERR_REDIRECT] 
2025-08-07 01:54:59,532 [INFO] CodeEngine:289 - Generated code: C:\Users\SNYDE\Documents\GitHub\photon-line-follower\photon_bldc\software\PhotonCode\TEST3\Core\Inc\stm32g4xx_it.h
2025-08-07 01:54:59,654 [INFO] CodeEngine:265 - oldGeneratedFile, C:\Users\SNYDE\Documents\GitHub\photon-line-follower\photon_bldc\software\PhotonCode\TEST3\Core\Src\stm32g4xx_hal_msp.c_save
2025-08-07 01:54:59,780 [INFO] CodeEngine:289 - Generated code: C:\Users\SNYDE\Documents\GitHub\photon-line-follower\photon_bldc\software\PhotonCode\TEST3\Core\Src\stm32g4xx_hal_msp.c
2025-08-07 01:54:59,792 [INFO] CodeEngine:265 - oldGeneratedFile, C:\Users\SNYDE\Documents\GitHub\photon-line-follower\photon_bldc\software\PhotonCode\TEST3\MXTmpFiles\system.tmp_save
2025-08-07 01:54:59,863 [INFO] CodeEngine:289 - Generated code: C:\Users\SNYDE\Documents\GitHub\photon-line-follower\photon_bldc\software\PhotonCode\TEST3\MXTmpFiles\system.tmp
2025-08-07 01:54:59,878 [INFO] CodeEngine:321 - oldGeneratedFile, C:\Users\SNYDE\Documents\GitHub\photon-line-follower\photon_bldc\software\PhotonCode\TEST3\Core\Inc\stm32g4xx_hal_conf.h_save
2025-08-07 01:54:59,968 [INFO] CodeEngine:345 - Generated code: C:\Users\SNYDE\Documents\GitHub\photon-line-follower\photon_bldc\software\PhotonCode\TEST3\Core\Inc\stm32g4xx_hal_conf.h
2025-08-07 01:55:00,004 [WARN] IPConfigManager:3238 - Warning: the RefConfig RCC_CommonPeriphClockConfig is not available in your config.xml file
2025-08-07 01:55:00,012 [INFO] ApiDbMcu:532 - Load IP Config File for RCC
2025-08-07 01:55:00,032 [INFO] CodeEngine:265 - oldGeneratedFile, C:\Users\SNYDE\Documents\GitHub\photon-line-follower\photon_bldc\software\PhotonCode\TEST3\Core\Inc\main.h_save
2025-08-07 01:55:00,128 [INFO] CodeEngine:289 - Generated code: C:\Users\SNYDE\Documents\GitHub\photon-line-follower\photon_bldc\software\PhotonCode\TEST3\Core\Inc\main.h
2025-08-07 01:55:00,138 [INFO] CodeEngine:265 - oldGeneratedFile, C:\Users\SNYDE\Documents\GitHub\photon-line-follower\photon_bldc\software\PhotonCode\TEST3\Core\Src\main.c_save
2025-08-07 01:55:00,274 [INFO] CodeEngine:289 - Generated code: C:\Users\SNYDE\Documents\GitHub\photon-line-follower\photon_bldc\software\PhotonCode\TEST3\Core\Src\main.c
2025-08-07 01:55:00,464 [ERROR] LogOutputStream:75 - [STDERR_REDIRECT] [Fatal Error] :1:1: Premature end of file.
2025-08-07 01:55:00,464 [ERROR] LogOutputStream:75 - [STDERR_REDIRECT] 
2025-08-07 01:55:00,756 [INFO] ProjectBuilder:3606 - Time for Copy HAL[1] : 181mS.
2025-08-07 01:55:00,764 [INFO] ProjectBuilder:5216 - Project Generator version: 4.7.0-B52
2025-08-07 01:55:00,857 [INFO] ConfigFileManager:1595 - The Die is : DIE469
2025-08-07 01:55:00,864 [INFO] ApiDbMcu:532 - Load IP Config File for FATFS
2025-08-07 01:55:00,871 [INFO] ApiDbMcu:532 - Load IP Config File for FREERTOS
2025-08-07 01:55:00,878 [INFO] ApiDbMcu:532 - Load IP Config File for USBPD
2025-08-07 01:55:00,890 [INFO] ApiDbMcu:532 - Load IP Config File for USB_DEVICE
2025-08-07 01:55:01,262 [INFO] LogOutputStream:77 - [STDOUT_REDIRECT] 
2025-08-07 01:55:01,466 [ERROR] LogOutputStream:75 - [STDERR_REDIRECT] [Fatal Error] :1:1: Premature end of file.
2025-08-07 01:55:01,466 [ERROR] LogOutputStream:75 - [STDERR_REDIRECT] 
2025-08-07 01:55:02,469 [ERROR] LogOutputStream:75 - [STDERR_REDIRECT] [Fatal Error] :1:1: Premature end of file.
2025-08-07 01:55:02,469 [ERROR] LogOutputStream:75 - [STDERR_REDIRECT] 
2025-08-07 01:55:03,479 [ERROR] LogOutputStream:75 - [STDERR_REDIRECT] [Fatal Error] :1:1: Premature end of file.
2025-08-07 01:55:03,479 [ERROR] LogOutputStream:75 - [STDERR_REDIRECT] 
2025-08-07 01:55:03,497 [INFO] ProjectBuilder:5496 - Time for Generating toolchain IDE Files: 2732mS.
2025-08-07 01:55:03,498 [INFO] ProjectBuilder:3463 - Time for Copy CMSIS : 1mS.
2025-08-07 01:55:03,502 [INFO] ProjectBuilder:3463 - Time for Copy CMSIS : 0mS.
2025-08-07 01:55:04,062 [INFO] McuFinderGlobals:76 - Set McuFinderConnectedMode to true
2025-08-07 01:55:04,066 [INFO] ApiDb:448 - Save user favorites file C:\Users\SNYDE/.stm32cubeide/favorites.mcus.txt: 0 item(s)
2025-08-07 01:55:04,066 [INFO] ApiDb:452 - User favorites MCUs=[]
2025-08-07 01:55:04,487 [ERROR] LogOutputStream:75 - [STDERR_REDIRECT] [Fatal Error] :1:1: Premature end of file.
2025-08-07 01:55:04,488 [ERROR] LogOutputStream:75 - [STDERR_REDIRECT] 
2025-08-07 01:55:05,509 [ERROR] LogOutputStream:75 - [STDERR_REDIRECT] [Fatal Error] :1:1: Premature end of file.
2025-08-07 01:55:05,509 [ERROR] LogOutputStream:75 - [STDERR_REDIRECT] 
2025-08-07 01:55:06,543 [ERROR] LogOutputStream:75 - [STDERR_REDIRECT] [Fatal Error] :1:1: Premature end of file.
2025-08-07 01:55:06,544 [ERROR] LogOutputStream:75 - [STDERR_REDIRECT] 
2025-08-07 01:55:07,471 [ERROR] LogOutputStream:75 - [STDERR_REDIRECT] [Fatal Error] :1:1: Premature end of file.
2025-08-07 01:55:07,471 [ERROR] LogOutputStream:75 - [STDERR_REDIRECT] 
2025-08-07 01:55:08,454 [ERROR] LogOutputStream:75 - [STDERR_REDIRECT] [Fatal Error] :1:1: Premature end of file.
2025-08-07 01:55:08,454 [ERROR] LogOutputStream:75 - [STDERR_REDIRECT] 
2025-08-07 01:55:09,464 [ERROR] LogOutputStream:75 - [STDERR_REDIRECT] [Fatal Error] :1:1: Premature end of file.
2025-08-07 01:55:09,464 [ERROR] LogOutputStream:75 - [STDERR_REDIRECT] 
2025-08-07 01:55:10,458 [ERROR] LogOutputStream:75 - [STDERR_REDIRECT] [Fatal Error] :1:1: Premature end of file.
2025-08-07 01:55:10,458 [ERROR] LogOutputStream:75 - [STDERR_REDIRECT] 
2025-08-07 01:55:11,459 [ERROR] LogOutputStream:75 - [STDERR_REDIRECT] [Fatal Error] :1:1: Premature end of file.
2025-08-07 01:55:11,459 [ERROR] LogOutputStream:75 - [STDERR_REDIRECT] 
2025-08-07 01:55:12,455 [ERROR] LogOutputStream:75 - [STDERR_REDIRECT] [Fatal Error] :1:1: Premature end of file.
2025-08-07 01:55:12,455 [ERROR] LogOutputStream:75 - [STDERR_REDIRECT] 
2025-08-07 01:55:13,456 [ERROR] LogOutputStream:75 - [STDERR_REDIRECT] [Fatal Error] :1:1: Premature end of file.
2025-08-07 01:55:13,456 [ERROR] LogOutputStream:75 - [STDERR_REDIRECT] 
2025-08-07 01:55:14,473 [ERROR] LogOutputStream:75 - [STDERR_REDIRECT] [Fatal Error] :1:1: Premature end of file.
2025-08-07 01:55:14,474 [ERROR] LogOutputStream:75 - [STDERR_REDIRECT] 
2025-08-07 01:55:15,544 [ERROR] LogOutputStream:75 - [STDERR_REDIRECT] [Fatal Error] :1:1: Premature end of file.
2025-08-07 01:55:15,545 [ERROR] LogOutputStream:75 - [STDERR_REDIRECT] 
2025-08-07 01:55:16,468 [ERROR] LogOutputStream:75 - [STDERR_REDIRECT] [Fatal Error] :1:1: Premature end of file.
2025-08-07 01:55:16,469 [ERROR] LogOutputStream:75 - [STDERR_REDIRECT] 
2025-08-07 01:55:17,463 [ERROR] LogOutputStream:75 - [STDERR_REDIRECT] [Fatal Error] :1:1: Premature end of file.
2025-08-07 01:55:17,463 [ERROR] LogOutputStream:75 - [STDERR_REDIRECT] 
2025-08-07 01:55:18,458 [ERROR] LogOutputStream:75 - [STDERR_REDIRECT] [Fatal Error] :1:1: Premature end of file.
2025-08-07 01:55:18,458 [ERROR] LogOutputStream:75 - [STDERR_REDIRECT] 
2025-08-07 01:55:19,457 [ERROR] LogOutputStream:75 - [STDERR_REDIRECT] [Fatal Error] :1:1: Premature end of file.
2025-08-07 01:55:19,457 [ERROR] LogOutputStream:75 - [STDERR_REDIRECT] 
2025-08-07 01:55:20,456 [ERROR] LogOutputStream:75 - [STDERR_REDIRECT] [Fatal Error] :1:1: Premature end of file.
2025-08-07 01:55:20,456 [ERROR] LogOutputStream:75 - [STDERR_REDIRECT] 
2025-08-07 01:55:21,466 [ERROR] LogOutputStream:75 - [STDERR_REDIRECT] [Fatal Error] :1:1: Premature end of file.
2025-08-07 01:55:21,466 [ERROR] LogOutputStream:75 - [STDERR_REDIRECT] 
2025-08-07 01:55:22,460 [ERROR] LogOutputStream:75 - [STDERR_REDIRECT] [Fatal Error] :1:1: Premature end of file.
2025-08-07 01:55:22,460 [ERROR] LogOutputStream:75 - [STDERR_REDIRECT] 
2025-08-07 01:55:23,458 [ERROR] LogOutputStream:75 - [STDERR_REDIRECT] [Fatal Error] :1:1: Premature end of file.
2025-08-07 01:55:23,458 [ERROR] LogOutputStream:75 - [STDERR_REDIRECT] 
2025-08-07 01:55:24,457 [ERROR] LogOutputStream:75 - [STDERR_REDIRECT] [Fatal Error] :1:1: Premature end of file.
2025-08-07 01:55:24,457 [ERROR] LogOutputStream:75 - [STDERR_REDIRECT] 
2025-08-07 01:55:25,455 [ERROR] LogOutputStream:75 - [STDERR_REDIRECT] [Fatal Error] :1:1: Premature end of file.
2025-08-07 01:55:25,455 [ERROR] LogOutputStream:75 - [STDERR_REDIRECT] 
2025-08-07 01:55:26,655 [ERROR] LogOutputStream:75 - [STDERR_REDIRECT] [Fatal Error] :1:1: Premature end of file.
2025-08-07 01:55:26,655 [ERROR] LogOutputStream:75 - [STDERR_REDIRECT] 
2025-08-07 01:55:27,473 [ERROR] LogOutputStream:75 - [STDERR_REDIRECT] [Fatal Error] :1:1: Premature end of file.
2025-08-07 01:55:27,474 [ERROR] LogOutputStream:75 - [STDERR_REDIRECT] 
2025-08-07 01:55:28,456 [ERROR] LogOutputStream:75 - [STDERR_REDIRECT] [Fatal Error] :1:1: Premature end of file.
2025-08-07 01:55:28,457 [ERROR] LogOutputStream:75 - [STDERR_REDIRECT] 
2025-08-07 01:55:29,463 [ERROR] LogOutputStream:75 - [STDERR_REDIRECT] [Fatal Error] :1:1: Premature end of file.
2025-08-07 01:55:29,463 [ERROR] LogOutputStream:75 - [STDERR_REDIRECT] 
2025-08-07 01:55:30,456 [ERROR] LogOutputStream:75 - [STDERR_REDIRECT] [Fatal Error] :1:1: Premature end of file.
2025-08-07 01:55:30,456 [ERROR] LogOutputStream:75 - [STDERR_REDIRECT] 
2025-08-07 01:55:31,467 [ERROR] LogOutputStream:75 - [STDERR_REDIRECT] [Fatal Error] :1:1: Premature end of file.
2025-08-07 01:55:31,467 [ERROR] LogOutputStream:75 - [STDERR_REDIRECT] 
2025-08-07 01:55:32,455 [ERROR] LogOutputStream:75 - [STDERR_REDIRECT] [Fatal Error] :1:1: Premature end of file.
2025-08-07 01:55:32,455 [ERROR] LogOutputStream:75 - [STDERR_REDIRECT] 
2025-08-07 01:55:33,013 [INFO] UtilMem:75 - End SaveConfig() Used Memory: 576452736 Bytes (1055916032)
2025-08-07 01:55:33,466 [ERROR] LogOutputStream:75 - [STDERR_REDIRECT] [Fatal Error] :1:1: Premature end of file.
2025-08-07 01:55:33,466 [ERROR] LogOutputStream:75 - [STDERR_REDIRECT] 
2025-08-07 01:55:33,964 [INFO] UtilMem:75 - End SaveConfig() Used Memory: 619444352 Bytes (1055916032)
2025-08-07 01:55:34,470 [ERROR] LogOutputStream:75 - [STDERR_REDIRECT] [Fatal Error] :1:1: Premature end of file.
2025-08-07 01:55:34,470 [ERROR] LogOutputStream:75 - [STDERR_REDIRECT] 
2025-08-07 01:55:35,489 [ERROR] LogOutputStream:75 - [STDERR_REDIRECT] [Fatal Error] :1:1: Premature end of file.
2025-08-07 01:55:35,490 [ERROR] LogOutputStream:75 - [STDERR_REDIRECT] 
2025-08-07 01:55:35,882 [INFO] UtilMem:75 - End SaveConfig() Used Memory: 774189848 Bytes (1055916032)
2025-08-07 01:55:36,258 [INFO] BlockDiagram:2775 - set Specific Code input for plugin: SYS
2025-08-07 01:55:36,258 [INFO] BlockDiagram:2775 - set Specific Code input for plugin: RCC
2025-08-07 01:55:36,258 [INFO] BlockDiagram:2775 - set Specific Code input for plugin: NVIC
2025-08-07 01:55:36,258 [INFO] BlockDiagram:2775 - set Specific Code input for plugin: GPIO
2025-08-07 01:55:36,258 [INFO] CodeGenerator:892 - code generatio: config db path: C:\ST\STM32CubeIDE_1.19.0\STM32CubeIDE\plugins\com.st.stm32cube.common.mx_6.15.0.202507011659\\db\
2025-08-07 01:55:36,338 [INFO] CodeEngine:265 - oldGeneratedFile, C:\Users\SNYDE\Documents\GitHub\photon-line-follower\photon_bldc\software\PhotonCode\TEST3\MXTmpFiles\license.tmp_save
2025-08-07 01:55:36,404 [INFO] CodeEngine:289 - Generated code: C:\Users\SNYDE\Documents\GitHub\photon-line-follower\photon_bldc\software\PhotonCode\TEST3\MXTmpFiles\license.tmp
2025-08-07 01:55:36,424 [INFO] CodeEngine:265 - oldGeneratedFile, C:\Users\SNYDE\Documents\GitHub\photon-line-follower\photon_bldc\software\PhotonCode\TEST3\MXTmpFiles\gpio.tmp_save
2025-08-07 01:55:36,461 [ERROR] LogOutputStream:75 - [STDERR_REDIRECT] [Fatal Error] :1:1: Premature end of file.
2025-08-07 01:55:36,461 [ERROR] LogOutputStream:75 - [STDERR_REDIRECT] 
2025-08-07 01:55:36,495 [INFO] CodeEngine:289 - Generated code: C:\Users\SNYDE\Documents\GitHub\photon-line-follower\photon_bldc\software\PhotonCode\TEST3\MXTmpFiles\gpio.tmp
2025-08-07 01:55:36,524 [INFO] CodeEngine:265 - oldGeneratedFile, C:\Users\SNYDE\Documents\GitHub\photon-line-follower\photon_bldc\software\PhotonCode\TEST3\Core\Src\stm32g4xx_it.c_save
2025-08-07 01:55:36,597 [INFO] CodeEngine:289 - Generated code: C:\Users\SNYDE\Documents\GitHub\photon-line-follower\photon_bldc\software\PhotonCode\TEST3\Core\Src\stm32g4xx_it.c
2025-08-07 01:55:36,608 [INFO] CodeEngine:265 - oldGeneratedFile, C:\Users\SNYDE\Documents\GitHub\photon-line-follower\photon_bldc\software\PhotonCode\TEST3\Core\Inc\stm32g4xx_it.h_save
2025-08-07 01:55:36,683 [INFO] CodeEngine:289 - Generated code: C:\Users\SNYDE\Documents\GitHub\photon-line-follower\photon_bldc\software\PhotonCode\TEST3\Core\Inc\stm32g4xx_it.h
2025-08-07 01:55:36,705 [INFO] CodeEngine:265 - oldGeneratedFile, C:\Users\SNYDE\Documents\GitHub\photon-line-follower\photon_bldc\software\PhotonCode\TEST3\Core\Src\stm32g4xx_hal_msp.c_save
2025-08-07 01:55:36,793 [INFO] CodeEngine:289 - Generated code: C:\Users\SNYDE\Documents\GitHub\photon-line-follower\photon_bldc\software\PhotonCode\TEST3\Core\Src\stm32g4xx_hal_msp.c
2025-08-07 01:55:36,800 [INFO] CodeEngine:265 - oldGeneratedFile, C:\Users\SNYDE\Documents\GitHub\photon-line-follower\photon_bldc\software\PhotonCode\TEST3\MXTmpFiles\system.tmp_save
2025-08-07 01:55:36,858 [INFO] CodeEngine:289 - Generated code: C:\Users\SNYDE\Documents\GitHub\photon-line-follower\photon_bldc\software\PhotonCode\TEST3\MXTmpFiles\system.tmp
2025-08-07 01:55:36,875 [INFO] CodeEngine:321 - oldGeneratedFile, C:\Users\SNYDE\Documents\GitHub\photon-line-follower\photon_bldc\software\PhotonCode\TEST3\Core\Inc\stm32g4xx_hal_conf.h_save
2025-08-07 01:55:36,935 [INFO] CodeEngine:345 - Generated code: C:\Users\SNYDE\Documents\GitHub\photon-line-follower\photon_bldc\software\PhotonCode\TEST3\Core\Inc\stm32g4xx_hal_conf.h
2025-08-07 01:55:36,956 [WARN] IPConfigManager:3238 - Warning: the RefConfig RCC_CommonPeriphClockConfig is not available in your config.xml file
2025-08-07 01:55:36,971 [INFO] CodeEngine:265 - oldGeneratedFile, C:\Users\SNYDE\Documents\GitHub\photon-line-follower\photon_bldc\software\PhotonCode\TEST3\Core\Inc\main.h_save
2025-08-07 01:55:37,036 [INFO] CodeEngine:289 - Generated code: C:\Users\SNYDE\Documents\GitHub\photon-line-follower\photon_bldc\software\PhotonCode\TEST3\Core\Inc\main.h
2025-08-07 01:55:37,044 [INFO] CodeEngine:265 - oldGeneratedFile, C:\Users\SNYDE\Documents\GitHub\photon-line-follower\photon_bldc\software\PhotonCode\TEST3\Core\Src\main.c_save
2025-08-07 01:55:37,139 [INFO] CodeEngine:289 - Generated code: C:\Users\SNYDE\Documents\GitHub\photon-line-follower\photon_bldc\software\PhotonCode\TEST3\Core\Src\main.c
2025-08-07 01:55:37,464 [ERROR] LogOutputStream:75 - [STDERR_REDIRECT] [Fatal Error] :1:1: Premature end of file.
2025-08-07 01:55:37,464 [ERROR] LogOutputStream:75 - [STDERR_REDIRECT] 
2025-08-07 01:55:37,553 [INFO] ProjectBuilder:3606 - Time for Copy HAL[1] : 217mS.
2025-08-07 01:55:37,557 [INFO] ProjectBuilder:5216 - Project Generator version: 4.7.0-B52
2025-08-07 01:55:37,652 [INFO] ConfigFileManager:1595 - The Die is : DIE469
2025-08-07 01:55:38,486 [ERROR] LogOutputStream:75 - [STDERR_REDIRECT] [Fatal Error] :1:1: Premature end of file.
2025-08-07 01:55:38,489 [ERROR] LogOutputStream:75 - [STDERR_REDIRECT] 
2025-08-07 01:55:38,597 [INFO] ProjectBuilder:5496 - Time for Generating toolchain IDE Files: 1040mS.
2025-08-07 01:55:38,598 [INFO] ProjectBuilder:3463 - Time for Copy CMSIS : 0mS.
2025-08-07 01:55:38,603 [INFO] ProjectBuilder:3463 - Time for Copy CMSIS : 1mS.
2025-08-07 01:55:39,104 [INFO] MainUpdater:2872 - connection check result : 10
2025-08-07 01:55:39,104 [INFO] MainUpdater:2872 - connection check result : 10
2025-08-07 01:55:39,122 [INFO] MicroXplorer:468 - Change Database Path : 
2025-08-07 01:55:39,123 [INFO] MicroXplorer:498 - Change Database Version : DB.6.0.150
2025-08-07 01:55:39,141 [ERROR] ProjectManagerView:395 - 
java.lang.NullPointerException: Cannot invoke "javax.swing.JTextField.getText()" because the return value of "java.util.List.get(int)" is null
	at com.st.microxplorer.plugins.projectmanager.gui.ProjectChoiceTab$9.caretUpdate(ProjectChoiceTab.java:2706) ~[filemanager.jar:?]
	at javax.swing.text.JTextComponent.fireCaretUpdate(JTextComponent.java:408) ~[?:?]
	at javax.swing.text.JTextComponent$MutableCaretEvent.fire(JTextComponent.java:4484) ~[?:?]
	at javax.swing.text.JTextComponent$MutableCaretEvent.stateChanged(JTextComponent.java:4506) ~[?:?]
	at javax.swing.text.DefaultCaret.fireStateChanged(DefaultCaret.java:857) ~[?:?]
	at javax.swing.text.DefaultCaret.changeCaretPosition(DefaultCaret.java:1343) ~[?:?]
	at javax.swing.text.DefaultCaret.handleSetDot(DefaultCaret.java:1242) ~[?:?]
	at javax.swing.text.DefaultCaret.setDot(DefaultCaret.java:1223) ~[?:?]
	at javax.swing.text.DefaultCaret$Handler.insertUpdate(DefaultCaret.java:1819) ~[?:?]
	at javax.swing.text.AbstractDocument.fireInsertUpdate(AbstractDocument.java:227) ~[?:?]
	at javax.swing.text.AbstractDocument.handleInsertString(AbstractDocument.java:781) ~[?:?]
	at javax.swing.text.AbstractDocument.insertString(AbstractDocument.java:740) ~[?:?]
	at javax.swing.text.PlainDocument.insertString(PlainDocument.java:131) ~[?:?]
	at javax.swing.text.AbstractDocument.replace(AbstractDocument.java:699) ~[?:?]
	at javax.swing.text.JTextComponent.setText(JTextComponent.java:1725) ~[?:?]
	at com.st.microxplorer.plugins.projectmanager.gui.ProjectChoiceTab.createHeapStackFields(ProjectChoiceTab.java:993) ~[filemanager.jar:?]
	at com.st.microxplorer.plugins.projectmanager.gui.ProjectChoiceTab.buildLinkSettingsPanel(ProjectChoiceTab.java:3813) ~[filemanager.jar:?]
	at com.st.microxplorer.plugins.projectmanager.gui.ProjectChoiceTab.defineWindowsFields(ProjectChoiceTab.java:1987) ~[filemanager.jar:?]
	at com.st.microxplorer.plugins.projectmanager.gui.ProjectChoiceTab.updateSettings(ProjectChoiceTab.java:558) ~[filemanager.jar:?]
	at com.st.microxplorer.plugins.projectmanager.gui.ProjectSettingsPanel.UpdateDialog(ProjectSettingsPanel.java:247) ~[filemanager.jar:?]
	at com.st.microxplorer.plugins.projectmanager.ProjectManagerView.propertyChange(ProjectManagerView.java:392) ~[filemanager.jar:?]
	at java.beans.PropertyChangeSupport.fire(PropertyChangeSupport.java:343) ~[?:?]
	at java.beans.PropertyChangeSupport.firePropertyChange(PropertyChangeSupport.java:335) ~[?:?]
	at java.beans.PropertyChangeSupport.firePropertyChange(PropertyChangeSupport.java:268) ~[?:?]
	at com.st.microxplorer.util.MXPropertyChangeSupport.firePropertyChange(MXPropertyChangeSupport.java:54) ~[STM32CubeMX.jar:?]
	at com.st.microxplorer.mxsystem.MxSystem.closeConfig(MxSystem.java:899) ~[STM32CubeMX.jar:?]
	at com.st.microxplorer.maingui.MainPanel.closeConfig(MainPanel.java:792) ~[STM32CubeMX.jar:?]
	at com.st.microxplorer.plugins.filemanager.engine.OpenFileManager.loadConfigurationFile(OpenFileManager.java:288) ~[filemanager.jar:?]
	at com.st.microxplorer.plugins.filemanager.engine.MainFileManager.userLoadConfig(MainFileManager.java:364) ~[filemanager.jar:?]
	at com.st.microxplorer.plugins.filemanager.engine.MainFileManager.userLoadConfig(MainFileManager.java:342) ~[filemanager.jar:?]
	at com.st.microxplorer.plugins.filemanager.FileManagerView.getSpecificTask(FileManagerView.java:264) ~[filemanager.jar:?]
	at com.st.stm32cube.common.mx.editor.CubeMxEditor.getMxTabbedPaneInstance(CubeMxEditor.java:1198) ~[com.st.stm32cube.common.mx_6.15.0.202507011659/:?]
	at com.st.stm32cube.common.mx.editor.CubeMxEditor$12$1.createSwingComponent(CubeMxEditor.java:1068) ~[com.st.stm32cube.common.mx_6.15.0.202507011659/:?]
	at com.st.stm32cube.common.mx.oss.core.awtswtbridge.EmbeddedSwingComposite.doComponentCreation(EmbeddedSwingComposite.java:492) ~[com.st.stm32cube.common.mx.oss_6.15.0.202507011659/:?]
	at com.st.stm32cube.common.mx.oss.core.awtswtbridge.EmbeddedSwingComposite$4.run(EmbeddedSwingComposite.java:291) ~[com.st.stm32cube.common.mx.oss_6.15.0.202507011659/:?]
	at com.st.stm32cube.common.mx.oss.core.awtswtbridge.AwtEnvironment$2.run(AwtEnvironment.java:166) ~[com.st.stm32cube.common.mx.oss_6.15.0.202507011659/:?]
	at java.awt.event.InvocationEvent.dispatch(InvocationEvent.java:318) ~[?:?]
	at java.awt.EventQueue.dispatchEventImpl(EventQueue.java:773) ~[?:?]
	at java.awt.EventQueue$4.run(EventQueue.java:720) ~[?:?]
	at java.awt.EventQueue$4.run(EventQueue.java:714) ~[?:?]
	at java.security.AccessController.doPrivileged(AccessController.java:400) ~[?:?]
	at java.security.ProtectionDomain$JavaSecurityAccessImpl.doIntersectionPrivilege(ProtectionDomain.java:87) ~[?:?]
	at java.awt.EventQueue.dispatchEvent(EventQueue.java:742) ~[?:?]
	at java.awt.EventDispatchThread.pumpOneEventForFilters(EventDispatchThread.java:203) ~[?:?]
	at java.awt.EventDispatchThread.pumpEventsForFilter(EventDispatchThread.java:124) ~[?:?]
	at java.awt.EventDispatchThread.pumpEventsForHierarchy(EventDispatchThread.java:113) ~[?:?]
	at java.awt.EventDispatchThread.pumpEvents(EventDispatchThread.java:109) ~[?:?]
	at java.awt.EventDispatchThread.pumpEvents(EventDispatchThread.java:101) ~[?:?]
	at java.awt.EventDispatchThread.run(EventDispatchThread.java:90) ~[?:?]
2025-08-07 01:55:39,148 [WARN] ThirdParty:871 - waiting for thirdparty lock release [close project]
2025-08-07 01:55:39,148 [INFO] ThirdParty:873 - entering critical section [close project]
2025-08-07 01:55:39,148 [INFO] ThirdParty:883 - exiting critical section [close project]
2025-08-07 01:55:39,155 [INFO] PinOutPanel:1589 - setPackage(No Configuration,No Configuration)
2025-08-07 01:55:39,163 [INFO] UtilMem:75 - Begin LoadConfig() Used Memory: 748328640 Bytes (1055916032)
2025-08-07 01:55:39,465 [ERROR] LogOutputStream:75 - [STDERR_REDIRECT] [Fatal Error] :1:1: Premature end of file.
2025-08-07 01:55:39,466 [ERROR] LogOutputStream:75 - [STDERR_REDIRECT] 
2025-08-07 01:55:40,459 [ERROR] LogOutputStream:75 - [STDERR_REDIRECT] [Fatal Error] :1:1: Premature end of file.
2025-08-07 01:55:40,459 [ERROR] LogOutputStream:75 - [STDERR_REDIRECT] 
2025-08-07 01:55:41,455 [ERROR] LogOutputStream:75 - [STDERR_REDIRECT] [Fatal Error] :1:1: Premature end of file.
2025-08-07 01:55:41,455 [ERROR] LogOutputStream:75 - [STDERR_REDIRECT] 
2025-08-07 01:55:42,272 [INFO] ServerAccessManage:452 - Complete download http(s) 200
2025-08-07 01:55:42,273 [INFO] ServerAccessManage:509 - Download File stm32cube_db_v60130.zip
2025-08-07 01:55:42,465 [ERROR] LogOutputStream:75 - [STDERR_REDIRECT] [Fatal Error] :1:1: Premature end of file.
2025-08-07 01:55:42,465 [ERROR] LogOutputStream:75 - [STDERR_REDIRECT] 
2025-08-07 01:55:43,457 [ERROR] LogOutputStream:75 - [STDERR_REDIRECT] [Fatal Error] :1:1: Premature end of file.
2025-08-07 01:55:43,457 [ERROR] LogOutputStream:75 - [STDERR_REDIRECT] 
2025-08-07 01:55:44,455 [ERROR] LogOutputStream:75 - [STDERR_REDIRECT] [Fatal Error] :1:1: Premature end of file.
2025-08-07 01:55:44,456 [ERROR] LogOutputStream:75 - [STDERR_REDIRECT] 
2025-08-07 01:55:45,459 [ERROR] LogOutputStream:75 - [STDERR_REDIRECT] [Fatal Error] :1:1: Premature end of file.
2025-08-07 01:55:45,459 [ERROR] LogOutputStream:75 - [STDERR_REDIRECT] 
2025-08-07 01:55:46,469 [ERROR] LogOutputStream:75 - [STDERR_REDIRECT] [Fatal Error] :1:1: Premature end of file.
2025-08-07 01:55:46,469 [ERROR] LogOutputStream:75 - [STDERR_REDIRECT] 
2025-08-07 01:55:47,459 [ERROR] LogOutputStream:75 - [STDERR_REDIRECT] [Fatal Error] :1:1: Premature end of file.
2025-08-07 01:55:47,460 [ERROR] LogOutputStream:75 - [STDERR_REDIRECT] 
2025-08-07 01:55:48,456 [ERROR] LogOutputStream:75 - [STDERR_REDIRECT] [Fatal Error] :1:1: Premature end of file.
2025-08-07 01:55:48,456 [ERROR] LogOutputStream:75 - [STDERR_REDIRECT] 
2025-08-07 01:55:49,462 [ERROR] LogOutputStream:75 - [STDERR_REDIRECT] [Fatal Error] :1:1: Premature end of file.
2025-08-07 01:55:49,462 [ERROR] LogOutputStream:75 - [STDERR_REDIRECT] 
2025-08-07 01:55:50,456 [ERROR] LogOutputStream:75 - [STDERR_REDIRECT] [Fatal Error] :1:1: Premature end of file.
2025-08-07 01:55:50,456 [ERROR] LogOutputStream:75 - [STDERR_REDIRECT] 
2025-08-07 01:55:51,474 [ERROR] LogOutputStream:75 - [STDERR_REDIRECT] [Fatal Error] :1:1: Premature end of file.
2025-08-07 01:55:51,474 [ERROR] LogOutputStream:75 - [STDERR_REDIRECT] 
2025-08-07 01:55:52,456 [ERROR] LogOutputStream:75 - [STDERR_REDIRECT] [Fatal Error] :1:1: Premature end of file.
2025-08-07 01:55:52,456 [ERROR] LogOutputStream:75 - [STDERR_REDIRECT] 
2025-08-07 01:55:53,456 [ERROR] LogOutputStream:75 - [STDERR_REDIRECT] [Fatal Error] :1:1: Premature end of file.
2025-08-07 01:55:53,457 [ERROR] LogOutputStream:75 - [STDERR_REDIRECT] 
2025-08-07 01:55:54,459 [ERROR] LogOutputStream:75 - [STDERR_REDIRECT] [Fatal Error] :1:1: Premature end of file.
2025-08-07 01:55:54,459 [ERROR] LogOutputStream:75 - [STDERR_REDIRECT] 
2025-08-07 01:55:55,456 [ERROR] LogOutputStream:75 - [STDERR_REDIRECT] [Fatal Error] :1:1: Premature end of file.
2025-08-07 01:55:55,456 [ERROR] LogOutputStream:75 - [STDERR_REDIRECT] 
2025-08-07 01:55:56,455 [ERROR] LogOutputStream:75 - [STDERR_REDIRECT] [Fatal Error] :1:1: Premature end of file.
2025-08-07 01:55:56,455 [ERROR] LogOutputStream:75 - [STDERR_REDIRECT] 
2025-08-07 01:55:57,456 [ERROR] LogOutputStream:75 - [STDERR_REDIRECT] [Fatal Error] :1:1: Premature end of file.
2025-08-07 01:55:57,456 [ERROR] LogOutputStream:75 - [STDERR_REDIRECT] 
2025-08-07 01:55:58,461 [ERROR] LogOutputStream:75 - [STDERR_REDIRECT] [Fatal Error] :1:1: Premature end of file.
2025-08-07 01:55:58,462 [ERROR] LogOutputStream:75 - [STDERR_REDIRECT] 
2025-08-07 01:55:59,454 [ERROR] LogOutputStream:75 - [STDERR_REDIRECT] [Fatal Error] :1:1: Premature end of file.
2025-08-07 01:55:59,454 [ERROR] LogOutputStream:75 - [STDERR_REDIRECT] 
2025-08-07 01:56:00,460 [ERROR] LogOutputStream:75 - [STDERR_REDIRECT] [Fatal Error] :1:1: Premature end of file.
2025-08-07 01:56:00,460 [ERROR] LogOutputStream:75 - [STDERR_REDIRECT] 
2025-08-07 01:56:01,457 [ERROR] LogOutputStream:75 - [STDERR_REDIRECT] [Fatal Error] :1:1: Premature end of file.
2025-08-07 01:56:01,457 [ERROR] LogOutputStream:75 - [STDERR_REDIRECT] 
2025-08-07 01:56:02,458 [ERROR] LogOutputStream:75 - [STDERR_REDIRECT] [Fatal Error] :1:1: Premature end of file.
2025-08-07 01:56:02,459 [ERROR] LogOutputStream:75 - [STDERR_REDIRECT] 
2025-08-07 01:56:03,455 [ERROR] LogOutputStream:75 - [STDERR_REDIRECT] [Fatal Error] :1:1: Premature end of file.
2025-08-07 01:56:03,455 [ERROR] LogOutputStream:75 - [STDERR_REDIRECT] 
2025-08-07 01:56:04,455 [ERROR] LogOutputStream:75 - [STDERR_REDIRECT] [Fatal Error] :1:1: Premature end of file.
2025-08-07 01:56:04,455 [ERROR] LogOutputStream:75 - [STDERR_REDIRECT] 
2025-08-07 01:56:05,457 [ERROR] LogOutputStream:75 - [STDERR_REDIRECT] [Fatal Error] :1:1: Premature end of file.
2025-08-07 01:56:05,457 [ERROR] LogOutputStream:75 - [STDERR_REDIRECT] 
2025-08-07 01:56:06,456 [ERROR] LogOutputStream:75 - [STDERR_REDIRECT] [Fatal Error] :1:1: Premature end of file.
2025-08-07 01:56:06,457 [ERROR] LogOutputStream:75 - [STDERR_REDIRECT] 
2025-08-07 01:56:07,471 [ERROR] LogOutputStream:75 - [STDERR_REDIRECT] [Fatal Error] :1:1: Premature end of file.
2025-08-07 01:56:07,471 [ERROR] LogOutputStream:75 - [STDERR_REDIRECT] 
2025-08-07 01:56:08,455 [ERROR] LogOutputStream:75 - [STDERR_REDIRECT] [Fatal Error] :1:1: Premature end of file.
2025-08-07 01:56:08,456 [ERROR] LogOutputStream:75 - [STDERR_REDIRECT] 
2025-08-07 01:56:09,456 [ERROR] LogOutputStream:75 - [STDERR_REDIRECT] [Fatal Error] :1:1: Premature end of file.
2025-08-07 01:56:09,456 [ERROR] LogOutputStream:75 - [STDERR_REDIRECT] 
2025-08-07 01:56:10,456 [ERROR] LogOutputStream:75 - [STDERR_REDIRECT] [Fatal Error] :1:1: Premature end of file.
2025-08-07 01:56:10,456 [ERROR] LogOutputStream:75 - [STDERR_REDIRECT] 
2025-08-07 01:56:11,465 [ERROR] LogOutputStream:75 - [STDERR_REDIRECT] [Fatal Error] :1:1: Premature end of file.
2025-08-07 01:56:11,465 [ERROR] LogOutputStream:75 - [STDERR_REDIRECT] 
2025-08-07 01:56:12,457 [ERROR] LogOutputStream:75 - [STDERR_REDIRECT] [Fatal Error] :1:1: Premature end of file.
2025-08-07 01:56:12,457 [ERROR] LogOutputStream:75 - [STDERR_REDIRECT] 
2025-08-07 01:56:13,456 [ERROR] LogOutputStream:75 - [STDERR_REDIRECT] [Fatal Error] :1:1: Premature end of file.
2025-08-07 01:56:13,456 [ERROR] LogOutputStream:75 - [STDERR_REDIRECT] 
2025-08-07 01:56:14,457 [ERROR] LogOutputStream:75 - [STDERR_REDIRECT] [Fatal Error] :1:1: Premature end of file.
2025-08-07 01:56:14,457 [ERROR] LogOutputStream:75 - [STDERR_REDIRECT] 
2025-08-07 01:56:14,758 [INFO] FileExtend:248 - Unzip File : stm32cube_db_v60130.zip
2025-08-07 01:56:14,758 [INFO] FileExtend:263 - Standard Zip Deflate
2025-08-07 01:56:15,457 [ERROR] LogOutputStream:75 - [STDERR_REDIRECT] [Fatal Error] :1:1: Premature end of file.
2025-08-07 01:56:15,458 [ERROR] LogOutputStream:75 - [STDERR_REDIRECT] 
2025-08-07 01:56:16,459 [ERROR] LogOutputStream:75 - [STDERR_REDIRECT] [Fatal Error] :1:1: Premature end of file.
2025-08-07 01:56:16,459 [ERROR] LogOutputStream:75 - [STDERR_REDIRECT] 
2025-08-07 01:56:17,460 [ERROR] LogOutputStream:75 - [STDERR_REDIRECT] [Fatal Error] :1:1: Premature end of file.
2025-08-07 01:56:17,460 [ERROR] LogOutputStream:75 - [STDERR_REDIRECT] 
2025-08-07 01:56:18,458 [ERROR] LogOutputStream:75 - [STDERR_REDIRECT] [Fatal Error] :1:1: Premature end of file.
2025-08-07 01:56:18,459 [ERROR] LogOutputStream:75 - [STDERR_REDIRECT] 
2025-08-07 01:56:19,506 [ERROR] LogOutputStream:75 - [STDERR_REDIRECT] [Fatal Error] :1:1: Premature end of file.
2025-08-07 01:56:19,506 [ERROR] LogOutputStream:75 - [STDERR_REDIRECT] 
2025-08-07 01:56:20,470 [ERROR] LogOutputStream:75 - [STDERR_REDIRECT] [Fatal Error] :1:1: Premature end of file.
2025-08-07 01:56:20,471 [ERROR] LogOutputStream:75 - [STDERR_REDIRECT] 
2025-08-07 01:56:21,436 [INFO] LoadServerPackagesThread:196 - End of LoadServerPackages Thread
2025-08-07 01:56:21,481 [ERROR] LogOutputStream:75 - [STDERR_REDIRECT] [Fatal Error] :1:1: Premature end of file.
2025-08-07 01:56:21,482 [ERROR] LogOutputStream:75 - [STDERR_REDIRECT] 
2025-08-07 01:56:21,812 [INFO] CheckServerUpdateThread:120 - End of CheckServer Thread
2025-08-07 01:56:21,858 [INFO] MicroXplorer:468 - Change Database Path : C:/Users/SNYDE/.stm32cubemx/databases/DB.6.0.130/db/
2025-08-07 01:56:21,858 [INFO] MicroXplorer:498 - Change Database Version : DB.6.0.130
2025-08-07 01:56:21,858 [INFO] OpenFileManager:355 - Change cursor
2025-08-07 01:56:21,940 [INFO] RulesReader:64 - Compatibility file has been processed (297 Rules)
2025-08-07 01:56:21,957 [INFO] Mcu:2029 - Initializing MCU STM32G474R(B-C-E)Tx STM32G474RETx STM32G474RET6
2025-08-07 01:56:22,474 [ERROR] LogOutputStream:75 - [STDERR_REDIRECT] [Fatal Error] :1:1: Premature end of file.
2025-08-07 01:56:22,474 [ERROR] LogOutputStream:75 - [STDERR_REDIRECT] 
2025-08-07 01:56:23,473 [ERROR] LogOutputStream:75 - [STDERR_REDIRECT] [Fatal Error] :1:1: Premature end of file.
2025-08-07 01:56:23,473 [ERROR] LogOutputStream:75 - [STDERR_REDIRECT] 
2025-08-07 01:56:24,503 [ERROR] LogOutputStream:75 - [STDERR_REDIRECT] [Fatal Error] :1:1: Premature end of file.
2025-08-07 01:56:24,504 [ERROR] LogOutputStream:75 - [STDERR_REDIRECT] 
2025-08-07 01:56:25,474 [ERROR] LogOutputStream:75 - [STDERR_REDIRECT] [Fatal Error] :1:1: Premature end of file.
2025-08-07 01:56:25,474 [ERROR] LogOutputStream:75 - [STDERR_REDIRECT] 
2025-08-07 01:56:26,463 [ERROR] LogOutputStream:75 - [STDERR_REDIRECT] [Fatal Error] :1:1: Premature end of file.
2025-08-07 01:56:26,464 [ERROR] LogOutputStream:75 - [STDERR_REDIRECT] 
2025-08-07 01:56:27,463 [ERROR] LogOutputStream:75 - [STDERR_REDIRECT] [Fatal Error] :1:1: Premature end of file.
2025-08-07 01:56:27,464 [ERROR] LogOutputStream:75 - [STDERR_REDIRECT] 
2025-08-07 01:56:27,930 [INFO] Context:786 - Trying to add GPIOservice into a context  which must be forbidden
2025-08-07 01:56:28,463 [ERROR] LogOutputStream:75 - [STDERR_REDIRECT] [Fatal Error] :1:1: Premature end of file.
2025-08-07 01:56:28,464 [ERROR] LogOutputStream:75 - [STDERR_REDIRECT] 
2025-08-07 01:56:29,469 [ERROR] LogOutputStream:75 - [STDERR_REDIRECT] [Fatal Error] :1:1: Premature end of file.
2025-08-07 01:56:29,469 [ERROR] LogOutputStream:75 - [STDERR_REDIRECT] 
2025-08-07 01:56:29,664 [INFO] ImportTextPane:234 - (OptionalMessage_ERROR) Pin38 (VP_RIF_VS_RIF1) cannot be retrieved for this MCU
2025-08-07 01:56:29,737 [INFO] RtosManager:558 - Registered RTOS mode: class=CMSIS, group=RTOS, mode=CMSIS_V1, owner=FREERTOS
2025-08-07 01:56:29,738 [INFO] RtosManager:558 - Registered RTOS mode: class=CMSIS, group=RTOS2, mode=CMSIS_V2, owner=FREERTOS
2025-08-07 01:56:29,738 [INFO] RtosManager:558 - Registered RTOS mode: class=RTOS, group=Core, mode=CMSIS_V1, owner=FREERTOS
2025-08-07 01:56:29,738 [INFO] RtosManager:558 - Registered RTOS mode: class=RTOS, group=Core, mode=CMSIS_V2, owner=FREERTOS
2025-08-07 01:56:29,738 [WARN] ModelIntegratedComponent:184 - Missing modes for component STMicroelectronics:FreeRTOS:0.0.1:STMicroelectronics:RTOS:FreeRTOS:Core:::10.2.0:
2025-08-07 01:56:29,762 [WARN] ModelIntegratedComponent:63 - No mode defined for component null
2025-08-07 01:56:29,763 [WARN] ModelIntegratedComponent:63 - No mode defined for component null
2025-08-07 01:56:29,763 [WARN] ModelIntegratedComponent:63 - No mode defined for component null
2025-08-07 01:56:29,763 [WARN] ModelIntegratedComponent:63 - No mode defined for component null
2025-08-07 01:56:29,763 [WARN] ModelIntegratedComponent:63 - No mode defined for component null
2025-08-07 01:56:29,763 [WARN] ModelIntegratedComponent:63 - No mode defined for component null
2025-08-07 01:56:29,763 [WARN] ModelIntegratedComponent:63 - No mode defined for component null
2025-08-07 01:56:29,763 [WARN] ModelIntegratedComponent:63 - No mode defined for component null
2025-08-07 01:56:29,763 [WARN] ModelIntegratedComponent:63 - No mode defined for component null
2025-08-07 01:56:29,763 [WARN] ModelIntegratedComponent:63 - No mode defined for component null
2025-08-07 01:56:29,763 [WARN] ModelIntegratedComponent:63 - No mode defined for component null
2025-08-07 01:56:29,763 [WARN] ModelIntegratedComponent:63 - No mode defined for component null
2025-08-07 01:56:29,763 [WARN] ModelIntegratedComponent:63 - No mode defined for component null
2025-08-07 01:56:29,763 [WARN] ModelIntegratedComponent:63 - No mode defined for component null
2025-08-07 01:56:29,763 [WARN] ModelIntegratedComponent:63 - No mode defined for component null
2025-08-07 01:56:29,763 [WARN] ModelIntegratedComponent:63 - No mode defined for component null
2025-08-07 01:56:29,763 [WARN] ModelIntegratedComponent:63 - No mode defined for component null
2025-08-07 01:56:29,763 [WARN] ModelIntegratedComponent:63 - No mode defined for component null
2025-08-07 01:56:29,763 [WARN] ModelIntegratedComponent:63 - No mode defined for component null
2025-08-07 01:56:29,764 [WARN] ModelIntegratedComponent:63 - No mode defined for component null
2025-08-07 01:56:29,764 [WARN] ModelIntegratedComponent:63 - No mode defined for component null
2025-08-07 01:56:29,764 [WARN] ModelIntegratedComponent:63 - No mode defined for component null
2025-08-07 01:56:29,764 [WARN] ModelIntegratedComponent:63 - No mode defined for component null
2025-08-07 01:56:29,764 [WARN] ModelIntegratedComponent:63 - No mode defined for component null
2025-08-07 01:56:29,764 [WARN] ModelIntegratedComponent:63 - No mode defined for component null
2025-08-07 01:56:29,764 [WARN] ModelIntegratedComponent:63 - No mode defined for component null
2025-08-07 01:56:29,764 [WARN] ModelIntegratedComponent:63 - No mode defined for component null
2025-08-07 01:56:29,764 [WARN] ModelIntegratedComponent:63 - No mode defined for component null
2025-08-07 01:56:29,764 [WARN] ModelIntegratedComponent:63 - No mode defined for component null
2025-08-07 01:56:29,764 [WARN] ModelIntegratedComponent:63 - No mode defined for component null
2025-08-07 01:56:29,764 [WARN] ModelIntegratedComponent:63 - No mode defined for component null
2025-08-07 01:56:29,764 [WARN] ModelIntegratedComponent:63 - No mode defined for component null
2025-08-07 01:56:29,764 [WARN] ModelIntegratedComponent:63 - No mode defined for component null
2025-08-07 01:56:29,764 [WARN] ModelIntegratedComponent:63 - No mode defined for component null
2025-08-07 01:56:29,764 [WARN] ModelIntegratedComponent:63 - No mode defined for component null
2025-08-07 01:56:29,764 [WARN] ModelPack:524 - Component already loaded: STMicroelectronics:HAL Drivers:0.0.0:STMicroelectronics:Device:STMicro_Driver:XSPI:HAL::0.0.1:HAL_XSPI
2025-08-07 01:56:30,184 [INFO] ThirdPartyModel:298 - Start build external matchings
2025-08-07 01:56:30,476 [ERROR] LogOutputStream:75 - [STDERR_REDIRECT] [Fatal Error] :1:1: Premature end of file.
2025-08-07 01:56:30,476 [ERROR] LogOutputStream:75 - [STDERR_REDIRECT] 
2025-08-07 01:56:31,459 [ERROR] LogOutputStream:75 - [STDERR_REDIRECT] [Fatal Error] :1:1: Premature end of file.
2025-08-07 01:56:31,459 [ERROR] LogOutputStream:75 - [STDERR_REDIRECT] 
2025-08-07 01:56:32,244 [INFO] ThirdPartyModel:316 - End build external matchings
2025-08-07 01:56:32,312 [INFO] ImportTextPane:234 - (OptionalMessage_ERROR) IP (ADC1) : Parameter (CommonPathInternal) has invalid value (null|null|null|null)
2025-08-07 01:56:32,313 [INFO] ImportTextPane:234 - (OptionalMessage_ERROR) IP (ADC2) : Parameter (CommonPathInternal) has invalid value (null|null|null|null)
2025-08-07 01:56:32,314 [INFO] ImportTextPane:234 - (OptionalMessage_ERROR) IP (DMA) : Parameter (Instance) has Id (ADC1) currently not set
2025-08-07 01:56:32,314 [INFO] ImportTextPane:234 - (OptionalMessage_ERROR) IP (DMA) : Parameter (Request) has Id (ADC1) currently not set
2025-08-07 01:56:32,314 [INFO] ImportTextPane:234 - (OptionalMessage_ERROR) IP (DMA) : Parameter (Direction) has Id (ADC1) currently not set
2025-08-07 01:56:32,314 [INFO] ImportTextPane:234 - (OptionalMessage_ERROR) IP (DMA) : Parameter (PeriphInc) has Id (ADC1) currently not set
2025-08-07 01:56:32,314 [INFO] ImportTextPane:234 - (OptionalMessage_ERROR) IP (DMA) : Parameter (MemInc) has Id (ADC1) currently not set
2025-08-07 01:56:32,316 [INFO] ImportTextPane:234 - (OptionalMessage_ERROR) IP (DMA) : Parameter (PeriphDataAlignment) has Id (ADC1) currently not set
2025-08-07 01:56:32,317 [INFO] ImportTextPane:234 - (OptionalMessage_ERROR) IP (DMA) : Parameter (MemDataAlignment) has Id (ADC1) currently not set
2025-08-07 01:56:32,317 [INFO] ImportTextPane:234 - (OptionalMessage_ERROR) IP (DMA) : Parameter (Mode) has Id (ADC1) currently not set
2025-08-07 01:56:32,317 [INFO] ImportTextPane:234 - (OptionalMessage_ERROR) IP (DMA) : Parameter (Priority) has Id (ADC1) currently not set
2025-08-07 01:56:32,318 [INFO] ImportTextPane:234 - (OptionalMessage_ERROR) IP (DMA) : Parameter (SignalID) has Id (ADC1) currently not set
2025-08-07 01:56:32,318 [INFO] ImportTextPane:234 - (OptionalMessage_ERROR) IP (DMA) : Parameter (Polarity) has Id (ADC1) currently not set
2025-08-07 01:56:32,319 [INFO] ImportTextPane:234 - (OptionalMessage_ERROR) IP (DMA) : Parameter (RequestNumber) has Id (ADC1) currently not set
2025-08-07 01:56:32,319 [INFO] ImportTextPane:234 - (OptionalMessage_ERROR) IP (DMA) : Parameter (SyncSignalID) has Id (ADC1) currently not set
2025-08-07 01:56:32,319 [INFO] ImportTextPane:234 - (OptionalMessage_ERROR) IP (DMA) : Parameter (SyncPolarity) has Id (ADC1) currently not set
2025-08-07 01:56:32,319 [INFO] ImportTextPane:234 - (OptionalMessage_ERROR) IP (DMA) : Parameter (SyncEnable) has Id (ADC1) currently not set
2025-08-07 01:56:32,319 [INFO] ImportTextPane:234 - (OptionalMessage_ERROR) IP (DMA) : Parameter (EventEnable) has Id (ADC1) currently not set
2025-08-07 01:56:32,319 [INFO] ImportTextPane:234 - (OptionalMessage_ERROR) IP (DMA) : Parameter (SyncRequestNumber) has Id (ADC1) currently not set
2025-08-07 01:56:32,319 [INFO] ImportTextPane:234 - (OptionalMessage_ERROR) IP (DMA) : Parameter (Instance) has Id (ADC2) currently not set
2025-08-07 01:56:32,319 [INFO] ImportTextPane:234 - (OptionalMessage_ERROR) IP (DMA) : Parameter (Request) has Id (ADC2) currently not set
2025-08-07 01:56:32,320 [INFO] ImportTextPane:234 - (OptionalMessage_ERROR) IP (DMA) : Parameter (Direction) has Id (ADC2) currently not set
2025-08-07 01:56:32,320 [INFO] ImportTextPane:234 - (OptionalMessage_ERROR) IP (DMA) : Parameter (PeriphInc) has Id (ADC2) currently not set
2025-08-07 01:56:32,320 [INFO] ImportTextPane:234 - (OptionalMessage_ERROR) IP (DMA) : Parameter (MemInc) has Id (ADC2) currently not set
2025-08-07 01:56:32,320 [INFO] ImportTextPane:234 - (OptionalMessage_ERROR) IP (DMA) : Parameter (PeriphDataAlignment) has Id (ADC2) currently not set
2025-08-07 01:56:32,320 [INFO] ImportTextPane:234 - (OptionalMessage_ERROR) IP (DMA) : Parameter (MemDataAlignment) has Id (ADC2) currently not set
2025-08-07 01:56:32,320 [INFO] ImportTextPane:234 - (OptionalMessage_ERROR) IP (DMA) : Parameter (Mode) has Id (ADC2) currently not set
2025-08-07 01:56:32,320 [INFO] ImportTextPane:234 - (OptionalMessage_ERROR) IP (DMA) : Parameter (Priority) has Id (ADC2) currently not set
2025-08-07 01:56:32,320 [INFO] ImportTextPane:234 - (OptionalMessage_ERROR) IP (DMA) : Parameter (SignalID) has Id (ADC2) currently not set
2025-08-07 01:56:32,320 [INFO] ImportTextPane:234 - (OptionalMessage_ERROR) IP (DMA) : Parameter (Polarity) has Id (ADC2) currently not set
2025-08-07 01:56:32,320 [INFO] ImportTextPane:234 - (OptionalMessage_ERROR) IP (DMA) : Parameter (RequestNumber) has Id (ADC2) currently not set
2025-08-07 01:56:32,320 [INFO] ImportTextPane:234 - (OptionalMessage_ERROR) IP (DMA) : Parameter (SyncSignalID) has Id (ADC2) currently not set
2025-08-07 01:56:32,320 [INFO] ImportTextPane:234 - (OptionalMessage_ERROR) IP (DMA) : Parameter (SyncPolarity) has Id (ADC2) currently not set
2025-08-07 01:56:32,320 [INFO] ImportTextPane:234 - (OptionalMessage_ERROR) IP (DMA) : Parameter (SyncEnable) has Id (ADC2) currently not set
2025-08-07 01:56:32,321 [INFO] ImportTextPane:234 - (OptionalMessage_ERROR) IP (DMA) : Parameter (EventEnable) has Id (ADC2) currently not set
2025-08-07 01:56:32,321 [INFO] ImportTextPane:234 - (OptionalMessage_ERROR) IP (DMA) : Parameter (SyncRequestNumber) has Id (ADC2) currently not set
2025-08-07 01:56:32,324 [INFO] ImportTextPane:234 - (OptionalMessage_ERROR) IP (RCC) : Invalid parameter (FamilyName)
2025-08-07 01:56:32,325 [INFO] ImportTextPane:234 - (OptionalMessage_ERROR) IP (RCC) : Parameter (RNGFreq_Value) has invalid value (170000000)
2025-08-07 01:56:32,325 [INFO] ImportTextPane:234 - (OptionalMessage_ERROR) IP (RCC) : Parameter (USBFreq_Value) has invalid value (170000000)
2025-08-07 01:56:32,474 [ERROR] LogOutputStream:75 - [STDERR_REDIRECT] [Fatal Error] :1:1: Premature end of file.
2025-08-07 01:56:32,474 [ERROR] LogOutputStream:75 - [STDERR_REDIRECT] 
2025-08-07 01:56:32,829 [INFO] UtilMem:75 - End LoadConfig() Used Memory: 834275184 Bytes (1073741824)
2025-08-07 01:56:33,022 [WARN] ThirdParty:833 - waiting for thirdparty lock release [change project]
2025-08-07 01:56:33,023 [INFO] ThirdParty:835 - entering critical section [change project]
2025-08-07 01:56:33,023 [INFO] ThirdParty:1030 - CMSIS Pack Vendor :STMicroelectronics X-CUBE-PM33A1 1.0.0
2025-08-07 01:56:33,023 [INFO] ThirdParty:1030 - CMSIS Pack Vendor :STMicroelectronics USBPD 4.1
2025-08-07 01:56:33,023 [INFO] ThirdParty:1030 - CMSIS Pack Vendor :STMicroelectronics USB_HOST 2.0.0
2025-08-07 01:56:33,023 [INFO] ThirdParty:1030 - CMSIS Pack Vendor :STMicroelectronics FP-SNS-MOTENVWB1 1.4.0
2025-08-07 01:56:33,023 [INFO] ThirdParty:1030 - CMSIS Pack Vendor :STMicroelectronics X-CUBE-AZRTOS-F4 1.1.0
2025-08-07 01:56:33,023 [INFO] ThirdParty:1030 - CMSIS Pack Vendor :STMicroelectronics LIBJPEG 8.0.0
2025-08-07 01:56:33,023 [INFO] ThirdParty:1030 - CMSIS Pack Vendor :STMicroelectronics FP-ATR-ASTRA1 2.0.2
2025-08-07 01:56:33,023 [INFO] ThirdParty:1030 - CMSIS Pack Vendor :STMicroelectronics FP-ATR-ASTRA1 2.0.1
2025-08-07 01:56:33,023 [INFO] ThirdParty:1030 - CMSIS Pack Vendor :Avnet-IotConnect X-CUBE-IoTC-DA16k-PMOD 1.0.0
2025-08-07 01:56:33,023 [INFO] ThirdParty:1030 - CMSIS Pack Vendor :STMicroelectronics X-CUBE-SMBUS 2.1.0
2025-08-07 01:56:33,023 [INFO] ThirdParty:1030 - CMSIS Pack Vendor :STMicroelectronics X-CUBE-WB05N 1.1.0
2025-08-07 01:56:33,023 [INFO] ThirdParty:1030 - CMSIS Pack Vendor :STMicroelectronics X-CUBE-ISPU 2.1.0
2025-08-07 01:56:33,023 [INFO] ThirdParty:1030 - CMSIS Pack Vendor :STMicroelectronics X-CUBE-ST60 1.0.0
2025-08-07 01:56:33,023 [INFO] ThirdParty:1030 - CMSIS Pack Vendor :STMicroelectronics X-CUBE-NFC12 1.0.0
2025-08-07 01:56:33,023 [INFO] ThirdParty:1030 - CMSIS Pack Vendor :STMicroelectronics X-CUBE-AZRTOS-F7 1.1.0
2025-08-07 01:56:33,023 [INFO] ThirdParty:1030 - CMSIS Pack Vendor :STMicroelectronics X-CUBE-AZRTOS-L5 2.0.0
2025-08-07 01:56:33,024 [INFO] ThirdParty:1030 - CMSIS Pack Vendor :STMicroelectronics USB_DEVICE 2.0.0
2025-08-07 01:56:33,024 [INFO] ThirdParty:1030 - CMSIS Pack Vendor :STMicroelectronics X-CUBE-NFC6 3.1.0
2025-08-07 01:56:33,024 [INFO] ThirdParty:1030 - CMSIS Pack Vendor :STMicroelectronics FreeRTOS 0.0.1
2025-08-07 01:56:33,024 [INFO] ThirdParty:1030 - CMSIS Pack Vendor :STMicroelectronics X-CUBE-DPower 1.2.0
2025-08-07 01:56:33,024 [INFO] ThirdParty:1030 - CMSIS Pack Vendor :STMicroelectronics FP-SNS-FLIGHT1 5.0.2
2025-08-07 01:56:33,024 [INFO] ThirdParty:1030 - CMSIS Pack Vendor :Infineon AIROC-Wi-Fi-Bluetooth-STM32 1.7.0
2025-08-07 01:56:33,024 [INFO] ThirdParty:1030 - CMSIS Pack Vendor :STMicroelectronics PDM2PCM 3.3.0
2025-08-07 01:56:33,024 [INFO] ThirdParty:1030 - CMSIS Pack Vendor :STMicroelectronics X-CUBE-AZRTOS-H7 3.4.0
2025-08-07 01:56:33,024 [INFO] ThirdParty:1030 - CMSIS Pack Vendor :STMicroelectronics X-CUBE-DISPLAY 3.0.0
2025-08-07 01:56:33,024 [INFO] ThirdParty:1030 - CMSIS Pack Vendor :STMicroelectronics X-CUBE-BLE1 7.0.0
2025-08-07 01:56:33,024 [INFO] ThirdParty:1030 - CMSIS Pack Vendor :STMicroelectronics X-CUBE-NFC10 1.0.0
2025-08-07 01:56:33,024 [INFO] ThirdParty:1030 - CMSIS Pack Vendor :STMicroelectronics X-CUBE-BLEMGR 4.0.0
2025-08-07 01:56:33,025 [INFO] ThirdParty:1030 - CMSIS Pack Vendor :STMicroelectronics X-CUBE-FREERTOS 1.3.1
2025-08-07 01:56:33,025 [INFO] ThirdParty:1030 - CMSIS Pack Vendor :STMicroelectronics HAL Drivers 0.0.0
2025-08-07 01:56:33,025 [INFO] ThirdParty:1030 - CMSIS Pack Vendor :emotas I-CUBE-CANOPEN 1.3.0
2025-08-07 01:56:33,025 [INFO] ThirdParty:1030 - CMSIS Pack Vendor :STMicroelectronics X-CUBE-FREERTOS 1.3.0
2025-08-07 01:56:33,025 [INFO] ThirdParty:1030 - CMSIS Pack Vendor :STMicroelectronics X-CUBE-NFC7 1.0.1
2025-08-07 01:56:33,025 [INFO] ThirdParty:1030 - CMSIS Pack Vendor :STMicroelectronics MBEDTLS 2.14.1
2025-08-07 01:56:33,025 [INFO] ThirdParty:1030 - CMSIS Pack Vendor :STMicroelectronics X-CUBE-AI 10.0.0
2025-08-07 01:56:33,025 [INFO] ThirdParty:1030 - CMSIS Pack Vendor :STMicroelectronics FP-SNS-STBOX1 2.1.0
2025-08-07 01:56:33,025 [INFO] ThirdParty:1030 - CMSIS Pack Vendor :STMicroelectronics FP-SNS-STAIOTCFT 1.0.0
2025-08-07 01:56:33,026 [INFO] ThirdParty:1030 - CMSIS Pack Vendor :STMicroelectronics FP-SNS-SMARTAG2 1.2.0
2025-08-07 01:56:33,026 [INFO] ThirdParty:1030 - CMSIS Pack Vendor :STMicroelectronics FP-SNS-FLIGHT1 5.1.0
2025-08-07 01:56:33,026 [INFO] ThirdParty:1030 - CMSIS Pack Vendor :STMicroelectronics X-CUBE-MEMS1 11.1.0
2025-08-07 01:56:33,026 [INFO] ThirdParty:1030 - CMSIS Pack Vendor :STMicroelectronics X-CUBE-AZRTOS-WL 2.0.0
2025-08-07 01:56:33,026 [INFO] ThirdParty:1030 - CMSIS Pack Vendor :STMicroelectronics X-CUBE-DPower 1.3.0
2025-08-07 01:56:33,026 [INFO] ThirdParty:1030 - CMSIS Pack Vendor :STMicroelectronics FP-SNS-MOTENV1 5.0.0
2025-08-07 01:56:33,026 [INFO] ThirdParty:1030 - CMSIS Pack Vendor :STMicroelectronics USB_DEVICE 1.0.0
2025-08-07 01:56:33,026 [INFO] ThirdParty:1030 - CMSIS Pack Vendor :wolfSSL I-CUBE-wolfMQTT 1.19.0
2025-08-07 01:56:33,026 [INFO] ThirdParty:1030 - CMSIS Pack Vendor :STMicroelectronics X-CUBE-AZRTOS-L4 2.0.0
2025-08-07 01:56:33,026 [INFO] ThirdParty:1030 - CMSIS Pack Vendor :STMicroelectronics ThreadX 0.0.2
2025-08-07 01:56:33,026 [INFO] ThirdParty:1030 - CMSIS Pack Vendor :WES I-CUBE-Cesium 1.3.0
2025-08-07 01:56:33,026 [INFO] ThirdParty:1030 - CMSIS Pack Vendor :STMicroelectronics lwIP 2.1.2
2025-08-07 01:56:33,026 [INFO] ThirdParty:1030 - CMSIS Pack Vendor :STMicroelectronics X-CUBE-SFXS2LP1 4.0.0
2025-08-07 01:56:33,026 [INFO] ThirdParty:1030 - CMSIS Pack Vendor :STMicroelectronics X-CUBE-BLE2 3.3.0
2025-08-07 01:56:33,026 [INFO] ThirdParty:1030 - CMSIS Pack Vendor :STMicroelectronics PDM2PCM 3.2.0
2025-08-07 01:56:33,026 [INFO] ThirdParty:1030 - CMSIS Pack Vendor :STMicroelectronics X-CUBE-AZRTOS-H7 3.3.0
2025-08-07 01:56:33,026 [INFO] ThirdParty:1030 - CMSIS Pack Vendor :STMicroelectronics X-CUBE-NFC9 1.0.0
2025-08-07 01:56:33,026 [INFO] ThirdParty:1030 - CMSIS Pack Vendor :STMicroelectronics X-CUBE-BLE1 7.1.0
2025-08-07 01:56:33,026 [INFO] ThirdParty:1030 - CMSIS Pack Vendor :STMicroelectronics USB_DEVICE 3.0.0
2025-08-07 01:56:33,027 [INFO] ThirdParty:1030 - CMSIS Pack Vendor :STMicroelectronics X-CUBE-EEPRMA1 5.2.0
2025-08-07 01:56:33,027 [INFO] ThirdParty:1030 - CMSIS Pack Vendor :STMicroelectronics X-CUBE-BLEMGR 4.1.0
2025-08-07 01:56:33,027 [INFO] ThirdParty:1030 - CMSIS Pack Vendor :STMicroelectronics X-CUBE-AZRTOS-WB 2.0.0
2025-08-07 01:56:33,027 [INFO] ThirdParty:1030 - CMSIS Pack Vendor :STMicroelectronics X-CUBE-GNSS1 7.0.1
2025-08-07 01:56:33,027 [INFO] ThirdParty:1030 - CMSIS Pack Vendor :STMicroelectronics X-CUBE-TOUCHGFX 4.25.0
2025-08-07 01:56:33,027 [INFO] ThirdParty:1030 - CMSIS Pack Vendor :STMicroelectronics X-CUBE-AI 10.1.0
2025-08-07 01:56:33,027 [INFO] ThirdParty:1030 - CMSIS Pack Vendor :STMicroelectronics FP-SNS-STBOX1 2.0.0
2025-08-07 01:56:33,027 [INFO] ThirdParty:1030 - CMSIS Pack Vendor :STMicroelectronics X-CUBE-MEMS1 11.2.0
2025-08-07 01:56:33,027 [INFO] ThirdParty:1030 - CMSIS Pack Vendor :STMicroelectronics X-CUBE-AZRTOS-G0 1.1.0
2025-08-07 01:56:33,027 [INFO] ThirdParty:1030 - CMSIS Pack Vendor :STMicroelectronics X-CUBE-SAFEA1 1.2.2
2025-08-07 01:56:33,027 [INFO] ThirdParty:1030 - CMSIS Pack Vendor :STMicroelectronics X-CUBE-NFC4 3.0.0
2025-08-07 01:56:33,027 [INFO] ThirdParty:1030 - CMSIS Pack Vendor :STMicroelectronics X-CUBE-SUBG2 5.0.0
2025-08-07 01:56:33,027 [INFO] ThirdParty:1030 - CMSIS Pack Vendor :STMicroelectronics X-CUBE-AZRTOS-H7RS 1.1.0
2025-08-07 01:56:33,027 [INFO] ThirdParty:1030 - CMSIS Pack Vendor :STMicroelectronics STM32_WPAN 1.0.0
2025-08-07 01:56:33,028 [INFO] ThirdParty:1030 - CMSIS Pack Vendor :EmbeddedOffice I-CUBE-FS-RTOS 1.0.1
2025-08-07 01:56:33,028 [INFO] ThirdParty:1030 - CMSIS Pack Vendor :STMicroelectronics lwIP 2.0.3
2025-08-07 01:56:33,028 [INFO] ThirdParty:1030 - CMSIS Pack Vendor :Cesanta I-CUBE-Mongoose 7.13.0
2025-08-07 01:56:33,028 [INFO] ThirdParty:1030 - CMSIS Pack Vendor :STMicroelectronics USB_HOST 1.0.0
2025-08-07 01:56:33,028 [INFO] ThirdParty:1030 - CMSIS Pack Vendor :STMicroelectronics X-CUBE-AZRTOS-G4 2.0.0
2025-08-07 01:56:33,028 [INFO] ThirdParty:1030 - CMSIS Pack Vendor :STMicroelectronics X-CUBE-WB05N 2.0.0
2025-08-07 01:56:33,028 [INFO] ThirdParty:1030 - CMSIS Pack Vendor :STMicroelectronics PDM2PCM 3.1.0
2025-08-07 01:56:33,028 [INFO] ThirdParty:1030 - CMSIS Pack Vendor :STMicroelectronics X-CUBE-NFC7 2.0.0
2025-08-07 01:56:33,028 [INFO] ThirdParty:1030 - CMSIS Pack Vendor :STMicroelectronics X-CUBE-TCPP 4.2.0
2025-08-07 01:56:33,028 [INFO] ThirdParty:1030 - CMSIS Pack Vendor :RealThread X-CUBE-RT-Thread_Nano 4.1.1
2025-08-07 01:56:33,028 [INFO] ThirdParty:1030 - CMSIS Pack Vendor :STMicroelectronics FP-ATR-SIGFOX1 3.2.0
2025-08-07 01:56:33,028 [INFO] ThirdParty:1030 - CMSIS Pack Vendor :quantropi X-CUBE-qispace-sdk-base 1.9.3
2025-08-07 01:56:33,028 [INFO] ThirdParty:1030 - CMSIS Pack Vendor :STMicroelectronics X-CUBE-EEPRMA1 5.1.0
2025-08-07 01:56:33,028 [INFO] ThirdParty:1030 - CMSIS Pack Vendor :STMicroelectronics MBEDTLS 2.16.2
2025-08-07 01:56:33,029 [INFO] ThirdParty:1030 - CMSIS Pack Vendor :STMicroelectronics X-CUBE-IPS 3.1.0
2025-08-07 01:56:33,029 [INFO] ThirdParty:1030 - CMSIS Pack Vendor :STMicroelectronics X-CUBE-ALS 1.0.2
2025-08-07 01:56:33,029 [INFO] ThirdParty:1030 - CMSIS Pack Vendor :STMicroelectronics X-CUBE-MEMS1 10.0.0
2025-08-07 01:56:33,029 [INFO] ThirdParty:1030 - CMSIS Pack Vendor :wolfSSL I-CUBE-wolfSSL 5.7.4
2025-08-07 01:56:33,029 [INFO] ThirdParty:1030 - CMSIS Pack Vendor :ITTIA_DB I-CUBE-ITTIADB 8.9.0
2025-08-07 01:56:33,029 [INFO] ThirdParty:1030 - CMSIS Pack Vendor :STMicroelectronics X-CUBE-TOUCHGFX 4.24.2
2025-08-07 01:56:33,029 [INFO] ThirdParty:1030 - CMSIS Pack Vendor :wolfSSL I-CUBE-wolfTPM 3.4.0
2025-08-07 01:56:33,029 [INFO] ThirdParty:1030 - CMSIS Pack Vendor :portGmbH I-Cube-SoM-uGOAL 1.1.0
2025-08-07 01:56:33,029 [INFO] ThirdParty:1030 - CMSIS Pack Vendor :STMicroelectronics X-CUBE-ST67W61 1.0.0
2025-08-07 01:56:33,029 [INFO] ThirdParty:1030 - CMSIS Pack Vendor :STMicroelectronics X-CUBE-AI 10.2.0
2025-08-07 01:56:33,029 [INFO] ThirdParty:1030 - CMSIS Pack Vendor :STMicroelectronics ThreadX 1.0.0
2025-08-07 01:56:33,029 [INFO] ThirdParty:1030 - CMSIS Pack Vendor :SEGGER I-CUBE-embOS 1.3.1
2025-08-07 01:56:33,029 [INFO] ThirdParty:1030 - CMSIS Pack Vendor :STMicroelectronics X-CUBE-ALGOBUILD 1.4.0
2025-08-07 01:56:33,029 [INFO] ThirdParty:1030 - CMSIS Pack Vendor :STMicroelectronics X-CUBE-MEMS1 11.3.0
2025-08-07 01:56:33,029 [INFO] ThirdParty:1030 - CMSIS Pack Vendor :STMicroelectronics X-CUBE-AZRTOS-H7RS 1.0.0
2025-08-07 01:56:33,029 [INFO] ThirdParty:1030 - CMSIS Pack Vendor :STMicroelectronics X-CUBE-TOF1 3.4.2
2025-08-07 01:56:33,029 [INFO] ThirdParty:1030 - CMSIS Pack Vendor :STMicroelectronics X-CUBE-TOF1 3.4.3
2025-08-07 01:56:33,029 [INFO] ThirdParty:1030 - CMSIS Pack Vendor :STMicroelectronics X-CUBE-AI 9.1.0
2025-08-07 01:56:33,030 [INFO] ThirdParty:1030 - CMSIS Pack Vendor :wolfSSL I-CUBE-wolfSSH 1.4.17
2025-08-07 01:56:33,030 [INFO] ThirdParty:841 - exiting critical section [change project]
2025-08-07 01:56:33,473 [ERROR] LogOutputStream:75 - [STDERR_REDIRECT] [Fatal Error] :1:1: Premature end of file.
2025-08-07 01:56:33,473 [ERROR] LogOutputStream:75 - [STDERR_REDIRECT] 
2025-08-07 01:56:33,655 [INFO] PinOutPanel:1589 - setPackage(No Configuration,No Configuration)
2025-08-07 01:56:33,656 [INFO] PinOutPanel:1589 - setPackage(STM32G474RETx,LQFP64)
2025-08-07 01:56:34,132 [INFO] UtilMem:75 - Before build in PCC Used Memory: 477121680 Bytes (1073741824)
2025-08-07 01:56:34,474 [ERROR] LogOutputStream:75 - [STDERR_REDIRECT] [Fatal Error] :1:1: Premature end of file.
2025-08-07 01:56:34,475 [ERROR] LogOutputStream:75 - [STDERR_REDIRECT] 
2025-08-07 01:56:34,644 [INFO] UtilMem:75 - After build in PCC Used Memory: 579882128 Bytes (1073741824)
2025-08-07 01:56:34,676 [INFO] IPUIPlugin:80 - create IPUIPlugin
2025-08-07 01:56:34,677 [INFO] IPUIPlugin:80 - create IPUIPlugin
2025-08-07 01:56:34,677 [INFO] IPUIPlugin:80 - create IPUIPlugin
2025-08-07 01:56:34,677 [INFO] IPUIPlugin:80 - create IPUIPlugin
2025-08-07 01:56:34,677 [INFO] IPUIPlugin:80 - create IPUIPlugin
2025-08-07 01:56:34,677 [INFO] IPUIPlugin:80 - create IPUIPlugin
2025-08-07 01:56:34,677 [INFO] IPUIPlugin:80 - create IPUIPlugin
2025-08-07 01:56:34,677 [INFO] IPUIPlugin:80 - create IPUIPlugin
2025-08-07 01:56:34,677 [INFO] IPUIPlugin:80 - create IPUIPlugin
2025-08-07 01:56:34,677 [INFO] IPUIPlugin:80 - create IPUIPlugin
2025-08-07 01:56:34,677 [INFO] IPUIPlugin:80 - create IPUIPlugin
2025-08-07 01:56:34,677 [INFO] IPUIPlugin:80 - create IPUIPlugin
2025-08-07 01:56:34,677 [INFO] IPUIPlugin:80 - create IPUIPlugin
2025-08-07 01:56:34,678 [INFO] IPUIPlugin:80 - create IPUIPlugin
2025-08-07 01:56:34,678 [INFO] IPUIPlugin:80 - create IPUIPlugin
2025-08-07 01:56:34,678 [INFO] IPUIPlugin:80 - create IPUIPlugin
2025-08-07 01:56:34,678 [INFO] IPUIPlugin:80 - create IPUIPlugin
2025-08-07 01:56:34,678 [INFO] IPUIPlugin:80 - create IPUIPlugin
2025-08-07 01:56:34,678 [INFO] IPUIPlugin:80 - create IPUIPlugin
2025-08-07 01:56:34,679 [INFO] IPUIPlugin:80 - create IPUIPlugin
2025-08-07 01:56:34,679 [INFO] IPUIPlugin:80 - create IPUIPlugin
2025-08-07 01:56:34,679 [INFO] IPUIPlugin:80 - create IPUIPlugin
2025-08-07 01:56:34,679 [INFO] IPUIPlugin:80 - create IPUIPlugin
2025-08-07 01:56:34,679 [INFO] IPUIPlugin:80 - create IPUIPlugin
2025-08-07 01:56:34,679 [INFO] IPUIPlugin:80 - create IPUIPlugin
2025-08-07 01:56:34,679 [INFO] IPUIPlugin:80 - create IPUIPlugin
2025-08-07 01:56:34,679 [INFO] IPUIPlugin:80 - create IPUIPlugin
2025-08-07 01:56:34,680 [INFO] IPUIPlugin:80 - create IPUIPlugin
2025-08-07 01:56:34,680 [INFO] IPUIPlugin:80 - create IPUIPlugin
2025-08-07 01:56:34,680 [INFO] IPUIPlugin:80 - create IPUIPlugin
2025-08-07 01:56:34,680 [INFO] IPUIPlugin:80 - create IPUIPlugin
2025-08-07 01:56:34,680 [INFO] IPUIPlugin:80 - create IPUIPlugin
2025-08-07 01:56:34,680 [INFO] IPUIPlugin:80 - create IPUIPlugin
2025-08-07 01:56:34,680 [INFO] IPUIPlugin:80 - create IPUIPlugin
2025-08-07 01:56:34,681 [INFO] IPUIPlugin:80 - create IPUIPlugin
2025-08-07 01:56:34,682 [INFO] IPUIPlugin:80 - create IPUIPlugin
2025-08-07 01:56:34,682 [INFO] IPUIPlugin:80 - create IPUIPlugin
2025-08-07 01:56:34,682 [INFO] IPUIPlugin:80 - create IPUIPlugin
2025-08-07 01:56:34,684 [INFO] IPUIPlugin:80 - create IPUIPlugin
2025-08-07 01:56:34,684 [INFO] IPUIPlugin:80 - create IPUIPlugin
2025-08-07 01:56:34,684 [INFO] IPUIPlugin:80 - create IPUIPlugin
2025-08-07 01:56:34,685 [INFO] IPUIPlugin:80 - create IPUIPlugin
2025-08-07 01:56:34,686 [INFO] IPUIPlugin:80 - create IPUIPlugin
2025-08-07 01:56:34,686 [INFO] IPUIPlugin:80 - create IPUIPlugin
2025-08-07 01:56:34,686 [INFO] IPUIPlugin:80 - create IPUIPlugin
2025-08-07 01:56:34,686 [INFO] IPUIPlugin:80 - create IPUIPlugin
2025-08-07 01:56:34,687 [INFO] IPUIPlugin:80 - create IPUIPlugin
2025-08-07 01:56:34,687 [INFO] IPUIPlugin:80 - create IPUIPlugin
2025-08-07 01:56:34,687 [INFO] IPUIPlugin:80 - create IPUIPlugin
2025-08-07 01:56:34,688 [INFO] IPUIPlugin:80 - create IPUIPlugin
2025-08-07 01:56:34,688 [INFO] IPUIPlugin:80 - create IPUIPlugin
2025-08-07 01:56:34,688 [INFO] IPUIPlugin:80 - create IPUIPlugin
2025-08-07 01:56:34,689 [INFO] IPUIPlugin:80 - create IPUIPlugin
2025-08-07 01:56:34,689 [INFO] IPUIPlugin:80 - create IPUIPlugin
2025-08-07 01:56:34,689 [INFO] IPUIPlugin:80 - create IPUIPlugin
2025-08-07 01:56:34,690 [INFO] IPUIPlugin:80 - create IPUIPlugin
2025-08-07 01:56:34,690 [INFO] IPUIPlugin:80 - create IPUIPlugin
2025-08-07 01:56:34,690 [INFO] IPUIPlugin:80 - create IPUIPlugin
2025-08-07 01:56:34,690 [INFO] IPUIPlugin:80 - create IPUIPlugin
2025-08-07 01:56:34,690 [INFO] IPUIPlugin:80 - create IPUIPlugin
2025-08-07 01:56:34,690 [INFO] IPUIPlugin:80 - create IPUIPlugin
2025-08-07 01:56:34,691 [INFO] IPUIPlugin:80 - create IPUIPlugin
2025-08-07 01:56:34,691 [INFO] IPUIPlugin:80 - create IPUIPlugin
2025-08-07 01:56:34,691 [INFO] IPUIPlugin:80 - create IPUIPlugin
2025-08-07 01:56:34,692 [INFO] IPUIPlugin:80 - create IPUIPlugin
2025-08-07 01:56:34,693 [INFO] IPUIPlugin:80 - create IPUIPlugin
2025-08-07 01:56:34,693 [INFO] IPUIPlugin:80 - create IPUIPlugin
2025-08-07 01:56:34,693 [INFO] IPUIPlugin:80 - create IPUIPlugin
2025-08-07 01:56:34,693 [INFO] IPUIPlugin:80 - create IPUIPlugin
2025-08-07 01:56:34,695 [INFO] IPUIPlugin:80 - create IPUIPlugin
2025-08-07 01:56:34,695 [INFO] IPUIPlugin:80 - create IPUIPlugin
2025-08-07 01:56:34,695 [INFO] IPUIPlugin:80 - create IPUIPlugin
2025-08-07 01:56:34,696 [INFO] IPUIPlugin:80 - create IPUIPlugin
2025-08-07 01:56:34,696 [INFO] IPUIPlugin:80 - create IPUIPlugin
2025-08-07 01:56:34,696 [INFO] IPUIPlugin:80 - create IPUIPlugin
2025-08-07 01:56:34,697 [INFO] IPUIPlugin:80 - create IPUIPlugin
2025-08-07 01:56:34,697 [INFO] IPUIPlugin:80 - create IPUIPlugin
2025-08-07 01:56:34,806 [INFO] CADModel:165 - CPN selected for project levelSTM32G474RET6
2025-08-07 01:56:34,806 [INFO] CADModel:114 - Register for checkConnection events
2025-08-07 01:56:34,903 [INFO] OpenFileManager:386 - Restore cursor
2025-08-07 01:56:35,478 [ERROR] LogOutputStream:75 - [STDERR_REDIRECT] [Fatal Error] :1:1: Premature end of file.
2025-08-07 01:56:35,478 [ERROR] LogOutputStream:75 - [STDERR_REDIRECT] 
2025-08-07 01:56:36,464 [ERROR] LogOutputStream:75 - [STDERR_REDIRECT] [Fatal Error] :1:1: Premature end of file.
2025-08-07 01:56:36,464 [ERROR] LogOutputStream:75 - [STDERR_REDIRECT] 
2025-08-07 01:56:37,454 [ERROR] LogOutputStream:75 - [STDERR_REDIRECT] [Fatal Error] :1:1: Premature end of file.
2025-08-07 01:56:37,455 [ERROR] LogOutputStream:75 - [STDERR_REDIRECT] 
2025-08-07 01:56:38,457 [ERROR] LogOutputStream:75 - [STDERR_REDIRECT] [Fatal Error] :1:1: Premature end of file.
2025-08-07 01:56:38,457 [ERROR] LogOutputStream:75 - [STDERR_REDIRECT] 
2025-08-07 01:56:39,455 [ERROR] LogOutputStream:75 - [STDERR_REDIRECT] [Fatal Error] :1:1: Premature end of file.
2025-08-07 01:56:39,455 [ERROR] LogOutputStream:75 - [STDERR_REDIRECT] 
2025-08-07 01:56:40,455 [ERROR] LogOutputStream:75 - [STDERR_REDIRECT] [Fatal Error] :1:1: Premature end of file.
2025-08-07 01:56:40,455 [ERROR] LogOutputStream:75 - [STDERR_REDIRECT] 
2025-08-07 01:56:41,454 [ERROR] LogOutputStream:75 - [STDERR_REDIRECT] [Fatal Error] :1:1: Premature end of file.
2025-08-07 01:56:41,454 [ERROR] LogOutputStream:75 - [STDERR_REDIRECT] 
2025-08-07 01:56:42,455 [ERROR] LogOutputStream:75 - [STDERR_REDIRECT] [Fatal Error] :1:1: Premature end of file.
2025-08-07 01:56:42,455 [ERROR] LogOutputStream:75 - [STDERR_REDIRECT] 
2025-08-07 01:56:43,455 [ERROR] LogOutputStream:75 - [STDERR_REDIRECT] [Fatal Error] :1:1: Premature end of file.
2025-08-07 01:56:43,455 [ERROR] LogOutputStream:75 - [STDERR_REDIRECT] 
2025-08-07 01:56:44,471 [ERROR] LogOutputStream:75 - [STDERR_REDIRECT] [Fatal Error] :1:1: Premature end of file.
2025-08-07 01:56:44,471 [ERROR] LogOutputStream:75 - [STDERR_REDIRECT] 
2025-08-07 01:56:45,458 [ERROR] LogOutputStream:75 - [STDERR_REDIRECT] [Fatal Error] :1:1: Premature end of file.
2025-08-07 01:56:45,458 [ERROR] LogOutputStream:75 - [STDERR_REDIRECT] 
2025-08-07 01:56:46,466 [ERROR] LogOutputStream:75 - [STDERR_REDIRECT] [Fatal Error] :1:1: Premature end of file.
2025-08-07 01:56:46,466 [ERROR] LogOutputStream:75 - [STDERR_REDIRECT] 
2025-08-07 01:56:47,479 [ERROR] LogOutputStream:75 - [STDERR_REDIRECT] [Fatal Error] :1:1: Premature end of file.
2025-08-07 01:56:47,479 [ERROR] LogOutputStream:75 - [STDERR_REDIRECT] 
2025-08-07 01:56:48,456 [ERROR] LogOutputStream:75 - [STDERR_REDIRECT] [Fatal Error] :1:1: Premature end of file.
2025-08-07 01:56:48,456 [ERROR] LogOutputStream:75 - [STDERR_REDIRECT] 
2025-08-07 01:56:49,461 [ERROR] LogOutputStream:75 - [STDERR_REDIRECT] [Fatal Error] :1:1: Premature end of file.
2025-08-07 01:56:49,461 [ERROR] LogOutputStream:75 - [STDERR_REDIRECT] 
2025-08-07 01:56:50,460 [ERROR] LogOutputStream:75 - [STDERR_REDIRECT] [Fatal Error] :1:1: Premature end of file.
2025-08-07 01:56:50,460 [ERROR] LogOutputStream:75 - [STDERR_REDIRECT] 
2025-08-07 01:56:51,458 [ERROR] LogOutputStream:75 - [STDERR_REDIRECT] [Fatal Error] :1:1: Premature end of file.
2025-08-07 01:56:51,458 [ERROR] LogOutputStream:75 - [STDERR_REDIRECT] 
2025-08-07 01:56:52,460 [ERROR] LogOutputStream:75 - [STDERR_REDIRECT] [Fatal Error] :1:1: Premature end of file.
2025-08-07 01:56:52,460 [ERROR] LogOutputStream:75 - [STDERR_REDIRECT] 
2025-08-07 01:56:53,455 [ERROR] LogOutputStream:75 - [STDERR_REDIRECT] [Fatal Error] :1:1: Premature end of file.
2025-08-07 01:56:53,455 [ERROR] LogOutputStream:75 - [STDERR_REDIRECT] 
2025-08-07 01:56:54,461 [ERROR] LogOutputStream:75 - [STDERR_REDIRECT] [Fatal Error] :1:1: Premature end of file.
2025-08-07 01:56:54,461 [ERROR] LogOutputStream:75 - [STDERR_REDIRECT] 
2025-08-07 01:56:55,458 [ERROR] LogOutputStream:75 - [STDERR_REDIRECT] [Fatal Error] :1:1: Premature end of file.
2025-08-07 01:56:55,458 [ERROR] LogOutputStream:75 - [STDERR_REDIRECT] 
2025-08-07 01:56:56,457 [ERROR] LogOutputStream:75 - [STDERR_REDIRECT] [Fatal Error] :1:1: Premature end of file.
2025-08-07 01:56:56,457 [ERROR] LogOutputStream:75 - [STDERR_REDIRECT] 
2025-08-07 01:56:57,456 [ERROR] LogOutputStream:75 - [STDERR_REDIRECT] [Fatal Error] :1:1: Premature end of file.
2025-08-07 01:56:57,456 [ERROR] LogOutputStream:75 - [STDERR_REDIRECT] 
2025-08-07 01:56:58,455 [ERROR] LogOutputStream:75 - [STDERR_REDIRECT] [Fatal Error] :1:1: Premature end of file.
2025-08-07 01:56:58,455 [ERROR] LogOutputStream:75 - [STDERR_REDIRECT] 
2025-08-07 01:56:59,457 [ERROR] LogOutputStream:75 - [STDERR_REDIRECT] [Fatal Error] :1:1: Premature end of file.
2025-08-07 01:56:59,457 [ERROR] LogOutputStream:75 - [STDERR_REDIRECT] 
2025-08-07 01:57:00,462 [ERROR] LogOutputStream:75 - [STDERR_REDIRECT] [Fatal Error] :1:1: Premature end of file.
2025-08-07 01:57:00,462 [ERROR] LogOutputStream:75 - [STDERR_REDIRECT] 
2025-08-07 01:57:01,458 [ERROR] LogOutputStream:75 - [STDERR_REDIRECT] [Fatal Error] :1:1: Premature end of file.
2025-08-07 01:57:01,459 [ERROR] LogOutputStream:75 - [STDERR_REDIRECT] 
2025-08-07 01:57:02,456 [ERROR] LogOutputStream:75 - [STDERR_REDIRECT] [Fatal Error] :1:1: Premature end of file.
2025-08-07 01:57:02,456 [ERROR] LogOutputStream:75 - [STDERR_REDIRECT] 
2025-08-07 01:57:03,455 [ERROR] LogOutputStream:75 - [STDERR_REDIRECT] [Fatal Error] :1:1: Premature end of file.
2025-08-07 01:57:03,455 [ERROR] LogOutputStream:75 - [STDERR_REDIRECT] 
2025-08-07 01:57:04,454 [ERROR] LogOutputStream:75 - [STDERR_REDIRECT] [Fatal Error] :1:1: Premature end of file.
2025-08-07 01:57:04,454 [ERROR] LogOutputStream:75 - [STDERR_REDIRECT] 
2025-08-07 01:57:05,456 [ERROR] LogOutputStream:75 - [STDERR_REDIRECT] [Fatal Error] :1:1: Premature end of file.
2025-08-07 01:57:05,456 [ERROR] LogOutputStream:75 - [STDERR_REDIRECT] 
2025-08-07 01:57:06,465 [ERROR] LogOutputStream:75 - [STDERR_REDIRECT] [Fatal Error] :1:1: Premature end of file.
2025-08-07 01:57:06,465 [ERROR] LogOutputStream:75 - [STDERR_REDIRECT] 
2025-08-07 01:57:07,453 [ERROR] LogOutputStream:75 - [STDERR_REDIRECT] [Fatal Error] :1:1: Premature end of file.
2025-08-07 01:57:07,454 [ERROR] LogOutputStream:75 - [STDERR_REDIRECT] 
2025-08-07 01:57:08,455 [ERROR] LogOutputStream:75 - [STDERR_REDIRECT] [Fatal Error] :1:1: Premature end of file.
2025-08-07 01:57:08,455 [ERROR] LogOutputStream:75 - [STDERR_REDIRECT] 
2025-08-07 01:57:09,460 [ERROR] LogOutputStream:75 - [STDERR_REDIRECT] [Fatal Error] :1:1: Premature end of file.
2025-08-07 01:57:09,460 [ERROR] LogOutputStream:75 - [STDERR_REDIRECT] 
2025-08-07 01:57:10,460 [ERROR] LogOutputStream:75 - [STDERR_REDIRECT] [Fatal Error] :1:1: Premature end of file.
2025-08-07 01:57:10,460 [ERROR] LogOutputStream:75 - [STDERR_REDIRECT] 
2025-08-07 01:57:11,457 [ERROR] LogOutputStream:75 - [STDERR_REDIRECT] [Fatal Error] :1:1: Premature end of file.
2025-08-07 01:57:11,457 [ERROR] LogOutputStream:75 - [STDERR_REDIRECT] 
2025-08-07 01:57:12,465 [ERROR] LogOutputStream:75 - [STDERR_REDIRECT] [Fatal Error] :1:1: Premature end of file.
2025-08-07 01:57:12,465 [ERROR] LogOutputStream:75 - [STDERR_REDIRECT] 
2025-08-07 01:57:13,459 [ERROR] LogOutputStream:75 - [STDERR_REDIRECT] [Fatal Error] :1:1: Premature end of file.
2025-08-07 01:57:13,459 [ERROR] LogOutputStream:75 - [STDERR_REDIRECT] 
2025-08-07 01:57:14,456 [ERROR] LogOutputStream:75 - [STDERR_REDIRECT] [Fatal Error] :1:1: Premature end of file.
2025-08-07 01:57:14,456 [ERROR] LogOutputStream:75 - [STDERR_REDIRECT] 
2025-08-07 01:57:15,455 [ERROR] LogOutputStream:75 - [STDERR_REDIRECT] [Fatal Error] :1:1: Premature end of file.
2025-08-07 01:57:15,455 [ERROR] LogOutputStream:75 - [STDERR_REDIRECT] 
2025-08-07 01:57:16,460 [ERROR] LogOutputStream:75 - [STDERR_REDIRECT] [Fatal Error] :1:1: Premature end of file.
2025-08-07 01:57:16,460 [ERROR] LogOutputStream:75 - [STDERR_REDIRECT] 
2025-08-07 01:57:17,455 [ERROR] LogOutputStream:75 - [STDERR_REDIRECT] [Fatal Error] :1:1: Premature end of file.
2025-08-07 01:57:17,456 [ERROR] LogOutputStream:75 - [STDERR_REDIRECT] 
2025-08-07 01:57:18,465 [ERROR] LogOutputStream:75 - [STDERR_REDIRECT] [Fatal Error] :1:1: Premature end of file.
2025-08-07 01:57:18,465 [ERROR] LogOutputStream:75 - [STDERR_REDIRECT] 
2025-08-07 01:57:19,455 [ERROR] LogOutputStream:75 - [STDERR_REDIRECT] [Fatal Error] :1:1: Premature end of file.
2025-08-07 01:57:19,455 [ERROR] LogOutputStream:75 - [STDERR_REDIRECT] 
2025-08-07 01:57:20,457 [ERROR] LogOutputStream:75 - [STDERR_REDIRECT] [Fatal Error] :1:1: Premature end of file.
2025-08-07 01:57:20,458 [ERROR] LogOutputStream:75 - [STDERR_REDIRECT] 
2025-08-07 01:57:21,455 [ERROR] LogOutputStream:75 - [STDERR_REDIRECT] [Fatal Error] :1:1: Premature end of file.
2025-08-07 01:57:21,455 [ERROR] LogOutputStream:75 - [STDERR_REDIRECT] 
2025-08-07 01:57:22,454 [ERROR] LogOutputStream:75 - [STDERR_REDIRECT] [Fatal Error] :1:1: Premature end of file.
2025-08-07 01:57:22,454 [ERROR] LogOutputStream:75 - [STDERR_REDIRECT] 
2025-08-07 01:57:23,455 [ERROR] LogOutputStream:75 - [STDERR_REDIRECT] [Fatal Error] :1:1: Premature end of file.
2025-08-07 01:57:23,455 [ERROR] LogOutputStream:75 - [STDERR_REDIRECT] 
2025-08-07 01:57:24,455 [ERROR] LogOutputStream:75 - [STDERR_REDIRECT] [Fatal Error] :1:1: Premature end of file.
2025-08-07 01:57:24,455 [ERROR] LogOutputStream:75 - [STDERR_REDIRECT] 
2025-08-07 01:57:25,455 [ERROR] LogOutputStream:75 - [STDERR_REDIRECT] [Fatal Error] :1:1: Premature end of file.
2025-08-07 01:57:25,456 [ERROR] LogOutputStream:75 - [STDERR_REDIRECT] 
2025-08-07 01:57:26,460 [ERROR] LogOutputStream:75 - [STDERR_REDIRECT] [Fatal Error] :1:1: Premature end of file.
2025-08-07 01:57:26,460 [ERROR] LogOutputStream:75 - [STDERR_REDIRECT] 
2025-08-07 01:57:27,463 [ERROR] LogOutputStream:75 - [STDERR_REDIRECT] [Fatal Error] :1:1: Premature end of file.
2025-08-07 01:57:27,463 [ERROR] LogOutputStream:75 - [STDERR_REDIRECT] 
2025-08-07 01:57:28,457 [ERROR] LogOutputStream:75 - [STDERR_REDIRECT] [Fatal Error] :1:1: Premature end of file.
2025-08-07 01:57:28,457 [ERROR] LogOutputStream:75 - [STDERR_REDIRECT] 
2025-08-07 01:57:29,465 [ERROR] LogOutputStream:75 - [STDERR_REDIRECT] [Fatal Error] :1:1: Premature end of file.
2025-08-07 01:57:29,465 [ERROR] LogOutputStream:75 - [STDERR_REDIRECT] 
2025-08-07 01:57:30,460 [ERROR] LogOutputStream:75 - [STDERR_REDIRECT] [Fatal Error] :1:1: Premature end of file.
2025-08-07 01:57:30,460 [ERROR] LogOutputStream:75 - [STDERR_REDIRECT] 
2025-08-07 01:57:31,456 [ERROR] LogOutputStream:75 - [STDERR_REDIRECT] [Fatal Error] :1:1: Premature end of file.
2025-08-07 01:57:31,456 [ERROR] LogOutputStream:75 - [STDERR_REDIRECT] 
2025-08-07 01:57:32,471 [ERROR] LogOutputStream:75 - [STDERR_REDIRECT] [Fatal Error] :1:1: Premature end of file.
2025-08-07 01:57:32,471 [ERROR] LogOutputStream:75 - [STDERR_REDIRECT] 
2025-08-07 01:57:33,457 [ERROR] LogOutputStream:75 - [STDERR_REDIRECT] [Fatal Error] :1:1: Premature end of file.
2025-08-07 01:57:33,457 [ERROR] LogOutputStream:75 - [STDERR_REDIRECT] 
2025-08-07 01:57:34,458 [ERROR] LogOutputStream:75 - [STDERR_REDIRECT] [Fatal Error] :1:1: Premature end of file.
2025-08-07 01:57:34,458 [ERROR] LogOutputStream:75 - [STDERR_REDIRECT] 
2025-08-07 01:57:35,455 [ERROR] LogOutputStream:75 - [STDERR_REDIRECT] [Fatal Error] :1:1: Premature end of file.
2025-08-07 01:57:35,455 [ERROR] LogOutputStream:75 - [STDERR_REDIRECT] 
2025-08-07 01:57:36,455 [ERROR] LogOutputStream:75 - [STDERR_REDIRECT] [Fatal Error] :1:1: Premature end of file.
2025-08-07 01:57:36,455 [ERROR] LogOutputStream:75 - [STDERR_REDIRECT] 
2025-08-07 01:57:37,454 [ERROR] LogOutputStream:75 - [STDERR_REDIRECT] [Fatal Error] :1:1: Premature end of file.
2025-08-07 01:57:37,454 [ERROR] LogOutputStream:75 - [STDERR_REDIRECT] 
2025-08-07 01:57:38,454 [ERROR] LogOutputStream:75 - [STDERR_REDIRECT] [Fatal Error] :1:1: Premature end of file.
2025-08-07 01:57:38,454 [ERROR] LogOutputStream:75 - [STDERR_REDIRECT] 
2025-08-07 01:57:39,467 [ERROR] LogOutputStream:75 - [STDERR_REDIRECT] [Fatal Error] :1:1: Premature end of file.
2025-08-07 01:57:39,468 [ERROR] LogOutputStream:75 - [STDERR_REDIRECT] 
2025-08-07 01:57:40,459 [ERROR] LogOutputStream:75 - [STDERR_REDIRECT] [Fatal Error] :1:1: Premature end of file.
2025-08-07 01:57:40,459 [ERROR] LogOutputStream:75 - [STDERR_REDIRECT] 
2025-08-07 01:57:41,472 [ERROR] LogOutputStream:75 - [STDERR_REDIRECT] [Fatal Error] :1:1: Premature end of file.
2025-08-07 01:57:41,474 [ERROR] LogOutputStream:75 - [STDERR_REDIRECT] 
2025-08-07 01:57:42,462 [ERROR] LogOutputStream:75 - [STDERR_REDIRECT] [Fatal Error] :1:1: Premature end of file.
2025-08-07 01:57:42,462 [ERROR] LogOutputStream:75 - [STDERR_REDIRECT] 
2025-08-07 01:57:43,464 [ERROR] LogOutputStream:75 - [STDERR_REDIRECT] [Fatal Error] :1:1: Premature end of file.
2025-08-07 01:57:43,464 [ERROR] LogOutputStream:75 - [STDERR_REDIRECT] 
2025-08-07 01:57:44,458 [ERROR] LogOutputStream:75 - [STDERR_REDIRECT] [Fatal Error] :1:1: Premature end of file.
2025-08-07 01:57:44,458 [ERROR] LogOutputStream:75 - [STDERR_REDIRECT] 
2025-08-07 01:57:45,453 [ERROR] LogOutputStream:75 - [STDERR_REDIRECT] [Fatal Error] :1:1: Premature end of file.
2025-08-07 01:57:45,453 [ERROR] LogOutputStream:75 - [STDERR_REDIRECT] 
2025-08-07 01:57:46,456 [ERROR] LogOutputStream:75 - [STDERR_REDIRECT] [Fatal Error] :1:1: Premature end of file.
2025-08-07 01:57:46,456 [ERROR] LogOutputStream:75 - [STDERR_REDIRECT] 
2025-08-07 01:57:47,462 [ERROR] LogOutputStream:75 - [STDERR_REDIRECT] [Fatal Error] :1:1: Premature end of file.
2025-08-07 01:57:47,462 [ERROR] LogOutputStream:75 - [STDERR_REDIRECT] 
2025-08-07 01:57:48,454 [ERROR] LogOutputStream:75 - [STDERR_REDIRECT] [Fatal Error] :1:1: Premature end of file.
2025-08-07 01:57:48,454 [ERROR] LogOutputStream:75 - [STDERR_REDIRECT] 
2025-08-07 01:57:49,455 [ERROR] LogOutputStream:75 - [STDERR_REDIRECT] [Fatal Error] :1:1: Premature end of file.
2025-08-07 01:57:49,455 [ERROR] LogOutputStream:75 - [STDERR_REDIRECT] 
2025-08-07 01:57:50,461 [ERROR] LogOutputStream:75 - [STDERR_REDIRECT] [Fatal Error] :1:1: Premature end of file.
2025-08-07 01:57:50,461 [ERROR] LogOutputStream:75 - [STDERR_REDIRECT] 
2025-08-07 01:57:51,456 [ERROR] LogOutputStream:75 - [STDERR_REDIRECT] [Fatal Error] :1:1: Premature end of file.
2025-08-07 01:57:51,456 [ERROR] LogOutputStream:75 - [STDERR_REDIRECT] 
2025-08-07 01:57:52,462 [ERROR] LogOutputStream:75 - [STDERR_REDIRECT] [Fatal Error] :1:1: Premature end of file.
2025-08-07 01:57:52,462 [ERROR] LogOutputStream:75 - [STDERR_REDIRECT] 
2025-08-07 01:57:53,461 [ERROR] LogOutputStream:75 - [STDERR_REDIRECT] [Fatal Error] :1:1: Premature end of file.
2025-08-07 01:57:53,461 [ERROR] LogOutputStream:75 - [STDERR_REDIRECT] 
2025-08-07 01:57:54,462 [ERROR] LogOutputStream:75 - [STDERR_REDIRECT] [Fatal Error] :1:1: Premature end of file.
2025-08-07 01:57:54,462 [ERROR] LogOutputStream:75 - [STDERR_REDIRECT] 
2025-08-07 01:57:55,461 [ERROR] LogOutputStream:75 - [STDERR_REDIRECT] [Fatal Error] :1:1: Premature end of file.
2025-08-07 01:57:55,461 [ERROR] LogOutputStream:75 - [STDERR_REDIRECT] 
2025-08-07 01:57:56,470 [ERROR] LogOutputStream:75 - [STDERR_REDIRECT] [Fatal Error] :1:1: Premature end of file.
2025-08-07 01:57:56,471 [ERROR] LogOutputStream:75 - [STDERR_REDIRECT] 
2025-08-07 01:57:57,458 [ERROR] LogOutputStream:75 - [STDERR_REDIRECT] [Fatal Error] :1:1: Premature end of file.
2025-08-07 01:57:57,458 [ERROR] LogOutputStream:75 - [STDERR_REDIRECT] 
2025-08-07 01:57:58,466 [ERROR] LogOutputStream:75 - [STDERR_REDIRECT] [Fatal Error] :1:1: Premature end of file.
2025-08-07 01:57:58,466 [ERROR] LogOutputStream:75 - [STDERR_REDIRECT] 
2025-08-07 01:57:59,460 [ERROR] LogOutputStream:75 - [STDERR_REDIRECT] [Fatal Error] :1:1: Premature end of file.
2025-08-07 01:57:59,460 [ERROR] LogOutputStream:75 - [STDERR_REDIRECT] 
2025-08-07 01:58:00,463 [ERROR] LogOutputStream:75 - [STDERR_REDIRECT] [Fatal Error] :1:1: Premature end of file.
2025-08-07 01:58:00,464 [ERROR] LogOutputStream:75 - [STDERR_REDIRECT] 
2025-08-07 01:58:01,488 [ERROR] LogOutputStream:75 - [STDERR_REDIRECT] [Fatal Error] :1:1: Premature end of file.
2025-08-07 01:58:01,489 [ERROR] LogOutputStream:75 - [STDERR_REDIRECT] 
2025-08-07 01:58:02,467 [ERROR] LogOutputStream:75 - [STDERR_REDIRECT] [Fatal Error] :1:1: Premature end of file.
2025-08-07 01:58:02,467 [ERROR] LogOutputStream:75 - [STDERR_REDIRECT] 
2025-08-07 01:58:03,466 [ERROR] LogOutputStream:75 - [STDERR_REDIRECT] [Fatal Error] :1:1: Premature end of file.
2025-08-07 01:58:03,467 [ERROR] LogOutputStream:75 - [STDERR_REDIRECT] 
2025-08-07 01:58:04,460 [ERROR] LogOutputStream:75 - [STDERR_REDIRECT] [Fatal Error] :1:1: Premature end of file.
2025-08-07 01:58:04,460 [ERROR] LogOutputStream:75 - [STDERR_REDIRECT] 
2025-08-07 01:58:05,459 [ERROR] LogOutputStream:75 - [STDERR_REDIRECT] [Fatal Error] :1:1: Premature end of file.
2025-08-07 01:58:05,459 [ERROR] LogOutputStream:75 - [STDERR_REDIRECT] 
2025-08-07 01:58:06,493 [ERROR] LogOutputStream:75 - [STDERR_REDIRECT] [Fatal Error] :1:1: Premature end of file.
2025-08-07 01:58:06,494 [ERROR] LogOutputStream:75 - [STDERR_REDIRECT] 
2025-08-07 01:58:07,459 [ERROR] LogOutputStream:75 - [STDERR_REDIRECT] [Fatal Error] :1:1: Premature end of file.
2025-08-07 01:58:07,459 [ERROR] LogOutputStream:75 - [STDERR_REDIRECT] 
2025-08-07 01:58:08,457 [ERROR] LogOutputStream:75 - [STDERR_REDIRECT] [Fatal Error] :1:1: Premature end of file.
2025-08-07 01:58:08,457 [ERROR] LogOutputStream:75 - [STDERR_REDIRECT] 
2025-08-07 01:58:09,461 [ERROR] LogOutputStream:75 - [STDERR_REDIRECT] [Fatal Error] :1:1: Premature end of file.
2025-08-07 01:58:09,462 [ERROR] LogOutputStream:75 - [STDERR_REDIRECT] 
2025-08-07 01:58:10,455 [ERROR] LogOutputStream:75 - [STDERR_REDIRECT] [Fatal Error] :1:1: Premature end of file.
2025-08-07 01:58:10,455 [ERROR] LogOutputStream:75 - [STDERR_REDIRECT] 
2025-08-07 01:58:11,455 [ERROR] LogOutputStream:75 - [STDERR_REDIRECT] [Fatal Error] :1:1: Premature end of file.
2025-08-07 01:58:11,455 [ERROR] LogOutputStream:75 - [STDERR_REDIRECT] 
2025-08-07 01:58:12,453 [ERROR] LogOutputStream:75 - [STDERR_REDIRECT] [Fatal Error] :1:1: Premature end of file.
2025-08-07 01:58:12,453 [ERROR] LogOutputStream:75 - [STDERR_REDIRECT] 
2025-08-07 01:58:13,453 [ERROR] LogOutputStream:75 - [STDERR_REDIRECT] [Fatal Error] :1:1: Premature end of file.
2025-08-07 01:58:13,453 [ERROR] LogOutputStream:75 - [STDERR_REDIRECT] 
2025-08-07 01:58:14,455 [ERROR] LogOutputStream:75 - [STDERR_REDIRECT] [Fatal Error] :1:1: Premature end of file.
2025-08-07 01:58:14,455 [ERROR] LogOutputStream:75 - [STDERR_REDIRECT] 
2025-08-07 01:58:15,456 [ERROR] LogOutputStream:75 - [STDERR_REDIRECT] [Fatal Error] :1:1: Premature end of file.
2025-08-07 01:58:15,456 [ERROR] LogOutputStream:75 - [STDERR_REDIRECT] 
2025-08-07 01:58:16,468 [ERROR] LogOutputStream:75 - [STDERR_REDIRECT] [Fatal Error] :1:1: Premature end of file.
2025-08-07 01:58:16,468 [ERROR] LogOutputStream:75 - [STDERR_REDIRECT] 
2025-08-07 01:58:17,458 [ERROR] LogOutputStream:75 - [STDERR_REDIRECT] [Fatal Error] :1:1: Premature end of file.
2025-08-07 01:58:17,458 [ERROR] LogOutputStream:75 - [STDERR_REDIRECT] 
2025-08-07 01:58:18,459 [ERROR] LogOutputStream:75 - [STDERR_REDIRECT] [Fatal Error] :1:1: Premature end of file.
2025-08-07 01:58:18,459 [ERROR] LogOutputStream:75 - [STDERR_REDIRECT] 
2025-08-07 01:58:19,456 [ERROR] LogOutputStream:75 - [STDERR_REDIRECT] [Fatal Error] :1:1: Premature end of file.
2025-08-07 01:58:19,456 [ERROR] LogOutputStream:75 - [STDERR_REDIRECT] 
2025-08-07 01:58:20,473 [ERROR] LogOutputStream:75 - [STDERR_REDIRECT] [Fatal Error] :1:1: Premature end of file.
2025-08-07 01:58:20,473 [ERROR] LogOutputStream:75 - [STDERR_REDIRECT] 
2025-08-07 01:58:21,458 [ERROR] LogOutputStream:75 - [STDERR_REDIRECT] [Fatal Error] :1:1: Premature end of file.
2025-08-07 01:58:21,458 [ERROR] LogOutputStream:75 - [STDERR_REDIRECT] 
2025-08-07 01:58:22,455 [ERROR] LogOutputStream:75 - [STDERR_REDIRECT] [Fatal Error] :1:1: Premature end of file.
2025-08-07 01:58:22,455 [ERROR] LogOutputStream:75 - [STDERR_REDIRECT] 
2025-08-07 01:58:23,457 [ERROR] LogOutputStream:75 - [STDERR_REDIRECT] [Fatal Error] :1:1: Premature end of file.
2025-08-07 01:58:23,457 [ERROR] LogOutputStream:75 - [STDERR_REDIRECT] 
2025-08-07 01:58:24,455 [ERROR] LogOutputStream:75 - [STDERR_REDIRECT] [Fatal Error] :1:1: Premature end of file.
2025-08-07 01:58:24,455 [ERROR] LogOutputStream:75 - [STDERR_REDIRECT] 
2025-08-07 01:58:25,454 [ERROR] LogOutputStream:75 - [STDERR_REDIRECT] [Fatal Error] :1:1: Premature end of file.
2025-08-07 01:58:25,454 [ERROR] LogOutputStream:75 - [STDERR_REDIRECT] 
2025-08-07 01:58:26,457 [ERROR] LogOutputStream:75 - [STDERR_REDIRECT] [Fatal Error] :1:1: Premature end of file.
2025-08-07 01:58:26,457 [ERROR] LogOutputStream:75 - [STDERR_REDIRECT] 
2025-08-07 01:58:27,455 [ERROR] LogOutputStream:75 - [STDERR_REDIRECT] [Fatal Error] :1:1: Premature end of file.
2025-08-07 01:58:27,456 [ERROR] LogOutputStream:75 - [STDERR_REDIRECT] 
2025-08-07 01:58:28,455 [ERROR] LogOutputStream:75 - [STDERR_REDIRECT] [Fatal Error] :1:1: Premature end of file.
2025-08-07 01:58:28,455 [ERROR] LogOutputStream:75 - [STDERR_REDIRECT] 
2025-08-07 01:58:29,456 [ERROR] LogOutputStream:75 - [STDERR_REDIRECT] [Fatal Error] :1:1: Premature end of file.
2025-08-07 01:58:29,456 [ERROR] LogOutputStream:75 - [STDERR_REDIRECT] 
2025-08-07 01:58:30,461 [ERROR] LogOutputStream:75 - [STDERR_REDIRECT] [Fatal Error] :1:1: Premature end of file.
2025-08-07 01:58:30,461 [ERROR] LogOutputStream:75 - [STDERR_REDIRECT] 
2025-08-07 01:58:31,456 [ERROR] LogOutputStream:75 - [STDERR_REDIRECT] [Fatal Error] :1:1: Premature end of file.
2025-08-07 01:58:31,456 [ERROR] LogOutputStream:75 - [STDERR_REDIRECT] 
2025-08-07 01:58:32,465 [ERROR] LogOutputStream:75 - [STDERR_REDIRECT] [Fatal Error] :1:1: Premature end of file.
2025-08-07 01:58:32,465 [ERROR] LogOutputStream:75 - [STDERR_REDIRECT] 
2025-08-07 01:58:33,458 [ERROR] LogOutputStream:75 - [STDERR_REDIRECT] [Fatal Error] :1:1: Premature end of file.
2025-08-07 01:58:33,458 [ERROR] LogOutputStream:75 - [STDERR_REDIRECT] 
2025-08-07 01:58:34,458 [ERROR] LogOutputStream:75 - [STDERR_REDIRECT] [Fatal Error] :1:1: Premature end of file.
2025-08-07 01:58:34,458 [ERROR] LogOutputStream:75 - [STDERR_REDIRECT] 
2025-08-07 01:58:35,460 [ERROR] LogOutputStream:75 - [STDERR_REDIRECT] [Fatal Error] :1:1: Premature end of file.
2025-08-07 01:58:35,460 [ERROR] LogOutputStream:75 - [STDERR_REDIRECT] 
2025-08-07 01:58:36,455 [ERROR] LogOutputStream:75 - [STDERR_REDIRECT] [Fatal Error] :1:1: Premature end of file.
2025-08-07 01:58:36,455 [ERROR] LogOutputStream:75 - [STDERR_REDIRECT] 
2025-08-07 01:58:37,455 [ERROR] LogOutputStream:75 - [STDERR_REDIRECT] [Fatal Error] :1:1: Premature end of file.
2025-08-07 01:58:37,456 [ERROR] LogOutputStream:75 - [STDERR_REDIRECT] 
2025-08-07 01:58:38,455 [ERROR] LogOutputStream:75 - [STDERR_REDIRECT] [Fatal Error] :1:1: Premature end of file.
2025-08-07 01:58:38,455 [ERROR] LogOutputStream:75 - [STDERR_REDIRECT] 
2025-08-07 01:58:39,455 [ERROR] LogOutputStream:75 - [STDERR_REDIRECT] [Fatal Error] :1:1: Premature end of file.
2025-08-07 01:58:39,455 [ERROR] LogOutputStream:75 - [STDERR_REDIRECT] 
2025-08-07 01:58:40,453 [ERROR] LogOutputStream:75 - [STDERR_REDIRECT] [Fatal Error] :1:1: Premature end of file.
2025-08-07 01:58:40,453 [ERROR] LogOutputStream:75 - [STDERR_REDIRECT] 
2025-08-07 01:58:41,454 [ERROR] LogOutputStream:75 - [STDERR_REDIRECT] [Fatal Error] :1:1: Premature end of file.
2025-08-07 01:58:41,455 [ERROR] LogOutputStream:75 - [STDERR_REDIRECT] 
2025-08-07 01:58:42,454 [ERROR] LogOutputStream:75 - [STDERR_REDIRECT] [Fatal Error] :1:1: Premature end of file.
2025-08-07 01:58:42,454 [ERROR] LogOutputStream:75 - [STDERR_REDIRECT] 
2025-08-07 01:58:43,460 [ERROR] LogOutputStream:75 - [STDERR_REDIRECT] [Fatal Error] :1:1: Premature end of file.
2025-08-07 01:58:43,460 [ERROR] LogOutputStream:75 - [STDERR_REDIRECT] 
2025-08-07 01:58:44,457 [ERROR] LogOutputStream:75 - [STDERR_REDIRECT] [Fatal Error] :1:1: Premature end of file.
2025-08-07 01:58:44,457 [ERROR] LogOutputStream:75 - [STDERR_REDIRECT] 
2025-08-07 01:58:45,466 [ERROR] LogOutputStream:75 - [STDERR_REDIRECT] [Fatal Error] :1:1: Premature end of file.
2025-08-07 01:58:45,466 [ERROR] LogOutputStream:75 - [STDERR_REDIRECT] 
2025-08-07 01:58:46,458 [ERROR] LogOutputStream:75 - [STDERR_REDIRECT] [Fatal Error] :1:1: Premature end of file.
2025-08-07 01:58:46,458 [ERROR] LogOutputStream:75 - [STDERR_REDIRECT] 
2025-08-07 01:58:47,457 [ERROR] LogOutputStream:75 - [STDERR_REDIRECT] [Fatal Error] :1:1: Premature end of file.
2025-08-07 01:58:47,457 [ERROR] LogOutputStream:75 - [STDERR_REDIRECT] 
2025-08-07 01:58:48,455 [ERROR] LogOutputStream:75 - [STDERR_REDIRECT] [Fatal Error] :1:1: Premature end of file.
2025-08-07 01:58:48,455 [ERROR] LogOutputStream:75 - [STDERR_REDIRECT] 
2025-08-07 01:58:49,460 [ERROR] LogOutputStream:75 - [STDERR_REDIRECT] [Fatal Error] :1:1: Premature end of file.
2025-08-07 01:58:49,460 [ERROR] LogOutputStream:75 - [STDERR_REDIRECT] 
2025-08-07 01:58:50,455 [ERROR] LogOutputStream:75 - [STDERR_REDIRECT] [Fatal Error] :1:1: Premature end of file.
2025-08-07 01:58:50,455 [ERROR] LogOutputStream:75 - [STDERR_REDIRECT] 
2025-08-07 01:58:51,457 [ERROR] LogOutputStream:75 - [STDERR_REDIRECT] [Fatal Error] :1:1: Premature end of file.
2025-08-07 01:58:51,457 [ERROR] LogOutputStream:75 - [STDERR_REDIRECT] 
2025-08-07 01:58:52,456 [ERROR] LogOutputStream:75 - [STDERR_REDIRECT] [Fatal Error] :1:1: Premature end of file.
2025-08-07 01:58:52,456 [ERROR] LogOutputStream:75 - [STDERR_REDIRECT] 
2025-08-07 01:58:53,467 [ERROR] LogOutputStream:75 - [STDERR_REDIRECT] [Fatal Error] :1:1: Premature end of file.
2025-08-07 01:58:53,467 [ERROR] LogOutputStream:75 - [STDERR_REDIRECT] 
2025-08-07 01:58:54,458 [ERROR] LogOutputStream:75 - [STDERR_REDIRECT] [Fatal Error] :1:1: Premature end of file.
2025-08-07 01:58:54,458 [ERROR] LogOutputStream:75 - [STDERR_REDIRECT] 
2025-08-07 01:58:55,456 [ERROR] LogOutputStream:75 - [STDERR_REDIRECT] [Fatal Error] :1:1: Premature end of file.
2025-08-07 01:58:55,456 [ERROR] LogOutputStream:75 - [STDERR_REDIRECT] 
2025-08-07 01:58:56,457 [ERROR] LogOutputStream:75 - [STDERR_REDIRECT] [Fatal Error] :1:1: Premature end of file.
2025-08-07 01:58:56,457 [ERROR] LogOutputStream:75 - [STDERR_REDIRECT] 
2025-08-07 01:58:57,455 [ERROR] LogOutputStream:75 - [STDERR_REDIRECT] [Fatal Error] :1:1: Premature end of file.
2025-08-07 01:58:57,455 [ERROR] LogOutputStream:75 - [STDERR_REDIRECT] 
2025-08-07 01:58:58,453 [ERROR] LogOutputStream:75 - [STDERR_REDIRECT] [Fatal Error] :1:1: Premature end of file.
2025-08-07 01:58:58,455 [ERROR] LogOutputStream:75 - [STDERR_REDIRECT] 
2025-08-07 01:58:59,456 [ERROR] LogOutputStream:75 - [STDERR_REDIRECT] [Fatal Error] :1:1: Premature end of file.
2025-08-07 01:58:59,456 [ERROR] LogOutputStream:75 - [STDERR_REDIRECT] 
2025-08-07 01:59:00,457 [ERROR] LogOutputStream:75 - [STDERR_REDIRECT] [Fatal Error] :1:1: Premature end of file.
2025-08-07 01:59:00,457 [ERROR] LogOutputStream:75 - [STDERR_REDIRECT] 
2025-08-07 01:59:01,454 [ERROR] LogOutputStream:75 - [STDERR_REDIRECT] [Fatal Error] :1:1: Premature end of file.
2025-08-07 01:59:01,454 [ERROR] LogOutputStream:75 - [STDERR_REDIRECT] 
2025-08-07 01:59:02,455 [ERROR] LogOutputStream:75 - [STDERR_REDIRECT] [Fatal Error] :1:1: Premature end of file.
2025-08-07 01:59:02,455 [ERROR] LogOutputStream:75 - [STDERR_REDIRECT] 
2025-08-07 01:59:03,455 [ERROR] LogOutputStream:75 - [STDERR_REDIRECT] [Fatal Error] :1:1: Premature end of file.
2025-08-07 01:59:03,455 [ERROR] LogOutputStream:75 - [STDERR_REDIRECT] 
2025-08-07 01:59:04,454 [ERROR] LogOutputStream:75 - [STDERR_REDIRECT] [Fatal Error] :1:1: Premature end of file.
2025-08-07 01:59:04,455 [ERROR] LogOutputStream:75 - [STDERR_REDIRECT] 
2025-08-07 01:59:05,456 [ERROR] LogOutputStream:75 - [STDERR_REDIRECT] [Fatal Error] :1:1: Premature end of file.
2025-08-07 01:59:05,457 [ERROR] LogOutputStream:75 - [STDERR_REDIRECT] 
2025-08-07 01:59:06,464 [ERROR] LogOutputStream:75 - [STDERR_REDIRECT] [Fatal Error] :1:1: Premature end of file.
2025-08-07 01:59:06,464 [ERROR] LogOutputStream:75 - [STDERR_REDIRECT] 
2025-08-07 01:59:07,453 [ERROR] LogOutputStream:75 - [STDERR_REDIRECT] [Fatal Error] :1:1: Premature end of file.
2025-08-07 01:59:07,453 [ERROR] LogOutputStream:75 - [STDERR_REDIRECT] 
2025-08-07 01:59:08,465 [ERROR] LogOutputStream:75 - [STDERR_REDIRECT] [Fatal Error] :1:1: Premature end of file.
2025-08-07 01:59:08,465 [ERROR] LogOutputStream:75 - [STDERR_REDIRECT] 
2025-08-07 01:59:09,458 [ERROR] LogOutputStream:75 - [STDERR_REDIRECT] [Fatal Error] :1:1: Premature end of file.
2025-08-07 01:59:09,458 [ERROR] LogOutputStream:75 - [STDERR_REDIRECT] 
2025-08-07 01:59:10,453 [ERROR] LogOutputStream:75 - [STDERR_REDIRECT] [Fatal Error] :1:1: Premature end of file.
2025-08-07 01:59:10,453 [ERROR] LogOutputStream:75 - [STDERR_REDIRECT] 
2025-08-07 01:59:11,456 [ERROR] LogOutputStream:75 - [STDERR_REDIRECT] [Fatal Error] :1:1: Premature end of file.
2025-08-07 01:59:11,456 [ERROR] LogOutputStream:75 - [STDERR_REDIRECT] 
2025-08-07 01:59:12,456 [ERROR] LogOutputStream:75 - [STDERR_REDIRECT] [Fatal Error] :1:1: Premature end of file.
2025-08-07 01:59:12,456 [ERROR] LogOutputStream:75 - [STDERR_REDIRECT] 
2025-08-07 01:59:13,457 [ERROR] LogOutputStream:75 - [STDERR_REDIRECT] [Fatal Error] :1:1: Premature end of file.
2025-08-07 01:59:13,457 [ERROR] LogOutputStream:75 - [STDERR_REDIRECT] 
2025-08-07 01:59:14,455 [ERROR] LogOutputStream:75 - [STDERR_REDIRECT] [Fatal Error] :1:1: Premature end of file.
2025-08-07 01:59:14,455 [ERROR] LogOutputStream:75 - [STDERR_REDIRECT] 
2025-08-07 01:59:15,455 [ERROR] LogOutputStream:75 - [STDERR_REDIRECT] [Fatal Error] :1:1: Premature end of file.
2025-08-07 01:59:15,455 [ERROR] LogOutputStream:75 - [STDERR_REDIRECT] 
2025-08-07 01:59:16,454 [ERROR] LogOutputStream:75 - [STDERR_REDIRECT] [Fatal Error] :1:1: Premature end of file.
2025-08-07 01:59:16,454 [ERROR] LogOutputStream:75 - [STDERR_REDIRECT] 
2025-08-07 01:59:17,455 [ERROR] LogOutputStream:75 - [STDERR_REDIRECT] [Fatal Error] :1:1: Premature end of file.
2025-08-07 01:59:17,455 [ERROR] LogOutputStream:75 - [STDERR_REDIRECT] 
2025-08-07 01:59:18,462 [ERROR] LogOutputStream:75 - [STDERR_REDIRECT] [Fatal Error] :1:1: Premature end of file.
2025-08-07 01:59:18,462 [ERROR] LogOutputStream:75 - [STDERR_REDIRECT] 
2025-08-07 01:59:19,456 [ERROR] LogOutputStream:75 - [STDERR_REDIRECT] [Fatal Error] :1:1: Premature end of file.
2025-08-07 01:59:19,456 [ERROR] LogOutputStream:75 - [STDERR_REDIRECT] 
2025-08-07 01:59:20,458 [ERROR] LogOutputStream:75 - [STDERR_REDIRECT] [Fatal Error] :1:1: Premature end of file.
2025-08-07 01:59:20,458 [ERROR] LogOutputStream:75 - [STDERR_REDIRECT] 
2025-08-07 01:59:21,455 [ERROR] LogOutputStream:75 - [STDERR_REDIRECT] [Fatal Error] :1:1: Premature end of file.
2025-08-07 01:59:21,455 [ERROR] LogOutputStream:75 - [STDERR_REDIRECT] 
2025-08-07 01:59:22,456 [ERROR] LogOutputStream:75 - [STDERR_REDIRECT] [Fatal Error] :1:1: Premature end of file.
2025-08-07 01:59:22,456 [ERROR] LogOutputStream:75 - [STDERR_REDIRECT] 
2025-08-07 01:59:23,456 [ERROR] LogOutputStream:75 - [STDERR_REDIRECT] [Fatal Error] :1:1: Premature end of file.
2025-08-07 01:59:23,456 [ERROR] LogOutputStream:75 - [STDERR_REDIRECT] 
2025-08-07 01:59:24,454 [ERROR] LogOutputStream:75 - [STDERR_REDIRECT] [Fatal Error] :1:1: Premature end of file.
2025-08-07 01:59:24,454 [ERROR] LogOutputStream:75 - [STDERR_REDIRECT] 
2025-08-07 01:59:25,461 [ERROR] LogOutputStream:75 - [STDERR_REDIRECT] [Fatal Error] :1:1: Premature end of file.
2025-08-07 01:59:25,461 [ERROR] LogOutputStream:75 - [STDERR_REDIRECT] 
2025-08-07 01:59:26,456 [ERROR] LogOutputStream:75 - [STDERR_REDIRECT] [Fatal Error] :1:1: Premature end of file.
2025-08-07 01:59:26,456 [ERROR] LogOutputStream:75 - [STDERR_REDIRECT] 
2025-08-07 01:59:27,455 [ERROR] LogOutputStream:75 - [STDERR_REDIRECT] [Fatal Error] :1:1: Premature end of file.
2025-08-07 01:59:27,456 [ERROR] LogOutputStream:75 - [STDERR_REDIRECT] 
2025-08-07 01:59:28,456 [ERROR] LogOutputStream:75 - [STDERR_REDIRECT] [Fatal Error] :1:1: Premature end of file.
2025-08-07 01:59:28,457 [ERROR] LogOutputStream:75 - [STDERR_REDIRECT] 
2025-08-07 01:59:29,455 [ERROR] LogOutputStream:75 - [STDERR_REDIRECT] [Fatal Error] :1:1: Premature end of file.
2025-08-07 01:59:29,455 [ERROR] LogOutputStream:75 - [STDERR_REDIRECT] 
2025-08-07 01:59:30,455 [ERROR] LogOutputStream:75 - [STDERR_REDIRECT] [Fatal Error] :1:1: Premature end of file.
2025-08-07 01:59:30,455 [ERROR] LogOutputStream:75 - [STDERR_REDIRECT] 
2025-08-07 01:59:31,453 [ERROR] LogOutputStream:75 - [STDERR_REDIRECT] [Fatal Error] :1:1: Premature end of file.
2025-08-07 01:59:31,454 [ERROR] LogOutputStream:75 - [STDERR_REDIRECT] 
2025-08-07 01:59:32,455 [ERROR] LogOutputStream:75 - [STDERR_REDIRECT] [Fatal Error] :1:1: Premature end of file.
2025-08-07 01:59:32,455 [ERROR] LogOutputStream:75 - [STDERR_REDIRECT] 
2025-08-07 01:59:33,452 [ERROR] LogOutputStream:75 - [STDERR_REDIRECT] [Fatal Error] :1:1: Premature end of file.
2025-08-07 01:59:33,452 [ERROR] LogOutputStream:75 - [STDERR_REDIRECT] 
2025-08-07 01:59:34,457 [ERROR] LogOutputStream:75 - [STDERR_REDIRECT] [Fatal Error] :1:1: Premature end of file.
2025-08-07 01:59:34,457 [ERROR] LogOutputStream:75 - [STDERR_REDIRECT] 
2025-08-07 01:59:35,455 [ERROR] LogOutputStream:75 - [STDERR_REDIRECT] [Fatal Error] :1:1: Premature end of file.
2025-08-07 01:59:35,455 [ERROR] LogOutputStream:75 - [STDERR_REDIRECT] 
2025-08-07 01:59:36,455 [ERROR] LogOutputStream:75 - [STDERR_REDIRECT] [Fatal Error] :1:1: Premature end of file.
2025-08-07 01:59:36,455 [ERROR] LogOutputStream:75 - [STDERR_REDIRECT] 
2025-08-07 01:59:37,460 [ERROR] LogOutputStream:75 - [STDERR_REDIRECT] [Fatal Error] :1:1: Premature end of file.
2025-08-07 01:59:37,460 [ERROR] LogOutputStream:75 - [STDERR_REDIRECT] 
2025-08-07 01:59:38,454 [ERROR] LogOutputStream:75 - [STDERR_REDIRECT] [Fatal Error] :1:1: Premature end of file.
2025-08-07 01:59:38,454 [ERROR] LogOutputStream:75 - [STDERR_REDIRECT] 
2025-08-07 01:59:39,455 [ERROR] LogOutputStream:75 - [STDERR_REDIRECT] [Fatal Error] :1:1: Premature end of file.
2025-08-07 01:59:39,455 [ERROR] LogOutputStream:75 - [STDERR_REDIRECT] 
2025-08-07 01:59:40,458 [ERROR] LogOutputStream:75 - [STDERR_REDIRECT] [Fatal Error] :1:1: Premature end of file.
2025-08-07 01:59:40,458 [ERROR] LogOutputStream:75 - [STDERR_REDIRECT] 
2025-08-07 01:59:41,493 [ERROR] LogOutputStream:75 - [STDERR_REDIRECT] [Fatal Error] :1:1: Premature end of file.
2025-08-07 01:59:41,493 [ERROR] LogOutputStream:75 - [STDERR_REDIRECT] 
2025-08-07 01:59:42,457 [ERROR] LogOutputStream:75 - [STDERR_REDIRECT] [Fatal Error] :1:1: Premature end of file.
2025-08-07 01:59:42,457 [ERROR] LogOutputStream:75 - [STDERR_REDIRECT] 
2025-08-07 01:59:43,456 [ERROR] LogOutputStream:75 - [STDERR_REDIRECT] [Fatal Error] :1:1: Premature end of file.
2025-08-07 01:59:43,456 [ERROR] LogOutputStream:75 - [STDERR_REDIRECT] 
2025-08-07 01:59:44,453 [ERROR] LogOutputStream:75 - [STDERR_REDIRECT] [Fatal Error] :1:1: Premature end of file.
2025-08-07 01:59:44,453 [ERROR] LogOutputStream:75 - [STDERR_REDIRECT] 
2025-08-07 01:59:45,459 [ERROR] LogOutputStream:75 - [STDERR_REDIRECT] [Fatal Error] :1:1: Premature end of file.
2025-08-07 01:59:45,459 [ERROR] LogOutputStream:75 - [STDERR_REDIRECT] 
2025-08-07 01:59:46,456 [ERROR] LogOutputStream:75 - [STDERR_REDIRECT] [Fatal Error] :1:1: Premature end of file.
2025-08-07 01:59:46,456 [ERROR] LogOutputStream:75 - [STDERR_REDIRECT] 
2025-08-07 01:59:47,473 [ERROR] LogOutputStream:75 - [STDERR_REDIRECT] [Fatal Error] :1:1: Premature end of file.
2025-08-07 01:59:47,474 [ERROR] LogOutputStream:75 - [STDERR_REDIRECT] 
2025-08-07 01:59:48,476 [ERROR] LogOutputStream:75 - [STDERR_REDIRECT] [Fatal Error] :1:1: Premature end of file.
2025-08-07 01:59:48,476 [ERROR] LogOutputStream:75 - [STDERR_REDIRECT] 
2025-08-07 01:59:49,481 [ERROR] LogOutputStream:75 - [STDERR_REDIRECT] [Fatal Error] :1:1: Premature end of file.
2025-08-07 01:59:49,482 [ERROR] LogOutputStream:75 - [STDERR_REDIRECT] 
2025-08-07 01:59:50,458 [ERROR] LogOutputStream:75 - [STDERR_REDIRECT] [Fatal Error] :1:1: Premature end of file.
2025-08-07 01:59:50,459 [ERROR] LogOutputStream:75 - [STDERR_REDIRECT] 
2025-08-07 01:59:51,455 [ERROR] LogOutputStream:75 - [STDERR_REDIRECT] [Fatal Error] :1:1: Premature end of file.
2025-08-07 01:59:51,455 [ERROR] LogOutputStream:75 - [STDERR_REDIRECT] 
2025-08-07 01:59:52,458 [ERROR] LogOutputStream:75 - [STDERR_REDIRECT] [Fatal Error] :1:1: Premature end of file.
2025-08-07 01:59:52,458 [ERROR] LogOutputStream:75 - [STDERR_REDIRECT] 
2025-08-07 01:59:53,457 [ERROR] LogOutputStream:75 - [STDERR_REDIRECT] [Fatal Error] :1:1: Premature end of file.
2025-08-07 01:59:53,457 [ERROR] LogOutputStream:75 - [STDERR_REDIRECT] 
2025-08-07 01:59:54,458 [ERROR] LogOutputStream:75 - [STDERR_REDIRECT] [Fatal Error] :1:1: Premature end of file.
2025-08-07 01:59:54,458 [ERROR] LogOutputStream:75 - [STDERR_REDIRECT] 
2025-08-07 01:59:55,531 [ERROR] LogOutputStream:75 - [STDERR_REDIRECT] [Fatal Error] :1:1: Premature end of file.
2025-08-07 01:59:55,531 [ERROR] LogOutputStream:75 - [STDERR_REDIRECT] 
2025-08-07 01:59:56,455 [ERROR] LogOutputStream:75 - [STDERR_REDIRECT] [Fatal Error] :1:1: Premature end of file.
2025-08-07 01:59:56,456 [ERROR] LogOutputStream:75 - [STDERR_REDIRECT] 
2025-08-07 01:59:57,455 [ERROR] LogOutputStream:75 - [STDERR_REDIRECT] [Fatal Error] :1:1: Premature end of file.
2025-08-07 01:59:57,455 [ERROR] LogOutputStream:75 - [STDERR_REDIRECT] 
2025-08-07 01:59:58,455 [ERROR] LogOutputStream:75 - [STDERR_REDIRECT] [Fatal Error] :1:1: Premature end of file.
2025-08-07 01:59:58,456 [ERROR] LogOutputStream:75 - [STDERR_REDIRECT] 
2025-08-07 01:59:59,455 [ERROR] LogOutputStream:75 - [STDERR_REDIRECT] [Fatal Error] :1:1: Premature end of file.
2025-08-07 01:59:59,456 [ERROR] LogOutputStream:75 - [STDERR_REDIRECT] 
2025-08-07 02:00:00,455 [ERROR] LogOutputStream:75 - [STDERR_REDIRECT] [Fatal Error] :1:1: Premature end of file.
2025-08-07 02:00:00,455 [ERROR] LogOutputStream:75 - [STDERR_REDIRECT] 
2025-08-07 02:00:01,455 [ERROR] LogOutputStream:75 - [STDERR_REDIRECT] [Fatal Error] :1:1: Premature end of file.
2025-08-07 02:00:01,455 [ERROR] LogOutputStream:75 - [STDERR_REDIRECT] 
2025-08-07 02:00:02,455 [ERROR] LogOutputStream:75 - [STDERR_REDIRECT] [Fatal Error] :1:1: Premature end of file.
2025-08-07 02:00:02,455 [ERROR] LogOutputStream:75 - [STDERR_REDIRECT] 
2025-08-07 02:00:03,455 [ERROR] LogOutputStream:75 - [STDERR_REDIRECT] [Fatal Error] :1:1: Premature end of file.
2025-08-07 02:00:03,455 [ERROR] LogOutputStream:75 - [STDERR_REDIRECT] 
2025-08-07 02:00:04,455 [ERROR] LogOutputStream:75 - [STDERR_REDIRECT] [Fatal Error] :1:1: Premature end of file.
2025-08-07 02:00:04,455 [ERROR] LogOutputStream:75 - [STDERR_REDIRECT] 
2025-08-07 02:00:05,459 [ERROR] LogOutputStream:75 - [STDERR_REDIRECT] [Fatal Error] :1:1: Premature end of file.
2025-08-07 02:00:05,459 [ERROR] LogOutputStream:75 - [STDERR_REDIRECT] 
2025-08-07 02:00:06,456 [ERROR] LogOutputStream:75 - [STDERR_REDIRECT] [Fatal Error] :1:1: Premature end of file.
2025-08-07 02:00:06,456 [ERROR] LogOutputStream:75 - [STDERR_REDIRECT] 
2025-08-07 02:00:07,467 [ERROR] LogOutputStream:75 - [STDERR_REDIRECT] [Fatal Error] :1:1: Premature end of file.
2025-08-07 02:00:07,468 [ERROR] LogOutputStream:75 - [STDERR_REDIRECT] 
2025-08-07 02:00:08,454 [ERROR] LogOutputStream:75 - [STDERR_REDIRECT] [Fatal Error] :1:1: Premature end of file.
2025-08-07 02:00:08,455 [ERROR] LogOutputStream:75 - [STDERR_REDIRECT] 
2025-08-07 02:00:09,458 [ERROR] LogOutputStream:75 - [STDERR_REDIRECT] [Fatal Error] :1:1: Premature end of file.
2025-08-07 02:00:09,459 [ERROR] LogOutputStream:75 - [STDERR_REDIRECT] 
2025-08-07 02:00:10,459 [ERROR] LogOutputStream:75 - [STDERR_REDIRECT] [Fatal Error] :1:1: Premature end of file.
2025-08-07 02:00:10,461 [ERROR] LogOutputStream:75 - [STDERR_REDIRECT] 
2025-08-07 02:00:11,456 [ERROR] LogOutputStream:75 - [STDERR_REDIRECT] [Fatal Error] :1:1: Premature end of file.
2025-08-07 02:00:11,456 [ERROR] LogOutputStream:75 - [STDERR_REDIRECT] 
2025-08-07 02:00:12,465 [ERROR] LogOutputStream:75 - [STDERR_REDIRECT] [Fatal Error] :1:1: Premature end of file.
2025-08-07 02:00:12,465 [ERROR] LogOutputStream:75 - [STDERR_REDIRECT] 
2025-08-07 02:00:13,455 [ERROR] LogOutputStream:75 - [STDERR_REDIRECT] [Fatal Error] :1:1: Premature end of file.
2025-08-07 02:00:13,455 [ERROR] LogOutputStream:75 - [STDERR_REDIRECT] 
2025-08-07 02:00:14,454 [ERROR] LogOutputStream:75 - [STDERR_REDIRECT] [Fatal Error] :1:1: Premature end of file.
2025-08-07 02:00:14,455 [ERROR] LogOutputStream:75 - [STDERR_REDIRECT] 
2025-08-07 02:00:15,454 [ERROR] LogOutputStream:75 - [STDERR_REDIRECT] [Fatal Error] :1:1: Premature end of file.
2025-08-07 02:00:15,454 [ERROR] LogOutputStream:75 - [STDERR_REDIRECT] 
2025-08-07 02:00:16,455 [ERROR] LogOutputStream:75 - [STDERR_REDIRECT] [Fatal Error] :1:1: Premature end of file.
2025-08-07 02:00:16,455 [ERROR] LogOutputStream:75 - [STDERR_REDIRECT] 
2025-08-07 02:00:17,466 [ERROR] LogOutputStream:75 - [STDERR_REDIRECT] [Fatal Error] :1:1: Premature end of file.
2025-08-07 02:00:17,466 [ERROR] LogOutputStream:75 - [STDERR_REDIRECT] 
2025-08-07 02:00:18,455 [ERROR] LogOutputStream:75 - [STDERR_REDIRECT] [Fatal Error] :1:1: Premature end of file.
2025-08-07 02:00:18,456 [ERROR] LogOutputStream:75 - [STDERR_REDIRECT] 
2025-08-07 02:00:19,453 [ERROR] LogOutputStream:75 - [STDERR_REDIRECT] [Fatal Error] :1:1: Premature end of file.
2025-08-07 02:00:19,454 [ERROR] LogOutputStream:75 - [STDERR_REDIRECT] 
2025-08-07 02:00:20,453 [ERROR] LogOutputStream:75 - [STDERR_REDIRECT] [Fatal Error] :1:1: Premature end of file.
2025-08-07 02:00:20,453 [ERROR] LogOutputStream:75 - [STDERR_REDIRECT] 
2025-08-07 02:00:21,454 [ERROR] LogOutputStream:75 - [STDERR_REDIRECT] [Fatal Error] :1:1: Premature end of file.
2025-08-07 02:00:21,455 [ERROR] LogOutputStream:75 - [STDERR_REDIRECT] 
2025-08-07 02:00:22,455 [ERROR] LogOutputStream:75 - [STDERR_REDIRECT] [Fatal Error] :1:1: Premature end of file.
2025-08-07 02:00:22,455 [ERROR] LogOutputStream:75 - [STDERR_REDIRECT] 
2025-08-07 02:00:23,455 [ERROR] LogOutputStream:75 - [STDERR_REDIRECT] [Fatal Error] :1:1: Premature end of file.
2025-08-07 02:00:23,455 [ERROR] LogOutputStream:75 - [STDERR_REDIRECT] 
2025-08-07 02:00:24,454 [ERROR] LogOutputStream:75 - [STDERR_REDIRECT] [Fatal Error] :1:1: Premature end of file.
2025-08-07 02:00:24,454 [ERROR] LogOutputStream:75 - [STDERR_REDIRECT] 
2025-08-07 02:00:25,453 [ERROR] LogOutputStream:75 - [STDERR_REDIRECT] [Fatal Error] :1:1: Premature end of file.
2025-08-07 02:00:25,453 [ERROR] LogOutputStream:75 - [STDERR_REDIRECT] 
2025-08-07 02:00:26,456 [ERROR] LogOutputStream:75 - [STDERR_REDIRECT] [Fatal Error] :1:1: Premature end of file.
2025-08-07 02:00:26,457 [ERROR] LogOutputStream:75 - [STDERR_REDIRECT] 
2025-08-07 02:00:27,456 [ERROR] LogOutputStream:75 - [STDERR_REDIRECT] [Fatal Error] :1:1: Premature end of file.
2025-08-07 02:00:27,456 [ERROR] LogOutputStream:75 - [STDERR_REDIRECT] 
2025-08-07 02:00:28,462 [ERROR] LogOutputStream:75 - [STDERR_REDIRECT] [Fatal Error] :1:1: Premature end of file.
2025-08-07 02:00:28,462 [ERROR] LogOutputStream:75 - [STDERR_REDIRECT] 
2025-08-07 02:00:29,458 [ERROR] LogOutputStream:75 - [STDERR_REDIRECT] [Fatal Error] :1:1: Premature end of file.
2025-08-07 02:00:29,458 [ERROR] LogOutputStream:75 - [STDERR_REDIRECT] 
2025-08-07 02:00:30,456 [ERROR] LogOutputStream:75 - [STDERR_REDIRECT] [Fatal Error] :1:1: Premature end of file.
2025-08-07 02:00:30,457 [ERROR] LogOutputStream:75 - [STDERR_REDIRECT] 
2025-08-07 02:00:31,459 [ERROR] LogOutputStream:75 - [STDERR_REDIRECT] [Fatal Error] :1:1: Premature end of file.
2025-08-07 02:00:31,460 [ERROR] LogOutputStream:75 - [STDERR_REDIRECT] 
2025-08-07 02:00:32,458 [ERROR] LogOutputStream:75 - [STDERR_REDIRECT] [Fatal Error] :1:1: Premature end of file.
2025-08-07 02:00:32,459 [ERROR] LogOutputStream:75 - [STDERR_REDIRECT] 
2025-08-07 02:00:33,455 [ERROR] LogOutputStream:75 - [STDERR_REDIRECT] [Fatal Error] :1:1: Premature end of file.
2025-08-07 02:00:33,455 [ERROR] LogOutputStream:75 - [STDERR_REDIRECT] 
2025-08-07 02:00:34,455 [ERROR] LogOutputStream:75 - [STDERR_REDIRECT] [Fatal Error] :1:1: Premature end of file.
2025-08-07 02:00:34,455 [ERROR] LogOutputStream:75 - [STDERR_REDIRECT] 
2025-08-07 02:00:35,454 [ERROR] LogOutputStream:75 - [STDERR_REDIRECT] [Fatal Error] :1:1: Premature end of file.
2025-08-07 02:00:35,454 [ERROR] LogOutputStream:75 - [STDERR_REDIRECT] 
2025-08-07 02:00:36,460 [ERROR] LogOutputStream:75 - [STDERR_REDIRECT] [Fatal Error] :1:1: Premature end of file.
2025-08-07 02:00:36,460 [ERROR] LogOutputStream:75 - [STDERR_REDIRECT] 
2025-08-07 02:00:37,465 [ERROR] LogOutputStream:75 - [STDERR_REDIRECT] [Fatal Error] :1:1: Premature end of file.
2025-08-07 02:00:37,466 [ERROR] LogOutputStream:75 - [STDERR_REDIRECT] 
2025-08-07 02:00:38,459 [ERROR] LogOutputStream:75 - [STDERR_REDIRECT] [Fatal Error] :1:1: Premature end of file.
2025-08-07 02:00:38,459 [ERROR] LogOutputStream:75 - [STDERR_REDIRECT] 
2025-08-07 02:00:39,460 [ERROR] LogOutputStream:75 - [STDERR_REDIRECT] [Fatal Error] :1:1: Premature end of file.
2025-08-07 02:00:39,460 [ERROR] LogOutputStream:75 - [STDERR_REDIRECT] 
2025-08-07 02:00:40,507 [ERROR] LogOutputStream:75 - [STDERR_REDIRECT] [Fatal Error] :1:1: Premature end of file.
2025-08-07 02:00:40,507 [ERROR] LogOutputStream:75 - [STDERR_REDIRECT] 
2025-08-07 02:00:41,455 [ERROR] LogOutputStream:75 - [STDERR_REDIRECT] [Fatal Error] :1:1: Premature end of file.
2025-08-07 02:00:41,456 [ERROR] LogOutputStream:75 - [STDERR_REDIRECT] 
2025-08-07 02:00:42,458 [ERROR] LogOutputStream:75 - [STDERR_REDIRECT] [Fatal Error] :1:1: Premature end of file.
2025-08-07 02:00:42,458 [ERROR] LogOutputStream:75 - [STDERR_REDIRECT] 
2025-08-07 02:00:43,455 [ERROR] LogOutputStream:75 - [STDERR_REDIRECT] [Fatal Error] :1:1: Premature end of file.
2025-08-07 02:00:43,455 [ERROR] LogOutputStream:75 - [STDERR_REDIRECT] 
2025-08-07 02:00:44,456 [ERROR] LogOutputStream:75 - [STDERR_REDIRECT] [Fatal Error] :1:1: Premature end of file.
2025-08-07 02:00:44,456 [ERROR] LogOutputStream:75 - [STDERR_REDIRECT] 
2025-08-07 02:00:45,454 [ERROR] LogOutputStream:75 - [STDERR_REDIRECT] [Fatal Error] :1:1: Premature end of file.
2025-08-07 02:00:45,454 [ERROR] LogOutputStream:75 - [STDERR_REDIRECT] 
2025-08-07 02:00:46,453 [ERROR] LogOutputStream:75 - [STDERR_REDIRECT] [Fatal Error] :1:1: Premature end of file.
2025-08-07 02:00:46,453 [ERROR] LogOutputStream:75 - [STDERR_REDIRECT] 
2025-08-07 02:00:47,454 [ERROR] LogOutputStream:75 - [STDERR_REDIRECT] [Fatal Error] :1:1: Premature end of file.
2025-08-07 02:00:47,454 [ERROR] LogOutputStream:75 - [STDERR_REDIRECT] 
2025-08-07 02:00:48,453 [ERROR] LogOutputStream:75 - [STDERR_REDIRECT] [Fatal Error] :1:1: Premature end of file.
2025-08-07 02:00:48,454 [ERROR] LogOutputStream:75 - [STDERR_REDIRECT] 
2025-08-07 02:00:49,455 [ERROR] LogOutputStream:75 - [STDERR_REDIRECT] [Fatal Error] :1:1: Premature end of file.
2025-08-07 02:00:49,455 [ERROR] LogOutputStream:75 - [STDERR_REDIRECT] 
2025-08-07 02:00:50,457 [ERROR] LogOutputStream:75 - [STDERR_REDIRECT] [Fatal Error] :1:1: Premature end of file.
2025-08-07 02:00:50,457 [ERROR] LogOutputStream:75 - [STDERR_REDIRECT] 
2025-08-07 02:00:51,455 [ERROR] LogOutputStream:75 - [STDERR_REDIRECT] [Fatal Error] :1:1: Premature end of file.
2025-08-07 02:00:51,455 [ERROR] LogOutputStream:75 - [STDERR_REDIRECT] 
2025-08-07 02:00:52,457 [ERROR] LogOutputStream:75 - [STDERR_REDIRECT] [Fatal Error] :1:1: Premature end of file.
2025-08-07 02:00:52,458 [ERROR] LogOutputStream:75 - [STDERR_REDIRECT] 
2025-08-07 02:00:53,454 [ERROR] LogOutputStream:75 - [STDERR_REDIRECT] [Fatal Error] :1:1: Premature end of file.
2025-08-07 02:00:53,454 [ERROR] LogOutputStream:75 - [STDERR_REDIRECT] 
2025-08-07 02:00:54,455 [ERROR] LogOutputStream:75 - [STDERR_REDIRECT] [Fatal Error] :1:1: Premature end of file.
2025-08-07 02:00:54,455 [ERROR] LogOutputStream:75 - [STDERR_REDIRECT] 
2025-08-07 02:00:55,460 [ERROR] LogOutputStream:75 - [STDERR_REDIRECT] [Fatal Error] :1:1: Premature end of file.
2025-08-07 02:00:55,460 [ERROR] LogOutputStream:75 - [STDERR_REDIRECT] 
2025-08-07 02:00:56,460 [ERROR] LogOutputStream:75 - [STDERR_REDIRECT] [Fatal Error] :1:1: Premature end of file.
2025-08-07 02:00:56,460 [ERROR] LogOutputStream:75 - [STDERR_REDIRECT] 
2025-08-07 02:00:57,455 [ERROR] LogOutputStream:75 - [STDERR_REDIRECT] [Fatal Error] :1:1: Premature end of file.
2025-08-07 02:00:57,455 [ERROR] LogOutputStream:75 - [STDERR_REDIRECT] 
2025-08-07 02:00:58,453 [ERROR] LogOutputStream:75 - [STDERR_REDIRECT] [Fatal Error] :1:1: Premature end of file.
2025-08-07 02:00:58,453 [ERROR] LogOutputStream:75 - [STDERR_REDIRECT] 
2025-08-07 02:00:59,456 [ERROR] LogOutputStream:75 - [STDERR_REDIRECT] [Fatal Error] :1:1: Premature end of file.
2025-08-07 02:00:59,456 [ERROR] LogOutputStream:75 - [STDERR_REDIRECT] 
2025-08-07 02:01:00,457 [ERROR] LogOutputStream:75 - [STDERR_REDIRECT] [Fatal Error] :1:1: Premature end of file.
2025-08-07 02:01:00,457 [ERROR] LogOutputStream:75 - [STDERR_REDIRECT] 
2025-08-07 02:01:01,456 [ERROR] LogOutputStream:75 - [STDERR_REDIRECT] [Fatal Error] :1:1: Premature end of file.
2025-08-07 02:01:01,456 [ERROR] LogOutputStream:75 - [STDERR_REDIRECT] 
2025-08-07 02:01:02,454 [ERROR] LogOutputStream:75 - [STDERR_REDIRECT] [Fatal Error] :1:1: Premature end of file.
2025-08-07 02:01:02,454 [ERROR] LogOutputStream:75 - [STDERR_REDIRECT] 
2025-08-07 02:01:03,453 [ERROR] LogOutputStream:75 - [STDERR_REDIRECT] [Fatal Error] :1:1: Premature end of file.
2025-08-07 02:01:03,453 [ERROR] LogOutputStream:75 - [STDERR_REDIRECT] 
2025-08-07 02:01:04,457 [ERROR] LogOutputStream:75 - [STDERR_REDIRECT] [Fatal Error] :1:1: Premature end of file.
2025-08-07 02:01:04,457 [ERROR] LogOutputStream:75 - [STDERR_REDIRECT] 
2025-08-07 02:01:05,456 [ERROR] LogOutputStream:75 - [STDERR_REDIRECT] [Fatal Error] :1:1: Premature end of file.
2025-08-07 02:01:05,456 [ERROR] LogOutputStream:75 - [STDERR_REDIRECT] 
2025-08-07 02:01:06,458 [ERROR] LogOutputStream:75 - [STDERR_REDIRECT] [Fatal Error] :1:1: Premature end of file.
2025-08-07 02:01:06,458 [ERROR] LogOutputStream:75 - [STDERR_REDIRECT] 
2025-08-07 02:01:07,458 [ERROR] LogOutputStream:75 - [STDERR_REDIRECT] [Fatal Error] :1:1: Premature end of file.
2025-08-07 02:01:07,458 [ERROR] LogOutputStream:75 - [STDERR_REDIRECT] 
2025-08-07 02:01:08,457 [ERROR] LogOutputStream:75 - [STDERR_REDIRECT] [Fatal Error] :1:1: Premature end of file.
2025-08-07 02:01:08,457 [ERROR] LogOutputStream:75 - [STDERR_REDIRECT] 
2025-08-07 02:01:09,458 [ERROR] LogOutputStream:75 - [STDERR_REDIRECT] [Fatal Error] :1:1: Premature end of file.
2025-08-07 02:01:09,458 [ERROR] LogOutputStream:75 - [STDERR_REDIRECT] 
2025-08-07 02:01:10,468 [ERROR] LogOutputStream:75 - [STDERR_REDIRECT] [Fatal Error] :1:1: Premature end of file.
2025-08-07 02:01:10,468 [ERROR] LogOutputStream:75 - [STDERR_REDIRECT] 
2025-08-07 02:01:11,457 [ERROR] LogOutputStream:75 - [STDERR_REDIRECT] [Fatal Error] :1:1: Premature end of file.
2025-08-07 02:01:11,457 [ERROR] LogOutputStream:75 - [STDERR_REDIRECT] 
2025-08-07 02:01:12,458 [ERROR] LogOutputStream:75 - [STDERR_REDIRECT] [Fatal Error] :1:1: Premature end of file.
2025-08-07 02:01:12,458 [ERROR] LogOutputStream:75 - [STDERR_REDIRECT] 
2025-08-07 02:01:13,454 [ERROR] LogOutputStream:75 - [STDERR_REDIRECT] [Fatal Error] :1:1: Premature end of file.
2025-08-07 02:01:13,454 [ERROR] LogOutputStream:75 - [STDERR_REDIRECT] 
2025-08-07 02:01:14,457 [ERROR] LogOutputStream:75 - [STDERR_REDIRECT] [Fatal Error] :1:1: Premature end of file.
2025-08-07 02:01:14,458 [ERROR] LogOutputStream:75 - [STDERR_REDIRECT] 
2025-08-07 02:01:15,454 [ERROR] LogOutputStream:75 - [STDERR_REDIRECT] [Fatal Error] :1:1: Premature end of file.
2025-08-07 02:01:15,454 [ERROR] LogOutputStream:75 - [STDERR_REDIRECT] 
2025-08-07 02:01:16,455 [ERROR] LogOutputStream:75 - [STDERR_REDIRECT] [Fatal Error] :1:1: Premature end of file.
2025-08-07 02:01:16,455 [ERROR] LogOutputStream:75 - [STDERR_REDIRECT] 
2025-08-07 02:01:17,454 [ERROR] LogOutputStream:75 - [STDERR_REDIRECT] [Fatal Error] :1:1: Premature end of file.
2025-08-07 02:01:17,454 [ERROR] LogOutputStream:75 - [STDERR_REDIRECT] 
2025-08-07 02:01:18,456 [ERROR] LogOutputStream:75 - [STDERR_REDIRECT] [Fatal Error] :1:1: Premature end of file.
2025-08-07 02:01:18,456 [ERROR] LogOutputStream:75 - [STDERR_REDIRECT] 
2025-08-07 02:01:19,454 [ERROR] LogOutputStream:75 - [STDERR_REDIRECT] [Fatal Error] :1:1: Premature end of file.
2025-08-07 02:01:19,454 [ERROR] LogOutputStream:75 - [STDERR_REDIRECT] 
2025-08-07 02:01:20,454 [ERROR] LogOutputStream:75 - [STDERR_REDIRECT] [Fatal Error] :1:1: Premature end of file.
2025-08-07 02:01:20,454 [ERROR] LogOutputStream:75 - [STDERR_REDIRECT] 
2025-08-07 02:01:21,459 [ERROR] LogOutputStream:75 - [STDERR_REDIRECT] [Fatal Error] :1:1: Premature end of file.
2025-08-07 02:01:21,459 [ERROR] LogOutputStream:75 - [STDERR_REDIRECT] 
2025-08-07 02:01:22,457 [ERROR] LogOutputStream:75 - [STDERR_REDIRECT] [Fatal Error] :1:1: Premature end of file.
2025-08-07 02:01:22,457 [ERROR] LogOutputStream:75 - [STDERR_REDIRECT] 
2025-08-07 02:01:23,455 [ERROR] LogOutputStream:75 - [STDERR_REDIRECT] [Fatal Error] :1:1: Premature end of file.
2025-08-07 02:01:23,455 [ERROR] LogOutputStream:75 - [STDERR_REDIRECT] 
2025-08-07 02:01:24,456 [ERROR] LogOutputStream:75 - [STDERR_REDIRECT] [Fatal Error] :1:1: Premature end of file.
2025-08-07 02:01:24,456 [ERROR] LogOutputStream:75 - [STDERR_REDIRECT] 
2025-08-07 02:01:25,469 [ERROR] LogOutputStream:75 - [STDERR_REDIRECT] [Fatal Error] :1:1: Premature end of file.
2025-08-07 02:01:25,469 [ERROR] LogOutputStream:75 - [STDERR_REDIRECT] 
2025-08-07 02:01:26,457 [ERROR] LogOutputStream:75 - [STDERR_REDIRECT] [Fatal Error] :1:1: Premature end of file.
2025-08-07 02:01:26,457 [ERROR] LogOutputStream:75 - [STDERR_REDIRECT] 
2025-08-07 02:01:27,456 [ERROR] LogOutputStream:75 - [STDERR_REDIRECT] [Fatal Error] :1:1: Premature end of file.
2025-08-07 02:01:27,456 [ERROR] LogOutputStream:75 - [STDERR_REDIRECT] 
2025-08-07 02:01:28,453 [ERROR] LogOutputStream:75 - [STDERR_REDIRECT] [Fatal Error] :1:1: Premature end of file.
2025-08-07 02:01:28,453 [ERROR] LogOutputStream:75 - [STDERR_REDIRECT] 
2025-08-07 02:01:29,456 [ERROR] LogOutputStream:75 - [STDERR_REDIRECT] [Fatal Error] :1:1: Premature end of file.
2025-08-07 02:01:29,456 [ERROR] LogOutputStream:75 - [STDERR_REDIRECT] 
2025-08-07 02:01:30,514 [ERROR] LogOutputStream:75 - [STDERR_REDIRECT] [Fatal Error] :1:1: Premature end of file.
2025-08-07 02:01:30,515 [ERROR] LogOutputStream:75 - [STDERR_REDIRECT] 
2025-08-07 02:01:31,457 [ERROR] LogOutputStream:75 - [STDERR_REDIRECT] [Fatal Error] :1:1: Premature end of file.
2025-08-07 02:01:31,457 [ERROR] LogOutputStream:75 - [STDERR_REDIRECT] 
2025-08-07 02:01:32,457 [ERROR] LogOutputStream:75 - [STDERR_REDIRECT] [Fatal Error] :1:1: Premature end of file.
2025-08-07 02:01:32,457 [ERROR] LogOutputStream:75 - [STDERR_REDIRECT] 
2025-08-07 02:01:33,455 [ERROR] LogOutputStream:75 - [STDERR_REDIRECT] [Fatal Error] :1:1: Premature end of file.
2025-08-07 02:01:33,455 [ERROR] LogOutputStream:75 - [STDERR_REDIRECT] 
2025-08-07 02:01:34,498 [ERROR] LogOutputStream:75 - [STDERR_REDIRECT] [Fatal Error] :1:1: Premature end of file.
2025-08-07 02:01:34,498 [ERROR] LogOutputStream:75 - [STDERR_REDIRECT] 
2025-08-07 02:01:35,471 [ERROR] LogOutputStream:75 - [STDERR_REDIRECT] [Fatal Error] :1:1: Premature end of file.
2025-08-07 02:01:35,471 [ERROR] LogOutputStream:75 - [STDERR_REDIRECT] 
2025-08-07 02:01:36,507 [ERROR] LogOutputStream:75 - [STDERR_REDIRECT] [Fatal Error] :1:1: Premature end of file.
2025-08-07 02:01:36,507 [ERROR] LogOutputStream:75 - [STDERR_REDIRECT] 
2025-08-07 02:01:37,466 [ERROR] LogOutputStream:75 - [STDERR_REDIRECT] [Fatal Error] :1:1: Premature end of file.
2025-08-07 02:01:37,466 [ERROR] LogOutputStream:75 - [STDERR_REDIRECT] 
2025-08-07 02:01:38,508 [ERROR] LogOutputStream:75 - [STDERR_REDIRECT] [Fatal Error] :1:1: Premature end of file.
2025-08-07 02:01:38,509 [ERROR] LogOutputStream:75 - [STDERR_REDIRECT] 
2025-08-07 02:01:39,455 [ERROR] LogOutputStream:75 - [STDERR_REDIRECT] [Fatal Error] :1:1: Premature end of file.
2025-08-07 02:01:39,455 [ERROR] LogOutputStream:75 - [STDERR_REDIRECT] 
2025-08-07 02:01:40,457 [ERROR] LogOutputStream:75 - [STDERR_REDIRECT] [Fatal Error] :1:1: Premature end of file.
2025-08-07 02:01:40,459 [ERROR] LogOutputStream:75 - [STDERR_REDIRECT] 
2025-08-07 02:01:41,455 [ERROR] LogOutputStream:75 - [STDERR_REDIRECT] [Fatal Error] :1:1: Premature end of file.
2025-08-07 02:01:41,455 [ERROR] LogOutputStream:75 - [STDERR_REDIRECT] 
2025-08-07 02:01:42,455 [ERROR] LogOutputStream:75 - [STDERR_REDIRECT] [Fatal Error] :1:1: Premature end of file.
2025-08-07 02:01:42,455 [ERROR] LogOutputStream:75 - [STDERR_REDIRECT] 
2025-08-07 02:01:43,455 [ERROR] LogOutputStream:75 - [STDERR_REDIRECT] [Fatal Error] :1:1: Premature end of file.
2025-08-07 02:01:43,455 [ERROR] LogOutputStream:75 - [STDERR_REDIRECT] 
2025-08-07 02:01:44,456 [ERROR] LogOutputStream:75 - [STDERR_REDIRECT] [Fatal Error] :1:1: Premature end of file.
2025-08-07 02:01:44,456 [ERROR] LogOutputStream:75 - [STDERR_REDIRECT] 
2025-08-07 02:01:45,457 [ERROR] LogOutputStream:75 - [STDERR_REDIRECT] [Fatal Error] :1:1: Premature end of file.
2025-08-07 02:01:45,457 [ERROR] LogOutputStream:75 - [STDERR_REDIRECT] 
2025-08-07 02:01:46,456 [ERROR] LogOutputStream:75 - [STDERR_REDIRECT] [Fatal Error] :1:1: Premature end of file.
2025-08-07 02:01:46,456 [ERROR] LogOutputStream:75 - [STDERR_REDIRECT] 
2025-08-07 02:01:47,456 [ERROR] LogOutputStream:75 - [STDERR_REDIRECT] [Fatal Error] :1:1: Premature end of file.
2025-08-07 02:01:47,456 [ERROR] LogOutputStream:75 - [STDERR_REDIRECT] 
2025-08-07 02:01:48,454 [ERROR] LogOutputStream:75 - [STDERR_REDIRECT] [Fatal Error] :1:1: Premature end of file.
2025-08-07 02:01:48,454 [ERROR] LogOutputStream:75 - [STDERR_REDIRECT] 
2025-08-07 02:01:49,453 [ERROR] LogOutputStream:75 - [STDERR_REDIRECT] [Fatal Error] :1:1: Premature end of file.
2025-08-07 02:01:49,454 [ERROR] LogOutputStream:75 - [STDERR_REDIRECT] 
2025-08-07 02:01:50,456 [ERROR] LogOutputStream:75 - [STDERR_REDIRECT] [Fatal Error] :1:1: Premature end of file.
2025-08-07 02:01:50,456 [ERROR] LogOutputStream:75 - [STDERR_REDIRECT] 
2025-08-07 02:01:51,455 [ERROR] LogOutputStream:75 - [STDERR_REDIRECT] [Fatal Error] :1:1: Premature end of file.
2025-08-07 02:01:51,455 [ERROR] LogOutputStream:75 - [STDERR_REDIRECT] 
2025-08-07 02:01:52,454 [ERROR] LogOutputStream:75 - [STDERR_REDIRECT] [Fatal Error] :1:1: Premature end of file.
2025-08-07 02:01:52,454 [ERROR] LogOutputStream:75 - [STDERR_REDIRECT] 
2025-08-07 02:01:53,462 [ERROR] LogOutputStream:75 - [STDERR_REDIRECT] [Fatal Error] :1:1: Premature end of file.
2025-08-07 02:01:53,462 [ERROR] LogOutputStream:75 - [STDERR_REDIRECT] 
2025-08-07 02:01:54,457 [ERROR] LogOutputStream:75 - [STDERR_REDIRECT] [Fatal Error] :1:1: Premature end of file.
2025-08-07 02:01:54,457 [ERROR] LogOutputStream:75 - [STDERR_REDIRECT] 
2025-08-07 02:01:55,467 [ERROR] LogOutputStream:75 - [STDERR_REDIRECT] [Fatal Error] :1:1: Premature end of file.
2025-08-07 02:01:55,467 [ERROR] LogOutputStream:75 - [STDERR_REDIRECT] 
2025-08-07 02:01:56,464 [ERROR] LogOutputStream:75 - [STDERR_REDIRECT] [Fatal Error] :1:1: Premature end of file.
2025-08-07 02:01:56,464 [ERROR] LogOutputStream:75 - [STDERR_REDIRECT] 
2025-08-07 02:01:57,462 [ERROR] LogOutputStream:75 - [STDERR_REDIRECT] [Fatal Error] :1:1: Premature end of file.
2025-08-07 02:01:57,462 [ERROR] LogOutputStream:75 - [STDERR_REDIRECT] 
2025-08-07 02:01:58,463 [ERROR] LogOutputStream:75 - [STDERR_REDIRECT] [Fatal Error] :1:1: Premature end of file.
2025-08-07 02:01:58,463 [ERROR] LogOutputStream:75 - [STDERR_REDIRECT] 
2025-08-07 02:01:59,455 [ERROR] LogOutputStream:75 - [STDERR_REDIRECT] [Fatal Error] :1:1: Premature end of file.
2025-08-07 02:01:59,455 [ERROR] LogOutputStream:75 - [STDERR_REDIRECT] 
2025-08-07 02:02:00,453 [ERROR] LogOutputStream:75 - [STDERR_REDIRECT] [Fatal Error] :1:1: Premature end of file.
2025-08-07 02:02:00,454 [ERROR] LogOutputStream:75 - [STDERR_REDIRECT] 
2025-08-07 02:02:01,455 [ERROR] LogOutputStream:75 - [STDERR_REDIRECT] [Fatal Error] :1:1: Premature end of file.
2025-08-07 02:02:01,455 [ERROR] LogOutputStream:75 - [STDERR_REDIRECT] 
2025-08-07 02:02:02,457 [ERROR] LogOutputStream:75 - [STDERR_REDIRECT] [Fatal Error] :1:1: Premature end of file.
2025-08-07 02:02:02,457 [ERROR] LogOutputStream:75 - [STDERR_REDIRECT] 
2025-08-07 02:02:03,455 [ERROR] LogOutputStream:75 - [STDERR_REDIRECT] [Fatal Error] :1:1: Premature end of file.
2025-08-07 02:02:03,455 [ERROR] LogOutputStream:75 - [STDERR_REDIRECT] 
2025-08-07 02:02:04,456 [ERROR] LogOutputStream:75 - [STDERR_REDIRECT] [Fatal Error] :1:1: Premature end of file.
2025-08-07 02:02:04,456 [ERROR] LogOutputStream:75 - [STDERR_REDIRECT] 
2025-08-07 02:02:05,453 [ERROR] LogOutputStream:75 - [STDERR_REDIRECT] [Fatal Error] :1:1: Premature end of file.
2025-08-07 02:02:05,453 [ERROR] LogOutputStream:75 - [STDERR_REDIRECT] 
2025-08-07 02:02:06,455 [ERROR] LogOutputStream:75 - [STDERR_REDIRECT] [Fatal Error] :1:1: Premature end of file.
2025-08-07 02:02:06,455 [ERROR] LogOutputStream:75 - [STDERR_REDIRECT] 
2025-08-07 02:02:07,454 [ERROR] LogOutputStream:75 - [STDERR_REDIRECT] [Fatal Error] :1:1: Premature end of file.
2025-08-07 02:02:07,454 [ERROR] LogOutputStream:75 - [STDERR_REDIRECT] 
2025-08-07 02:02:08,456 [ERROR] LogOutputStream:75 - [STDERR_REDIRECT] [Fatal Error] :1:1: Premature end of file.
2025-08-07 02:02:08,456 [ERROR] LogOutputStream:75 - [STDERR_REDIRECT] 
2025-08-07 02:02:09,456 [ERROR] LogOutputStream:75 - [STDERR_REDIRECT] [Fatal Error] :1:1: Premature end of file.
2025-08-07 02:02:09,456 [ERROR] LogOutputStream:75 - [STDERR_REDIRECT] 
2025-08-07 02:02:10,456 [ERROR] LogOutputStream:75 - [STDERR_REDIRECT] [Fatal Error] :1:1: Premature end of file.
2025-08-07 02:02:10,456 [ERROR] LogOutputStream:75 - [STDERR_REDIRECT] 
2025-08-07 02:02:11,454 [ERROR] LogOutputStream:75 - [STDERR_REDIRECT] [Fatal Error] :1:1: Premature end of file.
2025-08-07 02:02:11,454 [ERROR] LogOutputStream:75 - [STDERR_REDIRECT] 
2025-08-07 02:02:12,456 [ERROR] LogOutputStream:75 - [STDERR_REDIRECT] [Fatal Error] :1:1: Premature end of file.
2025-08-07 02:02:12,456 [ERROR] LogOutputStream:75 - [STDERR_REDIRECT] 
2025-08-07 02:02:13,475 [ERROR] LogOutputStream:75 - [STDERR_REDIRECT] [Fatal Error] :1:1: Premature end of file.
2025-08-07 02:02:13,476 [ERROR] LogOutputStream:75 - [STDERR_REDIRECT] 
2025-08-07 02:02:14,454 [ERROR] LogOutputStream:75 - [STDERR_REDIRECT] [Fatal Error] :1:1: Premature end of file.
2025-08-07 02:02:14,454 [ERROR] LogOutputStream:75 - [STDERR_REDIRECT] 
2025-08-07 02:02:15,469 [ERROR] LogOutputStream:75 - [STDERR_REDIRECT] [Fatal Error] :1:1: Premature end of file.
2025-08-07 02:02:15,469 [ERROR] LogOutputStream:75 - [STDERR_REDIRECT] 
2025-08-07 02:02:16,472 [ERROR] LogOutputStream:75 - [STDERR_REDIRECT] [Fatal Error] :1:1: Premature end of file.
2025-08-07 02:02:16,473 [ERROR] LogOutputStream:75 - [STDERR_REDIRECT] 
2025-08-07 02:02:17,473 [ERROR] LogOutputStream:75 - [STDERR_REDIRECT] [Fatal Error] :1:1: Premature end of file.
2025-08-07 02:02:17,473 [ERROR] LogOutputStream:75 - [STDERR_REDIRECT] 
2025-08-07 02:02:18,529 [ERROR] LogOutputStream:75 - [STDERR_REDIRECT] [Fatal Error] :1:1: Premature end of file.
2025-08-07 02:02:18,529 [ERROR] LogOutputStream:75 - [STDERR_REDIRECT] 
2025-08-07 02:02:19,529 [ERROR] LogOutputStream:75 - [STDERR_REDIRECT] [Fatal Error] :1:1: Premature end of file.
2025-08-07 02:02:19,530 [ERROR] LogOutputStream:75 - [STDERR_REDIRECT] 
2025-08-07 02:02:20,455 [ERROR] LogOutputStream:75 - [STDERR_REDIRECT] [Fatal Error] :1:1: Premature end of file.
2025-08-07 02:02:20,455 [ERROR] LogOutputStream:75 - [STDERR_REDIRECT] 
2025-08-07 02:02:21,470 [ERROR] LogOutputStream:75 - [STDERR_REDIRECT] [Fatal Error] :1:1: Premature end of file.
2025-08-07 02:02:21,470 [ERROR] LogOutputStream:75 - [STDERR_REDIRECT] 
2025-08-07 02:02:22,456 [ERROR] LogOutputStream:75 - [STDERR_REDIRECT] [Fatal Error] :1:1: Premature end of file.
2025-08-07 02:02:22,456 [ERROR] LogOutputStream:75 - [STDERR_REDIRECT] 
2025-08-07 02:02:23,460 [ERROR] LogOutputStream:75 - [STDERR_REDIRECT] [Fatal Error] :1:1: Premature end of file.
2025-08-07 02:02:23,460 [ERROR] LogOutputStream:75 - [STDERR_REDIRECT] 
2025-08-07 02:02:24,459 [ERROR] LogOutputStream:75 - [STDERR_REDIRECT] [Fatal Error] :1:1: Premature end of file.
2025-08-07 02:02:24,459 [ERROR] LogOutputStream:75 - [STDERR_REDIRECT] 
2025-08-07 02:02:25,535 [ERROR] LogOutputStream:75 - [STDERR_REDIRECT] [Fatal Error] :1:1: Premature end of file.
2025-08-07 02:02:25,535 [ERROR] LogOutputStream:75 - [STDERR_REDIRECT] 
2025-08-07 02:02:26,458 [ERROR] LogOutputStream:75 - [STDERR_REDIRECT] [Fatal Error] :1:1: Premature end of file.
2025-08-07 02:02:26,459 [ERROR] LogOutputStream:75 - [STDERR_REDIRECT] 
2025-08-07 02:02:27,461 [ERROR] LogOutputStream:75 - [STDERR_REDIRECT] [Fatal Error] :1:1: Premature end of file.
2025-08-07 02:02:27,461 [ERROR] LogOutputStream:75 - [STDERR_REDIRECT] 
2025-08-07 02:02:28,455 [ERROR] LogOutputStream:75 - [STDERR_REDIRECT] [Fatal Error] :1:1: Premature end of file.
2025-08-07 02:02:28,455 [ERROR] LogOutputStream:75 - [STDERR_REDIRECT] 
2025-08-07 02:02:29,454 [ERROR] LogOutputStream:75 - [STDERR_REDIRECT] [Fatal Error] :1:1: Premature end of file.
2025-08-07 02:02:29,454 [ERROR] LogOutputStream:75 - [STDERR_REDIRECT] 
2025-08-07 02:02:30,455 [ERROR] LogOutputStream:75 - [STDERR_REDIRECT] [Fatal Error] :1:1: Premature end of file.
2025-08-07 02:02:30,455 [ERROR] LogOutputStream:75 - [STDERR_REDIRECT] 
2025-08-07 02:02:31,453 [ERROR] LogOutputStream:75 - [STDERR_REDIRECT] [Fatal Error] :1:1: Premature end of file.
2025-08-07 02:02:31,453 [ERROR] LogOutputStream:75 - [STDERR_REDIRECT] 
2025-08-07 02:02:32,456 [ERROR] LogOutputStream:75 - [STDERR_REDIRECT] [Fatal Error] :1:1: Premature end of file.
2025-08-07 02:02:32,456 [ERROR] LogOutputStream:75 - [STDERR_REDIRECT] 
2025-08-07 02:02:33,465 [ERROR] LogOutputStream:75 - [STDERR_REDIRECT] [Fatal Error] :1:1: Premature end of file.
2025-08-07 02:02:33,465 [ERROR] LogOutputStream:75 - [STDERR_REDIRECT] 
2025-08-07 02:02:34,455 [ERROR] LogOutputStream:75 - [STDERR_REDIRECT] [Fatal Error] :1:1: Premature end of file.
2025-08-07 02:02:34,456 [ERROR] LogOutputStream:75 - [STDERR_REDIRECT] 
2025-08-07 02:02:35,454 [ERROR] LogOutputStream:75 - [STDERR_REDIRECT] [Fatal Error] :1:1: Premature end of file.
2025-08-07 02:02:35,454 [ERROR] LogOutputStream:75 - [STDERR_REDIRECT] 
2025-08-07 02:02:36,454 [ERROR] LogOutputStream:75 - [STDERR_REDIRECT] [Fatal Error] :1:1: Premature end of file.
2025-08-07 02:02:36,454 [ERROR] LogOutputStream:75 - [STDERR_REDIRECT] 
2025-08-07 02:02:37,454 [ERROR] LogOutputStream:75 - [STDERR_REDIRECT] [Fatal Error] :1:1: Premature end of file.
2025-08-07 02:02:37,455 [ERROR] LogOutputStream:75 - [STDERR_REDIRECT] 
2025-08-07 02:02:38,454 [ERROR] LogOutputStream:75 - [STDERR_REDIRECT] [Fatal Error] :1:1: Premature end of file.
2025-08-07 02:02:38,454 [ERROR] LogOutputStream:75 - [STDERR_REDIRECT] 
2025-08-07 02:02:39,455 [ERROR] LogOutputStream:75 - [STDERR_REDIRECT] [Fatal Error] :1:1: Premature end of file.
2025-08-07 02:02:39,455 [ERROR] LogOutputStream:75 - [STDERR_REDIRECT] 
2025-08-07 02:02:40,455 [ERROR] LogOutputStream:75 - [STDERR_REDIRECT] [Fatal Error] :1:1: Premature end of file.
2025-08-07 02:02:40,455 [ERROR] LogOutputStream:75 - [STDERR_REDIRECT] 
2025-08-07 02:02:41,459 [ERROR] LogOutputStream:75 - [STDERR_REDIRECT] [Fatal Error] :1:1: Premature end of file.
2025-08-07 02:02:41,459 [ERROR] LogOutputStream:75 - [STDERR_REDIRECT] 
2025-08-07 02:02:42,456 [ERROR] LogOutputStream:75 - [STDERR_REDIRECT] [Fatal Error] :1:1: Premature end of file.
2025-08-07 02:02:42,456 [ERROR] LogOutputStream:75 - [STDERR_REDIRECT] 
2025-08-07 02:02:43,456 [ERROR] LogOutputStream:75 - [STDERR_REDIRECT] [Fatal Error] :1:1: Premature end of file.
2025-08-07 02:02:43,456 [ERROR] LogOutputStream:75 - [STDERR_REDIRECT] 
2025-08-07 02:02:44,454 [ERROR] LogOutputStream:75 - [STDERR_REDIRECT] [Fatal Error] :1:1: Premature end of file.
2025-08-07 02:02:44,454 [ERROR] LogOutputStream:75 - [STDERR_REDIRECT] 
2025-08-07 02:02:45,453 [ERROR] LogOutputStream:75 - [STDERR_REDIRECT] [Fatal Error] :1:1: Premature end of file.
2025-08-07 02:02:45,453 [ERROR] LogOutputStream:75 - [STDERR_REDIRECT] 
2025-08-07 02:02:46,453 [ERROR] LogOutputStream:75 - [STDERR_REDIRECT] [Fatal Error] :1:1: Premature end of file.
2025-08-07 02:02:46,454 [ERROR] LogOutputStream:75 - [STDERR_REDIRECT] 
2025-08-07 02:02:47,455 [ERROR] LogOutputStream:75 - [STDERR_REDIRECT] [Fatal Error] :1:1: Premature end of file.
2025-08-07 02:02:47,455 [ERROR] LogOutputStream:75 - [STDERR_REDIRECT] 
2025-08-07 02:02:48,455 [ERROR] LogOutputStream:75 - [STDERR_REDIRECT] [Fatal Error] :1:1: Premature end of file.
2025-08-07 02:02:48,455 [ERROR] LogOutputStream:75 - [STDERR_REDIRECT] 
2025-08-07 02:02:49,454 [ERROR] LogOutputStream:75 - [STDERR_REDIRECT] [Fatal Error] :1:1: Premature end of file.
2025-08-07 02:02:49,454 [ERROR] LogOutputStream:75 - [STDERR_REDIRECT] 
2025-08-07 02:02:50,454 [ERROR] LogOutputStream:75 - [STDERR_REDIRECT] [Fatal Error] :1:1: Premature end of file.
2025-08-07 02:02:50,454 [ERROR] LogOutputStream:75 - [STDERR_REDIRECT] 
2025-08-07 02:02:51,456 [ERROR] LogOutputStream:75 - [STDERR_REDIRECT] [Fatal Error] :1:1: Premature end of file.
2025-08-07 02:02:51,456 [ERROR] LogOutputStream:75 - [STDERR_REDIRECT] 
2025-08-07 02:02:52,467 [ERROR] LogOutputStream:75 - [STDERR_REDIRECT] [Fatal Error] :1:1: Premature end of file.
2025-08-07 02:02:52,467 [ERROR] LogOutputStream:75 - [STDERR_REDIRECT] 
2025-08-07 02:02:53,452 [ERROR] LogOutputStream:75 - [STDERR_REDIRECT] [Fatal Error] :1:1: Premature end of file.
2025-08-07 02:02:53,452 [ERROR] LogOutputStream:75 - [STDERR_REDIRECT] 
2025-08-07 02:02:54,453 [ERROR] LogOutputStream:75 - [STDERR_REDIRECT] [Fatal Error] :1:1: Premature end of file.
2025-08-07 02:02:54,453 [ERROR] LogOutputStream:75 - [STDERR_REDIRECT] 
2025-08-07 02:02:55,454 [ERROR] LogOutputStream:75 - [STDERR_REDIRECT] [Fatal Error] :1:1: Premature end of file.
2025-08-07 02:02:55,454 [ERROR] LogOutputStream:75 - [STDERR_REDIRECT] 
2025-08-07 02:02:56,454 [ERROR] LogOutputStream:75 - [STDERR_REDIRECT] [Fatal Error] :1:1: Premature end of file.
2025-08-07 02:02:56,454 [ERROR] LogOutputStream:75 - [STDERR_REDIRECT] 
2025-08-07 02:02:57,454 [ERROR] LogOutputStream:75 - [STDERR_REDIRECT] [Fatal Error] :1:1: Premature end of file.
2025-08-07 02:02:57,454 [ERROR] LogOutputStream:75 - [STDERR_REDIRECT] 
2025-08-07 02:02:58,455 [ERROR] LogOutputStream:75 - [STDERR_REDIRECT] [Fatal Error] :1:1: Premature end of file.
2025-08-07 02:02:58,455 [ERROR] LogOutputStream:75 - [STDERR_REDIRECT] 
2025-08-07 02:02:59,456 [ERROR] LogOutputStream:75 - [STDERR_REDIRECT] [Fatal Error] :1:1: Premature end of file.
2025-08-07 02:02:59,456 [ERROR] LogOutputStream:75 - [STDERR_REDIRECT] 
2025-08-07 02:03:00,462 [ERROR] LogOutputStream:75 - [STDERR_REDIRECT] [Fatal Error] :1:1: Premature end of file.
2025-08-07 02:03:00,462 [ERROR] LogOutputStream:75 - [STDERR_REDIRECT] 
2025-08-07 02:03:01,454 [ERROR] LogOutputStream:75 - [STDERR_REDIRECT] [Fatal Error] :1:1: Premature end of file.
2025-08-07 02:03:01,454 [ERROR] LogOutputStream:75 - [STDERR_REDIRECT] 
2025-08-07 02:03:02,454 [ERROR] LogOutputStream:75 - [STDERR_REDIRECT] [Fatal Error] :1:1: Premature end of file.
2025-08-07 02:03:02,455 [ERROR] LogOutputStream:75 - [STDERR_REDIRECT] 
2025-08-07 02:03:03,454 [ERROR] LogOutputStream:75 - [STDERR_REDIRECT] [Fatal Error] :1:1: Premature end of file.
2025-08-07 02:03:03,454 [ERROR] LogOutputStream:75 - [STDERR_REDIRECT] 
2025-08-07 02:03:04,454 [ERROR] LogOutputStream:75 - [STDERR_REDIRECT] [Fatal Error] :1:1: Premature end of file.
2025-08-07 02:03:04,455 [ERROR] LogOutputStream:75 - [STDERR_REDIRECT] 
2025-08-07 02:03:05,453 [ERROR] LogOutputStream:75 - [STDERR_REDIRECT] [Fatal Error] :1:1: Premature end of file.
2025-08-07 02:03:05,453 [ERROR] LogOutputStream:75 - [STDERR_REDIRECT] 
2025-08-07 02:03:06,455 [ERROR] LogOutputStream:75 - [STDERR_REDIRECT] [Fatal Error] :1:1: Premature end of file.
2025-08-07 02:03:06,455 [ERROR] LogOutputStream:75 - [STDERR_REDIRECT] 
2025-08-07 02:03:07,454 [ERROR] LogOutputStream:75 - [STDERR_REDIRECT] [Fatal Error] :1:1: Premature end of file.
2025-08-07 02:03:07,454 [ERROR] LogOutputStream:75 - [STDERR_REDIRECT] 
2025-08-07 02:03:08,454 [ERROR] LogOutputStream:75 - [STDERR_REDIRECT] [Fatal Error] :1:1: Premature end of file.
2025-08-07 02:03:08,454 [ERROR] LogOutputStream:75 - [STDERR_REDIRECT] 
2025-08-07 02:03:09,456 [ERROR] LogOutputStream:75 - [STDERR_REDIRECT] [Fatal Error] :1:1: Premature end of file.
2025-08-07 02:03:09,456 [ERROR] LogOutputStream:75 - [STDERR_REDIRECT] 
2025-08-07 02:03:10,456 [ERROR] LogOutputStream:75 - [STDERR_REDIRECT] [Fatal Error] :1:1: Premature end of file.
2025-08-07 02:03:10,456 [ERROR] LogOutputStream:75 - [STDERR_REDIRECT] 
2025-08-07 02:03:11,467 [ERROR] LogOutputStream:75 - [STDERR_REDIRECT] [Fatal Error] :1:1: Premature end of file.
2025-08-07 02:03:11,467 [ERROR] LogOutputStream:75 - [STDERR_REDIRECT] 
2025-08-07 02:03:12,459 [ERROR] LogOutputStream:75 - [STDERR_REDIRECT] [Fatal Error] :1:1: Premature end of file.
2025-08-07 02:03:12,459 [ERROR] LogOutputStream:75 - [STDERR_REDIRECT] 
2025-08-07 02:03:13,455 [ERROR] LogOutputStream:75 - [STDERR_REDIRECT] [Fatal Error] :1:1: Premature end of file.
2025-08-07 02:03:13,456 [ERROR] LogOutputStream:75 - [STDERR_REDIRECT] 
2025-08-07 02:03:14,464 [ERROR] LogOutputStream:75 - [STDERR_REDIRECT] [Fatal Error] :1:1: Premature end of file.
2025-08-07 02:03:14,464 [ERROR] LogOutputStream:75 - [STDERR_REDIRECT] 
2025-08-07 02:03:15,456 [ERROR] LogOutputStream:75 - [STDERR_REDIRECT] [Fatal Error] :1:1: Premature end of file.
2025-08-07 02:03:15,456 [ERROR] LogOutputStream:75 - [STDERR_REDIRECT] 
2025-08-07 02:03:16,460 [ERROR] LogOutputStream:75 - [STDERR_REDIRECT] [Fatal Error] :1:1: Premature end of file.
2025-08-07 02:03:16,460 [ERROR] LogOutputStream:75 - [STDERR_REDIRECT] 
2025-08-07 02:03:17,455 [ERROR] LogOutputStream:75 - [STDERR_REDIRECT] [Fatal Error] :1:1: Premature end of file.
2025-08-07 02:03:17,455 [ERROR] LogOutputStream:75 - [STDERR_REDIRECT] 
2025-08-07 02:03:18,459 [ERROR] LogOutputStream:75 - [STDERR_REDIRECT] [Fatal Error] :1:1: Premature end of file.
2025-08-07 02:03:18,460 [ERROR] LogOutputStream:75 - [STDERR_REDIRECT] 
2025-08-07 02:03:19,476 [ERROR] LogOutputStream:75 - [STDERR_REDIRECT] [Fatal Error] :1:1: Premature end of file.
2025-08-07 02:03:19,477 [ERROR] LogOutputStream:75 - [STDERR_REDIRECT] 
2025-08-07 02:03:20,461 [ERROR] LogOutputStream:75 - [STDERR_REDIRECT] [Fatal Error] :1:1: Premature end of file.
2025-08-07 02:03:20,461 [ERROR] LogOutputStream:75 - [STDERR_REDIRECT] 
2025-08-07 02:03:21,457 [ERROR] LogOutputStream:75 - [STDERR_REDIRECT] [Fatal Error] :1:1: Premature end of file.
2025-08-07 02:03:21,457 [ERROR] LogOutputStream:75 - [STDERR_REDIRECT] 
2025-08-07 02:03:22,480 [ERROR] LogOutputStream:75 - [STDERR_REDIRECT] [Fatal Error] :1:1: Premature end of file.
2025-08-07 02:03:22,480 [ERROR] LogOutputStream:75 - [STDERR_REDIRECT] 
2025-08-07 02:03:23,472 [ERROR] LogOutputStream:75 - [STDERR_REDIRECT] [Fatal Error] :1:1: Premature end of file.
2025-08-07 02:03:23,472 [ERROR] LogOutputStream:75 - [STDERR_REDIRECT] 
2025-08-07 02:03:24,467 [ERROR] LogOutputStream:75 - [STDERR_REDIRECT] [Fatal Error] :1:1: Premature end of file.
2025-08-07 02:03:24,469 [ERROR] LogOutputStream:75 - [STDERR_REDIRECT] 
2025-08-07 02:03:25,511 [ERROR] LogOutputStream:75 - [STDERR_REDIRECT] [Fatal Error] :1:1: Premature end of file.
2025-08-07 02:03:25,512 [ERROR] LogOutputStream:75 - [STDERR_REDIRECT] 
2025-08-07 02:03:26,499 [ERROR] LogOutputStream:75 - [STDERR_REDIRECT] [Fatal Error] :1:1: Premature end of file.
2025-08-07 02:03:26,499 [ERROR] LogOutputStream:75 - [STDERR_REDIRECT] 
2025-08-07 02:03:27,469 [ERROR] LogOutputStream:75 - [STDERR_REDIRECT] [Fatal Error] :1:1: Premature end of file.
2025-08-07 02:03:27,469 [ERROR] LogOutputStream:75 - [STDERR_REDIRECT] 
2025-08-07 02:03:28,461 [ERROR] LogOutputStream:75 - [STDERR_REDIRECT] [Fatal Error] :1:1: Premature end of file.
2025-08-07 02:03:28,461 [ERROR] LogOutputStream:75 - [STDERR_REDIRECT] 
2025-08-07 02:03:29,472 [ERROR] LogOutputStream:75 - [STDERR_REDIRECT] [Fatal Error] :1:1: Premature end of file.
2025-08-07 02:03:29,472 [ERROR] LogOutputStream:75 - [STDERR_REDIRECT] 
2025-08-07 02:03:30,471 [ERROR] LogOutputStream:75 - [STDERR_REDIRECT] [Fatal Error] :1:1: Premature end of file.
2025-08-07 02:03:30,471 [ERROR] LogOutputStream:75 - [STDERR_REDIRECT] 
2025-08-07 02:03:31,467 [ERROR] LogOutputStream:75 - [STDERR_REDIRECT] [Fatal Error] :1:1: Premature end of file.
2025-08-07 02:03:31,467 [ERROR] LogOutputStream:75 - [STDERR_REDIRECT] 
2025-08-07 02:03:32,464 [ERROR] LogOutputStream:75 - [STDERR_REDIRECT] [Fatal Error] :1:1: Premature end of file.
2025-08-07 02:03:32,464 [ERROR] LogOutputStream:75 - [STDERR_REDIRECT] 
2025-08-07 02:03:33,469 [ERROR] LogOutputStream:75 - [STDERR_REDIRECT] [Fatal Error] :1:1: Premature end of file.
2025-08-07 02:03:33,469 [ERROR] LogOutputStream:75 - [STDERR_REDIRECT] 
2025-08-07 02:03:34,457 [ERROR] LogOutputStream:75 - [STDERR_REDIRECT] [Fatal Error] :1:1: Premature end of file.
2025-08-07 02:03:34,457 [ERROR] LogOutputStream:75 - [STDERR_REDIRECT] 
2025-08-07 02:03:35,463 [ERROR] LogOutputStream:75 - [STDERR_REDIRECT] [Fatal Error] :1:1: Premature end of file.
2025-08-07 02:03:35,464 [ERROR] LogOutputStream:75 - [STDERR_REDIRECT] 
2025-08-07 02:03:36,466 [ERROR] LogOutputStream:75 - [STDERR_REDIRECT] [Fatal Error] :1:1: Premature end of file.
2025-08-07 02:03:36,467 [ERROR] LogOutputStream:75 - [STDERR_REDIRECT] 
2025-08-07 02:03:37,463 [ERROR] LogOutputStream:75 - [STDERR_REDIRECT] [Fatal Error] :1:1: Premature end of file.
2025-08-07 02:03:37,463 [ERROR] LogOutputStream:75 - [STDERR_REDIRECT] 
2025-08-07 02:03:38,471 [ERROR] LogOutputStream:75 - [STDERR_REDIRECT] [Fatal Error] :1:1: Premature end of file.
2025-08-07 02:03:38,471 [ERROR] LogOutputStream:75 - [STDERR_REDIRECT] 
2025-08-07 02:03:39,462 [ERROR] LogOutputStream:75 - [STDERR_REDIRECT] [Fatal Error] :1:1: Premature end of file.
2025-08-07 02:03:39,462 [ERROR] LogOutputStream:75 - [STDERR_REDIRECT] 
2025-08-07 02:03:40,470 [ERROR] LogOutputStream:75 - [STDERR_REDIRECT] [Fatal Error] :1:1: Premature end of file.
2025-08-07 02:03:40,470 [ERROR] LogOutputStream:75 - [STDERR_REDIRECT] 
2025-08-07 02:03:41,467 [ERROR] LogOutputStream:75 - [STDERR_REDIRECT] [Fatal Error] :1:1: Premature end of file.
2025-08-07 02:03:41,467 [ERROR] LogOutputStream:75 - [STDERR_REDIRECT] 
2025-08-07 02:03:42,465 [ERROR] LogOutputStream:75 - [STDERR_REDIRECT] [Fatal Error] :1:1: Premature end of file.
2025-08-07 02:03:42,465 [ERROR] LogOutputStream:75 - [STDERR_REDIRECT] 
2025-08-07 02:03:43,459 [ERROR] LogOutputStream:75 - [STDERR_REDIRECT] [Fatal Error] :1:1: Premature end of file.
2025-08-07 02:03:43,459 [ERROR] LogOutputStream:75 - [STDERR_REDIRECT] 
2025-08-07 02:03:44,472 [ERROR] LogOutputStream:75 - [STDERR_REDIRECT] [Fatal Error] :1:1: Premature end of file.
2025-08-07 02:03:44,472 [ERROR] LogOutputStream:75 - [STDERR_REDIRECT] 
2025-08-07 02:03:45,469 [ERROR] LogOutputStream:75 - [STDERR_REDIRECT] [Fatal Error] :1:1: Premature end of file.
2025-08-07 02:03:45,469 [ERROR] LogOutputStream:75 - [STDERR_REDIRECT] 
2025-08-07 02:03:46,460 [ERROR] LogOutputStream:75 - [STDERR_REDIRECT] [Fatal Error] :1:1: Premature end of file.
2025-08-07 02:03:46,461 [ERROR] LogOutputStream:75 - [STDERR_REDIRECT] 
2025-08-07 02:03:47,463 [ERROR] LogOutputStream:75 - [STDERR_REDIRECT] [Fatal Error] :1:1: Premature end of file.
2025-08-07 02:03:47,463 [ERROR] LogOutputStream:75 - [STDERR_REDIRECT] 
2025-08-07 02:03:48,474 [ERROR] LogOutputStream:75 - [STDERR_REDIRECT] [Fatal Error] :1:1: Premature end of file.
2025-08-07 02:03:48,474 [ERROR] LogOutputStream:75 - [STDERR_REDIRECT] 
2025-08-07 02:03:49,459 [ERROR] LogOutputStream:75 - [STDERR_REDIRECT] [Fatal Error] :1:1: Premature end of file.
2025-08-07 02:03:49,459 [ERROR] LogOutputStream:75 - [STDERR_REDIRECT] 
2025-08-07 02:03:50,468 [ERROR] LogOutputStream:75 - [STDERR_REDIRECT] [Fatal Error] :1:1: Premature end of file.
2025-08-07 02:03:50,468 [ERROR] LogOutputStream:75 - [STDERR_REDIRECT] 
2025-08-07 02:03:51,465 [ERROR] LogOutputStream:75 - [STDERR_REDIRECT] [Fatal Error] :1:1: Premature end of file.
2025-08-07 02:03:51,465 [ERROR] LogOutputStream:75 - [STDERR_REDIRECT] 
2025-08-07 02:03:52,462 [ERROR] LogOutputStream:75 - [STDERR_REDIRECT] [Fatal Error] :1:1: Premature end of file.
2025-08-07 02:03:52,462 [ERROR] LogOutputStream:75 - [STDERR_REDIRECT] 
2025-08-07 02:03:53,456 [ERROR] LogOutputStream:75 - [STDERR_REDIRECT] [Fatal Error] :1:1: Premature end of file.
2025-08-07 02:03:53,456 [ERROR] LogOutputStream:75 - [STDERR_REDIRECT] 
2025-08-07 02:03:54,469 [ERROR] LogOutputStream:75 - [STDERR_REDIRECT] [Fatal Error] :1:1: Premature end of file.
2025-08-07 02:03:54,469 [ERROR] LogOutputStream:75 - [STDERR_REDIRECT] 
2025-08-07 02:03:55,467 [ERROR] LogOutputStream:75 - [STDERR_REDIRECT] [Fatal Error] :1:1: Premature end of file.
2025-08-07 02:03:55,467 [ERROR] LogOutputStream:75 - [STDERR_REDIRECT] 
2025-08-07 02:03:56,458 [ERROR] LogOutputStream:75 - [STDERR_REDIRECT] [Fatal Error] :1:1: Premature end of file.
2025-08-07 02:03:56,458 [ERROR] LogOutputStream:75 - [STDERR_REDIRECT] 
2025-08-07 02:03:57,478 [ERROR] LogOutputStream:75 - [STDERR_REDIRECT] [Fatal Error] :1:1: Premature end of file.
2025-08-07 02:03:57,478 [ERROR] LogOutputStream:75 - [STDERR_REDIRECT] 
2025-08-07 02:03:58,479 [ERROR] LogOutputStream:75 - [STDERR_REDIRECT] [Fatal Error] :1:1: Premature end of file.
2025-08-07 02:03:58,479 [ERROR] LogOutputStream:75 - [STDERR_REDIRECT] 
2025-08-07 02:03:59,464 [ERROR] LogOutputStream:75 - [STDERR_REDIRECT] [Fatal Error] :1:1: Premature end of file.
2025-08-07 02:03:59,465 [ERROR] LogOutputStream:75 - [STDERR_REDIRECT] 
2025-08-07 02:04:00,472 [ERROR] LogOutputStream:75 - [STDERR_REDIRECT] [Fatal Error] :1:1: Premature end of file.
2025-08-07 02:04:00,472 [ERROR] LogOutputStream:75 - [STDERR_REDIRECT] 
2025-08-07 02:04:01,462 [ERROR] LogOutputStream:75 - [STDERR_REDIRECT] [Fatal Error] :1:1: Premature end of file.
2025-08-07 02:04:01,462 [ERROR] LogOutputStream:75 - [STDERR_REDIRECT] 
2025-08-07 02:04:02,478 [ERROR] LogOutputStream:75 - [STDERR_REDIRECT] [Fatal Error] :1:1: Premature end of file.
2025-08-07 02:04:02,478 [ERROR] LogOutputStream:75 - [STDERR_REDIRECT] 
2025-08-07 02:04:03,466 [ERROR] LogOutputStream:75 - [STDERR_REDIRECT] [Fatal Error] :1:1: Premature end of file.
2025-08-07 02:04:03,466 [ERROR] LogOutputStream:75 - [STDERR_REDIRECT] 
2025-08-07 02:04:04,472 [ERROR] LogOutputStream:75 - [STDERR_REDIRECT] [Fatal Error] :1:1: Premature end of file.
2025-08-07 02:04:04,472 [ERROR] LogOutputStream:75 - [STDERR_REDIRECT] 
2025-08-07 02:04:05,464 [ERROR] LogOutputStream:75 - [STDERR_REDIRECT] [Fatal Error] :1:1: Premature end of file.
2025-08-07 02:04:05,465 [ERROR] LogOutputStream:75 - [STDERR_REDIRECT] 
2025-08-07 02:04:06,471 [ERROR] LogOutputStream:75 - [STDERR_REDIRECT] [Fatal Error] :1:1: Premature end of file.
2025-08-07 02:04:06,471 [ERROR] LogOutputStream:75 - [STDERR_REDIRECT] 
2025-08-07 02:04:07,460 [ERROR] LogOutputStream:75 - [STDERR_REDIRECT] [Fatal Error] :1:1: Premature end of file.
2025-08-07 02:04:07,460 [ERROR] LogOutputStream:75 - [STDERR_REDIRECT] 
2025-08-07 02:04:08,474 [ERROR] LogOutputStream:75 - [STDERR_REDIRECT] [Fatal Error] :1:1: Premature end of file.
2025-08-07 02:04:08,474 [ERROR] LogOutputStream:75 - [STDERR_REDIRECT] 
2025-08-07 02:04:09,458 [ERROR] LogOutputStream:75 - [STDERR_REDIRECT] [Fatal Error] :1:1: Premature end of file.
2025-08-07 02:04:09,458 [ERROR] LogOutputStream:75 - [STDERR_REDIRECT] 
2025-08-07 02:04:10,457 [ERROR] LogOutputStream:75 - [STDERR_REDIRECT] [Fatal Error] :1:1: Premature end of file.
2025-08-07 02:04:10,457 [ERROR] LogOutputStream:75 - [STDERR_REDIRECT] 
2025-08-07 02:04:11,469 [ERROR] LogOutputStream:75 - [STDERR_REDIRECT] [Fatal Error] :1:1: Premature end of file.
2025-08-07 02:04:11,470 [ERROR] LogOutputStream:75 - [STDERR_REDIRECT] 
2025-08-07 02:04:12,487 [ERROR] LogOutputStream:75 - [STDERR_REDIRECT] [Fatal Error] :1:1: Premature end of file.
2025-08-07 02:04:12,487 [ERROR] LogOutputStream:75 - [STDERR_REDIRECT] 
2025-08-07 02:04:13,476 [ERROR] LogOutputStream:75 - [STDERR_REDIRECT] [Fatal Error] :1:1: Premature end of file.
2025-08-07 02:04:13,477 [ERROR] LogOutputStream:75 - [STDERR_REDIRECT] 
2025-08-07 02:04:14,460 [ERROR] LogOutputStream:75 - [STDERR_REDIRECT] [Fatal Error] :1:1: Premature end of file.
2025-08-07 02:04:14,460 [ERROR] LogOutputStream:75 - [STDERR_REDIRECT] 
2025-08-07 02:04:15,458 [ERROR] LogOutputStream:75 - [STDERR_REDIRECT] [Fatal Error] :1:1: Premature end of file.
2025-08-07 02:04:15,458 [ERROR] LogOutputStream:75 - [STDERR_REDIRECT] 
2025-08-07 02:04:16,475 [ERROR] LogOutputStream:75 - [STDERR_REDIRECT] [Fatal Error] :1:1: Premature end of file.
2025-08-07 02:04:16,475 [ERROR] LogOutputStream:75 - [STDERR_REDIRECT] 
2025-08-07 02:04:17,457 [ERROR] LogOutputStream:75 - [STDERR_REDIRECT] [Fatal Error] :1:1: Premature end of file.
2025-08-07 02:04:17,457 [ERROR] LogOutputStream:75 - [STDERR_REDIRECT] 
2025-08-07 02:04:18,477 [ERROR] LogOutputStream:75 - [STDERR_REDIRECT] [Fatal Error] :1:1: Premature end of file.
2025-08-07 02:04:18,477 [ERROR] LogOutputStream:75 - [STDERR_REDIRECT] 
2025-08-07 02:04:19,463 [ERROR] LogOutputStream:75 - [STDERR_REDIRECT] [Fatal Error] :1:1: Premature end of file.
2025-08-07 02:04:19,463 [ERROR] LogOutputStream:75 - [STDERR_REDIRECT] 
2025-08-07 02:04:20,459 [ERROR] LogOutputStream:75 - [STDERR_REDIRECT] [Fatal Error] :1:1: Premature end of file.
2025-08-07 02:04:20,459 [ERROR] LogOutputStream:75 - [STDERR_REDIRECT] 
2025-08-07 02:04:21,465 [ERROR] LogOutputStream:75 - [STDERR_REDIRECT] [Fatal Error] :1:1: Premature end of file.
2025-08-07 02:04:21,465 [ERROR] LogOutputStream:75 - [STDERR_REDIRECT] 
2025-08-07 02:04:22,459 [ERROR] LogOutputStream:75 - [STDERR_REDIRECT] [Fatal Error] :1:1: Premature end of file.
2025-08-07 02:04:22,459 [ERROR] LogOutputStream:75 - [STDERR_REDIRECT] 
2025-08-07 02:04:23,454 [ERROR] LogOutputStream:75 - [STDERR_REDIRECT] [Fatal Error] :1:1: Premature end of file.
2025-08-07 02:04:23,454 [ERROR] LogOutputStream:75 - [STDERR_REDIRECT] 
2025-08-07 02:04:24,465 [ERROR] LogOutputStream:75 - [STDERR_REDIRECT] [Fatal Error] :1:1: Premature end of file.
2025-08-07 02:04:24,465 [ERROR] LogOutputStream:75 - [STDERR_REDIRECT] 
2025-08-07 02:04:25,454 [ERROR] LogOutputStream:75 - [STDERR_REDIRECT] [Fatal Error] :1:1: Premature end of file.
2025-08-07 02:04:25,454 [ERROR] LogOutputStream:75 - [STDERR_REDIRECT] 
2025-08-07 02:04:26,466 [ERROR] LogOutputStream:75 - [STDERR_REDIRECT] [Fatal Error] :1:1: Premature end of file.
2025-08-07 02:04:26,466 [ERROR] LogOutputStream:75 - [STDERR_REDIRECT] 
2025-08-07 02:04:27,464 [ERROR] LogOutputStream:75 - [STDERR_REDIRECT] [Fatal Error] :1:1: Premature end of file.
2025-08-07 02:04:27,464 [ERROR] LogOutputStream:75 - [STDERR_REDIRECT] 
2025-08-07 02:04:28,484 [ERROR] LogOutputStream:75 - [STDERR_REDIRECT] [Fatal Error] :1:1: Premature end of file.
2025-08-07 02:04:28,485 [ERROR] LogOutputStream:75 - [STDERR_REDIRECT] 
2025-08-07 02:04:29,464 [ERROR] LogOutputStream:75 - [STDERR_REDIRECT] [Fatal Error] :1:1: Premature end of file.
2025-08-07 02:04:29,464 [ERROR] LogOutputStream:75 - [STDERR_REDIRECT] 
2025-08-07 02:04:30,464 [ERROR] LogOutputStream:75 - [STDERR_REDIRECT] [Fatal Error] :1:1: Premature end of file.
2025-08-07 02:04:30,464 [ERROR] LogOutputStream:75 - [STDERR_REDIRECT] 
2025-08-07 02:04:31,467 [ERROR] LogOutputStream:75 - [STDERR_REDIRECT] [Fatal Error] :1:1: Premature end of file.
2025-08-07 02:04:31,467 [ERROR] LogOutputStream:75 - [STDERR_REDIRECT] 
2025-08-07 02:04:32,470 [ERROR] LogOutputStream:75 - [STDERR_REDIRECT] [Fatal Error] :1:1: Premature end of file.
2025-08-07 02:04:32,470 [ERROR] LogOutputStream:75 - [STDERR_REDIRECT] 
2025-08-07 02:04:33,466 [ERROR] LogOutputStream:75 - [STDERR_REDIRECT] [Fatal Error] :1:1: Premature end of file.
2025-08-07 02:04:33,467 [ERROR] LogOutputStream:75 - [STDERR_REDIRECT] 
2025-08-07 02:04:34,477 [ERROR] LogOutputStream:75 - [STDERR_REDIRECT] [Fatal Error] :1:1: Premature end of file.
2025-08-07 02:04:34,478 [ERROR] LogOutputStream:75 - [STDERR_REDIRECT] 
2025-08-07 02:04:35,463 [ERROR] LogOutputStream:75 - [STDERR_REDIRECT] [Fatal Error] :1:1: Premature end of file.
2025-08-07 02:04:35,463 [ERROR] LogOutputStream:75 - [STDERR_REDIRECT] 
2025-08-07 02:04:36,464 [ERROR] LogOutputStream:75 - [STDERR_REDIRECT] [Fatal Error] :1:1: Premature end of file.
2025-08-07 02:04:36,465 [ERROR] LogOutputStream:75 - [STDERR_REDIRECT] 
2025-08-07 02:04:37,459 [ERROR] LogOutputStream:75 - [STDERR_REDIRECT] [Fatal Error] :1:1: Premature end of file.
2025-08-07 02:04:37,459 [ERROR] LogOutputStream:75 - [STDERR_REDIRECT] 
2025-08-07 02:04:38,462 [ERROR] LogOutputStream:75 - [STDERR_REDIRECT] [Fatal Error] :1:1: Premature end of file.
2025-08-07 02:04:38,462 [ERROR] LogOutputStream:75 - [STDERR_REDIRECT] 
2025-08-07 02:04:39,465 [ERROR] LogOutputStream:75 - [STDERR_REDIRECT] [Fatal Error] :1:1: Premature end of file.
2025-08-07 02:04:39,466 [ERROR] LogOutputStream:75 - [STDERR_REDIRECT] 
2025-08-07 02:04:40,461 [ERROR] LogOutputStream:75 - [STDERR_REDIRECT] [Fatal Error] :1:1: Premature end of file.
2025-08-07 02:04:40,461 [ERROR] LogOutputStream:75 - [STDERR_REDIRECT] 
2025-08-07 02:04:41,459 [ERROR] LogOutputStream:75 - [STDERR_REDIRECT] [Fatal Error] :1:1: Premature end of file.
2025-08-07 02:04:41,460 [ERROR] LogOutputStream:75 - [STDERR_REDIRECT] 
2025-08-07 02:04:42,462 [ERROR] LogOutputStream:75 - [STDERR_REDIRECT] [Fatal Error] :1:1: Premature end of file.
2025-08-07 02:04:42,462 [ERROR] LogOutputStream:75 - [STDERR_REDIRECT] 
2025-08-07 02:04:43,469 [ERROR] LogOutputStream:75 - [STDERR_REDIRECT] [Fatal Error] :1:1: Premature end of file.
2025-08-07 02:04:43,469 [ERROR] LogOutputStream:75 - [STDERR_REDIRECT] 
2025-08-07 02:04:44,462 [ERROR] LogOutputStream:75 - [STDERR_REDIRECT] [Fatal Error] :1:1: Premature end of file.
2025-08-07 02:04:44,462 [ERROR] LogOutputStream:75 - [STDERR_REDIRECT] 
2025-08-07 02:04:45,471 [ERROR] LogOutputStream:75 - [STDERR_REDIRECT] [Fatal Error] :1:1: Premature end of file.
2025-08-07 02:04:45,471 [ERROR] LogOutputStream:75 - [STDERR_REDIRECT] 
2025-08-07 02:04:46,460 [ERROR] LogOutputStream:75 - [STDERR_REDIRECT] [Fatal Error] :1:1: Premature end of file.
2025-08-07 02:04:46,460 [ERROR] LogOutputStream:75 - [STDERR_REDIRECT] 
2025-08-07 02:04:47,463 [ERROR] LogOutputStream:75 - [STDERR_REDIRECT] [Fatal Error] :1:1: Premature end of file.
2025-08-07 02:04:47,463 [ERROR] LogOutputStream:75 - [STDERR_REDIRECT] 
2025-08-07 02:04:48,459 [ERROR] LogOutputStream:75 - [STDERR_REDIRECT] [Fatal Error] :1:1: Premature end of file.
2025-08-07 02:04:48,459 [ERROR] LogOutputStream:75 - [STDERR_REDIRECT] 
2025-08-07 02:04:49,468 [ERROR] LogOutputStream:75 - [STDERR_REDIRECT] [Fatal Error] :1:1: Premature end of file.
2025-08-07 02:04:49,468 [ERROR] LogOutputStream:75 - [STDERR_REDIRECT] 
2025-08-07 02:04:50,464 [ERROR] LogOutputStream:75 - [STDERR_REDIRECT] [Fatal Error] :1:1: Premature end of file.
2025-08-07 02:04:50,464 [ERROR] LogOutputStream:75 - [STDERR_REDIRECT] 
2025-08-07 02:04:51,470 [ERROR] LogOutputStream:75 - [STDERR_REDIRECT] [Fatal Error] :1:1: Premature end of file.
2025-08-07 02:04:51,470 [ERROR] LogOutputStream:75 - [STDERR_REDIRECT] 
2025-08-07 02:04:52,461 [ERROR] LogOutputStream:75 - [STDERR_REDIRECT] [Fatal Error] :1:1: Premature end of file.
2025-08-07 02:04:52,461 [ERROR] LogOutputStream:75 - [STDERR_REDIRECT] 
2025-08-07 02:04:53,464 [ERROR] LogOutputStream:75 - [STDERR_REDIRECT] [Fatal Error] :1:1: Premature end of file.
2025-08-07 02:04:53,464 [ERROR] LogOutputStream:75 - [STDERR_REDIRECT] 
2025-08-07 02:04:54,462 [ERROR] LogOutputStream:75 - [STDERR_REDIRECT] [Fatal Error] :1:1: Premature end of file.
2025-08-07 02:04:54,462 [ERROR] LogOutputStream:75 - [STDERR_REDIRECT] 
2025-08-07 02:04:55,462 [ERROR] LogOutputStream:75 - [STDERR_REDIRECT] [Fatal Error] :1:1: Premature end of file.
2025-08-07 02:04:55,462 [ERROR] LogOutputStream:75 - [STDERR_REDIRECT] 
2025-08-07 02:04:56,470 [ERROR] LogOutputStream:75 - [STDERR_REDIRECT] [Fatal Error] :1:1: Premature end of file.
2025-08-07 02:04:56,470 [ERROR] LogOutputStream:75 - [STDERR_REDIRECT] 
2025-08-07 02:04:57,461 [ERROR] LogOutputStream:75 - [STDERR_REDIRECT] [Fatal Error] :1:1: Premature end of file.
2025-08-07 02:04:57,461 [ERROR] LogOutputStream:75 - [STDERR_REDIRECT] 
2025-08-07 02:04:58,467 [ERROR] LogOutputStream:75 - [STDERR_REDIRECT] [Fatal Error] :1:1: Premature end of file.
2025-08-07 02:04:58,467 [ERROR] LogOutputStream:75 - [STDERR_REDIRECT] 
2025-08-07 02:04:59,471 [ERROR] LogOutputStream:75 - [STDERR_REDIRECT] [Fatal Error] :1:1: Premature end of file.
2025-08-07 02:04:59,471 [ERROR] LogOutputStream:75 - [STDERR_REDIRECT] 
2025-08-07 02:05:00,464 [ERROR] LogOutputStream:75 - [STDERR_REDIRECT] [Fatal Error] :1:1: Premature end of file.
2025-08-07 02:05:00,464 [ERROR] LogOutputStream:75 - [STDERR_REDIRECT] 
2025-08-07 02:05:01,470 [ERROR] LogOutputStream:75 - [STDERR_REDIRECT] [Fatal Error] :1:1: Premature end of file.
2025-08-07 02:05:01,470 [ERROR] LogOutputStream:75 - [STDERR_REDIRECT] 
2025-08-07 02:05:02,466 [ERROR] LogOutputStream:75 - [STDERR_REDIRECT] [Fatal Error] :1:1: Premature end of file.
2025-08-07 02:05:02,466 [ERROR] LogOutputStream:75 - [STDERR_REDIRECT] 
2025-08-07 02:05:03,462 [ERROR] LogOutputStream:75 - [STDERR_REDIRECT] [Fatal Error] :1:1: Premature end of file.
2025-08-07 02:05:03,462 [ERROR] LogOutputStream:75 - [STDERR_REDIRECT] 
2025-08-07 02:05:04,473 [ERROR] LogOutputStream:75 - [STDERR_REDIRECT] [Fatal Error] :1:1: Premature end of file.
2025-08-07 02:05:04,473 [ERROR] LogOutputStream:75 - [STDERR_REDIRECT] 
2025-08-07 02:05:05,470 [ERROR] LogOutputStream:75 - [STDERR_REDIRECT] [Fatal Error] :1:1: Premature end of file.
2025-08-07 02:05:05,470 [ERROR] LogOutputStream:75 - [STDERR_REDIRECT] 
2025-08-07 02:05:06,460 [ERROR] LogOutputStream:75 - [STDERR_REDIRECT] [Fatal Error] :1:1: Premature end of file.
2025-08-07 02:05:06,460 [ERROR] LogOutputStream:75 - [STDERR_REDIRECT] 
2025-08-07 02:05:07,466 [ERROR] LogOutputStream:75 - [STDERR_REDIRECT] [Fatal Error] :1:1: Premature end of file.
2025-08-07 02:05:07,466 [ERROR] LogOutputStream:75 - [STDERR_REDIRECT] 
2025-08-07 02:05:08,457 [ERROR] LogOutputStream:75 - [STDERR_REDIRECT] [Fatal Error] :1:1: Premature end of file.
2025-08-07 02:05:08,457 [ERROR] LogOutputStream:75 - [STDERR_REDIRECT] 
2025-08-07 02:05:09,463 [ERROR] LogOutputStream:75 - [STDERR_REDIRECT] [Fatal Error] :1:1: Premature end of file.
2025-08-07 02:05:09,463 [ERROR] LogOutputStream:75 - [STDERR_REDIRECT] 
2025-08-07 02:05:10,460 [ERROR] LogOutputStream:75 - [STDERR_REDIRECT] [Fatal Error] :1:1: Premature end of file.
2025-08-07 02:05:10,460 [ERROR] LogOutputStream:75 - [STDERR_REDIRECT] 
2025-08-07 02:05:11,465 [ERROR] LogOutputStream:75 - [STDERR_REDIRECT] [Fatal Error] :1:1: Premature end of file.
2025-08-07 02:05:11,466 [ERROR] LogOutputStream:75 - [STDERR_REDIRECT] 
2025-08-07 02:05:12,468 [ERROR] LogOutputStream:75 - [STDERR_REDIRECT] [Fatal Error] :1:1: Premature end of file.
2025-08-07 02:05:12,468 [ERROR] LogOutputStream:75 - [STDERR_REDIRECT] 
2025-08-07 02:05:13,467 [ERROR] LogOutputStream:75 - [STDERR_REDIRECT] [Fatal Error] :1:1: Premature end of file.
2025-08-07 02:05:13,468 [ERROR] LogOutputStream:75 - [STDERR_REDIRECT] 
2025-08-07 02:05:14,460 [ERROR] LogOutputStream:75 - [STDERR_REDIRECT] [Fatal Error] :1:1: Premature end of file.
2025-08-07 02:05:14,460 [ERROR] LogOutputStream:75 - [STDERR_REDIRECT] 
2025-08-07 02:05:15,469 [ERROR] LogOutputStream:75 - [STDERR_REDIRECT] [Fatal Error] :1:1: Premature end of file.
2025-08-07 02:05:15,469 [ERROR] LogOutputStream:75 - [STDERR_REDIRECT] 
2025-08-07 02:05:16,458 [ERROR] LogOutputStream:75 - [STDERR_REDIRECT] [Fatal Error] :1:1: Premature end of file.
2025-08-07 02:05:16,458 [ERROR] LogOutputStream:75 - [STDERR_REDIRECT] 
2025-08-07 02:05:17,465 [ERROR] LogOutputStream:75 - [STDERR_REDIRECT] [Fatal Error] :1:1: Premature end of file.
2025-08-07 02:05:17,465 [ERROR] LogOutputStream:75 - [STDERR_REDIRECT] 
2025-08-07 02:05:18,464 [ERROR] LogOutputStream:75 - [STDERR_REDIRECT] [Fatal Error] :1:1: Premature end of file.
2025-08-07 02:05:18,464 [ERROR] LogOutputStream:75 - [STDERR_REDIRECT] 
2025-08-07 02:05:19,464 [ERROR] LogOutputStream:75 - [STDERR_REDIRECT] [Fatal Error] :1:1: Premature end of file.
2025-08-07 02:05:19,464 [ERROR] LogOutputStream:75 - [STDERR_REDIRECT] 
2025-08-07 02:05:20,459 [ERROR] LogOutputStream:75 - [STDERR_REDIRECT] [Fatal Error] :1:1: Premature end of file.
2025-08-07 02:05:20,459 [ERROR] LogOutputStream:75 - [STDERR_REDIRECT] 
2025-08-07 02:05:21,465 [ERROR] LogOutputStream:75 - [STDERR_REDIRECT] [Fatal Error] :1:1: Premature end of file.
2025-08-07 02:05:21,466 [ERROR] LogOutputStream:75 - [STDERR_REDIRECT] 
2025-08-07 02:05:22,470 [ERROR] LogOutputStream:75 - [STDERR_REDIRECT] [Fatal Error] :1:1: Premature end of file.
2025-08-07 02:05:22,470 [ERROR] LogOutputStream:75 - [STDERR_REDIRECT] 
2025-08-07 02:05:23,463 [ERROR] LogOutputStream:75 - [STDERR_REDIRECT] [Fatal Error] :1:1: Premature end of file.
2025-08-07 02:05:23,463 [ERROR] LogOutputStream:75 - [STDERR_REDIRECT] 
2025-08-07 02:05:24,460 [ERROR] LogOutputStream:75 - [STDERR_REDIRECT] [Fatal Error] :1:1: Premature end of file.
2025-08-07 02:05:24,460 [ERROR] LogOutputStream:75 - [STDERR_REDIRECT] 
2025-08-07 02:05:25,469 [ERROR] LogOutputStream:75 - [STDERR_REDIRECT] [Fatal Error] :1:1: Premature end of file.
2025-08-07 02:05:25,469 [ERROR] LogOutputStream:75 - [STDERR_REDIRECT] 
2025-08-07 02:05:26,460 [ERROR] LogOutputStream:75 - [STDERR_REDIRECT] [Fatal Error] :1:1: Premature end of file.
2025-08-07 02:05:26,460 [ERROR] LogOutputStream:75 - [STDERR_REDIRECT] 
2025-08-07 02:05:27,465 [ERROR] LogOutputStream:75 - [STDERR_REDIRECT] [Fatal Error] :1:1: Premature end of file.
2025-08-07 02:05:27,465 [ERROR] LogOutputStream:75 - [STDERR_REDIRECT] 
2025-08-07 02:05:28,460 [ERROR] LogOutputStream:75 - [STDERR_REDIRECT] [Fatal Error] :1:1: Premature end of file.
2025-08-07 02:05:28,460 [ERROR] LogOutputStream:75 - [STDERR_REDIRECT] 
2025-08-07 02:05:29,464 [ERROR] LogOutputStream:75 - [STDERR_REDIRECT] [Fatal Error] :1:1: Premature end of file.
2025-08-07 02:05:29,464 [ERROR] LogOutputStream:75 - [STDERR_REDIRECT] 
2025-08-07 02:05:30,460 [ERROR] LogOutputStream:75 - [STDERR_REDIRECT] [Fatal Error] :1:1: Premature end of file.
2025-08-07 02:05:30,460 [ERROR] LogOutputStream:75 - [STDERR_REDIRECT] 
2025-08-07 02:05:31,457 [ERROR] LogOutputStream:75 - [STDERR_REDIRECT] [Fatal Error] :1:1: Premature end of file.
2025-08-07 02:05:31,457 [ERROR] LogOutputStream:75 - [STDERR_REDIRECT] 
2025-08-07 02:05:32,460 [ERROR] LogOutputStream:75 - [STDERR_REDIRECT] [Fatal Error] :1:1: Premature end of file.
2025-08-07 02:05:32,460 [ERROR] LogOutputStream:75 - [STDERR_REDIRECT] 
2025-08-07 02:05:33,471 [ERROR] LogOutputStream:75 - [STDERR_REDIRECT] [Fatal Error] :1:1: Premature end of file.
2025-08-07 02:05:33,472 [ERROR] LogOutputStream:75 - [STDERR_REDIRECT] 
2025-08-07 02:05:34,459 [ERROR] LogOutputStream:75 - [STDERR_REDIRECT] [Fatal Error] :1:1: Premature end of file.
2025-08-07 02:05:34,459 [ERROR] LogOutputStream:75 - [STDERR_REDIRECT] 
2025-08-07 02:05:35,463 [ERROR] LogOutputStream:75 - [STDERR_REDIRECT] [Fatal Error] :1:1: Premature end of file.
2025-08-07 02:05:35,463 [ERROR] LogOutputStream:75 - [STDERR_REDIRECT] 
2025-08-07 02:05:36,460 [ERROR] LogOutputStream:75 - [STDERR_REDIRECT] [Fatal Error] :1:1: Premature end of file.
2025-08-07 02:05:36,460 [ERROR] LogOutputStream:75 - [STDERR_REDIRECT] 
2025-08-07 02:05:37,470 [ERROR] LogOutputStream:75 - [STDERR_REDIRECT] [Fatal Error] :1:1: Premature end of file.
2025-08-07 02:05:37,470 [ERROR] LogOutputStream:75 - [STDERR_REDIRECT] 
2025-08-07 02:05:38,472 [ERROR] LogOutputStream:75 - [STDERR_REDIRECT] [Fatal Error] :1:1: Premature end of file.
2025-08-07 02:05:38,472 [ERROR] LogOutputStream:75 - [STDERR_REDIRECT] 
2025-08-07 02:05:39,472 [ERROR] LogOutputStream:75 - [STDERR_REDIRECT] [Fatal Error] :1:1: Premature end of file.
2025-08-07 02:05:39,472 [ERROR] LogOutputStream:75 - [STDERR_REDIRECT] 
2025-08-07 02:05:40,465 [ERROR] LogOutputStream:75 - [STDERR_REDIRECT] [Fatal Error] :1:1: Premature end of file.
2025-08-07 02:05:40,465 [ERROR] LogOutputStream:75 - [STDERR_REDIRECT] 
2025-08-07 02:05:41,470 [ERROR] LogOutputStream:75 - [STDERR_REDIRECT] [Fatal Error] :1:1: Premature end of file.
2025-08-07 02:05:41,470 [ERROR] LogOutputStream:75 - [STDERR_REDIRECT] 
2025-08-07 02:05:42,477 [ERROR] LogOutputStream:75 - [STDERR_REDIRECT] [Fatal Error] :1:1: Premature end of file.
2025-08-07 02:05:42,477 [ERROR] LogOutputStream:75 - [STDERR_REDIRECT] 
2025-08-07 02:05:43,466 [ERROR] LogOutputStream:75 - [STDERR_REDIRECT] [Fatal Error] :1:1: Premature end of file.
2025-08-07 02:05:43,466 [ERROR] LogOutputStream:75 - [STDERR_REDIRECT] 
2025-08-07 02:05:44,485 [ERROR] LogOutputStream:75 - [STDERR_REDIRECT] [Fatal Error] :1:1: Premature end of file.
2025-08-07 02:05:44,486 [ERROR] LogOutputStream:75 - [STDERR_REDIRECT] 
2025-08-07 02:05:45,467 [ERROR] LogOutputStream:75 - [STDERR_REDIRECT] [Fatal Error] :1:1: Premature end of file.
2025-08-07 02:05:45,467 [ERROR] LogOutputStream:75 - [STDERR_REDIRECT] 
2025-08-07 02:05:46,461 [ERROR] LogOutputStream:75 - [STDERR_REDIRECT] [Fatal Error] :1:1: Premature end of file.
2025-08-07 02:05:46,461 [ERROR] LogOutputStream:75 - [STDERR_REDIRECT] 
2025-08-07 02:05:47,470 [ERROR] LogOutputStream:75 - [STDERR_REDIRECT] [Fatal Error] :1:1: Premature end of file.
2025-08-07 02:05:47,470 [ERROR] LogOutputStream:75 - [STDERR_REDIRECT] 
2025-08-07 02:05:48,468 [ERROR] LogOutputStream:75 - [STDERR_REDIRECT] [Fatal Error] :1:1: Premature end of file.
2025-08-07 02:05:48,468 [ERROR] LogOutputStream:75 - [STDERR_REDIRECT] 
2025-08-07 02:05:49,496 [ERROR] LogOutputStream:75 - [STDERR_REDIRECT] [Fatal Error] :1:1: Premature end of file.
2025-08-07 02:05:49,497 [ERROR] LogOutputStream:75 - [STDERR_REDIRECT] 
2025-08-07 02:05:50,471 [ERROR] LogOutputStream:75 - [STDERR_REDIRECT] [Fatal Error] :1:1: Premature end of file.
2025-08-07 02:05:50,471 [ERROR] LogOutputStream:75 - [STDERR_REDIRECT] 
2025-08-07 02:05:51,480 [ERROR] LogOutputStream:75 - [STDERR_REDIRECT] [Fatal Error] :1:1: Premature end of file.
2025-08-07 02:05:51,480 [ERROR] LogOutputStream:75 - [STDERR_REDIRECT] 
2025-08-07 02:05:52,468 [ERROR] LogOutputStream:75 - [STDERR_REDIRECT] [Fatal Error] :1:1: Premature end of file.
2025-08-07 02:05:52,468 [ERROR] LogOutputStream:75 - [STDERR_REDIRECT] 
2025-08-07 02:05:53,457 [ERROR] LogOutputStream:75 - [STDERR_REDIRECT] [Fatal Error] :1:1: Premature end of file.
2025-08-07 02:05:53,458 [ERROR] LogOutputStream:75 - [STDERR_REDIRECT] 
2025-08-07 02:05:54,461 [ERROR] LogOutputStream:75 - [STDERR_REDIRECT] [Fatal Error] :1:1: Premature end of file.
2025-08-07 02:05:54,462 [ERROR] LogOutputStream:75 - [STDERR_REDIRECT] 
2025-08-07 02:05:55,473 [ERROR] LogOutputStream:75 - [STDERR_REDIRECT] [Fatal Error] :1:1: Premature end of file.
2025-08-07 02:05:55,473 [ERROR] LogOutputStream:75 - [STDERR_REDIRECT] 
2025-08-07 02:05:56,462 [ERROR] LogOutputStream:75 - [STDERR_REDIRECT] [Fatal Error] :1:1: Premature end of file.
2025-08-07 02:05:56,463 [ERROR] LogOutputStream:75 - [STDERR_REDIRECT] 
2025-08-07 02:05:57,482 [ERROR] LogOutputStream:75 - [STDERR_REDIRECT] [Fatal Error] :1:1: Premature end of file.
2025-08-07 02:05:57,482 [ERROR] LogOutputStream:75 - [STDERR_REDIRECT] 
2025-08-07 02:05:58,459 [ERROR] LogOutputStream:75 - [STDERR_REDIRECT] [Fatal Error] :1:1: Premature end of file.
2025-08-07 02:05:58,459 [ERROR] LogOutputStream:75 - [STDERR_REDIRECT] 
2025-08-07 02:05:59,462 [ERROR] LogOutputStream:75 - [STDERR_REDIRECT] [Fatal Error] :1:1: Premature end of file.
2025-08-07 02:05:59,463 [ERROR] LogOutputStream:75 - [STDERR_REDIRECT] 
2025-08-07 02:06:00,473 [ERROR] LogOutputStream:75 - [STDERR_REDIRECT] [Fatal Error] :1:1: Premature end of file.
2025-08-07 02:06:00,473 [ERROR] LogOutputStream:75 - [STDERR_REDIRECT] 
2025-08-07 02:06:01,462 [ERROR] LogOutputStream:75 - [STDERR_REDIRECT] [Fatal Error] :1:1: Premature end of file.
2025-08-07 02:06:01,462 [ERROR] LogOutputStream:75 - [STDERR_REDIRECT] 
2025-08-07 02:06:02,489 [ERROR] LogOutputStream:75 - [STDERR_REDIRECT] [Fatal Error] :1:1: Premature end of file.
2025-08-07 02:06:02,490 [ERROR] LogOutputStream:75 - [STDERR_REDIRECT] 
2025-08-07 02:06:03,464 [ERROR] LogOutputStream:75 - [STDERR_REDIRECT] [Fatal Error] :1:1: Premature end of file.
2025-08-07 02:06:03,464 [ERROR] LogOutputStream:75 - [STDERR_REDIRECT] 
2025-08-07 02:06:04,471 [ERROR] LogOutputStream:75 - [STDERR_REDIRECT] [Fatal Error] :1:1: Premature end of file.
2025-08-07 02:06:04,471 [ERROR] LogOutputStream:75 - [STDERR_REDIRECT] 
2025-08-07 02:06:05,458 [ERROR] LogOutputStream:75 - [STDERR_REDIRECT] [Fatal Error] :1:1: Premature end of file.
2025-08-07 02:06:05,458 [ERROR] LogOutputStream:75 - [STDERR_REDIRECT] 
2025-08-07 02:06:06,468 [ERROR] LogOutputStream:75 - [STDERR_REDIRECT] [Fatal Error] :1:1: Premature end of file.
2025-08-07 02:06:06,469 [ERROR] LogOutputStream:75 - [STDERR_REDIRECT] 
2025-08-07 02:06:07,455 [ERROR] LogOutputStream:75 - [STDERR_REDIRECT] [Fatal Error] :1:1: Premature end of file.
2025-08-07 02:06:07,455 [ERROR] LogOutputStream:75 - [STDERR_REDIRECT] 
2025-08-07 02:06:08,464 [ERROR] LogOutputStream:75 - [STDERR_REDIRECT] [Fatal Error] :1:1: Premature end of file.
2025-08-07 02:06:08,464 [ERROR] LogOutputStream:75 - [STDERR_REDIRECT] 
2025-08-07 02:06:09,540 [ERROR] LogOutputStream:75 - [STDERR_REDIRECT] [Fatal Error] :1:1: Premature end of file.
2025-08-07 02:06:09,540 [ERROR] LogOutputStream:75 - [STDERR_REDIRECT] 
2025-08-07 02:06:10,455 [ERROR] LogOutputStream:75 - [STDERR_REDIRECT] [Fatal Error] :1:1: Premature end of file.
2025-08-07 02:06:10,455 [ERROR] LogOutputStream:75 - [STDERR_REDIRECT] 
2025-08-07 02:06:11,454 [ERROR] LogOutputStream:75 - [STDERR_REDIRECT] [Fatal Error] :1:1: Premature end of file.
2025-08-07 02:06:11,455 [ERROR] LogOutputStream:75 - [STDERR_REDIRECT] 
2025-08-07 02:06:12,454 [ERROR] LogOutputStream:75 - [STDERR_REDIRECT] [Fatal Error] :1:1: Premature end of file.
2025-08-07 02:06:12,454 [ERROR] LogOutputStream:75 - [STDERR_REDIRECT] 
2025-08-07 02:06:13,455 [ERROR] LogOutputStream:75 - [STDERR_REDIRECT] [Fatal Error] :1:1: Premature end of file.
2025-08-07 02:06:13,455 [ERROR] LogOutputStream:75 - [STDERR_REDIRECT] 
2025-08-07 02:06:14,460 [ERROR] LogOutputStream:75 - [STDERR_REDIRECT] [Fatal Error] :1:1: Premature end of file.
2025-08-07 02:06:14,461 [ERROR] LogOutputStream:75 - [STDERR_REDIRECT] 
2025-08-07 02:06:15,461 [ERROR] LogOutputStream:75 - [STDERR_REDIRECT] [Fatal Error] :1:1: Premature end of file.
2025-08-07 02:06:15,461 [ERROR] LogOutputStream:75 - [STDERR_REDIRECT] 
2025-08-07 02:06:16,455 [ERROR] LogOutputStream:75 - [STDERR_REDIRECT] [Fatal Error] :1:1: Premature end of file.
2025-08-07 02:06:16,455 [ERROR] LogOutputStream:75 - [STDERR_REDIRECT] 
2025-08-07 02:06:17,457 [ERROR] LogOutputStream:75 - [STDERR_REDIRECT] [Fatal Error] :1:1: Premature end of file.
2025-08-07 02:06:17,458 [ERROR] LogOutputStream:75 - [STDERR_REDIRECT] 
2025-08-07 02:06:18,458 [ERROR] LogOutputStream:75 - [STDERR_REDIRECT] [Fatal Error] :1:1: Premature end of file.
2025-08-07 02:06:18,458 [ERROR] LogOutputStream:75 - [STDERR_REDIRECT] 
2025-08-07 02:06:19,458 [ERROR] LogOutputStream:75 - [STDERR_REDIRECT] [Fatal Error] :1:1: Premature end of file.
2025-08-07 02:06:19,458 [ERROR] LogOutputStream:75 - [STDERR_REDIRECT] 
2025-08-07 02:06:20,456 [ERROR] LogOutputStream:75 - [STDERR_REDIRECT] [Fatal Error] :1:1: Premature end of file.
2025-08-07 02:06:20,456 [ERROR] LogOutputStream:75 - [STDERR_REDIRECT] 
2025-08-07 02:06:21,460 [ERROR] LogOutputStream:75 - [STDERR_REDIRECT] [Fatal Error] :1:1: Premature end of file.
2025-08-07 02:06:21,461 [ERROR] LogOutputStream:75 - [STDERR_REDIRECT] 
2025-08-07 02:06:22,457 [ERROR] LogOutputStream:75 - [STDERR_REDIRECT] [Fatal Error] :1:1: Premature end of file.
2025-08-07 02:06:22,457 [ERROR] LogOutputStream:75 - [STDERR_REDIRECT] 
2025-08-07 02:06:23,455 [ERROR] LogOutputStream:75 - [STDERR_REDIRECT] [Fatal Error] :1:1: Premature end of file.
2025-08-07 02:06:23,455 [ERROR] LogOutputStream:75 - [STDERR_REDIRECT] 
2025-08-07 02:06:24,459 [ERROR] LogOutputStream:75 - [STDERR_REDIRECT] [Fatal Error] :1:1: Premature end of file.
2025-08-07 02:06:24,459 [ERROR] LogOutputStream:75 - [STDERR_REDIRECT] 
2025-08-07 02:06:25,456 [ERROR] LogOutputStream:75 - [STDERR_REDIRECT] [Fatal Error] :1:1: Premature end of file.
2025-08-07 02:06:25,456 [ERROR] LogOutputStream:75 - [STDERR_REDIRECT] 
2025-08-07 02:06:26,457 [ERROR] LogOutputStream:75 - [STDERR_REDIRECT] [Fatal Error] :1:1: Premature end of file.
2025-08-07 02:06:26,457 [ERROR] LogOutputStream:75 - [STDERR_REDIRECT] 
2025-08-07 02:06:27,455 [ERROR] LogOutputStream:75 - [STDERR_REDIRECT] [Fatal Error] :1:1: Premature end of file.
2025-08-07 02:06:27,456 [ERROR] LogOutputStream:75 - [STDERR_REDIRECT] 
2025-08-07 02:06:28,459 [ERROR] LogOutputStream:75 - [STDERR_REDIRECT] [Fatal Error] :1:1: Premature end of file.
2025-08-07 02:06:28,459 [ERROR] LogOutputStream:75 - [STDERR_REDIRECT] 
2025-08-07 02:06:29,454 [ERROR] LogOutputStream:75 - [STDERR_REDIRECT] [Fatal Error] :1:1: Premature end of file.
2025-08-07 02:06:29,455 [ERROR] LogOutputStream:75 - [STDERR_REDIRECT] 
2025-08-07 02:06:30,456 [ERROR] LogOutputStream:75 - [STDERR_REDIRECT] [Fatal Error] :1:1: Premature end of file.
2025-08-07 02:06:30,456 [ERROR] LogOutputStream:75 - [STDERR_REDIRECT] 
2025-08-07 02:06:31,453 [ERROR] LogOutputStream:75 - [STDERR_REDIRECT] [Fatal Error] :1:1: Premature end of file.
2025-08-07 02:06:31,454 [ERROR] LogOutputStream:75 - [STDERR_REDIRECT] 
2025-08-07 02:06:32,454 [ERROR] LogOutputStream:75 - [STDERR_REDIRECT] [Fatal Error] :1:1: Premature end of file.
2025-08-07 02:06:32,454 [ERROR] LogOutputStream:75 - [STDERR_REDIRECT] 
2025-08-07 02:06:33,458 [ERROR] LogOutputStream:75 - [STDERR_REDIRECT] [Fatal Error] :1:1: Premature end of file.
2025-08-07 02:06:33,458 [ERROR] LogOutputStream:75 - [STDERR_REDIRECT] 
2025-08-07 02:06:34,455 [ERROR] LogOutputStream:75 - [STDERR_REDIRECT] [Fatal Error] :1:1: Premature end of file.
2025-08-07 02:06:34,455 [ERROR] LogOutputStream:75 - [STDERR_REDIRECT] 
2025-08-07 02:06:35,457 [ERROR] LogOutputStream:75 - [STDERR_REDIRECT] [Fatal Error] :1:1: Premature end of file.
2025-08-07 02:06:35,457 [ERROR] LogOutputStream:75 - [STDERR_REDIRECT] 
2025-08-07 02:06:36,455 [ERROR] LogOutputStream:75 - [STDERR_REDIRECT] [Fatal Error] :1:1: Premature end of file.
2025-08-07 02:06:36,455 [ERROR] LogOutputStream:75 - [STDERR_REDIRECT] 
2025-08-07 02:06:37,458 [ERROR] LogOutputStream:75 - [STDERR_REDIRECT] [Fatal Error] :1:1: Premature end of file.
2025-08-07 02:06:37,458 [ERROR] LogOutputStream:75 - [STDERR_REDIRECT] 
2025-08-07 02:06:38,455 [ERROR] LogOutputStream:75 - [STDERR_REDIRECT] [Fatal Error] :1:1: Premature end of file.
2025-08-07 02:06:38,455 [ERROR] LogOutputStream:75 - [STDERR_REDIRECT] 
2025-08-07 02:06:39,458 [ERROR] LogOutputStream:75 - [STDERR_REDIRECT] [Fatal Error] :1:1: Premature end of file.
2025-08-07 02:06:39,458 [ERROR] LogOutputStream:75 - [STDERR_REDIRECT] 
2025-08-07 02:06:40,467 [ERROR] LogOutputStream:75 - [STDERR_REDIRECT] [Fatal Error] :1:1: Premature end of file.
2025-08-07 02:06:40,467 [ERROR] LogOutputStream:75 - [STDERR_REDIRECT] 
2025-08-07 02:06:40,963 [INFO] MicroXplorer:468 - Change Database Path : 
2025-08-07 02:06:40,963 [INFO] MicroXplorer:498 - Change Database Version : DB.6.0.150
2025-08-07 02:06:41,003 [ERROR] ProjectManagerView:395 - 
java.lang.NullPointerException: Cannot invoke "javax.swing.JTextField.getText()" because the return value of "java.util.List.get(int)" is null
	at com.st.microxplorer.plugins.projectmanager.gui.ProjectChoiceTab$9.caretUpdate(ProjectChoiceTab.java:2706) ~[filemanager.jar:?]
	at javax.swing.text.JTextComponent.fireCaretUpdate(JTextComponent.java:408) ~[?:?]
	at javax.swing.text.JTextComponent$MutableCaretEvent.fire(JTextComponent.java:4484) ~[?:?]
	at javax.swing.text.JTextComponent$MutableCaretEvent.stateChanged(JTextComponent.java:4506) ~[?:?]
	at javax.swing.text.DefaultCaret.fireStateChanged(DefaultCaret.java:857) ~[?:?]
	at javax.swing.text.DefaultCaret.changeCaretPosition(DefaultCaret.java:1343) ~[?:?]
	at javax.swing.text.DefaultCaret.handleSetDot(DefaultCaret.java:1242) ~[?:?]
	at javax.swing.text.DefaultCaret.setDot(DefaultCaret.java:1223) ~[?:?]
	at javax.swing.text.DefaultCaret$Handler.insertUpdate(DefaultCaret.java:1819) ~[?:?]
	at javax.swing.text.AbstractDocument.fireInsertUpdate(AbstractDocument.java:227) ~[?:?]
	at javax.swing.text.AbstractDocument.handleInsertString(AbstractDocument.java:781) ~[?:?]
	at javax.swing.text.AbstractDocument.insertString(AbstractDocument.java:740) ~[?:?]
	at javax.swing.text.PlainDocument.insertString(PlainDocument.java:131) ~[?:?]
	at javax.swing.text.AbstractDocument.replace(AbstractDocument.java:699) ~[?:?]
	at javax.swing.text.JTextComponent.setText(JTextComponent.java:1725) ~[?:?]
	at com.st.microxplorer.plugins.projectmanager.gui.ProjectChoiceTab.createHeapStackFields(ProjectChoiceTab.java:993) ~[filemanager.jar:?]
	at com.st.microxplorer.plugins.projectmanager.gui.ProjectChoiceTab.buildLinkSettingsPanel(ProjectChoiceTab.java:3813) ~[filemanager.jar:?]
	at com.st.microxplorer.plugins.projectmanager.gui.ProjectChoiceTab.defineWindowsFields(ProjectChoiceTab.java:1987) ~[filemanager.jar:?]
	at com.st.microxplorer.plugins.projectmanager.gui.ProjectChoiceTab.updateSettings(ProjectChoiceTab.java:558) ~[filemanager.jar:?]
	at com.st.microxplorer.plugins.projectmanager.gui.ProjectSettingsPanel.UpdateDialog(ProjectSettingsPanel.java:247) ~[filemanager.jar:?]
	at com.st.microxplorer.plugins.projectmanager.ProjectManagerView.propertyChange(ProjectManagerView.java:392) ~[filemanager.jar:?]
	at java.beans.PropertyChangeSupport.fire(PropertyChangeSupport.java:343) ~[?:?]
	at java.beans.PropertyChangeSupport.firePropertyChange(PropertyChangeSupport.java:335) ~[?:?]
	at java.beans.PropertyChangeSupport.firePropertyChange(PropertyChangeSupport.java:268) ~[?:?]
	at com.st.microxplorer.util.MXPropertyChangeSupport.firePropertyChange(MXPropertyChangeSupport.java:54) ~[STM32CubeMX.jar:?]
	at com.st.microxplorer.mxsystem.MxSystem.closeConfig(MxSystem.java:899) ~[STM32CubeMX.jar:?]
	at com.st.microxplorer.maingui.MainPanel.closeConfig(MainPanel.java:792) ~[STM32CubeMX.jar:?]
	at com.st.microxplorer.plugins.filemanager.engine.MainFileManager.openAnMcuScanItem(MainFileManager.java:634) ~[filemanager.jar:?]
	at com.st.microxplorer.plugins.filemanager.FileManagerView.getSpecificTask(FileManagerView.java:301) ~[filemanager.jar:?]
	at com.st.microxplorer.maingui.McuScanResultList.createConfig(McuScanResultList.java:291) ~[STM32CubeMX.jar:?]
	at com.st.microxplorer.maingui.McuScanResultList$1.mouseClicked(McuScanResultList.java:135) ~[STM32CubeMX.jar:?]
	at java.awt.AWTEventMulticaster.mouseClicked(AWTEventMulticaster.java:278) ~[?:?]
	at java.awt.Component.processMouseEvent(Component.java:6624) ~[?:?]
	at javax.swing.JComponent.processMouseEvent(JComponent.java:3398) ~[?:?]
	at java.awt.Component.processEvent(Component.java:6386) ~[?:?]
	at java.awt.Container.processEvent(Container.java:2266) ~[?:?]
	at java.awt.Component.dispatchEventImpl(Component.java:4996) ~[?:?]
	at java.awt.Container.dispatchEventImpl(Container.java:2324) ~[?:?]
	at java.awt.Component.dispatchEvent(Component.java:4828) ~[?:?]
	at java.awt.LightweightDispatcher.retargetMouseEvent(Container.java:4948) ~[?:?]
	at java.awt.LightweightDispatcher.processMouseEvent(Container.java:4584) ~[?:?]
	at java.awt.LightweightDispatcher.dispatchEvent(Container.java:4516) ~[?:?]
	at java.awt.Container.dispatchEventImpl(Container.java:2310) ~[?:?]
	at java.awt.Component.dispatchEvent(Component.java:4828) ~[?:?]
	at java.awt.EventQueue.dispatchEventImpl(EventQueue.java:775) ~[?:?]
	at java.awt.EventQueue$4.run(EventQueue.java:720) ~[?:?]
	at java.awt.EventQueue$4.run(EventQueue.java:714) ~[?:?]
	at java.security.AccessController.doPrivileged(AccessController.java:400) ~[?:?]
	at java.security.ProtectionDomain$JavaSecurityAccessImpl.doIntersectionPrivilege(ProtectionDomain.java:87) ~[?:?]
	at java.security.ProtectionDomain$JavaSecurityAccessImpl.doIntersectionPrivilege(ProtectionDomain.java:98) ~[?:?]
	at java.awt.EventQueue$5.run(EventQueue.java:747) ~[?:?]
	at java.awt.EventQueue$5.run(EventQueue.java:745) ~[?:?]
	at java.security.AccessController.doPrivileged(AccessController.java:400) ~[?:?]
	at java.security.ProtectionDomain$JavaSecurityAccessImpl.doIntersectionPrivilege(ProtectionDomain.java:87) ~[?:?]
	at java.awt.EventQueue.dispatchEvent(EventQueue.java:744) ~[?:?]
	at java.awt.EventDispatchThread.pumpOneEventForFilters(EventDispatchThread.java:203) ~[?:?]
	at java.awt.EventDispatchThread.pumpEventsForFilter(EventDispatchThread.java:124) ~[?:?]
	at java.awt.EventDispatchThread.pumpEventsForHierarchy(EventDispatchThread.java:113) ~[?:?]
	at java.awt.EventDispatchThread.pumpEvents(EventDispatchThread.java:109) ~[?:?]
	at java.awt.EventDispatchThread.pumpEvents(EventDispatchThread.java:101) ~[?:?]
	at java.awt.EventDispatchThread.run(EventDispatchThread.java:90) ~[?:?]
2025-08-07 02:06:41,004 [WARN] ThirdParty:871 - waiting for thirdparty lock release [close project]
2025-08-07 02:06:41,005 [INFO] ThirdParty:873 - entering critical section [close project]
2025-08-07 02:06:41,005 [INFO] ThirdParty:883 - exiting critical section [close project]
2025-08-07 02:06:41,012 [INFO] PinOutPanel:1589 - setPackage(No Configuration,No Configuration)
2025-08-07 02:06:41,147 [INFO] MicroXplorer:468 - Change Database Path : 
2025-08-07 02:06:41,171 [INFO] MicroXplorer:468 - Change Database Path : 
2025-08-07 02:06:41,171 [INFO] MicroXplorer:498 - Change Database Version : DB.6.0.150
2025-08-07 02:06:41,342 [WARN] ThirdParty:770 - waiting for thirdparty lock release [new project]
2025-08-07 02:06:41,342 [INFO] ThirdParty:772 - entering critical section [new project]
2025-08-07 02:06:41,347 [INFO] ThirdParty:779 - exiting critical section [new project]
2025-08-07 02:06:41,348 [INFO] Mcu:2029 - Initializing MCU STM32G474RETx STM32G474RETx STM32G474RET6
2025-08-07 02:06:41,482 [ERROR] LogOutputStream:75 - [STDERR_REDIRECT] [Fatal Error] :1:1: Premature end of file.
2025-08-07 02:06:41,482 [ERROR] LogOutputStream:75 - [STDERR_REDIRECT] 
2025-08-07 02:06:42,472 [ERROR] LogOutputStream:75 - [STDERR_REDIRECT] [Fatal Error] :1:1: Premature end of file.
2025-08-07 02:06:42,472 [ERROR] LogOutputStream:75 - [STDERR_REDIRECT] 
2025-08-07 02:06:43,517 [ERROR] LogOutputStream:75 - [STDERR_REDIRECT] [Fatal Error] :1:1: Premature end of file.
2025-08-07 02:06:43,518 [ERROR] LogOutputStream:75 - [STDERR_REDIRECT] 
2025-08-07 02:06:44,476 [ERROR] LogOutputStream:75 - [STDERR_REDIRECT] [Fatal Error] :1:1: Premature end of file.
2025-08-07 02:06:44,476 [ERROR] LogOutputStream:75 - [STDERR_REDIRECT] 
2025-08-07 02:06:45,461 [ERROR] LogOutputStream:75 - [STDERR_REDIRECT] [Fatal Error] :1:1: Premature end of file.
2025-08-07 02:06:45,462 [ERROR] LogOutputStream:75 - [STDERR_REDIRECT] 
2025-08-07 02:06:46,471 [ERROR] LogOutputStream:75 - [STDERR_REDIRECT] [Fatal Error] :1:1: Premature end of file.
2025-08-07 02:06:46,471 [ERROR] LogOutputStream:75 - [STDERR_REDIRECT] 
2025-08-07 02:06:47,000 [INFO] Context:786 - Trying to add GPIOservice into a context  which must be forbidden
2025-08-07 02:06:47,469 [ERROR] LogOutputStream:75 - [STDERR_REDIRECT] [Fatal Error] :1:1: Premature end of file.
2025-08-07 02:06:47,470 [ERROR] LogOutputStream:75 - [STDERR_REDIRECT] 
2025-08-07 02:06:48,467 [ERROR] LogOutputStream:75 - [STDERR_REDIRECT] [Fatal Error] :1:1: Premature end of file.
2025-08-07 02:06:48,468 [ERROR] LogOutputStream:75 - [STDERR_REDIRECT] 
2025-08-07 02:06:49,152 [WARN] ThirdParty:833 - waiting for thirdparty lock release [change project]
2025-08-07 02:06:49,153 [INFO] ThirdParty:835 - entering critical section [change project]
2025-08-07 02:06:49,153 [INFO] ThirdParty:1030 - CMSIS Pack Vendor :STMicroelectronics X-CUBE-PM33A1 1.0.0
2025-08-07 02:06:49,153 [INFO] ThirdParty:1030 - CMSIS Pack Vendor :STMicroelectronics USBPD 4.1
2025-08-07 02:06:49,153 [INFO] ThirdParty:1030 - CMSIS Pack Vendor :STMicroelectronics USB_HOST 2.0.0
2025-08-07 02:06:49,153 [INFO] ThirdParty:1030 - CMSIS Pack Vendor :STMicroelectronics FP-SNS-MOTENVWB1 1.4.0
2025-08-07 02:06:49,153 [INFO] ThirdParty:1030 - CMSIS Pack Vendor :STMicroelectronics X-CUBE-AZRTOS-F4 1.1.0
2025-08-07 02:06:49,153 [INFO] ThirdParty:1030 - CMSIS Pack Vendor :STMicroelectronics LIBJPEG 8.0.0
2025-08-07 02:06:49,153 [INFO] ThirdParty:1030 - CMSIS Pack Vendor :STMicroelectronics FP-ATR-ASTRA1 2.0.2
2025-08-07 02:06:49,153 [INFO] ThirdParty:1030 - CMSIS Pack Vendor :STMicroelectronics FP-ATR-ASTRA1 2.0.1
2025-08-07 02:06:49,153 [INFO] ThirdParty:1030 - CMSIS Pack Vendor :Avnet-IotConnect X-CUBE-IoTC-DA16k-PMOD 1.0.0
2025-08-07 02:06:49,153 [INFO] ThirdParty:1030 - CMSIS Pack Vendor :STMicroelectronics X-CUBE-SMBUS 2.1.0
2025-08-07 02:06:49,153 [INFO] ThirdParty:1030 - CMSIS Pack Vendor :STMicroelectronics X-CUBE-WB05N 1.1.0
2025-08-07 02:06:49,154 [INFO] ThirdParty:1030 - CMSIS Pack Vendor :STMicroelectronics X-CUBE-ISPU 2.1.0
2025-08-07 02:06:49,154 [INFO] ThirdParty:1030 - CMSIS Pack Vendor :STMicroelectronics X-CUBE-ST60 1.0.0
2025-08-07 02:06:49,154 [INFO] ThirdParty:1030 - CMSIS Pack Vendor :STMicroelectronics X-CUBE-NFC12 1.0.0
2025-08-07 02:06:49,154 [INFO] ThirdParty:1030 - CMSIS Pack Vendor :STMicroelectronics X-CUBE-AZRTOS-F7 1.1.0
2025-08-07 02:06:49,154 [INFO] ThirdParty:1030 - CMSIS Pack Vendor :STMicroelectronics X-CUBE-AZRTOS-L5 2.0.0
2025-08-07 02:06:49,154 [INFO] ThirdParty:1030 - CMSIS Pack Vendor :STMicroelectronics USB_DEVICE 2.0.0
2025-08-07 02:06:49,154 [INFO] ThirdParty:1030 - CMSIS Pack Vendor :STMicroelectronics X-CUBE-NFC6 3.1.0
2025-08-07 02:06:49,154 [INFO] ThirdParty:1030 - CMSIS Pack Vendor :STMicroelectronics FreeRTOS 0.0.1
2025-08-07 02:06:49,154 [INFO] ThirdParty:1030 - CMSIS Pack Vendor :STMicroelectronics X-CUBE-DPower 1.2.0
2025-08-07 02:06:49,154 [INFO] ThirdParty:1030 - CMSIS Pack Vendor :STMicroelectronics FP-SNS-FLIGHT1 5.0.2
2025-08-07 02:06:49,154 [INFO] ThirdParty:1030 - CMSIS Pack Vendor :Infineon AIROC-Wi-Fi-Bluetooth-STM32 1.7.0
2025-08-07 02:06:49,154 [INFO] ThirdParty:1030 - CMSIS Pack Vendor :STMicroelectronics PDM2PCM 3.3.0
2025-08-07 02:06:49,154 [INFO] ThirdParty:1030 - CMSIS Pack Vendor :STMicroelectronics X-CUBE-AZRTOS-H7 3.4.0
2025-08-07 02:06:49,154 [INFO] ThirdParty:1030 - CMSIS Pack Vendor :STMicroelectronics X-CUBE-DISPLAY 3.0.0
2025-08-07 02:06:49,154 [INFO] ThirdParty:1030 - CMSIS Pack Vendor :STMicroelectronics X-CUBE-BLE1 7.0.0
2025-08-07 02:06:49,154 [INFO] ThirdParty:1030 - CMSIS Pack Vendor :STMicroelectronics X-CUBE-NFC10 1.0.0
2025-08-07 02:06:49,155 [INFO] ThirdParty:1030 - CMSIS Pack Vendor :STMicroelectronics X-CUBE-BLEMGR 4.0.0
2025-08-07 02:06:49,155 [INFO] ThirdParty:1030 - CMSIS Pack Vendor :STMicroelectronics X-CUBE-FREERTOS 1.3.1
2025-08-07 02:06:49,155 [INFO] ThirdParty:1030 - CMSIS Pack Vendor :STMicroelectronics HAL Drivers 0.0.0
2025-08-07 02:06:49,155 [INFO] ThirdParty:1030 - CMSIS Pack Vendor :emotas I-CUBE-CANOPEN 1.3.0
2025-08-07 02:06:49,155 [INFO] ThirdParty:1030 - CMSIS Pack Vendor :STMicroelectronics X-CUBE-FREERTOS 1.3.0
2025-08-07 02:06:49,155 [INFO] ThirdParty:1030 - CMSIS Pack Vendor :STMicroelectronics X-CUBE-NFC7 1.0.1
2025-08-07 02:06:49,155 [INFO] ThirdParty:1030 - CMSIS Pack Vendor :STMicroelectronics MBEDTLS 2.14.1
2025-08-07 02:06:49,155 [INFO] ThirdParty:1030 - CMSIS Pack Vendor :STMicroelectronics X-CUBE-AI 10.0.0
2025-08-07 02:06:49,155 [INFO] ThirdParty:1030 - CMSIS Pack Vendor :STMicroelectronics FP-SNS-STBOX1 2.1.0
2025-08-07 02:06:49,155 [INFO] ThirdParty:1030 - CMSIS Pack Vendor :STMicroelectronics FP-SNS-STAIOTCFT 1.0.0
2025-08-07 02:06:49,155 [INFO] ThirdParty:1030 - CMSIS Pack Vendor :STMicroelectronics FP-SNS-SMARTAG2 1.2.0
2025-08-07 02:06:49,155 [INFO] ThirdParty:1030 - CMSIS Pack Vendor :STMicroelectronics FP-SNS-FLIGHT1 5.1.0
2025-08-07 02:06:49,155 [INFO] ThirdParty:1030 - CMSIS Pack Vendor :STMicroelectronics X-CUBE-MEMS1 11.1.0
2025-08-07 02:06:49,155 [INFO] ThirdParty:1030 - CMSIS Pack Vendor :STMicroelectronics X-CUBE-AZRTOS-WL 2.0.0
2025-08-07 02:06:49,156 [INFO] ThirdParty:1030 - CMSIS Pack Vendor :STMicroelectronics X-CUBE-DPower 1.3.0
2025-08-07 02:06:49,156 [INFO] ThirdParty:1030 - CMSIS Pack Vendor :STMicroelectronics FP-SNS-MOTENV1 5.0.0
2025-08-07 02:06:49,156 [INFO] ThirdParty:1030 - CMSIS Pack Vendor :STMicroelectronics USB_DEVICE 1.0.0
2025-08-07 02:06:49,156 [INFO] ThirdParty:1030 - CMSIS Pack Vendor :wolfSSL I-CUBE-wolfMQTT 1.19.0
2025-08-07 02:06:49,156 [INFO] ThirdParty:1030 - CMSIS Pack Vendor :STMicroelectronics X-CUBE-AZRTOS-L4 2.0.0
2025-08-07 02:06:49,156 [INFO] ThirdParty:1030 - CMSIS Pack Vendor :STMicroelectronics ThreadX 0.0.2
2025-08-07 02:06:49,156 [INFO] ThirdParty:1030 - CMSIS Pack Vendor :WES I-CUBE-Cesium 1.3.0
2025-08-07 02:06:49,156 [INFO] ThirdParty:1030 - CMSIS Pack Vendor :STMicroelectronics lwIP 2.1.2
2025-08-07 02:06:49,156 [INFO] ThirdParty:1030 - CMSIS Pack Vendor :STMicroelectronics X-CUBE-SFXS2LP1 4.0.0
2025-08-07 02:06:49,156 [INFO] ThirdParty:1030 - CMSIS Pack Vendor :STMicroelectronics X-CUBE-BLE2 3.3.0
2025-08-07 02:06:49,156 [INFO] ThirdParty:1030 - CMSIS Pack Vendor :STMicroelectronics PDM2PCM 3.2.0
2025-08-07 02:06:49,156 [INFO] ThirdParty:1030 - CMSIS Pack Vendor :STMicroelectronics X-CUBE-AZRTOS-H7 3.3.0
2025-08-07 02:06:49,156 [INFO] ThirdParty:1030 - CMSIS Pack Vendor :STMicroelectronics X-CUBE-NFC9 1.0.0
2025-08-07 02:06:49,156 [INFO] ThirdParty:1030 - CMSIS Pack Vendor :STMicroelectronics X-CUBE-BLE1 7.1.0
2025-08-07 02:06:49,157 [INFO] ThirdParty:1030 - CMSIS Pack Vendor :STMicroelectronics USB_DEVICE 3.0.0
2025-08-07 02:06:49,157 [INFO] ThirdParty:1030 - CMSIS Pack Vendor :STMicroelectronics X-CUBE-EEPRMA1 5.2.0
2025-08-07 02:06:49,157 [INFO] ThirdParty:1030 - CMSIS Pack Vendor :STMicroelectronics X-CUBE-BLEMGR 4.1.0
2025-08-07 02:06:49,157 [INFO] ThirdParty:1030 - CMSIS Pack Vendor :STMicroelectronics X-CUBE-AZRTOS-WB 2.0.0
2025-08-07 02:06:49,157 [INFO] ThirdParty:1030 - CMSIS Pack Vendor :STMicroelectronics X-CUBE-GNSS1 7.0.1
2025-08-07 02:06:49,157 [INFO] ThirdParty:1030 - CMSIS Pack Vendor :STMicroelectronics X-CUBE-TOUCHGFX 4.25.0
2025-08-07 02:06:49,157 [INFO] ThirdParty:1030 - CMSIS Pack Vendor :STMicroelectronics X-CUBE-AI 10.1.0
2025-08-07 02:06:49,157 [INFO] ThirdParty:1030 - CMSIS Pack Vendor :STMicroelectronics FP-SNS-STBOX1 2.0.0
2025-08-07 02:06:49,157 [INFO] ThirdParty:1030 - CMSIS Pack Vendor :STMicroelectronics X-CUBE-MEMS1 11.2.0
2025-08-07 02:06:49,157 [INFO] ThirdParty:1030 - CMSIS Pack Vendor :STMicroelectronics X-CUBE-AZRTOS-G0 1.1.0
2025-08-07 02:06:49,157 [INFO] ThirdParty:1030 - CMSIS Pack Vendor :STMicroelectronics X-CUBE-SAFEA1 1.2.2
2025-08-07 02:06:49,157 [INFO] ThirdParty:1030 - CMSIS Pack Vendor :STMicroelectronics X-CUBE-NFC4 3.0.0
2025-08-07 02:06:49,157 [INFO] ThirdParty:1030 - CMSIS Pack Vendor :STMicroelectronics X-CUBE-SUBG2 5.0.0
2025-08-07 02:06:49,157 [INFO] ThirdParty:1030 - CMSIS Pack Vendor :STMicroelectronics X-CUBE-AZRTOS-H7RS 1.1.0
2025-08-07 02:06:49,157 [INFO] ThirdParty:1030 - CMSIS Pack Vendor :STMicroelectronics STM32_WPAN 1.0.0
2025-08-07 02:06:49,157 [INFO] ThirdParty:1030 - CMSIS Pack Vendor :EmbeddedOffice I-CUBE-FS-RTOS 1.0.1
2025-08-07 02:06:49,157 [INFO] ThirdParty:1030 - CMSIS Pack Vendor :STMicroelectronics lwIP 2.0.3
2025-08-07 02:06:49,157 [INFO] ThirdParty:1030 - CMSIS Pack Vendor :Cesanta I-CUBE-Mongoose 7.13.0
2025-08-07 02:06:49,158 [INFO] ThirdParty:1030 - CMSIS Pack Vendor :STMicroelectronics USB_HOST 1.0.0
2025-08-07 02:06:49,158 [INFO] ThirdParty:1030 - CMSIS Pack Vendor :STMicroelectronics X-CUBE-AZRTOS-G4 2.0.0
2025-08-07 02:06:49,158 [INFO] ThirdParty:1030 - CMSIS Pack Vendor :STMicroelectronics X-CUBE-WB05N 2.0.0
2025-08-07 02:06:49,158 [INFO] ThirdParty:1030 - CMSIS Pack Vendor :STMicroelectronics PDM2PCM 3.1.0
2025-08-07 02:06:49,158 [INFO] ThirdParty:1030 - CMSIS Pack Vendor :STMicroelectronics X-CUBE-NFC7 2.0.0
2025-08-07 02:06:49,158 [INFO] ThirdParty:1030 - CMSIS Pack Vendor :STMicroelectronics X-CUBE-TCPP 4.2.0
2025-08-07 02:06:49,158 [INFO] ThirdParty:1030 - CMSIS Pack Vendor :RealThread X-CUBE-RT-Thread_Nano 4.1.1
2025-08-07 02:06:49,158 [INFO] ThirdParty:1030 - CMSIS Pack Vendor :STMicroelectronics FP-ATR-SIGFOX1 3.2.0
2025-08-07 02:06:49,158 [INFO] ThirdParty:1030 - CMSIS Pack Vendor :quantropi X-CUBE-qispace-sdk-base 1.9.3
2025-08-07 02:06:49,158 [INFO] ThirdParty:1030 - CMSIS Pack Vendor :STMicroelectronics X-CUBE-EEPRMA1 5.1.0
2025-08-07 02:06:49,158 [INFO] ThirdParty:1030 - CMSIS Pack Vendor :STMicroelectronics MBEDTLS 2.16.2
2025-08-07 02:06:49,158 [INFO] ThirdParty:1030 - CMSIS Pack Vendor :STMicroelectronics X-CUBE-IPS 3.1.0
2025-08-07 02:06:49,158 [INFO] ThirdParty:1030 - CMSIS Pack Vendor :STMicroelectronics X-CUBE-ALS 1.0.2
2025-08-07 02:06:49,158 [INFO] ThirdParty:1030 - CMSIS Pack Vendor :STMicroelectronics X-CUBE-MEMS1 10.0.0
2025-08-07 02:06:49,158 [INFO] ThirdParty:1030 - CMSIS Pack Vendor :wolfSSL I-CUBE-wolfSSL 5.7.4
2025-08-07 02:06:49,158 [INFO] ThirdParty:1030 - CMSIS Pack Vendor :ITTIA_DB I-CUBE-ITTIADB 8.9.0
2025-08-07 02:06:49,158 [INFO] ThirdParty:1030 - CMSIS Pack Vendor :STMicroelectronics X-CUBE-TOUCHGFX 4.24.2
2025-08-07 02:06:49,158 [INFO] ThirdParty:1030 - CMSIS Pack Vendor :wolfSSL I-CUBE-wolfTPM 3.4.0
2025-08-07 02:06:49,159 [INFO] ThirdParty:1030 - CMSIS Pack Vendor :portGmbH I-Cube-SoM-uGOAL 1.1.0
2025-08-07 02:06:49,160 [INFO] ThirdParty:1030 - CMSIS Pack Vendor :STMicroelectronics X-CUBE-ST67W61 1.0.0
2025-08-07 02:06:49,160 [INFO] ThirdParty:1030 - CMSIS Pack Vendor :STMicroelectronics X-CUBE-AI 10.2.0
2025-08-07 02:06:49,160 [INFO] ThirdParty:1030 - CMSIS Pack Vendor :STMicroelectronics ThreadX 1.0.0
2025-08-07 02:06:49,160 [INFO] ThirdParty:1030 - CMSIS Pack Vendor :SEGGER I-CUBE-embOS 1.3.1
2025-08-07 02:06:49,160 [INFO] ThirdParty:1030 - CMSIS Pack Vendor :STMicroelectronics X-CUBE-ALGOBUILD 1.4.0
2025-08-07 02:06:49,160 [INFO] ThirdParty:1030 - CMSIS Pack Vendor :STMicroelectronics X-CUBE-MEMS1 11.3.0
2025-08-07 02:06:49,160 [INFO] ThirdParty:1030 - CMSIS Pack Vendor :STMicroelectronics X-CUBE-AZRTOS-H7RS 1.0.0
2025-08-07 02:06:49,160 [INFO] ThirdParty:1030 - CMSIS Pack Vendor :STMicroelectronics X-CUBE-TOF1 3.4.2
2025-08-07 02:06:49,160 [INFO] ThirdParty:1030 - CMSIS Pack Vendor :STMicroelectronics X-CUBE-TOF1 3.4.3
2025-08-07 02:06:49,161 [INFO] ThirdParty:1030 - CMSIS Pack Vendor :STMicroelectronics X-CUBE-AI 9.1.0
2025-08-07 02:06:49,161 [INFO] ThirdParty:1030 - CMSIS Pack Vendor :wolfSSL I-CUBE-wolfSSH 1.4.17
2025-08-07 02:06:49,161 [INFO] ThirdParty:841 - exiting critical section [change project]
2025-08-07 02:06:49,465 [INFO] RtosManager:558 - Registered RTOS mode: class=CMSIS, group=RTOS, mode=CMSIS_V1, owner=FREERTOS
2025-08-07 02:06:49,465 [INFO] RtosManager:558 - Registered RTOS mode: class=CMSIS, group=RTOS2, mode=CMSIS_V2, owner=FREERTOS
2025-08-07 02:06:49,465 [INFO] RtosManager:558 - Registered RTOS mode: class=RTOS, group=Core, mode=CMSIS_V1, owner=FREERTOS
2025-08-07 02:06:49,465 [INFO] RtosManager:558 - Registered RTOS mode: class=RTOS, group=Core, mode=CMSIS_V2, owner=FREERTOS
2025-08-07 02:06:49,465 [WARN] ModelIntegratedComponent:184 - Missing modes for component STMicroelectronics:FreeRTOS:0.0.1:STMicroelectronics:RTOS:FreeRTOS:Core:::10.2.0:
2025-08-07 02:06:49,476 [ERROR] LogOutputStream:75 - [STDERR_REDIRECT] [Fatal Error] :1:1: Premature end of file.
2025-08-07 02:06:49,476 [ERROR] LogOutputStream:75 - [STDERR_REDIRECT] 
2025-08-07 02:06:49,481 [WARN] ModelIntegratedComponent:63 - No mode defined for component null
2025-08-07 02:06:49,481 [WARN] ModelIntegratedComponent:63 - No mode defined for component null
2025-08-07 02:06:49,481 [WARN] ModelIntegratedComponent:63 - No mode defined for component null
2025-08-07 02:06:49,481 [WARN] ModelIntegratedComponent:63 - No mode defined for component null
2025-08-07 02:06:49,481 [WARN] ModelIntegratedComponent:63 - No mode defined for component null
2025-08-07 02:06:49,481 [WARN] ModelIntegratedComponent:63 - No mode defined for component null
2025-08-07 02:06:49,481 [WARN] ModelIntegratedComponent:63 - No mode defined for component null
2025-08-07 02:06:49,481 [WARN] ModelIntegratedComponent:63 - No mode defined for component null
2025-08-07 02:06:49,481 [WARN] ModelIntegratedComponent:63 - No mode defined for component null
2025-08-07 02:06:49,481 [WARN] ModelIntegratedComponent:63 - No mode defined for component null
2025-08-07 02:06:49,481 [WARN] ModelIntegratedComponent:63 - No mode defined for component null
2025-08-07 02:06:49,481 [WARN] ModelIntegratedComponent:63 - No mode defined for component null
2025-08-07 02:06:49,481 [WARN] ModelIntegratedComponent:63 - No mode defined for component null
2025-08-07 02:06:49,482 [WARN] ModelIntegratedComponent:63 - No mode defined for component null
2025-08-07 02:06:49,482 [WARN] ModelIntegratedComponent:63 - No mode defined for component null
2025-08-07 02:06:49,482 [WARN] ModelIntegratedComponent:63 - No mode defined for component null
2025-08-07 02:06:49,482 [WARN] ModelIntegratedComponent:63 - No mode defined for component null
2025-08-07 02:06:49,482 [WARN] ModelIntegratedComponent:63 - No mode defined for component null
2025-08-07 02:06:49,482 [WARN] ModelIntegratedComponent:63 - No mode defined for component null
2025-08-07 02:06:49,482 [WARN] ModelIntegratedComponent:63 - No mode defined for component null
2025-08-07 02:06:49,482 [WARN] ModelIntegratedComponent:63 - No mode defined for component null
2025-08-07 02:06:49,482 [WARN] ModelIntegratedComponent:63 - No mode defined for component null
2025-08-07 02:06:49,482 [WARN] ModelIntegratedComponent:63 - No mode defined for component null
2025-08-07 02:06:49,482 [WARN] ModelIntegratedComponent:63 - No mode defined for component null
2025-08-07 02:06:49,482 [WARN] ModelIntegratedComponent:63 - No mode defined for component null
2025-08-07 02:06:49,482 [WARN] ModelIntegratedComponent:63 - No mode defined for component null
2025-08-07 02:06:49,482 [WARN] ModelIntegratedComponent:63 - No mode defined for component null
2025-08-07 02:06:49,483 [WARN] ModelIntegratedComponent:63 - No mode defined for component null
2025-08-07 02:06:49,483 [WARN] ModelIntegratedComponent:63 - No mode defined for component null
2025-08-07 02:06:49,483 [WARN] ModelIntegratedComponent:63 - No mode defined for component null
2025-08-07 02:06:49,483 [WARN] ModelIntegratedComponent:63 - No mode defined for component null
2025-08-07 02:06:49,483 [WARN] ModelIntegratedComponent:63 - No mode defined for component null
2025-08-07 02:06:49,483 [WARN] ModelIntegratedComponent:63 - No mode defined for component null
2025-08-07 02:06:49,483 [WARN] ModelIntegratedComponent:63 - No mode defined for component null
2025-08-07 02:06:49,484 [WARN] ModelIntegratedComponent:63 - No mode defined for component null
2025-08-07 02:06:49,484 [WARN] ModelPack:524 - Component already loaded: STMicroelectronics:HAL Drivers:0.0.0:STMicroelectronics:Device:STMicro_Driver:XSPI:HAL::0.0.1:HAL_XSPI
2025-08-07 02:06:49,803 [INFO] ThirdPartyModel:298 - Start build external matchings
2025-08-07 02:06:50,459 [ERROR] LogOutputStream:75 - [STDERR_REDIRECT] [Fatal Error] :1:1: Premature end of file.
2025-08-07 02:06:50,460 [ERROR] LogOutputStream:75 - [STDERR_REDIRECT] 
2025-08-07 02:06:51,465 [ERROR] LogOutputStream:75 - [STDERR_REDIRECT] [Fatal Error] :1:1: Premature end of file.
2025-08-07 02:06:51,465 [ERROR] LogOutputStream:75 - [STDERR_REDIRECT] 
2025-08-07 02:06:51,840 [INFO] ThirdPartyModel:316 - End build external matchings
2025-08-07 02:06:52,150 [INFO] PinOutPanel:1589 - setPackage(No Configuration,No Configuration)
2025-08-07 02:06:52,151 [INFO] PinOutPanel:1589 - setPackage(STM32G474RETx,LQFP64)
2025-08-07 02:06:52,480 [ERROR] LogOutputStream:75 - [STDERR_REDIRECT] [Fatal Error] :1:1: Premature end of file.
2025-08-07 02:06:52,481 [ERROR] LogOutputStream:75 - [STDERR_REDIRECT] 
2025-08-07 02:06:52,682 [INFO] UtilMem:75 - Before build in PCC Used Memory: 829417048 Bytes (1073741824)
2025-08-07 02:06:53,274 [INFO] UtilMem:75 - After build in PCC Used Memory: 933221376 Bytes (1073741824)
2025-08-07 02:06:53,306 [INFO] IPUIPlugin:80 - create IPUIPlugin
2025-08-07 02:06:53,306 [INFO] IPUIPlugin:80 - create IPUIPlugin
2025-08-07 02:06:53,306 [INFO] IPUIPlugin:80 - create IPUIPlugin
2025-08-07 02:06:53,306 [INFO] IPUIPlugin:80 - create IPUIPlugin
2025-08-07 02:06:53,306 [INFO] IPUIPlugin:80 - create IPUIPlugin
2025-08-07 02:06:53,306 [INFO] IPUIPlugin:80 - create IPUIPlugin
2025-08-07 02:06:53,306 [INFO] IPUIPlugin:80 - create IPUIPlugin
2025-08-07 02:06:53,306 [INFO] IPUIPlugin:80 - create IPUIPlugin
2025-08-07 02:06:53,306 [INFO] IPUIPlugin:80 - create IPUIPlugin
2025-08-07 02:06:53,306 [INFO] IPUIPlugin:80 - create IPUIPlugin
2025-08-07 02:06:53,306 [INFO] IPUIPlugin:80 - create IPUIPlugin
2025-08-07 02:06:53,306 [INFO] IPUIPlugin:80 - create IPUIPlugin
2025-08-07 02:06:53,306 [INFO] IPUIPlugin:80 - create IPUIPlugin
2025-08-07 02:06:53,306 [INFO] IPUIPlugin:80 - create IPUIPlugin
2025-08-07 02:06:53,308 [INFO] IPUIPlugin:80 - create IPUIPlugin
2025-08-07 02:06:53,308 [INFO] IPUIPlugin:80 - create IPUIPlugin
2025-08-07 02:06:53,308 [INFO] IPUIPlugin:80 - create IPUIPlugin
2025-08-07 02:06:53,308 [INFO] IPUIPlugin:80 - create IPUIPlugin
2025-08-07 02:06:53,308 [INFO] IPUIPlugin:80 - create IPUIPlugin
2025-08-07 02:06:53,308 [INFO] IPUIPlugin:80 - create IPUIPlugin
2025-08-07 02:06:53,308 [INFO] IPUIPlugin:80 - create IPUIPlugin
2025-08-07 02:06:53,308 [INFO] IPUIPlugin:80 - create IPUIPlugin
2025-08-07 02:06:53,308 [INFO] IPUIPlugin:80 - create IPUIPlugin
2025-08-07 02:06:53,309 [INFO] IPUIPlugin:80 - create IPUIPlugin
2025-08-07 02:06:53,309 [INFO] IPUIPlugin:80 - create IPUIPlugin
2025-08-07 02:06:53,309 [INFO] IPUIPlugin:80 - create IPUIPlugin
2025-08-07 02:06:53,310 [INFO] IPUIPlugin:80 - create IPUIPlugin
2025-08-07 02:06:53,310 [INFO] IPUIPlugin:80 - create IPUIPlugin
2025-08-07 02:06:53,311 [INFO] IPUIPlugin:80 - create IPUIPlugin
2025-08-07 02:06:53,311 [INFO] IPUIPlugin:80 - create IPUIPlugin
2025-08-07 02:06:53,311 [INFO] IPUIPlugin:80 - create IPUIPlugin
2025-08-07 02:06:53,311 [INFO] IPUIPlugin:80 - create IPUIPlugin
2025-08-07 02:06:53,311 [INFO] IPUIPlugin:80 - create IPUIPlugin
2025-08-07 02:06:53,311 [INFO] IPUIPlugin:80 - create IPUIPlugin
2025-08-07 02:06:53,312 [INFO] IPUIPlugin:80 - create IPUIPlugin
2025-08-07 02:06:53,312 [INFO] IPUIPlugin:80 - create IPUIPlugin
2025-08-07 02:06:53,312 [INFO] IPUIPlugin:80 - create IPUIPlugin
2025-08-07 02:06:53,312 [INFO] IPUIPlugin:80 - create IPUIPlugin
2025-08-07 02:06:53,312 [INFO] IPUIPlugin:80 - create IPUIPlugin
2025-08-07 02:06:53,312 [INFO] IPUIPlugin:80 - create IPUIPlugin
2025-08-07 02:06:53,312 [INFO] IPUIPlugin:80 - create IPUIPlugin
2025-08-07 02:06:53,314 [INFO] IPUIPlugin:80 - create IPUIPlugin
2025-08-07 02:06:53,314 [INFO] IPUIPlugin:80 - create IPUIPlugin
2025-08-07 02:06:53,314 [INFO] IPUIPlugin:80 - create IPUIPlugin
2025-08-07 02:06:53,314 [INFO] IPUIPlugin:80 - create IPUIPlugin
2025-08-07 02:06:53,314 [INFO] IPUIPlugin:80 - create IPUIPlugin
2025-08-07 02:06:53,315 [INFO] IPUIPlugin:80 - create IPUIPlugin
2025-08-07 02:06:53,315 [INFO] IPUIPlugin:80 - create IPUIPlugin
2025-08-07 02:06:53,316 [INFO] IPUIPlugin:80 - create IPUIPlugin
2025-08-07 02:06:53,316 [INFO] IPUIPlugin:80 - create IPUIPlugin
2025-08-07 02:06:53,316 [INFO] IPUIPlugin:80 - create IPUIPlugin
2025-08-07 02:06:53,316 [INFO] IPUIPlugin:80 - create IPUIPlugin
2025-08-07 02:06:53,316 [INFO] IPUIPlugin:80 - create IPUIPlugin
2025-08-07 02:06:53,316 [INFO] IPUIPlugin:80 - create IPUIPlugin
2025-08-07 02:06:53,317 [INFO] IPUIPlugin:80 - create IPUIPlugin
2025-08-07 02:06:53,317 [INFO] IPUIPlugin:80 - create IPUIPlugin
2025-08-07 02:06:53,317 [INFO] IPUIPlugin:80 - create IPUIPlugin
2025-08-07 02:06:53,317 [INFO] IPUIPlugin:80 - create IPUIPlugin
2025-08-07 02:06:53,318 [INFO] IPUIPlugin:80 - create IPUIPlugin
2025-08-07 02:06:53,318 [INFO] IPUIPlugin:80 - create IPUIPlugin
2025-08-07 02:06:53,319 [INFO] IPUIPlugin:80 - create IPUIPlugin
2025-08-07 02:06:53,320 [INFO] IPUIPlugin:80 - create IPUIPlugin
2025-08-07 02:06:53,320 [INFO] IPUIPlugin:80 - create IPUIPlugin
2025-08-07 02:06:53,321 [INFO] IPUIPlugin:80 - create IPUIPlugin
2025-08-07 02:06:53,321 [INFO] IPUIPlugin:80 - create IPUIPlugin
2025-08-07 02:06:53,321 [INFO] IPUIPlugin:80 - create IPUIPlugin
2025-08-07 02:06:53,321 [INFO] IPUIPlugin:80 - create IPUIPlugin
2025-08-07 02:06:53,322 [INFO] IPUIPlugin:80 - create IPUIPlugin
2025-08-07 02:06:53,322 [INFO] IPUIPlugin:80 - create IPUIPlugin
2025-08-07 02:06:53,323 [INFO] IPUIPlugin:80 - create IPUIPlugin
2025-08-07 02:06:53,323 [INFO] IPUIPlugin:80 - create IPUIPlugin
2025-08-07 02:06:53,323 [INFO] IPUIPlugin:80 - create IPUIPlugin
2025-08-07 02:06:53,324 [INFO] IPUIPlugin:80 - create IPUIPlugin
2025-08-07 02:06:53,324 [INFO] IPUIPlugin:80 - create IPUIPlugin
2025-08-07 02:06:53,324 [INFO] IPUIPlugin:80 - create IPUIPlugin
2025-08-07 02:06:53,324 [INFO] IPUIPlugin:80 - create IPUIPlugin
2025-08-07 02:06:53,326 [INFO] IPUIPlugin:80 - create IPUIPlugin
2025-08-07 02:06:53,471 [ERROR] LogOutputStream:75 - [STDERR_REDIRECT] [Fatal Error] :1:1: Premature end of file.
2025-08-07 02:06:53,471 [ERROR] LogOutputStream:75 - [STDERR_REDIRECT] 
2025-08-07 02:06:53,501 [INFO] CADModel:165 - CPN selected for project levelSTM32G474RET6
2025-08-07 02:06:53,501 [INFO] CADModel:114 - Register for checkConnection events
2025-08-07 02:06:54,467 [ERROR] LogOutputStream:75 - [STDERR_REDIRECT] [Fatal Error] :1:1: Premature end of file.
2025-08-07 02:06:54,468 [ERROR] LogOutputStream:75 - [STDERR_REDIRECT] 
2025-08-07 02:06:55,454 [ERROR] LogOutputStream:75 - [STDERR_REDIRECT] [Fatal Error] :1:1: Premature end of file.
2025-08-07 02:06:55,454 [ERROR] LogOutputStream:75 - [STDERR_REDIRECT] 
2025-08-07 02:06:56,457 [ERROR] LogOutputStream:75 - [STDERR_REDIRECT] [Fatal Error] :1:1: Premature end of file.
2025-08-07 02:06:56,457 [ERROR] LogOutputStream:75 - [STDERR_REDIRECT] 
2025-08-07 02:06:57,458 [ERROR] LogOutputStream:75 - [STDERR_REDIRECT] [Fatal Error] :1:1: Premature end of file.
2025-08-07 02:06:57,458 [ERROR] LogOutputStream:75 - [STDERR_REDIRECT] 
2025-08-07 02:06:58,454 [ERROR] LogOutputStream:75 - [STDERR_REDIRECT] [Fatal Error] :1:1: Premature end of file.
2025-08-07 02:06:58,454 [ERROR] LogOutputStream:75 - [STDERR_REDIRECT] 
2025-08-07 02:06:59,455 [ERROR] LogOutputStream:75 - [STDERR_REDIRECT] [Fatal Error] :1:1: Premature end of file.
2025-08-07 02:06:59,455 [ERROR] LogOutputStream:75 - [STDERR_REDIRECT] 
2025-08-07 02:07:00,456 [ERROR] LogOutputStream:75 - [STDERR_REDIRECT] [Fatal Error] :1:1: Premature end of file.
2025-08-07 02:07:00,456 [ERROR] LogOutputStream:75 - [STDERR_REDIRECT] 
2025-08-07 02:07:01,454 [ERROR] LogOutputStream:75 - [STDERR_REDIRECT] [Fatal Error] :1:1: Premature end of file.
2025-08-07 02:07:01,454 [ERROR] LogOutputStream:75 - [STDERR_REDIRECT] 
2025-08-07 02:07:02,454 [ERROR] LogOutputStream:75 - [STDERR_REDIRECT] [Fatal Error] :1:1: Premature end of file.
2025-08-07 02:07:02,455 [ERROR] LogOutputStream:75 - [STDERR_REDIRECT] 
2025-08-07 02:07:03,455 [ERROR] LogOutputStream:75 - [STDERR_REDIRECT] [Fatal Error] :1:1: Premature end of file.
2025-08-07 02:07:03,456 [ERROR] LogOutputStream:75 - [STDERR_REDIRECT] 
2025-08-07 02:07:04,468 [ERROR] LogOutputStream:75 - [STDERR_REDIRECT] [Fatal Error] :1:1: Premature end of file.
2025-08-07 02:07:04,468 [ERROR] LogOutputStream:75 - [STDERR_REDIRECT] 
2025-08-07 02:07:05,458 [ERROR] LogOutputStream:75 - [STDERR_REDIRECT] [Fatal Error] :1:1: Premature end of file.
2025-08-07 02:07:05,458 [ERROR] LogOutputStream:75 - [STDERR_REDIRECT] 
2025-08-07 02:07:06,480 [ERROR] LogOutputStream:75 - [STDERR_REDIRECT] [Fatal Error] :1:1: Premature end of file.
2025-08-07 02:07:06,480 [ERROR] LogOutputStream:75 - [STDERR_REDIRECT] 
2025-08-07 02:07:07,548 [ERROR] LogOutputStream:75 - [STDERR_REDIRECT] [Fatal Error] :1:1: Premature end of file.
2025-08-07 02:07:07,548 [ERROR] LogOutputStream:75 - [STDERR_REDIRECT] 
2025-08-07 02:07:08,493 [ERROR] LogOutputStream:75 - [STDERR_REDIRECT] [Fatal Error] :1:1: Premature end of file.
2025-08-07 02:07:08,494 [ERROR] LogOutputStream:75 - [STDERR_REDIRECT] 
2025-08-07 02:07:09,468 [ERROR] LogOutputStream:75 - [STDERR_REDIRECT] [Fatal Error] :1:1: Premature end of file.
2025-08-07 02:07:09,468 [ERROR] LogOutputStream:75 - [STDERR_REDIRECT] 
2025-08-07 02:07:10,468 [ERROR] LogOutputStream:75 - [STDERR_REDIRECT] [Fatal Error] :1:1: Premature end of file.
2025-08-07 02:07:10,468 [ERROR] LogOutputStream:75 - [STDERR_REDIRECT] 
2025-08-07 02:07:11,461 [ERROR] LogOutputStream:75 - [STDERR_REDIRECT] [Fatal Error] :1:1: Premature end of file.
2025-08-07 02:07:11,461 [ERROR] LogOutputStream:75 - [STDERR_REDIRECT] 
2025-08-07 02:07:12,457 [ERROR] LogOutputStream:75 - [STDERR_REDIRECT] [Fatal Error] :1:1: Premature end of file.
2025-08-07 02:07:12,457 [ERROR] LogOutputStream:75 - [STDERR_REDIRECT] 
2025-08-07 02:07:13,458 [ERROR] LogOutputStream:75 - [STDERR_REDIRECT] [Fatal Error] :1:1: Premature end of file.
2025-08-07 02:07:13,459 [ERROR] LogOutputStream:75 - [STDERR_REDIRECT] 
2025-08-07 02:07:14,463 [ERROR] LogOutputStream:75 - [STDERR_REDIRECT] [Fatal Error] :1:1: Premature end of file.
2025-08-07 02:07:14,463 [ERROR] LogOutputStream:75 - [STDERR_REDIRECT] 
2025-08-07 02:07:15,460 [ERROR] LogOutputStream:75 - [STDERR_REDIRECT] [Fatal Error] :1:1: Premature end of file.
2025-08-07 02:07:15,460 [ERROR] LogOutputStream:75 - [STDERR_REDIRECT] 
2025-08-07 02:07:16,464 [ERROR] LogOutputStream:75 - [STDERR_REDIRECT] [Fatal Error] :1:1: Premature end of file.
2025-08-07 02:07:16,464 [ERROR] LogOutputStream:75 - [STDERR_REDIRECT] 
2025-08-07 02:07:17,462 [ERROR] LogOutputStream:75 - [STDERR_REDIRECT] [Fatal Error] :1:1: Premature end of file.
2025-08-07 02:07:17,462 [ERROR] LogOutputStream:75 - [STDERR_REDIRECT] 
2025-08-07 02:07:18,466 [ERROR] LogOutputStream:75 - [STDERR_REDIRECT] [Fatal Error] :1:1: Premature end of file.
2025-08-07 02:07:18,466 [ERROR] LogOutputStream:75 - [STDERR_REDIRECT] 
2025-08-07 02:07:19,464 [ERROR] LogOutputStream:75 - [STDERR_REDIRECT] [Fatal Error] :1:1: Premature end of file.
2025-08-07 02:07:19,464 [ERROR] LogOutputStream:75 - [STDERR_REDIRECT] 
2025-08-07 02:07:20,466 [ERROR] LogOutputStream:75 - [STDERR_REDIRECT] [Fatal Error] :1:1: Premature end of file.
2025-08-07 02:07:20,467 [ERROR] LogOutputStream:75 - [STDERR_REDIRECT] 
2025-08-07 02:07:21,468 [ERROR] LogOutputStream:75 - [STDERR_REDIRECT] [Fatal Error] :1:1: Premature end of file.
2025-08-07 02:07:21,468 [ERROR] LogOutputStream:75 - [STDERR_REDIRECT] 
2025-08-07 02:07:22,469 [ERROR] LogOutputStream:75 - [STDERR_REDIRECT] [Fatal Error] :1:1: Premature end of file.
2025-08-07 02:07:22,469 [ERROR] LogOutputStream:75 - [STDERR_REDIRECT] 
2025-08-07 02:07:23,465 [ERROR] LogOutputStream:75 - [STDERR_REDIRECT] [Fatal Error] :1:1: Premature end of file.
2025-08-07 02:07:23,465 [ERROR] LogOutputStream:75 - [STDERR_REDIRECT] 
2025-08-07 02:07:24,468 [ERROR] LogOutputStream:75 - [STDERR_REDIRECT] [Fatal Error] :1:1: Premature end of file.
2025-08-07 02:07:24,468 [ERROR] LogOutputStream:75 - [STDERR_REDIRECT] 
2025-08-07 02:07:25,464 [ERROR] LogOutputStream:75 - [STDERR_REDIRECT] [Fatal Error] :1:1: Premature end of file.
2025-08-07 02:07:25,464 [ERROR] LogOutputStream:75 - [STDERR_REDIRECT] 
2025-08-07 02:07:26,463 [ERROR] LogOutputStream:75 - [STDERR_REDIRECT] [Fatal Error] :1:1: Premature end of file.
2025-08-07 02:07:26,463 [ERROR] LogOutputStream:75 - [STDERR_REDIRECT] 
2025-08-07 02:07:27,468 [ERROR] LogOutputStream:75 - [STDERR_REDIRECT] [Fatal Error] :1:1: Premature end of file.
2025-08-07 02:07:27,468 [ERROR] LogOutputStream:75 - [STDERR_REDIRECT] 
2025-08-07 02:07:28,466 [ERROR] LogOutputStream:75 - [STDERR_REDIRECT] [Fatal Error] :1:1: Premature end of file.
2025-08-07 02:07:28,466 [ERROR] LogOutputStream:75 - [STDERR_REDIRECT] 
2025-08-07 02:07:29,459 [ERROR] LogOutputStream:75 - [STDERR_REDIRECT] [Fatal Error] :1:1: Premature end of file.
2025-08-07 02:07:29,459 [ERROR] LogOutputStream:75 - [STDERR_REDIRECT] 
2025-08-07 02:07:30,467 [ERROR] LogOutputStream:75 - [STDERR_REDIRECT] [Fatal Error] :1:1: Premature end of file.
2025-08-07 02:07:30,467 [ERROR] LogOutputStream:75 - [STDERR_REDIRECT] 
2025-08-07 02:07:31,460 [ERROR] LogOutputStream:75 - [STDERR_REDIRECT] [Fatal Error] :1:1: Premature end of file.
2025-08-07 02:07:31,460 [ERROR] LogOutputStream:75 - [STDERR_REDIRECT] 
2025-08-07 02:07:32,469 [ERROR] LogOutputStream:75 - [STDERR_REDIRECT] [Fatal Error] :1:1: Premature end of file.
2025-08-07 02:07:32,469 [ERROR] LogOutputStream:75 - [STDERR_REDIRECT] 
2025-08-07 02:07:33,457 [ERROR] LogOutputStream:75 - [STDERR_REDIRECT] [Fatal Error] :1:1: Premature end of file.
2025-08-07 02:07:33,457 [ERROR] LogOutputStream:75 - [STDERR_REDIRECT] 
2025-08-07 02:07:34,465 [ERROR] LogOutputStream:75 - [STDERR_REDIRECT] [Fatal Error] :1:1: Premature end of file.
2025-08-07 02:07:34,465 [ERROR] LogOutputStream:75 - [STDERR_REDIRECT] 
2025-08-07 02:07:35,460 [ERROR] LogOutputStream:75 - [STDERR_REDIRECT] [Fatal Error] :1:1: Premature end of file.
2025-08-07 02:07:35,460 [ERROR] LogOutputStream:75 - [STDERR_REDIRECT] 
2025-08-07 02:07:36,456 [ERROR] LogOutputStream:75 - [STDERR_REDIRECT] [Fatal Error] :1:1: Premature end of file.
2025-08-07 02:07:36,456 [ERROR] LogOutputStream:75 - [STDERR_REDIRECT] 
2025-08-07 02:07:37,466 [ERROR] LogOutputStream:75 - [STDERR_REDIRECT] [Fatal Error] :1:1: Premature end of file.
2025-08-07 02:07:37,466 [ERROR] LogOutputStream:75 - [STDERR_REDIRECT] 
2025-08-07 02:07:38,463 [ERROR] LogOutputStream:75 - [STDERR_REDIRECT] [Fatal Error] :1:1: Premature end of file.
2025-08-07 02:07:38,463 [ERROR] LogOutputStream:75 - [STDERR_REDIRECT] 
2025-08-07 02:07:39,454 [ERROR] LogOutputStream:75 - [STDERR_REDIRECT] [Fatal Error] :1:1: Premature end of file.
2025-08-07 02:07:39,455 [ERROR] LogOutputStream:75 - [STDERR_REDIRECT] 
2025-08-07 02:07:40,468 [ERROR] LogOutputStream:75 - [STDERR_REDIRECT] [Fatal Error] :1:1: Premature end of file.
2025-08-07 02:07:40,468 [ERROR] LogOutputStream:75 - [STDERR_REDIRECT] 
2025-08-07 02:07:41,466 [ERROR] LogOutputStream:75 - [STDERR_REDIRECT] [Fatal Error] :1:1: Premature end of file.
2025-08-07 02:07:41,466 [ERROR] LogOutputStream:75 - [STDERR_REDIRECT] 
2025-08-07 02:07:42,455 [ERROR] LogOutputStream:75 - [STDERR_REDIRECT] [Fatal Error] :1:1: Premature end of file.
2025-08-07 02:07:42,455 [ERROR] LogOutputStream:75 - [STDERR_REDIRECT] 
2025-08-07 02:07:43,459 [ERROR] LogOutputStream:75 - [STDERR_REDIRECT] [Fatal Error] :1:1: Premature end of file.
2025-08-07 02:07:43,459 [ERROR] LogOutputStream:75 - [STDERR_REDIRECT] 
2025-08-07 02:07:44,464 [ERROR] LogOutputStream:75 - [STDERR_REDIRECT] [Fatal Error] :1:1: Premature end of file.
2025-08-07 02:07:44,465 [ERROR] LogOutputStream:75 - [STDERR_REDIRECT] 
2025-08-07 02:07:45,468 [ERROR] LogOutputStream:75 - [STDERR_REDIRECT] [Fatal Error] :1:1: Premature end of file.
2025-08-07 02:07:45,468 [ERROR] LogOutputStream:75 - [STDERR_REDIRECT] 
2025-08-07 02:07:46,466 [ERROR] LogOutputStream:75 - [STDERR_REDIRECT] [Fatal Error] :1:1: Premature end of file.
2025-08-07 02:07:46,466 [ERROR] LogOutputStream:75 - [STDERR_REDIRECT] 
2025-08-07 02:07:47,470 [ERROR] LogOutputStream:75 - [STDERR_REDIRECT] [Fatal Error] :1:1: Premature end of file.
2025-08-07 02:07:47,470 [ERROR] LogOutputStream:75 - [STDERR_REDIRECT] 
2025-08-07 02:07:48,473 [ERROR] LogOutputStream:75 - [STDERR_REDIRECT] [Fatal Error] :1:1: Premature end of file.
2025-08-07 02:07:48,473 [ERROR] LogOutputStream:75 - [STDERR_REDIRECT] 
2025-08-07 02:07:49,484 [ERROR] LogOutputStream:75 - [STDERR_REDIRECT] [Fatal Error] :1:1: Premature end of file.
2025-08-07 02:07:49,484 [ERROR] LogOutputStream:75 - [STDERR_REDIRECT] 
2025-08-07 02:07:50,471 [ERROR] LogOutputStream:75 - [STDERR_REDIRECT] [Fatal Error] :1:1: Premature end of file.
2025-08-07 02:07:50,471 [ERROR] LogOutputStream:75 - [STDERR_REDIRECT] 
2025-08-07 02:07:51,461 [ERROR] LogOutputStream:75 - [STDERR_REDIRECT] [Fatal Error] :1:1: Premature end of file.
2025-08-07 02:07:51,461 [ERROR] LogOutputStream:75 - [STDERR_REDIRECT] 
2025-08-07 02:07:52,474 [ERROR] LogOutputStream:75 - [STDERR_REDIRECT] [Fatal Error] :1:1: Premature end of file.
2025-08-07 02:07:52,475 [ERROR] LogOutputStream:75 - [STDERR_REDIRECT] 
2025-08-07 02:07:53,466 [ERROR] LogOutputStream:75 - [STDERR_REDIRECT] [Fatal Error] :1:1: Premature end of file.
2025-08-07 02:07:53,466 [ERROR] LogOutputStream:75 - [STDERR_REDIRECT] 
2025-08-07 02:07:54,466 [ERROR] LogOutputStream:75 - [STDERR_REDIRECT] [Fatal Error] :1:1: Premature end of file.
2025-08-07 02:07:54,466 [ERROR] LogOutputStream:75 - [STDERR_REDIRECT] 
2025-08-07 02:07:55,473 [ERROR] LogOutputStream:75 - [STDERR_REDIRECT] [Fatal Error] :1:1: Premature end of file.
2025-08-07 02:07:55,473 [ERROR] LogOutputStream:75 - [STDERR_REDIRECT] 
2025-08-07 02:07:56,465 [ERROR] LogOutputStream:75 - [STDERR_REDIRECT] [Fatal Error] :1:1: Premature end of file.
2025-08-07 02:07:56,465 [ERROR] LogOutputStream:75 - [STDERR_REDIRECT] 
2025-08-07 02:07:57,456 [ERROR] LogOutputStream:75 - [STDERR_REDIRECT] [Fatal Error] :1:1: Premature end of file.
2025-08-07 02:07:57,456 [ERROR] LogOutputStream:75 - [STDERR_REDIRECT] 
2025-08-07 02:07:58,463 [ERROR] LogOutputStream:75 - [STDERR_REDIRECT] [Fatal Error] :1:1: Premature end of file.
2025-08-07 02:07:58,463 [ERROR] LogOutputStream:75 - [STDERR_REDIRECT] 
2025-08-07 02:07:59,465 [ERROR] LogOutputStream:75 - [STDERR_REDIRECT] [Fatal Error] :1:1: Premature end of file.
2025-08-07 02:07:59,465 [ERROR] LogOutputStream:75 - [STDERR_REDIRECT] 
2025-08-07 02:08:00,469 [ERROR] LogOutputStream:75 - [STDERR_REDIRECT] [Fatal Error] :1:1: Premature end of file.
2025-08-07 02:08:00,469 [ERROR] LogOutputStream:75 - [STDERR_REDIRECT] 
2025-08-07 02:08:01,465 [ERROR] LogOutputStream:75 - [STDERR_REDIRECT] [Fatal Error] :1:1: Premature end of file.
2025-08-07 02:08:01,465 [ERROR] LogOutputStream:75 - [STDERR_REDIRECT] 
2025-08-07 02:08:02,468 [ERROR] LogOutputStream:75 - [STDERR_REDIRECT] [Fatal Error] :1:1: Premature end of file.
2025-08-07 02:08:02,468 [ERROR] LogOutputStream:75 - [STDERR_REDIRECT] 
2025-08-07 02:08:03,473 [ERROR] LogOutputStream:75 - [STDERR_REDIRECT] [Fatal Error] :1:1: Premature end of file.
2025-08-07 02:08:03,473 [ERROR] LogOutputStream:75 - [STDERR_REDIRECT] 
2025-08-07 02:08:04,462 [ERROR] LogOutputStream:75 - [STDERR_REDIRECT] [Fatal Error] :1:1: Premature end of file.
2025-08-07 02:08:04,462 [ERROR] LogOutputStream:75 - [STDERR_REDIRECT] 
2025-08-07 02:08:05,454 [ERROR] LogOutputStream:75 - [STDERR_REDIRECT] [Fatal Error] :1:1: Premature end of file.
2025-08-07 02:08:05,454 [ERROR] LogOutputStream:75 - [STDERR_REDIRECT] 
2025-08-07 02:08:06,473 [ERROR] LogOutputStream:75 - [STDERR_REDIRECT] [Fatal Error] :1:1: Premature end of file.
2025-08-07 02:08:06,473 [ERROR] LogOutputStream:75 - [STDERR_REDIRECT] 
2025-08-07 02:08:07,465 [ERROR] LogOutputStream:75 - [STDERR_REDIRECT] [Fatal Error] :1:1: Premature end of file.
2025-08-07 02:08:07,465 [ERROR] LogOutputStream:75 - [STDERR_REDIRECT] 
2025-08-07 02:08:08,463 [ERROR] LogOutputStream:75 - [STDERR_REDIRECT] [Fatal Error] :1:1: Premature end of file.
2025-08-07 02:08:08,463 [ERROR] LogOutputStream:75 - [STDERR_REDIRECT] 
2025-08-07 02:08:09,460 [ERROR] LogOutputStream:75 - [STDERR_REDIRECT] [Fatal Error] :1:1: Premature end of file.
2025-08-07 02:08:09,460 [ERROR] LogOutputStream:75 - [STDERR_REDIRECT] 
2025-08-07 02:08:10,457 [ERROR] LogOutputStream:75 - [STDERR_REDIRECT] [Fatal Error] :1:1: Premature end of file.
2025-08-07 02:08:10,457 [ERROR] LogOutputStream:75 - [STDERR_REDIRECT] 
2025-08-07 02:08:11,476 [ERROR] LogOutputStream:75 - [STDERR_REDIRECT] [Fatal Error] :1:1: Premature end of file.
2025-08-07 02:08:11,477 [ERROR] LogOutputStream:75 - [STDERR_REDIRECT] 
2025-08-07 02:08:12,467 [ERROR] LogOutputStream:75 - [STDERR_REDIRECT] [Fatal Error] :1:1: Premature end of file.
2025-08-07 02:08:12,468 [ERROR] LogOutputStream:75 - [STDERR_REDIRECT] 
2025-08-07 02:08:13,457 [ERROR] LogOutputStream:75 - [STDERR_REDIRECT] [Fatal Error] :1:1: Premature end of file.
2025-08-07 02:08:13,457 [ERROR] LogOutputStream:75 - [STDERR_REDIRECT] 
2025-08-07 02:08:14,459 [ERROR] LogOutputStream:75 - [STDERR_REDIRECT] [Fatal Error] :1:1: Premature end of file.
2025-08-07 02:08:14,459 [ERROR] LogOutputStream:75 - [STDERR_REDIRECT] 
2025-08-07 02:08:15,467 [ERROR] LogOutputStream:75 - [STDERR_REDIRECT] [Fatal Error] :1:1: Premature end of file.
2025-08-07 02:08:15,467 [ERROR] LogOutputStream:75 - [STDERR_REDIRECT] 
2025-08-07 02:08:16,457 [ERROR] LogOutputStream:75 - [STDERR_REDIRECT] [Fatal Error] :1:1: Premature end of file.
2025-08-07 02:08:16,457 [ERROR] LogOutputStream:75 - [STDERR_REDIRECT] 
2025-08-07 02:08:17,465 [ERROR] LogOutputStream:75 - [STDERR_REDIRECT] [Fatal Error] :1:1: Premature end of file.
2025-08-07 02:08:17,465 [ERROR] LogOutputStream:75 - [STDERR_REDIRECT] 
2025-08-07 02:08:18,466 [ERROR] LogOutputStream:75 - [STDERR_REDIRECT] [Fatal Error] :1:1: Premature end of file.
2025-08-07 02:08:18,466 [ERROR] LogOutputStream:75 - [STDERR_REDIRECT] 
2025-08-07 02:08:19,461 [ERROR] LogOutputStream:75 - [STDERR_REDIRECT] [Fatal Error] :1:1: Premature end of file.
2025-08-07 02:08:19,461 [ERROR] LogOutputStream:75 - [STDERR_REDIRECT] 
2025-08-07 02:08:20,470 [ERROR] LogOutputStream:75 - [STDERR_REDIRECT] [Fatal Error] :1:1: Premature end of file.
2025-08-07 02:08:20,470 [ERROR] LogOutputStream:75 - [STDERR_REDIRECT] 
2025-08-07 02:08:21,462 [ERROR] LogOutputStream:75 - [STDERR_REDIRECT] [Fatal Error] :1:1: Premature end of file.
2025-08-07 02:08:21,462 [ERROR] LogOutputStream:75 - [STDERR_REDIRECT] 
2025-08-07 02:08:22,454 [ERROR] LogOutputStream:75 - [STDERR_REDIRECT] [Fatal Error] :1:1: Premature end of file.
2025-08-07 02:08:22,454 [ERROR] LogOutputStream:75 - [STDERR_REDIRECT] 
2025-08-07 02:08:23,466 [ERROR] LogOutputStream:75 - [STDERR_REDIRECT] [Fatal Error] :1:1: Premature end of file.
2025-08-07 02:08:23,467 [ERROR] LogOutputStream:75 - [STDERR_REDIRECT] 
2025-08-07 02:08:24,458 [ERROR] LogOutputStream:75 - [STDERR_REDIRECT] [Fatal Error] :1:1: Premature end of file.
2025-08-07 02:08:24,458 [ERROR] LogOutputStream:75 - [STDERR_REDIRECT] 
2025-08-07 02:08:25,466 [ERROR] LogOutputStream:75 - [STDERR_REDIRECT] [Fatal Error] :1:1: Premature end of file.
2025-08-07 02:08:25,466 [ERROR] LogOutputStream:75 - [STDERR_REDIRECT] 
2025-08-07 02:08:26,461 [ERROR] LogOutputStream:75 - [STDERR_REDIRECT] [Fatal Error] :1:1: Premature end of file.
2025-08-07 02:08:26,461 [ERROR] LogOutputStream:75 - [STDERR_REDIRECT] 
2025-08-07 02:08:27,466 [ERROR] LogOutputStream:75 - [STDERR_REDIRECT] [Fatal Error] :1:1: Premature end of file.
2025-08-07 02:08:27,466 [ERROR] LogOutputStream:75 - [STDERR_REDIRECT] 
2025-08-07 02:08:28,459 [ERROR] LogOutputStream:75 - [STDERR_REDIRECT] [Fatal Error] :1:1: Premature end of file.
2025-08-07 02:08:28,459 [ERROR] LogOutputStream:75 - [STDERR_REDIRECT] 
2025-08-07 02:08:29,461 [ERROR] LogOutputStream:75 - [STDERR_REDIRECT] [Fatal Error] :1:1: Premature end of file.
2025-08-07 02:08:29,461 [ERROR] LogOutputStream:75 - [STDERR_REDIRECT] 
2025-08-07 02:08:30,473 [ERROR] LogOutputStream:75 - [STDERR_REDIRECT] [Fatal Error] :1:1: Premature end of file.
2025-08-07 02:08:30,473 [ERROR] LogOutputStream:75 - [STDERR_REDIRECT] 
2025-08-07 02:08:31,460 [ERROR] LogOutputStream:75 - [STDERR_REDIRECT] [Fatal Error] :1:1: Premature end of file.
2025-08-07 02:08:31,460 [ERROR] LogOutputStream:75 - [STDERR_REDIRECT] 
2025-08-07 02:08:32,455 [ERROR] LogOutputStream:75 - [STDERR_REDIRECT] [Fatal Error] :1:1: Premature end of file.
2025-08-07 02:08:32,455 [ERROR] LogOutputStream:75 - [STDERR_REDIRECT] 
2025-08-07 02:08:33,459 [ERROR] LogOutputStream:75 - [STDERR_REDIRECT] [Fatal Error] :1:1: Premature end of file.
2025-08-07 02:08:33,459 [ERROR] LogOutputStream:75 - [STDERR_REDIRECT] 
2025-08-07 02:08:34,466 [ERROR] LogOutputStream:75 - [STDERR_REDIRECT] [Fatal Error] :1:1: Premature end of file.
2025-08-07 02:08:34,466 [ERROR] LogOutputStream:75 - [STDERR_REDIRECT] 
2025-08-07 02:08:35,471 [ERROR] LogOutputStream:75 - [STDERR_REDIRECT] [Fatal Error] :1:1: Premature end of file.
2025-08-07 02:08:35,471 [ERROR] LogOutputStream:75 - [STDERR_REDIRECT] 
2025-08-07 02:08:36,475 [ERROR] LogOutputStream:75 - [STDERR_REDIRECT] [Fatal Error] :1:1: Premature end of file.
2025-08-07 02:08:36,475 [ERROR] LogOutputStream:75 - [STDERR_REDIRECT] 
2025-08-07 02:08:37,956 [ERROR] LogOutputStream:75 - [STDERR_REDIRECT] [Fatal Error] :1:1: Premature end of file.
2025-08-07 02:08:37,956 [ERROR] LogOutputStream:75 - [STDERR_REDIRECT] 
2025-08-07 02:08:38,461 [ERROR] LogOutputStream:75 - [STDERR_REDIRECT] [Fatal Error] :1:1: Premature end of file.
2025-08-07 02:08:38,462 [ERROR] LogOutputStream:75 - [STDERR_REDIRECT] 
2025-08-07 02:08:39,519 [ERROR] LogOutputStream:75 - [STDERR_REDIRECT] [Fatal Error] :1:1: Premature end of file.
2025-08-07 02:08:39,519 [ERROR] LogOutputStream:75 - [STDERR_REDIRECT] 
2025-08-07 02:08:40,478 [ERROR] LogOutputStream:75 - [STDERR_REDIRECT] [Fatal Error] :1:1: Premature end of file.
2025-08-07 02:08:40,478 [ERROR] LogOutputStream:75 - [STDERR_REDIRECT] 
2025-08-07 02:08:41,488 [ERROR] LogOutputStream:75 - [STDERR_REDIRECT] [Fatal Error] :1:1: Premature end of file.
2025-08-07 02:08:41,489 [ERROR] LogOutputStream:75 - [STDERR_REDIRECT] 
2025-08-07 02:08:42,468 [ERROR] LogOutputStream:75 - [STDERR_REDIRECT] [Fatal Error] :1:1: Premature end of file.
2025-08-07 02:08:42,468 [ERROR] LogOutputStream:75 - [STDERR_REDIRECT] 
2025-08-07 02:08:43,455 [ERROR] LogOutputStream:75 - [STDERR_REDIRECT] [Fatal Error] :1:1: Premature end of file.
2025-08-07 02:08:43,455 [ERROR] LogOutputStream:75 - [STDERR_REDIRECT] 
2025-08-07 02:08:44,466 [ERROR] LogOutputStream:75 - [STDERR_REDIRECT] [Fatal Error] :1:1: Premature end of file.
2025-08-07 02:08:44,466 [ERROR] LogOutputStream:75 - [STDERR_REDIRECT] 
2025-08-07 02:08:45,466 [ERROR] LogOutputStream:75 - [STDERR_REDIRECT] [Fatal Error] :1:1: Premature end of file.
2025-08-07 02:08:45,466 [ERROR] LogOutputStream:75 - [STDERR_REDIRECT] 
2025-08-07 02:08:46,459 [ERROR] LogOutputStream:75 - [STDERR_REDIRECT] [Fatal Error] :1:1: Premature end of file.
2025-08-07 02:08:46,459 [ERROR] LogOutputStream:75 - [STDERR_REDIRECT] 
2025-08-07 02:08:47,466 [ERROR] LogOutputStream:75 - [STDERR_REDIRECT] [Fatal Error] :1:1: Premature end of file.
2025-08-07 02:08:47,466 [ERROR] LogOutputStream:75 - [STDERR_REDIRECT] 
2025-08-07 02:08:48,479 [ERROR] LogOutputStream:75 - [STDERR_REDIRECT] [Fatal Error] :1:1: Premature end of file.
2025-08-07 02:08:48,479 [ERROR] LogOutputStream:75 - [STDERR_REDIRECT] 
2025-08-07 02:08:49,481 [ERROR] LogOutputStream:75 - [STDERR_REDIRECT] [Fatal Error] :1:1: Premature end of file.
2025-08-07 02:08:49,481 [ERROR] LogOutputStream:75 - [STDERR_REDIRECT] 
2025-08-07 02:08:50,469 [ERROR] LogOutputStream:75 - [STDERR_REDIRECT] [Fatal Error] :1:1: Premature end of file.
2025-08-07 02:08:50,469 [ERROR] LogOutputStream:75 - [STDERR_REDIRECT] 
2025-08-07 02:08:51,471 [ERROR] LogOutputStream:75 - [STDERR_REDIRECT] [Fatal Error] :1:1: Premature end of file.
2025-08-07 02:08:51,471 [ERROR] LogOutputStream:75 - [STDERR_REDIRECT] 
2025-08-07 02:08:52,468 [ERROR] LogOutputStream:75 - [STDERR_REDIRECT] [Fatal Error] :1:1: Premature end of file.
2025-08-07 02:08:52,468 [ERROR] LogOutputStream:75 - [STDERR_REDIRECT] 
2025-08-07 02:08:53,476 [ERROR] LogOutputStream:75 - [STDERR_REDIRECT] [Fatal Error] :1:1: Premature end of file.
2025-08-07 02:08:53,476 [ERROR] LogOutputStream:75 - [STDERR_REDIRECT] 
2025-08-07 02:08:54,492 [ERROR] LogOutputStream:75 - [STDERR_REDIRECT] [Fatal Error] :1:1: Premature end of file.
2025-08-07 02:08:54,494 [ERROR] LogOutputStream:75 - [STDERR_REDIRECT] 
2025-08-07 02:08:55,465 [ERROR] LogOutputStream:75 - [STDERR_REDIRECT] [Fatal Error] :1:1: Premature end of file.
2025-08-07 02:08:55,465 [ERROR] LogOutputStream:75 - [STDERR_REDIRECT] 
2025-08-07 02:08:56,474 [ERROR] LogOutputStream:75 - [STDERR_REDIRECT] [Fatal Error] :1:1: Premature end of file.
2025-08-07 02:08:56,474 [ERROR] LogOutputStream:75 - [STDERR_REDIRECT] 
2025-08-07 02:08:57,469 [ERROR] LogOutputStream:75 - [STDERR_REDIRECT] [Fatal Error] :1:1: Premature end of file.
2025-08-07 02:08:57,469 [ERROR] LogOutputStream:75 - [STDERR_REDIRECT] 
2025-08-07 02:08:58,475 [ERROR] LogOutputStream:75 - [STDERR_REDIRECT] [Fatal Error] :1:1: Premature end of file.
2025-08-07 02:08:58,475 [ERROR] LogOutputStream:75 - [STDERR_REDIRECT] 
2025-08-07 02:08:59,463 [ERROR] LogOutputStream:75 - [STDERR_REDIRECT] [Fatal Error] :1:1: Premature end of file.
2025-08-07 02:08:59,463 [ERROR] LogOutputStream:75 - [STDERR_REDIRECT] 
2025-08-07 02:09:00,458 [ERROR] LogOutputStream:75 - [STDERR_REDIRECT] [Fatal Error] :1:1: Premature end of file.
2025-08-07 02:09:00,458 [ERROR] LogOutputStream:75 - [STDERR_REDIRECT] 
2025-08-07 02:09:01,467 [ERROR] LogOutputStream:75 - [STDERR_REDIRECT] [Fatal Error] :1:1: Premature end of file.
2025-08-07 02:09:01,467 [ERROR] LogOutputStream:75 - [STDERR_REDIRECT] 
2025-08-07 02:09:02,518 [ERROR] LogOutputStream:75 - [STDERR_REDIRECT] [Fatal Error] :1:1: Premature end of file.
2025-08-07 02:09:02,518 [ERROR] LogOutputStream:75 - [STDERR_REDIRECT] 
2025-08-07 02:09:03,474 [ERROR] LogOutputStream:75 - [STDERR_REDIRECT] [Fatal Error] :1:1: Premature end of file.
2025-08-07 02:09:03,474 [ERROR] LogOutputStream:75 - [STDERR_REDIRECT] 
2025-08-07 02:09:04,463 [ERROR] LogOutputStream:75 - [STDERR_REDIRECT] [Fatal Error] :1:1: Premature end of file.
2025-08-07 02:09:04,463 [ERROR] LogOutputStream:75 - [STDERR_REDIRECT] 
2025-08-07 02:09:05,458 [ERROR] LogOutputStream:75 - [STDERR_REDIRECT] [Fatal Error] :1:1: Premature end of file.
2025-08-07 02:09:05,458 [ERROR] LogOutputStream:75 - [STDERR_REDIRECT] 
2025-08-07 02:09:06,471 [ERROR] LogOutputStream:75 - [STDERR_REDIRECT] [Fatal Error] :1:1: Premature end of file.
2025-08-07 02:09:06,473 [ERROR] LogOutputStream:75 - [STDERR_REDIRECT] 
2025-08-07 02:09:07,463 [ERROR] LogOutputStream:75 - [STDERR_REDIRECT] [Fatal Error] :1:1: Premature end of file.
2025-08-07 02:09:07,463 [ERROR] LogOutputStream:75 - [STDERR_REDIRECT] 
2025-08-07 02:09:08,474 [ERROR] LogOutputStream:75 - [STDERR_REDIRECT] [Fatal Error] :1:1: Premature end of file.
2025-08-07 02:09:08,475 [ERROR] LogOutputStream:75 - [STDERR_REDIRECT] 
2025-08-07 02:09:09,463 [ERROR] LogOutputStream:75 - [STDERR_REDIRECT] [Fatal Error] :1:1: Premature end of file.
2025-08-07 02:09:09,463 [ERROR] LogOutputStream:75 - [STDERR_REDIRECT] 
2025-08-07 02:09:10,465 [ERROR] LogOutputStream:75 - [STDERR_REDIRECT] [Fatal Error] :1:1: Premature end of file.
2025-08-07 02:09:10,465 [ERROR] LogOutputStream:75 - [STDERR_REDIRECT] 
2025-08-07 02:09:11,473 [ERROR] LogOutputStream:75 - [STDERR_REDIRECT] [Fatal Error] :1:1: Premature end of file.
2025-08-07 02:09:11,473 [ERROR] LogOutputStream:75 - [STDERR_REDIRECT] 
2025-08-07 02:09:12,466 [ERROR] LogOutputStream:75 - [STDERR_REDIRECT] [Fatal Error] :1:1: Premature end of file.
2025-08-07 02:09:12,466 [ERROR] LogOutputStream:75 - [STDERR_REDIRECT] 
2025-08-07 02:09:13,468 [ERROR] LogOutputStream:75 - [STDERR_REDIRECT] [Fatal Error] :1:1: Premature end of file.
2025-08-07 02:09:13,468 [ERROR] LogOutputStream:75 - [STDERR_REDIRECT] 
2025-08-07 02:09:14,467 [ERROR] LogOutputStream:75 - [STDERR_REDIRECT] [Fatal Error] :1:1: Premature end of file.
2025-08-07 02:09:14,467 [ERROR] LogOutputStream:75 - [STDERR_REDIRECT] 
2025-08-07 02:09:15,463 [ERROR] LogOutputStream:75 - [STDERR_REDIRECT] [Fatal Error] :1:1: Premature end of file.
2025-08-07 02:09:15,463 [ERROR] LogOutputStream:75 - [STDERR_REDIRECT] 
2025-08-07 02:09:16,465 [ERROR] LogOutputStream:75 - [STDERR_REDIRECT] [Fatal Error] :1:1: Premature end of file.
2025-08-07 02:09:16,465 [ERROR] LogOutputStream:75 - [STDERR_REDIRECT] 
2025-08-07 02:09:17,460 [ERROR] LogOutputStream:75 - [STDERR_REDIRECT] [Fatal Error] :1:1: Premature end of file.
2025-08-07 02:09:17,460 [ERROR] LogOutputStream:75 - [STDERR_REDIRECT] 
2025-08-07 02:09:18,470 [ERROR] LogOutputStream:75 - [STDERR_REDIRECT] [Fatal Error] :1:1: Premature end of file.
2025-08-07 02:09:18,470 [ERROR] LogOutputStream:75 - [STDERR_REDIRECT] 
2025-08-07 02:09:19,462 [ERROR] LogOutputStream:75 - [STDERR_REDIRECT] [Fatal Error] :1:1: Premature end of file.
2025-08-07 02:09:19,462 [ERROR] LogOutputStream:75 - [STDERR_REDIRECT] 
2025-08-07 02:09:20,468 [ERROR] LogOutputStream:75 - [STDERR_REDIRECT] [Fatal Error] :1:1: Premature end of file.
2025-08-07 02:09:20,468 [ERROR] LogOutputStream:75 - [STDERR_REDIRECT] 
2025-08-07 02:09:21,460 [ERROR] LogOutputStream:75 - [STDERR_REDIRECT] [Fatal Error] :1:1: Premature end of file.
2025-08-07 02:09:21,460 [ERROR] LogOutputStream:75 - [STDERR_REDIRECT] 
2025-08-07 02:09:22,461 [ERROR] LogOutputStream:75 - [STDERR_REDIRECT] [Fatal Error] :1:1: Premature end of file.
2025-08-07 02:09:22,461 [ERROR] LogOutputStream:75 - [STDERR_REDIRECT] 
2025-08-07 02:09:23,466 [ERROR] LogOutputStream:75 - [STDERR_REDIRECT] [Fatal Error] :1:1: Premature end of file.
2025-08-07 02:09:23,466 [ERROR] LogOutputStream:75 - [STDERR_REDIRECT] 
2025-08-07 02:09:24,470 [ERROR] LogOutputStream:75 - [STDERR_REDIRECT] [Fatal Error] :1:1: Premature end of file.
2025-08-07 02:09:24,470 [ERROR] LogOutputStream:75 - [STDERR_REDIRECT] 
2025-08-07 02:09:25,458 [ERROR] LogOutputStream:75 - [STDERR_REDIRECT] [Fatal Error] :1:1: Premature end of file.
2025-08-07 02:09:25,458 [ERROR] LogOutputStream:75 - [STDERR_REDIRECT] 
2025-08-07 02:09:26,475 [ERROR] LogOutputStream:75 - [STDERR_REDIRECT] [Fatal Error] :1:1: Premature end of file.
2025-08-07 02:09:26,475 [ERROR] LogOutputStream:75 - [STDERR_REDIRECT] 
2025-08-07 02:09:27,465 [ERROR] LogOutputStream:75 - [STDERR_REDIRECT] [Fatal Error] :1:1: Premature end of file.
2025-08-07 02:09:27,465 [ERROR] LogOutputStream:75 - [STDERR_REDIRECT] 
2025-08-07 02:09:28,456 [ERROR] LogOutputStream:75 - [STDERR_REDIRECT] [Fatal Error] :1:1: Premature end of file.
2025-08-07 02:09:28,458 [ERROR] LogOutputStream:75 - [STDERR_REDIRECT] 
2025-08-07 02:09:29,458 [ERROR] LogOutputStream:75 - [STDERR_REDIRECT] [Fatal Error] :1:1: Premature end of file.
2025-08-07 02:09:29,458 [ERROR] LogOutputStream:75 - [STDERR_REDIRECT] 
2025-08-07 02:09:30,461 [ERROR] LogOutputStream:75 - [STDERR_REDIRECT] [Fatal Error] :1:1: Premature end of file.
2025-08-07 02:09:30,461 [ERROR] LogOutputStream:75 - [STDERR_REDIRECT] 
2025-08-07 02:09:31,472 [ERROR] LogOutputStream:75 - [STDERR_REDIRECT] [Fatal Error] :1:1: Premature end of file.
2025-08-07 02:09:31,472 [ERROR] LogOutputStream:75 - [STDERR_REDIRECT] 
2025-08-07 02:09:32,456 [ERROR] LogOutputStream:75 - [STDERR_REDIRECT] [Fatal Error] :1:1: Premature end of file.
2025-08-07 02:09:32,456 [ERROR] LogOutputStream:75 - [STDERR_REDIRECT] 
2025-08-07 02:09:33,457 [ERROR] LogOutputStream:75 - [STDERR_REDIRECT] [Fatal Error] :1:1: Premature end of file.
2025-08-07 02:09:33,458 [ERROR] LogOutputStream:75 - [STDERR_REDIRECT] 
2025-08-07 02:09:34,465 [ERROR] LogOutputStream:75 - [STDERR_REDIRECT] [Fatal Error] :1:1: Premature end of file.
2025-08-07 02:09:34,465 [ERROR] LogOutputStream:75 - [STDERR_REDIRECT] 
2025-08-07 02:09:35,468 [ERROR] LogOutputStream:75 - [STDERR_REDIRECT] [Fatal Error] :1:1: Premature end of file.
2025-08-07 02:09:35,468 [ERROR] LogOutputStream:75 - [STDERR_REDIRECT] 
2025-08-07 02:09:36,466 [ERROR] LogOutputStream:75 - [STDERR_REDIRECT] [Fatal Error] :1:1: Premature end of file.
2025-08-07 02:09:36,466 [ERROR] LogOutputStream:75 - [STDERR_REDIRECT] 
2025-08-07 02:09:37,462 [ERROR] LogOutputStream:75 - [STDERR_REDIRECT] [Fatal Error] :1:1: Premature end of file.
2025-08-07 02:09:37,462 [ERROR] LogOutputStream:75 - [STDERR_REDIRECT] 
2025-08-07 02:09:38,468 [ERROR] LogOutputStream:75 - [STDERR_REDIRECT] [Fatal Error] :1:1: Premature end of file.
2025-08-07 02:09:38,468 [ERROR] LogOutputStream:75 - [STDERR_REDIRECT] 
2025-08-07 02:09:39,462 [ERROR] LogOutputStream:75 - [STDERR_REDIRECT] [Fatal Error] :1:1: Premature end of file.
2025-08-07 02:09:39,462 [ERROR] LogOutputStream:75 - [STDERR_REDIRECT] 
2025-08-07 02:09:40,469 [ERROR] LogOutputStream:75 - [STDERR_REDIRECT] [Fatal Error] :1:1: Premature end of file.
2025-08-07 02:09:40,469 [ERROR] LogOutputStream:75 - [STDERR_REDIRECT] 
2025-08-07 02:09:41,463 [ERROR] LogOutputStream:75 - [STDERR_REDIRECT] [Fatal Error] :1:1: Premature end of file.
2025-08-07 02:09:41,463 [ERROR] LogOutputStream:75 - [STDERR_REDIRECT] 
2025-08-07 02:09:42,462 [ERROR] LogOutputStream:75 - [STDERR_REDIRECT] [Fatal Error] :1:1: Premature end of file.
2025-08-07 02:09:42,462 [ERROR] LogOutputStream:75 - [STDERR_REDIRECT] 
2025-08-07 02:09:43,476 [ERROR] LogOutputStream:75 - [STDERR_REDIRECT] [Fatal Error] :1:1: Premature end of file.
2025-08-07 02:09:43,476 [ERROR] LogOutputStream:75 - [STDERR_REDIRECT] 
2025-08-07 02:09:44,465 [ERROR] LogOutputStream:75 - [STDERR_REDIRECT] [Fatal Error] :1:1: Premature end of file.
2025-08-07 02:09:44,465 [ERROR] LogOutputStream:75 - [STDERR_REDIRECT] 
2025-08-07 02:09:45,470 [ERROR] LogOutputStream:75 - [STDERR_REDIRECT] [Fatal Error] :1:1: Premature end of file.
2025-08-07 02:09:45,470 [ERROR] LogOutputStream:75 - [STDERR_REDIRECT] 
2025-08-07 02:09:46,466 [ERROR] LogOutputStream:75 - [STDERR_REDIRECT] [Fatal Error] :1:1: Premature end of file.
2025-08-07 02:09:46,466 [ERROR] LogOutputStream:75 - [STDERR_REDIRECT] 
2025-08-07 02:09:47,461 [ERROR] LogOutputStream:75 - [STDERR_REDIRECT] [Fatal Error] :1:1: Premature end of file.
2025-08-07 02:09:47,461 [ERROR] LogOutputStream:75 - [STDERR_REDIRECT] 
2025-08-07 02:09:48,468 [ERROR] LogOutputStream:75 - [STDERR_REDIRECT] [Fatal Error] :1:1: Premature end of file.
2025-08-07 02:09:48,468 [ERROR] LogOutputStream:75 - [STDERR_REDIRECT] 
2025-08-07 02:09:49,467 [ERROR] LogOutputStream:75 - [STDERR_REDIRECT] [Fatal Error] :1:1: Premature end of file.
2025-08-07 02:09:49,467 [ERROR] LogOutputStream:75 - [STDERR_REDIRECT] 
2025-08-07 02:09:50,458 [ERROR] LogOutputStream:75 - [STDERR_REDIRECT] [Fatal Error] :1:1: Premature end of file.
2025-08-07 02:09:50,458 [ERROR] LogOutputStream:75 - [STDERR_REDIRECT] 
2025-08-07 02:09:51,466 [ERROR] LogOutputStream:75 - [STDERR_REDIRECT] [Fatal Error] :1:1: Premature end of file.
2025-08-07 02:09:51,466 [ERROR] LogOutputStream:75 - [STDERR_REDIRECT] 
2025-08-07 02:09:52,457 [ERROR] LogOutputStream:75 - [STDERR_REDIRECT] [Fatal Error] :1:1: Premature end of file.
2025-08-07 02:09:52,457 [ERROR] LogOutputStream:75 - [STDERR_REDIRECT] 
2025-08-07 02:09:53,470 [ERROR] LogOutputStream:75 - [STDERR_REDIRECT] [Fatal Error] :1:1: Premature end of file.
2025-08-07 02:09:53,471 [ERROR] LogOutputStream:75 - [STDERR_REDIRECT] 
2025-08-07 02:09:54,457 [ERROR] LogOutputStream:75 - [STDERR_REDIRECT] [Fatal Error] :1:1: Premature end of file.
2025-08-07 02:09:54,457 [ERROR] LogOutputStream:75 - [STDERR_REDIRECT] 
2025-08-07 02:09:55,464 [ERROR] LogOutputStream:75 - [STDERR_REDIRECT] [Fatal Error] :1:1: Premature end of file.
2025-08-07 02:09:55,464 [ERROR] LogOutputStream:75 - [STDERR_REDIRECT] 
2025-08-07 02:09:56,466 [ERROR] LogOutputStream:75 - [STDERR_REDIRECT] [Fatal Error] :1:1: Premature end of file.
2025-08-07 02:09:56,466 [ERROR] LogOutputStream:75 - [STDERR_REDIRECT] 
2025-08-07 02:09:57,460 [ERROR] LogOutputStream:75 - [STDERR_REDIRECT] [Fatal Error] :1:1: Premature end of file.
2025-08-07 02:09:57,460 [ERROR] LogOutputStream:75 - [STDERR_REDIRECT] 
2025-08-07 02:09:58,458 [ERROR] LogOutputStream:75 - [STDERR_REDIRECT] [Fatal Error] :1:1: Premature end of file.
2025-08-07 02:09:58,458 [ERROR] LogOutputStream:75 - [STDERR_REDIRECT] 
2025-08-07 02:09:59,455 [ERROR] LogOutputStream:75 - [STDERR_REDIRECT] [Fatal Error] :1:1: Premature end of file.
2025-08-07 02:09:59,456 [ERROR] LogOutputStream:75 - [STDERR_REDIRECT] 
2025-08-07 02:10:00,459 [ERROR] LogOutputStream:75 - [STDERR_REDIRECT] [Fatal Error] :1:1: Premature end of file.
2025-08-07 02:10:00,459 [ERROR] LogOutputStream:75 - [STDERR_REDIRECT] 
2025-08-07 02:10:01,467 [ERROR] LogOutputStream:75 - [STDERR_REDIRECT] [Fatal Error] :1:1: Premature end of file.
2025-08-07 02:10:01,467 [ERROR] LogOutputStream:75 - [STDERR_REDIRECT] 
2025-08-07 02:10:02,461 [ERROR] LogOutputStream:75 - [STDERR_REDIRECT] [Fatal Error] :1:1: Premature end of file.
2025-08-07 02:10:02,461 [ERROR] LogOutputStream:75 - [STDERR_REDIRECT] 
2025-08-07 02:10:03,464 [ERROR] LogOutputStream:75 - [STDERR_REDIRECT] [Fatal Error] :1:1: Premature end of file.
2025-08-07 02:10:03,464 [ERROR] LogOutputStream:75 - [STDERR_REDIRECT] 
2025-08-07 02:10:04,467 [ERROR] LogOutputStream:75 - [STDERR_REDIRECT] [Fatal Error] :1:1: Premature end of file.
2025-08-07 02:10:04,467 [ERROR] LogOutputStream:75 - [STDERR_REDIRECT] 
2025-08-07 02:10:05,468 [ERROR] LogOutputStream:75 - [STDERR_REDIRECT] [Fatal Error] :1:1: Premature end of file.
2025-08-07 02:10:05,468 [ERROR] LogOutputStream:75 - [STDERR_REDIRECT] 
2025-08-07 02:10:06,466 [ERROR] LogOutputStream:75 - [STDERR_REDIRECT] [Fatal Error] :1:1: Premature end of file.
2025-08-07 02:10:06,466 [ERROR] LogOutputStream:75 - [STDERR_REDIRECT] 
2025-08-07 02:10:07,458 [ERROR] LogOutputStream:75 - [STDERR_REDIRECT] [Fatal Error] :1:1: Premature end of file.
2025-08-07 02:10:07,458 [ERROR] LogOutputStream:75 - [STDERR_REDIRECT] 
2025-08-07 02:10:08,467 [ERROR] LogOutputStream:75 - [STDERR_REDIRECT] [Fatal Error] :1:1: Premature end of file.
2025-08-07 02:10:08,467 [ERROR] LogOutputStream:75 - [STDERR_REDIRECT] 
2025-08-07 02:10:09,459 [ERROR] LogOutputStream:75 - [STDERR_REDIRECT] [Fatal Error] :1:1: Premature end of file.
2025-08-07 02:10:09,459 [ERROR] LogOutputStream:75 - [STDERR_REDIRECT] 
2025-08-07 02:10:10,466 [ERROR] LogOutputStream:75 - [STDERR_REDIRECT] [Fatal Error] :1:1: Premature end of file.
2025-08-07 02:10:10,466 [ERROR] LogOutputStream:75 - [STDERR_REDIRECT] 
2025-08-07 02:10:11,463 [ERROR] LogOutputStream:75 - [STDERR_REDIRECT] [Fatal Error] :1:1: Premature end of file.
2025-08-07 02:10:11,463 [ERROR] LogOutputStream:75 - [STDERR_REDIRECT] 
2025-08-07 02:10:12,468 [ERROR] LogOutputStream:75 - [STDERR_REDIRECT] [Fatal Error] :1:1: Premature end of file.
2025-08-07 02:10:12,468 [ERROR] LogOutputStream:75 - [STDERR_REDIRECT] 
2025-08-07 02:10:13,461 [ERROR] LogOutputStream:75 - [STDERR_REDIRECT] [Fatal Error] :1:1: Premature end of file.
2025-08-07 02:10:13,461 [ERROR] LogOutputStream:75 - [STDERR_REDIRECT] 
2025-08-07 02:10:14,474 [ERROR] LogOutputStream:75 - [STDERR_REDIRECT] [Fatal Error] :1:1: Premature end of file.
2025-08-07 02:10:14,474 [ERROR] LogOutputStream:75 - [STDERR_REDIRECT] 
2025-08-07 02:10:15,471 [ERROR] LogOutputStream:75 - [STDERR_REDIRECT] [Fatal Error] :1:1: Premature end of file.
2025-08-07 02:10:15,471 [ERROR] LogOutputStream:75 - [STDERR_REDIRECT] 
2025-08-07 02:10:16,466 [ERROR] LogOutputStream:75 - [STDERR_REDIRECT] [Fatal Error] :1:1: Premature end of file.
2025-08-07 02:10:16,466 [ERROR] LogOutputStream:75 - [STDERR_REDIRECT] 
2025-08-07 02:10:17,469 [ERROR] LogOutputStream:75 - [STDERR_REDIRECT] [Fatal Error] :1:1: Premature end of file.
2025-08-07 02:10:17,469 [ERROR] LogOutputStream:75 - [STDERR_REDIRECT] 
2025-08-07 02:10:18,466 [ERROR] LogOutputStream:75 - [STDERR_REDIRECT] [Fatal Error] :1:1: Premature end of file.
2025-08-07 02:10:18,466 [ERROR] LogOutputStream:75 - [STDERR_REDIRECT] 
2025-08-07 02:10:19,468 [ERROR] LogOutputStream:75 - [STDERR_REDIRECT] [Fatal Error] :1:1: Premature end of file.
2025-08-07 02:10:19,468 [ERROR] LogOutputStream:75 - [STDERR_REDIRECT] 
2025-08-07 02:10:20,463 [ERROR] LogOutputStream:75 - [STDERR_REDIRECT] [Fatal Error] :1:1: Premature end of file.
2025-08-07 02:10:20,463 [ERROR] LogOutputStream:75 - [STDERR_REDIRECT] 
2025-08-07 02:10:21,467 [ERROR] LogOutputStream:75 - [STDERR_REDIRECT] [Fatal Error] :1:1: Premature end of file.
2025-08-07 02:10:21,467 [ERROR] LogOutputStream:75 - [STDERR_REDIRECT] 
2025-08-07 02:10:22,462 [ERROR] LogOutputStream:75 - [STDERR_REDIRECT] [Fatal Error] :1:1: Premature end of file.
2025-08-07 02:10:22,462 [ERROR] LogOutputStream:75 - [STDERR_REDIRECT] 
2025-08-07 02:10:23,467 [ERROR] LogOutputStream:75 - [STDERR_REDIRECT] [Fatal Error] :1:1: Premature end of file.
2025-08-07 02:10:23,467 [ERROR] LogOutputStream:75 - [STDERR_REDIRECT] 
2025-08-07 02:10:24,465 [ERROR] LogOutputStream:75 - [STDERR_REDIRECT] [Fatal Error] :1:1: Premature end of file.
2025-08-07 02:10:24,465 [ERROR] LogOutputStream:75 - [STDERR_REDIRECT] 
2025-08-07 02:10:25,458 [ERROR] LogOutputStream:75 - [STDERR_REDIRECT] [Fatal Error] :1:1: Premature end of file.
2025-08-07 02:10:25,458 [ERROR] LogOutputStream:75 - [STDERR_REDIRECT] 
2025-08-07 02:10:26,473 [ERROR] LogOutputStream:75 - [STDERR_REDIRECT] [Fatal Error] :1:1: Premature end of file.
2025-08-07 02:10:26,473 [ERROR] LogOutputStream:75 - [STDERR_REDIRECT] 
2025-08-07 02:10:27,459 [ERROR] LogOutputStream:75 - [STDERR_REDIRECT] [Fatal Error] :1:1: Premature end of file.
2025-08-07 02:10:27,460 [ERROR] LogOutputStream:75 - [STDERR_REDIRECT] 
2025-08-07 02:10:28,467 [ERROR] LogOutputStream:75 - [STDERR_REDIRECT] [Fatal Error] :1:1: Premature end of file.
2025-08-07 02:10:28,468 [ERROR] LogOutputStream:75 - [STDERR_REDIRECT] 
2025-08-07 02:10:29,464 [ERROR] LogOutputStream:75 - [STDERR_REDIRECT] [Fatal Error] :1:1: Premature end of file.
2025-08-07 02:10:29,464 [ERROR] LogOutputStream:75 - [STDERR_REDIRECT] 
2025-08-07 02:10:30,459 [ERROR] LogOutputStream:75 - [STDERR_REDIRECT] [Fatal Error] :1:1: Premature end of file.
2025-08-07 02:10:30,459 [ERROR] LogOutputStream:75 - [STDERR_REDIRECT] 
2025-08-07 02:10:31,468 [ERROR] LogOutputStream:75 - [STDERR_REDIRECT] [Fatal Error] :1:1: Premature end of file.
2025-08-07 02:10:31,468 [ERROR] LogOutputStream:75 - [STDERR_REDIRECT] 
2025-08-07 02:10:32,460 [ERROR] LogOutputStream:75 - [STDERR_REDIRECT] [Fatal Error] :1:1: Premature end of file.
2025-08-07 02:10:32,460 [ERROR] LogOutputStream:75 - [STDERR_REDIRECT] 
2025-08-07 02:10:33,468 [ERROR] LogOutputStream:75 - [STDERR_REDIRECT] [Fatal Error] :1:1: Premature end of file.
2025-08-07 02:10:33,468 [ERROR] LogOutputStream:75 - [STDERR_REDIRECT] 
2025-08-07 02:10:34,464 [ERROR] LogOutputStream:75 - [STDERR_REDIRECT] [Fatal Error] :1:1: Premature end of file.
2025-08-07 02:10:34,464 [ERROR] LogOutputStream:75 - [STDERR_REDIRECT] 
2025-08-07 02:10:35,461 [ERROR] LogOutputStream:75 - [STDERR_REDIRECT] [Fatal Error] :1:1: Premature end of file.
2025-08-07 02:10:35,461 [ERROR] LogOutputStream:75 - [STDERR_REDIRECT] 
2025-08-07 02:10:36,466 [ERROR] LogOutputStream:75 - [STDERR_REDIRECT] [Fatal Error] :1:1: Premature end of file.
2025-08-07 02:10:36,468 [ERROR] LogOutputStream:75 - [STDERR_REDIRECT] 
2025-08-07 02:10:37,464 [ERROR] LogOutputStream:75 - [STDERR_REDIRECT] [Fatal Error] :1:1: Premature end of file.
2025-08-07 02:10:37,464 [ERROR] LogOutputStream:75 - [STDERR_REDIRECT] 
2025-08-07 02:10:38,468 [ERROR] LogOutputStream:75 - [STDERR_REDIRECT] [Fatal Error] :1:1: Premature end of file.
2025-08-07 02:10:38,468 [ERROR] LogOutputStream:75 - [STDERR_REDIRECT] 
2025-08-07 02:10:39,468 [ERROR] LogOutputStream:75 - [STDERR_REDIRECT] [Fatal Error] :1:1: Premature end of file.
2025-08-07 02:10:39,468 [ERROR] LogOutputStream:75 - [STDERR_REDIRECT] 
2025-08-07 02:10:40,470 [ERROR] LogOutputStream:75 - [STDERR_REDIRECT] [Fatal Error] :1:1: Premature end of file.
2025-08-07 02:10:40,470 [ERROR] LogOutputStream:75 - [STDERR_REDIRECT] 
2025-08-07 02:10:41,469 [ERROR] LogOutputStream:75 - [STDERR_REDIRECT] [Fatal Error] :1:1: Premature end of file.
2025-08-07 02:10:41,470 [ERROR] LogOutputStream:75 - [STDERR_REDIRECT] 
2025-08-07 02:10:42,466 [ERROR] LogOutputStream:75 - [STDERR_REDIRECT] [Fatal Error] :1:1: Premature end of file.
2025-08-07 02:10:42,466 [ERROR] LogOutputStream:75 - [STDERR_REDIRECT] 
2025-08-07 02:10:43,458 [ERROR] LogOutputStream:75 - [STDERR_REDIRECT] [Fatal Error] :1:1: Premature end of file.
2025-08-07 02:10:43,458 [ERROR] LogOutputStream:75 - [STDERR_REDIRECT] 
2025-08-07 02:10:44,467 [ERROR] LogOutputStream:75 - [STDERR_REDIRECT] [Fatal Error] :1:1: Premature end of file.
2025-08-07 02:10:44,467 [ERROR] LogOutputStream:75 - [STDERR_REDIRECT] 
2025-08-07 02:10:45,468 [ERROR] LogOutputStream:75 - [STDERR_REDIRECT] [Fatal Error] :1:1: Premature end of file.
2025-08-07 02:10:45,468 [ERROR] LogOutputStream:75 - [STDERR_REDIRECT] 
2025-08-07 02:10:46,458 [ERROR] LogOutputStream:75 - [STDERR_REDIRECT] [Fatal Error] :1:1: Premature end of file.
2025-08-07 02:10:46,458 [ERROR] LogOutputStream:75 - [STDERR_REDIRECT] 
2025-08-07 02:10:47,460 [ERROR] LogOutputStream:75 - [STDERR_REDIRECT] [Fatal Error] :1:1: Premature end of file.
2025-08-07 02:10:47,460 [ERROR] LogOutputStream:75 - [STDERR_REDIRECT] 
2025-08-07 02:10:48,456 [ERROR] LogOutputStream:75 - [STDERR_REDIRECT] [Fatal Error] :1:1: Premature end of file.
2025-08-07 02:10:48,456 [ERROR] LogOutputStream:75 - [STDERR_REDIRECT] 
2025-08-07 02:10:49,463 [ERROR] LogOutputStream:75 - [STDERR_REDIRECT] [Fatal Error] :1:1: Premature end of file.
2025-08-07 02:10:49,463 [ERROR] LogOutputStream:75 - [STDERR_REDIRECT] 
2025-08-07 02:10:50,456 [ERROR] LogOutputStream:75 - [STDERR_REDIRECT] [Fatal Error] :1:1: Premature end of file.
2025-08-07 02:10:50,456 [ERROR] LogOutputStream:75 - [STDERR_REDIRECT] 
2025-08-07 02:10:51,465 [ERROR] LogOutputStream:75 - [STDERR_REDIRECT] [Fatal Error] :1:1: Premature end of file.
2025-08-07 02:10:51,465 [ERROR] LogOutputStream:75 - [STDERR_REDIRECT] 
2025-08-07 02:10:52,455 [ERROR] LogOutputStream:75 - [STDERR_REDIRECT] [Fatal Error] :1:1: Premature end of file.
2025-08-07 02:10:52,455 [ERROR] LogOutputStream:75 - [STDERR_REDIRECT] 
2025-08-07 02:10:53,462 [ERROR] LogOutputStream:75 - [STDERR_REDIRECT] [Fatal Error] :1:1: Premature end of file.
2025-08-07 02:10:53,463 [ERROR] LogOutputStream:75 - [STDERR_REDIRECT] 
2025-08-07 02:10:54,470 [ERROR] LogOutputStream:75 - [STDERR_REDIRECT] [Fatal Error] :1:1: Premature end of file.
2025-08-07 02:10:54,470 [ERROR] LogOutputStream:75 - [STDERR_REDIRECT] 
2025-08-07 02:10:55,463 [ERROR] LogOutputStream:75 - [STDERR_REDIRECT] [Fatal Error] :1:1: Premature end of file.
2025-08-07 02:10:55,463 [ERROR] LogOutputStream:75 - [STDERR_REDIRECT] 
2025-08-07 02:10:56,459 [ERROR] LogOutputStream:75 - [STDERR_REDIRECT] [Fatal Error] :1:1: Premature end of file.
2025-08-07 02:10:56,459 [ERROR] LogOutputStream:75 - [STDERR_REDIRECT] 
2025-08-07 02:10:57,470 [ERROR] LogOutputStream:75 - [STDERR_REDIRECT] [Fatal Error] :1:1: Premature end of file.
2025-08-07 02:10:57,470 [ERROR] LogOutputStream:75 - [STDERR_REDIRECT] 
2025-08-07 02:10:58,463 [ERROR] LogOutputStream:75 - [STDERR_REDIRECT] [Fatal Error] :1:1: Premature end of file.
2025-08-07 02:10:58,463 [ERROR] LogOutputStream:75 - [STDERR_REDIRECT] 
2025-08-07 02:10:59,469 [ERROR] LogOutputStream:75 - [STDERR_REDIRECT] [Fatal Error] :1:1: Premature end of file.
2025-08-07 02:10:59,469 [ERROR] LogOutputStream:75 - [STDERR_REDIRECT] 
2025-08-07 02:11:00,465 [ERROR] LogOutputStream:75 - [STDERR_REDIRECT] [Fatal Error] :1:1: Premature end of file.
2025-08-07 02:11:00,465 [ERROR] LogOutputStream:75 - [STDERR_REDIRECT] 
2025-08-07 02:11:01,465 [ERROR] LogOutputStream:75 - [STDERR_REDIRECT] [Fatal Error] :1:1: Premature end of file.
2025-08-07 02:11:01,465 [ERROR] LogOutputStream:75 - [STDERR_REDIRECT] 
2025-08-07 02:11:02,458 [ERROR] LogOutputStream:75 - [STDERR_REDIRECT] [Fatal Error] :1:1: Premature end of file.
2025-08-07 02:11:02,458 [ERROR] LogOutputStream:75 - [STDERR_REDIRECT] 
2025-08-07 02:11:03,465 [ERROR] LogOutputStream:75 - [STDERR_REDIRECT] [Fatal Error] :1:1: Premature end of file.
2025-08-07 02:11:03,465 [ERROR] LogOutputStream:75 - [STDERR_REDIRECT] 
2025-08-07 02:11:04,460 [ERROR] LogOutputStream:75 - [STDERR_REDIRECT] [Fatal Error] :1:1: Premature end of file.
2025-08-07 02:11:04,460 [ERROR] LogOutputStream:75 - [STDERR_REDIRECT] 
2025-08-07 02:11:05,469 [ERROR] LogOutputStream:75 - [STDERR_REDIRECT] [Fatal Error] :1:1: Premature end of file.
2025-08-07 02:11:05,469 [ERROR] LogOutputStream:75 - [STDERR_REDIRECT] 
2025-08-07 02:11:06,467 [ERROR] LogOutputStream:75 - [STDERR_REDIRECT] [Fatal Error] :1:1: Premature end of file.
2025-08-07 02:11:06,467 [ERROR] LogOutputStream:75 - [STDERR_REDIRECT] 
2025-08-07 02:11:07,461 [ERROR] LogOutputStream:75 - [STDERR_REDIRECT] [Fatal Error] :1:1: Premature end of file.
2025-08-07 02:11:07,461 [ERROR] LogOutputStream:75 - [STDERR_REDIRECT] 
2025-08-07 02:11:08,461 [ERROR] LogOutputStream:75 - [STDERR_REDIRECT] [Fatal Error] :1:1: Premature end of file.
2025-08-07 02:11:08,461 [ERROR] LogOutputStream:75 - [STDERR_REDIRECT] 
2025-08-07 02:11:09,468 [ERROR] LogOutputStream:75 - [STDERR_REDIRECT] [Fatal Error] :1:1: Premature end of file.
2025-08-07 02:11:09,468 [ERROR] LogOutputStream:75 - [STDERR_REDIRECT] 
2025-08-07 02:11:10,463 [ERROR] LogOutputStream:75 - [STDERR_REDIRECT] [Fatal Error] :1:1: Premature end of file.
2025-08-07 02:11:10,464 [ERROR] LogOutputStream:75 - [STDERR_REDIRECT] 
2025-08-07 02:11:11,469 [ERROR] LogOutputStream:75 - [STDERR_REDIRECT] [Fatal Error] :1:1: Premature end of file.
2025-08-07 02:11:11,469 [ERROR] LogOutputStream:75 - [STDERR_REDIRECT] 
2025-08-07 02:11:12,466 [ERROR] LogOutputStream:75 - [STDERR_REDIRECT] [Fatal Error] :1:1: Premature end of file.
2025-08-07 02:11:12,466 [ERROR] LogOutputStream:75 - [STDERR_REDIRECT] 
2025-08-07 02:11:13,466 [ERROR] LogOutputStream:75 - [STDERR_REDIRECT] [Fatal Error] :1:1: Premature end of file.
2025-08-07 02:11:13,466 [ERROR] LogOutputStream:75 - [STDERR_REDIRECT] 
2025-08-07 02:11:14,460 [ERROR] LogOutputStream:75 - [STDERR_REDIRECT] [Fatal Error] :1:1: Premature end of file.
2025-08-07 02:11:14,460 [ERROR] LogOutputStream:75 - [STDERR_REDIRECT] 
2025-08-07 02:11:15,462 [ERROR] LogOutputStream:75 - [STDERR_REDIRECT] [Fatal Error] :1:1: Premature end of file.
2025-08-07 02:11:15,462 [ERROR] LogOutputStream:75 - [STDERR_REDIRECT] 
2025-08-07 02:11:16,464 [ERROR] LogOutputStream:75 - [STDERR_REDIRECT] [Fatal Error] :1:1: Premature end of file.
2025-08-07 02:11:16,464 [ERROR] LogOutputStream:75 - [STDERR_REDIRECT] 
2025-08-07 02:11:17,468 [ERROR] LogOutputStream:75 - [STDERR_REDIRECT] [Fatal Error] :1:1: Premature end of file.
2025-08-07 02:11:17,468 [ERROR] LogOutputStream:75 - [STDERR_REDIRECT] 
2025-08-07 02:11:18,466 [ERROR] LogOutputStream:75 - [STDERR_REDIRECT] [Fatal Error] :1:1: Premature end of file.
2025-08-07 02:11:18,466 [ERROR] LogOutputStream:75 - [STDERR_REDIRECT] 
2025-08-07 02:11:19,458 [ERROR] LogOutputStream:75 - [STDERR_REDIRECT] [Fatal Error] :1:1: Premature end of file.
2025-08-07 02:11:19,458 [ERROR] LogOutputStream:75 - [STDERR_REDIRECT] 
2025-08-07 02:11:20,462 [ERROR] LogOutputStream:75 - [STDERR_REDIRECT] [Fatal Error] :1:1: Premature end of file.
2025-08-07 02:11:20,462 [ERROR] LogOutputStream:75 - [STDERR_REDIRECT] 
2025-08-07 02:11:21,457 [ERROR] LogOutputStream:75 - [STDERR_REDIRECT] [Fatal Error] :1:1: Premature end of file.
2025-08-07 02:11:21,457 [ERROR] LogOutputStream:75 - [STDERR_REDIRECT] 
2025-08-07 02:11:22,464 [ERROR] LogOutputStream:75 - [STDERR_REDIRECT] [Fatal Error] :1:1: Premature end of file.
2025-08-07 02:11:22,464 [ERROR] LogOutputStream:75 - [STDERR_REDIRECT] 
2025-08-07 02:11:23,467 [ERROR] LogOutputStream:75 - [STDERR_REDIRECT] [Fatal Error] :1:1: Premature end of file.
2025-08-07 02:11:23,467 [ERROR] LogOutputStream:75 - [STDERR_REDIRECT] 
2025-08-07 02:11:24,462 [ERROR] LogOutputStream:75 - [STDERR_REDIRECT] [Fatal Error] :1:1: Premature end of file.
2025-08-07 02:11:24,462 [ERROR] LogOutputStream:75 - [STDERR_REDIRECT] 
2025-08-07 02:11:25,456 [ERROR] LogOutputStream:75 - [STDERR_REDIRECT] [Fatal Error] :1:1: Premature end of file.
2025-08-07 02:11:25,456 [ERROR] LogOutputStream:75 - [STDERR_REDIRECT] 
2025-08-07 02:11:26,467 [ERROR] LogOutputStream:75 - [STDERR_REDIRECT] [Fatal Error] :1:1: Premature end of file.
2025-08-07 02:11:26,467 [ERROR] LogOutputStream:75 - [STDERR_REDIRECT] 
2025-08-07 02:11:27,464 [ERROR] LogOutputStream:75 - [STDERR_REDIRECT] [Fatal Error] :1:1: Premature end of file.
2025-08-07 02:11:27,464 [ERROR] LogOutputStream:75 - [STDERR_REDIRECT] 
2025-08-07 02:11:28,473 [ERROR] LogOutputStream:75 - [STDERR_REDIRECT] [Fatal Error] :1:1: Premature end of file.
2025-08-07 02:11:28,473 [ERROR] LogOutputStream:75 - [STDERR_REDIRECT] 
2025-08-07 02:11:29,464 [ERROR] LogOutputStream:75 - [STDERR_REDIRECT] [Fatal Error] :1:1: Premature end of file.
2025-08-07 02:11:29,464 [ERROR] LogOutputStream:75 - [STDERR_REDIRECT] 
2025-08-07 02:11:30,468 [ERROR] LogOutputStream:75 - [STDERR_REDIRECT] [Fatal Error] :1:1: Premature end of file.
2025-08-07 02:11:30,468 [ERROR] LogOutputStream:75 - [STDERR_REDIRECT] 
2025-08-07 02:11:31,472 [ERROR] LogOutputStream:75 - [STDERR_REDIRECT] [Fatal Error] :1:1: Premature end of file.
2025-08-07 02:11:31,472 [ERROR] LogOutputStream:75 - [STDERR_REDIRECT] 
2025-08-07 02:11:32,466 [ERROR] LogOutputStream:75 - [STDERR_REDIRECT] [Fatal Error] :1:1: Premature end of file.
2025-08-07 02:11:32,466 [ERROR] LogOutputStream:75 - [STDERR_REDIRECT] 
2025-08-07 02:11:33,460 [ERROR] LogOutputStream:75 - [STDERR_REDIRECT] [Fatal Error] :1:1: Premature end of file.
2025-08-07 02:11:33,461 [ERROR] LogOutputStream:75 - [STDERR_REDIRECT] 
2025-08-07 02:11:34,458 [ERROR] LogOutputStream:75 - [STDERR_REDIRECT] [Fatal Error] :1:1: Premature end of file.
2025-08-07 02:11:34,458 [ERROR] LogOutputStream:75 - [STDERR_REDIRECT] 
2025-08-07 02:11:35,466 [ERROR] LogOutputStream:75 - [STDERR_REDIRECT] [Fatal Error] :1:1: Premature end of file.
2025-08-07 02:11:35,466 [ERROR] LogOutputStream:75 - [STDERR_REDIRECT] 
2025-08-07 02:11:36,461 [ERROR] LogOutputStream:75 - [STDERR_REDIRECT] [Fatal Error] :1:1: Premature end of file.
2025-08-07 02:11:36,461 [ERROR] LogOutputStream:75 - [STDERR_REDIRECT] 
2025-08-07 02:11:37,468 [ERROR] LogOutputStream:75 - [STDERR_REDIRECT] [Fatal Error] :1:1: Premature end of file.
2025-08-07 02:11:37,468 [ERROR] LogOutputStream:75 - [STDERR_REDIRECT] 
2025-08-07 02:11:38,468 [ERROR] LogOutputStream:75 - [STDERR_REDIRECT] [Fatal Error] :1:1: Premature end of file.
2025-08-07 02:11:38,468 [ERROR] LogOutputStream:75 - [STDERR_REDIRECT] 
2025-08-07 02:11:39,458 [ERROR] LogOutputStream:75 - [STDERR_REDIRECT] [Fatal Error] :1:1: Premature end of file.
2025-08-07 02:11:39,458 [ERROR] LogOutputStream:75 - [STDERR_REDIRECT] 
2025-08-07 02:11:40,466 [ERROR] LogOutputStream:75 - [STDERR_REDIRECT] [Fatal Error] :1:1: Premature end of file.
2025-08-07 02:11:40,466 [ERROR] LogOutputStream:75 - [STDERR_REDIRECT] 
2025-08-07 02:11:41,457 [ERROR] LogOutputStream:75 - [STDERR_REDIRECT] [Fatal Error] :1:1: Premature end of file.
2025-08-07 02:11:41,457 [ERROR] LogOutputStream:75 - [STDERR_REDIRECT] 
2025-08-07 02:11:42,469 [ERROR] LogOutputStream:75 - [STDERR_REDIRECT] [Fatal Error] :1:1: Premature end of file.
2025-08-07 02:11:42,469 [ERROR] LogOutputStream:75 - [STDERR_REDIRECT] 
2025-08-07 02:11:43,458 [ERROR] LogOutputStream:75 - [STDERR_REDIRECT] [Fatal Error] :1:1: Premature end of file.
2025-08-07 02:11:43,458 [ERROR] LogOutputStream:75 - [STDERR_REDIRECT] 
2025-08-07 02:11:44,456 [ERROR] LogOutputStream:75 - [STDERR_REDIRECT] [Fatal Error] :1:1: Premature end of file.
2025-08-07 02:11:44,456 [ERROR] LogOutputStream:75 - [STDERR_REDIRECT] 
2025-08-07 02:11:45,465 [ERROR] LogOutputStream:75 - [STDERR_REDIRECT] [Fatal Error] :1:1: Premature end of file.
2025-08-07 02:11:45,465 [ERROR] LogOutputStream:75 - [STDERR_REDIRECT] 
2025-08-07 02:11:46,475 [ERROR] LogOutputStream:75 - [STDERR_REDIRECT] [Fatal Error] :1:1: Premature end of file.
2025-08-07 02:11:46,475 [ERROR] LogOutputStream:75 - [STDERR_REDIRECT] 
2025-08-07 02:11:47,467 [ERROR] LogOutputStream:75 - [STDERR_REDIRECT] [Fatal Error] :1:1: Premature end of file.
2025-08-07 02:11:47,467 [ERROR] LogOutputStream:75 - [STDERR_REDIRECT] 
2025-08-07 02:11:48,462 [ERROR] LogOutputStream:75 - [STDERR_REDIRECT] [Fatal Error] :1:1: Premature end of file.
2025-08-07 02:11:48,464 [ERROR] LogOutputStream:75 - [STDERR_REDIRECT] 
2025-08-07 02:11:49,467 [ERROR] LogOutputStream:75 - [STDERR_REDIRECT] [Fatal Error] :1:1: Premature end of file.
2025-08-07 02:11:49,467 [ERROR] LogOutputStream:75 - [STDERR_REDIRECT] 
2025-08-07 02:11:50,463 [ERROR] LogOutputStream:75 - [STDERR_REDIRECT] [Fatal Error] :1:1: Premature end of file.
2025-08-07 02:11:50,463 [ERROR] LogOutputStream:75 - [STDERR_REDIRECT] 
2025-08-07 02:11:51,469 [ERROR] LogOutputStream:75 - [STDERR_REDIRECT] [Fatal Error] :1:1: Premature end of file.
2025-08-07 02:11:51,469 [ERROR] LogOutputStream:75 - [STDERR_REDIRECT] 
2025-08-07 02:11:52,457 [ERROR] LogOutputStream:75 - [STDERR_REDIRECT] [Fatal Error] :1:1: Premature end of file.
2025-08-07 02:11:52,457 [ERROR] LogOutputStream:75 - [STDERR_REDIRECT] 
2025-08-07 02:11:53,462 [ERROR] LogOutputStream:75 - [STDERR_REDIRECT] [Fatal Error] :1:1: Premature end of file.
2025-08-07 02:11:53,462 [ERROR] LogOutputStream:75 - [STDERR_REDIRECT] 
2025-08-07 02:11:54,474 [ERROR] LogOutputStream:75 - [STDERR_REDIRECT] [Fatal Error] :1:1: Premature end of file.
2025-08-07 02:11:54,475 [ERROR] LogOutputStream:75 - [STDERR_REDIRECT] 
2025-08-07 02:11:55,461 [ERROR] LogOutputStream:75 - [STDERR_REDIRECT] [Fatal Error] :1:1: Premature end of file.
2025-08-07 02:11:55,461 [ERROR] LogOutputStream:75 - [STDERR_REDIRECT] 
2025-08-07 02:11:56,465 [ERROR] LogOutputStream:75 - [STDERR_REDIRECT] [Fatal Error] :1:1: Premature end of file.
2025-08-07 02:11:56,465 [ERROR] LogOutputStream:75 - [STDERR_REDIRECT] 
2025-08-07 02:11:57,466 [ERROR] LogOutputStream:75 - [STDERR_REDIRECT] [Fatal Error] :1:1: Premature end of file.
2025-08-07 02:11:57,466 [ERROR] LogOutputStream:75 - [STDERR_REDIRECT] 
2025-08-07 02:11:58,472 [ERROR] LogOutputStream:75 - [STDERR_REDIRECT] [Fatal Error] :1:1: Premature end of file.
2025-08-07 02:11:58,473 [ERROR] LogOutputStream:75 - [STDERR_REDIRECT] 
2025-08-07 02:11:59,466 [ERROR] LogOutputStream:75 - [STDERR_REDIRECT] [Fatal Error] :1:1: Premature end of file.
2025-08-07 02:11:59,466 [ERROR] LogOutputStream:75 - [STDERR_REDIRECT] 
2025-08-07 02:12:00,465 [ERROR] LogOutputStream:75 - [STDERR_REDIRECT] [Fatal Error] :1:1: Premature end of file.
2025-08-07 02:12:00,465 [ERROR] LogOutputStream:75 - [STDERR_REDIRECT] 
2025-08-07 02:12:01,461 [ERROR] LogOutputStream:75 - [STDERR_REDIRECT] [Fatal Error] :1:1: Premature end of file.
2025-08-07 02:12:01,461 [ERROR] LogOutputStream:75 - [STDERR_REDIRECT] 
2025-08-07 02:12:02,477 [ERROR] LogOutputStream:75 - [STDERR_REDIRECT] [Fatal Error] :1:1: Premature end of file.
2025-08-07 02:12:02,477 [ERROR] LogOutputStream:75 - [STDERR_REDIRECT] 
2025-08-07 02:12:03,470 [ERROR] LogOutputStream:75 - [STDERR_REDIRECT] [Fatal Error] :1:1: Premature end of file.
2025-08-07 02:12:03,470 [ERROR] LogOutputStream:75 - [STDERR_REDIRECT] 
2025-08-07 02:12:04,464 [ERROR] LogOutputStream:75 - [STDERR_REDIRECT] [Fatal Error] :1:1: Premature end of file.
2025-08-07 02:12:04,464 [ERROR] LogOutputStream:75 - [STDERR_REDIRECT] 
2025-08-07 02:12:05,470 [ERROR] LogOutputStream:75 - [STDERR_REDIRECT] [Fatal Error] :1:1: Premature end of file.
2025-08-07 02:12:05,470 [ERROR] LogOutputStream:75 - [STDERR_REDIRECT] 
2025-08-07 02:12:06,465 [ERROR] LogOutputStream:75 - [STDERR_REDIRECT] [Fatal Error] :1:1: Premature end of file.
2025-08-07 02:12:06,465 [ERROR] LogOutputStream:75 - [STDERR_REDIRECT] 
2025-08-07 02:12:07,468 [ERROR] LogOutputStream:75 - [STDERR_REDIRECT] [Fatal Error] :1:1: Premature end of file.
2025-08-07 02:12:07,468 [ERROR] LogOutputStream:75 - [STDERR_REDIRECT] 
2025-08-07 02:12:08,458 [ERROR] LogOutputStream:75 - [STDERR_REDIRECT] [Fatal Error] :1:1: Premature end of file.
2025-08-07 02:12:08,458 [ERROR] LogOutputStream:75 - [STDERR_REDIRECT] 
2025-08-07 02:12:09,458 [ERROR] LogOutputStream:75 - [STDERR_REDIRECT] [Fatal Error] :1:1: Premature end of file.
2025-08-07 02:12:09,458 [ERROR] LogOutputStream:75 - [STDERR_REDIRECT] 
2025-08-07 02:12:10,455 [ERROR] LogOutputStream:75 - [STDERR_REDIRECT] [Fatal Error] :1:1: Premature end of file.
2025-08-07 02:12:10,455 [ERROR] LogOutputStream:75 - [STDERR_REDIRECT] 
2025-08-07 02:12:11,460 [ERROR] LogOutputStream:75 - [STDERR_REDIRECT] [Fatal Error] :1:1: Premature end of file.
2025-08-07 02:12:11,460 [ERROR] LogOutputStream:75 - [STDERR_REDIRECT] 
2025-08-07 02:12:12,468 [ERROR] LogOutputStream:75 - [STDERR_REDIRECT] [Fatal Error] :1:1: Premature end of file.
2025-08-07 02:12:12,468 [ERROR] LogOutputStream:75 - [STDERR_REDIRECT] 
2025-08-07 02:12:13,461 [ERROR] LogOutputStream:75 - [STDERR_REDIRECT] [Fatal Error] :1:1: Premature end of file.
2025-08-07 02:12:13,461 [ERROR] LogOutputStream:75 - [STDERR_REDIRECT] 
2025-08-07 02:12:14,470 [ERROR] LogOutputStream:75 - [STDERR_REDIRECT] [Fatal Error] :1:1: Premature end of file.
2025-08-07 02:12:14,470 [ERROR] LogOutputStream:75 - [STDERR_REDIRECT] 
2025-08-07 02:12:15,464 [ERROR] LogOutputStream:75 - [STDERR_REDIRECT] [Fatal Error] :1:1: Premature end of file.
2025-08-07 02:12:15,464 [ERROR] LogOutputStream:75 - [STDERR_REDIRECT] 
2025-08-07 02:12:16,468 [ERROR] LogOutputStream:75 - [STDERR_REDIRECT] [Fatal Error] :1:1: Premature end of file.
2025-08-07 02:12:16,468 [ERROR] LogOutputStream:75 - [STDERR_REDIRECT] 
2025-08-07 02:12:17,461 [ERROR] LogOutputStream:75 - [STDERR_REDIRECT] [Fatal Error] :1:1: Premature end of file.
2025-08-07 02:12:17,461 [ERROR] LogOutputStream:75 - [STDERR_REDIRECT] 
2025-08-07 02:12:18,461 [ERROR] LogOutputStream:75 - [STDERR_REDIRECT] [Fatal Error] :1:1: Premature end of file.
2025-08-07 02:12:18,461 [ERROR] LogOutputStream:75 - [STDERR_REDIRECT] 
2025-08-07 02:12:19,475 [ERROR] LogOutputStream:75 - [STDERR_REDIRECT] [Fatal Error] :1:1: Premature end of file.
2025-08-07 02:12:19,475 [ERROR] LogOutputStream:75 - [STDERR_REDIRECT] 
2025-08-07 02:12:20,463 [ERROR] LogOutputStream:75 - [STDERR_REDIRECT] [Fatal Error] :1:1: Premature end of file.
2025-08-07 02:12:20,463 [ERROR] LogOutputStream:75 - [STDERR_REDIRECT] 
2025-08-07 02:12:21,458 [ERROR] LogOutputStream:75 - [STDERR_REDIRECT] [Fatal Error] :1:1: Premature end of file.
2025-08-07 02:12:21,458 [ERROR] LogOutputStream:75 - [STDERR_REDIRECT] 
2025-08-07 02:12:22,463 [ERROR] LogOutputStream:75 - [STDERR_REDIRECT] [Fatal Error] :1:1: Premature end of file.
2025-08-07 02:12:22,463 [ERROR] LogOutputStream:75 - [STDERR_REDIRECT] 
2025-08-07 02:12:23,470 [ERROR] LogOutputStream:75 - [STDERR_REDIRECT] [Fatal Error] :1:1: Premature end of file.
2025-08-07 02:12:23,470 [ERROR] LogOutputStream:75 - [STDERR_REDIRECT] 
2025-08-07 02:12:24,466 [ERROR] LogOutputStream:75 - [STDERR_REDIRECT] [Fatal Error] :1:1: Premature end of file.
2025-08-07 02:12:24,466 [ERROR] LogOutputStream:75 - [STDERR_REDIRECT] 
2025-08-07 02:12:25,470 [ERROR] LogOutputStream:75 - [STDERR_REDIRECT] [Fatal Error] :1:1: Premature end of file.
2025-08-07 02:12:25,470 [ERROR] LogOutputStream:75 - [STDERR_REDIRECT] 
2025-08-07 02:12:26,468 [ERROR] LogOutputStream:75 - [STDERR_REDIRECT] [Fatal Error] :1:1: Premature end of file.
2025-08-07 02:12:26,468 [ERROR] LogOutputStream:75 - [STDERR_REDIRECT] 
2025-08-07 02:12:27,475 [ERROR] LogOutputStream:75 - [STDERR_REDIRECT] [Fatal Error] :1:1: Premature end of file.
2025-08-07 02:12:27,475 [ERROR] LogOutputStream:75 - [STDERR_REDIRECT] 
2025-08-07 02:12:28,480 [ERROR] LogOutputStream:75 - [STDERR_REDIRECT] [Fatal Error] :1:1: Premature end of file.
2025-08-07 02:12:28,480 [ERROR] LogOutputStream:75 - [STDERR_REDIRECT] 
2025-08-07 02:12:29,462 [ERROR] LogOutputStream:75 - [STDERR_REDIRECT] [Fatal Error] :1:1: Premature end of file.
2025-08-07 02:12:29,462 [ERROR] LogOutputStream:75 - [STDERR_REDIRECT] 
2025-08-07 02:12:30,475 [ERROR] LogOutputStream:75 - [STDERR_REDIRECT] [Fatal Error] :1:1: Premature end of file.
2025-08-07 02:12:30,475 [ERROR] LogOutputStream:75 - [STDERR_REDIRECT] 
2025-08-07 02:12:31,457 [ERROR] LogOutputStream:75 - [STDERR_REDIRECT] [Fatal Error] :1:1: Premature end of file.
2025-08-07 02:12:31,457 [ERROR] LogOutputStream:75 - [STDERR_REDIRECT] 
2025-08-07 02:12:32,465 [ERROR] LogOutputStream:75 - [STDERR_REDIRECT] [Fatal Error] :1:1: Premature end of file.
2025-08-07 02:12:32,465 [ERROR] LogOutputStream:75 - [STDERR_REDIRECT] 
2025-08-07 02:12:33,467 [ERROR] LogOutputStream:75 - [STDERR_REDIRECT] [Fatal Error] :1:1: Premature end of file.
2025-08-07 02:12:33,467 [ERROR] LogOutputStream:75 - [STDERR_REDIRECT] 
2025-08-07 02:12:34,468 [ERROR] LogOutputStream:75 - [STDERR_REDIRECT] [Fatal Error] :1:1: Premature end of file.
2025-08-07 02:12:34,468 [ERROR] LogOutputStream:75 - [STDERR_REDIRECT] 
2025-08-07 02:12:35,462 [ERROR] LogOutputStream:75 - [STDERR_REDIRECT] [Fatal Error] :1:1: Premature end of file.
2025-08-07 02:12:35,462 [ERROR] LogOutputStream:75 - [STDERR_REDIRECT] 
2025-08-07 02:12:36,464 [ERROR] LogOutputStream:75 - [STDERR_REDIRECT] [Fatal Error] :1:1: Premature end of file.
2025-08-07 02:12:36,465 [ERROR] LogOutputStream:75 - [STDERR_REDIRECT] 
2025-08-07 02:12:37,468 [ERROR] LogOutputStream:75 - [STDERR_REDIRECT] [Fatal Error] :1:1: Premature end of file.
2025-08-07 02:12:37,468 [ERROR] LogOutputStream:75 - [STDERR_REDIRECT] 
2025-08-07 02:12:38,467 [ERROR] LogOutputStream:75 - [STDERR_REDIRECT] [Fatal Error] :1:1: Premature end of file.
2025-08-07 02:12:38,468 [ERROR] LogOutputStream:75 - [STDERR_REDIRECT] 
2025-08-07 02:12:39,458 [ERROR] LogOutputStream:75 - [STDERR_REDIRECT] [Fatal Error] :1:1: Premature end of file.
2025-08-07 02:12:39,458 [ERROR] LogOutputStream:75 - [STDERR_REDIRECT] 
2025-08-07 02:12:40,465 [ERROR] LogOutputStream:75 - [STDERR_REDIRECT] [Fatal Error] :1:1: Premature end of file.
2025-08-07 02:12:40,465 [ERROR] LogOutputStream:75 - [STDERR_REDIRECT] 
2025-08-07 02:12:41,456 [ERROR] LogOutputStream:75 - [STDERR_REDIRECT] [Fatal Error] :1:1: Premature end of file.
2025-08-07 02:12:41,456 [ERROR] LogOutputStream:75 - [STDERR_REDIRECT] 
2025-08-07 02:12:42,475 [ERROR] LogOutputStream:75 - [STDERR_REDIRECT] [Fatal Error] :1:1: Premature end of file.
2025-08-07 02:12:42,475 [ERROR] LogOutputStream:75 - [STDERR_REDIRECT] 
2025-08-07 02:12:43,455 [ERROR] LogOutputStream:75 - [STDERR_REDIRECT] [Fatal Error] :1:1: Premature end of file.
2025-08-07 02:12:43,455 [ERROR] LogOutputStream:75 - [STDERR_REDIRECT] 
2025-08-07 02:12:44,460 [ERROR] LogOutputStream:75 - [STDERR_REDIRECT] [Fatal Error] :1:1: Premature end of file.
2025-08-07 02:12:44,461 [ERROR] LogOutputStream:75 - [STDERR_REDIRECT] 
2025-08-07 02:12:45,469 [ERROR] LogOutputStream:75 - [STDERR_REDIRECT] [Fatal Error] :1:1: Premature end of file.
2025-08-07 02:12:45,470 [ERROR] LogOutputStream:75 - [STDERR_REDIRECT] 
2025-08-07 02:12:46,461 [ERROR] LogOutputStream:75 - [STDERR_REDIRECT] [Fatal Error] :1:1: Premature end of file.
2025-08-07 02:12:46,461 [ERROR] LogOutputStream:75 - [STDERR_REDIRECT] 
2025-08-07 02:12:47,464 [ERROR] LogOutputStream:75 - [STDERR_REDIRECT] [Fatal Error] :1:1: Premature end of file.
2025-08-07 02:12:47,464 [ERROR] LogOutputStream:75 - [STDERR_REDIRECT] 
2025-08-07 02:12:48,477 [ERROR] LogOutputStream:75 - [STDERR_REDIRECT] [Fatal Error] :1:1: Premature end of file.
2025-08-07 02:12:48,477 [ERROR] LogOutputStream:75 - [STDERR_REDIRECT] 
2025-08-07 02:12:49,477 [ERROR] LogOutputStream:75 - [STDERR_REDIRECT] [Fatal Error] :1:1: Premature end of file.
2025-08-07 02:12:49,477 [ERROR] LogOutputStream:75 - [STDERR_REDIRECT] 
2025-08-07 02:12:50,461 [ERROR] LogOutputStream:75 - [STDERR_REDIRECT] [Fatal Error] :1:1: Premature end of file.
2025-08-07 02:12:50,461 [ERROR] LogOutputStream:75 - [STDERR_REDIRECT] 
2025-08-07 02:12:51,456 [ERROR] LogOutputStream:75 - [STDERR_REDIRECT] [Fatal Error] :1:1: Premature end of file.
2025-08-07 02:12:51,456 [ERROR] LogOutputStream:75 - [STDERR_REDIRECT] 
2025-08-07 02:12:52,463 [ERROR] LogOutputStream:75 - [STDERR_REDIRECT] [Fatal Error] :1:1: Premature end of file.
2025-08-07 02:12:52,463 [ERROR] LogOutputStream:75 - [STDERR_REDIRECT] 
2025-08-07 02:12:53,462 [ERROR] LogOutputStream:75 - [STDERR_REDIRECT] [Fatal Error] :1:1: Premature end of file.
2025-08-07 02:12:53,462 [ERROR] LogOutputStream:75 - [STDERR_REDIRECT] 
2025-08-07 02:12:54,468 [ERROR] LogOutputStream:75 - [STDERR_REDIRECT] [Fatal Error] :1:1: Premature end of file.
2025-08-07 02:12:54,468 [ERROR] LogOutputStream:75 - [STDERR_REDIRECT] 
2025-08-07 02:12:55,461 [ERROR] LogOutputStream:75 - [STDERR_REDIRECT] [Fatal Error] :1:1: Premature end of file.
2025-08-07 02:12:55,461 [ERROR] LogOutputStream:75 - [STDERR_REDIRECT] 
2025-08-07 02:12:56,457 [ERROR] LogOutputStream:75 - [STDERR_REDIRECT] [Fatal Error] :1:1: Premature end of file.
2025-08-07 02:12:56,457 [ERROR] LogOutputStream:75 - [STDERR_REDIRECT] 
2025-08-07 02:12:57,466 [ERROR] LogOutputStream:75 - [STDERR_REDIRECT] [Fatal Error] :1:1: Premature end of file.
2025-08-07 02:12:57,466 [ERROR] LogOutputStream:75 - [STDERR_REDIRECT] 
2025-08-07 02:12:58,457 [ERROR] LogOutputStream:75 - [STDERR_REDIRECT] [Fatal Error] :1:1: Premature end of file.
2025-08-07 02:12:58,457 [ERROR] LogOutputStream:75 - [STDERR_REDIRECT] 
2025-08-07 02:12:59,465 [ERROR] LogOutputStream:75 - [STDERR_REDIRECT] [Fatal Error] :1:1: Premature end of file.
2025-08-07 02:12:59,465 [ERROR] LogOutputStream:75 - [STDERR_REDIRECT] 
2025-08-07 02:13:00,460 [ERROR] LogOutputStream:75 - [STDERR_REDIRECT] [Fatal Error] :1:1: Premature end of file.
2025-08-07 02:13:00,460 [ERROR] LogOutputStream:75 - [STDERR_REDIRECT] 
2025-08-07 02:13:01,457 [ERROR] LogOutputStream:75 - [STDERR_REDIRECT] [Fatal Error] :1:1: Premature end of file.
2025-08-07 02:13:01,457 [ERROR] LogOutputStream:75 - [STDERR_REDIRECT] 
2025-08-07 02:13:02,461 [ERROR] LogOutputStream:75 - [STDERR_REDIRECT] [Fatal Error] :1:1: Premature end of file.
2025-08-07 02:13:02,461 [ERROR] LogOutputStream:75 - [STDERR_REDIRECT] 
2025-08-07 02:13:03,465 [ERROR] LogOutputStream:75 - [STDERR_REDIRECT] [Fatal Error] :1:1: Premature end of file.
2025-08-07 02:13:03,465 [ERROR] LogOutputStream:75 - [STDERR_REDIRECT] 
2025-08-07 02:13:04,464 [ERROR] LogOutputStream:75 - [STDERR_REDIRECT] [Fatal Error] :1:1: Premature end of file.
2025-08-07 02:13:04,464 [ERROR] LogOutputStream:75 - [STDERR_REDIRECT] 
2025-08-07 02:13:05,467 [ERROR] LogOutputStream:75 - [STDERR_REDIRECT] [Fatal Error] :1:1: Premature end of file.
2025-08-07 02:13:05,468 [ERROR] LogOutputStream:75 - [STDERR_REDIRECT] 
2025-08-07 02:13:06,465 [ERROR] LogOutputStream:75 - [STDERR_REDIRECT] [Fatal Error] :1:1: Premature end of file.
2025-08-07 02:13:06,465 [ERROR] LogOutputStream:75 - [STDERR_REDIRECT] 
2025-08-07 02:13:07,459 [ERROR] LogOutputStream:75 - [STDERR_REDIRECT] [Fatal Error] :1:1: Premature end of file.
2025-08-07 02:13:07,459 [ERROR] LogOutputStream:75 - [STDERR_REDIRECT] 
2025-08-07 02:13:08,468 [ERROR] LogOutputStream:75 - [STDERR_REDIRECT] [Fatal Error] :1:1: Premature end of file.
2025-08-07 02:13:08,468 [ERROR] LogOutputStream:75 - [STDERR_REDIRECT] 
2025-08-07 02:13:09,458 [ERROR] LogOutputStream:75 - [STDERR_REDIRECT] [Fatal Error] :1:1: Premature end of file.
2025-08-07 02:13:09,458 [ERROR] LogOutputStream:75 - [STDERR_REDIRECT] 
2025-08-07 02:13:10,464 [ERROR] LogOutputStream:75 - [STDERR_REDIRECT] [Fatal Error] :1:1: Premature end of file.
2025-08-07 02:13:10,464 [ERROR] LogOutputStream:75 - [STDERR_REDIRECT] 
2025-08-07 02:13:11,461 [ERROR] LogOutputStream:75 - [STDERR_REDIRECT] [Fatal Error] :1:1: Premature end of file.
2025-08-07 02:13:11,461 [ERROR] LogOutputStream:75 - [STDERR_REDIRECT] 
2025-08-07 02:13:12,454 [ERROR] LogOutputStream:75 - [STDERR_REDIRECT] [Fatal Error] :1:1: Premature end of file.
2025-08-07 02:13:12,454 [ERROR] LogOutputStream:75 - [STDERR_REDIRECT] 
2025-08-07 02:13:13,459 [ERROR] LogOutputStream:75 - [STDERR_REDIRECT] [Fatal Error] :1:1: Premature end of file.
2025-08-07 02:13:13,459 [ERROR] LogOutputStream:75 - [STDERR_REDIRECT] 
2025-08-07 02:13:14,467 [ERROR] LogOutputStream:75 - [STDERR_REDIRECT] [Fatal Error] :1:1: Premature end of file.
2025-08-07 02:13:14,467 [ERROR] LogOutputStream:75 - [STDERR_REDIRECT] 
2025-08-07 02:13:15,465 [ERROR] LogOutputStream:75 - [STDERR_REDIRECT] [Fatal Error] :1:1: Premature end of file.
2025-08-07 02:13:15,465 [ERROR] LogOutputStream:75 - [STDERR_REDIRECT] 
2025-08-07 02:13:16,476 [ERROR] LogOutputStream:75 - [STDERR_REDIRECT] [Fatal Error] :1:1: Premature end of file.
2025-08-07 02:13:16,476 [ERROR] LogOutputStream:75 - [STDERR_REDIRECT] 
2025-08-07 02:13:17,469 [ERROR] LogOutputStream:75 - [STDERR_REDIRECT] [Fatal Error] :1:1: Premature end of file.
2025-08-07 02:13:17,469 [ERROR] LogOutputStream:75 - [STDERR_REDIRECT] 
2025-08-07 02:13:18,474 [ERROR] LogOutputStream:75 - [STDERR_REDIRECT] [Fatal Error] :1:1: Premature end of file.
2025-08-07 02:13:18,474 [ERROR] LogOutputStream:75 - [STDERR_REDIRECT] 
2025-08-07 02:13:19,462 [ERROR] LogOutputStream:75 - [STDERR_REDIRECT] [Fatal Error] :1:1: Premature end of file.
2025-08-07 02:13:19,462 [ERROR] LogOutputStream:75 - [STDERR_REDIRECT] 
2025-08-07 02:13:20,469 [ERROR] LogOutputStream:75 - [STDERR_REDIRECT] [Fatal Error] :1:1: Premature end of file.
2025-08-07 02:13:20,469 [ERROR] LogOutputStream:75 - [STDERR_REDIRECT] 
2025-08-07 02:13:21,474 [ERROR] LogOutputStream:75 - [STDERR_REDIRECT] [Fatal Error] :1:1: Premature end of file.
2025-08-07 02:13:21,474 [ERROR] LogOutputStream:75 - [STDERR_REDIRECT] 
2025-08-07 02:13:22,480 [ERROR] LogOutputStream:75 - [STDERR_REDIRECT] [Fatal Error] :1:1: Premature end of file.
2025-08-07 02:13:22,480 [ERROR] LogOutputStream:75 - [STDERR_REDIRECT] 
2025-08-07 02:13:23,470 [ERROR] LogOutputStream:75 - [STDERR_REDIRECT] [Fatal Error] :1:1: Premature end of file.
2025-08-07 02:13:23,470 [ERROR] LogOutputStream:75 - [STDERR_REDIRECT] 
2025-08-07 02:13:24,460 [ERROR] LogOutputStream:75 - [STDERR_REDIRECT] [Fatal Error] :1:1: Premature end of file.
2025-08-07 02:13:24,460 [ERROR] LogOutputStream:75 - [STDERR_REDIRECT] 
2025-08-07 02:13:25,467 [ERROR] LogOutputStream:75 - [STDERR_REDIRECT] [Fatal Error] :1:1: Premature end of file.
2025-08-07 02:13:25,467 [ERROR] LogOutputStream:75 - [STDERR_REDIRECT] 
2025-08-07 02:13:26,455 [ERROR] LogOutputStream:75 - [STDERR_REDIRECT] [Fatal Error] :1:1: Premature end of file.
2025-08-07 02:13:26,456 [ERROR] LogOutputStream:75 - [STDERR_REDIRECT] 
2025-08-07 02:13:27,462 [ERROR] LogOutputStream:75 - [STDERR_REDIRECT] [Fatal Error] :1:1: Premature end of file.
2025-08-07 02:13:27,462 [ERROR] LogOutputStream:75 - [STDERR_REDIRECT] 
2025-08-07 02:13:28,468 [ERROR] LogOutputStream:75 - [STDERR_REDIRECT] [Fatal Error] :1:1: Premature end of file.
2025-08-07 02:13:28,468 [ERROR] LogOutputStream:75 - [STDERR_REDIRECT] 
2025-08-07 02:13:29,457 [ERROR] LogOutputStream:75 - [STDERR_REDIRECT] [Fatal Error] :1:1: Premature end of file.
2025-08-07 02:13:29,457 [ERROR] LogOutputStream:75 - [STDERR_REDIRECT] 
2025-08-07 02:13:30,463 [ERROR] LogOutputStream:75 - [STDERR_REDIRECT] [Fatal Error] :1:1: Premature end of file.
2025-08-07 02:13:30,463 [ERROR] LogOutputStream:75 - [STDERR_REDIRECT] 
2025-08-07 02:13:31,470 [ERROR] LogOutputStream:75 - [STDERR_REDIRECT] [Fatal Error] :1:1: Premature end of file.
2025-08-07 02:13:31,470 [ERROR] LogOutputStream:75 - [STDERR_REDIRECT] 
2025-08-07 02:13:32,469 [ERROR] LogOutputStream:75 - [STDERR_REDIRECT] [Fatal Error] :1:1: Premature end of file.
2025-08-07 02:13:32,469 [ERROR] LogOutputStream:75 - [STDERR_REDIRECT] 
2025-08-07 02:13:33,467 [ERROR] LogOutputStream:75 - [STDERR_REDIRECT] [Fatal Error] :1:1: Premature end of file.
2025-08-07 02:13:33,468 [ERROR] LogOutputStream:75 - [STDERR_REDIRECT] 
2025-08-07 02:13:34,461 [ERROR] LogOutputStream:75 - [STDERR_REDIRECT] [Fatal Error] :1:1: Premature end of file.
2025-08-07 02:13:34,461 [ERROR] LogOutputStream:75 - [STDERR_REDIRECT] 
2025-08-07 02:13:35,465 [ERROR] LogOutputStream:75 - [STDERR_REDIRECT] [Fatal Error] :1:1: Premature end of file.
2025-08-07 02:13:35,466 [ERROR] LogOutputStream:75 - [STDERR_REDIRECT] 
2025-08-07 02:13:36,467 [ERROR] LogOutputStream:75 - [STDERR_REDIRECT] [Fatal Error] :1:1: Premature end of file.
2025-08-07 02:13:36,467 [ERROR] LogOutputStream:75 - [STDERR_REDIRECT] 
2025-08-07 02:13:37,466 [ERROR] LogOutputStream:75 - [STDERR_REDIRECT] [Fatal Error] :1:1: Premature end of file.
2025-08-07 02:13:37,466 [ERROR] LogOutputStream:75 - [STDERR_REDIRECT] 
2025-08-07 02:13:38,466 [ERROR] LogOutputStream:75 - [STDERR_REDIRECT] [Fatal Error] :1:1: Premature end of file.
2025-08-07 02:13:38,466 [ERROR] LogOutputStream:75 - [STDERR_REDIRECT] 
2025-08-07 02:13:39,468 [ERROR] LogOutputStream:75 - [STDERR_REDIRECT] [Fatal Error] :1:1: Premature end of file.
2025-08-07 02:13:39,468 [ERROR] LogOutputStream:75 - [STDERR_REDIRECT] 
2025-08-07 02:13:40,464 [ERROR] LogOutputStream:75 - [STDERR_REDIRECT] [Fatal Error] :1:1: Premature end of file.
2025-08-07 02:13:40,465 [ERROR] LogOutputStream:75 - [STDERR_REDIRECT] 
2025-08-07 02:13:41,458 [ERROR] LogOutputStream:75 - [STDERR_REDIRECT] [Fatal Error] :1:1: Premature end of file.
2025-08-07 02:13:41,458 [ERROR] LogOutputStream:75 - [STDERR_REDIRECT] 
2025-08-07 02:13:42,469 [ERROR] LogOutputStream:75 - [STDERR_REDIRECT] [Fatal Error] :1:1: Premature end of file.
2025-08-07 02:13:42,469 [ERROR] LogOutputStream:75 - [STDERR_REDIRECT] 
2025-08-07 02:13:43,469 [ERROR] LogOutputStream:75 - [STDERR_REDIRECT] [Fatal Error] :1:1: Premature end of file.
2025-08-07 02:13:43,469 [ERROR] LogOutputStream:75 - [STDERR_REDIRECT] 
2025-08-07 02:13:44,467 [ERROR] LogOutputStream:75 - [STDERR_REDIRECT] [Fatal Error] :1:1: Premature end of file.
2025-08-07 02:13:44,467 [ERROR] LogOutputStream:75 - [STDERR_REDIRECT] 
2025-08-07 02:13:45,467 [ERROR] LogOutputStream:75 - [STDERR_REDIRECT] [Fatal Error] :1:1: Premature end of file.
2025-08-07 02:13:45,467 [ERROR] LogOutputStream:75 - [STDERR_REDIRECT] 
2025-08-07 02:13:46,463 [ERROR] LogOutputStream:75 - [STDERR_REDIRECT] [Fatal Error] :1:1: Premature end of file.
2025-08-07 02:13:46,463 [ERROR] LogOutputStream:75 - [STDERR_REDIRECT] 
2025-08-07 02:13:47,472 [ERROR] LogOutputStream:75 - [STDERR_REDIRECT] [Fatal Error] :1:1: Premature end of file.
2025-08-07 02:13:47,473 [ERROR] LogOutputStream:75 - [STDERR_REDIRECT] 
2025-08-07 02:13:48,469 [ERROR] LogOutputStream:75 - [STDERR_REDIRECT] [Fatal Error] :1:1: Premature end of file.
2025-08-07 02:13:48,469 [ERROR] LogOutputStream:75 - [STDERR_REDIRECT] 
2025-08-07 02:13:49,468 [ERROR] LogOutputStream:75 - [STDERR_REDIRECT] [Fatal Error] :1:1: Premature end of file.
2025-08-07 02:13:49,468 [ERROR] LogOutputStream:75 - [STDERR_REDIRECT] 
2025-08-07 02:13:50,462 [ERROR] LogOutputStream:75 - [STDERR_REDIRECT] [Fatal Error] :1:1: Premature end of file.
2025-08-07 02:13:50,462 [ERROR] LogOutputStream:75 - [STDERR_REDIRECT] 
2025-08-07 02:13:51,472 [ERROR] LogOutputStream:75 - [STDERR_REDIRECT] [Fatal Error] :1:1: Premature end of file.
2025-08-07 02:13:51,473 [ERROR] LogOutputStream:75 - [STDERR_REDIRECT] 
2025-08-07 02:13:52,461 [ERROR] LogOutputStream:75 - [STDERR_REDIRECT] [Fatal Error] :1:1: Premature end of file.
2025-08-07 02:13:52,461 [ERROR] LogOutputStream:75 - [STDERR_REDIRECT] 
2025-08-07 02:13:53,465 [ERROR] LogOutputStream:75 - [STDERR_REDIRECT] [Fatal Error] :1:1: Premature end of file.
2025-08-07 02:13:53,466 [ERROR] LogOutputStream:75 - [STDERR_REDIRECT] 
2025-08-07 02:13:54,479 [ERROR] LogOutputStream:75 - [STDERR_REDIRECT] [Fatal Error] :1:1: Premature end of file.
2025-08-07 02:13:54,479 [ERROR] LogOutputStream:75 - [STDERR_REDIRECT] 
2025-08-07 02:13:55,467 [ERROR] LogOutputStream:75 - [STDERR_REDIRECT] [Fatal Error] :1:1: Premature end of file.
2025-08-07 02:13:55,468 [ERROR] LogOutputStream:75 - [STDERR_REDIRECT] 
2025-08-07 02:13:56,470 [ERROR] LogOutputStream:75 - [STDERR_REDIRECT] [Fatal Error] :1:1: Premature end of file.
2025-08-07 02:13:56,470 [ERROR] LogOutputStream:75 - [STDERR_REDIRECT] 
2025-08-07 02:13:57,471 [ERROR] LogOutputStream:75 - [STDERR_REDIRECT] [Fatal Error] :1:1: Premature end of file.
2025-08-07 02:13:57,472 [ERROR] LogOutputStream:75 - [STDERR_REDIRECT] 
2025-08-07 02:13:58,464 [ERROR] LogOutputStream:75 - [STDERR_REDIRECT] [Fatal Error] :1:1: Premature end of file.
2025-08-07 02:13:58,464 [ERROR] LogOutputStream:75 - [STDERR_REDIRECT] 
2025-08-07 02:13:59,473 [ERROR] LogOutputStream:75 - [STDERR_REDIRECT] [Fatal Error] :1:1: Premature end of file.
2025-08-07 02:13:59,473 [ERROR] LogOutputStream:75 - [STDERR_REDIRECT] 
2025-08-07 02:14:00,460 [ERROR] LogOutputStream:75 - [STDERR_REDIRECT] [Fatal Error] :1:1: Premature end of file.
2025-08-07 02:14:00,460 [ERROR] LogOutputStream:75 - [STDERR_REDIRECT] 
2025-08-07 02:14:01,467 [ERROR] LogOutputStream:75 - [STDERR_REDIRECT] [Fatal Error] :1:1: Premature end of file.
2025-08-07 02:14:01,467 [ERROR] LogOutputStream:75 - [STDERR_REDIRECT] 
2025-08-07 02:14:02,460 [ERROR] LogOutputStream:75 - [STDERR_REDIRECT] [Fatal Error] :1:1: Premature end of file.
2025-08-07 02:14:02,460 [ERROR] LogOutputStream:75 - [STDERR_REDIRECT] 
2025-08-07 02:14:03,469 [ERROR] LogOutputStream:75 - [STDERR_REDIRECT] [Fatal Error] :1:1: Premature end of file.
2025-08-07 02:14:03,469 [ERROR] LogOutputStream:75 - [STDERR_REDIRECT] 
2025-08-07 02:14:04,461 [ERROR] LogOutputStream:75 - [STDERR_REDIRECT] [Fatal Error] :1:1: Premature end of file.
2025-08-07 02:14:04,461 [ERROR] LogOutputStream:75 - [STDERR_REDIRECT] 
2025-08-07 02:14:05,469 [ERROR] LogOutputStream:75 - [STDERR_REDIRECT] [Fatal Error] :1:1: Premature end of file.
2025-08-07 02:14:05,469 [ERROR] LogOutputStream:75 - [STDERR_REDIRECT] 
2025-08-07 02:14:06,459 [ERROR] LogOutputStream:75 - [STDERR_REDIRECT] [Fatal Error] :1:1: Premature end of file.
2025-08-07 02:14:06,459 [ERROR] LogOutputStream:75 - [STDERR_REDIRECT] 
2025-08-07 02:14:07,468 [ERROR] LogOutputStream:75 - [STDERR_REDIRECT] [Fatal Error] :1:1: Premature end of file.
2025-08-07 02:14:07,468 [ERROR] LogOutputStream:75 - [STDERR_REDIRECT] 
2025-08-07 02:14:08,465 [ERROR] LogOutputStream:75 - [STDERR_REDIRECT] [Fatal Error] :1:1: Premature end of file.
2025-08-07 02:14:08,466 [ERROR] LogOutputStream:75 - [STDERR_REDIRECT] 
2025-08-07 02:14:09,465 [ERROR] LogOutputStream:75 - [STDERR_REDIRECT] [Fatal Error] :1:1: Premature end of file.
2025-08-07 02:14:09,466 [ERROR] LogOutputStream:75 - [STDERR_REDIRECT] 
2025-08-07 02:14:10,464 [ERROR] LogOutputStream:75 - [STDERR_REDIRECT] [Fatal Error] :1:1: Premature end of file.
2025-08-07 02:14:10,464 [ERROR] LogOutputStream:75 - [STDERR_REDIRECT] 
2025-08-07 02:14:11,467 [ERROR] LogOutputStream:75 - [STDERR_REDIRECT] [Fatal Error] :1:1: Premature end of file.
2025-08-07 02:14:11,467 [ERROR] LogOutputStream:75 - [STDERR_REDIRECT] 
2025-08-07 02:14:12,460 [ERROR] LogOutputStream:75 - [STDERR_REDIRECT] [Fatal Error] :1:1: Premature end of file.
2025-08-07 02:14:12,460 [ERROR] LogOutputStream:75 - [STDERR_REDIRECT] 
2025-08-07 02:14:13,467 [ERROR] LogOutputStream:75 - [STDERR_REDIRECT] [Fatal Error] :1:1: Premature end of file.
2025-08-07 02:14:13,468 [ERROR] LogOutputStream:75 - [STDERR_REDIRECT] 
2025-08-07 02:14:14,474 [ERROR] LogOutputStream:75 - [STDERR_REDIRECT] [Fatal Error] :1:1: Premature end of file.
2025-08-07 02:14:14,474 [ERROR] LogOutputStream:75 - [STDERR_REDIRECT] 
2025-08-07 02:14:15,461 [ERROR] LogOutputStream:75 - [STDERR_REDIRECT] [Fatal Error] :1:1: Premature end of file.
2025-08-07 02:14:15,461 [ERROR] LogOutputStream:75 - [STDERR_REDIRECT] 
2025-08-07 02:14:16,473 [ERROR] LogOutputStream:75 - [STDERR_REDIRECT] [Fatal Error] :1:1: Premature end of file.
2025-08-07 02:14:16,473 [ERROR] LogOutputStream:75 - [STDERR_REDIRECT] 
2025-08-07 02:14:17,460 [ERROR] LogOutputStream:75 - [STDERR_REDIRECT] [Fatal Error] :1:1: Premature end of file.
2025-08-07 02:14:17,460 [ERROR] LogOutputStream:75 - [STDERR_REDIRECT] 
2025-08-07 02:14:18,466 [ERROR] LogOutputStream:75 - [STDERR_REDIRECT] [Fatal Error] :1:1: Premature end of file.
2025-08-07 02:14:18,466 [ERROR] LogOutputStream:75 - [STDERR_REDIRECT] 
2025-08-07 02:14:19,458 [ERROR] LogOutputStream:75 - [STDERR_REDIRECT] [Fatal Error] :1:1: Premature end of file.
2025-08-07 02:14:19,458 [ERROR] LogOutputStream:75 - [STDERR_REDIRECT] 
2025-08-07 02:14:20,466 [ERROR] LogOutputStream:75 - [STDERR_REDIRECT] [Fatal Error] :1:1: Premature end of file.
2025-08-07 02:14:20,466 [ERROR] LogOutputStream:75 - [STDERR_REDIRECT] 
2025-08-07 02:14:21,458 [ERROR] LogOutputStream:75 - [STDERR_REDIRECT] [Fatal Error] :1:1: Premature end of file.
2025-08-07 02:14:21,459 [ERROR] LogOutputStream:75 - [STDERR_REDIRECT] 
2025-08-07 02:14:22,473 [ERROR] LogOutputStream:75 - [STDERR_REDIRECT] [Fatal Error] :1:1: Premature end of file.
2025-08-07 02:14:22,473 [ERROR] LogOutputStream:75 - [STDERR_REDIRECT] 
2025-08-07 02:14:23,477 [ERROR] LogOutputStream:75 - [STDERR_REDIRECT] [Fatal Error] :1:1: Premature end of file.
2025-08-07 02:14:23,477 [ERROR] LogOutputStream:75 - [STDERR_REDIRECT] 
2025-08-07 02:14:24,463 [ERROR] LogOutputStream:75 - [STDERR_REDIRECT] [Fatal Error] :1:1: Premature end of file.
2025-08-07 02:14:24,463 [ERROR] LogOutputStream:75 - [STDERR_REDIRECT] 
2025-08-07 02:14:25,459 [ERROR] LogOutputStream:75 - [STDERR_REDIRECT] [Fatal Error] :1:1: Premature end of file.
2025-08-07 02:14:25,459 [ERROR] LogOutputStream:75 - [STDERR_REDIRECT] 
2025-08-07 02:14:26,463 [ERROR] LogOutputStream:75 - [STDERR_REDIRECT] [Fatal Error] :1:1: Premature end of file.
2025-08-07 02:14:26,463 [ERROR] LogOutputStream:75 - [STDERR_REDIRECT] 
2025-08-07 02:14:27,464 [ERROR] LogOutputStream:75 - [STDERR_REDIRECT] [Fatal Error] :1:1: Premature end of file.
2025-08-07 02:14:27,464 [ERROR] LogOutputStream:75 - [STDERR_REDIRECT] 
2025-08-07 02:14:28,464 [ERROR] LogOutputStream:75 - [STDERR_REDIRECT] [Fatal Error] :1:1: Premature end of file.
2025-08-07 02:14:28,464 [ERROR] LogOutputStream:75 - [STDERR_REDIRECT] 
2025-08-07 02:14:29,467 [ERROR] LogOutputStream:75 - [STDERR_REDIRECT] [Fatal Error] :1:1: Premature end of file.
2025-08-07 02:14:29,467 [ERROR] LogOutputStream:75 - [STDERR_REDIRECT] 
2025-08-07 02:14:30,529 [ERROR] LogOutputStream:75 - [STDERR_REDIRECT] [Fatal Error] :1:1: Premature end of file.
2025-08-07 02:14:30,529 [ERROR] LogOutputStream:75 - [STDERR_REDIRECT] 
2025-08-07 02:14:31,459 [ERROR] LogOutputStream:75 - [STDERR_REDIRECT] [Fatal Error] :1:1: Premature end of file.
2025-08-07 02:14:31,459 [ERROR] LogOutputStream:75 - [STDERR_REDIRECT] 
2025-08-07 02:14:32,479 [ERROR] LogOutputStream:75 - [STDERR_REDIRECT] [Fatal Error] :1:1: Premature end of file.
2025-08-07 02:14:32,479 [ERROR] LogOutputStream:75 - [STDERR_REDIRECT] 
2025-08-07 02:14:33,479 [ERROR] LogOutputStream:75 - [STDERR_REDIRECT] [Fatal Error] :1:1: Premature end of file.
2025-08-07 02:14:33,479 [ERROR] LogOutputStream:75 - [STDERR_REDIRECT] 
2025-08-07 02:14:34,473 [ERROR] LogOutputStream:75 - [STDERR_REDIRECT] [Fatal Error] :1:1: Premature end of file.
2025-08-07 02:14:34,474 [ERROR] LogOutputStream:75 - [STDERR_REDIRECT] 
2025-08-07 02:14:35,470 [ERROR] LogOutputStream:75 - [STDERR_REDIRECT] [Fatal Error] :1:1: Premature end of file.
2025-08-07 02:14:35,472 [ERROR] LogOutputStream:75 - [STDERR_REDIRECT] 
2025-08-07 02:14:36,473 [ERROR] LogOutputStream:75 - [STDERR_REDIRECT] [Fatal Error] :1:1: Premature end of file.
2025-08-07 02:14:36,473 [ERROR] LogOutputStream:75 - [STDERR_REDIRECT] 
2025-08-07 02:14:37,472 [ERROR] LogOutputStream:75 - [STDERR_REDIRECT] [Fatal Error] :1:1: Premature end of file.
2025-08-07 02:14:37,473 [ERROR] LogOutputStream:75 - [STDERR_REDIRECT] 
2025-08-07 02:14:38,459 [ERROR] LogOutputStream:75 - [STDERR_REDIRECT] [Fatal Error] :1:1: Premature end of file.
2025-08-07 02:14:38,459 [ERROR] LogOutputStream:75 - [STDERR_REDIRECT] 
2025-08-07 02:14:39,465 [ERROR] LogOutputStream:75 - [STDERR_REDIRECT] [Fatal Error] :1:1: Premature end of file.
2025-08-07 02:14:39,465 [ERROR] LogOutputStream:75 - [STDERR_REDIRECT] 
2025-08-07 02:14:40,468 [ERROR] LogOutputStream:75 - [STDERR_REDIRECT] [Fatal Error] :1:1: Premature end of file.
2025-08-07 02:14:40,468 [ERROR] LogOutputStream:75 - [STDERR_REDIRECT] 
2025-08-07 02:14:41,468 [ERROR] LogOutputStream:75 - [STDERR_REDIRECT] [Fatal Error] :1:1: Premature end of file.
2025-08-07 02:14:41,468 [ERROR] LogOutputStream:75 - [STDERR_REDIRECT] 
2025-08-07 02:14:42,478 [ERROR] LogOutputStream:75 - [STDERR_REDIRECT] [Fatal Error] :1:1: Premature end of file.
2025-08-07 02:14:42,478 [ERROR] LogOutputStream:75 - [STDERR_REDIRECT] 
2025-08-07 02:14:43,466 [ERROR] LogOutputStream:75 - [STDERR_REDIRECT] [Fatal Error] :1:1: Premature end of file.
2025-08-07 02:14:43,466 [ERROR] LogOutputStream:75 - [STDERR_REDIRECT] 
2025-08-07 02:14:44,464 [ERROR] LogOutputStream:75 - [STDERR_REDIRECT] [Fatal Error] :1:1: Premature end of file.
2025-08-07 02:14:44,464 [ERROR] LogOutputStream:75 - [STDERR_REDIRECT] 
2025-08-07 02:14:45,472 [ERROR] LogOutputStream:75 - [STDERR_REDIRECT] [Fatal Error] :1:1: Premature end of file.
2025-08-07 02:14:45,473 [ERROR] LogOutputStream:75 - [STDERR_REDIRECT] 
2025-08-07 02:14:46,459 [ERROR] LogOutputStream:75 - [STDERR_REDIRECT] [Fatal Error] :1:1: Premature end of file.
2025-08-07 02:14:46,459 [ERROR] LogOutputStream:75 - [STDERR_REDIRECT] 
2025-08-07 02:14:47,466 [ERROR] LogOutputStream:75 - [STDERR_REDIRECT] [Fatal Error] :1:1: Premature end of file.
2025-08-07 02:14:47,466 [ERROR] LogOutputStream:75 - [STDERR_REDIRECT] 
2025-08-07 02:14:48,459 [ERROR] LogOutputStream:75 - [STDERR_REDIRECT] [Fatal Error] :1:1: Premature end of file.
2025-08-07 02:14:48,459 [ERROR] LogOutputStream:75 - [STDERR_REDIRECT] 
2025-08-07 02:14:49,467 [ERROR] LogOutputStream:75 - [STDERR_REDIRECT] [Fatal Error] :1:1: Premature end of file.
2025-08-07 02:14:49,467 [ERROR] LogOutputStream:75 - [STDERR_REDIRECT] 
2025-08-07 02:14:50,467 [ERROR] LogOutputStream:75 - [STDERR_REDIRECT] [Fatal Error] :1:1: Premature end of file.
2025-08-07 02:14:50,467 [ERROR] LogOutputStream:75 - [STDERR_REDIRECT] 
2025-08-07 02:14:51,474 [ERROR] LogOutputStream:75 - [STDERR_REDIRECT] [Fatal Error] :1:1: Premature end of file.
2025-08-07 02:14:51,475 [ERROR] LogOutputStream:75 - [STDERR_REDIRECT] 
2025-08-07 02:14:52,467 [ERROR] LogOutputStream:75 - [STDERR_REDIRECT] [Fatal Error] :1:1: Premature end of file.
2025-08-07 02:14:52,467 [ERROR] LogOutputStream:75 - [STDERR_REDIRECT] 
2025-08-07 02:14:53,463 [ERROR] LogOutputStream:75 - [STDERR_REDIRECT] [Fatal Error] :1:1: Premature end of file.
2025-08-07 02:14:53,463 [ERROR] LogOutputStream:75 - [STDERR_REDIRECT] 
2025-08-07 02:14:54,458 [ERROR] LogOutputStream:75 - [STDERR_REDIRECT] [Fatal Error] :1:1: Premature end of file.
2025-08-07 02:14:54,458 [ERROR] LogOutputStream:75 - [STDERR_REDIRECT] 
2025-08-07 02:14:55,465 [ERROR] LogOutputStream:75 - [STDERR_REDIRECT] [Fatal Error] :1:1: Premature end of file.
2025-08-07 02:14:55,465 [ERROR] LogOutputStream:75 - [STDERR_REDIRECT] 
2025-08-07 02:14:56,459 [ERROR] LogOutputStream:75 - [STDERR_REDIRECT] [Fatal Error] :1:1: Premature end of file.
2025-08-07 02:14:56,459 [ERROR] LogOutputStream:75 - [STDERR_REDIRECT] 
2025-08-07 02:14:57,467 [ERROR] LogOutputStream:75 - [STDERR_REDIRECT] [Fatal Error] :1:1: Premature end of file.
2025-08-07 02:14:57,467 [ERROR] LogOutputStream:75 - [STDERR_REDIRECT] 
2025-08-07 02:14:58,458 [ERROR] LogOutputStream:75 - [STDERR_REDIRECT] [Fatal Error] :1:1: Premature end of file.
2025-08-07 02:14:58,458 [ERROR] LogOutputStream:75 - [STDERR_REDIRECT] 
2025-08-07 02:14:59,462 [ERROR] LogOutputStream:75 - [STDERR_REDIRECT] [Fatal Error] :1:1: Premature end of file.
2025-08-07 02:14:59,462 [ERROR] LogOutputStream:75 - [STDERR_REDIRECT] 
2025-08-07 02:15:00,468 [ERROR] LogOutputStream:75 - [STDERR_REDIRECT] [Fatal Error] :1:1: Premature end of file.
2025-08-07 02:15:00,468 [ERROR] LogOutputStream:75 - [STDERR_REDIRECT] 
2025-08-07 02:15:01,466 [ERROR] LogOutputStream:75 - [STDERR_REDIRECT] [Fatal Error] :1:1: Premature end of file.
2025-08-07 02:15:01,466 [ERROR] LogOutputStream:75 - [STDERR_REDIRECT] 
2025-08-07 02:15:02,460 [ERROR] LogOutputStream:75 - [STDERR_REDIRECT] [Fatal Error] :1:1: Premature end of file.
2025-08-07 02:15:02,460 [ERROR] LogOutputStream:75 - [STDERR_REDIRECT] 
2025-08-07 02:15:03,469 [ERROR] LogOutputStream:75 - [STDERR_REDIRECT] [Fatal Error] :1:1: Premature end of file.
2025-08-07 02:15:03,469 [ERROR] LogOutputStream:75 - [STDERR_REDIRECT] 
2025-08-07 02:15:04,460 [ERROR] LogOutputStream:75 - [STDERR_REDIRECT] [Fatal Error] :1:1: Premature end of file.
2025-08-07 02:15:04,460 [ERROR] LogOutputStream:75 - [STDERR_REDIRECT] 
2025-08-07 02:15:05,466 [ERROR] LogOutputStream:75 - [STDERR_REDIRECT] [Fatal Error] :1:1: Premature end of file.
2025-08-07 02:15:05,466 [ERROR] LogOutputStream:75 - [STDERR_REDIRECT] 
2025-08-07 02:15:06,460 [ERROR] LogOutputStream:75 - [STDERR_REDIRECT] [Fatal Error] :1:1: Premature end of file.
2025-08-07 02:15:06,460 [ERROR] LogOutputStream:75 - [STDERR_REDIRECT] 
2025-08-07 02:15:07,465 [ERROR] LogOutputStream:75 - [STDERR_REDIRECT] [Fatal Error] :1:1: Premature end of file.
2025-08-07 02:15:07,465 [ERROR] LogOutputStream:75 - [STDERR_REDIRECT] 
2025-08-07 02:15:08,468 [ERROR] LogOutputStream:75 - [STDERR_REDIRECT] [Fatal Error] :1:1: Premature end of file.
2025-08-07 02:15:08,469 [ERROR] LogOutputStream:75 - [STDERR_REDIRECT] 
2025-08-07 02:15:09,462 [ERROR] LogOutputStream:75 - [STDERR_REDIRECT] [Fatal Error] :1:1: Premature end of file.
2025-08-07 02:15:09,462 [ERROR] LogOutputStream:75 - [STDERR_REDIRECT] 
2025-08-07 02:15:10,464 [ERROR] LogOutputStream:75 - [STDERR_REDIRECT] [Fatal Error] :1:1: Premature end of file.
2025-08-07 02:15:10,464 [ERROR] LogOutputStream:75 - [STDERR_REDIRECT] 
2025-08-07 02:15:11,467 [ERROR] LogOutputStream:75 - [STDERR_REDIRECT] [Fatal Error] :1:1: Premature end of file.
2025-08-07 02:15:11,468 [ERROR] LogOutputStream:75 - [STDERR_REDIRECT] 
2025-08-07 02:15:12,459 [ERROR] LogOutputStream:75 - [STDERR_REDIRECT] [Fatal Error] :1:1: Premature end of file.
2025-08-07 02:15:12,459 [ERROR] LogOutputStream:75 - [STDERR_REDIRECT] 
2025-08-07 02:15:13,468 [ERROR] LogOutputStream:75 - [STDERR_REDIRECT] [Fatal Error] :1:1: Premature end of file.
2025-08-07 02:15:13,468 [ERROR] LogOutputStream:75 - [STDERR_REDIRECT] 
2025-08-07 02:15:14,457 [ERROR] LogOutputStream:75 - [STDERR_REDIRECT] [Fatal Error] :1:1: Premature end of file.
2025-08-07 02:15:14,457 [ERROR] LogOutputStream:75 - [STDERR_REDIRECT] 
2025-08-07 02:15:15,462 [ERROR] LogOutputStream:75 - [STDERR_REDIRECT] [Fatal Error] :1:1: Premature end of file.
2025-08-07 02:15:15,463 [ERROR] LogOutputStream:75 - [STDERR_REDIRECT] 
2025-08-07 02:15:16,455 [ERROR] LogOutputStream:75 - [STDERR_REDIRECT] [Fatal Error] :1:1: Premature end of file.
2025-08-07 02:15:16,457 [ERROR] LogOutputStream:75 - [STDERR_REDIRECT] 
2025-08-07 02:15:17,464 [ERROR] LogOutputStream:75 - [STDERR_REDIRECT] [Fatal Error] :1:1: Premature end of file.
2025-08-07 02:15:17,464 [ERROR] LogOutputStream:75 - [STDERR_REDIRECT] 
2025-08-07 02:15:18,468 [ERROR] LogOutputStream:75 - [STDERR_REDIRECT] [Fatal Error] :1:1: Premature end of file.
2025-08-07 02:15:18,468 [ERROR] LogOutputStream:75 - [STDERR_REDIRECT] 
2025-08-07 02:15:19,462 [ERROR] LogOutputStream:75 - [STDERR_REDIRECT] [Fatal Error] :1:1: Premature end of file.
2025-08-07 02:15:19,462 [ERROR] LogOutputStream:75 - [STDERR_REDIRECT] 
2025-08-07 02:15:20,465 [ERROR] LogOutputStream:75 - [STDERR_REDIRECT] [Fatal Error] :1:1: Premature end of file.
2025-08-07 02:15:20,465 [ERROR] LogOutputStream:75 - [STDERR_REDIRECT] 
2025-08-07 02:15:21,458 [ERROR] LogOutputStream:75 - [STDERR_REDIRECT] [Fatal Error] :1:1: Premature end of file.
2025-08-07 02:15:21,458 [ERROR] LogOutputStream:75 - [STDERR_REDIRECT] 
2025-08-07 02:15:22,459 [ERROR] LogOutputStream:75 - [STDERR_REDIRECT] [Fatal Error] :1:1: Premature end of file.
2025-08-07 02:15:22,459 [ERROR] LogOutputStream:75 - [STDERR_REDIRECT] 
2025-08-07 02:15:23,464 [ERROR] LogOutputStream:75 - [STDERR_REDIRECT] [Fatal Error] :1:1: Premature end of file.
2025-08-07 02:15:23,464 [ERROR] LogOutputStream:75 - [STDERR_REDIRECT] 
2025-08-07 02:15:24,468 [ERROR] LogOutputStream:75 - [STDERR_REDIRECT] [Fatal Error] :1:1: Premature end of file.
2025-08-07 02:15:24,468 [ERROR] LogOutputStream:75 - [STDERR_REDIRECT] 
2025-08-07 02:15:25,473 [ERROR] LogOutputStream:75 - [STDERR_REDIRECT] [Fatal Error] :1:1: Premature end of file.
2025-08-07 02:15:25,474 [ERROR] LogOutputStream:75 - [STDERR_REDIRECT] 
2025-08-07 02:15:26,456 [ERROR] LogOutputStream:75 - [STDERR_REDIRECT] [Fatal Error] :1:1: Premature end of file.
2025-08-07 02:15:26,456 [ERROR] LogOutputStream:75 - [STDERR_REDIRECT] 
2025-08-07 02:15:27,480 [ERROR] LogOutputStream:75 - [STDERR_REDIRECT] [Fatal Error] :1:1: Premature end of file.
2025-08-07 02:15:27,480 [ERROR] LogOutputStream:75 - [STDERR_REDIRECT] 
2025-08-07 02:15:28,454 [ERROR] LogOutputStream:75 - [STDERR_REDIRECT] [Fatal Error] :1:1: Premature end of file.
2025-08-07 02:15:28,455 [ERROR] LogOutputStream:75 - [STDERR_REDIRECT] 
2025-08-07 02:15:29,465 [ERROR] LogOutputStream:75 - [STDERR_REDIRECT] [Fatal Error] :1:1: Premature end of file.
2025-08-07 02:15:29,465 [ERROR] LogOutputStream:75 - [STDERR_REDIRECT] 
2025-08-07 02:15:30,457 [ERROR] LogOutputStream:75 - [STDERR_REDIRECT] [Fatal Error] :1:1: Premature end of file.
2025-08-07 02:15:30,457 [ERROR] LogOutputStream:75 - [STDERR_REDIRECT] 
2025-08-07 02:15:31,459 [ERROR] LogOutputStream:75 - [STDERR_REDIRECT] [Fatal Error] :1:1: Premature end of file.
2025-08-07 02:15:31,459 [ERROR] LogOutputStream:75 - [STDERR_REDIRECT] 
2025-08-07 02:15:32,464 [ERROR] LogOutputStream:75 - [STDERR_REDIRECT] [Fatal Error] :1:1: Premature end of file.
2025-08-07 02:15:32,464 [ERROR] LogOutputStream:75 - [STDERR_REDIRECT] 
2025-08-07 02:15:33,455 [ERROR] LogOutputStream:75 - [STDERR_REDIRECT] [Fatal Error] :1:1: Premature end of file.
2025-08-07 02:15:33,455 [ERROR] LogOutputStream:75 - [STDERR_REDIRECT] 
2025-08-07 02:15:34,458 [ERROR] LogOutputStream:75 - [STDERR_REDIRECT] [Fatal Error] :1:1: Premature end of file.
2025-08-07 02:15:34,458 [ERROR] LogOutputStream:75 - [STDERR_REDIRECT] 
2025-08-07 02:15:35,467 [ERROR] LogOutputStream:75 - [STDERR_REDIRECT] [Fatal Error] :1:1: Premature end of file.
2025-08-07 02:15:35,467 [ERROR] LogOutputStream:75 - [STDERR_REDIRECT] 
2025-08-07 02:15:36,459 [ERROR] LogOutputStream:75 - [STDERR_REDIRECT] [Fatal Error] :1:1: Premature end of file.
2025-08-07 02:15:36,459 [ERROR] LogOutputStream:75 - [STDERR_REDIRECT] 
2025-08-07 02:15:37,464 [ERROR] LogOutputStream:75 - [STDERR_REDIRECT] [Fatal Error] :1:1: Premature end of file.
2025-08-07 02:15:37,464 [ERROR] LogOutputStream:75 - [STDERR_REDIRECT] 
2025-08-07 02:15:38,458 [ERROR] LogOutputStream:75 - [STDERR_REDIRECT] [Fatal Error] :1:1: Premature end of file.
2025-08-07 02:15:38,458 [ERROR] LogOutputStream:75 - [STDERR_REDIRECT] 
2025-08-07 02:15:39,458 [ERROR] LogOutputStream:75 - [STDERR_REDIRECT] [Fatal Error] :1:1: Premature end of file.
2025-08-07 02:15:39,458 [ERROR] LogOutputStream:75 - [STDERR_REDIRECT] 
2025-08-07 02:15:40,454 [ERROR] LogOutputStream:75 - [STDERR_REDIRECT] [Fatal Error] :1:1: Premature end of file.
2025-08-07 02:15:40,455 [ERROR] LogOutputStream:75 - [STDERR_REDIRECT] 
2025-08-07 02:15:41,462 [ERROR] LogOutputStream:75 - [STDERR_REDIRECT] [Fatal Error] :1:1: Premature end of file.
2025-08-07 02:15:41,462 [ERROR] LogOutputStream:75 - [STDERR_REDIRECT] 
2025-08-07 02:15:42,465 [ERROR] LogOutputStream:75 - [STDERR_REDIRECT] [Fatal Error] :1:1: Premature end of file.
2025-08-07 02:15:42,465 [ERROR] LogOutputStream:75 - [STDERR_REDIRECT] 
2025-08-07 02:15:43,459 [ERROR] LogOutputStream:75 - [STDERR_REDIRECT] [Fatal Error] :1:1: Premature end of file.
2025-08-07 02:15:43,460 [ERROR] LogOutputStream:75 - [STDERR_REDIRECT] 
2025-08-07 02:15:44,466 [ERROR] LogOutputStream:75 - [STDERR_REDIRECT] [Fatal Error] :1:1: Premature end of file.
2025-08-07 02:15:44,466 [ERROR] LogOutputStream:75 - [STDERR_REDIRECT] 
2025-08-07 02:15:45,459 [ERROR] LogOutputStream:75 - [STDERR_REDIRECT] [Fatal Error] :1:1: Premature end of file.
2025-08-07 02:15:45,459 [ERROR] LogOutputStream:75 - [STDERR_REDIRECT] 
2025-08-07 02:15:46,465 [ERROR] LogOutputStream:75 - [STDERR_REDIRECT] [Fatal Error] :1:1: Premature end of file.
2025-08-07 02:15:46,466 [ERROR] LogOutputStream:75 - [STDERR_REDIRECT] 
2025-08-07 02:15:47,461 [ERROR] LogOutputStream:75 - [STDERR_REDIRECT] [Fatal Error] :1:1: Premature end of file.
2025-08-07 02:15:47,461 [ERROR] LogOutputStream:75 - [STDERR_REDIRECT] 
2025-08-07 02:15:48,467 [ERROR] LogOutputStream:75 - [STDERR_REDIRECT] [Fatal Error] :1:1: Premature end of file.
2025-08-07 02:15:48,467 [ERROR] LogOutputStream:75 - [STDERR_REDIRECT] 
2025-08-07 02:15:49,457 [ERROR] LogOutputStream:75 - [STDERR_REDIRECT] [Fatal Error] :1:1: Premature end of file.
2025-08-07 02:15:49,457 [ERROR] LogOutputStream:75 - [STDERR_REDIRECT] 
2025-08-07 02:15:50,468 [ERROR] LogOutputStream:75 - [STDERR_REDIRECT] [Fatal Error] :1:1: Premature end of file.
2025-08-07 02:15:50,468 [ERROR] LogOutputStream:75 - [STDERR_REDIRECT] 
2025-08-07 02:15:51,461 [ERROR] LogOutputStream:75 - [STDERR_REDIRECT] [Fatal Error] :1:1: Premature end of file.
2025-08-07 02:15:51,461 [ERROR] LogOutputStream:75 - [STDERR_REDIRECT] 
2025-08-07 02:15:52,458 [ERROR] LogOutputStream:75 - [STDERR_REDIRECT] [Fatal Error] :1:1: Premature end of file.
2025-08-07 02:15:52,459 [ERROR] LogOutputStream:75 - [STDERR_REDIRECT] 
2025-08-07 02:15:53,455 [ERROR] LogOutputStream:75 - [STDERR_REDIRECT] [Fatal Error] :1:1: Premature end of file.
2025-08-07 02:15:53,455 [ERROR] LogOutputStream:75 - [STDERR_REDIRECT] 
2025-08-07 02:15:54,465 [ERROR] LogOutputStream:75 - [STDERR_REDIRECT] [Fatal Error] :1:1: Premature end of file.
2025-08-07 02:15:54,465 [ERROR] LogOutputStream:75 - [STDERR_REDIRECT] 
2025-08-07 02:15:55,461 [ERROR] LogOutputStream:75 - [STDERR_REDIRECT] [Fatal Error] :1:1: Premature end of file.
2025-08-07 02:15:55,461 [ERROR] LogOutputStream:75 - [STDERR_REDIRECT] 
2025-08-07 02:15:56,465 [ERROR] LogOutputStream:75 - [STDERR_REDIRECT] [Fatal Error] :1:1: Premature end of file.
2025-08-07 02:15:56,465 [ERROR] LogOutputStream:75 - [STDERR_REDIRECT] 
2025-08-07 02:15:57,456 [ERROR] LogOutputStream:75 - [STDERR_REDIRECT] [Fatal Error] :1:1: Premature end of file.
2025-08-07 02:15:57,456 [ERROR] LogOutputStream:75 - [STDERR_REDIRECT] 
2025-08-07 02:15:58,462 [ERROR] LogOutputStream:75 - [STDERR_REDIRECT] [Fatal Error] :1:1: Premature end of file.
2025-08-07 02:15:58,462 [ERROR] LogOutputStream:75 - [STDERR_REDIRECT] 
2025-08-07 02:15:59,457 [ERROR] LogOutputStream:75 - [STDERR_REDIRECT] [Fatal Error] :1:1: Premature end of file.
2025-08-07 02:15:59,457 [ERROR] LogOutputStream:75 - [STDERR_REDIRECT] 
2025-08-07 02:16:00,463 [ERROR] LogOutputStream:75 - [STDERR_REDIRECT] [Fatal Error] :1:1: Premature end of file.
2025-08-07 02:16:00,463 [ERROR] LogOutputStream:75 - [STDERR_REDIRECT] 
2025-08-07 02:16:01,469 [ERROR] LogOutputStream:75 - [STDERR_REDIRECT] [Fatal Error] :1:1: Premature end of file.
2025-08-07 02:16:01,469 [ERROR] LogOutputStream:75 - [STDERR_REDIRECT] 
2025-08-07 02:16:02,464 [ERROR] LogOutputStream:75 - [STDERR_REDIRECT] [Fatal Error] :1:1: Premature end of file.
2025-08-07 02:16:02,464 [ERROR] LogOutputStream:75 - [STDERR_REDIRECT] 
2025-08-07 02:16:03,497 [ERROR] LogOutputStream:75 - [STDERR_REDIRECT] [Fatal Error] :1:1: Premature end of file.
2025-08-07 02:16:03,497 [ERROR] LogOutputStream:75 - [STDERR_REDIRECT] 
2025-08-07 02:16:04,479 [ERROR] LogOutputStream:75 - [STDERR_REDIRECT] [Fatal Error] :1:1: Premature end of file.
2025-08-07 02:16:04,479 [ERROR] LogOutputStream:75 - [STDERR_REDIRECT] 
2025-08-07 02:16:05,475 [ERROR] LogOutputStream:75 - [STDERR_REDIRECT] [Fatal Error] :1:1: Premature end of file.
2025-08-07 02:16:05,475 [ERROR] LogOutputStream:75 - [STDERR_REDIRECT] 
2025-08-07 02:16:06,469 [ERROR] LogOutputStream:75 - [STDERR_REDIRECT] [Fatal Error] :1:1: Premature end of file.
2025-08-07 02:16:06,469 [ERROR] LogOutputStream:75 - [STDERR_REDIRECT] 
2025-08-07 02:16:07,463 [ERROR] LogOutputStream:75 - [STDERR_REDIRECT] [Fatal Error] :1:1: Premature end of file.
2025-08-07 02:16:07,463 [ERROR] LogOutputStream:75 - [STDERR_REDIRECT] 
2025-08-07 02:16:08,472 [ERROR] LogOutputStream:75 - [STDERR_REDIRECT] [Fatal Error] :1:1: Premature end of file.
2025-08-07 02:16:08,472 [ERROR] LogOutputStream:75 - [STDERR_REDIRECT] 
2025-08-07 02:16:09,466 [ERROR] LogOutputStream:75 - [STDERR_REDIRECT] [Fatal Error] :1:1: Premature end of file.
2025-08-07 02:16:09,467 [ERROR] LogOutputStream:75 - [STDERR_REDIRECT] 
2025-08-07 02:16:10,474 [ERROR] LogOutputStream:75 - [STDERR_REDIRECT] [Fatal Error] :1:1: Premature end of file.
2025-08-07 02:16:10,474 [ERROR] LogOutputStream:75 - [STDERR_REDIRECT] 
2025-08-07 02:16:11,472 [ERROR] LogOutputStream:75 - [STDERR_REDIRECT] [Fatal Error] :1:1: Premature end of file.
2025-08-07 02:16:11,472 [ERROR] LogOutputStream:75 - [STDERR_REDIRECT] 
2025-08-07 02:16:12,458 [ERROR] LogOutputStream:75 - [STDERR_REDIRECT] [Fatal Error] :1:1: Premature end of file.
2025-08-07 02:16:12,458 [ERROR] LogOutputStream:75 - [STDERR_REDIRECT] 
2025-08-07 02:16:13,466 [ERROR] LogOutputStream:75 - [STDERR_REDIRECT] [Fatal Error] :1:1: Premature end of file.
2025-08-07 02:16:13,466 [ERROR] LogOutputStream:75 - [STDERR_REDIRECT] 
2025-08-07 02:16:14,467 [ERROR] LogOutputStream:75 - [STDERR_REDIRECT] [Fatal Error] :1:1: Premature end of file.
2025-08-07 02:16:14,467 [ERROR] LogOutputStream:75 - [STDERR_REDIRECT] 
2025-08-07 02:16:15,460 [ERROR] LogOutputStream:75 - [STDERR_REDIRECT] [Fatal Error] :1:1: Premature end of file.
2025-08-07 02:16:15,460 [ERROR] LogOutputStream:75 - [STDERR_REDIRECT] 
2025-08-07 02:16:16,467 [ERROR] LogOutputStream:75 - [STDERR_REDIRECT] [Fatal Error] :1:1: Premature end of file.
2025-08-07 02:16:16,467 [ERROR] LogOutputStream:75 - [STDERR_REDIRECT] 
2025-08-07 02:16:17,462 [ERROR] LogOutputStream:75 - [STDERR_REDIRECT] [Fatal Error] :1:1: Premature end of file.
2025-08-07 02:16:17,462 [ERROR] LogOutputStream:75 - [STDERR_REDIRECT] 
2025-08-07 02:16:18,466 [ERROR] LogOutputStream:75 - [STDERR_REDIRECT] [Fatal Error] :1:1: Premature end of file.
2025-08-07 02:16:18,466 [ERROR] LogOutputStream:75 - [STDERR_REDIRECT] 
2025-08-07 02:16:19,461 [ERROR] LogOutputStream:75 - [STDERR_REDIRECT] [Fatal Error] :1:1: Premature end of file.
2025-08-07 02:16:19,461 [ERROR] LogOutputStream:75 - [STDERR_REDIRECT] 
2025-08-07 02:16:20,462 [ERROR] LogOutputStream:75 - [STDERR_REDIRECT] [Fatal Error] :1:1: Premature end of file.
2025-08-07 02:16:20,462 [ERROR] LogOutputStream:75 - [STDERR_REDIRECT] 
2025-08-07 02:16:21,467 [ERROR] LogOutputStream:75 - [STDERR_REDIRECT] [Fatal Error] :1:1: Premature end of file.
2025-08-07 02:16:21,467 [ERROR] LogOutputStream:75 - [STDERR_REDIRECT] 
2025-08-07 02:16:22,465 [ERROR] LogOutputStream:75 - [STDERR_REDIRECT] [Fatal Error] :1:1: Premature end of file.
2025-08-07 02:16:22,465 [ERROR] LogOutputStream:75 - [STDERR_REDIRECT] 
2025-08-07 02:16:23,460 [ERROR] LogOutputStream:75 - [STDERR_REDIRECT] [Fatal Error] :1:1: Premature end of file.
2025-08-07 02:16:23,460 [ERROR] LogOutputStream:75 - [STDERR_REDIRECT] 
2025-08-07 02:16:24,461 [ERROR] LogOutputStream:75 - [STDERR_REDIRECT] [Fatal Error] :1:1: Premature end of file.
2025-08-07 02:16:24,461 [ERROR] LogOutputStream:75 - [STDERR_REDIRECT] 
2025-08-07 02:16:25,468 [ERROR] LogOutputStream:75 - [STDERR_REDIRECT] [Fatal Error] :1:1: Premature end of file.
2025-08-07 02:16:25,468 [ERROR] LogOutputStream:75 - [STDERR_REDIRECT] 
2025-08-07 02:16:26,467 [ERROR] LogOutputStream:75 - [STDERR_REDIRECT] [Fatal Error] :1:1: Premature end of file.
2025-08-07 02:16:26,468 [ERROR] LogOutputStream:75 - [STDERR_REDIRECT] 
2025-08-07 02:16:27,467 [ERROR] LogOutputStream:75 - [STDERR_REDIRECT] [Fatal Error] :1:1: Premature end of file.
2025-08-07 02:16:27,467 [ERROR] LogOutputStream:75 - [STDERR_REDIRECT] 
2025-08-07 02:16:28,468 [ERROR] LogOutputStream:75 - [STDERR_REDIRECT] [Fatal Error] :1:1: Premature end of file.
2025-08-07 02:16:28,468 [ERROR] LogOutputStream:75 - [STDERR_REDIRECT] 
2025-08-07 02:16:29,455 [ERROR] LogOutputStream:75 - [STDERR_REDIRECT] [Fatal Error] :1:1: Premature end of file.
2025-08-07 02:16:29,455 [ERROR] LogOutputStream:75 - [STDERR_REDIRECT] 
2025-08-07 02:16:30,468 [ERROR] LogOutputStream:75 - [STDERR_REDIRECT] [Fatal Error] :1:1: Premature end of file.
2025-08-07 02:16:30,468 [ERROR] LogOutputStream:75 - [STDERR_REDIRECT] 
2025-08-07 02:16:31,467 [ERROR] LogOutputStream:75 - [STDERR_REDIRECT] [Fatal Error] :1:1: Premature end of file.
2025-08-07 02:16:31,468 [ERROR] LogOutputStream:75 - [STDERR_REDIRECT] 
2025-08-07 02:16:32,459 [ERROR] LogOutputStream:75 - [STDERR_REDIRECT] [Fatal Error] :1:1: Premature end of file.
2025-08-07 02:16:32,459 [ERROR] LogOutputStream:75 - [STDERR_REDIRECT] 
2025-08-07 02:16:33,467 [ERROR] LogOutputStream:75 - [STDERR_REDIRECT] [Fatal Error] :1:1: Premature end of file.
2025-08-07 02:16:33,467 [ERROR] LogOutputStream:75 - [STDERR_REDIRECT] 
2025-08-07 02:16:34,457 [ERROR] LogOutputStream:75 - [STDERR_REDIRECT] [Fatal Error] :1:1: Premature end of file.
2025-08-07 02:16:34,457 [ERROR] LogOutputStream:75 - [STDERR_REDIRECT] 
2025-08-07 02:16:35,461 [ERROR] LogOutputStream:75 - [STDERR_REDIRECT] [Fatal Error] :1:1: Premature end of file.
2025-08-07 02:16:35,462 [ERROR] LogOutputStream:75 - [STDERR_REDIRECT] 
2025-08-07 02:16:36,458 [ERROR] LogOutputStream:75 - [STDERR_REDIRECT] [Fatal Error] :1:1: Premature end of file.
2025-08-07 02:16:36,458 [ERROR] LogOutputStream:75 - [STDERR_REDIRECT] 
2025-08-07 02:16:37,468 [ERROR] LogOutputStream:75 - [STDERR_REDIRECT] [Fatal Error] :1:1: Premature end of file.
2025-08-07 02:16:37,468 [ERROR] LogOutputStream:75 - [STDERR_REDIRECT] 
2025-08-07 02:16:38,460 [ERROR] LogOutputStream:75 - [STDERR_REDIRECT] [Fatal Error] :1:1: Premature end of file.
2025-08-07 02:16:38,460 [ERROR] LogOutputStream:75 - [STDERR_REDIRECT] 
2025-08-07 02:16:39,459 [ERROR] LogOutputStream:75 - [STDERR_REDIRECT] [Fatal Error] :1:1: Premature end of file.
2025-08-07 02:16:39,460 [ERROR] LogOutputStream:75 - [STDERR_REDIRECT] 
2025-08-07 02:16:40,466 [ERROR] LogOutputStream:75 - [STDERR_REDIRECT] [Fatal Error] :1:1: Premature end of file.
2025-08-07 02:16:40,466 [ERROR] LogOutputStream:75 - [STDERR_REDIRECT] 
2025-08-07 02:16:41,459 [ERROR] LogOutputStream:75 - [STDERR_REDIRECT] [Fatal Error] :1:1: Premature end of file.
2025-08-07 02:16:41,459 [ERROR] LogOutputStream:75 - [STDERR_REDIRECT] 
2025-08-07 02:16:42,462 [ERROR] LogOutputStream:75 - [STDERR_REDIRECT] [Fatal Error] :1:1: Premature end of file.
2025-08-07 02:16:42,462 [ERROR] LogOutputStream:75 - [STDERR_REDIRECT] 
2025-08-07 02:16:43,464 [ERROR] LogOutputStream:75 - [STDERR_REDIRECT] [Fatal Error] :1:1: Premature end of file.
2025-08-07 02:16:43,464 [ERROR] LogOutputStream:75 - [STDERR_REDIRECT] 
2025-08-07 02:16:44,460 [ERROR] LogOutputStream:75 - [STDERR_REDIRECT] [Fatal Error] :1:1: Premature end of file.
2025-08-07 02:16:44,460 [ERROR] LogOutputStream:75 - [STDERR_REDIRECT] 
2025-08-07 02:16:45,463 [ERROR] LogOutputStream:75 - [STDERR_REDIRECT] [Fatal Error] :1:1: Premature end of file.
2025-08-07 02:16:45,463 [ERROR] LogOutputStream:75 - [STDERR_REDIRECT] 
2025-08-07 02:16:46,455 [ERROR] LogOutputStream:75 - [STDERR_REDIRECT] [Fatal Error] :1:1: Premature end of file.
2025-08-07 02:16:46,456 [ERROR] LogOutputStream:75 - [STDERR_REDIRECT] 
2025-08-07 02:16:47,468 [ERROR] LogOutputStream:75 - [STDERR_REDIRECT] [Fatal Error] :1:1: Premature end of file.
2025-08-07 02:16:47,468 [ERROR] LogOutputStream:75 - [STDERR_REDIRECT] 
2025-08-07 02:16:48,463 [ERROR] LogOutputStream:75 - [STDERR_REDIRECT] [Fatal Error] :1:1: Premature end of file.
2025-08-07 02:16:48,463 [ERROR] LogOutputStream:75 - [STDERR_REDIRECT] 
2025-08-07 02:16:49,456 [ERROR] LogOutputStream:75 - [STDERR_REDIRECT] [Fatal Error] :1:1: Premature end of file.
2025-08-07 02:16:49,456 [ERROR] LogOutputStream:75 - [STDERR_REDIRECT] 
2025-08-07 02:16:50,462 [ERROR] LogOutputStream:75 - [STDERR_REDIRECT] [Fatal Error] :1:1: Premature end of file.
2025-08-07 02:16:50,462 [ERROR] LogOutputStream:75 - [STDERR_REDIRECT] 
2025-08-07 02:16:51,469 [ERROR] LogOutputStream:75 - [STDERR_REDIRECT] [Fatal Error] :1:1: Premature end of file.
2025-08-07 02:16:51,469 [ERROR] LogOutputStream:75 - [STDERR_REDIRECT] 
2025-08-07 02:16:52,462 [ERROR] LogOutputStream:75 - [STDERR_REDIRECT] [Fatal Error] :1:1: Premature end of file.
2025-08-07 02:16:52,462 [ERROR] LogOutputStream:75 - [STDERR_REDIRECT] 
2025-08-07 02:16:53,456 [ERROR] LogOutputStream:75 - [STDERR_REDIRECT] [Fatal Error] :1:1: Premature end of file.
2025-08-07 02:16:53,456 [ERROR] LogOutputStream:75 - [STDERR_REDIRECT] 
2025-08-07 02:16:54,460 [ERROR] LogOutputStream:75 - [STDERR_REDIRECT] [Fatal Error] :1:1: Premature end of file.
2025-08-07 02:16:54,460 [ERROR] LogOutputStream:75 - [STDERR_REDIRECT] 
2025-08-07 02:16:55,455 [ERROR] LogOutputStream:75 - [STDERR_REDIRECT] [Fatal Error] :1:1: Premature end of file.
2025-08-07 02:16:55,455 [ERROR] LogOutputStream:75 - [STDERR_REDIRECT] 
2025-08-07 02:16:56,464 [ERROR] LogOutputStream:75 - [STDERR_REDIRECT] [Fatal Error] :1:1: Premature end of file.
2025-08-07 02:16:56,464 [ERROR] LogOutputStream:75 - [STDERR_REDIRECT] 
2025-08-07 02:16:57,458 [ERROR] LogOutputStream:75 - [STDERR_REDIRECT] [Fatal Error] :1:1: Premature end of file.
2025-08-07 02:16:57,458 [ERROR] LogOutputStream:75 - [STDERR_REDIRECT] 
2025-08-07 02:16:58,468 [ERROR] LogOutputStream:75 - [STDERR_REDIRECT] [Fatal Error] :1:1: Premature end of file.
2025-08-07 02:16:58,469 [ERROR] LogOutputStream:75 - [STDERR_REDIRECT] 
2025-08-07 02:16:59,462 [ERROR] LogOutputStream:75 - [STDERR_REDIRECT] [Fatal Error] :1:1: Premature end of file.
2025-08-07 02:16:59,462 [ERROR] LogOutputStream:75 - [STDERR_REDIRECT] 
2025-08-07 02:17:00,460 [ERROR] LogOutputStream:75 - [STDERR_REDIRECT] [Fatal Error] :1:1: Premature end of file.
2025-08-07 02:17:00,460 [ERROR] LogOutputStream:75 - [STDERR_REDIRECT] 
2025-08-07 02:17:01,468 [ERROR] LogOutputStream:75 - [STDERR_REDIRECT] [Fatal Error] :1:1: Premature end of file.
2025-08-07 02:17:01,468 [ERROR] LogOutputStream:75 - [STDERR_REDIRECT] 
2025-08-07 02:17:02,465 [ERROR] LogOutputStream:75 - [STDERR_REDIRECT] [Fatal Error] :1:1: Premature end of file.
2025-08-07 02:17:02,465 [ERROR] LogOutputStream:75 - [STDERR_REDIRECT] 
2025-08-07 02:17:03,457 [ERROR] LogOutputStream:75 - [STDERR_REDIRECT] [Fatal Error] :1:1: Premature end of file.
2025-08-07 02:17:03,458 [ERROR] LogOutputStream:75 - [STDERR_REDIRECT] 
2025-08-07 02:17:04,469 [ERROR] LogOutputStream:75 - [STDERR_REDIRECT] [Fatal Error] :1:1: Premature end of file.
2025-08-07 02:17:04,469 [ERROR] LogOutputStream:75 - [STDERR_REDIRECT] 
2025-08-07 02:17:05,460 [ERROR] LogOutputStream:75 - [STDERR_REDIRECT] [Fatal Error] :1:1: Premature end of file.
2025-08-07 02:17:05,460 [ERROR] LogOutputStream:75 - [STDERR_REDIRECT] 
2025-08-07 02:17:06,469 [ERROR] LogOutputStream:75 - [STDERR_REDIRECT] [Fatal Error] :1:1: Premature end of file.
2025-08-07 02:17:06,469 [ERROR] LogOutputStream:75 - [STDERR_REDIRECT] 
2025-08-07 02:17:07,458 [ERROR] LogOutputStream:75 - [STDERR_REDIRECT] [Fatal Error] :1:1: Premature end of file.
2025-08-07 02:17:07,458 [ERROR] LogOutputStream:75 - [STDERR_REDIRECT] 
2025-08-07 02:17:08,467 [ERROR] LogOutputStream:75 - [STDERR_REDIRECT] [Fatal Error] :1:1: Premature end of file.
2025-08-07 02:17:08,467 [ERROR] LogOutputStream:75 - [STDERR_REDIRECT] 
2025-08-07 02:17:09,473 [ERROR] LogOutputStream:75 - [STDERR_REDIRECT] [Fatal Error] :1:1: Premature end of file.
2025-08-07 02:17:09,473 [ERROR] LogOutputStream:75 - [STDERR_REDIRECT] 
2025-08-07 02:17:10,472 [ERROR] LogOutputStream:75 - [STDERR_REDIRECT] [Fatal Error] :1:1: Premature end of file.
2025-08-07 02:17:10,472 [ERROR] LogOutputStream:75 - [STDERR_REDIRECT] 
2025-08-07 02:17:11,476 [ERROR] LogOutputStream:75 - [STDERR_REDIRECT] [Fatal Error] :1:1: Premature end of file.
2025-08-07 02:17:11,477 [ERROR] LogOutputStream:75 - [STDERR_REDIRECT] 
2025-08-07 02:17:12,468 [ERROR] LogOutputStream:75 - [STDERR_REDIRECT] [Fatal Error] :1:1: Premature end of file.
2025-08-07 02:17:12,468 [ERROR] LogOutputStream:75 - [STDERR_REDIRECT] 
2025-08-07 02:17:13,476 [ERROR] LogOutputStream:75 - [STDERR_REDIRECT] [Fatal Error] :1:1: Premature end of file.
2025-08-07 02:17:13,476 [ERROR] LogOutputStream:75 - [STDERR_REDIRECT] 
2025-08-07 02:17:14,469 [ERROR] LogOutputStream:75 - [STDERR_REDIRECT] [Fatal Error] :1:1: Premature end of file.
2025-08-07 02:17:14,469 [ERROR] LogOutputStream:75 - [STDERR_REDIRECT] 
2025-08-07 02:17:15,465 [ERROR] LogOutputStream:75 - [STDERR_REDIRECT] [Fatal Error] :1:1: Premature end of file.
2025-08-07 02:17:15,465 [ERROR] LogOutputStream:75 - [STDERR_REDIRECT] 
2025-08-07 02:17:16,473 [ERROR] LogOutputStream:75 - [STDERR_REDIRECT] [Fatal Error] :1:1: Premature end of file.
2025-08-07 02:17:16,473 [ERROR] LogOutputStream:75 - [STDERR_REDIRECT] 
2025-08-07 02:17:17,469 [ERROR] LogOutputStream:75 - [STDERR_REDIRECT] [Fatal Error] :1:1: Premature end of file.
2025-08-07 02:17:17,469 [ERROR] LogOutputStream:75 - [STDERR_REDIRECT] 
2025-08-07 02:17:18,458 [ERROR] LogOutputStream:75 - [STDERR_REDIRECT] [Fatal Error] :1:1: Premature end of file.
2025-08-07 02:17:18,459 [ERROR] LogOutputStream:75 - [STDERR_REDIRECT] 
2025-08-07 02:17:19,461 [ERROR] LogOutputStream:75 - [STDERR_REDIRECT] [Fatal Error] :1:1: Premature end of file.
2025-08-07 02:17:19,462 [ERROR] LogOutputStream:75 - [STDERR_REDIRECT] 
2025-08-07 02:17:20,465 [ERROR] LogOutputStream:75 - [STDERR_REDIRECT] [Fatal Error] :1:1: Premature end of file.
2025-08-07 02:17:20,466 [ERROR] LogOutputStream:75 - [STDERR_REDIRECT] 
2025-08-07 02:17:21,458 [ERROR] LogOutputStream:75 - [STDERR_REDIRECT] [Fatal Error] :1:1: Premature end of file.
2025-08-07 02:17:21,458 [ERROR] LogOutputStream:75 - [STDERR_REDIRECT] 
2025-08-07 02:17:22,469 [ERROR] LogOutputStream:75 - [STDERR_REDIRECT] [Fatal Error] :1:1: Premature end of file.
2025-08-07 02:17:22,469 [ERROR] LogOutputStream:75 - [STDERR_REDIRECT] 
2025-08-07 02:17:23,474 [ERROR] LogOutputStream:75 - [STDERR_REDIRECT] [Fatal Error] :1:1: Premature end of file.
2025-08-07 02:17:23,474 [ERROR] LogOutputStream:75 - [STDERR_REDIRECT] 
2025-08-07 02:17:24,463 [ERROR] LogOutputStream:75 - [STDERR_REDIRECT] [Fatal Error] :1:1: Premature end of file.
2025-08-07 02:17:24,463 [ERROR] LogOutputStream:75 - [STDERR_REDIRECT] 
2025-08-07 02:17:25,472 [ERROR] LogOutputStream:75 - [STDERR_REDIRECT] [Fatal Error] :1:1: Premature end of file.
2025-08-07 02:17:25,473 [ERROR] LogOutputStream:75 - [STDERR_REDIRECT] 
2025-08-07 02:17:26,458 [ERROR] LogOutputStream:75 - [STDERR_REDIRECT] [Fatal Error] :1:1: Premature end of file.
2025-08-07 02:17:26,458 [ERROR] LogOutputStream:75 - [STDERR_REDIRECT] 
2025-08-07 02:17:27,469 [ERROR] LogOutputStream:75 - [STDERR_REDIRECT] [Fatal Error] :1:1: Premature end of file.
2025-08-07 02:17:27,469 [ERROR] LogOutputStream:75 - [STDERR_REDIRECT] 
2025-08-07 02:17:28,470 [ERROR] LogOutputStream:75 - [STDERR_REDIRECT] [Fatal Error] :1:1: Premature end of file.
2025-08-07 02:17:28,470 [ERROR] LogOutputStream:75 - [STDERR_REDIRECT] 
2025-08-07 02:17:29,463 [ERROR] LogOutputStream:75 - [STDERR_REDIRECT] [Fatal Error] :1:1: Premature end of file.
2025-08-07 02:17:29,463 [ERROR] LogOutputStream:75 - [STDERR_REDIRECT] 
2025-08-07 02:17:30,470 [ERROR] LogOutputStream:75 - [STDERR_REDIRECT] [Fatal Error] :1:1: Premature end of file.
2025-08-07 02:17:30,471 [ERROR] LogOutputStream:75 - [STDERR_REDIRECT] 
2025-08-07 02:17:31,462 [ERROR] LogOutputStream:75 - [STDERR_REDIRECT] [Fatal Error] :1:1: Premature end of file.
2025-08-07 02:17:31,462 [ERROR] LogOutputStream:75 - [STDERR_REDIRECT] 
2025-08-07 02:17:32,474 [ERROR] LogOutputStream:75 - [STDERR_REDIRECT] [Fatal Error] :1:1: Premature end of file.
2025-08-07 02:17:32,474 [ERROR] LogOutputStream:75 - [STDERR_REDIRECT] 
2025-08-07 02:17:33,475 [ERROR] LogOutputStream:75 - [STDERR_REDIRECT] [Fatal Error] :1:1: Premature end of file.
2025-08-07 02:17:33,475 [ERROR] LogOutputStream:75 - [STDERR_REDIRECT] 
2025-08-07 02:17:34,472 [ERROR] LogOutputStream:75 - [STDERR_REDIRECT] [Fatal Error] :1:1: Premature end of file.
2025-08-07 02:17:34,472 [ERROR] LogOutputStream:75 - [STDERR_REDIRECT] 
2025-08-07 02:17:35,467 [ERROR] LogOutputStream:75 - [STDERR_REDIRECT] [Fatal Error] :1:1: Premature end of file.
2025-08-07 02:17:35,467 [ERROR] LogOutputStream:75 - [STDERR_REDIRECT] 
2025-08-07 02:17:36,455 [ERROR] LogOutputStream:75 - [STDERR_REDIRECT] [Fatal Error] :1:1: Premature end of file.
2025-08-07 02:17:36,455 [ERROR] LogOutputStream:75 - [STDERR_REDIRECT] 
2025-08-07 02:17:37,465 [ERROR] LogOutputStream:75 - [STDERR_REDIRECT] [Fatal Error] :1:1: Premature end of file.
2025-08-07 02:17:37,465 [ERROR] LogOutputStream:75 - [STDERR_REDIRECT] 
2025-08-07 02:17:38,459 [ERROR] LogOutputStream:75 - [STDERR_REDIRECT] [Fatal Error] :1:1: Premature end of file.
2025-08-07 02:17:38,459 [ERROR] LogOutputStream:75 - [STDERR_REDIRECT] 
2025-08-07 02:17:39,462 [ERROR] LogOutputStream:75 - [STDERR_REDIRECT] [Fatal Error] :1:1: Premature end of file.
2025-08-07 02:17:39,462 [ERROR] LogOutputStream:75 - [STDERR_REDIRECT] 
2025-08-07 02:17:40,461 [ERROR] LogOutputStream:75 - [STDERR_REDIRECT] [Fatal Error] :1:1: Premature end of file.
2025-08-07 02:17:40,461 [ERROR] LogOutputStream:75 - [STDERR_REDIRECT] 
2025-08-07 02:17:41,468 [ERROR] LogOutputStream:75 - [STDERR_REDIRECT] [Fatal Error] :1:1: Premature end of file.
2025-08-07 02:17:41,468 [ERROR] LogOutputStream:75 - [STDERR_REDIRECT] 
2025-08-07 02:17:42,466 [ERROR] LogOutputStream:75 - [STDERR_REDIRECT] [Fatal Error] :1:1: Premature end of file.
2025-08-07 02:17:42,466 [ERROR] LogOutputStream:75 - [STDERR_REDIRECT] 
2025-08-07 02:17:43,455 [ERROR] LogOutputStream:75 - [STDERR_REDIRECT] [Fatal Error] :1:1: Premature end of file.
2025-08-07 02:17:43,455 [ERROR] LogOutputStream:75 - [STDERR_REDIRECT] 
2025-08-07 02:17:44,460 [ERROR] LogOutputStream:75 - [STDERR_REDIRECT] [Fatal Error] :1:1: Premature end of file.
2025-08-07 02:17:44,460 [ERROR] LogOutputStream:75 - [STDERR_REDIRECT] 
2025-08-07 02:17:45,468 [ERROR] LogOutputStream:75 - [STDERR_REDIRECT] [Fatal Error] :1:1: Premature end of file.
2025-08-07 02:17:45,468 [ERROR] LogOutputStream:75 - [STDERR_REDIRECT] 
2025-08-07 02:17:46,455 [ERROR] LogOutputStream:75 - [STDERR_REDIRECT] [Fatal Error] :1:1: Premature end of file.
2025-08-07 02:17:46,455 [ERROR] LogOutputStream:75 - [STDERR_REDIRECT] 
2025-08-07 02:17:47,461 [ERROR] LogOutputStream:75 - [STDERR_REDIRECT] [Fatal Error] :1:1: Premature end of file.
2025-08-07 02:17:47,461 [ERROR] LogOutputStream:75 - [STDERR_REDIRECT] 
2025-08-07 02:17:48,456 [ERROR] LogOutputStream:75 - [STDERR_REDIRECT] [Fatal Error] :1:1: Premature end of file.
2025-08-07 02:17:48,456 [ERROR] LogOutputStream:75 - [STDERR_REDIRECT] 
2025-08-07 02:17:49,459 [ERROR] LogOutputStream:75 - [STDERR_REDIRECT] [Fatal Error] :1:1: Premature end of file.
2025-08-07 02:17:49,459 [ERROR] LogOutputStream:75 - [STDERR_REDIRECT] 
2025-08-07 02:17:50,468 [ERROR] LogOutputStream:75 - [STDERR_REDIRECT] [Fatal Error] :1:1: Premature end of file.
2025-08-07 02:17:50,468 [ERROR] LogOutputStream:75 - [STDERR_REDIRECT] 
2025-08-07 02:17:51,461 [ERROR] LogOutputStream:75 - [STDERR_REDIRECT] [Fatal Error] :1:1: Premature end of file.
2025-08-07 02:17:51,461 [ERROR] LogOutputStream:75 - [STDERR_REDIRECT] 
2025-08-07 02:17:52,465 [ERROR] LogOutputStream:75 - [STDERR_REDIRECT] [Fatal Error] :1:1: Premature end of file.
2025-08-07 02:17:52,465 [ERROR] LogOutputStream:75 - [STDERR_REDIRECT] 
2025-08-07 02:17:53,460 [ERROR] LogOutputStream:75 - [STDERR_REDIRECT] [Fatal Error] :1:1: Premature end of file.
2025-08-07 02:17:53,460 [ERROR] LogOutputStream:75 - [STDERR_REDIRECT] 
2025-08-07 02:17:54,468 [ERROR] LogOutputStream:75 - [STDERR_REDIRECT] [Fatal Error] :1:1: Premature end of file.
2025-08-07 02:17:54,468 [ERROR] LogOutputStream:75 - [STDERR_REDIRECT] 
2025-08-07 02:17:55,462 [ERROR] LogOutputStream:75 - [STDERR_REDIRECT] [Fatal Error] :1:1: Premature end of file.
2025-08-07 02:17:55,463 [ERROR] LogOutputStream:75 - [STDERR_REDIRECT] 
2025-08-07 02:17:56,455 [ERROR] LogOutputStream:75 - [STDERR_REDIRECT] [Fatal Error] :1:1: Premature end of file.
2025-08-07 02:17:56,455 [ERROR] LogOutputStream:75 - [STDERR_REDIRECT] 
2025-08-07 02:17:57,468 [ERROR] LogOutputStream:75 - [STDERR_REDIRECT] [Fatal Error] :1:1: Premature end of file.
2025-08-07 02:17:57,468 [ERROR] LogOutputStream:75 - [STDERR_REDIRECT] 
2025-08-07 02:17:58,459 [ERROR] LogOutputStream:75 - [STDERR_REDIRECT] [Fatal Error] :1:1: Premature end of file.
2025-08-07 02:17:58,459 [ERROR] LogOutputStream:75 - [STDERR_REDIRECT] 
2025-08-07 02:17:59,464 [ERROR] LogOutputStream:75 - [STDERR_REDIRECT] [Fatal Error] :1:1: Premature end of file.
2025-08-07 02:17:59,464 [ERROR] LogOutputStream:75 - [STDERR_REDIRECT] 
2025-08-07 02:18:00,464 [ERROR] LogOutputStream:75 - [STDERR_REDIRECT] [Fatal Error] :1:1: Premature end of file.
2025-08-07 02:18:00,464 [ERROR] LogOutputStream:75 - [STDERR_REDIRECT] 
2025-08-07 02:18:01,471 [ERROR] LogOutputStream:75 - [STDERR_REDIRECT] [Fatal Error] :1:1: Premature end of file.
2025-08-07 02:18:01,472 [ERROR] LogOutputStream:75 - [STDERR_REDIRECT] 
2025-08-07 02:18:02,461 [ERROR] LogOutputStream:75 - [STDERR_REDIRECT] [Fatal Error] :1:1: Premature end of file.
2025-08-07 02:18:02,462 [ERROR] LogOutputStream:75 - [STDERR_REDIRECT] 
2025-08-07 02:18:03,467 [ERROR] LogOutputStream:75 - [STDERR_REDIRECT] [Fatal Error] :1:1: Premature end of file.
2025-08-07 02:18:03,468 [ERROR] LogOutputStream:75 - [STDERR_REDIRECT] 
2025-08-07 02:18:04,460 [ERROR] LogOutputStream:75 - [STDERR_REDIRECT] [Fatal Error] :1:1: Premature end of file.
2025-08-07 02:18:04,460 [ERROR] LogOutputStream:75 - [STDERR_REDIRECT] 
2025-08-07 02:18:05,465 [ERROR] LogOutputStream:75 - [STDERR_REDIRECT] [Fatal Error] :1:1: Premature end of file.
2025-08-07 02:18:05,465 [ERROR] LogOutputStream:75 - [STDERR_REDIRECT] 
2025-08-07 02:18:06,468 [ERROR] LogOutputStream:75 - [STDERR_REDIRECT] [Fatal Error] :1:1: Premature end of file.
2025-08-07 02:18:06,468 [ERROR] LogOutputStream:75 - [STDERR_REDIRECT] 
2025-08-07 02:18:07,456 [ERROR] LogOutputStream:75 - [STDERR_REDIRECT] [Fatal Error] :1:1: Premature end of file.
2025-08-07 02:18:07,456 [ERROR] LogOutputStream:75 - [STDERR_REDIRECT] 
2025-08-07 02:18:08,464 [ERROR] LogOutputStream:75 - [STDERR_REDIRECT] [Fatal Error] :1:1: Premature end of file.
2025-08-07 02:18:08,464 [ERROR] LogOutputStream:75 - [STDERR_REDIRECT] 
2025-08-07 02:18:09,468 [ERROR] LogOutputStream:75 - [STDERR_REDIRECT] [Fatal Error] :1:1: Premature end of file.
2025-08-07 02:18:09,468 [ERROR] LogOutputStream:75 - [STDERR_REDIRECT] 
2025-08-07 02:18:10,464 [ERROR] LogOutputStream:75 - [STDERR_REDIRECT] [Fatal Error] :1:1: Premature end of file.
2025-08-07 02:18:10,464 [ERROR] LogOutputStream:75 - [STDERR_REDIRECT] 
2025-08-07 02:18:11,468 [ERROR] LogOutputStream:75 - [STDERR_REDIRECT] [Fatal Error] :1:1: Premature end of file.
2025-08-07 02:18:11,468 [ERROR] LogOutputStream:75 - [STDERR_REDIRECT] 
2025-08-07 02:18:12,461 [ERROR] LogOutputStream:75 - [STDERR_REDIRECT] [Fatal Error] :1:1: Premature end of file.
2025-08-07 02:18:12,461 [ERROR] LogOutputStream:75 - [STDERR_REDIRECT] 
2025-08-07 02:18:13,468 [ERROR] LogOutputStream:75 - [STDERR_REDIRECT] [Fatal Error] :1:1: Premature end of file.
2025-08-07 02:18:13,468 [ERROR] LogOutputStream:75 - [STDERR_REDIRECT] 
2025-08-07 02:18:14,466 [ERROR] LogOutputStream:75 - [STDERR_REDIRECT] [Fatal Error] :1:1: Premature end of file.
2025-08-07 02:18:14,466 [ERROR] LogOutputStream:75 - [STDERR_REDIRECT] 
2025-08-07 02:18:15,455 [ERROR] LogOutputStream:75 - [STDERR_REDIRECT] [Fatal Error] :1:1: Premature end of file.
2025-08-07 02:18:15,456 [ERROR] LogOutputStream:75 - [STDERR_REDIRECT] 
2025-08-07 02:18:16,460 [ERROR] LogOutputStream:75 - [STDERR_REDIRECT] [Fatal Error] :1:1: Premature end of file.
2025-08-07 02:18:16,460 [ERROR] LogOutputStream:75 - [STDERR_REDIRECT] 
2025-08-07 02:18:17,464 [ERROR] LogOutputStream:75 - [STDERR_REDIRECT] [Fatal Error] :1:1: Premature end of file.
2025-08-07 02:18:17,464 [ERROR] LogOutputStream:75 - [STDERR_REDIRECT] 
2025-08-07 02:18:18,462 [ERROR] LogOutputStream:75 - [STDERR_REDIRECT] [Fatal Error] :1:1: Premature end of file.
2025-08-07 02:18:18,462 [ERROR] LogOutputStream:75 - [STDERR_REDIRECT] 
2025-08-07 02:18:19,459 [ERROR] LogOutputStream:75 - [STDERR_REDIRECT] [Fatal Error] :1:1: Premature end of file.
2025-08-07 02:18:19,459 [ERROR] LogOutputStream:75 - [STDERR_REDIRECT] 
2025-08-07 02:18:20,457 [ERROR] LogOutputStream:75 - [STDERR_REDIRECT] [Fatal Error] :1:1: Premature end of file.
2025-08-07 02:18:20,457 [ERROR] LogOutputStream:75 - [STDERR_REDIRECT] 
2025-08-07 02:18:21,461 [ERROR] LogOutputStream:75 - [STDERR_REDIRECT] [Fatal Error] :1:1: Premature end of file.
2025-08-07 02:18:21,461 [ERROR] LogOutputStream:75 - [STDERR_REDIRECT] 
2025-08-07 02:18:22,468 [ERROR] LogOutputStream:75 - [STDERR_REDIRECT] [Fatal Error] :1:1: Premature end of file.
2025-08-07 02:18:22,468 [ERROR] LogOutputStream:75 - [STDERR_REDIRECT] 
2025-08-07 02:18:23,462 [ERROR] LogOutputStream:75 - [STDERR_REDIRECT] [Fatal Error] :1:1: Premature end of file.
2025-08-07 02:18:23,462 [ERROR] LogOutputStream:75 - [STDERR_REDIRECT] 
2025-08-07 02:18:24,465 [ERROR] LogOutputStream:75 - [STDERR_REDIRECT] [Fatal Error] :1:1: Premature end of file.
2025-08-07 02:18:24,465 [ERROR] LogOutputStream:75 - [STDERR_REDIRECT] 
2025-08-07 02:18:25,472 [ERROR] LogOutputStream:75 - [STDERR_REDIRECT] [Fatal Error] :1:1: Premature end of file.
2025-08-07 02:18:25,472 [ERROR] LogOutputStream:75 - [STDERR_REDIRECT] 
2025-08-07 02:18:26,471 [ERROR] LogOutputStream:75 - [STDERR_REDIRECT] [Fatal Error] :1:1: Premature end of file.
2025-08-07 02:18:26,471 [ERROR] LogOutputStream:75 - [STDERR_REDIRECT] 
2025-08-07 02:18:27,466 [ERROR] LogOutputStream:75 - [STDERR_REDIRECT] [Fatal Error] :1:1: Premature end of file.
2025-08-07 02:18:27,466 [ERROR] LogOutputStream:75 - [STDERR_REDIRECT] 
2025-08-07 02:18:28,467 [ERROR] LogOutputStream:75 - [STDERR_REDIRECT] [Fatal Error] :1:1: Premature end of file.
2025-08-07 02:18:28,467 [ERROR] LogOutputStream:75 - [STDERR_REDIRECT] 
2025-08-07 02:18:29,468 [ERROR] LogOutputStream:75 - [STDERR_REDIRECT] [Fatal Error] :1:1: Premature end of file.
2025-08-07 02:18:29,468 [ERROR] LogOutputStream:75 - [STDERR_REDIRECT] 
2025-08-07 02:18:30,513 [ERROR] LogOutputStream:75 - [STDERR_REDIRECT] [Fatal Error] :1:1: Premature end of file.
2025-08-07 02:18:30,513 [ERROR] LogOutputStream:75 - [STDERR_REDIRECT] 
2025-08-07 02:18:31,468 [ERROR] LogOutputStream:75 - [STDERR_REDIRECT] [Fatal Error] :1:1: Premature end of file.
2025-08-07 02:18:31,469 [ERROR] LogOutputStream:75 - [STDERR_REDIRECT] 
2025-08-07 02:18:32,472 [ERROR] LogOutputStream:75 - [STDERR_REDIRECT] [Fatal Error] :1:1: Premature end of file.
2025-08-07 02:18:32,472 [ERROR] LogOutputStream:75 - [STDERR_REDIRECT] 
2025-08-07 02:18:33,476 [ERROR] LogOutputStream:75 - [STDERR_REDIRECT] [Fatal Error] :1:1: Premature end of file.
2025-08-07 02:18:33,476 [ERROR] LogOutputStream:75 - [STDERR_REDIRECT] 
2025-08-07 02:18:34,462 [ERROR] LogOutputStream:75 - [STDERR_REDIRECT] [Fatal Error] :1:1: Premature end of file.
2025-08-07 02:18:34,462 [ERROR] LogOutputStream:75 - [STDERR_REDIRECT] 
2025-08-07 02:18:35,460 [ERROR] LogOutputStream:75 - [STDERR_REDIRECT] [Fatal Error] :1:1: Premature end of file.
2025-08-07 02:18:35,460 [ERROR] LogOutputStream:75 - [STDERR_REDIRECT] 
2025-08-07 02:18:36,461 [ERROR] LogOutputStream:75 - [STDERR_REDIRECT] [Fatal Error] :1:1: Premature end of file.
2025-08-07 02:18:36,461 [ERROR] LogOutputStream:75 - [STDERR_REDIRECT] 
2025-08-07 02:18:37,466 [ERROR] LogOutputStream:75 - [STDERR_REDIRECT] [Fatal Error] :1:1: Premature end of file.
2025-08-07 02:18:37,466 [ERROR] LogOutputStream:75 - [STDERR_REDIRECT] 
2025-08-07 02:18:38,468 [ERROR] LogOutputStream:75 - [STDERR_REDIRECT] [Fatal Error] :1:1: Premature end of file.
2025-08-07 02:18:38,468 [ERROR] LogOutputStream:75 - [STDERR_REDIRECT] 
2025-08-07 02:18:39,459 [ERROR] LogOutputStream:75 - [STDERR_REDIRECT] [Fatal Error] :1:1: Premature end of file.
2025-08-07 02:18:39,459 [ERROR] LogOutputStream:75 - [STDERR_REDIRECT] 
2025-08-07 02:18:40,470 [ERROR] LogOutputStream:75 - [STDERR_REDIRECT] [Fatal Error] :1:1: Premature end of file.
2025-08-07 02:18:40,471 [ERROR] LogOutputStream:75 - [STDERR_REDIRECT] 
2025-08-07 02:18:41,460 [ERROR] LogOutputStream:75 - [STDERR_REDIRECT] [Fatal Error] :1:1: Premature end of file.
2025-08-07 02:18:41,460 [ERROR] LogOutputStream:75 - [STDERR_REDIRECT] 
2025-08-07 02:18:42,499 [ERROR] LogOutputStream:75 - [STDERR_REDIRECT] [Fatal Error] :1:1: Premature end of file.
2025-08-07 02:18:42,499 [ERROR] LogOutputStream:75 - [STDERR_REDIRECT] 
2025-08-07 02:18:43,470 [ERROR] LogOutputStream:75 - [STDERR_REDIRECT] [Fatal Error] :1:1: Premature end of file.
2025-08-07 02:18:43,471 [ERROR] LogOutputStream:75 - [STDERR_REDIRECT] 
2025-08-07 02:18:44,472 [ERROR] LogOutputStream:75 - [STDERR_REDIRECT] [Fatal Error] :1:1: Premature end of file.
2025-08-07 02:18:44,472 [ERROR] LogOutputStream:75 - [STDERR_REDIRECT] 
2025-08-07 02:18:45,466 [ERROR] LogOutputStream:75 - [STDERR_REDIRECT] [Fatal Error] :1:1: Premature end of file.
2025-08-07 02:18:45,467 [ERROR] LogOutputStream:75 - [STDERR_REDIRECT] 
2025-08-07 02:18:46,462 [ERROR] LogOutputStream:75 - [STDERR_REDIRECT] [Fatal Error] :1:1: Premature end of file.
2025-08-07 02:18:46,462 [ERROR] LogOutputStream:75 - [STDERR_REDIRECT] 
2025-08-07 02:18:47,460 [ERROR] LogOutputStream:75 - [STDERR_REDIRECT] [Fatal Error] :1:1: Premature end of file.
2025-08-07 02:18:47,460 [ERROR] LogOutputStream:75 - [STDERR_REDIRECT] 
2025-08-07 02:18:48,468 [ERROR] LogOutputStream:75 - [STDERR_REDIRECT] [Fatal Error] :1:1: Premature end of file.
2025-08-07 02:18:48,468 [ERROR] LogOutputStream:75 - [STDERR_REDIRECT] 
2025-08-07 02:18:49,464 [ERROR] LogOutputStream:75 - [STDERR_REDIRECT] [Fatal Error] :1:1: Premature end of file.
2025-08-07 02:18:49,464 [ERROR] LogOutputStream:75 - [STDERR_REDIRECT] 
2025-08-07 02:18:50,457 [ERROR] LogOutputStream:75 - [STDERR_REDIRECT] [Fatal Error] :1:1: Premature end of file.
2025-08-07 02:18:50,457 [ERROR] LogOutputStream:75 - [STDERR_REDIRECT] 
2025-08-07 02:18:51,466 [ERROR] LogOutputStream:75 - [STDERR_REDIRECT] [Fatal Error] :1:1: Premature end of file.
2025-08-07 02:18:51,466 [ERROR] LogOutputStream:75 - [STDERR_REDIRECT] 
2025-08-07 02:18:52,460 [ERROR] LogOutputStream:75 - [STDERR_REDIRECT] [Fatal Error] :1:1: Premature end of file.
2025-08-07 02:18:52,460 [ERROR] LogOutputStream:75 - [STDERR_REDIRECT] 
2025-08-07 02:18:53,458 [ERROR] LogOutputStream:75 - [STDERR_REDIRECT] [Fatal Error] :1:1: Premature end of file.
2025-08-07 02:18:53,458 [ERROR] LogOutputStream:75 - [STDERR_REDIRECT] 
2025-08-07 02:18:54,463 [ERROR] LogOutputStream:75 - [STDERR_REDIRECT] [Fatal Error] :1:1: Premature end of file.
2025-08-07 02:18:54,463 [ERROR] LogOutputStream:75 - [STDERR_REDIRECT] 
2025-08-07 02:18:55,456 [ERROR] LogOutputStream:75 - [STDERR_REDIRECT] [Fatal Error] :1:1: Premature end of file.
2025-08-07 02:18:55,456 [ERROR] LogOutputStream:75 - [STDERR_REDIRECT] 
2025-08-07 02:18:56,459 [ERROR] LogOutputStream:75 - [STDERR_REDIRECT] [Fatal Error] :1:1: Premature end of file.
2025-08-07 02:18:56,459 [ERROR] LogOutputStream:75 - [STDERR_REDIRECT] 
2025-08-07 02:18:57,459 [ERROR] LogOutputStream:75 - [STDERR_REDIRECT] [Fatal Error] :1:1: Premature end of file.
2025-08-07 02:18:57,459 [ERROR] LogOutputStream:75 - [STDERR_REDIRECT] 
2025-08-07 02:18:58,463 [ERROR] LogOutputStream:75 - [STDERR_REDIRECT] [Fatal Error] :1:1: Premature end of file.
2025-08-07 02:18:58,463 [ERROR] LogOutputStream:75 - [STDERR_REDIRECT] 
2025-08-07 02:18:59,462 [ERROR] LogOutputStream:75 - [STDERR_REDIRECT] [Fatal Error] :1:1: Premature end of file.
2025-08-07 02:18:59,462 [ERROR] LogOutputStream:75 - [STDERR_REDIRECT] 
2025-08-07 02:19:00,462 [ERROR] LogOutputStream:75 - [STDERR_REDIRECT] [Fatal Error] :1:1: Premature end of file.
2025-08-07 02:19:00,462 [ERROR] LogOutputStream:75 - [STDERR_REDIRECT] 
2025-08-07 02:19:01,469 [ERROR] LogOutputStream:75 - [STDERR_REDIRECT] [Fatal Error] :1:1: Premature end of file.
2025-08-07 02:19:01,469 [ERROR] LogOutputStream:75 - [STDERR_REDIRECT] 
2025-08-07 02:19:02,463 [ERROR] LogOutputStream:75 - [STDERR_REDIRECT] [Fatal Error] :1:1: Premature end of file.
2025-08-07 02:19:02,463 [ERROR] LogOutputStream:75 - [STDERR_REDIRECT] 
2025-08-07 02:19:03,466 [ERROR] LogOutputStream:75 - [STDERR_REDIRECT] [Fatal Error] :1:1: Premature end of file.
2025-08-07 02:19:03,466 [ERROR] LogOutputStream:75 - [STDERR_REDIRECT] 
2025-08-07 02:19:04,461 [ERROR] LogOutputStream:75 - [STDERR_REDIRECT] [Fatal Error] :1:1: Premature end of file.
2025-08-07 02:19:04,461 [ERROR] LogOutputStream:75 - [STDERR_REDIRECT] 
2025-08-07 02:19:05,468 [ERROR] LogOutputStream:75 - [STDERR_REDIRECT] [Fatal Error] :1:1: Premature end of file.
2025-08-07 02:19:05,468 [ERROR] LogOutputStream:75 - [STDERR_REDIRECT] 
2025-08-07 02:19:06,456 [ERROR] LogOutputStream:75 - [STDERR_REDIRECT] [Fatal Error] :1:1: Premature end of file.
2025-08-07 02:19:06,457 [ERROR] LogOutputStream:75 - [STDERR_REDIRECT] 
2025-08-07 02:19:07,463 [ERROR] LogOutputStream:75 - [STDERR_REDIRECT] [Fatal Error] :1:1: Premature end of file.
2025-08-07 02:19:07,463 [ERROR] LogOutputStream:75 - [STDERR_REDIRECT] 
2025-08-07 02:19:08,467 [ERROR] LogOutputStream:75 - [STDERR_REDIRECT] [Fatal Error] :1:1: Premature end of file.
2025-08-07 02:19:08,468 [ERROR] LogOutputStream:75 - [STDERR_REDIRECT] 
2025-08-07 02:19:09,462 [ERROR] LogOutputStream:75 - [STDERR_REDIRECT] [Fatal Error] :1:1: Premature end of file.
2025-08-07 02:19:09,462 [ERROR] LogOutputStream:75 - [STDERR_REDIRECT] 
2025-08-07 02:19:10,465 [ERROR] LogOutputStream:75 - [STDERR_REDIRECT] [Fatal Error] :1:1: Premature end of file.
2025-08-07 02:19:10,465 [ERROR] LogOutputStream:75 - [STDERR_REDIRECT] 
2025-08-07 02:19:11,466 [ERROR] LogOutputStream:75 - [STDERR_REDIRECT] [Fatal Error] :1:1: Premature end of file.
2025-08-07 02:19:11,466 [ERROR] LogOutputStream:75 - [STDERR_REDIRECT] 
2025-08-07 02:19:12,532 [ERROR] LogOutputStream:75 - [STDERR_REDIRECT] [Fatal Error] :1:1: Premature end of file.
2025-08-07 02:19:12,532 [ERROR] LogOutputStream:75 - [STDERR_REDIRECT] 
2025-08-07 02:19:13,467 [ERROR] LogOutputStream:75 - [STDERR_REDIRECT] [Fatal Error] :1:1: Premature end of file.
2025-08-07 02:19:13,467 [ERROR] LogOutputStream:75 - [STDERR_REDIRECT] 
2025-08-07 02:19:14,469 [ERROR] LogOutputStream:75 - [STDERR_REDIRECT] [Fatal Error] :1:1: Premature end of file.
2025-08-07 02:19:14,469 [ERROR] LogOutputStream:75 - [STDERR_REDIRECT] 
2025-08-07 02:19:15,466 [ERROR] LogOutputStream:75 - [STDERR_REDIRECT] [Fatal Error] :1:1: Premature end of file.
2025-08-07 02:19:15,466 [ERROR] LogOutputStream:75 - [STDERR_REDIRECT] 
2025-08-07 02:19:16,474 [ERROR] LogOutputStream:75 - [STDERR_REDIRECT] [Fatal Error] :1:1: Premature end of file.
2025-08-07 02:19:16,474 [ERROR] LogOutputStream:75 - [STDERR_REDIRECT] 
2025-08-07 02:19:17,461 [ERROR] LogOutputStream:75 - [STDERR_REDIRECT] [Fatal Error] :1:1: Premature end of file.
2025-08-07 02:19:17,461 [ERROR] LogOutputStream:75 - [STDERR_REDIRECT] 
2025-08-07 02:19:18,467 [ERROR] LogOutputStream:75 - [STDERR_REDIRECT] [Fatal Error] :1:1: Premature end of file.
2025-08-07 02:19:18,467 [ERROR] LogOutputStream:75 - [STDERR_REDIRECT] 
2025-08-07 02:19:19,471 [ERROR] LogOutputStream:75 - [STDERR_REDIRECT] [Fatal Error] :1:1: Premature end of file.
2025-08-07 02:19:19,471 [ERROR] LogOutputStream:75 - [STDERR_REDIRECT] 
2025-08-07 02:19:20,467 [ERROR] LogOutputStream:75 - [STDERR_REDIRECT] [Fatal Error] :1:1: Premature end of file.
2025-08-07 02:19:20,467 [ERROR] LogOutputStream:75 - [STDERR_REDIRECT] 
2025-08-07 02:19:21,455 [ERROR] LogOutputStream:75 - [STDERR_REDIRECT] [Fatal Error] :1:1: Premature end of file.
2025-08-07 02:19:21,456 [ERROR] LogOutputStream:75 - [STDERR_REDIRECT] 
2025-08-07 02:19:22,462 [ERROR] LogOutputStream:75 - [STDERR_REDIRECT] [Fatal Error] :1:1: Premature end of file.
2025-08-07 02:19:22,462 [ERROR] LogOutputStream:75 - [STDERR_REDIRECT] 
2025-08-07 02:19:23,467 [ERROR] LogOutputStream:75 - [STDERR_REDIRECT] [Fatal Error] :1:1: Premature end of file.
2025-08-07 02:19:23,467 [ERROR] LogOutputStream:75 - [STDERR_REDIRECT] 
2025-08-07 02:19:24,460 [ERROR] LogOutputStream:75 - [STDERR_REDIRECT] [Fatal Error] :1:1: Premature end of file.
2025-08-07 02:19:24,460 [ERROR] LogOutputStream:75 - [STDERR_REDIRECT] 
2025-08-07 02:19:25,466 [ERROR] LogOutputStream:75 - [STDERR_REDIRECT] [Fatal Error] :1:1: Premature end of file.
2025-08-07 02:19:25,466 [ERROR] LogOutputStream:75 - [STDERR_REDIRECT] 
2025-08-07 02:19:26,458 [ERROR] LogOutputStream:75 - [STDERR_REDIRECT] [Fatal Error] :1:1: Premature end of file.
2025-08-07 02:19:26,458 [ERROR] LogOutputStream:75 - [STDERR_REDIRECT] 
2025-08-07 02:19:27,465 [ERROR] LogOutputStream:75 - [STDERR_REDIRECT] [Fatal Error] :1:1: Premature end of file.
2025-08-07 02:19:27,465 [ERROR] LogOutputStream:75 - [STDERR_REDIRECT] 
2025-08-07 02:19:28,468 [ERROR] LogOutputStream:75 - [STDERR_REDIRECT] [Fatal Error] :1:1: Premature end of file.
2025-08-07 02:19:28,468 [ERROR] LogOutputStream:75 - [STDERR_REDIRECT] 
2025-08-07 02:19:29,471 [ERROR] LogOutputStream:75 - [STDERR_REDIRECT] [Fatal Error] :1:1: Premature end of file.
2025-08-07 02:19:29,472 [ERROR] LogOutputStream:75 - [STDERR_REDIRECT] 
2025-08-07 02:19:30,462 [ERROR] LogOutputStream:75 - [STDERR_REDIRECT] [Fatal Error] :1:1: Premature end of file.
2025-08-07 02:19:30,462 [ERROR] LogOutputStream:75 - [STDERR_REDIRECT] 
2025-08-07 02:19:31,456 [ERROR] LogOutputStream:75 - [STDERR_REDIRECT] [Fatal Error] :1:1: Premature end of file.
2025-08-07 02:19:31,456 [ERROR] LogOutputStream:75 - [STDERR_REDIRECT] 
2025-08-07 02:19:32,469 [ERROR] LogOutputStream:75 - [STDERR_REDIRECT] [Fatal Error] :1:1: Premature end of file.
2025-08-07 02:19:32,469 [ERROR] LogOutputStream:75 - [STDERR_REDIRECT] 
2025-08-07 02:19:33,464 [ERROR] LogOutputStream:75 - [STDERR_REDIRECT] [Fatal Error] :1:1: Premature end of file.
2025-08-07 02:19:33,464 [ERROR] LogOutputStream:75 - [STDERR_REDIRECT] 
2025-08-07 02:19:34,472 [ERROR] LogOutputStream:75 - [STDERR_REDIRECT] [Fatal Error] :1:1: Premature end of file.
2025-08-07 02:19:34,473 [ERROR] LogOutputStream:75 - [STDERR_REDIRECT] 
2025-08-07 02:19:35,467 [ERROR] LogOutputStream:75 - [STDERR_REDIRECT] [Fatal Error] :1:1: Premature end of file.
2025-08-07 02:19:35,467 [ERROR] LogOutputStream:75 - [STDERR_REDIRECT] 
2025-08-07 02:19:36,467 [ERROR] LogOutputStream:75 - [STDERR_REDIRECT] [Fatal Error] :1:1: Premature end of file.
2025-08-07 02:19:36,468 [ERROR] LogOutputStream:75 - [STDERR_REDIRECT] 
2025-08-07 02:19:37,463 [ERROR] LogOutputStream:75 - [STDERR_REDIRECT] [Fatal Error] :1:1: Premature end of file.
2025-08-07 02:19:37,463 [ERROR] LogOutputStream:75 - [STDERR_REDIRECT] 
2025-08-07 02:19:38,470 [ERROR] LogOutputStream:75 - [STDERR_REDIRECT] [Fatal Error] :1:1: Premature end of file.
2025-08-07 02:19:38,470 [ERROR] LogOutputStream:75 - [STDERR_REDIRECT] 
2025-08-07 02:19:39,468 [ERROR] LogOutputStream:75 - [STDERR_REDIRECT] [Fatal Error] :1:1: Premature end of file.
2025-08-07 02:19:39,468 [ERROR] LogOutputStream:75 - [STDERR_REDIRECT] 
2025-08-07 02:19:40,456 [ERROR] LogOutputStream:75 - [STDERR_REDIRECT] [Fatal Error] :1:1: Premature end of file.
2025-08-07 02:19:40,457 [ERROR] LogOutputStream:75 - [STDERR_REDIRECT] 
2025-08-07 02:19:41,465 [ERROR] LogOutputStream:75 - [STDERR_REDIRECT] [Fatal Error] :1:1: Premature end of file.
2025-08-07 02:19:41,465 [ERROR] LogOutputStream:75 - [STDERR_REDIRECT] 
2025-08-07 02:19:42,463 [ERROR] LogOutputStream:75 - [STDERR_REDIRECT] [Fatal Error] :1:1: Premature end of file.
2025-08-07 02:19:42,463 [ERROR] LogOutputStream:75 - [STDERR_REDIRECT] 
2025-08-07 02:19:43,467 [ERROR] LogOutputStream:75 - [STDERR_REDIRECT] [Fatal Error] :1:1: Premature end of file.
2025-08-07 02:19:43,467 [ERROR] LogOutputStream:75 - [STDERR_REDIRECT] 
2025-08-07 02:19:44,464 [ERROR] LogOutputStream:75 - [STDERR_REDIRECT] [Fatal Error] :1:1: Premature end of file.
2025-08-07 02:19:44,464 [ERROR] LogOutputStream:75 - [STDERR_REDIRECT] 
2025-08-07 02:19:45,470 [ERROR] LogOutputStream:75 - [STDERR_REDIRECT] [Fatal Error] :1:1: Premature end of file.
2025-08-07 02:19:45,470 [ERROR] LogOutputStream:75 - [STDERR_REDIRECT] 
2025-08-07 02:19:46,460 [ERROR] LogOutputStream:75 - [STDERR_REDIRECT] [Fatal Error] :1:1: Premature end of file.
2025-08-07 02:19:46,460 [ERROR] LogOutputStream:75 - [STDERR_REDIRECT] 
2025-08-07 02:19:47,465 [ERROR] LogOutputStream:75 - [STDERR_REDIRECT] [Fatal Error] :1:1: Premature end of file.
2025-08-07 02:19:47,465 [ERROR] LogOutputStream:75 - [STDERR_REDIRECT] 
2025-08-07 02:19:48,461 [ERROR] LogOutputStream:75 - [STDERR_REDIRECT] [Fatal Error] :1:1: Premature end of file.
2025-08-07 02:19:48,461 [ERROR] LogOutputStream:75 - [STDERR_REDIRECT] 
2025-08-07 02:19:49,526 [ERROR] LogOutputStream:75 - [STDERR_REDIRECT] [Fatal Error] :1:1: Premature end of file.
2025-08-07 02:19:49,526 [ERROR] LogOutputStream:75 - [STDERR_REDIRECT] 
2025-08-07 02:19:50,468 [ERROR] LogOutputStream:75 - [STDERR_REDIRECT] [Fatal Error] :1:1: Premature end of file.
2025-08-07 02:19:50,468 [ERROR] LogOutputStream:75 - [STDERR_REDIRECT] 
2025-08-07 02:19:51,457 [ERROR] LogOutputStream:75 - [STDERR_REDIRECT] [Fatal Error] :1:1: Premature end of file.
2025-08-07 02:19:51,458 [ERROR] LogOutputStream:75 - [STDERR_REDIRECT] 
2025-08-07 02:19:52,463 [ERROR] LogOutputStream:75 - [STDERR_REDIRECT] [Fatal Error] :1:1: Premature end of file.
2025-08-07 02:19:52,463 [ERROR] LogOutputStream:75 - [STDERR_REDIRECT] 
2025-08-07 02:19:53,458 [ERROR] LogOutputStream:75 - [STDERR_REDIRECT] [Fatal Error] :1:1: Premature end of file.
2025-08-07 02:19:53,458 [ERROR] LogOutputStream:75 - [STDERR_REDIRECT] 
2025-08-07 02:19:54,464 [ERROR] LogOutputStream:75 - [STDERR_REDIRECT] [Fatal Error] :1:1: Premature end of file.
2025-08-07 02:19:54,464 [ERROR] LogOutputStream:75 - [STDERR_REDIRECT] 
2025-08-07 02:19:55,461 [ERROR] LogOutputStream:75 - [STDERR_REDIRECT] [Fatal Error] :1:1: Premature end of file.
2025-08-07 02:19:55,461 [ERROR] LogOutputStream:75 - [STDERR_REDIRECT] 
2025-08-07 02:19:56,466 [ERROR] LogOutputStream:75 - [STDERR_REDIRECT] [Fatal Error] :1:1: Premature end of file.
2025-08-07 02:19:56,466 [ERROR] LogOutputStream:75 - [STDERR_REDIRECT] 
2025-08-07 02:19:57,463 [ERROR] LogOutputStream:75 - [STDERR_REDIRECT] [Fatal Error] :1:1: Premature end of file.
2025-08-07 02:19:57,463 [ERROR] LogOutputStream:75 - [STDERR_REDIRECT] 
2025-08-07 02:19:58,466 [ERROR] LogOutputStream:75 - [STDERR_REDIRECT] [Fatal Error] :1:1: Premature end of file.
2025-08-07 02:19:58,466 [ERROR] LogOutputStream:75 - [STDERR_REDIRECT] 
2025-08-07 02:19:59,462 [ERROR] LogOutputStream:75 - [STDERR_REDIRECT] [Fatal Error] :1:1: Premature end of file.
2025-08-07 02:19:59,462 [ERROR] LogOutputStream:75 - [STDERR_REDIRECT] 
2025-08-07 02:20:00,458 [ERROR] LogOutputStream:75 - [STDERR_REDIRECT] [Fatal Error] :1:1: Premature end of file.
2025-08-07 02:20:00,458 [ERROR] LogOutputStream:75 - [STDERR_REDIRECT] 
2025-08-07 02:20:01,465 [ERROR] LogOutputStream:75 - [STDERR_REDIRECT] [Fatal Error] :1:1: Premature end of file.
2025-08-07 02:20:01,465 [ERROR] LogOutputStream:75 - [STDERR_REDIRECT] 
2025-08-07 02:20:02,458 [ERROR] LogOutputStream:75 - [STDERR_REDIRECT] [Fatal Error] :1:1: Premature end of file.
2025-08-07 02:20:02,458 [ERROR] LogOutputStream:75 - [STDERR_REDIRECT] 
2025-08-07 02:20:03,463 [ERROR] LogOutputStream:75 - [STDERR_REDIRECT] [Fatal Error] :1:1: Premature end of file.
2025-08-07 02:20:03,463 [ERROR] LogOutputStream:75 - [STDERR_REDIRECT] 
2025-08-07 02:20:04,466 [ERROR] LogOutputStream:75 - [STDERR_REDIRECT] [Fatal Error] :1:1: Premature end of file.
2025-08-07 02:20:04,466 [ERROR] LogOutputStream:75 - [STDERR_REDIRECT] 
2025-08-07 02:20:05,462 [ERROR] LogOutputStream:75 - [STDERR_REDIRECT] [Fatal Error] :1:1: Premature end of file.
2025-08-07 02:20:05,462 [ERROR] LogOutputStream:75 - [STDERR_REDIRECT] 
2025-08-07 02:20:06,456 [ERROR] LogOutputStream:75 - [STDERR_REDIRECT] [Fatal Error] :1:1: Premature end of file.
2025-08-07 02:20:06,457 [ERROR] LogOutputStream:75 - [STDERR_REDIRECT] 
2025-08-07 02:20:07,467 [ERROR] LogOutputStream:75 - [STDERR_REDIRECT] [Fatal Error] :1:1: Premature end of file.
2025-08-07 02:20:07,467 [ERROR] LogOutputStream:75 - [STDERR_REDIRECT] 
2025-08-07 02:20:08,458 [ERROR] LogOutputStream:75 - [STDERR_REDIRECT] [Fatal Error] :1:1: Premature end of file.
2025-08-07 02:20:08,458 [ERROR] LogOutputStream:75 - [STDERR_REDIRECT] 
2025-08-07 02:20:09,462 [ERROR] LogOutputStream:75 - [STDERR_REDIRECT] [Fatal Error] :1:1: Premature end of file.
2025-08-07 02:20:09,463 [ERROR] LogOutputStream:75 - [STDERR_REDIRECT] 
2025-08-07 02:20:10,459 [ERROR] LogOutputStream:75 - [STDERR_REDIRECT] [Fatal Error] :1:1: Premature end of file.
2025-08-07 02:20:10,459 [ERROR] LogOutputStream:75 - [STDERR_REDIRECT] 
2025-08-07 02:20:11,465 [ERROR] LogOutputStream:75 - [STDERR_REDIRECT] [Fatal Error] :1:1: Premature end of file.
2025-08-07 02:20:11,465 [ERROR] LogOutputStream:75 - [STDERR_REDIRECT] 
2025-08-07 02:20:12,465 [ERROR] LogOutputStream:75 - [STDERR_REDIRECT] [Fatal Error] :1:1: Premature end of file.
2025-08-07 02:20:12,465 [ERROR] LogOutputStream:75 - [STDERR_REDIRECT] 
2025-08-07 02:20:13,461 [ERROR] LogOutputStream:75 - [STDERR_REDIRECT] [Fatal Error] :1:1: Premature end of file.
2025-08-07 02:20:13,461 [ERROR] LogOutputStream:75 - [STDERR_REDIRECT] 
2025-08-07 02:20:14,466 [ERROR] LogOutputStream:75 - [STDERR_REDIRECT] [Fatal Error] :1:1: Premature end of file.
2025-08-07 02:20:14,466 [ERROR] LogOutputStream:75 - [STDERR_REDIRECT] 
2025-08-07 02:20:15,459 [ERROR] LogOutputStream:75 - [STDERR_REDIRECT] [Fatal Error] :1:1: Premature end of file.
2025-08-07 02:20:15,459 [ERROR] LogOutputStream:75 - [STDERR_REDIRECT] 
2025-08-07 02:20:16,456 [ERROR] LogOutputStream:75 - [STDERR_REDIRECT] [Fatal Error] :1:1: Premature end of file.
2025-08-07 02:20:16,456 [ERROR] LogOutputStream:75 - [STDERR_REDIRECT] 
2025-08-07 02:20:17,459 [ERROR] LogOutputStream:75 - [STDERR_REDIRECT] [Fatal Error] :1:1: Premature end of file.
2025-08-07 02:20:17,459 [ERROR] LogOutputStream:75 - [STDERR_REDIRECT] 
2025-08-07 02:20:18,466 [ERROR] LogOutputStream:75 - [STDERR_REDIRECT] [Fatal Error] :1:1: Premature end of file.
2025-08-07 02:20:18,466 [ERROR] LogOutputStream:75 - [STDERR_REDIRECT] 
2025-08-07 02:20:19,462 [ERROR] LogOutputStream:75 - [STDERR_REDIRECT] [Fatal Error] :1:1: Premature end of file.
2025-08-07 02:20:19,462 [ERROR] LogOutputStream:75 - [STDERR_REDIRECT] 
2025-08-07 02:20:20,467 [ERROR] LogOutputStream:75 - [STDERR_REDIRECT] [Fatal Error] :1:1: Premature end of file.
2025-08-07 02:20:20,467 [ERROR] LogOutputStream:75 - [STDERR_REDIRECT] 
2025-08-07 02:20:21,463 [ERROR] LogOutputStream:75 - [STDERR_REDIRECT] [Fatal Error] :1:1: Premature end of file.
2025-08-07 02:20:21,463 [ERROR] LogOutputStream:75 - [STDERR_REDIRECT] 
2025-08-07 02:20:22,466 [ERROR] LogOutputStream:75 - [STDERR_REDIRECT] [Fatal Error] :1:1: Premature end of file.
2025-08-07 02:20:22,466 [ERROR] LogOutputStream:75 - [STDERR_REDIRECT] 
2025-08-07 02:20:23,457 [ERROR] LogOutputStream:75 - [STDERR_REDIRECT] [Fatal Error] :1:1: Premature end of file.
2025-08-07 02:20:23,457 [ERROR] LogOutputStream:75 - [STDERR_REDIRECT] 
2025-08-07 02:20:24,461 [ERROR] LogOutputStream:75 - [STDERR_REDIRECT] [Fatal Error] :1:1: Premature end of file.
2025-08-07 02:20:24,462 [ERROR] LogOutputStream:75 - [STDERR_REDIRECT] 
2025-08-07 02:20:25,466 [ERROR] LogOutputStream:75 - [STDERR_REDIRECT] [Fatal Error] :1:1: Premature end of file.
2025-08-07 02:20:25,466 [ERROR] LogOutputStream:75 - [STDERR_REDIRECT] 
2025-08-07 02:20:26,461 [ERROR] LogOutputStream:75 - [STDERR_REDIRECT] [Fatal Error] :1:1: Premature end of file.
2025-08-07 02:20:26,461 [ERROR] LogOutputStream:75 - [STDERR_REDIRECT] 
2025-08-07 02:20:27,465 [ERROR] LogOutputStream:75 - [STDERR_REDIRECT] [Fatal Error] :1:1: Premature end of file.
2025-08-07 02:20:27,465 [ERROR] LogOutputStream:75 - [STDERR_REDIRECT] 
2025-08-07 02:20:28,457 [ERROR] LogOutputStream:75 - [STDERR_REDIRECT] [Fatal Error] :1:1: Premature end of file.
2025-08-07 02:20:28,457 [ERROR] LogOutputStream:75 - [STDERR_REDIRECT] 
2025-08-07 02:20:29,454 [ERROR] LogOutputStream:75 - [STDERR_REDIRECT] [Fatal Error] :1:1: Premature end of file.
2025-08-07 02:20:29,454 [ERROR] LogOutputStream:75 - [STDERR_REDIRECT] 
2025-08-07 02:20:30,459 [ERROR] LogOutputStream:75 - [STDERR_REDIRECT] [Fatal Error] :1:1: Premature end of file.
2025-08-07 02:20:30,461 [ERROR] LogOutputStream:75 - [STDERR_REDIRECT] 
2025-08-07 02:20:31,465 [ERROR] LogOutputStream:75 - [STDERR_REDIRECT] [Fatal Error] :1:1: Premature end of file.
2025-08-07 02:20:31,465 [ERROR] LogOutputStream:75 - [STDERR_REDIRECT] 
2025-08-07 02:20:32,459 [ERROR] LogOutputStream:75 - [STDERR_REDIRECT] [Fatal Error] :1:1: Premature end of file.
2025-08-07 02:20:32,459 [ERROR] LogOutputStream:75 - [STDERR_REDIRECT] 
2025-08-07 02:20:33,458 [ERROR] LogOutputStream:75 - [STDERR_REDIRECT] [Fatal Error] :1:1: Premature end of file.
2025-08-07 02:20:33,458 [ERROR] LogOutputStream:75 - [STDERR_REDIRECT] 
2025-08-07 02:20:34,465 [ERROR] LogOutputStream:75 - [STDERR_REDIRECT] [Fatal Error] :1:1: Premature end of file.
2025-08-07 02:20:34,465 [ERROR] LogOutputStream:75 - [STDERR_REDIRECT] 
2025-08-07 02:20:35,461 [ERROR] LogOutputStream:75 - [STDERR_REDIRECT] [Fatal Error] :1:1: Premature end of file.
2025-08-07 02:20:35,461 [ERROR] LogOutputStream:75 - [STDERR_REDIRECT] 
2025-08-07 02:20:36,468 [ERROR] LogOutputStream:75 - [STDERR_REDIRECT] [Fatal Error] :1:1: Premature end of file.
2025-08-07 02:20:36,470 [ERROR] LogOutputStream:75 - [STDERR_REDIRECT] 
2025-08-07 02:20:37,466 [ERROR] LogOutputStream:75 - [STDERR_REDIRECT] [Fatal Error] :1:1: Premature end of file.
2025-08-07 02:20:37,466 [ERROR] LogOutputStream:75 - [STDERR_REDIRECT] 
2025-08-07 02:20:38,459 [ERROR] LogOutputStream:75 - [STDERR_REDIRECT] [Fatal Error] :1:1: Premature end of file.
2025-08-07 02:20:38,459 [ERROR] LogOutputStream:75 - [STDERR_REDIRECT] 
2025-08-07 02:20:39,466 [ERROR] LogOutputStream:75 - [STDERR_REDIRECT] [Fatal Error] :1:1: Premature end of file.
2025-08-07 02:20:39,466 [ERROR] LogOutputStream:75 - [STDERR_REDIRECT] 
2025-08-07 02:20:40,459 [ERROR] LogOutputStream:75 - [STDERR_REDIRECT] [Fatal Error] :1:1: Premature end of file.
2025-08-07 02:20:40,459 [ERROR] LogOutputStream:75 - [STDERR_REDIRECT] 
2025-08-07 02:20:41,457 [ERROR] LogOutputStream:75 - [STDERR_REDIRECT] [Fatal Error] :1:1: Premature end of file.
2025-08-07 02:20:41,457 [ERROR] LogOutputStream:75 - [STDERR_REDIRECT] 
2025-08-07 02:20:42,463 [ERROR] LogOutputStream:75 - [STDERR_REDIRECT] [Fatal Error] :1:1: Premature end of file.
2025-08-07 02:20:42,463 [ERROR] LogOutputStream:75 - [STDERR_REDIRECT] 
2025-08-07 02:20:43,457 [ERROR] LogOutputStream:75 - [STDERR_REDIRECT] [Fatal Error] :1:1: Premature end of file.
2025-08-07 02:20:43,457 [ERROR] LogOutputStream:75 - [STDERR_REDIRECT] 
2025-08-07 02:20:44,471 [ERROR] LogOutputStream:75 - [STDERR_REDIRECT] [Fatal Error] :1:1: Premature end of file.
2025-08-07 02:20:44,471 [ERROR] LogOutputStream:75 - [STDERR_REDIRECT] 
2025-08-07 02:20:45,462 [ERROR] LogOutputStream:75 - [STDERR_REDIRECT] [Fatal Error] :1:1: Premature end of file.
2025-08-07 02:20:45,462 [ERROR] LogOutputStream:75 - [STDERR_REDIRECT] 
2025-08-07 02:20:46,459 [ERROR] LogOutputStream:75 - [STDERR_REDIRECT] [Fatal Error] :1:1: Premature end of file.
2025-08-07 02:20:46,459 [ERROR] LogOutputStream:75 - [STDERR_REDIRECT] 
2025-08-07 02:20:47,467 [ERROR] LogOutputStream:75 - [STDERR_REDIRECT] [Fatal Error] :1:1: Premature end of file.
2025-08-07 02:20:47,468 [ERROR] LogOutputStream:75 - [STDERR_REDIRECT] 
2025-08-07 02:20:48,471 [ERROR] LogOutputStream:75 - [STDERR_REDIRECT] [Fatal Error] :1:1: Premature end of file.
2025-08-07 02:20:48,472 [ERROR] LogOutputStream:75 - [STDERR_REDIRECT] 
2025-08-07 02:20:49,473 [ERROR] LogOutputStream:75 - [STDERR_REDIRECT] [Fatal Error] :1:1: Premature end of file.
2025-08-07 02:20:49,474 [ERROR] LogOutputStream:75 - [STDERR_REDIRECT] 
2025-08-07 02:20:50,462 [ERROR] LogOutputStream:75 - [STDERR_REDIRECT] [Fatal Error] :1:1: Premature end of file.
2025-08-07 02:20:50,462 [ERROR] LogOutputStream:75 - [STDERR_REDIRECT] 
2025-08-07 02:20:51,466 [ERROR] LogOutputStream:75 - [STDERR_REDIRECT] [Fatal Error] :1:1: Premature end of file.
2025-08-07 02:20:51,466 [ERROR] LogOutputStream:75 - [STDERR_REDIRECT] 
2025-08-07 02:20:52,473 [ERROR] LogOutputStream:75 - [STDERR_REDIRECT] [Fatal Error] :1:1: Premature end of file.
2025-08-07 02:20:52,473 [ERROR] LogOutputStream:75 - [STDERR_REDIRECT] 
2025-08-07 02:20:53,474 [ERROR] LogOutputStream:75 - [STDERR_REDIRECT] [Fatal Error] :1:1: Premature end of file.
2025-08-07 02:20:53,474 [ERROR] LogOutputStream:75 - [STDERR_REDIRECT] 
2025-08-07 02:20:54,475 [ERROR] LogOutputStream:75 - [STDERR_REDIRECT] [Fatal Error] :1:1: Premature end of file.
2025-08-07 02:20:54,475 [ERROR] LogOutputStream:75 - [STDERR_REDIRECT] 
2025-08-07 02:20:55,467 [ERROR] LogOutputStream:75 - [STDERR_REDIRECT] [Fatal Error] :1:1: Premature end of file.
2025-08-07 02:20:55,467 [ERROR] LogOutputStream:75 - [STDERR_REDIRECT] 
2025-08-07 02:20:56,458 [ERROR] LogOutputStream:75 - [STDERR_REDIRECT] [Fatal Error] :1:1: Premature end of file.
2025-08-07 02:20:56,458 [ERROR] LogOutputStream:75 - [STDERR_REDIRECT] 
2025-08-07 02:20:57,459 [ERROR] LogOutputStream:75 - [STDERR_REDIRECT] [Fatal Error] :1:1: Premature end of file.
2025-08-07 02:20:57,459 [ERROR] LogOutputStream:75 - [STDERR_REDIRECT] 
2025-08-07 02:20:58,476 [ERROR] LogOutputStream:75 - [STDERR_REDIRECT] [Fatal Error] :1:1: Premature end of file.
2025-08-07 02:20:58,476 [ERROR] LogOutputStream:75 - [STDERR_REDIRECT] 
2025-08-07 02:20:59,468 [ERROR] LogOutputStream:75 - [STDERR_REDIRECT] [Fatal Error] :1:1: Premature end of file.
2025-08-07 02:20:59,468 [ERROR] LogOutputStream:75 - [STDERR_REDIRECT] 
2025-08-07 02:21:00,457 [ERROR] LogOutputStream:75 - [STDERR_REDIRECT] [Fatal Error] :1:1: Premature end of file.
2025-08-07 02:21:00,458 [ERROR] LogOutputStream:75 - [STDERR_REDIRECT] 
2025-08-07 02:21:01,463 [ERROR] LogOutputStream:75 - [STDERR_REDIRECT] [Fatal Error] :1:1: Premature end of file.
2025-08-07 02:21:01,463 [ERROR] LogOutputStream:75 - [STDERR_REDIRECT] 
2025-08-07 02:21:02,475 [ERROR] LogOutputStream:75 - [STDERR_REDIRECT] [Fatal Error] :1:1: Premature end of file.
2025-08-07 02:21:02,475 [ERROR] LogOutputStream:75 - [STDERR_REDIRECT] 
2025-08-07 02:21:03,462 [ERROR] LogOutputStream:75 - [STDERR_REDIRECT] [Fatal Error] :1:1: Premature end of file.
2025-08-07 02:21:03,462 [ERROR] LogOutputStream:75 - [STDERR_REDIRECT] 
2025-08-07 02:21:04,455 [ERROR] LogOutputStream:75 - [STDERR_REDIRECT] [Fatal Error] :1:1: Premature end of file.
2025-08-07 02:21:04,455 [ERROR] LogOutputStream:75 - [STDERR_REDIRECT] 
2025-08-07 02:21:05,462 [ERROR] LogOutputStream:75 - [STDERR_REDIRECT] [Fatal Error] :1:1: Premature end of file.
2025-08-07 02:21:05,462 [ERROR] LogOutputStream:75 - [STDERR_REDIRECT] 
2025-08-07 02:21:06,467 [ERROR] LogOutputStream:75 - [STDERR_REDIRECT] [Fatal Error] :1:1: Premature end of file.
2025-08-07 02:21:06,467 [ERROR] LogOutputStream:75 - [STDERR_REDIRECT] 
2025-08-07 02:21:07,463 [ERROR] LogOutputStream:75 - [STDERR_REDIRECT] [Fatal Error] :1:1: Premature end of file.
2025-08-07 02:21:07,463 [ERROR] LogOutputStream:75 - [STDERR_REDIRECT] 
2025-08-07 02:21:08,459 [ERROR] LogOutputStream:75 - [STDERR_REDIRECT] [Fatal Error] :1:1: Premature end of file.
2025-08-07 02:21:08,459 [ERROR] LogOutputStream:75 - [STDERR_REDIRECT] 
2025-08-07 02:21:09,466 [ERROR] LogOutputStream:75 - [STDERR_REDIRECT] [Fatal Error] :1:1: Premature end of file.
2025-08-07 02:21:09,466 [ERROR] LogOutputStream:75 - [STDERR_REDIRECT] 
2025-08-07 02:21:10,462 [ERROR] LogOutputStream:75 - [STDERR_REDIRECT] [Fatal Error] :1:1: Premature end of file.
2025-08-07 02:21:10,462 [ERROR] LogOutputStream:75 - [STDERR_REDIRECT] 
2025-08-07 02:21:11,463 [ERROR] LogOutputStream:75 - [STDERR_REDIRECT] [Fatal Error] :1:1: Premature end of file.
2025-08-07 02:21:11,463 [ERROR] LogOutputStream:75 - [STDERR_REDIRECT] 
2025-08-07 02:21:12,466 [ERROR] LogOutputStream:75 - [STDERR_REDIRECT] [Fatal Error] :1:1: Premature end of file.
2025-08-07 02:21:12,467 [ERROR] LogOutputStream:75 - [STDERR_REDIRECT] 
2025-08-07 02:21:13,465 [ERROR] LogOutputStream:75 - [STDERR_REDIRECT] [Fatal Error] :1:1: Premature end of file.
2025-08-07 02:21:13,466 [ERROR] LogOutputStream:75 - [STDERR_REDIRECT] 
2025-08-07 02:21:14,475 [ERROR] LogOutputStream:75 - [STDERR_REDIRECT] [Fatal Error] :1:1: Premature end of file.
2025-08-07 02:21:14,476 [ERROR] LogOutputStream:75 - [STDERR_REDIRECT] 
2025-08-07 02:21:15,481 [ERROR] LogOutputStream:75 - [STDERR_REDIRECT] [Fatal Error] :1:1: Premature end of file.
2025-08-07 02:21:15,481 [ERROR] LogOutputStream:75 - [STDERR_REDIRECT] 
2025-08-07 02:21:16,478 [ERROR] LogOutputStream:75 - [STDERR_REDIRECT] [Fatal Error] :1:1: Premature end of file.
2025-08-07 02:21:16,478 [ERROR] LogOutputStream:75 - [STDERR_REDIRECT] 
2025-08-07 02:21:17,465 [ERROR] LogOutputStream:75 - [STDERR_REDIRECT] [Fatal Error] :1:1: Premature end of file.
2025-08-07 02:21:17,465 [ERROR] LogOutputStream:75 - [STDERR_REDIRECT] 
2025-08-07 02:21:18,462 [ERROR] LogOutputStream:75 - [STDERR_REDIRECT] [Fatal Error] :1:1: Premature end of file.
2025-08-07 02:21:18,462 [ERROR] LogOutputStream:75 - [STDERR_REDIRECT] 
2025-08-07 02:21:19,474 [ERROR] LogOutputStream:75 - [STDERR_REDIRECT] [Fatal Error] :1:1: Premature end of file.
2025-08-07 02:21:19,474 [ERROR] LogOutputStream:75 - [STDERR_REDIRECT] 
2025-08-07 02:21:20,465 [ERROR] LogOutputStream:75 - [STDERR_REDIRECT] [Fatal Error] :1:1: Premature end of file.
2025-08-07 02:21:20,465 [ERROR] LogOutputStream:75 - [STDERR_REDIRECT] 
2025-08-07 02:21:21,479 [ERROR] LogOutputStream:75 - [STDERR_REDIRECT] [Fatal Error] :1:1: Premature end of file.
2025-08-07 02:21:21,479 [ERROR] LogOutputStream:75 - [STDERR_REDIRECT] 
2025-08-07 02:21:22,469 [ERROR] LogOutputStream:75 - [STDERR_REDIRECT] [Fatal Error] :1:1: Premature end of file.
2025-08-07 02:21:22,469 [ERROR] LogOutputStream:75 - [STDERR_REDIRECT] 
2025-08-07 02:21:23,463 [ERROR] LogOutputStream:75 - [STDERR_REDIRECT] [Fatal Error] :1:1: Premature end of file.
2025-08-07 02:21:23,463 [ERROR] LogOutputStream:75 - [STDERR_REDIRECT] 
2025-08-07 02:21:24,472 [ERROR] LogOutputStream:75 - [STDERR_REDIRECT] [Fatal Error] :1:1: Premature end of file.
2025-08-07 02:21:24,472 [ERROR] LogOutputStream:75 - [STDERR_REDIRECT] 
2025-08-07 02:21:25,464 [ERROR] LogOutputStream:75 - [STDERR_REDIRECT] [Fatal Error] :1:1: Premature end of file.
2025-08-07 02:21:25,464 [ERROR] LogOutputStream:75 - [STDERR_REDIRECT] 
2025-08-07 02:21:26,468 [ERROR] LogOutputStream:75 - [STDERR_REDIRECT] [Fatal Error] :1:1: Premature end of file.
2025-08-07 02:21:26,468 [ERROR] LogOutputStream:75 - [STDERR_REDIRECT] 
2025-08-07 02:21:27,465 [ERROR] LogOutputStream:75 - [STDERR_REDIRECT] [Fatal Error] :1:1: Premature end of file.
2025-08-07 02:21:27,465 [ERROR] LogOutputStream:75 - [STDERR_REDIRECT] 
2025-08-07 02:21:28,466 [ERROR] LogOutputStream:75 - [STDERR_REDIRECT] [Fatal Error] :1:1: Premature end of file.
2025-08-07 02:21:28,466 [ERROR] LogOutputStream:75 - [STDERR_REDIRECT] 
2025-08-07 02:21:29,458 [ERROR] LogOutputStream:75 - [STDERR_REDIRECT] [Fatal Error] :1:1: Premature end of file.
2025-08-07 02:21:29,458 [ERROR] LogOutputStream:75 - [STDERR_REDIRECT] 
2025-08-07 02:21:30,462 [ERROR] LogOutputStream:75 - [STDERR_REDIRECT] [Fatal Error] :1:1: Premature end of file.
2025-08-07 02:21:30,462 [ERROR] LogOutputStream:75 - [STDERR_REDIRECT] 
2025-08-07 02:21:31,464 [ERROR] LogOutputStream:75 - [STDERR_REDIRECT] [Fatal Error] :1:1: Premature end of file.
2025-08-07 02:21:31,464 [ERROR] LogOutputStream:75 - [STDERR_REDIRECT] 
2025-08-07 02:21:32,473 [ERROR] LogOutputStream:75 - [STDERR_REDIRECT] [Fatal Error] :1:1: Premature end of file.
2025-08-07 02:21:32,474 [ERROR] LogOutputStream:75 - [STDERR_REDIRECT] 
2025-08-07 02:21:33,467 [ERROR] LogOutputStream:75 - [STDERR_REDIRECT] [Fatal Error] :1:1: Premature end of file.
2025-08-07 02:21:33,467 [ERROR] LogOutputStream:75 - [STDERR_REDIRECT] 
2025-08-07 02:21:34,466 [ERROR] LogOutputStream:75 - [STDERR_REDIRECT] [Fatal Error] :1:1: Premature end of file.
2025-08-07 02:21:34,466 [ERROR] LogOutputStream:75 - [STDERR_REDIRECT] 
2025-08-07 02:21:35,470 [ERROR] LogOutputStream:75 - [STDERR_REDIRECT] [Fatal Error] :1:1: Premature end of file.
2025-08-07 02:21:35,470 [ERROR] LogOutputStream:75 - [STDERR_REDIRECT] 
2025-08-07 02:21:36,472 [ERROR] LogOutputStream:75 - [STDERR_REDIRECT] [Fatal Error] :1:1: Premature end of file.
2025-08-07 02:21:36,473 [ERROR] LogOutputStream:75 - [STDERR_REDIRECT] 
2025-08-07 02:21:37,484 [ERROR] LogOutputStream:75 - [STDERR_REDIRECT] [Fatal Error] :1:1: Premature end of file.
2025-08-07 02:21:37,484 [ERROR] LogOutputStream:75 - [STDERR_REDIRECT] 
2025-08-07 02:21:38,465 [ERROR] LogOutputStream:75 - [STDERR_REDIRECT] [Fatal Error] :1:1: Premature end of file.
2025-08-07 02:21:38,465 [ERROR] LogOutputStream:75 - [STDERR_REDIRECT] 
2025-08-07 02:21:39,459 [ERROR] LogOutputStream:75 - [STDERR_REDIRECT] [Fatal Error] :1:1: Premature end of file.
2025-08-07 02:21:39,459 [ERROR] LogOutputStream:75 - [STDERR_REDIRECT] 
2025-08-07 02:21:40,457 [ERROR] LogOutputStream:75 - [STDERR_REDIRECT] [Fatal Error] :1:1: Premature end of file.
2025-08-07 02:21:40,457 [ERROR] LogOutputStream:75 - [STDERR_REDIRECT] 
2025-08-07 02:21:41,467 [ERROR] LogOutputStream:75 - [STDERR_REDIRECT] [Fatal Error] :1:1: Premature end of file.
2025-08-07 02:21:41,467 [ERROR] LogOutputStream:75 - [STDERR_REDIRECT] 
2025-08-07 02:21:42,465 [ERROR] LogOutputStream:75 - [STDERR_REDIRECT] [Fatal Error] :1:1: Premature end of file.
2025-08-07 02:21:42,465 [ERROR] LogOutputStream:75 - [STDERR_REDIRECT] 
2025-08-07 02:21:43,459 [ERROR] LogOutputStream:75 - [STDERR_REDIRECT] [Fatal Error] :1:1: Premature end of file.
2025-08-07 02:21:43,459 [ERROR] LogOutputStream:75 - [STDERR_REDIRECT] 
2025-08-07 02:21:44,460 [ERROR] LogOutputStream:75 - [STDERR_REDIRECT] [Fatal Error] :1:1: Premature end of file.
2025-08-07 02:21:44,460 [ERROR] LogOutputStream:75 - [STDERR_REDIRECT] 
2025-08-07 02:21:45,468 [ERROR] LogOutputStream:75 - [STDERR_REDIRECT] [Fatal Error] :1:1: Premature end of file.
2025-08-07 02:21:45,468 [ERROR] LogOutputStream:75 - [STDERR_REDIRECT] 
2025-08-07 02:21:46,465 [ERROR] LogOutputStream:75 - [STDERR_REDIRECT] [Fatal Error] :1:1: Premature end of file.
2025-08-07 02:21:46,466 [ERROR] LogOutputStream:75 - [STDERR_REDIRECT] 
2025-08-07 02:21:47,467 [ERROR] LogOutputStream:75 - [STDERR_REDIRECT] [Fatal Error] :1:1: Premature end of file.
2025-08-07 02:21:47,467 [ERROR] LogOutputStream:75 - [STDERR_REDIRECT] 
2025-08-07 02:21:48,467 [ERROR] LogOutputStream:75 - [STDERR_REDIRECT] [Fatal Error] :1:1: Premature end of file.
2025-08-07 02:21:48,467 [ERROR] LogOutputStream:75 - [STDERR_REDIRECT] 
2025-08-07 02:21:49,462 [ERROR] LogOutputStream:75 - [STDERR_REDIRECT] [Fatal Error] :1:1: Premature end of file.
2025-08-07 02:21:49,463 [ERROR] LogOutputStream:75 - [STDERR_REDIRECT] 
2025-08-07 02:21:50,470 [ERROR] LogOutputStream:75 - [STDERR_REDIRECT] [Fatal Error] :1:1: Premature end of file.
2025-08-07 02:21:50,470 [ERROR] LogOutputStream:75 - [STDERR_REDIRECT] 
2025-08-07 02:21:51,484 [ERROR] LogOutputStream:75 - [STDERR_REDIRECT] [Fatal Error] :1:1: Premature end of file.
2025-08-07 02:21:51,485 [ERROR] LogOutputStream:75 - [STDERR_REDIRECT] 
2025-08-07 02:21:52,462 [ERROR] LogOutputStream:75 - [STDERR_REDIRECT] [Fatal Error] :1:1: Premature end of file.
2025-08-07 02:21:52,462 [ERROR] LogOutputStream:75 - [STDERR_REDIRECT] 
2025-08-07 02:21:53,466 [ERROR] LogOutputStream:75 - [STDERR_REDIRECT] [Fatal Error] :1:1: Premature end of file.
2025-08-07 02:21:53,466 [ERROR] LogOutputStream:75 - [STDERR_REDIRECT] 
2025-08-07 02:21:54,459 [ERROR] LogOutputStream:75 - [STDERR_REDIRECT] [Fatal Error] :1:1: Premature end of file.
2025-08-07 02:21:54,460 [ERROR] LogOutputStream:75 - [STDERR_REDIRECT] 
2025-08-07 02:21:55,466 [ERROR] LogOutputStream:75 - [STDERR_REDIRECT] [Fatal Error] :1:1: Premature end of file.
2025-08-07 02:21:55,466 [ERROR] LogOutputStream:75 - [STDERR_REDIRECT] 
2025-08-07 02:21:56,458 [ERROR] LogOutputStream:75 - [STDERR_REDIRECT] [Fatal Error] :1:1: Premature end of file.
2025-08-07 02:21:56,458 [ERROR] LogOutputStream:75 - [STDERR_REDIRECT] 
2025-08-07 02:21:57,467 [ERROR] LogOutputStream:75 - [STDERR_REDIRECT] [Fatal Error] :1:1: Premature end of file.
2025-08-07 02:21:57,467 [ERROR] LogOutputStream:75 - [STDERR_REDIRECT] 
2025-08-07 02:21:58,460 [ERROR] LogOutputStream:75 - [STDERR_REDIRECT] [Fatal Error] :1:1: Premature end of file.
2025-08-07 02:21:58,460 [ERROR] LogOutputStream:75 - [STDERR_REDIRECT] 
2025-08-07 02:21:59,466 [ERROR] LogOutputStream:75 - [STDERR_REDIRECT] [Fatal Error] :1:1: Premature end of file.
2025-08-07 02:21:59,466 [ERROR] LogOutputStream:75 - [STDERR_REDIRECT] 
2025-08-07 02:22:00,458 [ERROR] LogOutputStream:75 - [STDERR_REDIRECT] [Fatal Error] :1:1: Premature end of file.
2025-08-07 02:22:00,458 [ERROR] LogOutputStream:75 - [STDERR_REDIRECT] 
2025-08-07 02:22:01,465 [ERROR] LogOutputStream:75 - [STDERR_REDIRECT] [Fatal Error] :1:1: Premature end of file.
2025-08-07 02:22:01,465 [ERROR] LogOutputStream:75 - [STDERR_REDIRECT] 
2025-08-07 02:22:02,457 [ERROR] LogOutputStream:75 - [STDERR_REDIRECT] [Fatal Error] :1:1: Premature end of file.
2025-08-07 02:22:02,457 [ERROR] LogOutputStream:75 - [STDERR_REDIRECT] 
2025-08-07 02:22:03,463 [ERROR] LogOutputStream:75 - [STDERR_REDIRECT] [Fatal Error] :1:1: Premature end of file.
2025-08-07 02:22:03,463 [ERROR] LogOutputStream:75 - [STDERR_REDIRECT] 
2025-08-07 02:22:04,468 [ERROR] LogOutputStream:75 - [STDERR_REDIRECT] [Fatal Error] :1:1: Premature end of file.
2025-08-07 02:22:04,468 [ERROR] LogOutputStream:75 - [STDERR_REDIRECT] 
2025-08-07 02:22:05,465 [ERROR] LogOutputStream:75 - [STDERR_REDIRECT] [Fatal Error] :1:1: Premature end of file.
2025-08-07 02:22:05,465 [ERROR] LogOutputStream:75 - [STDERR_REDIRECT] 
2025-08-07 02:22:06,456 [ERROR] LogOutputStream:75 - [STDERR_REDIRECT] [Fatal Error] :1:1: Premature end of file.
2025-08-07 02:22:06,457 [ERROR] LogOutputStream:75 - [STDERR_REDIRECT] 
2025-08-07 02:22:07,467 [ERROR] LogOutputStream:75 - [STDERR_REDIRECT] [Fatal Error] :1:1: Premature end of file.
2025-08-07 02:22:07,467 [ERROR] LogOutputStream:75 - [STDERR_REDIRECT] 
2025-08-07 02:22:08,461 [ERROR] LogOutputStream:75 - [STDERR_REDIRECT] [Fatal Error] :1:1: Premature end of file.
2025-08-07 02:22:08,461 [ERROR] LogOutputStream:75 - [STDERR_REDIRECT] 
2025-08-07 02:22:09,463 [ERROR] LogOutputStream:75 - [STDERR_REDIRECT] [Fatal Error] :1:1: Premature end of file.
2025-08-07 02:22:09,463 [ERROR] LogOutputStream:75 - [STDERR_REDIRECT] 
2025-08-07 02:22:10,457 [ERROR] LogOutputStream:75 - [STDERR_REDIRECT] [Fatal Error] :1:1: Premature end of file.
2025-08-07 02:22:10,457 [ERROR] LogOutputStream:75 - [STDERR_REDIRECT] 
2025-08-07 02:22:11,461 [ERROR] LogOutputStream:75 - [STDERR_REDIRECT] [Fatal Error] :1:1: Premature end of file.
2025-08-07 02:22:11,461 [ERROR] LogOutputStream:75 - [STDERR_REDIRECT] 
2025-08-07 02:22:12,467 [ERROR] LogOutputStream:75 - [STDERR_REDIRECT] [Fatal Error] :1:1: Premature end of file.
2025-08-07 02:22:12,467 [ERROR] LogOutputStream:75 - [STDERR_REDIRECT] 
2025-08-07 02:22:13,465 [ERROR] LogOutputStream:75 - [STDERR_REDIRECT] [Fatal Error] :1:1: Premature end of file.
2025-08-07 02:22:13,466 [ERROR] LogOutputStream:75 - [STDERR_REDIRECT] 
2025-08-07 02:22:14,458 [ERROR] LogOutputStream:75 - [STDERR_REDIRECT] [Fatal Error] :1:1: Premature end of file.
2025-08-07 02:22:14,458 [ERROR] LogOutputStream:75 - [STDERR_REDIRECT] 
2025-08-07 02:22:15,464 [ERROR] LogOutputStream:75 - [STDERR_REDIRECT] [Fatal Error] :1:1: Premature end of file.
2025-08-07 02:22:15,464 [ERROR] LogOutputStream:75 - [STDERR_REDIRECT] 
2025-08-07 02:22:16,469 [ERROR] LogOutputStream:75 - [STDERR_REDIRECT] [Fatal Error] :1:1: Premature end of file.
2025-08-07 02:22:16,469 [ERROR] LogOutputStream:75 - [STDERR_REDIRECT] 
2025-08-07 02:22:17,478 [ERROR] LogOutputStream:75 - [STDERR_REDIRECT] [Fatal Error] :1:1: Premature end of file.
2025-08-07 02:22:17,479 [ERROR] LogOutputStream:75 - [STDERR_REDIRECT] 
2025-08-07 02:22:18,467 [ERROR] LogOutputStream:75 - [STDERR_REDIRECT] [Fatal Error] :1:1: Premature end of file.
2025-08-07 02:22:18,467 [ERROR] LogOutputStream:75 - [STDERR_REDIRECT] 
2025-08-07 02:22:19,458 [ERROR] LogOutputStream:75 - [STDERR_REDIRECT] [Fatal Error] :1:1: Premature end of file.
2025-08-07 02:22:19,458 [ERROR] LogOutputStream:75 - [STDERR_REDIRECT] 
2025-08-07 02:22:20,459 [ERROR] LogOutputStream:75 - [STDERR_REDIRECT] [Fatal Error] :1:1: Premature end of file.
2025-08-07 02:22:20,459 [ERROR] LogOutputStream:75 - [STDERR_REDIRECT] 
2025-08-07 02:22:21,469 [ERROR] LogOutputStream:75 - [STDERR_REDIRECT] [Fatal Error] :1:1: Premature end of file.
2025-08-07 02:22:21,469 [ERROR] LogOutputStream:75 - [STDERR_REDIRECT] 
2025-08-07 02:22:22,457 [ERROR] LogOutputStream:75 - [STDERR_REDIRECT] [Fatal Error] :1:1: Premature end of file.
2025-08-07 02:22:22,457 [ERROR] LogOutputStream:75 - [STDERR_REDIRECT] 
2025-08-07 02:22:23,466 [ERROR] LogOutputStream:75 - [STDERR_REDIRECT] [Fatal Error] :1:1: Premature end of file.
2025-08-07 02:22:23,466 [ERROR] LogOutputStream:75 - [STDERR_REDIRECT] 
2025-08-07 02:22:24,461 [ERROR] LogOutputStream:75 - [STDERR_REDIRECT] [Fatal Error] :1:1: Premature end of file.
2025-08-07 02:22:24,461 [ERROR] LogOutputStream:75 - [STDERR_REDIRECT] 
2025-08-07 02:22:25,469 [ERROR] LogOutputStream:75 - [STDERR_REDIRECT] [Fatal Error] :1:1: Premature end of file.
2025-08-07 02:22:25,470 [ERROR] LogOutputStream:75 - [STDERR_REDIRECT] 
2025-08-07 02:22:26,462 [ERROR] LogOutputStream:75 - [STDERR_REDIRECT] [Fatal Error] :1:1: Premature end of file.
2025-08-07 02:22:26,462 [ERROR] LogOutputStream:75 - [STDERR_REDIRECT] 
2025-08-07 02:22:27,461 [ERROR] LogOutputStream:75 - [STDERR_REDIRECT] [Fatal Error] :1:1: Premature end of file.
2025-08-07 02:22:27,461 [ERROR] LogOutputStream:75 - [STDERR_REDIRECT] 
2025-08-07 02:22:28,458 [ERROR] LogOutputStream:75 - [STDERR_REDIRECT] [Fatal Error] :1:1: Premature end of file.
2025-08-07 02:22:28,458 [ERROR] LogOutputStream:75 - [STDERR_REDIRECT] 
2025-08-07 02:22:29,456 [ERROR] LogOutputStream:75 - [STDERR_REDIRECT] [Fatal Error] :1:1: Premature end of file.
2025-08-07 02:22:29,456 [ERROR] LogOutputStream:75 - [STDERR_REDIRECT] 
2025-08-07 02:22:30,464 [ERROR] LogOutputStream:75 - [STDERR_REDIRECT] [Fatal Error] :1:1: Premature end of file.
2025-08-07 02:22:30,464 [ERROR] LogOutputStream:75 - [STDERR_REDIRECT] 
2025-08-07 02:22:31,463 [ERROR] LogOutputStream:75 - [STDERR_REDIRECT] [Fatal Error] :1:1: Premature end of file.
2025-08-07 02:22:31,463 [ERROR] LogOutputStream:75 - [STDERR_REDIRECT] 
2025-08-07 02:22:32,460 [ERROR] LogOutputStream:75 - [STDERR_REDIRECT] [Fatal Error] :1:1: Premature end of file.
2025-08-07 02:22:32,460 [ERROR] LogOutputStream:75 - [STDERR_REDIRECT] 
2025-08-07 02:22:33,466 [ERROR] LogOutputStream:75 - [STDERR_REDIRECT] [Fatal Error] :1:1: Premature end of file.
2025-08-07 02:22:33,466 [ERROR] LogOutputStream:75 - [STDERR_REDIRECT] 
2025-08-07 02:22:34,461 [ERROR] LogOutputStream:75 - [STDERR_REDIRECT] [Fatal Error] :1:1: Premature end of file.
2025-08-07 02:22:34,462 [ERROR] LogOutputStream:75 - [STDERR_REDIRECT] 
2025-08-07 02:22:35,455 [ERROR] LogOutputStream:75 - [STDERR_REDIRECT] [Fatal Error] :1:1: Premature end of file.
2025-08-07 02:22:35,456 [ERROR] LogOutputStream:75 - [STDERR_REDIRECT] 
2025-08-07 02:22:36,459 [ERROR] LogOutputStream:75 - [STDERR_REDIRECT] [Fatal Error] :1:1: Premature end of file.
2025-08-07 02:22:36,461 [ERROR] LogOutputStream:75 - [STDERR_REDIRECT] 
2025-08-07 02:22:37,462 [ERROR] LogOutputStream:75 - [STDERR_REDIRECT] [Fatal Error] :1:1: Premature end of file.
2025-08-07 02:22:37,463 [ERROR] LogOutputStream:75 - [STDERR_REDIRECT] 
2025-08-07 02:22:38,461 [ERROR] LogOutputStream:75 - [STDERR_REDIRECT] [Fatal Error] :1:1: Premature end of file.
2025-08-07 02:22:38,462 [ERROR] LogOutputStream:75 - [STDERR_REDIRECT] 
2025-08-07 02:22:39,467 [ERROR] LogOutputStream:75 - [STDERR_REDIRECT] [Fatal Error] :1:1: Premature end of file.
2025-08-07 02:22:39,467 [ERROR] LogOutputStream:75 - [STDERR_REDIRECT] 
2025-08-07 02:22:40,467 [ERROR] LogOutputStream:75 - [STDERR_REDIRECT] [Fatal Error] :1:1: Premature end of file.
2025-08-07 02:22:40,467 [ERROR] LogOutputStream:75 - [STDERR_REDIRECT] 
2025-08-07 02:22:41,468 [ERROR] LogOutputStream:75 - [STDERR_REDIRECT] [Fatal Error] :1:1: Premature end of file.
2025-08-07 02:22:41,468 [ERROR] LogOutputStream:75 - [STDERR_REDIRECT] 
2025-08-07 02:22:42,462 [ERROR] LogOutputStream:75 - [STDERR_REDIRECT] [Fatal Error] :1:1: Premature end of file.
2025-08-07 02:22:42,462 [ERROR] LogOutputStream:75 - [STDERR_REDIRECT] 
2025-08-07 02:22:43,456 [ERROR] LogOutputStream:75 - [STDERR_REDIRECT] [Fatal Error] :1:1: Premature end of file.
2025-08-07 02:22:43,456 [ERROR] LogOutputStream:75 - [STDERR_REDIRECT] 
2025-08-07 02:22:44,467 [ERROR] LogOutputStream:75 - [STDERR_REDIRECT] [Fatal Error] :1:1: Premature end of file.
2025-08-07 02:22:44,467 [ERROR] LogOutputStream:75 - [STDERR_REDIRECT] 
2025-08-07 02:22:45,459 [ERROR] LogOutputStream:75 - [STDERR_REDIRECT] [Fatal Error] :1:1: Premature end of file.
2025-08-07 02:22:45,459 [ERROR] LogOutputStream:75 - [STDERR_REDIRECT] 
2025-08-07 02:22:46,461 [ERROR] LogOutputStream:75 - [STDERR_REDIRECT] [Fatal Error] :1:1: Premature end of file.
2025-08-07 02:22:46,461 [ERROR] LogOutputStream:75 - [STDERR_REDIRECT] 
2025-08-07 02:22:47,465 [ERROR] LogOutputStream:75 - [STDERR_REDIRECT] [Fatal Error] :1:1: Premature end of file.
2025-08-07 02:22:47,466 [ERROR] LogOutputStream:75 - [STDERR_REDIRECT] 
2025-08-07 02:22:48,461 [ERROR] LogOutputStream:75 - [STDERR_REDIRECT] [Fatal Error] :1:1: Premature end of file.
2025-08-07 02:22:48,461 [ERROR] LogOutputStream:75 - [STDERR_REDIRECT] 
2025-08-07 02:22:49,462 [ERROR] LogOutputStream:75 - [STDERR_REDIRECT] [Fatal Error] :1:1: Premature end of file.
2025-08-07 02:22:49,462 [ERROR] LogOutputStream:75 - [STDERR_REDIRECT] 
2025-08-07 02:22:50,467 [ERROR] LogOutputStream:75 - [STDERR_REDIRECT] [Fatal Error] :1:1: Premature end of file.
2025-08-07 02:22:50,467 [ERROR] LogOutputStream:75 - [STDERR_REDIRECT] 
2025-08-07 02:22:51,460 [ERROR] LogOutputStream:75 - [STDERR_REDIRECT] [Fatal Error] :1:1: Premature end of file.
2025-08-07 02:22:51,460 [ERROR] LogOutputStream:75 - [STDERR_REDIRECT] 
2025-08-07 02:22:52,475 [ERROR] LogOutputStream:75 - [STDERR_REDIRECT] [Fatal Error] :1:1: Premature end of file.
2025-08-07 02:22:52,476 [ERROR] LogOutputStream:75 - [STDERR_REDIRECT] 
2025-08-07 02:22:53,474 [ERROR] LogOutputStream:75 - [STDERR_REDIRECT] [Fatal Error] :1:1: Premature end of file.
2025-08-07 02:22:53,474 [ERROR] LogOutputStream:75 - [STDERR_REDIRECT] 
2025-08-07 02:22:54,480 [ERROR] LogOutputStream:75 - [STDERR_REDIRECT] [Fatal Error] :1:1: Premature end of file.
2025-08-07 02:22:54,480 [ERROR] LogOutputStream:75 - [STDERR_REDIRECT] 
2025-08-07 02:22:55,468 [ERROR] LogOutputStream:75 - [STDERR_REDIRECT] [Fatal Error] :1:1: Premature end of file.
2025-08-07 02:22:55,468 [ERROR] LogOutputStream:75 - [STDERR_REDIRECT] 
2025-08-07 02:22:56,455 [ERROR] LogOutputStream:75 - [STDERR_REDIRECT] [Fatal Error] :1:1: Premature end of file.
2025-08-07 02:22:56,455 [ERROR] LogOutputStream:75 - [STDERR_REDIRECT] 
2025-08-07 02:22:57,465 [ERROR] LogOutputStream:75 - [STDERR_REDIRECT] [Fatal Error] :1:1: Premature end of file.
2025-08-07 02:22:57,465 [ERROR] LogOutputStream:75 - [STDERR_REDIRECT] 
2025-08-07 02:22:58,459 [ERROR] LogOutputStream:75 - [STDERR_REDIRECT] [Fatal Error] :1:1: Premature end of file.
2025-08-07 02:22:58,459 [ERROR] LogOutputStream:75 - [STDERR_REDIRECT] 
2025-08-07 02:22:59,465 [ERROR] LogOutputStream:75 - [STDERR_REDIRECT] [Fatal Error] :1:1: Premature end of file.
2025-08-07 02:22:59,465 [ERROR] LogOutputStream:75 - [STDERR_REDIRECT] 
2025-08-07 02:23:00,468 [ERROR] LogOutputStream:75 - [STDERR_REDIRECT] [Fatal Error] :1:1: Premature end of file.
2025-08-07 02:23:00,468 [ERROR] LogOutputStream:75 - [STDERR_REDIRECT] 
2025-08-07 02:23:01,458 [ERROR] LogOutputStream:75 - [STDERR_REDIRECT] [Fatal Error] :1:1: Premature end of file.
2025-08-07 02:23:01,458 [ERROR] LogOutputStream:75 - [STDERR_REDIRECT] 
2025-08-07 02:23:02,467 [ERROR] LogOutputStream:75 - [STDERR_REDIRECT] [Fatal Error] :1:1: Premature end of file.
2025-08-07 02:23:02,467 [ERROR] LogOutputStream:75 - [STDERR_REDIRECT] 
2025-08-07 02:23:03,466 [ERROR] LogOutputStream:75 - [STDERR_REDIRECT] [Fatal Error] :1:1: Premature end of file.
2025-08-07 02:23:03,466 [ERROR] LogOutputStream:75 - [STDERR_REDIRECT] 
2025-08-07 02:23:04,461 [ERROR] LogOutputStream:75 - [STDERR_REDIRECT] [Fatal Error] :1:1: Premature end of file.
2025-08-07 02:23:04,461 [ERROR] LogOutputStream:75 - [STDERR_REDIRECT] 
2025-08-07 02:23:05,465 [ERROR] LogOutputStream:75 - [STDERR_REDIRECT] [Fatal Error] :1:1: Premature end of file.
2025-08-07 02:23:05,466 [ERROR] LogOutputStream:75 - [STDERR_REDIRECT] 
2025-08-07 02:23:06,465 [ERROR] LogOutputStream:75 - [STDERR_REDIRECT] [Fatal Error] :1:1: Premature end of file.
2025-08-07 02:23:06,465 [ERROR] LogOutputStream:75 - [STDERR_REDIRECT] 
2025-08-07 02:23:07,464 [ERROR] LogOutputStream:75 - [STDERR_REDIRECT] [Fatal Error] :1:1: Premature end of file.
2025-08-07 02:23:07,464 [ERROR] LogOutputStream:75 - [STDERR_REDIRECT] 
2025-08-07 02:23:08,454 [ERROR] LogOutputStream:75 - [STDERR_REDIRECT] [Fatal Error] :1:1: Premature end of file.
2025-08-07 02:23:08,454 [ERROR] LogOutputStream:75 - [STDERR_REDIRECT] 
2025-08-07 02:23:09,464 [ERROR] LogOutputStream:75 - [STDERR_REDIRECT] [Fatal Error] :1:1: Premature end of file.
2025-08-07 02:23:09,464 [ERROR] LogOutputStream:75 - [STDERR_REDIRECT] 
2025-08-07 02:23:10,454 [ERROR] LogOutputStream:75 - [STDERR_REDIRECT] [Fatal Error] :1:1: Premature end of file.
2025-08-07 02:23:10,455 [ERROR] LogOutputStream:75 - [STDERR_REDIRECT] 
2025-08-07 02:23:11,459 [ERROR] LogOutputStream:75 - [STDERR_REDIRECT] [Fatal Error] :1:1: Premature end of file.
2025-08-07 02:23:11,461 [ERROR] LogOutputStream:75 - [STDERR_REDIRECT] 
2025-08-07 02:23:12,465 [ERROR] LogOutputStream:75 - [STDERR_REDIRECT] [Fatal Error] :1:1: Premature end of file.
2025-08-07 02:23:12,465 [ERROR] LogOutputStream:75 - [STDERR_REDIRECT] 
2025-08-07 02:23:13,469 [ERROR] LogOutputStream:75 - [STDERR_REDIRECT] [Fatal Error] :1:1: Premature end of file.
2025-08-07 02:23:13,469 [ERROR] LogOutputStream:75 - [STDERR_REDIRECT] 
2025-08-07 02:23:14,462 [ERROR] LogOutputStream:75 - [STDERR_REDIRECT] [Fatal Error] :1:1: Premature end of file.
2025-08-07 02:23:14,462 [ERROR] LogOutputStream:75 - [STDERR_REDIRECT] 
2025-08-07 02:23:15,466 [ERROR] LogOutputStream:75 - [STDERR_REDIRECT] [Fatal Error] :1:1: Premature end of file.
2025-08-07 02:23:15,466 [ERROR] LogOutputStream:75 - [STDERR_REDIRECT] 
2025-08-07 02:23:16,468 [ERROR] LogOutputStream:75 - [STDERR_REDIRECT] [Fatal Error] :1:1: Premature end of file.
2025-08-07 02:23:16,468 [ERROR] LogOutputStream:75 - [STDERR_REDIRECT] 
2025-08-07 02:23:17,459 [ERROR] LogOutputStream:75 - [STDERR_REDIRECT] [Fatal Error] :1:1: Premature end of file.
2025-08-07 02:23:17,459 [ERROR] LogOutputStream:75 - [STDERR_REDIRECT] 
2025-08-07 02:23:18,470 [ERROR] LogOutputStream:75 - [STDERR_REDIRECT] [Fatal Error] :1:1: Premature end of file.
2025-08-07 02:23:18,470 [ERROR] LogOutputStream:75 - [STDERR_REDIRECT] 
2025-08-07 02:23:19,462 [ERROR] LogOutputStream:75 - [STDERR_REDIRECT] [Fatal Error] :1:1: Premature end of file.
2025-08-07 02:23:19,462 [ERROR] LogOutputStream:75 - [STDERR_REDIRECT] 
2025-08-07 02:23:20,459 [ERROR] LogOutputStream:75 - [STDERR_REDIRECT] [Fatal Error] :1:1: Premature end of file.
2025-08-07 02:23:20,459 [ERROR] LogOutputStream:75 - [STDERR_REDIRECT] 
2025-08-07 02:23:21,464 [ERROR] LogOutputStream:75 - [STDERR_REDIRECT] [Fatal Error] :1:1: Premature end of file.
2025-08-07 02:23:21,465 [ERROR] LogOutputStream:75 - [STDERR_REDIRECT] 
2025-08-07 02:23:22,468 [ERROR] LogOutputStream:75 - [STDERR_REDIRECT] [Fatal Error] :1:1: Premature end of file.
2025-08-07 02:23:22,468 [ERROR] LogOutputStream:75 - [STDERR_REDIRECT] 
2025-08-07 02:23:23,463 [ERROR] LogOutputStream:75 - [STDERR_REDIRECT] [Fatal Error] :1:1: Premature end of file.
2025-08-07 02:23:23,463 [ERROR] LogOutputStream:75 - [STDERR_REDIRECT] 
2025-08-07 02:23:24,458 [ERROR] LogOutputStream:75 - [STDERR_REDIRECT] [Fatal Error] :1:1: Premature end of file.
2025-08-07 02:23:24,458 [ERROR] LogOutputStream:75 - [STDERR_REDIRECT] 
2025-08-07 02:23:25,465 [ERROR] LogOutputStream:75 - [STDERR_REDIRECT] [Fatal Error] :1:1: Premature end of file.
2025-08-07 02:23:25,465 [ERROR] LogOutputStream:75 - [STDERR_REDIRECT] 
2025-08-07 02:23:26,456 [ERROR] LogOutputStream:75 - [STDERR_REDIRECT] [Fatal Error] :1:1: Premature end of file.
2025-08-07 02:23:26,456 [ERROR] LogOutputStream:75 - [STDERR_REDIRECT] 
2025-08-07 02:23:27,463 [ERROR] LogOutputStream:75 - [STDERR_REDIRECT] [Fatal Error] :1:1: Premature end of file.
2025-08-07 02:23:27,463 [ERROR] LogOutputStream:75 - [STDERR_REDIRECT] 
2025-08-07 02:23:28,458 [ERROR] LogOutputStream:75 - [STDERR_REDIRECT] [Fatal Error] :1:1: Premature end of file.
2025-08-07 02:23:28,458 [ERROR] LogOutputStream:75 - [STDERR_REDIRECT] 
2025-08-07 02:23:29,466 [ERROR] LogOutputStream:75 - [STDERR_REDIRECT] [Fatal Error] :1:1: Premature end of file.
2025-08-07 02:23:29,467 [ERROR] LogOutputStream:75 - [STDERR_REDIRECT] 
2025-08-07 02:23:30,466 [ERROR] LogOutputStream:75 - [STDERR_REDIRECT] [Fatal Error] :1:1: Premature end of file.
2025-08-07 02:23:30,466 [ERROR] LogOutputStream:75 - [STDERR_REDIRECT] 
2025-08-07 02:23:31,464 [ERROR] LogOutputStream:75 - [STDERR_REDIRECT] [Fatal Error] :1:1: Premature end of file.
2025-08-07 02:23:31,464 [ERROR] LogOutputStream:75 - [STDERR_REDIRECT] 
2025-08-07 02:23:32,471 [ERROR] LogOutputStream:75 - [STDERR_REDIRECT] [Fatal Error] :1:1: Premature end of file.
2025-08-07 02:23:32,471 [ERROR] LogOutputStream:75 - [STDERR_REDIRECT] 
2025-08-07 02:23:33,461 [ERROR] LogOutputStream:75 - [STDERR_REDIRECT] [Fatal Error] :1:1: Premature end of file.
2025-08-07 02:23:33,461 [ERROR] LogOutputStream:75 - [STDERR_REDIRECT] 
2025-08-07 02:23:34,466 [ERROR] LogOutputStream:75 - [STDERR_REDIRECT] [Fatal Error] :1:1: Premature end of file.
2025-08-07 02:23:34,466 [ERROR] LogOutputStream:75 - [STDERR_REDIRECT] 
2025-08-07 02:23:35,468 [ERROR] LogOutputStream:75 - [STDERR_REDIRECT] [Fatal Error] :1:1: Premature end of file.
2025-08-07 02:23:35,468 [ERROR] LogOutputStream:75 - [STDERR_REDIRECT] 
2025-08-07 02:23:36,461 [ERROR] LogOutputStream:75 - [STDERR_REDIRECT] [Fatal Error] :1:1: Premature end of file.
2025-08-07 02:23:36,461 [ERROR] LogOutputStream:75 - [STDERR_REDIRECT] 
2025-08-07 02:23:37,463 [ERROR] LogOutputStream:75 - [STDERR_REDIRECT] [Fatal Error] :1:1: Premature end of file.
2025-08-07 02:23:37,463 [ERROR] LogOutputStream:75 - [STDERR_REDIRECT] 
2025-08-07 02:23:38,457 [ERROR] LogOutputStream:75 - [STDERR_REDIRECT] [Fatal Error] :1:1: Premature end of file.
2025-08-07 02:23:38,457 [ERROR] LogOutputStream:75 - [STDERR_REDIRECT] 
2025-08-07 02:23:39,463 [ERROR] LogOutputStream:75 - [STDERR_REDIRECT] [Fatal Error] :1:1: Premature end of file.
2025-08-07 02:23:39,463 [ERROR] LogOutputStream:75 - [STDERR_REDIRECT] 
2025-08-07 02:23:40,508 [ERROR] LogOutputStream:75 - [STDERR_REDIRECT] [Fatal Error] :1:1: Premature end of file.
2025-08-07 02:23:40,508 [ERROR] LogOutputStream:75 - [STDERR_REDIRECT] 
2025-08-07 02:23:41,468 [ERROR] LogOutputStream:75 - [STDERR_REDIRECT] [Fatal Error] :1:1: Premature end of file.
2025-08-07 02:23:41,468 [ERROR] LogOutputStream:75 - [STDERR_REDIRECT] 
2025-08-07 02:23:42,472 [ERROR] LogOutputStream:75 - [STDERR_REDIRECT] [Fatal Error] :1:1: Premature end of file.
2025-08-07 02:23:42,472 [ERROR] LogOutputStream:75 - [STDERR_REDIRECT] 
2025-08-07 02:23:43,464 [ERROR] LogOutputStream:75 - [STDERR_REDIRECT] [Fatal Error] :1:1: Premature end of file.
2025-08-07 02:23:43,464 [ERROR] LogOutputStream:75 - [STDERR_REDIRECT] 
2025-08-07 02:23:44,456 [ERROR] LogOutputStream:75 - [STDERR_REDIRECT] [Fatal Error] :1:1: Premature end of file.
2025-08-07 02:23:44,456 [ERROR] LogOutputStream:75 - [STDERR_REDIRECT] 
2025-08-07 02:23:45,466 [ERROR] LogOutputStream:75 - [STDERR_REDIRECT] [Fatal Error] :1:1: Premature end of file.
2025-08-07 02:23:45,466 [ERROR] LogOutputStream:75 - [STDERR_REDIRECT] 
2025-08-07 02:23:46,460 [ERROR] LogOutputStream:75 - [STDERR_REDIRECT] [Fatal Error] :1:1: Premature end of file.
2025-08-07 02:23:46,460 [ERROR] LogOutputStream:75 - [STDERR_REDIRECT] 
2025-08-07 02:23:47,466 [ERROR] LogOutputStream:75 - [STDERR_REDIRECT] [Fatal Error] :1:1: Premature end of file.
2025-08-07 02:23:47,466 [ERROR] LogOutputStream:75 - [STDERR_REDIRECT] 
2025-08-07 02:23:48,462 [ERROR] LogOutputStream:75 - [STDERR_REDIRECT] [Fatal Error] :1:1: Premature end of file.
2025-08-07 02:23:48,462 [ERROR] LogOutputStream:75 - [STDERR_REDIRECT] 
2025-08-07 02:23:49,460 [ERROR] LogOutputStream:75 - [STDERR_REDIRECT] [Fatal Error] :1:1: Premature end of file.
2025-08-07 02:23:49,460 [ERROR] LogOutputStream:75 - [STDERR_REDIRECT] 
2025-08-07 02:23:50,464 [ERROR] LogOutputStream:75 - [STDERR_REDIRECT] [Fatal Error] :1:1: Premature end of file.
2025-08-07 02:23:50,464 [ERROR] LogOutputStream:75 - [STDERR_REDIRECT] 
2025-08-07 02:23:51,461 [ERROR] LogOutputStream:75 - [STDERR_REDIRECT] [Fatal Error] :1:1: Premature end of file.
2025-08-07 02:23:51,461 [ERROR] LogOutputStream:75 - [STDERR_REDIRECT] 
2025-08-07 02:23:52,465 [ERROR] LogOutputStream:75 - [STDERR_REDIRECT] [Fatal Error] :1:1: Premature end of file.
2025-08-07 02:23:52,466 [ERROR] LogOutputStream:75 - [STDERR_REDIRECT] 
2025-08-07 02:23:53,468 [ERROR] LogOutputStream:75 - [STDERR_REDIRECT] [Fatal Error] :1:1: Premature end of file.
2025-08-07 02:23:53,469 [ERROR] LogOutputStream:75 - [STDERR_REDIRECT] 
2025-08-07 02:23:54,460 [ERROR] LogOutputStream:75 - [STDERR_REDIRECT] [Fatal Error] :1:1: Premature end of file.
2025-08-07 02:23:54,460 [ERROR] LogOutputStream:75 - [STDERR_REDIRECT] 
2025-08-07 02:23:55,465 [ERROR] LogOutputStream:75 - [STDERR_REDIRECT] [Fatal Error] :1:1: Premature end of file.
2025-08-07 02:23:55,465 [ERROR] LogOutputStream:75 - [STDERR_REDIRECT] 
2025-08-07 02:23:56,461 [ERROR] LogOutputStream:75 - [STDERR_REDIRECT] [Fatal Error] :1:1: Premature end of file.
2025-08-07 02:23:56,461 [ERROR] LogOutputStream:75 - [STDERR_REDIRECT] 
2025-08-07 02:23:57,512 [ERROR] LogOutputStream:75 - [STDERR_REDIRECT] [Fatal Error] :1:1: Premature end of file.
2025-08-07 02:23:57,512 [ERROR] LogOutputStream:75 - [STDERR_REDIRECT] 
2025-08-07 02:23:58,462 [ERROR] LogOutputStream:75 - [STDERR_REDIRECT] [Fatal Error] :1:1: Premature end of file.
2025-08-07 02:23:58,463 [ERROR] LogOutputStream:75 - [STDERR_REDIRECT] 
2025-08-07 02:23:59,467 [ERROR] LogOutputStream:75 - [STDERR_REDIRECT] [Fatal Error] :1:1: Premature end of file.
2025-08-07 02:23:59,467 [ERROR] LogOutputStream:75 - [STDERR_REDIRECT] 
2025-08-07 02:24:00,466 [ERROR] LogOutputStream:75 - [STDERR_REDIRECT] [Fatal Error] :1:1: Premature end of file.
2025-08-07 02:24:00,466 [ERROR] LogOutputStream:75 - [STDERR_REDIRECT] 
2025-08-07 02:24:01,457 [ERROR] LogOutputStream:75 - [STDERR_REDIRECT] [Fatal Error] :1:1: Premature end of file.
2025-08-07 02:24:01,457 [ERROR] LogOutputStream:75 - [STDERR_REDIRECT] 
2025-08-07 02:24:02,468 [ERROR] LogOutputStream:75 - [STDERR_REDIRECT] [Fatal Error] :1:1: Premature end of file.
2025-08-07 02:24:02,468 [ERROR] LogOutputStream:75 - [STDERR_REDIRECT] 
2025-08-07 02:24:03,467 [ERROR] LogOutputStream:75 - [STDERR_REDIRECT] [Fatal Error] :1:1: Premature end of file.
2025-08-07 02:24:03,467 [ERROR] LogOutputStream:75 - [STDERR_REDIRECT] 
2025-08-07 02:24:04,457 [ERROR] LogOutputStream:75 - [STDERR_REDIRECT] [Fatal Error] :1:1: Premature end of file.
2025-08-07 02:24:04,457 [ERROR] LogOutputStream:75 - [STDERR_REDIRECT] 
2025-08-07 02:24:05,461 [ERROR] LogOutputStream:75 - [STDERR_REDIRECT] [Fatal Error] :1:1: Premature end of file.
2025-08-07 02:24:05,461 [ERROR] LogOutputStream:75 - [STDERR_REDIRECT] 
2025-08-07 02:24:06,467 [ERROR] LogOutputStream:75 - [STDERR_REDIRECT] [Fatal Error] :1:1: Premature end of file.
2025-08-07 02:24:06,467 [ERROR] LogOutputStream:75 - [STDERR_REDIRECT] 
2025-08-07 02:24:07,469 [ERROR] LogOutputStream:75 - [STDERR_REDIRECT] [Fatal Error] :1:1: Premature end of file.
2025-08-07 02:24:07,469 [ERROR] LogOutputStream:75 - [STDERR_REDIRECT] 
2025-08-07 02:24:08,457 [ERROR] LogOutputStream:75 - [STDERR_REDIRECT] [Fatal Error] :1:1: Premature end of file.
2025-08-07 02:24:08,458 [ERROR] LogOutputStream:75 - [STDERR_REDIRECT] 
2025-08-07 02:24:09,466 [ERROR] LogOutputStream:75 - [STDERR_REDIRECT] [Fatal Error] :1:1: Premature end of file.
2025-08-07 02:24:09,466 [ERROR] LogOutputStream:75 - [STDERR_REDIRECT] 
2025-08-07 02:24:10,459 [ERROR] LogOutputStream:75 - [STDERR_REDIRECT] [Fatal Error] :1:1: Premature end of file.
2025-08-07 02:24:10,459 [ERROR] LogOutputStream:75 - [STDERR_REDIRECT] 
2025-08-07 02:24:11,464 [ERROR] LogOutputStream:75 - [STDERR_REDIRECT] [Fatal Error] :1:1: Premature end of file.
2025-08-07 02:24:11,464 [ERROR] LogOutputStream:75 - [STDERR_REDIRECT] 
2025-08-07 02:24:12,462 [ERROR] LogOutputStream:75 - [STDERR_REDIRECT] [Fatal Error] :1:1: Premature end of file.
2025-08-07 02:24:12,462 [ERROR] LogOutputStream:75 - [STDERR_REDIRECT] 
2025-08-07 02:24:13,457 [ERROR] LogOutputStream:75 - [STDERR_REDIRECT] [Fatal Error] :1:1: Premature end of file.
2025-08-07 02:24:13,457 [ERROR] LogOutputStream:75 - [STDERR_REDIRECT] 
2025-08-07 02:24:14,467 [ERROR] LogOutputStream:75 - [STDERR_REDIRECT] [Fatal Error] :1:1: Premature end of file.
2025-08-07 02:24:14,467 [ERROR] LogOutputStream:75 - [STDERR_REDIRECT] 
2025-08-07 02:24:15,461 [ERROR] LogOutputStream:75 - [STDERR_REDIRECT] [Fatal Error] :1:1: Premature end of file.
2025-08-07 02:24:15,461 [ERROR] LogOutputStream:75 - [STDERR_REDIRECT] 
2025-08-07 02:24:16,469 [ERROR] LogOutputStream:75 - [STDERR_REDIRECT] [Fatal Error] :1:1: Premature end of file.
2025-08-07 02:24:16,469 [ERROR] LogOutputStream:75 - [STDERR_REDIRECT] 
2025-08-07 02:24:17,457 [ERROR] LogOutputStream:75 - [STDERR_REDIRECT] [Fatal Error] :1:1: Premature end of file.
2025-08-07 02:24:17,457 [ERROR] LogOutputStream:75 - [STDERR_REDIRECT] 
2025-08-07 02:24:18,466 [ERROR] LogOutputStream:75 - [STDERR_REDIRECT] [Fatal Error] :1:1: Premature end of file.
2025-08-07 02:24:18,466 [ERROR] LogOutputStream:75 - [STDERR_REDIRECT] 
2025-08-07 02:24:19,461 [ERROR] LogOutputStream:75 - [STDERR_REDIRECT] [Fatal Error] :1:1: Premature end of file.
2025-08-07 02:24:19,461 [ERROR] LogOutputStream:75 - [STDERR_REDIRECT] 
2025-08-07 02:24:20,467 [ERROR] LogOutputStream:75 - [STDERR_REDIRECT] [Fatal Error] :1:1: Premature end of file.
2025-08-07 02:24:20,467 [ERROR] LogOutputStream:75 - [STDERR_REDIRECT] 
2025-08-07 02:24:21,457 [ERROR] LogOutputStream:75 - [STDERR_REDIRECT] [Fatal Error] :1:1: Premature end of file.
2025-08-07 02:24:21,457 [ERROR] LogOutputStream:75 - [STDERR_REDIRECT] 
2025-08-07 02:24:22,462 [ERROR] LogOutputStream:75 - [STDERR_REDIRECT] [Fatal Error] :1:1: Premature end of file.
2025-08-07 02:24:22,462 [ERROR] LogOutputStream:75 - [STDERR_REDIRECT] 
2025-08-07 02:24:23,466 [ERROR] LogOutputStream:75 - [STDERR_REDIRECT] [Fatal Error] :1:1: Premature end of file.
2025-08-07 02:24:23,466 [ERROR] LogOutputStream:75 - [STDERR_REDIRECT] 
2025-08-07 02:24:24,462 [ERROR] LogOutputStream:75 - [STDERR_REDIRECT] [Fatal Error] :1:1: Premature end of file.
2025-08-07 02:24:24,462 [ERROR] LogOutputStream:75 - [STDERR_REDIRECT] 
2025-08-07 02:24:25,458 [ERROR] LogOutputStream:75 - [STDERR_REDIRECT] [Fatal Error] :1:1: Premature end of file.
2025-08-07 02:24:25,458 [ERROR] LogOutputStream:75 - [STDERR_REDIRECT] 
2025-08-07 02:24:26,462 [ERROR] LogOutputStream:75 - [STDERR_REDIRECT] [Fatal Error] :1:1: Premature end of file.
2025-08-07 02:24:26,462 [ERROR] LogOutputStream:75 - [STDERR_REDIRECT] 
2025-08-07 02:24:27,461 [ERROR] LogOutputStream:75 - [STDERR_REDIRECT] [Fatal Error] :1:1: Premature end of file.
2025-08-07 02:24:27,461 [ERROR] LogOutputStream:75 - [STDERR_REDIRECT] 
2025-08-07 02:24:28,468 [ERROR] LogOutputStream:75 - [STDERR_REDIRECT] [Fatal Error] :1:1: Premature end of file.
2025-08-07 02:24:28,468 [ERROR] LogOutputStream:75 - [STDERR_REDIRECT] 
2025-08-07 02:24:29,457 [ERROR] LogOutputStream:75 - [STDERR_REDIRECT] [Fatal Error] :1:1: Premature end of file.
2025-08-07 02:24:29,458 [ERROR] LogOutputStream:75 - [STDERR_REDIRECT] 
2025-08-07 02:24:30,461 [ERROR] LogOutputStream:75 - [STDERR_REDIRECT] [Fatal Error] :1:1: Premature end of file.
2025-08-07 02:24:30,462 [ERROR] LogOutputStream:75 - [STDERR_REDIRECT] 
2025-08-07 02:24:31,467 [ERROR] LogOutputStream:75 - [STDERR_REDIRECT] [Fatal Error] :1:1: Premature end of file.
2025-08-07 02:24:31,467 [ERROR] LogOutputStream:75 - [STDERR_REDIRECT] 
2025-08-07 02:24:32,462 [ERROR] LogOutputStream:75 - [STDERR_REDIRECT] [Fatal Error] :1:1: Premature end of file.
2025-08-07 02:24:32,462 [ERROR] LogOutputStream:75 - [STDERR_REDIRECT] 
2025-08-07 02:24:33,459 [ERROR] LogOutputStream:75 - [STDERR_REDIRECT] [Fatal Error] :1:1: Premature end of file.
2025-08-07 02:24:33,460 [ERROR] LogOutputStream:75 - [STDERR_REDIRECT] 
2025-08-07 02:24:34,468 [ERROR] LogOutputStream:75 - [STDERR_REDIRECT] [Fatal Error] :1:1: Premature end of file.
2025-08-07 02:24:34,468 [ERROR] LogOutputStream:75 - [STDERR_REDIRECT] 
2025-08-07 02:24:35,464 [ERROR] LogOutputStream:75 - [STDERR_REDIRECT] [Fatal Error] :1:1: Premature end of file.
2025-08-07 02:24:35,464 [ERROR] LogOutputStream:75 - [STDERR_REDIRECT] 
2025-08-07 02:24:36,466 [ERROR] LogOutputStream:75 - [STDERR_REDIRECT] [Fatal Error] :1:1: Premature end of file.
2025-08-07 02:24:36,466 [ERROR] LogOutputStream:75 - [STDERR_REDIRECT] 
2025-08-07 02:24:37,466 [ERROR] LogOutputStream:75 - [STDERR_REDIRECT] [Fatal Error] :1:1: Premature end of file.
2025-08-07 02:24:37,466 [ERROR] LogOutputStream:75 - [STDERR_REDIRECT] 
2025-08-07 02:24:38,470 [ERROR] LogOutputStream:75 - [STDERR_REDIRECT] [Fatal Error] :1:1: Premature end of file.
2025-08-07 02:24:38,470 [ERROR] LogOutputStream:75 - [STDERR_REDIRECT] 
2025-08-07 02:24:39,472 [ERROR] LogOutputStream:75 - [STDERR_REDIRECT] [Fatal Error] :1:1: Premature end of file.
2025-08-07 02:24:39,472 [ERROR] LogOutputStream:75 - [STDERR_REDIRECT] 
2025-08-07 02:24:40,483 [ERROR] LogOutputStream:75 - [STDERR_REDIRECT] [Fatal Error] :1:1: Premature end of file.
2025-08-07 02:24:40,483 [ERROR] LogOutputStream:75 - [STDERR_REDIRECT] 
2025-08-07 02:24:41,466 [ERROR] LogOutputStream:75 - [STDERR_REDIRECT] [Fatal Error] :1:1: Premature end of file.
2025-08-07 02:24:41,466 [ERROR] LogOutputStream:75 - [STDERR_REDIRECT] 
2025-08-07 02:24:42,484 [ERROR] LogOutputStream:75 - [STDERR_REDIRECT] [Fatal Error] :1:1: Premature end of file.
2025-08-07 02:24:42,484 [ERROR] LogOutputStream:75 - [STDERR_REDIRECT] 
2025-08-07 02:24:43,480 [ERROR] LogOutputStream:75 - [STDERR_REDIRECT] [Fatal Error] :1:1: Premature end of file.
2025-08-07 02:24:43,480 [ERROR] LogOutputStream:75 - [STDERR_REDIRECT] 
2025-08-07 02:24:44,464 [ERROR] LogOutputStream:75 - [STDERR_REDIRECT] [Fatal Error] :1:1: Premature end of file.
2025-08-07 02:24:44,464 [ERROR] LogOutputStream:75 - [STDERR_REDIRECT] 
2025-08-07 02:24:45,470 [ERROR] LogOutputStream:75 - [STDERR_REDIRECT] [Fatal Error] :1:1: Premature end of file.
2025-08-07 02:24:45,470 [ERROR] LogOutputStream:75 - [STDERR_REDIRECT] 
2025-08-07 02:24:46,468 [ERROR] LogOutputStream:75 - [STDERR_REDIRECT] [Fatal Error] :1:1: Premature end of file.
2025-08-07 02:24:46,468 [ERROR] LogOutputStream:75 - [STDERR_REDIRECT] 
2025-08-07 02:24:47,463 [ERROR] LogOutputStream:75 - [STDERR_REDIRECT] [Fatal Error] :1:1: Premature end of file.
2025-08-07 02:24:47,463 [ERROR] LogOutputStream:75 - [STDERR_REDIRECT] 
2025-08-07 02:24:48,475 [ERROR] LogOutputStream:75 - [STDERR_REDIRECT] [Fatal Error] :1:1: Premature end of file.
2025-08-07 02:24:48,475 [ERROR] LogOutputStream:75 - [STDERR_REDIRECT] 
2025-08-07 02:24:49,476 [ERROR] LogOutputStream:75 - [STDERR_REDIRECT] [Fatal Error] :1:1: Premature end of file.
2025-08-07 02:24:49,476 [ERROR] LogOutputStream:75 - [STDERR_REDIRECT] 
2025-08-07 02:24:50,478 [ERROR] LogOutputStream:75 - [STDERR_REDIRECT] [Fatal Error] :1:1: Premature end of file.
2025-08-07 02:24:50,479 [ERROR] LogOutputStream:75 - [STDERR_REDIRECT] 
2025-08-07 02:24:51,481 [ERROR] LogOutputStream:75 - [STDERR_REDIRECT] [Fatal Error] :1:1: Premature end of file.
2025-08-07 02:24:51,481 [ERROR] LogOutputStream:75 - [STDERR_REDIRECT] 
2025-08-07 02:24:52,462 [ERROR] LogOutputStream:75 - [STDERR_REDIRECT] [Fatal Error] :1:1: Premature end of file.
2025-08-07 02:24:52,462 [ERROR] LogOutputStream:75 - [STDERR_REDIRECT] 
2025-08-07 02:24:53,465 [ERROR] LogOutputStream:75 - [STDERR_REDIRECT] [Fatal Error] :1:1: Premature end of file.
2025-08-07 02:24:53,465 [ERROR] LogOutputStream:75 - [STDERR_REDIRECT] 
2025-08-07 02:24:54,468 [ERROR] LogOutputStream:75 - [STDERR_REDIRECT] [Fatal Error] :1:1: Premature end of file.
2025-08-07 02:24:54,468 [ERROR] LogOutputStream:75 - [STDERR_REDIRECT] 
2025-08-07 02:24:55,460 [ERROR] LogOutputStream:75 - [STDERR_REDIRECT] [Fatal Error] :1:1: Premature end of file.
2025-08-07 02:24:55,460 [ERROR] LogOutputStream:75 - [STDERR_REDIRECT] 
2025-08-07 02:24:56,471 [ERROR] LogOutputStream:75 - [STDERR_REDIRECT] [Fatal Error] :1:1: Premature end of file.
2025-08-07 02:24:56,472 [ERROR] LogOutputStream:75 - [STDERR_REDIRECT] 
2025-08-07 02:24:57,463 [ERROR] LogOutputStream:75 - [STDERR_REDIRECT] [Fatal Error] :1:1: Premature end of file.
2025-08-07 02:24:57,463 [ERROR] LogOutputStream:75 - [STDERR_REDIRECT] 
2025-08-07 02:24:58,467 [ERROR] LogOutputStream:75 - [STDERR_REDIRECT] [Fatal Error] :1:1: Premature end of file.
2025-08-07 02:24:58,467 [ERROR] LogOutputStream:75 - [STDERR_REDIRECT] 
2025-08-07 02:24:59,467 [ERROR] LogOutputStream:75 - [STDERR_REDIRECT] [Fatal Error] :1:1: Premature end of file.
2025-08-07 02:24:59,467 [ERROR] LogOutputStream:75 - [STDERR_REDIRECT] 
2025-08-07 02:25:00,467 [ERROR] LogOutputStream:75 - [STDERR_REDIRECT] [Fatal Error] :1:1: Premature end of file.
2025-08-07 02:25:00,467 [ERROR] LogOutputStream:75 - [STDERR_REDIRECT] 
2025-08-07 02:25:01,469 [ERROR] LogOutputStream:75 - [STDERR_REDIRECT] [Fatal Error] :1:1: Premature end of file.
2025-08-07 02:25:01,469 [ERROR] LogOutputStream:75 - [STDERR_REDIRECT] 
2025-08-07 02:25:02,459 [ERROR] LogOutputStream:75 - [STDERR_REDIRECT] [Fatal Error] :1:1: Premature end of file.
2025-08-07 02:25:02,459 [ERROR] LogOutputStream:75 - [STDERR_REDIRECT] 
2025-08-07 02:25:03,468 [ERROR] LogOutputStream:75 - [STDERR_REDIRECT] [Fatal Error] :1:1: Premature end of file.
2025-08-07 02:25:03,468 [ERROR] LogOutputStream:75 - [STDERR_REDIRECT] 
2025-08-07 02:25:04,467 [ERROR] LogOutputStream:75 - [STDERR_REDIRECT] [Fatal Error] :1:1: Premature end of file.
2025-08-07 02:25:04,467 [ERROR] LogOutputStream:75 - [STDERR_REDIRECT] 
2025-08-07 02:25:05,458 [ERROR] LogOutputStream:75 - [STDERR_REDIRECT] [Fatal Error] :1:1: Premature end of file.
2025-08-07 02:25:05,458 [ERROR] LogOutputStream:75 - [STDERR_REDIRECT] 
2025-08-07 02:25:06,472 [ERROR] LogOutputStream:75 - [STDERR_REDIRECT] [Fatal Error] :1:1: Premature end of file.
2025-08-07 02:25:06,473 [ERROR] LogOutputStream:75 - [STDERR_REDIRECT] 
2025-08-07 02:25:07,469 [ERROR] LogOutputStream:75 - [STDERR_REDIRECT] [Fatal Error] :1:1: Premature end of file.
2025-08-07 02:25:07,469 [ERROR] LogOutputStream:75 - [STDERR_REDIRECT] 
2025-08-07 02:25:08,463 [ERROR] LogOutputStream:75 - [STDERR_REDIRECT] [Fatal Error] :1:1: Premature end of file.
2025-08-07 02:25:08,463 [ERROR] LogOutputStream:75 - [STDERR_REDIRECT] 
2025-08-07 02:25:09,464 [ERROR] LogOutputStream:75 - [STDERR_REDIRECT] [Fatal Error] :1:1: Premature end of file.
2025-08-07 02:25:09,464 [ERROR] LogOutputStream:75 - [STDERR_REDIRECT] 
2025-08-07 02:25:10,468 [ERROR] LogOutputStream:75 - [STDERR_REDIRECT] [Fatal Error] :1:1: Premature end of file.
2025-08-07 02:25:10,468 [ERROR] LogOutputStream:75 - [STDERR_REDIRECT] 
2025-08-07 02:25:11,463 [ERROR] LogOutputStream:75 - [STDERR_REDIRECT] [Fatal Error] :1:1: Premature end of file.
2025-08-07 02:25:11,463 [ERROR] LogOutputStream:75 - [STDERR_REDIRECT] 
2025-08-07 02:25:12,466 [ERROR] LogOutputStream:75 - [STDERR_REDIRECT] [Fatal Error] :1:1: Premature end of file.
2025-08-07 02:25:12,466 [ERROR] LogOutputStream:75 - [STDERR_REDIRECT] 
2025-08-07 02:25:13,458 [ERROR] LogOutputStream:75 - [STDERR_REDIRECT] [Fatal Error] :1:1: Premature end of file.
2025-08-07 02:25:13,458 [ERROR] LogOutputStream:75 - [STDERR_REDIRECT] 
2025-08-07 02:25:14,462 [ERROR] LogOutputStream:75 - [STDERR_REDIRECT] [Fatal Error] :1:1: Premature end of file.
2025-08-07 02:25:14,462 [ERROR] LogOutputStream:75 - [STDERR_REDIRECT] 
2025-08-07 02:25:15,468 [ERROR] LogOutputStream:75 - [STDERR_REDIRECT] [Fatal Error] :1:1: Premature end of file.
2025-08-07 02:25:15,468 [ERROR] LogOutputStream:75 - [STDERR_REDIRECT] 
2025-08-07 02:25:16,461 [ERROR] LogOutputStream:75 - [STDERR_REDIRECT] [Fatal Error] :1:1: Premature end of file.
2025-08-07 02:25:16,461 [ERROR] LogOutputStream:75 - [STDERR_REDIRECT] 
2025-08-07 02:25:17,470 [ERROR] LogOutputStream:75 - [STDERR_REDIRECT] [Fatal Error] :1:1: Premature end of file.
2025-08-07 02:25:17,470 [ERROR] LogOutputStream:75 - [STDERR_REDIRECT] 
2025-08-07 02:25:18,472 [ERROR] LogOutputStream:75 - [STDERR_REDIRECT] [Fatal Error] :1:1: Premature end of file.
2025-08-07 02:25:18,472 [ERROR] LogOutputStream:75 - [STDERR_REDIRECT] 
2025-08-07 02:25:19,466 [ERROR] LogOutputStream:75 - [STDERR_REDIRECT] [Fatal Error] :1:1: Premature end of file.
2025-08-07 02:25:19,466 [ERROR] LogOutputStream:75 - [STDERR_REDIRECT] 
2025-08-07 02:25:20,462 [ERROR] LogOutputStream:75 - [STDERR_REDIRECT] [Fatal Error] :1:1: Premature end of file.
2025-08-07 02:25:20,462 [ERROR] LogOutputStream:75 - [STDERR_REDIRECT] 
2025-08-07 02:25:21,469 [ERROR] LogOutputStream:75 - [STDERR_REDIRECT] [Fatal Error] :1:1: Premature end of file.
2025-08-07 02:25:21,469 [ERROR] LogOutputStream:75 - [STDERR_REDIRECT] 
2025-08-07 02:25:22,465 [ERROR] LogOutputStream:75 - [STDERR_REDIRECT] [Fatal Error] :1:1: Premature end of file.
2025-08-07 02:25:22,465 [ERROR] LogOutputStream:75 - [STDERR_REDIRECT] 
2025-08-07 02:25:23,457 [ERROR] LogOutputStream:75 - [STDERR_REDIRECT] [Fatal Error] :1:1: Premature end of file.
2025-08-07 02:25:23,457 [ERROR] LogOutputStream:75 - [STDERR_REDIRECT] 
2025-08-07 02:25:24,465 [ERROR] LogOutputStream:75 - [STDERR_REDIRECT] [Fatal Error] :1:1: Premature end of file.
2025-08-07 02:25:24,466 [ERROR] LogOutputStream:75 - [STDERR_REDIRECT] 
2025-08-07 02:25:25,470 [ERROR] LogOutputStream:75 - [STDERR_REDIRECT] [Fatal Error] :1:1: Premature end of file.
2025-08-07 02:25:25,470 [ERROR] LogOutputStream:75 - [STDERR_REDIRECT] 
2025-08-07 02:25:26,467 [ERROR] LogOutputStream:75 - [STDERR_REDIRECT] [Fatal Error] :1:1: Premature end of file.
2025-08-07 02:25:26,467 [ERROR] LogOutputStream:75 - [STDERR_REDIRECT] 
2025-08-07 02:25:27,469 [ERROR] LogOutputStream:75 - [STDERR_REDIRECT] [Fatal Error] :1:1: Premature end of file.
2025-08-07 02:25:27,469 [ERROR] LogOutputStream:75 - [STDERR_REDIRECT] 
2025-08-07 02:25:28,460 [ERROR] LogOutputStream:75 - [STDERR_REDIRECT] [Fatal Error] :1:1: Premature end of file.
2025-08-07 02:25:28,460 [ERROR] LogOutputStream:75 - [STDERR_REDIRECT] 
2025-08-07 02:25:29,463 [ERROR] LogOutputStream:75 - [STDERR_REDIRECT] [Fatal Error] :1:1: Premature end of file.
2025-08-07 02:25:29,463 [ERROR] LogOutputStream:75 - [STDERR_REDIRECT] 
2025-08-07 02:25:30,465 [ERROR] LogOutputStream:75 - [STDERR_REDIRECT] [Fatal Error] :1:1: Premature end of file.
2025-08-07 02:25:30,465 [ERROR] LogOutputStream:75 - [STDERR_REDIRECT] 
2025-08-07 02:25:31,457 [ERROR] LogOutputStream:75 - [STDERR_REDIRECT] [Fatal Error] :1:1: Premature end of file.
2025-08-07 02:25:31,458 [ERROR] LogOutputStream:75 - [STDERR_REDIRECT] 
2025-08-07 02:25:32,461 [ERROR] LogOutputStream:75 - [STDERR_REDIRECT] [Fatal Error] :1:1: Premature end of file.
2025-08-07 02:25:32,461 [ERROR] LogOutputStream:75 - [STDERR_REDIRECT] 
2025-08-07 02:25:33,467 [ERROR] LogOutputStream:75 - [STDERR_REDIRECT] [Fatal Error] :1:1: Premature end of file.
2025-08-07 02:25:33,468 [ERROR] LogOutputStream:75 - [STDERR_REDIRECT] 
2025-08-07 02:25:34,462 [ERROR] LogOutputStream:75 - [STDERR_REDIRECT] [Fatal Error] :1:1: Premature end of file.
2025-08-07 02:25:34,462 [ERROR] LogOutputStream:75 - [STDERR_REDIRECT] 
2025-08-07 02:25:35,465 [ERROR] LogOutputStream:75 - [STDERR_REDIRECT] [Fatal Error] :1:1: Premature end of file.
2025-08-07 02:25:35,465 [ERROR] LogOutputStream:75 - [STDERR_REDIRECT] 
2025-08-07 02:25:36,461 [ERROR] LogOutputStream:75 - [STDERR_REDIRECT] [Fatal Error] :1:1: Premature end of file.
2025-08-07 02:25:36,461 [ERROR] LogOutputStream:75 - [STDERR_REDIRECT] 
2025-08-07 02:25:37,466 [ERROR] LogOutputStream:75 - [STDERR_REDIRECT] [Fatal Error] :1:1: Premature end of file.
2025-08-07 02:25:37,467 [ERROR] LogOutputStream:75 - [STDERR_REDIRECT] 
2025-08-07 02:25:38,459 [ERROR] LogOutputStream:75 - [STDERR_REDIRECT] [Fatal Error] :1:1: Premature end of file.
2025-08-07 02:25:38,459 [ERROR] LogOutputStream:75 - [STDERR_REDIRECT] 
2025-08-07 02:25:39,462 [ERROR] LogOutputStream:75 - [STDERR_REDIRECT] [Fatal Error] :1:1: Premature end of file.
2025-08-07 02:25:39,462 [ERROR] LogOutputStream:75 - [STDERR_REDIRECT] 
2025-08-07 02:25:40,468 [ERROR] LogOutputStream:75 - [STDERR_REDIRECT] [Fatal Error] :1:1: Premature end of file.
2025-08-07 02:25:40,468 [ERROR] LogOutputStream:75 - [STDERR_REDIRECT] 
2025-08-07 02:25:41,457 [ERROR] LogOutputStream:75 - [STDERR_REDIRECT] [Fatal Error] :1:1: Premature end of file.
2025-08-07 02:25:41,458 [ERROR] LogOutputStream:75 - [STDERR_REDIRECT] 
2025-08-07 02:25:42,458 [ERROR] LogOutputStream:75 - [STDERR_REDIRECT] [Fatal Error] :1:1: Premature end of file.
2025-08-07 02:25:42,459 [ERROR] LogOutputStream:75 - [STDERR_REDIRECT] 
2025-08-07 02:25:43,462 [ERROR] LogOutputStream:75 - [STDERR_REDIRECT] [Fatal Error] :1:1: Premature end of file.
2025-08-07 02:25:43,462 [ERROR] LogOutputStream:75 - [STDERR_REDIRECT] 
2025-08-07 02:25:44,467 [ERROR] LogOutputStream:75 - [STDERR_REDIRECT] [Fatal Error] :1:1: Premature end of file.
2025-08-07 02:25:44,467 [ERROR] LogOutputStream:75 - [STDERR_REDIRECT] 
2025-08-07 02:25:45,465 [ERROR] LogOutputStream:75 - [STDERR_REDIRECT] [Fatal Error] :1:1: Premature end of file.
2025-08-07 02:25:45,465 [ERROR] LogOutputStream:75 - [STDERR_REDIRECT] 
2025-08-07 02:25:46,460 [ERROR] LogOutputStream:75 - [STDERR_REDIRECT] [Fatal Error] :1:1: Premature end of file.
2025-08-07 02:25:46,460 [ERROR] LogOutputStream:75 - [STDERR_REDIRECT] 
2025-08-07 02:25:47,463 [ERROR] LogOutputStream:75 - [STDERR_REDIRECT] [Fatal Error] :1:1: Premature end of file.
2025-08-07 02:25:47,463 [ERROR] LogOutputStream:75 - [STDERR_REDIRECT] 
2025-08-07 02:25:48,467 [ERROR] LogOutputStream:75 - [STDERR_REDIRECT] [Fatal Error] :1:1: Premature end of file.
2025-08-07 02:25:48,467 [ERROR] LogOutputStream:75 - [STDERR_REDIRECT] 
2025-08-07 02:25:49,468 [ERROR] LogOutputStream:75 - [STDERR_REDIRECT] [Fatal Error] :1:1: Premature end of file.
2025-08-07 02:25:49,468 [ERROR] LogOutputStream:75 - [STDERR_REDIRECT] 
2025-08-07 02:25:50,461 [ERROR] LogOutputStream:75 - [STDERR_REDIRECT] [Fatal Error] :1:1: Premature end of file.
2025-08-07 02:25:50,461 [ERROR] LogOutputStream:75 - [STDERR_REDIRECT] 
2025-08-07 02:25:51,465 [ERROR] LogOutputStream:75 - [STDERR_REDIRECT] [Fatal Error] :1:1: Premature end of file.
2025-08-07 02:25:51,465 [ERROR] LogOutputStream:75 - [STDERR_REDIRECT] 
2025-08-07 02:25:52,468 [ERROR] LogOutputStream:75 - [STDERR_REDIRECT] [Fatal Error] :1:1: Premature end of file.
2025-08-07 02:25:52,468 [ERROR] LogOutputStream:75 - [STDERR_REDIRECT] 
2025-08-07 02:25:53,461 [ERROR] LogOutputStream:75 - [STDERR_REDIRECT] [Fatal Error] :1:1: Premature end of file.
2025-08-07 02:25:53,461 [ERROR] LogOutputStream:75 - [STDERR_REDIRECT] 
2025-08-07 02:25:54,468 [ERROR] LogOutputStream:75 - [STDERR_REDIRECT] [Fatal Error] :1:1: Premature end of file.
2025-08-07 02:25:54,468 [ERROR] LogOutputStream:75 - [STDERR_REDIRECT] 
2025-08-07 02:25:55,458 [ERROR] LogOutputStream:75 - [STDERR_REDIRECT] [Fatal Error] :1:1: Premature end of file.
2025-08-07 02:25:55,458 [ERROR] LogOutputStream:75 - [STDERR_REDIRECT] 
2025-08-07 02:25:56,465 [ERROR] LogOutputStream:75 - [STDERR_REDIRECT] [Fatal Error] :1:1: Premature end of file.
2025-08-07 02:25:56,465 [ERROR] LogOutputStream:75 - [STDERR_REDIRECT] 
2025-08-07 02:25:57,460 [ERROR] LogOutputStream:75 - [STDERR_REDIRECT] [Fatal Error] :1:1: Premature end of file.
2025-08-07 02:25:57,460 [ERROR] LogOutputStream:75 - [STDERR_REDIRECT] 
2025-08-07 02:25:58,466 [ERROR] LogOutputStream:75 - [STDERR_REDIRECT] [Fatal Error] :1:1: Premature end of file.
2025-08-07 02:25:58,466 [ERROR] LogOutputStream:75 - [STDERR_REDIRECT] 
2025-08-07 02:25:59,466 [ERROR] LogOutputStream:75 - [STDERR_REDIRECT] [Fatal Error] :1:1: Premature end of file.
2025-08-07 02:25:59,466 [ERROR] LogOutputStream:75 - [STDERR_REDIRECT] 
2025-08-07 02:26:00,464 [ERROR] LogOutputStream:75 - [STDERR_REDIRECT] [Fatal Error] :1:1: Premature end of file.
2025-08-07 02:26:00,464 [ERROR] LogOutputStream:75 - [STDERR_REDIRECT] 
2025-08-07 02:26:01,469 [ERROR] LogOutputStream:75 - [STDERR_REDIRECT] [Fatal Error] :1:1: Premature end of file.
2025-08-07 02:26:01,469 [ERROR] LogOutputStream:75 - [STDERR_REDIRECT] 
2025-08-07 02:26:02,468 [ERROR] LogOutputStream:75 - [STDERR_REDIRECT] [Fatal Error] :1:1: Premature end of file.
2025-08-07 02:26:02,468 [ERROR] LogOutputStream:75 - [STDERR_REDIRECT] 
2025-08-07 02:26:03,462 [ERROR] LogOutputStream:75 - [STDERR_REDIRECT] [Fatal Error] :1:1: Premature end of file.
2025-08-07 02:26:03,462 [ERROR] LogOutputStream:75 - [STDERR_REDIRECT] 
2025-08-07 02:26:04,469 [ERROR] LogOutputStream:75 - [STDERR_REDIRECT] [Fatal Error] :1:1: Premature end of file.
2025-08-07 02:26:04,469 [ERROR] LogOutputStream:75 - [STDERR_REDIRECT] 
2025-08-07 02:26:05,467 [ERROR] LogOutputStream:75 - [STDERR_REDIRECT] [Fatal Error] :1:1: Premature end of file.
2025-08-07 02:26:05,467 [ERROR] LogOutputStream:75 - [STDERR_REDIRECT] 
2025-08-07 02:26:06,467 [ERROR] LogOutputStream:75 - [STDERR_REDIRECT] [Fatal Error] :1:1: Premature end of file.
2025-08-07 02:26:06,467 [ERROR] LogOutputStream:75 - [STDERR_REDIRECT] 
2025-08-07 02:26:07,473 [ERROR] LogOutputStream:75 - [STDERR_REDIRECT] [Fatal Error] :1:1: Premature end of file.
2025-08-07 02:26:07,473 [ERROR] LogOutputStream:75 - [STDERR_REDIRECT] 
2025-08-07 02:26:08,472 [ERROR] LogOutputStream:75 - [STDERR_REDIRECT] [Fatal Error] :1:1: Premature end of file.
2025-08-07 02:26:08,472 [ERROR] LogOutputStream:75 - [STDERR_REDIRECT] 
2025-08-07 02:26:09,463 [ERROR] LogOutputStream:75 - [STDERR_REDIRECT] [Fatal Error] :1:1: Premature end of file.
2025-08-07 02:26:09,463 [ERROR] LogOutputStream:75 - [STDERR_REDIRECT] 
2025-08-07 02:26:10,464 [ERROR] LogOutputStream:75 - [STDERR_REDIRECT] [Fatal Error] :1:1: Premature end of file.
2025-08-07 02:26:10,464 [ERROR] LogOutputStream:75 - [STDERR_REDIRECT] 
2025-08-07 02:26:11,468 [ERROR] LogOutputStream:75 - [STDERR_REDIRECT] [Fatal Error] :1:1: Premature end of file.
2025-08-07 02:26:11,468 [ERROR] LogOutputStream:75 - [STDERR_REDIRECT] 
2025-08-07 02:26:12,461 [ERROR] LogOutputStream:75 - [STDERR_REDIRECT] [Fatal Error] :1:1: Premature end of file.
2025-08-07 02:26:12,461 [ERROR] LogOutputStream:75 - [STDERR_REDIRECT] 
2025-08-07 02:26:13,467 [ERROR] LogOutputStream:75 - [STDERR_REDIRECT] [Fatal Error] :1:1: Premature end of file.
2025-08-07 02:26:13,467 [ERROR] LogOutputStream:75 - [STDERR_REDIRECT] 
2025-08-07 02:26:14,457 [ERROR] LogOutputStream:75 - [STDERR_REDIRECT] [Fatal Error] :1:1: Premature end of file.
2025-08-07 02:26:14,457 [ERROR] LogOutputStream:75 - [STDERR_REDIRECT] 
2025-08-07 02:26:15,466 [ERROR] LogOutputStream:75 - [STDERR_REDIRECT] [Fatal Error] :1:1: Premature end of file.
2025-08-07 02:26:15,466 [ERROR] LogOutputStream:75 - [STDERR_REDIRECT] 
2025-08-07 02:26:16,462 [ERROR] LogOutputStream:75 - [STDERR_REDIRECT] [Fatal Error] :1:1: Premature end of file.
2025-08-07 02:26:16,463 [ERROR] LogOutputStream:75 - [STDERR_REDIRECT] 
2025-08-07 02:26:17,467 [ERROR] LogOutputStream:75 - [STDERR_REDIRECT] [Fatal Error] :1:1: Premature end of file.
2025-08-07 02:26:17,468 [ERROR] LogOutputStream:75 - [STDERR_REDIRECT] 
2025-08-07 02:26:18,467 [ERROR] LogOutputStream:75 - [STDERR_REDIRECT] [Fatal Error] :1:1: Premature end of file.
2025-08-07 02:26:18,467 [ERROR] LogOutputStream:75 - [STDERR_REDIRECT] 
2025-08-07 02:26:19,470 [ERROR] LogOutputStream:75 - [STDERR_REDIRECT] [Fatal Error] :1:1: Premature end of file.
2025-08-07 02:26:19,470 [ERROR] LogOutputStream:75 - [STDERR_REDIRECT] 
2025-08-07 02:26:20,462 [ERROR] LogOutputStream:75 - [STDERR_REDIRECT] [Fatal Error] :1:1: Premature end of file.
2025-08-07 02:26:20,462 [ERROR] LogOutputStream:75 - [STDERR_REDIRECT] 
2025-08-07 02:26:21,465 [ERROR] LogOutputStream:75 - [STDERR_REDIRECT] [Fatal Error] :1:1: Premature end of file.
2025-08-07 02:26:21,465 [ERROR] LogOutputStream:75 - [STDERR_REDIRECT] 
2025-08-07 02:26:22,460 [ERROR] LogOutputStream:75 - [STDERR_REDIRECT] [Fatal Error] :1:1: Premature end of file.
2025-08-07 02:26:22,460 [ERROR] LogOutputStream:75 - [STDERR_REDIRECT] 
2025-08-07 02:26:23,466 [ERROR] LogOutputStream:75 - [STDERR_REDIRECT] [Fatal Error] :1:1: Premature end of file.
2025-08-07 02:26:23,466 [ERROR] LogOutputStream:75 - [STDERR_REDIRECT] 
2025-08-07 02:26:24,470 [ERROR] LogOutputStream:75 - [STDERR_REDIRECT] [Fatal Error] :1:1: Premature end of file.
2025-08-07 02:26:24,470 [ERROR] LogOutputStream:75 - [STDERR_REDIRECT] 
2025-08-07 02:26:25,464 [ERROR] LogOutputStream:75 - [STDERR_REDIRECT] [Fatal Error] :1:1: Premature end of file.
2025-08-07 02:26:25,464 [ERROR] LogOutputStream:75 - [STDERR_REDIRECT] 
2025-08-07 02:26:26,470 [ERROR] LogOutputStream:75 - [STDERR_REDIRECT] [Fatal Error] :1:1: Premature end of file.
2025-08-07 02:26:26,470 [ERROR] LogOutputStream:75 - [STDERR_REDIRECT] 
2025-08-07 02:26:27,464 [ERROR] LogOutputStream:75 - [STDERR_REDIRECT] [Fatal Error] :1:1: Premature end of file.
2025-08-07 02:26:27,464 [ERROR] LogOutputStream:75 - [STDERR_REDIRECT] 
2025-08-07 02:26:28,468 [ERROR] LogOutputStream:75 - [STDERR_REDIRECT] [Fatal Error] :1:1: Premature end of file.
2025-08-07 02:26:28,468 [ERROR] LogOutputStream:75 - [STDERR_REDIRECT] 
2025-08-07 02:26:29,458 [ERROR] LogOutputStream:75 - [STDERR_REDIRECT] [Fatal Error] :1:1: Premature end of file.
2025-08-07 02:26:29,458 [ERROR] LogOutputStream:75 - [STDERR_REDIRECT] 
2025-08-07 02:26:30,470 [ERROR] LogOutputStream:75 - [STDERR_REDIRECT] [Fatal Error] :1:1: Premature end of file.
2025-08-07 02:26:30,470 [ERROR] LogOutputStream:75 - [STDERR_REDIRECT] 
2025-08-07 02:26:31,462 [ERROR] LogOutputStream:75 - [STDERR_REDIRECT] [Fatal Error] :1:1: Premature end of file.
2025-08-07 02:26:31,462 [ERROR] LogOutputStream:75 - [STDERR_REDIRECT] 
2025-08-07 02:26:32,463 [ERROR] LogOutputStream:75 - [STDERR_REDIRECT] [Fatal Error] :1:1: Premature end of file.
2025-08-07 02:26:32,463 [ERROR] LogOutputStream:75 - [STDERR_REDIRECT] 
2025-08-07 02:26:33,470 [ERROR] LogOutputStream:75 - [STDERR_REDIRECT] [Fatal Error] :1:1: Premature end of file.
2025-08-07 02:26:33,470 [ERROR] LogOutputStream:75 - [STDERR_REDIRECT] 
2025-08-07 02:26:34,466 [ERROR] LogOutputStream:75 - [STDERR_REDIRECT] [Fatal Error] :1:1: Premature end of file.
2025-08-07 02:26:34,467 [ERROR] LogOutputStream:75 - [STDERR_REDIRECT] 
2025-08-07 02:26:35,470 [ERROR] LogOutputStream:75 - [STDERR_REDIRECT] [Fatal Error] :1:1: Premature end of file.
2025-08-07 02:26:35,470 [ERROR] LogOutputStream:75 - [STDERR_REDIRECT] 
2025-08-07 02:26:36,462 [ERROR] LogOutputStream:75 - [STDERR_REDIRECT] [Fatal Error] :1:1: Premature end of file.
2025-08-07 02:26:36,462 [ERROR] LogOutputStream:75 - [STDERR_REDIRECT] 
2025-08-07 02:26:37,468 [ERROR] LogOutputStream:75 - [STDERR_REDIRECT] [Fatal Error] :1:1: Premature end of file.
2025-08-07 02:26:37,470 [ERROR] LogOutputStream:75 - [STDERR_REDIRECT] 
2025-08-07 02:26:38,464 [ERROR] LogOutputStream:75 - [STDERR_REDIRECT] [Fatal Error] :1:1: Premature end of file.
2025-08-07 02:26:38,464 [ERROR] LogOutputStream:75 - [STDERR_REDIRECT] 
2025-08-07 02:26:39,461 [ERROR] LogOutputStream:75 - [STDERR_REDIRECT] [Fatal Error] :1:1: Premature end of file.
2025-08-07 02:26:39,461 [ERROR] LogOutputStream:75 - [STDERR_REDIRECT] 
2025-08-07 02:26:40,466 [ERROR] LogOutputStream:75 - [STDERR_REDIRECT] [Fatal Error] :1:1: Premature end of file.
2025-08-07 02:26:40,466 [ERROR] LogOutputStream:75 - [STDERR_REDIRECT] 
2025-08-07 02:26:41,467 [ERROR] LogOutputStream:75 - [STDERR_REDIRECT] [Fatal Error] :1:1: Premature end of file.
2025-08-07 02:26:41,467 [ERROR] LogOutputStream:75 - [STDERR_REDIRECT] 
2025-08-07 02:26:42,481 [ERROR] LogOutputStream:75 - [STDERR_REDIRECT] [Fatal Error] :1:1: Premature end of file.
2025-08-07 02:26:42,482 [ERROR] LogOutputStream:75 - [STDERR_REDIRECT] 
2025-08-07 02:26:43,461 [ERROR] LogOutputStream:75 - [STDERR_REDIRECT] [Fatal Error] :1:1: Premature end of file.
2025-08-07 02:26:43,461 [ERROR] LogOutputStream:75 - [STDERR_REDIRECT] 
2025-08-07 02:26:44,464 [ERROR] LogOutputStream:75 - [STDERR_REDIRECT] [Fatal Error] :1:1: Premature end of file.
2025-08-07 02:26:44,464 [ERROR] LogOutputStream:75 - [STDERR_REDIRECT] 
2025-08-07 02:26:45,468 [ERROR] LogOutputStream:75 - [STDERR_REDIRECT] [Fatal Error] :1:1: Premature end of file.
2025-08-07 02:26:45,468 [ERROR] LogOutputStream:75 - [STDERR_REDIRECT] 
2025-08-07 02:26:46,463 [ERROR] LogOutputStream:75 - [STDERR_REDIRECT] [Fatal Error] :1:1: Premature end of file.
2025-08-07 02:26:46,463 [ERROR] LogOutputStream:75 - [STDERR_REDIRECT] 
2025-08-07 02:26:47,468 [ERROR] LogOutputStream:75 - [STDERR_REDIRECT] [Fatal Error] :1:1: Premature end of file.
2025-08-07 02:26:47,468 [ERROR] LogOutputStream:75 - [STDERR_REDIRECT] 
2025-08-07 02:26:48,465 [ERROR] LogOutputStream:75 - [STDERR_REDIRECT] [Fatal Error] :1:1: Premature end of file.
2025-08-07 02:26:48,466 [ERROR] LogOutputStream:75 - [STDERR_REDIRECT] 
2025-08-07 02:26:49,480 [ERROR] LogOutputStream:75 - [STDERR_REDIRECT] [Fatal Error] :1:1: Premature end of file.
2025-08-07 02:26:49,480 [ERROR] LogOutputStream:75 - [STDERR_REDIRECT] 
2025-08-07 02:26:50,473 [ERROR] LogOutputStream:75 - [STDERR_REDIRECT] [Fatal Error] :1:1: Premature end of file.
2025-08-07 02:26:50,474 [ERROR] LogOutputStream:75 - [STDERR_REDIRECT] 
2025-08-07 02:26:51,468 [ERROR] LogOutputStream:75 - [STDERR_REDIRECT] [Fatal Error] :1:1: Premature end of file.
2025-08-07 02:26:51,468 [ERROR] LogOutputStream:75 - [STDERR_REDIRECT] 
2025-08-07 02:26:52,481 [ERROR] LogOutputStream:75 - [STDERR_REDIRECT] [Fatal Error] :1:1: Premature end of file.
2025-08-07 02:26:52,481 [ERROR] LogOutputStream:75 - [STDERR_REDIRECT] 
2025-08-07 02:26:53,467 [ERROR] LogOutputStream:75 - [STDERR_REDIRECT] [Fatal Error] :1:1: Premature end of file.
2025-08-07 02:26:53,467 [ERROR] LogOutputStream:75 - [STDERR_REDIRECT] 
2025-08-07 02:26:54,462 [ERROR] LogOutputStream:75 - [STDERR_REDIRECT] [Fatal Error] :1:1: Premature end of file.
2025-08-07 02:26:54,462 [ERROR] LogOutputStream:75 - [STDERR_REDIRECT] 
2025-08-07 02:26:55,465 [ERROR] LogOutputStream:75 - [STDERR_REDIRECT] [Fatal Error] :1:1: Premature end of file.
2025-08-07 02:26:55,465 [ERROR] LogOutputStream:75 - [STDERR_REDIRECT] 
2025-08-07 02:26:56,465 [ERROR] LogOutputStream:75 - [STDERR_REDIRECT] [Fatal Error] :1:1: Premature end of file.
2025-08-07 02:26:56,465 [ERROR] LogOutputStream:75 - [STDERR_REDIRECT] 
2025-08-07 02:26:57,465 [ERROR] LogOutputStream:75 - [STDERR_REDIRECT] [Fatal Error] :1:1: Premature end of file.
2025-08-07 02:26:57,465 [ERROR] LogOutputStream:75 - [STDERR_REDIRECT] 
2025-08-07 02:26:58,472 [ERROR] LogOutputStream:75 - [STDERR_REDIRECT] [Fatal Error] :1:1: Premature end of file.
2025-08-07 02:26:58,472 [ERROR] LogOutputStream:75 - [STDERR_REDIRECT] 
2025-08-07 02:26:59,467 [ERROR] LogOutputStream:75 - [STDERR_REDIRECT] [Fatal Error] :1:1: Premature end of file.
2025-08-07 02:26:59,467 [ERROR] LogOutputStream:75 - [STDERR_REDIRECT] 
2025-08-07 02:27:00,497 [ERROR] LogOutputStream:75 - [STDERR_REDIRECT] [Fatal Error] :1:1: Premature end of file.
2025-08-07 02:27:00,497 [ERROR] LogOutputStream:75 - [STDERR_REDIRECT] 
2025-08-07 02:27:01,460 [ERROR] LogOutputStream:75 - [STDERR_REDIRECT] [Fatal Error] :1:1: Premature end of file.
2025-08-07 02:27:01,461 [ERROR] LogOutputStream:75 - [STDERR_REDIRECT] 
2025-08-07 02:27:02,466 [ERROR] LogOutputStream:75 - [STDERR_REDIRECT] [Fatal Error] :1:1: Premature end of file.
2025-08-07 02:27:02,466 [ERROR] LogOutputStream:75 - [STDERR_REDIRECT] 
2025-08-07 02:27:03,473 [ERROR] LogOutputStream:75 - [STDERR_REDIRECT] [Fatal Error] :1:1: Premature end of file.
2025-08-07 02:27:03,473 [ERROR] LogOutputStream:75 - [STDERR_REDIRECT] 
2025-08-07 02:27:04,486 [ERROR] LogOutputStream:75 - [STDERR_REDIRECT] [Fatal Error] :1:1: Premature end of file.
2025-08-07 02:27:04,486 [ERROR] LogOutputStream:75 - [STDERR_REDIRECT] 
2025-08-07 02:27:05,464 [ERROR] LogOutputStream:75 - [STDERR_REDIRECT] [Fatal Error] :1:1: Premature end of file.
2025-08-07 02:27:05,464 [ERROR] LogOutputStream:75 - [STDERR_REDIRECT] 
2025-08-07 02:27:06,473 [ERROR] LogOutputStream:75 - [STDERR_REDIRECT] [Fatal Error] :1:1: Premature end of file.
2025-08-07 02:27:06,473 [ERROR] LogOutputStream:75 - [STDERR_REDIRECT] 
2025-08-07 02:27:07,456 [ERROR] LogOutputStream:75 - [STDERR_REDIRECT] [Fatal Error] :1:1: Premature end of file.
2025-08-07 02:27:07,456 [ERROR] LogOutputStream:75 - [STDERR_REDIRECT] 
2025-08-07 02:27:08,466 [ERROR] LogOutputStream:75 - [STDERR_REDIRECT] [Fatal Error] :1:1: Premature end of file.
2025-08-07 02:27:08,466 [ERROR] LogOutputStream:75 - [STDERR_REDIRECT] 
2025-08-07 02:27:09,470 [ERROR] LogOutputStream:75 - [STDERR_REDIRECT] [Fatal Error] :1:1: Premature end of file.
2025-08-07 02:27:09,470 [ERROR] LogOutputStream:75 - [STDERR_REDIRECT] 
2025-08-07 02:27:10,459 [ERROR] LogOutputStream:75 - [STDERR_REDIRECT] [Fatal Error] :1:1: Premature end of file.
2025-08-07 02:27:10,459 [ERROR] LogOutputStream:75 - [STDERR_REDIRECT] 
2025-08-07 02:27:11,455 [ERROR] LogOutputStream:75 - [STDERR_REDIRECT] [Fatal Error] :1:1: Premature end of file.
2025-08-07 02:27:11,455 [ERROR] LogOutputStream:75 - [STDERR_REDIRECT] 
2025-08-07 02:27:12,459 [ERROR] LogOutputStream:75 - [STDERR_REDIRECT] [Fatal Error] :1:1: Premature end of file.
2025-08-07 02:27:12,459 [ERROR] LogOutputStream:75 - [STDERR_REDIRECT] 
2025-08-07 02:27:13,468 [ERROR] LogOutputStream:75 - [STDERR_REDIRECT] [Fatal Error] :1:1: Premature end of file.
2025-08-07 02:27:13,468 [ERROR] LogOutputStream:75 - [STDERR_REDIRECT] 
2025-08-07 02:27:14,462 [ERROR] LogOutputStream:75 - [STDERR_REDIRECT] [Fatal Error] :1:1: Premature end of file.
2025-08-07 02:27:14,462 [ERROR] LogOutputStream:75 - [STDERR_REDIRECT] 
2025-08-07 02:27:15,467 [ERROR] LogOutputStream:75 - [STDERR_REDIRECT] [Fatal Error] :1:1: Premature end of file.
2025-08-07 02:27:15,467 [ERROR] LogOutputStream:75 - [STDERR_REDIRECT] 
2025-08-07 02:27:16,458 [ERROR] LogOutputStream:75 - [STDERR_REDIRECT] [Fatal Error] :1:1: Premature end of file.
2025-08-07 02:27:16,458 [ERROR] LogOutputStream:75 - [STDERR_REDIRECT] 
2025-08-07 02:27:17,464 [ERROR] LogOutputStream:75 - [STDERR_REDIRECT] [Fatal Error] :1:1: Premature end of file.
2025-08-07 02:27:17,464 [ERROR] LogOutputStream:75 - [STDERR_REDIRECT] 
2025-08-07 02:27:18,465 [ERROR] LogOutputStream:75 - [STDERR_REDIRECT] [Fatal Error] :1:1: Premature end of file.
2025-08-07 02:27:18,465 [ERROR] LogOutputStream:75 - [STDERR_REDIRECT] 
2025-08-07 02:27:19,460 [ERROR] LogOutputStream:75 - [STDERR_REDIRECT] [Fatal Error] :1:1: Premature end of file.
2025-08-07 02:27:19,460 [ERROR] LogOutputStream:75 - [STDERR_REDIRECT] 
2025-08-07 02:27:20,455 [ERROR] LogOutputStream:75 - [STDERR_REDIRECT] [Fatal Error] :1:1: Premature end of file.
2025-08-07 02:27:20,455 [ERROR] LogOutputStream:75 - [STDERR_REDIRECT] 
2025-08-07 02:27:21,460 [ERROR] LogOutputStream:75 - [STDERR_REDIRECT] [Fatal Error] :1:1: Premature end of file.
2025-08-07 02:27:21,460 [ERROR] LogOutputStream:75 - [STDERR_REDIRECT] 
2025-08-07 02:27:22,465 [ERROR] LogOutputStream:75 - [STDERR_REDIRECT] [Fatal Error] :1:1: Premature end of file.
2025-08-07 02:27:22,465 [ERROR] LogOutputStream:75 - [STDERR_REDIRECT] 
2025-08-07 02:27:23,457 [ERROR] LogOutputStream:75 - [STDERR_REDIRECT] [Fatal Error] :1:1: Premature end of file.
2025-08-07 02:27:23,457 [ERROR] LogOutputStream:75 - [STDERR_REDIRECT] 
2025-08-07 02:27:24,470 [ERROR] LogOutputStream:75 - [STDERR_REDIRECT] [Fatal Error] :1:1: Premature end of file.
2025-08-07 02:27:24,470 [ERROR] LogOutputStream:75 - [STDERR_REDIRECT] 
2025-08-07 02:27:25,464 [ERROR] LogOutputStream:75 - [STDERR_REDIRECT] [Fatal Error] :1:1: Premature end of file.
2025-08-07 02:27:25,464 [ERROR] LogOutputStream:75 - [STDERR_REDIRECT] 
2025-08-07 02:27:26,457 [ERROR] LogOutputStream:75 - [STDERR_REDIRECT] [Fatal Error] :1:1: Premature end of file.
2025-08-07 02:27:26,457 [ERROR] LogOutputStream:75 - [STDERR_REDIRECT] 
2025-08-07 02:27:27,463 [ERROR] LogOutputStream:75 - [STDERR_REDIRECT] [Fatal Error] :1:1: Premature end of file.
2025-08-07 02:27:27,463 [ERROR] LogOutputStream:75 - [STDERR_REDIRECT] 
2025-08-07 02:27:28,470 [ERROR] LogOutputStream:75 - [STDERR_REDIRECT] [Fatal Error] :1:1: Premature end of file.
2025-08-07 02:27:28,471 [ERROR] LogOutputStream:75 - [STDERR_REDIRECT] 
2025-08-07 02:27:29,470 [ERROR] LogOutputStream:75 - [STDERR_REDIRECT] [Fatal Error] :1:1: Premature end of file.
2025-08-07 02:27:29,470 [ERROR] LogOutputStream:75 - [STDERR_REDIRECT] 
2025-08-07 02:27:30,468 [ERROR] LogOutputStream:75 - [STDERR_REDIRECT] [Fatal Error] :1:1: Premature end of file.
2025-08-07 02:27:30,469 [ERROR] LogOutputStream:75 - [STDERR_REDIRECT] 
2025-08-07 02:27:31,478 [ERROR] LogOutputStream:75 - [STDERR_REDIRECT] [Fatal Error] :1:1: Premature end of file.
2025-08-07 02:27:31,479 [ERROR] LogOutputStream:75 - [STDERR_REDIRECT] 
2025-08-07 02:27:32,469 [ERROR] LogOutputStream:75 - [STDERR_REDIRECT] [Fatal Error] :1:1: Premature end of file.
2025-08-07 02:27:32,470 [ERROR] LogOutputStream:75 - [STDERR_REDIRECT] 
2025-08-07 02:27:33,473 [ERROR] LogOutputStream:75 - [STDERR_REDIRECT] [Fatal Error] :1:1: Premature end of file.
2025-08-07 02:27:33,474 [ERROR] LogOutputStream:75 - [STDERR_REDIRECT] 
2025-08-07 02:27:34,462 [ERROR] LogOutputStream:75 - [STDERR_REDIRECT] [Fatal Error] :1:1: Premature end of file.
2025-08-07 02:27:34,463 [ERROR] LogOutputStream:75 - [STDERR_REDIRECT] 
2025-08-07 02:27:35,473 [ERROR] LogOutputStream:75 - [STDERR_REDIRECT] [Fatal Error] :1:1: Premature end of file.
2025-08-07 02:27:35,473 [ERROR] LogOutputStream:75 - [STDERR_REDIRECT] 
2025-08-07 02:27:36,468 [ERROR] LogOutputStream:75 - [STDERR_REDIRECT] [Fatal Error] :1:1: Premature end of file.
2025-08-07 02:27:36,468 [ERROR] LogOutputStream:75 - [STDERR_REDIRECT] 
2025-08-07 02:27:37,461 [ERROR] LogOutputStream:75 - [STDERR_REDIRECT] [Fatal Error] :1:1: Premature end of file.
2025-08-07 02:27:37,461 [ERROR] LogOutputStream:75 - [STDERR_REDIRECT] 
2025-08-07 02:27:38,470 [ERROR] LogOutputStream:75 - [STDERR_REDIRECT] [Fatal Error] :1:1: Premature end of file.
2025-08-07 02:27:38,470 [ERROR] LogOutputStream:75 - [STDERR_REDIRECT] 
2025-08-07 02:27:39,457 [ERROR] LogOutputStream:75 - [STDERR_REDIRECT] [Fatal Error] :1:1: Premature end of file.
2025-08-07 02:27:39,457 [ERROR] LogOutputStream:75 - [STDERR_REDIRECT] 
2025-08-07 02:27:40,463 [ERROR] LogOutputStream:75 - [STDERR_REDIRECT] [Fatal Error] :1:1: Premature end of file.
2025-08-07 02:27:40,463 [ERROR] LogOutputStream:75 - [STDERR_REDIRECT] 
2025-08-07 02:27:41,467 [ERROR] LogOutputStream:75 - [STDERR_REDIRECT] [Fatal Error] :1:1: Premature end of file.
2025-08-07 02:27:41,467 [ERROR] LogOutputStream:75 - [STDERR_REDIRECT] 
2025-08-07 02:27:42,456 [ERROR] LogOutputStream:75 - [STDERR_REDIRECT] [Fatal Error] :1:1: Premature end of file.
2025-08-07 02:27:42,456 [ERROR] LogOutputStream:75 - [STDERR_REDIRECT] 
2025-08-07 02:27:43,464 [ERROR] LogOutputStream:75 - [STDERR_REDIRECT] [Fatal Error] :1:1: Premature end of file.
2025-08-07 02:27:43,464 [ERROR] LogOutputStream:75 - [STDERR_REDIRECT] 
2025-08-07 02:27:44,457 [ERROR] LogOutputStream:75 - [STDERR_REDIRECT] [Fatal Error] :1:1: Premature end of file.
2025-08-07 02:27:44,457 [ERROR] LogOutputStream:75 - [STDERR_REDIRECT] 
2025-08-07 02:27:45,465 [ERROR] LogOutputStream:75 - [STDERR_REDIRECT] [Fatal Error] :1:1: Premature end of file.
2025-08-07 02:27:45,465 [ERROR] LogOutputStream:75 - [STDERR_REDIRECT] 
2025-08-07 02:27:46,462 [ERROR] LogOutputStream:75 - [STDERR_REDIRECT] [Fatal Error] :1:1: Premature end of file.
2025-08-07 02:27:46,462 [ERROR] LogOutputStream:75 - [STDERR_REDIRECT] 
2025-08-07 02:27:47,464 [ERROR] LogOutputStream:75 - [STDERR_REDIRECT] [Fatal Error] :1:1: Premature end of file.
2025-08-07 02:27:47,464 [ERROR] LogOutputStream:75 - [STDERR_REDIRECT] 
2025-08-07 02:27:48,459 [ERROR] LogOutputStream:75 - [STDERR_REDIRECT] [Fatal Error] :1:1: Premature end of file.
2025-08-07 02:27:48,459 [ERROR] LogOutputStream:75 - [STDERR_REDIRECT] 
2025-08-07 02:27:49,468 [ERROR] LogOutputStream:75 - [STDERR_REDIRECT] [Fatal Error] :1:1: Premature end of file.
2025-08-07 02:27:49,470 [ERROR] LogOutputStream:75 - [STDERR_REDIRECT] 
2025-08-07 02:27:50,468 [ERROR] LogOutputStream:75 - [STDERR_REDIRECT] [Fatal Error] :1:1: Premature end of file.
2025-08-07 02:27:50,468 [ERROR] LogOutputStream:75 - [STDERR_REDIRECT] 
2025-08-07 02:27:51,458 [ERROR] LogOutputStream:75 - [STDERR_REDIRECT] [Fatal Error] :1:1: Premature end of file.
2025-08-07 02:27:51,458 [ERROR] LogOutputStream:75 - [STDERR_REDIRECT] 
2025-08-07 02:27:52,466 [ERROR] LogOutputStream:75 - [STDERR_REDIRECT] [Fatal Error] :1:1: Premature end of file.
2025-08-07 02:27:52,466 [ERROR] LogOutputStream:75 - [STDERR_REDIRECT] 
2025-08-07 02:27:53,462 [ERROR] LogOutputStream:75 - [STDERR_REDIRECT] [Fatal Error] :1:1: Premature end of file.
2025-08-07 02:27:53,463 [ERROR] LogOutputStream:75 - [STDERR_REDIRECT] 
2025-08-07 02:27:54,471 [ERROR] LogOutputStream:75 - [STDERR_REDIRECT] [Fatal Error] :1:1: Premature end of file.
2025-08-07 02:27:54,471 [ERROR] LogOutputStream:75 - [STDERR_REDIRECT] 
2025-08-07 02:27:55,461 [ERROR] LogOutputStream:75 - [STDERR_REDIRECT] [Fatal Error] :1:1: Premature end of file.
2025-08-07 02:27:55,462 [ERROR] LogOutputStream:75 - [STDERR_REDIRECT] 
2025-08-07 02:27:56,466 [ERROR] LogOutputStream:75 - [STDERR_REDIRECT] [Fatal Error] :1:1: Premature end of file.
2025-08-07 02:27:56,467 [ERROR] LogOutputStream:75 - [STDERR_REDIRECT] 
2025-08-07 02:27:57,464 [ERROR] LogOutputStream:75 - [STDERR_REDIRECT] [Fatal Error] :1:1: Premature end of file.
2025-08-07 02:27:57,464 [ERROR] LogOutputStream:75 - [STDERR_REDIRECT] 
2025-08-07 02:27:58,470 [ERROR] LogOutputStream:75 - [STDERR_REDIRECT] [Fatal Error] :1:1: Premature end of file.
2025-08-07 02:27:58,471 [ERROR] LogOutputStream:75 - [STDERR_REDIRECT] 
2025-08-07 02:27:59,473 [ERROR] LogOutputStream:75 - [STDERR_REDIRECT] [Fatal Error] :1:1: Premature end of file.
2025-08-07 02:27:59,473 [ERROR] LogOutputStream:75 - [STDERR_REDIRECT] 
2025-08-07 02:28:00,462 [ERROR] LogOutputStream:75 - [STDERR_REDIRECT] [Fatal Error] :1:1: Premature end of file.
2025-08-07 02:28:00,462 [ERROR] LogOutputStream:75 - [STDERR_REDIRECT] 
2025-08-07 02:28:01,468 [ERROR] LogOutputStream:75 - [STDERR_REDIRECT] [Fatal Error] :1:1: Premature end of file.
2025-08-07 02:28:01,468 [ERROR] LogOutputStream:75 - [STDERR_REDIRECT] 
2025-08-07 02:28:02,469 [ERROR] LogOutputStream:75 - [STDERR_REDIRECT] [Fatal Error] :1:1: Premature end of file.
2025-08-07 02:28:02,469 [ERROR] LogOutputStream:75 - [STDERR_REDIRECT] 
2025-08-07 02:28:03,461 [ERROR] LogOutputStream:75 - [STDERR_REDIRECT] [Fatal Error] :1:1: Premature end of file.
2025-08-07 02:28:03,461 [ERROR] LogOutputStream:75 - [STDERR_REDIRECT] 
2025-08-07 02:28:04,462 [ERROR] LogOutputStream:75 - [STDERR_REDIRECT] [Fatal Error] :1:1: Premature end of file.
2025-08-07 02:28:04,462 [ERROR] LogOutputStream:75 - [STDERR_REDIRECT] 
2025-08-07 02:28:05,465 [ERROR] LogOutputStream:75 - [STDERR_REDIRECT] [Fatal Error] :1:1: Premature end of file.
2025-08-07 02:28:05,465 [ERROR] LogOutputStream:75 - [STDERR_REDIRECT] 
2025-08-07 02:28:06,470 [ERROR] LogOutputStream:75 - [STDERR_REDIRECT] [Fatal Error] :1:1: Premature end of file.
2025-08-07 02:28:06,470 [ERROR] LogOutputStream:75 - [STDERR_REDIRECT] 
2025-08-07 02:28:07,465 [ERROR] LogOutputStream:75 - [STDERR_REDIRECT] [Fatal Error] :1:1: Premature end of file.
2025-08-07 02:28:07,465 [ERROR] LogOutputStream:75 - [STDERR_REDIRECT] 
2025-08-07 02:28:08,468 [ERROR] LogOutputStream:75 - [STDERR_REDIRECT] [Fatal Error] :1:1: Premature end of file.
2025-08-07 02:28:08,468 [ERROR] LogOutputStream:75 - [STDERR_REDIRECT] 
2025-08-07 02:28:09,460 [ERROR] LogOutputStream:75 - [STDERR_REDIRECT] [Fatal Error] :1:1: Premature end of file.
2025-08-07 02:28:09,460 [ERROR] LogOutputStream:75 - [STDERR_REDIRECT] 
2025-08-07 02:28:10,468 [ERROR] LogOutputStream:75 - [STDERR_REDIRECT] [Fatal Error] :1:1: Premature end of file.
2025-08-07 02:28:10,468 [ERROR] LogOutputStream:75 - [STDERR_REDIRECT] 
2025-08-07 02:28:11,462 [ERROR] LogOutputStream:75 - [STDERR_REDIRECT] [Fatal Error] :1:1: Premature end of file.
2025-08-07 02:28:11,462 [ERROR] LogOutputStream:75 - [STDERR_REDIRECT] 
2025-08-07 02:28:12,466 [ERROR] LogOutputStream:75 - [STDERR_REDIRECT] [Fatal Error] :1:1: Premature end of file.
2025-08-07 02:28:12,466 [ERROR] LogOutputStream:75 - [STDERR_REDIRECT] 
2025-08-07 02:28:13,462 [ERROR] LogOutputStream:75 - [STDERR_REDIRECT] [Fatal Error] :1:1: Premature end of file.
2025-08-07 02:28:13,462 [ERROR] LogOutputStream:75 - [STDERR_REDIRECT] 
2025-08-07 02:28:14,470 [ERROR] LogOutputStream:75 - [STDERR_REDIRECT] [Fatal Error] :1:1: Premature end of file.
2025-08-07 02:28:14,470 [ERROR] LogOutputStream:75 - [STDERR_REDIRECT] 
2025-08-07 02:28:15,469 [ERROR] LogOutputStream:75 - [STDERR_REDIRECT] [Fatal Error] :1:1: Premature end of file.
2025-08-07 02:28:15,469 [ERROR] LogOutputStream:75 - [STDERR_REDIRECT] 
2025-08-07 02:28:16,462 [ERROR] LogOutputStream:75 - [STDERR_REDIRECT] [Fatal Error] :1:1: Premature end of file.
2025-08-07 02:28:16,462 [ERROR] LogOutputStream:75 - [STDERR_REDIRECT] 
2025-08-07 02:28:17,473 [ERROR] LogOutputStream:75 - [STDERR_REDIRECT] [Fatal Error] :1:1: Premature end of file.
2025-08-07 02:28:17,473 [ERROR] LogOutputStream:75 - [STDERR_REDIRECT] 
2025-08-07 02:28:18,461 [ERROR] LogOutputStream:75 - [STDERR_REDIRECT] [Fatal Error] :1:1: Premature end of file.
2025-08-07 02:28:18,461 [ERROR] LogOutputStream:75 - [STDERR_REDIRECT] 
2025-08-07 02:28:19,467 [ERROR] LogOutputStream:75 - [STDERR_REDIRECT] [Fatal Error] :1:1: Premature end of file.
2025-08-07 02:28:19,468 [ERROR] LogOutputStream:75 - [STDERR_REDIRECT] 
2025-08-07 02:28:20,467 [ERROR] LogOutputStream:75 - [STDERR_REDIRECT] [Fatal Error] :1:1: Premature end of file.
2025-08-07 02:28:20,468 [ERROR] LogOutputStream:75 - [STDERR_REDIRECT] 
2025-08-07 02:28:21,468 [ERROR] LogOutputStream:75 - [STDERR_REDIRECT] [Fatal Error] :1:1: Premature end of file.
2025-08-07 02:28:21,468 [ERROR] LogOutputStream:75 - [STDERR_REDIRECT] 
2025-08-07 02:28:22,458 [ERROR] LogOutputStream:75 - [STDERR_REDIRECT] [Fatal Error] :1:1: Premature end of file.
2025-08-07 02:28:22,458 [ERROR] LogOutputStream:75 - [STDERR_REDIRECT] 
2025-08-07 02:28:23,468 [ERROR] LogOutputStream:75 - [STDERR_REDIRECT] [Fatal Error] :1:1: Premature end of file.
2025-08-07 02:28:23,468 [ERROR] LogOutputStream:75 - [STDERR_REDIRECT] 
2025-08-07 02:28:24,464 [ERROR] LogOutputStream:75 - [STDERR_REDIRECT] [Fatal Error] :1:1: Premature end of file.
2025-08-07 02:28:24,464 [ERROR] LogOutputStream:75 - [STDERR_REDIRECT] 
2025-08-07 02:28:25,467 [ERROR] LogOutputStream:75 - [STDERR_REDIRECT] [Fatal Error] :1:1: Premature end of file.
2025-08-07 02:28:25,468 [ERROR] LogOutputStream:75 - [STDERR_REDIRECT] 
2025-08-07 02:28:26,470 [ERROR] LogOutputStream:75 - [STDERR_REDIRECT] [Fatal Error] :1:1: Premature end of file.
2025-08-07 02:28:26,470 [ERROR] LogOutputStream:75 - [STDERR_REDIRECT] 
2025-08-07 02:28:27,470 [ERROR] LogOutputStream:75 - [STDERR_REDIRECT] [Fatal Error] :1:1: Premature end of file.
2025-08-07 02:28:27,470 [ERROR] LogOutputStream:75 - [STDERR_REDIRECT] 
2025-08-07 02:28:28,464 [ERROR] LogOutputStream:75 - [STDERR_REDIRECT] [Fatal Error] :1:1: Premature end of file.
2025-08-07 02:28:28,464 [ERROR] LogOutputStream:75 - [STDERR_REDIRECT] 
2025-08-07 02:28:29,471 [ERROR] LogOutputStream:75 - [STDERR_REDIRECT] [Fatal Error] :1:1: Premature end of file.
2025-08-07 02:28:29,472 [ERROR] LogOutputStream:75 - [STDERR_REDIRECT] 
2025-08-07 02:28:30,465 [ERROR] LogOutputStream:75 - [STDERR_REDIRECT] [Fatal Error] :1:1: Premature end of file.
2025-08-07 02:28:30,465 [ERROR] LogOutputStream:75 - [STDERR_REDIRECT] 
2025-08-07 02:28:31,457 [ERROR] LogOutputStream:75 - [STDERR_REDIRECT] [Fatal Error] :1:1: Premature end of file.
2025-08-07 02:28:31,457 [ERROR] LogOutputStream:75 - [STDERR_REDIRECT] 
2025-08-07 02:28:32,469 [ERROR] LogOutputStream:75 - [STDERR_REDIRECT] [Fatal Error] :1:1: Premature end of file.
2025-08-07 02:28:32,469 [ERROR] LogOutputStream:75 - [STDERR_REDIRECT] 
2025-08-07 02:28:33,537 [ERROR] LogOutputStream:75 - [STDERR_REDIRECT] [Fatal Error] :1:1: Premature end of file.
2025-08-07 02:28:33,537 [ERROR] LogOutputStream:75 - [STDERR_REDIRECT] 
2025-08-07 02:28:34,466 [ERROR] LogOutputStream:75 - [STDERR_REDIRECT] [Fatal Error] :1:1: Premature end of file.
2025-08-07 02:28:34,466 [ERROR] LogOutputStream:75 - [STDERR_REDIRECT] 
2025-08-07 02:28:35,471 [ERROR] LogOutputStream:75 - [STDERR_REDIRECT] [Fatal Error] :1:1: Premature end of file.
2025-08-07 02:28:35,471 [ERROR] LogOutputStream:75 - [STDERR_REDIRECT] 
2025-08-07 02:28:36,465 [ERROR] LogOutputStream:75 - [STDERR_REDIRECT] [Fatal Error] :1:1: Premature end of file.
2025-08-07 02:28:36,465 [ERROR] LogOutputStream:75 - [STDERR_REDIRECT] 
2025-08-07 02:28:37,473 [ERROR] LogOutputStream:75 - [STDERR_REDIRECT] [Fatal Error] :1:1: Premature end of file.
2025-08-07 02:28:37,473 [ERROR] LogOutputStream:75 - [STDERR_REDIRECT] 
2025-08-07 02:28:38,460 [ERROR] LogOutputStream:75 - [STDERR_REDIRECT] [Fatal Error] :1:1: Premature end of file.
2025-08-07 02:28:38,461 [ERROR] LogOutputStream:75 - [STDERR_REDIRECT] 
2025-08-07 02:28:39,465 [ERROR] LogOutputStream:75 - [STDERR_REDIRECT] [Fatal Error] :1:1: Premature end of file.
2025-08-07 02:28:39,465 [ERROR] LogOutputStream:75 - [STDERR_REDIRECT] 
2025-08-07 02:28:40,475 [ERROR] LogOutputStream:75 - [STDERR_REDIRECT] [Fatal Error] :1:1: Premature end of file.
2025-08-07 02:28:40,475 [ERROR] LogOutputStream:75 - [STDERR_REDIRECT] 
2025-08-07 02:28:41,459 [ERROR] LogOutputStream:75 - [STDERR_REDIRECT] [Fatal Error] :1:1: Premature end of file.
2025-08-07 02:28:41,460 [ERROR] LogOutputStream:75 - [STDERR_REDIRECT] 
2025-08-07 02:28:42,458 [ERROR] LogOutputStream:75 - [STDERR_REDIRECT] [Fatal Error] :1:1: Premature end of file.
2025-08-07 02:28:42,458 [ERROR] LogOutputStream:75 - [STDERR_REDIRECT] 
2025-08-07 02:28:43,471 [ERROR] LogOutputStream:75 - [STDERR_REDIRECT] [Fatal Error] :1:1: Premature end of file.
2025-08-07 02:28:43,471 [ERROR] LogOutputStream:75 - [STDERR_REDIRECT] 
2025-08-07 02:28:44,473 [ERROR] LogOutputStream:75 - [STDERR_REDIRECT] [Fatal Error] :1:1: Premature end of file.
2025-08-07 02:28:44,475 [ERROR] LogOutputStream:75 - [STDERR_REDIRECT] 
2025-08-07 02:28:45,461 [ERROR] LogOutputStream:75 - [STDERR_REDIRECT] [Fatal Error] :1:1: Premature end of file.
2025-08-07 02:28:45,461 [ERROR] LogOutputStream:75 - [STDERR_REDIRECT] 
2025-08-07 02:28:46,470 [ERROR] LogOutputStream:75 - [STDERR_REDIRECT] [Fatal Error] :1:1: Premature end of file.
2025-08-07 02:28:46,470 [ERROR] LogOutputStream:75 - [STDERR_REDIRECT] 
2025-08-07 02:28:47,458 [ERROR] LogOutputStream:75 - [STDERR_REDIRECT] [Fatal Error] :1:1: Premature end of file.
2025-08-07 02:28:47,458 [ERROR] LogOutputStream:75 - [STDERR_REDIRECT] 
2025-08-07 02:28:48,466 [ERROR] LogOutputStream:75 - [STDERR_REDIRECT] [Fatal Error] :1:1: Premature end of file.
2025-08-07 02:28:48,466 [ERROR] LogOutputStream:75 - [STDERR_REDIRECT] 
2025-08-07 02:28:49,470 [ERROR] LogOutputStream:75 - [STDERR_REDIRECT] [Fatal Error] :1:1: Premature end of file.
2025-08-07 02:28:49,470 [ERROR] LogOutputStream:75 - [STDERR_REDIRECT] 
2025-08-07 02:28:50,461 [ERROR] LogOutputStream:75 - [STDERR_REDIRECT] [Fatal Error] :1:1: Premature end of file.
2025-08-07 02:28:50,461 [ERROR] LogOutputStream:75 - [STDERR_REDIRECT] 
2025-08-07 02:28:51,471 [ERROR] LogOutputStream:75 - [STDERR_REDIRECT] [Fatal Error] :1:1: Premature end of file.
2025-08-07 02:28:51,471 [ERROR] LogOutputStream:75 - [STDERR_REDIRECT] 
2025-08-07 02:28:52,470 [ERROR] LogOutputStream:75 - [STDERR_REDIRECT] [Fatal Error] :1:1: Premature end of file.
2025-08-07 02:28:52,470 [ERROR] LogOutputStream:75 - [STDERR_REDIRECT] 
2025-08-07 02:28:53,461 [ERROR] LogOutputStream:75 - [STDERR_REDIRECT] [Fatal Error] :1:1: Premature end of file.
2025-08-07 02:28:53,461 [ERROR] LogOutputStream:75 - [STDERR_REDIRECT] 
2025-08-07 02:28:54,467 [ERROR] LogOutputStream:75 - [STDERR_REDIRECT] [Fatal Error] :1:1: Premature end of file.
2025-08-07 02:28:54,467 [ERROR] LogOutputStream:75 - [STDERR_REDIRECT] 
2025-08-07 02:28:55,462 [ERROR] LogOutputStream:75 - [STDERR_REDIRECT] [Fatal Error] :1:1: Premature end of file.
2025-08-07 02:28:55,462 [ERROR] LogOutputStream:75 - [STDERR_REDIRECT] 
2025-08-07 02:28:56,471 [ERROR] LogOutputStream:75 - [STDERR_REDIRECT] [Fatal Error] :1:1: Premature end of file.
2025-08-07 02:28:56,471 [ERROR] LogOutputStream:75 - [STDERR_REDIRECT] 
2025-08-07 02:28:57,468 [ERROR] LogOutputStream:75 - [STDERR_REDIRECT] [Fatal Error] :1:1: Premature end of file.
2025-08-07 02:28:57,468 [ERROR] LogOutputStream:75 - [STDERR_REDIRECT] 
2025-08-07 02:28:58,466 [ERROR] LogOutputStream:75 - [STDERR_REDIRECT] [Fatal Error] :1:1: Premature end of file.
2025-08-07 02:28:58,466 [ERROR] LogOutputStream:75 - [STDERR_REDIRECT] 
2025-08-07 02:28:59,459 [ERROR] LogOutputStream:75 - [STDERR_REDIRECT] [Fatal Error] :1:1: Premature end of file.
2025-08-07 02:28:59,459 [ERROR] LogOutputStream:75 - [STDERR_REDIRECT] 
2025-08-07 02:29:00,468 [ERROR] LogOutputStream:75 - [STDERR_REDIRECT] [Fatal Error] :1:1: Premature end of file.
2025-08-07 02:29:00,468 [ERROR] LogOutputStream:75 - [STDERR_REDIRECT] 
2025-08-07 02:29:01,461 [ERROR] LogOutputStream:75 - [STDERR_REDIRECT] [Fatal Error] :1:1: Premature end of file.
2025-08-07 02:29:01,461 [ERROR] LogOutputStream:75 - [STDERR_REDIRECT] 
2025-08-07 02:29:02,470 [ERROR] LogOutputStream:75 - [STDERR_REDIRECT] [Fatal Error] :1:1: Premature end of file.
2025-08-07 02:29:02,470 [ERROR] LogOutputStream:75 - [STDERR_REDIRECT] 
2025-08-07 02:29:03,458 [ERROR] LogOutputStream:75 - [STDERR_REDIRECT] [Fatal Error] :1:1: Premature end of file.
2025-08-07 02:29:03,460 [ERROR] LogOutputStream:75 - [STDERR_REDIRECT] 
2025-08-07 02:29:04,466 [ERROR] LogOutputStream:75 - [STDERR_REDIRECT] [Fatal Error] :1:1: Premature end of file.
2025-08-07 02:29:04,466 [ERROR] LogOutputStream:75 - [STDERR_REDIRECT] 
2025-08-07 02:29:05,469 [ERROR] LogOutputStream:75 - [STDERR_REDIRECT] [Fatal Error] :1:1: Premature end of file.
2025-08-07 02:29:05,469 [ERROR] LogOutputStream:75 - [STDERR_REDIRECT] 
2025-08-07 02:29:06,467 [ERROR] LogOutputStream:75 - [STDERR_REDIRECT] [Fatal Error] :1:1: Premature end of file.
2025-08-07 02:29:06,467 [ERROR] LogOutputStream:75 - [STDERR_REDIRECT] 
2025-08-07 02:29:07,458 [ERROR] LogOutputStream:75 - [STDERR_REDIRECT] [Fatal Error] :1:1: Premature end of file.
2025-08-07 02:29:07,458 [ERROR] LogOutputStream:75 - [STDERR_REDIRECT] 
2025-08-07 02:29:08,467 [ERROR] LogOutputStream:75 - [STDERR_REDIRECT] [Fatal Error] :1:1: Premature end of file.
2025-08-07 02:29:08,468 [ERROR] LogOutputStream:75 - [STDERR_REDIRECT] 
2025-08-07 02:29:09,468 [ERROR] LogOutputStream:75 - [STDERR_REDIRECT] [Fatal Error] :1:1: Premature end of file.
2025-08-07 02:29:09,468 [ERROR] LogOutputStream:75 - [STDERR_REDIRECT] 
2025-08-07 02:29:10,465 [ERROR] LogOutputStream:75 - [STDERR_REDIRECT] [Fatal Error] :1:1: Premature end of file.
2025-08-07 02:29:10,465 [ERROR] LogOutputStream:75 - [STDERR_REDIRECT] 
2025-08-07 02:29:11,471 [ERROR] LogOutputStream:75 - [STDERR_REDIRECT] [Fatal Error] :1:1: Premature end of file.
2025-08-07 02:29:11,471 [ERROR] LogOutputStream:75 - [STDERR_REDIRECT] 
2025-08-07 02:29:12,464 [ERROR] LogOutputStream:75 - [STDERR_REDIRECT] [Fatal Error] :1:1: Premature end of file.
2025-08-07 02:29:12,465 [ERROR] LogOutputStream:75 - [STDERR_REDIRECT] 
2025-08-07 02:29:13,466 [ERROR] LogOutputStream:75 - [STDERR_REDIRECT] [Fatal Error] :1:1: Premature end of file.
2025-08-07 02:29:13,467 [ERROR] LogOutputStream:75 - [STDERR_REDIRECT] 
2025-08-07 02:29:14,457 [ERROR] LogOutputStream:75 - [STDERR_REDIRECT] [Fatal Error] :1:1: Premature end of file.
2025-08-07 02:29:14,457 [ERROR] LogOutputStream:75 - [STDERR_REDIRECT] 
2025-08-07 02:29:15,464 [ERROR] LogOutputStream:75 - [STDERR_REDIRECT] [Fatal Error] :1:1: Premature end of file.
2025-08-07 02:29:15,464 [ERROR] LogOutputStream:75 - [STDERR_REDIRECT] 
2025-08-07 02:29:16,459 [ERROR] LogOutputStream:75 - [STDERR_REDIRECT] [Fatal Error] :1:1: Premature end of file.
2025-08-07 02:29:16,459 [ERROR] LogOutputStream:75 - [STDERR_REDIRECT] 
2025-08-07 02:29:17,473 [ERROR] LogOutputStream:75 - [STDERR_REDIRECT] [Fatal Error] :1:1: Premature end of file.
2025-08-07 02:29:17,473 [ERROR] LogOutputStream:75 - [STDERR_REDIRECT] 
2025-08-07 02:29:18,468 [ERROR] LogOutputStream:75 - [STDERR_REDIRECT] [Fatal Error] :1:1: Premature end of file.
2025-08-07 02:29:18,468 [ERROR] LogOutputStream:75 - [STDERR_REDIRECT] 
2025-08-07 02:29:19,468 [ERROR] LogOutputStream:75 - [STDERR_REDIRECT] [Fatal Error] :1:1: Premature end of file.
2025-08-07 02:29:19,468 [ERROR] LogOutputStream:75 - [STDERR_REDIRECT] 
2025-08-07 02:29:20,472 [ERROR] LogOutputStream:75 - [STDERR_REDIRECT] [Fatal Error] :1:1: Premature end of file.
2025-08-07 02:29:20,472 [ERROR] LogOutputStream:75 - [STDERR_REDIRECT] 
2025-08-07 02:29:21,458 [ERROR] LogOutputStream:75 - [STDERR_REDIRECT] [Fatal Error] :1:1: Premature end of file.
2025-08-07 02:29:21,458 [ERROR] LogOutputStream:75 - [STDERR_REDIRECT] 
2025-08-07 02:29:22,468 [ERROR] LogOutputStream:75 - [STDERR_REDIRECT] [Fatal Error] :1:1: Premature end of file.
2025-08-07 02:29:22,468 [ERROR] LogOutputStream:75 - [STDERR_REDIRECT] 
2025-08-07 02:29:23,471 [ERROR] LogOutputStream:75 - [STDERR_REDIRECT] [Fatal Error] :1:1: Premature end of file.
2025-08-07 02:29:23,471 [ERROR] LogOutputStream:75 - [STDERR_REDIRECT] 
2025-08-07 02:29:24,466 [ERROR] LogOutputStream:75 - [STDERR_REDIRECT] [Fatal Error] :1:1: Premature end of file.
2025-08-07 02:29:24,466 [ERROR] LogOutputStream:75 - [STDERR_REDIRECT] 
2025-08-07 02:29:25,472 [ERROR] LogOutputStream:75 - [STDERR_REDIRECT] [Fatal Error] :1:1: Premature end of file.
2025-08-07 02:29:25,472 [ERROR] LogOutputStream:75 - [STDERR_REDIRECT] 
2025-08-07 02:29:26,462 [ERROR] LogOutputStream:75 - [STDERR_REDIRECT] [Fatal Error] :1:1: Premature end of file.
2025-08-07 02:29:26,462 [ERROR] LogOutputStream:75 - [STDERR_REDIRECT] 
2025-08-07 02:29:27,466 [ERROR] LogOutputStream:75 - [STDERR_REDIRECT] [Fatal Error] :1:1: Premature end of file.
2025-08-07 02:29:27,466 [ERROR] LogOutputStream:75 - [STDERR_REDIRECT] 
2025-08-07 02:29:28,470 [ERROR] LogOutputStream:75 - [STDERR_REDIRECT] [Fatal Error] :1:1: Premature end of file.
2025-08-07 02:29:28,470 [ERROR] LogOutputStream:75 - [STDERR_REDIRECT] 
2025-08-07 02:29:29,471 [ERROR] LogOutputStream:75 - [STDERR_REDIRECT] [Fatal Error] :1:1: Premature end of file.
2025-08-07 02:29:29,471 [ERROR] LogOutputStream:75 - [STDERR_REDIRECT] 
2025-08-07 02:29:30,463 [ERROR] LogOutputStream:75 - [STDERR_REDIRECT] [Fatal Error] :1:1: Premature end of file.
2025-08-07 02:29:30,463 [ERROR] LogOutputStream:75 - [STDERR_REDIRECT] 
2025-08-07 02:29:31,467 [ERROR] LogOutputStream:75 - [STDERR_REDIRECT] [Fatal Error] :1:1: Premature end of file.
2025-08-07 02:29:31,467 [ERROR] LogOutputStream:75 - [STDERR_REDIRECT] 
2025-08-07 02:29:32,468 [ERROR] LogOutputStream:75 - [STDERR_REDIRECT] [Fatal Error] :1:1: Premature end of file.
2025-08-07 02:29:32,468 [ERROR] LogOutputStream:75 - [STDERR_REDIRECT] 
2025-08-07 02:29:33,457 [ERROR] LogOutputStream:75 - [STDERR_REDIRECT] [Fatal Error] :1:1: Premature end of file.
2025-08-07 02:29:33,457 [ERROR] LogOutputStream:75 - [STDERR_REDIRECT] 
2025-08-07 02:29:34,461 [ERROR] LogOutputStream:75 - [STDERR_REDIRECT] [Fatal Error] :1:1: Premature end of file.
2025-08-07 02:29:34,461 [ERROR] LogOutputStream:75 - [STDERR_REDIRECT] 
2025-08-07 02:29:35,469 [ERROR] LogOutputStream:75 - [STDERR_REDIRECT] [Fatal Error] :1:1: Premature end of file.
2025-08-07 02:29:35,469 [ERROR] LogOutputStream:75 - [STDERR_REDIRECT] 
2025-08-07 02:29:36,461 [ERROR] LogOutputStream:75 - [STDERR_REDIRECT] [Fatal Error] :1:1: Premature end of file.
2025-08-07 02:29:36,461 [ERROR] LogOutputStream:75 - [STDERR_REDIRECT] 
2025-08-07 02:29:37,469 [ERROR] LogOutputStream:75 - [STDERR_REDIRECT] [Fatal Error] :1:1: Premature end of file.
2025-08-07 02:29:37,469 [ERROR] LogOutputStream:75 - [STDERR_REDIRECT] 
2025-08-07 02:29:38,458 [ERROR] LogOutputStream:75 - [STDERR_REDIRECT] [Fatal Error] :1:1: Premature end of file.
2025-08-07 02:29:38,458 [ERROR] LogOutputStream:75 - [STDERR_REDIRECT] 
2025-08-07 02:29:39,468 [ERROR] LogOutputStream:75 - [STDERR_REDIRECT] [Fatal Error] :1:1: Premature end of file.
2025-08-07 02:29:39,468 [ERROR] LogOutputStream:75 - [STDERR_REDIRECT] 
2025-08-07 02:29:40,473 [ERROR] LogOutputStream:75 - [STDERR_REDIRECT] [Fatal Error] :1:1: Premature end of file.
2025-08-07 02:29:40,473 [ERROR] LogOutputStream:75 - [STDERR_REDIRECT] 
2025-08-07 02:29:41,468 [ERROR] LogOutputStream:75 - [STDERR_REDIRECT] [Fatal Error] :1:1: Premature end of file.
2025-08-07 02:29:41,468 [ERROR] LogOutputStream:75 - [STDERR_REDIRECT] 
2025-08-07 02:29:42,470 [ERROR] LogOutputStream:75 - [STDERR_REDIRECT] [Fatal Error] :1:1: Premature end of file.
2025-08-07 02:29:42,470 [ERROR] LogOutputStream:75 - [STDERR_REDIRECT] 
2025-08-07 02:29:43,460 [ERROR] LogOutputStream:75 - [STDERR_REDIRECT] [Fatal Error] :1:1: Premature end of file.
2025-08-07 02:29:43,461 [ERROR] LogOutputStream:75 - [STDERR_REDIRECT] 
2025-08-07 02:29:44,468 [ERROR] LogOutputStream:75 - [STDERR_REDIRECT] [Fatal Error] :1:1: Premature end of file.
2025-08-07 02:29:44,468 [ERROR] LogOutputStream:75 - [STDERR_REDIRECT] 
2025-08-07 02:29:45,462 [ERROR] LogOutputStream:75 - [STDERR_REDIRECT] [Fatal Error] :1:1: Premature end of file.
2025-08-07 02:29:45,462 [ERROR] LogOutputStream:75 - [STDERR_REDIRECT] 
2025-08-07 02:29:46,465 [ERROR] LogOutputStream:75 - [STDERR_REDIRECT] [Fatal Error] :1:1: Premature end of file.
2025-08-07 02:29:46,465 [ERROR] LogOutputStream:75 - [STDERR_REDIRECT] 
2025-08-07 02:29:47,474 [ERROR] LogOutputStream:75 - [STDERR_REDIRECT] [Fatal Error] :1:1: Premature end of file.
2025-08-07 02:29:47,474 [ERROR] LogOutputStream:75 - [STDERR_REDIRECT] 
2025-08-07 02:29:48,469 [ERROR] LogOutputStream:75 - [STDERR_REDIRECT] [Fatal Error] :1:1: Premature end of file.
2025-08-07 02:29:48,470 [ERROR] LogOutputStream:75 - [STDERR_REDIRECT] 
2025-08-07 02:29:49,465 [ERROR] LogOutputStream:75 - [STDERR_REDIRECT] [Fatal Error] :1:1: Premature end of file.
2025-08-07 02:29:49,465 [ERROR] LogOutputStream:75 - [STDERR_REDIRECT] 
2025-08-07 02:29:50,470 [ERROR] LogOutputStream:75 - [STDERR_REDIRECT] [Fatal Error] :1:1: Premature end of file.
2025-08-07 02:29:50,470 [ERROR] LogOutputStream:75 - [STDERR_REDIRECT] 
2025-08-07 02:29:51,469 [ERROR] LogOutputStream:75 - [STDERR_REDIRECT] [Fatal Error] :1:1: Premature end of file.
2025-08-07 02:29:51,469 [ERROR] LogOutputStream:75 - [STDERR_REDIRECT] 
2025-08-07 02:29:52,465 [ERROR] LogOutputStream:75 - [STDERR_REDIRECT] [Fatal Error] :1:1: Premature end of file.
2025-08-07 02:29:52,465 [ERROR] LogOutputStream:75 - [STDERR_REDIRECT] 
2025-08-07 02:29:53,472 [ERROR] LogOutputStream:75 - [STDERR_REDIRECT] [Fatal Error] :1:1: Premature end of file.
2025-08-07 02:29:53,473 [ERROR] LogOutputStream:75 - [STDERR_REDIRECT] 
2025-08-07 02:29:54,466 [ERROR] LogOutputStream:75 - [STDERR_REDIRECT] [Fatal Error] :1:1: Premature end of file.
2025-08-07 02:29:54,466 [ERROR] LogOutputStream:75 - [STDERR_REDIRECT] 
2025-08-07 02:29:55,465 [ERROR] LogOutputStream:75 - [STDERR_REDIRECT] [Fatal Error] :1:1: Premature end of file.
2025-08-07 02:29:55,465 [ERROR] LogOutputStream:75 - [STDERR_REDIRECT] 
2025-08-07 02:29:56,461 [ERROR] LogOutputStream:75 - [STDERR_REDIRECT] [Fatal Error] :1:1: Premature end of file.
2025-08-07 02:29:56,461 [ERROR] LogOutputStream:75 - [STDERR_REDIRECT] 
2025-08-07 02:29:57,468 [ERROR] LogOutputStream:75 - [STDERR_REDIRECT] [Fatal Error] :1:1: Premature end of file.
2025-08-07 02:29:57,468 [ERROR] LogOutputStream:75 - [STDERR_REDIRECT] 
2025-08-07 02:29:58,460 [ERROR] LogOutputStream:75 - [STDERR_REDIRECT] [Fatal Error] :1:1: Premature end of file.
2025-08-07 02:29:58,460 [ERROR] LogOutputStream:75 - [STDERR_REDIRECT] 
2025-08-07 02:29:59,466 [ERROR] LogOutputStream:75 - [STDERR_REDIRECT] [Fatal Error] :1:1: Premature end of file.
2025-08-07 02:29:59,466 [ERROR] LogOutputStream:75 - [STDERR_REDIRECT] 
2025-08-07 02:30:00,460 [ERROR] LogOutputStream:75 - [STDERR_REDIRECT] [Fatal Error] :1:1: Premature end of file.
2025-08-07 02:30:00,460 [ERROR] LogOutputStream:75 - [STDERR_REDIRECT] 
2025-08-07 02:30:01,463 [ERROR] LogOutputStream:75 - [STDERR_REDIRECT] [Fatal Error] :1:1: Premature end of file.
2025-08-07 02:30:01,464 [ERROR] LogOutputStream:75 - [STDERR_REDIRECT] 
2025-08-07 02:30:02,466 [ERROR] LogOutputStream:75 - [STDERR_REDIRECT] [Fatal Error] :1:1: Premature end of file.
2025-08-07 02:30:02,466 [ERROR] LogOutputStream:75 - [STDERR_REDIRECT] 
2025-08-07 02:30:03,469 [ERROR] LogOutputStream:75 - [STDERR_REDIRECT] [Fatal Error] :1:1: Premature end of file.
2025-08-07 02:30:03,470 [ERROR] LogOutputStream:75 - [STDERR_REDIRECT] 
2025-08-07 02:30:04,466 [ERROR] LogOutputStream:75 - [STDERR_REDIRECT] [Fatal Error] :1:1: Premature end of file.
2025-08-07 02:30:04,466 [ERROR] LogOutputStream:75 - [STDERR_REDIRECT] 
2025-08-07 02:30:05,470 [ERROR] LogOutputStream:75 - [STDERR_REDIRECT] [Fatal Error] :1:1: Premature end of file.
2025-08-07 02:30:05,470 [ERROR] LogOutputStream:75 - [STDERR_REDIRECT] 
2025-08-07 02:30:06,462 [ERROR] LogOutputStream:75 - [STDERR_REDIRECT] [Fatal Error] :1:1: Premature end of file.
2025-08-07 02:30:06,462 [ERROR] LogOutputStream:75 - [STDERR_REDIRECT] 
2025-08-07 02:30:07,458 [ERROR] LogOutputStream:75 - [STDERR_REDIRECT] [Fatal Error] :1:1: Premature end of file.
2025-08-07 02:30:07,459 [ERROR] LogOutputStream:75 - [STDERR_REDIRECT] 
2025-08-07 02:30:08,464 [ERROR] LogOutputStream:75 - [STDERR_REDIRECT] [Fatal Error] :1:1: Premature end of file.
2025-08-07 02:30:08,464 [ERROR] LogOutputStream:75 - [STDERR_REDIRECT] 
2025-08-07 02:30:09,466 [ERROR] LogOutputStream:75 - [STDERR_REDIRECT] [Fatal Error] :1:1: Premature end of file.
2025-08-07 02:30:09,466 [ERROR] LogOutputStream:75 - [STDERR_REDIRECT] 
2025-08-07 02:30:10,470 [ERROR] LogOutputStream:75 - [STDERR_REDIRECT] [Fatal Error] :1:1: Premature end of file.
2025-08-07 02:30:10,470 [ERROR] LogOutputStream:75 - [STDERR_REDIRECT] 
2025-08-07 02:30:11,458 [ERROR] LogOutputStream:75 - [STDERR_REDIRECT] [Fatal Error] :1:1: Premature end of file.
2025-08-07 02:30:11,458 [ERROR] LogOutputStream:75 - [STDERR_REDIRECT] 
2025-08-07 02:30:12,464 [ERROR] LogOutputStream:75 - [STDERR_REDIRECT] [Fatal Error] :1:1: Premature end of file.
2025-08-07 02:30:12,464 [ERROR] LogOutputStream:75 - [STDERR_REDIRECT] 
2025-08-07 02:30:13,459 [ERROR] LogOutputStream:75 - [STDERR_REDIRECT] [Fatal Error] :1:1: Premature end of file.
2025-08-07 02:30:13,459 [ERROR] LogOutputStream:75 - [STDERR_REDIRECT] 
2025-08-07 02:30:14,468 [ERROR] LogOutputStream:75 - [STDERR_REDIRECT] [Fatal Error] :1:1: Premature end of file.
2025-08-07 02:30:14,469 [ERROR] LogOutputStream:75 - [STDERR_REDIRECT] 
2025-08-07 02:30:15,461 [ERROR] LogOutputStream:75 - [STDERR_REDIRECT] [Fatal Error] :1:1: Premature end of file.
2025-08-07 02:30:15,461 [ERROR] LogOutputStream:75 - [STDERR_REDIRECT] 
2025-08-07 02:30:16,465 [ERROR] LogOutputStream:75 - [STDERR_REDIRECT] [Fatal Error] :1:1: Premature end of file.
2025-08-07 02:30:16,466 [ERROR] LogOutputStream:75 - [STDERR_REDIRECT] 
2025-08-07 02:30:17,466 [ERROR] LogOutputStream:75 - [STDERR_REDIRECT] [Fatal Error] :1:1: Premature end of file.
2025-08-07 02:30:17,466 [ERROR] LogOutputStream:75 - [STDERR_REDIRECT] 
2025-08-07 02:30:18,458 [ERROR] LogOutputStream:75 - [STDERR_REDIRECT] [Fatal Error] :1:1: Premature end of file.
2025-08-07 02:30:18,459 [ERROR] LogOutputStream:75 - [STDERR_REDIRECT] 
2025-08-07 02:30:19,465 [ERROR] LogOutputStream:75 - [STDERR_REDIRECT] [Fatal Error] :1:1: Premature end of file.
2025-08-07 02:30:19,465 [ERROR] LogOutputStream:75 - [STDERR_REDIRECT] 
2025-08-07 02:30:20,458 [ERROR] LogOutputStream:75 - [STDERR_REDIRECT] [Fatal Error] :1:1: Premature end of file.
2025-08-07 02:30:20,458 [ERROR] LogOutputStream:75 - [STDERR_REDIRECT] 
2025-08-07 02:30:21,458 [ERROR] LogOutputStream:75 - [STDERR_REDIRECT] [Fatal Error] :1:1: Premature end of file.
2025-08-07 02:30:21,459 [ERROR] LogOutputStream:75 - [STDERR_REDIRECT] 
2025-08-07 02:30:22,457 [ERROR] LogOutputStream:75 - [STDERR_REDIRECT] [Fatal Error] :1:1: Premature end of file.
2025-08-07 02:30:22,457 [ERROR] LogOutputStream:75 - [STDERR_REDIRECT] 
2025-08-07 02:30:23,462 [ERROR] LogOutputStream:75 - [STDERR_REDIRECT] [Fatal Error] :1:1: Premature end of file.
2025-08-07 02:30:23,462 [ERROR] LogOutputStream:75 - [STDERR_REDIRECT] 
2025-08-07 02:30:24,468 [ERROR] LogOutputStream:75 - [STDERR_REDIRECT] [Fatal Error] :1:1: Premature end of file.
2025-08-07 02:30:24,468 [ERROR] LogOutputStream:75 - [STDERR_REDIRECT] 
2025-08-07 02:30:25,467 [ERROR] LogOutputStream:75 - [STDERR_REDIRECT] [Fatal Error] :1:1: Premature end of file.
2025-08-07 02:30:25,467 [ERROR] LogOutputStream:75 - [STDERR_REDIRECT] 
2025-08-07 02:30:26,470 [ERROR] LogOutputStream:75 - [STDERR_REDIRECT] [Fatal Error] :1:1: Premature end of file.
2025-08-07 02:30:26,470 [ERROR] LogOutputStream:75 - [STDERR_REDIRECT] 
2025-08-07 02:30:27,467 [ERROR] LogOutputStream:75 - [STDERR_REDIRECT] [Fatal Error] :1:1: Premature end of file.
2025-08-07 02:30:27,467 [ERROR] LogOutputStream:75 - [STDERR_REDIRECT] 
2025-08-07 02:30:28,465 [ERROR] LogOutputStream:75 - [STDERR_REDIRECT] [Fatal Error] :1:1: Premature end of file.
2025-08-07 02:30:28,466 [ERROR] LogOutputStream:75 - [STDERR_REDIRECT] 
2025-08-07 02:30:29,463 [ERROR] LogOutputStream:75 - [STDERR_REDIRECT] [Fatal Error] :1:1: Premature end of file.
2025-08-07 02:30:29,463 [ERROR] LogOutputStream:75 - [STDERR_REDIRECT] 
2025-08-07 02:30:30,473 [ERROR] LogOutputStream:75 - [STDERR_REDIRECT] [Fatal Error] :1:1: Premature end of file.
2025-08-07 02:30:30,473 [ERROR] LogOutputStream:75 - [STDERR_REDIRECT] 
2025-08-07 02:30:31,462 [ERROR] LogOutputStream:75 - [STDERR_REDIRECT] [Fatal Error] :1:1: Premature end of file.
2025-08-07 02:30:31,462 [ERROR] LogOutputStream:75 - [STDERR_REDIRECT] 
2025-08-07 02:30:32,469 [ERROR] LogOutputStream:75 - [STDERR_REDIRECT] [Fatal Error] :1:1: Premature end of file.
2025-08-07 02:30:32,469 [ERROR] LogOutputStream:75 - [STDERR_REDIRECT] 
2025-08-07 02:30:33,465 [ERROR] LogOutputStream:75 - [STDERR_REDIRECT] [Fatal Error] :1:1: Premature end of file.
2025-08-07 02:30:33,465 [ERROR] LogOutputStream:75 - [STDERR_REDIRECT] 
2025-08-07 02:30:34,461 [ERROR] LogOutputStream:75 - [STDERR_REDIRECT] [Fatal Error] :1:1: Premature end of file.
2025-08-07 02:30:34,461 [ERROR] LogOutputStream:75 - [STDERR_REDIRECT] 
2025-08-07 02:30:35,463 [ERROR] LogOutputStream:75 - [STDERR_REDIRECT] [Fatal Error] :1:1: Premature end of file.
2025-08-07 02:30:35,463 [ERROR] LogOutputStream:75 - [STDERR_REDIRECT] 
2025-08-07 02:30:36,467 [ERROR] LogOutputStream:75 - [STDERR_REDIRECT] [Fatal Error] :1:1: Premature end of file.
2025-08-07 02:30:36,467 [ERROR] LogOutputStream:75 - [STDERR_REDIRECT] 
2025-08-07 02:30:37,470 [ERROR] LogOutputStream:75 - [STDERR_REDIRECT] [Fatal Error] :1:1: Premature end of file.
2025-08-07 02:30:37,470 [ERROR] LogOutputStream:75 - [STDERR_REDIRECT] 
2025-08-07 02:30:38,459 [ERROR] LogOutputStream:75 - [STDERR_REDIRECT] [Fatal Error] :1:1: Premature end of file.
2025-08-07 02:30:38,459 [ERROR] LogOutputStream:75 - [STDERR_REDIRECT] 
2025-08-07 02:30:39,469 [ERROR] LogOutputStream:75 - [STDERR_REDIRECT] [Fatal Error] :1:1: Premature end of file.
2025-08-07 02:30:39,469 [ERROR] LogOutputStream:75 - [STDERR_REDIRECT] 
2025-08-07 02:30:40,472 [ERROR] LogOutputStream:75 - [STDERR_REDIRECT] [Fatal Error] :1:1: Premature end of file.
2025-08-07 02:30:40,472 [ERROR] LogOutputStream:75 - [STDERR_REDIRECT] 
2025-08-07 02:30:41,467 [ERROR] LogOutputStream:75 - [STDERR_REDIRECT] [Fatal Error] :1:1: Premature end of file.
2025-08-07 02:30:41,468 [ERROR] LogOutputStream:75 - [STDERR_REDIRECT] 
2025-08-07 02:30:42,459 [ERROR] LogOutputStream:75 - [STDERR_REDIRECT] [Fatal Error] :1:1: Premature end of file.
2025-08-07 02:30:42,459 [ERROR] LogOutputStream:75 - [STDERR_REDIRECT] 
2025-08-07 02:30:43,459 [ERROR] LogOutputStream:75 - [STDERR_REDIRECT] [Fatal Error] :1:1: Premature end of file.
2025-08-07 02:30:43,459 [ERROR] LogOutputStream:75 - [STDERR_REDIRECT] 
2025-08-07 02:30:44,469 [ERROR] LogOutputStream:75 - [STDERR_REDIRECT] [Fatal Error] :1:1: Premature end of file.
2025-08-07 02:30:44,469 [ERROR] LogOutputStream:75 - [STDERR_REDIRECT] 
2025-08-07 02:30:45,468 [ERROR] LogOutputStream:75 - [STDERR_REDIRECT] [Fatal Error] :1:1: Premature end of file.
2025-08-07 02:30:45,468 [ERROR] LogOutputStream:75 - [STDERR_REDIRECT] 
2025-08-07 02:30:46,460 [ERROR] LogOutputStream:75 - [STDERR_REDIRECT] [Fatal Error] :1:1: Premature end of file.
2025-08-07 02:30:46,461 [ERROR] LogOutputStream:75 - [STDERR_REDIRECT] 
2025-08-07 02:30:47,465 [ERROR] LogOutputStream:75 - [STDERR_REDIRECT] [Fatal Error] :1:1: Premature end of file.
2025-08-07 02:30:47,465 [ERROR] LogOutputStream:75 - [STDERR_REDIRECT] 
2025-08-07 02:30:48,469 [ERROR] LogOutputStream:75 - [STDERR_REDIRECT] [Fatal Error] :1:1: Premature end of file.
2025-08-07 02:30:48,469 [ERROR] LogOutputStream:75 - [STDERR_REDIRECT] 
2025-08-07 02:30:49,466 [ERROR] LogOutputStream:75 - [STDERR_REDIRECT] [Fatal Error] :1:1: Premature end of file.
2025-08-07 02:30:49,466 [ERROR] LogOutputStream:75 - [STDERR_REDIRECT] 
2025-08-07 02:30:50,469 [ERROR] LogOutputStream:75 - [STDERR_REDIRECT] [Fatal Error] :1:1: Premature end of file.
2025-08-07 02:30:50,469 [ERROR] LogOutputStream:75 - [STDERR_REDIRECT] 
2025-08-07 02:30:51,464 [ERROR] LogOutputStream:75 - [STDERR_REDIRECT] [Fatal Error] :1:1: Premature end of file.
2025-08-07 02:30:51,464 [ERROR] LogOutputStream:75 - [STDERR_REDIRECT] 
2025-08-07 02:30:52,471 [ERROR] LogOutputStream:75 - [STDERR_REDIRECT] [Fatal Error] :1:1: Premature end of file.
2025-08-07 02:30:52,471 [ERROR] LogOutputStream:75 - [STDERR_REDIRECT] 
2025-08-07 02:30:53,459 [ERROR] LogOutputStream:75 - [STDERR_REDIRECT] [Fatal Error] :1:1: Premature end of file.
2025-08-07 02:30:53,459 [ERROR] LogOutputStream:75 - [STDERR_REDIRECT] 
2025-08-07 02:30:54,469 [ERROR] LogOutputStream:75 - [STDERR_REDIRECT] [Fatal Error] :1:1: Premature end of file.
2025-08-07 02:30:54,469 [ERROR] LogOutputStream:75 - [STDERR_REDIRECT] 
2025-08-07 02:30:55,459 [ERROR] LogOutputStream:75 - [STDERR_REDIRECT] [Fatal Error] :1:1: Premature end of file.
2025-08-07 02:30:55,459 [ERROR] LogOutputStream:75 - [STDERR_REDIRECT] 
2025-08-07 02:30:56,472 [ERROR] LogOutputStream:75 - [STDERR_REDIRECT] [Fatal Error] :1:1: Premature end of file.
2025-08-07 02:30:56,472 [ERROR] LogOutputStream:75 - [STDERR_REDIRECT] 
2025-08-07 02:30:57,474 [ERROR] LogOutputStream:75 - [STDERR_REDIRECT] [Fatal Error] :1:1: Premature end of file.
2025-08-07 02:30:57,474 [ERROR] LogOutputStream:75 - [STDERR_REDIRECT] 
2025-08-07 02:30:58,464 [ERROR] LogOutputStream:75 - [STDERR_REDIRECT] [Fatal Error] :1:1: Premature end of file.
2025-08-07 02:30:58,464 [ERROR] LogOutputStream:75 - [STDERR_REDIRECT] 
2025-08-07 02:30:59,464 [ERROR] LogOutputStream:75 - [STDERR_REDIRECT] [Fatal Error] :1:1: Premature end of file.
2025-08-07 02:30:59,464 [ERROR] LogOutputStream:75 - [STDERR_REDIRECT] 
2025-08-07 02:31:00,471 [ERROR] LogOutputStream:75 - [STDERR_REDIRECT] [Fatal Error] :1:1: Premature end of file.
2025-08-07 02:31:00,472 [ERROR] LogOutputStream:75 - [STDERR_REDIRECT] 
2025-08-07 02:31:01,469 [ERROR] LogOutputStream:75 - [STDERR_REDIRECT] [Fatal Error] :1:1: Premature end of file.
2025-08-07 02:31:01,469 [ERROR] LogOutputStream:75 - [STDERR_REDIRECT] 
2025-08-07 02:31:02,460 [ERROR] LogOutputStream:75 - [STDERR_REDIRECT] [Fatal Error] :1:1: Premature end of file.
2025-08-07 02:31:02,460 [ERROR] LogOutputStream:75 - [STDERR_REDIRECT] 
2025-08-07 02:31:03,465 [ERROR] LogOutputStream:75 - [STDERR_REDIRECT] [Fatal Error] :1:1: Premature end of file.
2025-08-07 02:31:03,465 [ERROR] LogOutputStream:75 - [STDERR_REDIRECT] 
2025-08-07 02:31:04,468 [ERROR] LogOutputStream:75 - [STDERR_REDIRECT] [Fatal Error] :1:1: Premature end of file.
2025-08-07 02:31:04,468 [ERROR] LogOutputStream:75 - [STDERR_REDIRECT] 
2025-08-07 02:31:05,461 [ERROR] LogOutputStream:75 - [STDERR_REDIRECT] [Fatal Error] :1:1: Premature end of file.
2025-08-07 02:31:05,462 [ERROR] LogOutputStream:75 - [STDERR_REDIRECT] 
2025-08-07 02:31:06,469 [ERROR] LogOutputStream:75 - [STDERR_REDIRECT] [Fatal Error] :1:1: Premature end of file.
2025-08-07 02:31:06,469 [ERROR] LogOutputStream:75 - [STDERR_REDIRECT] 
2025-08-07 02:31:07,467 [ERROR] LogOutputStream:75 - [STDERR_REDIRECT] [Fatal Error] :1:1: Premature end of file.
2025-08-07 02:31:07,467 [ERROR] LogOutputStream:75 - [STDERR_REDIRECT] 
2025-08-07 02:31:08,466 [ERROR] LogOutputStream:75 - [STDERR_REDIRECT] [Fatal Error] :1:1: Premature end of file.
2025-08-07 02:31:08,466 [ERROR] LogOutputStream:75 - [STDERR_REDIRECT] 
2025-08-07 02:31:09,470 [ERROR] LogOutputStream:75 - [STDERR_REDIRECT] [Fatal Error] :1:1: Premature end of file.
2025-08-07 02:31:09,470 [ERROR] LogOutputStream:75 - [STDERR_REDIRECT] 
2025-08-07 02:31:10,461 [ERROR] LogOutputStream:75 - [STDERR_REDIRECT] [Fatal Error] :1:1: Premature end of file.
2025-08-07 02:31:10,462 [ERROR] LogOutputStream:75 - [STDERR_REDIRECT] 
2025-08-07 02:31:11,467 [ERROR] LogOutputStream:75 - [STDERR_REDIRECT] [Fatal Error] :1:1: Premature end of file.
2025-08-07 02:31:11,469 [ERROR] LogOutputStream:75 - [STDERR_REDIRECT] 
2025-08-07 02:31:12,464 [ERROR] LogOutputStream:75 - [STDERR_REDIRECT] [Fatal Error] :1:1: Premature end of file.
2025-08-07 02:31:12,465 [ERROR] LogOutputStream:75 - [STDERR_REDIRECT] 
2025-08-07 02:31:13,467 [ERROR] LogOutputStream:75 - [STDERR_REDIRECT] [Fatal Error] :1:1: Premature end of file.
2025-08-07 02:31:13,467 [ERROR] LogOutputStream:75 - [STDERR_REDIRECT] 
2025-08-07 02:31:14,469 [ERROR] LogOutputStream:75 - [STDERR_REDIRECT] [Fatal Error] :1:1: Premature end of file.
2025-08-07 02:31:14,469 [ERROR] LogOutputStream:75 - [STDERR_REDIRECT] 
2025-08-07 02:31:15,469 [ERROR] LogOutputStream:75 - [STDERR_REDIRECT] [Fatal Error] :1:1: Premature end of file.
2025-08-07 02:31:15,469 [ERROR] LogOutputStream:75 - [STDERR_REDIRECT] 
2025-08-07 02:31:16,461 [ERROR] LogOutputStream:75 - [STDERR_REDIRECT] [Fatal Error] :1:1: Premature end of file.
2025-08-07 02:31:16,461 [ERROR] LogOutputStream:75 - [STDERR_REDIRECT] 
2025-08-07 02:31:17,468 [ERROR] LogOutputStream:75 - [STDERR_REDIRECT] [Fatal Error] :1:1: Premature end of file.
2025-08-07 02:31:17,468 [ERROR] LogOutputStream:75 - [STDERR_REDIRECT] 
2025-08-07 02:31:18,464 [ERROR] LogOutputStream:75 - [STDERR_REDIRECT] [Fatal Error] :1:1: Premature end of file.
2025-08-07 02:31:18,464 [ERROR] LogOutputStream:75 - [STDERR_REDIRECT] 
2025-08-07 02:31:19,470 [ERROR] LogOutputStream:75 - [STDERR_REDIRECT] [Fatal Error] :1:1: Premature end of file.
2025-08-07 02:31:19,470 [ERROR] LogOutputStream:75 - [STDERR_REDIRECT] 
2025-08-07 02:31:20,465 [ERROR] LogOutputStream:75 - [STDERR_REDIRECT] [Fatal Error] :1:1: Premature end of file.
2025-08-07 02:31:20,465 [ERROR] LogOutputStream:75 - [STDERR_REDIRECT] 
2025-08-07 02:31:21,468 [ERROR] LogOutputStream:75 - [STDERR_REDIRECT] [Fatal Error] :1:1: Premature end of file.
2025-08-07 02:31:21,468 [ERROR] LogOutputStream:75 - [STDERR_REDIRECT] 
2025-08-07 02:31:22,461 [ERROR] LogOutputStream:75 - [STDERR_REDIRECT] [Fatal Error] :1:1: Premature end of file.
2025-08-07 02:31:22,461 [ERROR] LogOutputStream:75 - [STDERR_REDIRECT] 
2025-08-07 02:31:23,471 [ERROR] LogOutputStream:75 - [STDERR_REDIRECT] [Fatal Error] :1:1: Premature end of file.
2025-08-07 02:31:23,471 [ERROR] LogOutputStream:75 - [STDERR_REDIRECT] 
2025-08-07 02:31:24,469 [ERROR] LogOutputStream:75 - [STDERR_REDIRECT] [Fatal Error] :1:1: Premature end of file.
2025-08-07 02:31:24,469 [ERROR] LogOutputStream:75 - [STDERR_REDIRECT] 
2025-08-07 02:31:25,468 [ERROR] LogOutputStream:75 - [STDERR_REDIRECT] [Fatal Error] :1:1: Premature end of file.
2025-08-07 02:31:25,468 [ERROR] LogOutputStream:75 - [STDERR_REDIRECT] 
2025-08-07 02:31:26,467 [ERROR] LogOutputStream:75 - [STDERR_REDIRECT] [Fatal Error] :1:1: Premature end of file.
2025-08-07 02:31:26,467 [ERROR] LogOutputStream:75 - [STDERR_REDIRECT] 
2025-08-07 02:31:27,459 [ERROR] LogOutputStream:75 - [STDERR_REDIRECT] [Fatal Error] :1:1: Premature end of file.
2025-08-07 02:31:27,459 [ERROR] LogOutputStream:75 - [STDERR_REDIRECT] 
2025-08-07 02:31:28,464 [ERROR] LogOutputStream:75 - [STDERR_REDIRECT] [Fatal Error] :1:1: Premature end of file.
2025-08-07 02:31:28,464 [ERROR] LogOutputStream:75 - [STDERR_REDIRECT] 
2025-08-07 02:31:29,464 [ERROR] LogOutputStream:75 - [STDERR_REDIRECT] [Fatal Error] :1:1: Premature end of file.
2025-08-07 02:31:29,464 [ERROR] LogOutputStream:75 - [STDERR_REDIRECT] 
2025-08-07 02:31:30,469 [ERROR] LogOutputStream:75 - [STDERR_REDIRECT] [Fatal Error] :1:1: Premature end of file.
2025-08-07 02:31:30,469 [ERROR] LogOutputStream:75 - [STDERR_REDIRECT] 
2025-08-07 02:31:31,469 [ERROR] LogOutputStream:75 - [STDERR_REDIRECT] [Fatal Error] :1:1: Premature end of file.
2025-08-07 02:31:31,469 [ERROR] LogOutputStream:75 - [STDERR_REDIRECT] 
2025-08-07 02:31:32,461 [ERROR] LogOutputStream:75 - [STDERR_REDIRECT] [Fatal Error] :1:1: Premature end of file.
2025-08-07 02:31:32,461 [ERROR] LogOutputStream:75 - [STDERR_REDIRECT] 
2025-08-07 02:31:33,464 [ERROR] LogOutputStream:75 - [STDERR_REDIRECT] [Fatal Error] :1:1: Premature end of file.
2025-08-07 02:31:33,464 [ERROR] LogOutputStream:75 - [STDERR_REDIRECT] 
2025-08-07 02:31:34,470 [ERROR] LogOutputStream:75 - [STDERR_REDIRECT] [Fatal Error] :1:1: Premature end of file.
2025-08-07 02:31:34,470 [ERROR] LogOutputStream:75 - [STDERR_REDIRECT] 
2025-08-07 02:31:35,461 [ERROR] LogOutputStream:75 - [STDERR_REDIRECT] [Fatal Error] :1:1: Premature end of file.
2025-08-07 02:31:35,462 [ERROR] LogOutputStream:75 - [STDERR_REDIRECT] 
2025-08-07 02:31:36,472 [ERROR] LogOutputStream:75 - [STDERR_REDIRECT] [Fatal Error] :1:1: Premature end of file.
2025-08-07 02:31:36,473 [ERROR] LogOutputStream:75 - [STDERR_REDIRECT] 
2025-08-07 02:31:37,475 [ERROR] LogOutputStream:75 - [STDERR_REDIRECT] [Fatal Error] :1:1: Premature end of file.
2025-08-07 02:31:37,476 [ERROR] LogOutputStream:75 - [STDERR_REDIRECT] 
2025-08-07 02:31:38,467 [ERROR] LogOutputStream:75 - [STDERR_REDIRECT] [Fatal Error] :1:1: Premature end of file.
2025-08-07 02:31:38,467 [ERROR] LogOutputStream:75 - [STDERR_REDIRECT] 
2025-08-07 02:31:39,462 [ERROR] LogOutputStream:75 - [STDERR_REDIRECT] [Fatal Error] :1:1: Premature end of file.
2025-08-07 02:31:39,462 [ERROR] LogOutputStream:75 - [STDERR_REDIRECT] 
2025-08-07 02:31:40,459 [ERROR] LogOutputStream:75 - [STDERR_REDIRECT] [Fatal Error] :1:1: Premature end of file.
2025-08-07 02:31:40,459 [ERROR] LogOutputStream:75 - [STDERR_REDIRECT] 
2025-08-07 02:31:41,466 [ERROR] LogOutputStream:75 - [STDERR_REDIRECT] [Fatal Error] :1:1: Premature end of file.
2025-08-07 02:31:41,466 [ERROR] LogOutputStream:75 - [STDERR_REDIRECT] 
2025-08-07 02:31:42,464 [ERROR] LogOutputStream:75 - [STDERR_REDIRECT] [Fatal Error] :1:1: Premature end of file.
2025-08-07 02:31:42,464 [ERROR] LogOutputStream:75 - [STDERR_REDIRECT] 
2025-08-07 02:31:43,474 [ERROR] LogOutputStream:75 - [STDERR_REDIRECT] [Fatal Error] :1:1: Premature end of file.
2025-08-07 02:31:43,474 [ERROR] LogOutputStream:75 - [STDERR_REDIRECT] 
2025-08-07 02:31:44,468 [ERROR] LogOutputStream:75 - [STDERR_REDIRECT] [Fatal Error] :1:1: Premature end of file.
2025-08-07 02:31:44,469 [ERROR] LogOutputStream:75 - [STDERR_REDIRECT] 
2025-08-07 02:31:45,460 [ERROR] LogOutputStream:75 - [STDERR_REDIRECT] [Fatal Error] :1:1: Premature end of file.
2025-08-07 02:31:45,460 [ERROR] LogOutputStream:75 - [STDERR_REDIRECT] 
2025-08-07 02:31:46,464 [ERROR] LogOutputStream:75 - [STDERR_REDIRECT] [Fatal Error] :1:1: Premature end of file.
2025-08-07 02:31:46,464 [ERROR] LogOutputStream:75 - [STDERR_REDIRECT] 
2025-08-07 02:31:47,467 [ERROR] LogOutputStream:75 - [STDERR_REDIRECT] [Fatal Error] :1:1: Premature end of file.
2025-08-07 02:31:47,467 [ERROR] LogOutputStream:75 - [STDERR_REDIRECT] 
2025-08-07 02:31:48,472 [ERROR] LogOutputStream:75 - [STDERR_REDIRECT] [Fatal Error] :1:1: Premature end of file.
2025-08-07 02:31:48,473 [ERROR] LogOutputStream:75 - [STDERR_REDIRECT] 
2025-08-07 02:31:49,474 [ERROR] LogOutputStream:75 - [STDERR_REDIRECT] [Fatal Error] :1:1: Premature end of file.
2025-08-07 02:31:49,474 [ERROR] LogOutputStream:75 - [STDERR_REDIRECT] 
2025-08-07 02:31:50,466 [ERROR] LogOutputStream:75 - [STDERR_REDIRECT] [Fatal Error] :1:1: Premature end of file.
2025-08-07 02:31:50,467 [ERROR] LogOutputStream:75 - [STDERR_REDIRECT] 
2025-08-07 02:31:51,469 [ERROR] LogOutputStream:75 - [STDERR_REDIRECT] [Fatal Error] :1:1: Premature end of file.
2025-08-07 02:31:51,469 [ERROR] LogOutputStream:75 - [STDERR_REDIRECT] 
2025-08-07 02:31:52,470 [ERROR] LogOutputStream:75 - [STDERR_REDIRECT] [Fatal Error] :1:1: Premature end of file.
2025-08-07 02:31:52,470 [ERROR] LogOutputStream:75 - [STDERR_REDIRECT] 
2025-08-07 02:31:53,467 [ERROR] LogOutputStream:75 - [STDERR_REDIRECT] [Fatal Error] :1:1: Premature end of file.
2025-08-07 02:31:53,467 [ERROR] LogOutputStream:75 - [STDERR_REDIRECT] 
2025-08-07 02:31:54,476 [ERROR] LogOutputStream:75 - [STDERR_REDIRECT] [Fatal Error] :1:1: Premature end of file.
2025-08-07 02:31:54,476 [ERROR] LogOutputStream:75 - [STDERR_REDIRECT] 
2025-08-07 02:31:55,459 [ERROR] LogOutputStream:75 - [STDERR_REDIRECT] [Fatal Error] :1:1: Premature end of file.
2025-08-07 02:31:55,459 [ERROR] LogOutputStream:75 - [STDERR_REDIRECT] 
2025-08-07 02:31:56,466 [ERROR] LogOutputStream:75 - [STDERR_REDIRECT] [Fatal Error] :1:1: Premature end of file.
2025-08-07 02:31:56,467 [ERROR] LogOutputStream:75 - [STDERR_REDIRECT] 
2025-08-07 02:31:57,469 [ERROR] LogOutputStream:75 - [STDERR_REDIRECT] [Fatal Error] :1:1: Premature end of file.
2025-08-07 02:31:57,469 [ERROR] LogOutputStream:75 - [STDERR_REDIRECT] 
2025-08-07 02:31:58,475 [ERROR] LogOutputStream:75 - [STDERR_REDIRECT] [Fatal Error] :1:1: Premature end of file.
2025-08-07 02:31:58,475 [ERROR] LogOutputStream:75 - [STDERR_REDIRECT] 
2025-08-07 02:31:59,483 [ERROR] LogOutputStream:75 - [STDERR_REDIRECT] [Fatal Error] :1:1: Premature end of file.
2025-08-07 02:31:59,483 [ERROR] LogOutputStream:75 - [STDERR_REDIRECT] 
2025-08-07 02:32:00,474 [ERROR] LogOutputStream:75 - [STDERR_REDIRECT] [Fatal Error] :1:1: Premature end of file.
2025-08-07 02:32:00,474 [ERROR] LogOutputStream:75 - [STDERR_REDIRECT] 
2025-08-07 02:32:01,467 [ERROR] LogOutputStream:75 - [STDERR_REDIRECT] [Fatal Error] :1:1: Premature end of file.
2025-08-07 02:32:01,467 [ERROR] LogOutputStream:75 - [STDERR_REDIRECT] 
2025-08-07 02:32:02,462 [ERROR] LogOutputStream:75 - [STDERR_REDIRECT] [Fatal Error] :1:1: Premature end of file.
2025-08-07 02:32:02,462 [ERROR] LogOutputStream:75 - [STDERR_REDIRECT] 
2025-08-07 02:32:03,463 [ERROR] LogOutputStream:75 - [STDERR_REDIRECT] [Fatal Error] :1:1: Premature end of file.
2025-08-07 02:32:03,463 [ERROR] LogOutputStream:75 - [STDERR_REDIRECT] 
2025-08-07 02:32:04,466 [ERROR] LogOutputStream:75 - [STDERR_REDIRECT] [Fatal Error] :1:1: Premature end of file.
2025-08-07 02:32:04,466 [ERROR] LogOutputStream:75 - [STDERR_REDIRECT] 
2025-08-07 02:32:05,459 [ERROR] LogOutputStream:75 - [STDERR_REDIRECT] [Fatal Error] :1:1: Premature end of file.
2025-08-07 02:32:05,459 [ERROR] LogOutputStream:75 - [STDERR_REDIRECT] 
2025-08-07 02:32:06,469 [ERROR] LogOutputStream:75 - [STDERR_REDIRECT] [Fatal Error] :1:1: Premature end of file.
2025-08-07 02:32:06,469 [ERROR] LogOutputStream:75 - [STDERR_REDIRECT] 
2025-08-07 02:32:07,464 [ERROR] LogOutputStream:75 - [STDERR_REDIRECT] [Fatal Error] :1:1: Premature end of file.
2025-08-07 02:32:07,464 [ERROR] LogOutputStream:75 - [STDERR_REDIRECT] 
2025-08-07 02:32:08,464 [ERROR] LogOutputStream:75 - [STDERR_REDIRECT] [Fatal Error] :1:1: Premature end of file.
2025-08-07 02:32:08,464 [ERROR] LogOutputStream:75 - [STDERR_REDIRECT] 
2025-08-07 02:32:09,467 [ERROR] LogOutputStream:75 - [STDERR_REDIRECT] [Fatal Error] :1:1: Premature end of file.
2025-08-07 02:32:09,467 [ERROR] LogOutputStream:75 - [STDERR_REDIRECT] 
2025-08-07 02:32:10,465 [ERROR] LogOutputStream:75 - [STDERR_REDIRECT] [Fatal Error] :1:1: Premature end of file.
2025-08-07 02:32:10,465 [ERROR] LogOutputStream:75 - [STDERR_REDIRECT] 
2025-08-07 02:32:11,468 [ERROR] LogOutputStream:75 - [STDERR_REDIRECT] [Fatal Error] :1:1: Premature end of file.
2025-08-07 02:32:11,469 [ERROR] LogOutputStream:75 - [STDERR_REDIRECT] 
2025-08-07 02:32:12,463 [ERROR] LogOutputStream:75 - [STDERR_REDIRECT] [Fatal Error] :1:1: Premature end of file.
2025-08-07 02:32:12,463 [ERROR] LogOutputStream:75 - [STDERR_REDIRECT] 
2025-08-07 02:32:13,469 [ERROR] LogOutputStream:75 - [STDERR_REDIRECT] [Fatal Error] :1:1: Premature end of file.
2025-08-07 02:32:13,469 [ERROR] LogOutputStream:75 - [STDERR_REDIRECT] 
2025-08-07 02:32:14,464 [ERROR] LogOutputStream:75 - [STDERR_REDIRECT] [Fatal Error] :1:1: Premature end of file.
2025-08-07 02:32:14,464 [ERROR] LogOutputStream:75 - [STDERR_REDIRECT] 
2025-08-07 02:32:15,469 [ERROR] LogOutputStream:75 - [STDERR_REDIRECT] [Fatal Error] :1:1: Premature end of file.
2025-08-07 02:32:15,470 [ERROR] LogOutputStream:75 - [STDERR_REDIRECT] 
2025-08-07 02:32:16,469 [ERROR] LogOutputStream:75 - [STDERR_REDIRECT] [Fatal Error] :1:1: Premature end of file.
2025-08-07 02:32:16,469 [ERROR] LogOutputStream:75 - [STDERR_REDIRECT] 
2025-08-07 02:32:17,457 [ERROR] LogOutputStream:75 - [STDERR_REDIRECT] [Fatal Error] :1:1: Premature end of file.
2025-08-07 02:32:17,457 [ERROR] LogOutputStream:75 - [STDERR_REDIRECT] 
2025-08-07 02:32:18,465 [ERROR] LogOutputStream:75 - [STDERR_REDIRECT] [Fatal Error] :1:1: Premature end of file.
2025-08-07 02:32:18,465 [ERROR] LogOutputStream:75 - [STDERR_REDIRECT] 
2025-08-07 02:32:19,468 [ERROR] LogOutputStream:75 - [STDERR_REDIRECT] [Fatal Error] :1:1: Premature end of file.
2025-08-07 02:32:19,468 [ERROR] LogOutputStream:75 - [STDERR_REDIRECT] 
2025-08-07 02:32:20,465 [ERROR] LogOutputStream:75 - [STDERR_REDIRECT] [Fatal Error] :1:1: Premature end of file.
2025-08-07 02:32:20,465 [ERROR] LogOutputStream:75 - [STDERR_REDIRECT] 
2025-08-07 02:32:21,469 [ERROR] LogOutputStream:75 - [STDERR_REDIRECT] [Fatal Error] :1:1: Premature end of file.
2025-08-07 02:32:21,469 [ERROR] LogOutputStream:75 - [STDERR_REDIRECT] 
2025-08-07 02:32:22,461 [ERROR] LogOutputStream:75 - [STDERR_REDIRECT] [Fatal Error] :1:1: Premature end of file.
2025-08-07 02:32:22,461 [ERROR] LogOutputStream:75 - [STDERR_REDIRECT] 
2025-08-07 02:32:23,469 [ERROR] LogOutputStream:75 - [STDERR_REDIRECT] [Fatal Error] :1:1: Premature end of file.
2025-08-07 02:32:23,469 [ERROR] LogOutputStream:75 - [STDERR_REDIRECT] 
2025-08-07 02:32:24,464 [ERROR] LogOutputStream:75 - [STDERR_REDIRECT] [Fatal Error] :1:1: Premature end of file.
2025-08-07 02:32:24,464 [ERROR] LogOutputStream:75 - [STDERR_REDIRECT] 
2025-08-07 02:32:25,470 [ERROR] LogOutputStream:75 - [STDERR_REDIRECT] [Fatal Error] :1:1: Premature end of file.
2025-08-07 02:32:25,470 [ERROR] LogOutputStream:75 - [STDERR_REDIRECT] 
2025-08-07 02:32:26,459 [ERROR] LogOutputStream:75 - [STDERR_REDIRECT] [Fatal Error] :1:1: Premature end of file.
2025-08-07 02:32:26,459 [ERROR] LogOutputStream:75 - [STDERR_REDIRECT] 
2025-08-07 02:32:27,463 [ERROR] LogOutputStream:75 - [STDERR_REDIRECT] [Fatal Error] :1:1: Premature end of file.
2025-08-07 02:32:27,464 [ERROR] LogOutputStream:75 - [STDERR_REDIRECT] 
2025-08-07 02:32:28,464 [ERROR] LogOutputStream:75 - [STDERR_REDIRECT] [Fatal Error] :1:1: Premature end of file.
2025-08-07 02:32:28,464 [ERROR] LogOutputStream:75 - [STDERR_REDIRECT] 
2025-08-07 02:32:29,468 [ERROR] LogOutputStream:75 - [STDERR_REDIRECT] [Fatal Error] :1:1: Premature end of file.
2025-08-07 02:32:29,468 [ERROR] LogOutputStream:75 - [STDERR_REDIRECT] 
2025-08-07 02:32:30,459 [ERROR] LogOutputStream:75 - [STDERR_REDIRECT] [Fatal Error] :1:1: Premature end of file.
2025-08-07 02:32:30,459 [ERROR] LogOutputStream:75 - [STDERR_REDIRECT] 
2025-08-07 02:32:31,459 [ERROR] LogOutputStream:75 - [STDERR_REDIRECT] [Fatal Error] :1:1: Premature end of file.
2025-08-07 02:32:31,459 [ERROR] LogOutputStream:75 - [STDERR_REDIRECT] 
2025-08-07 02:32:32,460 [ERROR] LogOutputStream:75 - [STDERR_REDIRECT] [Fatal Error] :1:1: Premature end of file.
2025-08-07 02:32:32,460 [ERROR] LogOutputStream:75 - [STDERR_REDIRECT] 
2025-08-07 02:32:33,460 [ERROR] LogOutputStream:75 - [STDERR_REDIRECT] [Fatal Error] :1:1: Premature end of file.
2025-08-07 02:32:33,460 [ERROR] LogOutputStream:75 - [STDERR_REDIRECT] 
2025-08-07 02:32:34,464 [ERROR] LogOutputStream:75 - [STDERR_REDIRECT] [Fatal Error] :1:1: Premature end of file.
2025-08-07 02:32:34,464 [ERROR] LogOutputStream:75 - [STDERR_REDIRECT] 
2025-08-07 02:32:35,469 [ERROR] LogOutputStream:75 - [STDERR_REDIRECT] [Fatal Error] :1:1: Premature end of file.
2025-08-07 02:32:35,469 [ERROR] LogOutputStream:75 - [STDERR_REDIRECT] 
2025-08-07 02:32:36,462 [ERROR] LogOutputStream:75 - [STDERR_REDIRECT] [Fatal Error] :1:1: Premature end of file.
2025-08-07 02:32:36,462 [ERROR] LogOutputStream:75 - [STDERR_REDIRECT] 
2025-08-07 02:32:37,469 [ERROR] LogOutputStream:75 - [STDERR_REDIRECT] [Fatal Error] :1:1: Premature end of file.
2025-08-07 02:32:37,469 [ERROR] LogOutputStream:75 - [STDERR_REDIRECT] 
2025-08-07 02:32:38,459 [ERROR] LogOutputStream:75 - [STDERR_REDIRECT] [Fatal Error] :1:1: Premature end of file.
2025-08-07 02:32:38,459 [ERROR] LogOutputStream:75 - [STDERR_REDIRECT] 
2025-08-07 02:32:39,465 [ERROR] LogOutputStream:75 - [STDERR_REDIRECT] [Fatal Error] :1:1: Premature end of file.
2025-08-07 02:32:39,466 [ERROR] LogOutputStream:75 - [STDERR_REDIRECT] 
2025-08-07 02:32:40,469 [ERROR] LogOutputStream:75 - [STDERR_REDIRECT] [Fatal Error] :1:1: Premature end of file.
2025-08-07 02:32:40,469 [ERROR] LogOutputStream:75 - [STDERR_REDIRECT] 
2025-08-07 02:32:41,459 [ERROR] LogOutputStream:75 - [STDERR_REDIRECT] [Fatal Error] :1:1: Premature end of file.
2025-08-07 02:32:41,459 [ERROR] LogOutputStream:75 - [STDERR_REDIRECT] 
2025-08-07 02:32:42,469 [ERROR] LogOutputStream:75 - [STDERR_REDIRECT] [Fatal Error] :1:1: Premature end of file.
2025-08-07 02:32:42,469 [ERROR] LogOutputStream:75 - [STDERR_REDIRECT] 
2025-08-07 02:32:43,461 [ERROR] LogOutputStream:75 - [STDERR_REDIRECT] [Fatal Error] :1:1: Premature end of file.
2025-08-07 02:32:43,461 [ERROR] LogOutputStream:75 - [STDERR_REDIRECT] 
2025-08-07 02:32:44,460 [ERROR] LogOutputStream:75 - [STDERR_REDIRECT] [Fatal Error] :1:1: Premature end of file.
2025-08-07 02:32:44,460 [ERROR] LogOutputStream:75 - [STDERR_REDIRECT] 
2025-08-07 02:32:45,471 [ERROR] LogOutputStream:75 - [STDERR_REDIRECT] [Fatal Error] :1:1: Premature end of file.
2025-08-07 02:32:45,471 [ERROR] LogOutputStream:75 - [STDERR_REDIRECT] 
2025-08-07 02:32:46,460 [ERROR] LogOutputStream:75 - [STDERR_REDIRECT] [Fatal Error] :1:1: Premature end of file.
2025-08-07 02:32:46,460 [ERROR] LogOutputStream:75 - [STDERR_REDIRECT] 
2025-08-07 02:32:47,469 [ERROR] LogOutputStream:75 - [STDERR_REDIRECT] [Fatal Error] :1:1: Premature end of file.
2025-08-07 02:32:47,469 [ERROR] LogOutputStream:75 - [STDERR_REDIRECT] 
2025-08-07 02:32:48,463 [ERROR] LogOutputStream:75 - [STDERR_REDIRECT] [Fatal Error] :1:1: Premature end of file.
2025-08-07 02:32:48,463 [ERROR] LogOutputStream:75 - [STDERR_REDIRECT] 
2025-08-07 02:32:49,469 [ERROR] LogOutputStream:75 - [STDERR_REDIRECT] [Fatal Error] :1:1: Premature end of file.
2025-08-07 02:32:49,469 [ERROR] LogOutputStream:75 - [STDERR_REDIRECT] 
2025-08-07 02:32:50,469 [ERROR] LogOutputStream:75 - [STDERR_REDIRECT] [Fatal Error] :1:1: Premature end of file.
2025-08-07 02:32:50,469 [ERROR] LogOutputStream:75 - [STDERR_REDIRECT] 
2025-08-07 02:32:51,467 [ERROR] LogOutputStream:75 - [STDERR_REDIRECT] [Fatal Error] :1:1: Premature end of file.
2025-08-07 02:32:51,467 [ERROR] LogOutputStream:75 - [STDERR_REDIRECT] 
2025-08-07 02:32:52,470 [ERROR] LogOutputStream:75 - [STDERR_REDIRECT] [Fatal Error] :1:1: Premature end of file.
2025-08-07 02:32:52,470 [ERROR] LogOutputStream:75 - [STDERR_REDIRECT] 
2025-08-07 02:32:53,467 [ERROR] LogOutputStream:75 - [STDERR_REDIRECT] [Fatal Error] :1:1: Premature end of file.
2025-08-07 02:32:53,467 [ERROR] LogOutputStream:75 - [STDERR_REDIRECT] 
2025-08-07 02:32:54,465 [ERROR] LogOutputStream:75 - [STDERR_REDIRECT] [Fatal Error] :1:1: Premature end of file.
2025-08-07 02:32:54,465 [ERROR] LogOutputStream:75 - [STDERR_REDIRECT] 
2025-08-07 02:32:55,468 [ERROR] LogOutputStream:75 - [STDERR_REDIRECT] [Fatal Error] :1:1: Premature end of file.
2025-08-07 02:32:55,468 [ERROR] LogOutputStream:75 - [STDERR_REDIRECT] 
2025-08-07 02:32:56,471 [ERROR] LogOutputStream:75 - [STDERR_REDIRECT] [Fatal Error] :1:1: Premature end of file.
2025-08-07 02:32:56,471 [ERROR] LogOutputStream:75 - [STDERR_REDIRECT] 
2025-08-07 02:32:57,462 [ERROR] LogOutputStream:75 - [STDERR_REDIRECT] [Fatal Error] :1:1: Premature end of file.
2025-08-07 02:32:57,463 [ERROR] LogOutputStream:75 - [STDERR_REDIRECT] 
2025-08-07 02:32:58,467 [ERROR] LogOutputStream:75 - [STDERR_REDIRECT] [Fatal Error] :1:1: Premature end of file.
2025-08-07 02:32:58,467 [ERROR] LogOutputStream:75 - [STDERR_REDIRECT] 
2025-08-07 02:32:59,459 [ERROR] LogOutputStream:75 - [STDERR_REDIRECT] [Fatal Error] :1:1: Premature end of file.
2025-08-07 02:32:59,460 [ERROR] LogOutputStream:75 - [STDERR_REDIRECT] 
2025-08-07 02:33:00,460 [ERROR] LogOutputStream:75 - [STDERR_REDIRECT] [Fatal Error] :1:1: Premature end of file.
2025-08-07 02:33:00,461 [ERROR] LogOutputStream:75 - [STDERR_REDIRECT] 
2025-08-07 02:33:01,488 [ERROR] LogOutputStream:75 - [STDERR_REDIRECT] [Fatal Error] :1:1: Premature end of file.
2025-08-07 02:33:01,488 [ERROR] LogOutputStream:75 - [STDERR_REDIRECT] 
2025-08-07 02:33:02,472 [ERROR] LogOutputStream:75 - [STDERR_REDIRECT] [Fatal Error] :1:1: Premature end of file.
2025-08-07 02:33:02,472 [ERROR] LogOutputStream:75 - [STDERR_REDIRECT] 
2025-08-07 02:33:03,474 [ERROR] LogOutputStream:75 - [STDERR_REDIRECT] [Fatal Error] :1:1: Premature end of file.
2025-08-07 02:33:03,474 [ERROR] LogOutputStream:75 - [STDERR_REDIRECT] 
2025-08-07 02:33:04,459 [ERROR] LogOutputStream:75 - [STDERR_REDIRECT] [Fatal Error] :1:1: Premature end of file.
2025-08-07 02:33:04,459 [ERROR] LogOutputStream:75 - [STDERR_REDIRECT] 
2025-08-07 02:33:05,458 [ERROR] LogOutputStream:75 - [STDERR_REDIRECT] [Fatal Error] :1:1: Premature end of file.
2025-08-07 02:33:05,458 [ERROR] LogOutputStream:75 - [STDERR_REDIRECT] 
2025-08-07 02:33:06,466 [ERROR] LogOutputStream:75 - [STDERR_REDIRECT] [Fatal Error] :1:1: Premature end of file.
2025-08-07 02:33:06,466 [ERROR] LogOutputStream:75 - [STDERR_REDIRECT] 
2025-08-07 02:33:07,464 [ERROR] LogOutputStream:75 - [STDERR_REDIRECT] [Fatal Error] :1:1: Premature end of file.
2025-08-07 02:33:07,464 [ERROR] LogOutputStream:75 - [STDERR_REDIRECT] 
2025-08-07 02:33:08,468 [ERROR] LogOutputStream:75 - [STDERR_REDIRECT] [Fatal Error] :1:1: Premature end of file.
2025-08-07 02:33:08,468 [ERROR] LogOutputStream:75 - [STDERR_REDIRECT] 
2025-08-07 02:33:09,459 [ERROR] LogOutputStream:75 - [STDERR_REDIRECT] [Fatal Error] :1:1: Premature end of file.
2025-08-07 02:33:09,459 [ERROR] LogOutputStream:75 - [STDERR_REDIRECT] 
2025-08-07 02:33:10,470 [ERROR] LogOutputStream:75 - [STDERR_REDIRECT] [Fatal Error] :1:1: Premature end of file.
2025-08-07 02:33:10,470 [ERROR] LogOutputStream:75 - [STDERR_REDIRECT] 
2025-08-07 02:33:11,468 [ERROR] LogOutputStream:75 - [STDERR_REDIRECT] [Fatal Error] :1:1: Premature end of file.
2025-08-07 02:33:11,468 [ERROR] LogOutputStream:75 - [STDERR_REDIRECT] 
2025-08-07 02:33:12,467 [ERROR] LogOutputStream:75 - [STDERR_REDIRECT] [Fatal Error] :1:1: Premature end of file.
2025-08-07 02:33:12,467 [ERROR] LogOutputStream:75 - [STDERR_REDIRECT] 
2025-08-07 02:33:13,459 [ERROR] LogOutputStream:75 - [STDERR_REDIRECT] [Fatal Error] :1:1: Premature end of file.
2025-08-07 02:33:13,459 [ERROR] LogOutputStream:75 - [STDERR_REDIRECT] 
2025-08-07 02:33:14,467 [ERROR] LogOutputStream:75 - [STDERR_REDIRECT] [Fatal Error] :1:1: Premature end of file.
2025-08-07 02:33:14,467 [ERROR] LogOutputStream:75 - [STDERR_REDIRECT] 
2025-08-07 02:33:15,459 [ERROR] LogOutputStream:75 - [STDERR_REDIRECT] [Fatal Error] :1:1: Premature end of file.
2025-08-07 02:33:15,459 [ERROR] LogOutputStream:75 - [STDERR_REDIRECT] 
2025-08-07 02:33:16,469 [ERROR] LogOutputStream:75 - [STDERR_REDIRECT] [Fatal Error] :1:1: Premature end of file.
2025-08-07 02:33:16,469 [ERROR] LogOutputStream:75 - [STDERR_REDIRECT] 
2025-08-07 02:33:17,470 [ERROR] LogOutputStream:75 - [STDERR_REDIRECT] [Fatal Error] :1:1: Premature end of file.
2025-08-07 02:33:17,470 [ERROR] LogOutputStream:75 - [STDERR_REDIRECT] 
2025-08-07 02:33:18,469 [ERROR] LogOutputStream:75 - [STDERR_REDIRECT] [Fatal Error] :1:1: Premature end of file.
2025-08-07 02:33:18,469 [ERROR] LogOutputStream:75 - [STDERR_REDIRECT] 
2025-08-07 02:33:19,467 [ERROR] LogOutputStream:75 - [STDERR_REDIRECT] [Fatal Error] :1:1: Premature end of file.
2025-08-07 02:33:19,467 [ERROR] LogOutputStream:75 - [STDERR_REDIRECT] 
2025-08-07 02:33:20,468 [ERROR] LogOutputStream:75 - [STDERR_REDIRECT] [Fatal Error] :1:1: Premature end of file.
2025-08-07 02:33:20,468 [ERROR] LogOutputStream:75 - [STDERR_REDIRECT] 
2025-08-07 02:33:21,466 [ERROR] LogOutputStream:75 - [STDERR_REDIRECT] [Fatal Error] :1:1: Premature end of file.
2025-08-07 02:33:21,466 [ERROR] LogOutputStream:75 - [STDERR_REDIRECT] 
2025-08-07 02:33:22,461 [ERROR] LogOutputStream:75 - [STDERR_REDIRECT] [Fatal Error] :1:1: Premature end of file.
2025-08-07 02:33:22,461 [ERROR] LogOutputStream:75 - [STDERR_REDIRECT] 
2025-08-07 02:33:23,467 [ERROR] LogOutputStream:75 - [STDERR_REDIRECT] [Fatal Error] :1:1: Premature end of file.
2025-08-07 02:33:23,467 [ERROR] LogOutputStream:75 - [STDERR_REDIRECT] 
2025-08-07 02:33:24,457 [ERROR] LogOutputStream:75 - [STDERR_REDIRECT] [Fatal Error] :1:1: Premature end of file.
2025-08-07 02:33:24,457 [ERROR] LogOutputStream:75 - [STDERR_REDIRECT] 
2025-08-07 02:33:25,463 [ERROR] LogOutputStream:75 - [STDERR_REDIRECT] [Fatal Error] :1:1: Premature end of file.
2025-08-07 02:33:25,463 [ERROR] LogOutputStream:75 - [STDERR_REDIRECT] 
2025-08-07 02:33:26,459 [ERROR] LogOutputStream:75 - [STDERR_REDIRECT] [Fatal Error] :1:1: Premature end of file.
2025-08-07 02:33:26,459 [ERROR] LogOutputStream:75 - [STDERR_REDIRECT] 
2025-08-07 02:33:27,463 [ERROR] LogOutputStream:75 - [STDERR_REDIRECT] [Fatal Error] :1:1: Premature end of file.
2025-08-07 02:33:27,463 [ERROR] LogOutputStream:75 - [STDERR_REDIRECT] 
2025-08-07 02:33:28,471 [ERROR] LogOutputStream:75 - [STDERR_REDIRECT] [Fatal Error] :1:1: Premature end of file.
2025-08-07 02:33:28,471 [ERROR] LogOutputStream:75 - [STDERR_REDIRECT] 
2025-08-07 02:33:29,465 [ERROR] LogOutputStream:75 - [STDERR_REDIRECT] [Fatal Error] :1:1: Premature end of file.
2025-08-07 02:33:29,465 [ERROR] LogOutputStream:75 - [STDERR_REDIRECT] 
2025-08-07 02:33:30,470 [ERROR] LogOutputStream:75 - [STDERR_REDIRECT] [Fatal Error] :1:1: Premature end of file.
2025-08-07 02:33:30,470 [ERROR] LogOutputStream:75 - [STDERR_REDIRECT] 
2025-08-07 02:33:31,472 [ERROR] LogOutputStream:75 - [STDERR_REDIRECT] [Fatal Error] :1:1: Premature end of file.
2025-08-07 02:33:31,472 [ERROR] LogOutputStream:75 - [STDERR_REDIRECT] 
2025-08-07 02:33:32,463 [ERROR] LogOutputStream:75 - [STDERR_REDIRECT] [Fatal Error] :1:1: Premature end of file.
2025-08-07 02:33:32,464 [ERROR] LogOutputStream:75 - [STDERR_REDIRECT] 
2025-08-07 02:33:33,461 [ERROR] LogOutputStream:75 - [STDERR_REDIRECT] [Fatal Error] :1:1: Premature end of file.
2025-08-07 02:33:33,461 [ERROR] LogOutputStream:75 - [STDERR_REDIRECT] 
2025-08-07 02:33:34,473 [ERROR] LogOutputStream:75 - [STDERR_REDIRECT] [Fatal Error] :1:1: Premature end of file.
2025-08-07 02:33:34,473 [ERROR] LogOutputStream:75 - [STDERR_REDIRECT] 
2025-08-07 02:33:35,464 [ERROR] LogOutputStream:75 - [STDERR_REDIRECT] [Fatal Error] :1:1: Premature end of file.
2025-08-07 02:33:35,464 [ERROR] LogOutputStream:75 - [STDERR_REDIRECT] 
2025-08-07 02:33:36,470 [ERROR] LogOutputStream:75 - [STDERR_REDIRECT] [Fatal Error] :1:1: Premature end of file.
2025-08-07 02:33:36,470 [ERROR] LogOutputStream:75 - [STDERR_REDIRECT] 
2025-08-07 02:33:37,462 [ERROR] LogOutputStream:75 - [STDERR_REDIRECT] [Fatal Error] :1:1: Premature end of file.
2025-08-07 02:33:37,462 [ERROR] LogOutputStream:75 - [STDERR_REDIRECT] 
2025-08-07 02:33:38,470 [ERROR] LogOutputStream:75 - [STDERR_REDIRECT] [Fatal Error] :1:1: Premature end of file.
2025-08-07 02:33:38,471 [ERROR] LogOutputStream:75 - [STDERR_REDIRECT] 
2025-08-07 02:33:39,462 [ERROR] LogOutputStream:75 - [STDERR_REDIRECT] [Fatal Error] :1:1: Premature end of file.
2025-08-07 02:33:39,462 [ERROR] LogOutputStream:75 - [STDERR_REDIRECT] 
2025-08-07 02:33:40,461 [ERROR] LogOutputStream:75 - [STDERR_REDIRECT] [Fatal Error] :1:1: Premature end of file.
2025-08-07 02:33:40,461 [ERROR] LogOutputStream:75 - [STDERR_REDIRECT] 
2025-08-07 02:33:41,470 [ERROR] LogOutputStream:75 - [STDERR_REDIRECT] [Fatal Error] :1:1: Premature end of file.
2025-08-07 02:33:41,470 [ERROR] LogOutputStream:75 - [STDERR_REDIRECT] 
2025-08-07 02:33:42,466 [ERROR] LogOutputStream:75 - [STDERR_REDIRECT] [Fatal Error] :1:1: Premature end of file.
2025-08-07 02:33:42,466 [ERROR] LogOutputStream:75 - [STDERR_REDIRECT] 
2025-08-07 02:33:43,470 [ERROR] LogOutputStream:75 - [STDERR_REDIRECT] [Fatal Error] :1:1: Premature end of file.
2025-08-07 02:33:43,470 [ERROR] LogOutputStream:75 - [STDERR_REDIRECT] 
2025-08-07 02:33:44,465 [ERROR] LogOutputStream:75 - [STDERR_REDIRECT] [Fatal Error] :1:1: Premature end of file.
2025-08-07 02:33:44,465 [ERROR] LogOutputStream:75 - [STDERR_REDIRECT] 
2025-08-07 02:33:45,466 [ERROR] LogOutputStream:75 - [STDERR_REDIRECT] [Fatal Error] :1:1: Premature end of file.
2025-08-07 02:33:45,466 [ERROR] LogOutputStream:75 - [STDERR_REDIRECT] 
2025-08-07 02:33:46,474 [ERROR] LogOutputStream:75 - [STDERR_REDIRECT] [Fatal Error] :1:1: Premature end of file.
2025-08-07 02:33:46,474 [ERROR] LogOutputStream:75 - [STDERR_REDIRECT] 
2025-08-07 02:33:47,467 [ERROR] LogOutputStream:75 - [STDERR_REDIRECT] [Fatal Error] :1:1: Premature end of file.
2025-08-07 02:33:47,467 [ERROR] LogOutputStream:75 - [STDERR_REDIRECT] 
2025-08-07 02:33:48,474 [ERROR] LogOutputStream:75 - [STDERR_REDIRECT] [Fatal Error] :1:1: Premature end of file.
2025-08-07 02:33:48,474 [ERROR] LogOutputStream:75 - [STDERR_REDIRECT] 
2025-08-07 02:33:49,462 [ERROR] LogOutputStream:75 - [STDERR_REDIRECT] [Fatal Error] :1:1: Premature end of file.
2025-08-07 02:33:49,462 [ERROR] LogOutputStream:75 - [STDERR_REDIRECT] 
2025-08-07 02:33:50,473 [ERROR] LogOutputStream:75 - [STDERR_REDIRECT] [Fatal Error] :1:1: Premature end of file.
2025-08-07 02:33:50,474 [ERROR] LogOutputStream:75 - [STDERR_REDIRECT] 
2025-08-07 02:33:51,476 [ERROR] LogOutputStream:75 - [STDERR_REDIRECT] [Fatal Error] :1:1: Premature end of file.
2025-08-07 02:33:51,476 [ERROR] LogOutputStream:75 - [STDERR_REDIRECT] 
2025-08-07 02:33:52,467 [ERROR] LogOutputStream:75 - [STDERR_REDIRECT] [Fatal Error] :1:1: Premature end of file.
2025-08-07 02:33:52,468 [ERROR] LogOutputStream:75 - [STDERR_REDIRECT] 
2025-08-07 02:33:53,468 [ERROR] LogOutputStream:75 - [STDERR_REDIRECT] [Fatal Error] :1:1: Premature end of file.
2025-08-07 02:33:53,470 [ERROR] LogOutputStream:75 - [STDERR_REDIRECT] 
2025-08-07 02:33:54,469 [ERROR] LogOutputStream:75 - [STDERR_REDIRECT] [Fatal Error] :1:1: Premature end of file.
2025-08-07 02:33:54,469 [ERROR] LogOutputStream:75 - [STDERR_REDIRECT] 
2025-08-07 02:33:55,468 [ERROR] LogOutputStream:75 - [STDERR_REDIRECT] [Fatal Error] :1:1: Premature end of file.
2025-08-07 02:33:55,468 [ERROR] LogOutputStream:75 - [STDERR_REDIRECT] 
2025-08-07 02:33:56,460 [ERROR] LogOutputStream:75 - [STDERR_REDIRECT] [Fatal Error] :1:1: Premature end of file.
2025-08-07 02:33:56,460 [ERROR] LogOutputStream:75 - [STDERR_REDIRECT] 
2025-08-07 02:33:57,468 [ERROR] LogOutputStream:75 - [STDERR_REDIRECT] [Fatal Error] :1:1: Premature end of file.
2025-08-07 02:33:57,468 [ERROR] LogOutputStream:75 - [STDERR_REDIRECT] 
2025-08-07 02:33:58,457 [ERROR] LogOutputStream:75 - [STDERR_REDIRECT] [Fatal Error] :1:1: Premature end of file.
2025-08-07 02:33:58,457 [ERROR] LogOutputStream:75 - [STDERR_REDIRECT] 
2025-08-07 02:33:59,466 [ERROR] LogOutputStream:75 - [STDERR_REDIRECT] [Fatal Error] :1:1: Premature end of file.
2025-08-07 02:33:59,466 [ERROR] LogOutputStream:75 - [STDERR_REDIRECT] 
2025-08-07 02:34:00,461 [ERROR] LogOutputStream:75 - [STDERR_REDIRECT] [Fatal Error] :1:1: Premature end of file.
2025-08-07 02:34:00,461 [ERROR] LogOutputStream:75 - [STDERR_REDIRECT] 
2025-08-07 02:34:01,469 [ERROR] LogOutputStream:75 - [STDERR_REDIRECT] [Fatal Error] :1:1: Premature end of file.
2025-08-07 02:34:01,469 [ERROR] LogOutputStream:75 - [STDERR_REDIRECT] 
2025-08-07 02:34:02,474 [ERROR] LogOutputStream:75 - [STDERR_REDIRECT] [Fatal Error] :1:1: Premature end of file.
2025-08-07 02:34:02,474 [ERROR] LogOutputStream:75 - [STDERR_REDIRECT] 
2025-08-07 02:34:03,488 [ERROR] LogOutputStream:75 - [STDERR_REDIRECT] [Fatal Error] :1:1: Premature end of file.
2025-08-07 02:34:03,488 [ERROR] LogOutputStream:75 - [STDERR_REDIRECT] 
2025-08-07 02:34:04,466 [ERROR] LogOutputStream:75 - [STDERR_REDIRECT] [Fatal Error] :1:1: Premature end of file.
2025-08-07 02:34:04,466 [ERROR] LogOutputStream:75 - [STDERR_REDIRECT] 
2025-08-07 02:34:05,467 [ERROR] LogOutputStream:75 - [STDERR_REDIRECT] [Fatal Error] :1:1: Premature end of file.
2025-08-07 02:34:05,467 [ERROR] LogOutputStream:75 - [STDERR_REDIRECT] 
2025-08-07 02:34:06,468 [ERROR] LogOutputStream:75 - [STDERR_REDIRECT] [Fatal Error] :1:1: Premature end of file.
2025-08-07 02:34:06,468 [ERROR] LogOutputStream:75 - [STDERR_REDIRECT] 
2025-08-07 02:34:07,468 [ERROR] LogOutputStream:75 - [STDERR_REDIRECT] [Fatal Error] :1:1: Premature end of file.
2025-08-07 02:34:07,468 [ERROR] LogOutputStream:75 - [STDERR_REDIRECT] 
2025-08-07 02:34:08,463 [ERROR] LogOutputStream:75 - [STDERR_REDIRECT] [Fatal Error] :1:1: Premature end of file.
2025-08-07 02:34:08,463 [ERROR] LogOutputStream:75 - [STDERR_REDIRECT] 
2025-08-07 02:34:09,470 [ERROR] LogOutputStream:75 - [STDERR_REDIRECT] [Fatal Error] :1:1: Premature end of file.
2025-08-07 02:34:09,470 [ERROR] LogOutputStream:75 - [STDERR_REDIRECT] 
2025-08-07 02:34:10,468 [ERROR] LogOutputStream:75 - [STDERR_REDIRECT] [Fatal Error] :1:1: Premature end of file.
2025-08-07 02:34:10,468 [ERROR] LogOutputStream:75 - [STDERR_REDIRECT] 
2025-08-07 02:34:11,462 [ERROR] LogOutputStream:75 - [STDERR_REDIRECT] [Fatal Error] :1:1: Premature end of file.
2025-08-07 02:34:11,463 [ERROR] LogOutputStream:75 - [STDERR_REDIRECT] 
2025-08-07 02:34:12,461 [ERROR] LogOutputStream:75 - [STDERR_REDIRECT] [Fatal Error] :1:1: Premature end of file.
2025-08-07 02:34:12,461 [ERROR] LogOutputStream:75 - [STDERR_REDIRECT] 
2025-08-07 02:34:13,469 [ERROR] LogOutputStream:75 - [STDERR_REDIRECT] [Fatal Error] :1:1: Premature end of file.
2025-08-07 02:34:13,470 [ERROR] LogOutputStream:75 - [STDERR_REDIRECT] 
2025-08-07 02:34:14,462 [ERROR] LogOutputStream:75 - [STDERR_REDIRECT] [Fatal Error] :1:1: Premature end of file.
2025-08-07 02:34:14,462 [ERROR] LogOutputStream:75 - [STDERR_REDIRECT] 
2025-08-07 02:34:15,467 [ERROR] LogOutputStream:75 - [STDERR_REDIRECT] [Fatal Error] :1:1: Premature end of file.
2025-08-07 02:34:15,467 [ERROR] LogOutputStream:75 - [STDERR_REDIRECT] 
2025-08-07 02:34:16,462 [ERROR] LogOutputStream:75 - [STDERR_REDIRECT] [Fatal Error] :1:1: Premature end of file.
2025-08-07 02:34:16,462 [ERROR] LogOutputStream:75 - [STDERR_REDIRECT] 
2025-08-07 02:34:17,468 [ERROR] LogOutputStream:75 - [STDERR_REDIRECT] [Fatal Error] :1:1: Premature end of file.
2025-08-07 02:34:17,468 [ERROR] LogOutputStream:75 - [STDERR_REDIRECT] 
2025-08-07 02:34:18,469 [ERROR] LogOutputStream:75 - [STDERR_REDIRECT] [Fatal Error] :1:1: Premature end of file.
2025-08-07 02:34:18,469 [ERROR] LogOutputStream:75 - [STDERR_REDIRECT] 
2025-08-07 02:34:19,463 [ERROR] LogOutputStream:75 - [STDERR_REDIRECT] [Fatal Error] :1:1: Premature end of file.
2025-08-07 02:34:19,464 [ERROR] LogOutputStream:75 - [STDERR_REDIRECT] 
2025-08-07 02:34:20,471 [ERROR] LogOutputStream:75 - [STDERR_REDIRECT] [Fatal Error] :1:1: Premature end of file.
2025-08-07 02:34:20,472 [ERROR] LogOutputStream:75 - [STDERR_REDIRECT] 
2025-08-07 02:34:21,466 [ERROR] LogOutputStream:75 - [STDERR_REDIRECT] [Fatal Error] :1:1: Premature end of file.
2025-08-07 02:34:21,466 [ERROR] LogOutputStream:75 - [STDERR_REDIRECT] 
2025-08-07 02:34:22,463 [ERROR] LogOutputStream:75 - [STDERR_REDIRECT] [Fatal Error] :1:1: Premature end of file.
2025-08-07 02:34:22,463 [ERROR] LogOutputStream:75 - [STDERR_REDIRECT] 
2025-08-07 02:34:23,459 [ERROR] LogOutputStream:75 - [STDERR_REDIRECT] [Fatal Error] :1:1: Premature end of file.
2025-08-07 02:34:23,459 [ERROR] LogOutputStream:75 - [STDERR_REDIRECT] 
2025-08-07 02:34:24,470 [ERROR] LogOutputStream:75 - [STDERR_REDIRECT] [Fatal Error] :1:1: Premature end of file.
2025-08-07 02:34:24,470 [ERROR] LogOutputStream:75 - [STDERR_REDIRECT] 
2025-08-07 02:34:25,462 [ERROR] LogOutputStream:75 - [STDERR_REDIRECT] [Fatal Error] :1:1: Premature end of file.
2025-08-07 02:34:25,462 [ERROR] LogOutputStream:75 - [STDERR_REDIRECT] 
2025-08-07 02:34:26,458 [ERROR] LogOutputStream:75 - [STDERR_REDIRECT] [Fatal Error] :1:1: Premature end of file.
2025-08-07 02:34:26,458 [ERROR] LogOutputStream:75 - [STDERR_REDIRECT] 
2025-08-07 02:34:27,468 [ERROR] LogOutputStream:75 - [STDERR_REDIRECT] [Fatal Error] :1:1: Premature end of file.
2025-08-07 02:34:27,468 [ERROR] LogOutputStream:75 - [STDERR_REDIRECT] 
2025-08-07 02:34:28,461 [ERROR] LogOutputStream:75 - [STDERR_REDIRECT] [Fatal Error] :1:1: Premature end of file.
2025-08-07 02:34:28,461 [ERROR] LogOutputStream:75 - [STDERR_REDIRECT] 
2025-08-07 02:34:29,470 [ERROR] LogOutputStream:75 - [STDERR_REDIRECT] [Fatal Error] :1:1: Premature end of file.
2025-08-07 02:34:29,470 [ERROR] LogOutputStream:75 - [STDERR_REDIRECT] 
2025-08-07 02:34:30,467 [ERROR] LogOutputStream:75 - [STDERR_REDIRECT] [Fatal Error] :1:1: Premature end of file.
2025-08-07 02:34:30,467 [ERROR] LogOutputStream:75 - [STDERR_REDIRECT] 
2025-08-07 02:34:31,461 [ERROR] LogOutputStream:75 - [STDERR_REDIRECT] [Fatal Error] :1:1: Premature end of file.
2025-08-07 02:34:31,461 [ERROR] LogOutputStream:75 - [STDERR_REDIRECT] 
2025-08-07 02:34:32,470 [ERROR] LogOutputStream:75 - [STDERR_REDIRECT] [Fatal Error] :1:1: Premature end of file.
2025-08-07 02:34:32,470 [ERROR] LogOutputStream:75 - [STDERR_REDIRECT] 
2025-08-07 02:34:33,465 [ERROR] LogOutputStream:75 - [STDERR_REDIRECT] [Fatal Error] :1:1: Premature end of file.
2025-08-07 02:34:33,465 [ERROR] LogOutputStream:75 - [STDERR_REDIRECT] 
2025-08-07 02:34:34,468 [ERROR] LogOutputStream:75 - [STDERR_REDIRECT] [Fatal Error] :1:1: Premature end of file.
2025-08-07 02:34:34,468 [ERROR] LogOutputStream:75 - [STDERR_REDIRECT] 
2025-08-07 02:34:35,465 [ERROR] LogOutputStream:75 - [STDERR_REDIRECT] [Fatal Error] :1:1: Premature end of file.
2025-08-07 02:34:35,465 [ERROR] LogOutputStream:75 - [STDERR_REDIRECT] 
2025-08-07 02:34:36,468 [ERROR] LogOutputStream:75 - [STDERR_REDIRECT] [Fatal Error] :1:1: Premature end of file.
2025-08-07 02:34:36,468 [ERROR] LogOutputStream:75 - [STDERR_REDIRECT] 
2025-08-07 02:34:37,461 [ERROR] LogOutputStream:75 - [STDERR_REDIRECT] [Fatal Error] :1:1: Premature end of file.
2025-08-07 02:34:37,461 [ERROR] LogOutputStream:75 - [STDERR_REDIRECT] 
2025-08-07 02:34:38,468 [ERROR] LogOutputStream:75 - [STDERR_REDIRECT] [Fatal Error] :1:1: Premature end of file.
2025-08-07 02:34:38,468 [ERROR] LogOutputStream:75 - [STDERR_REDIRECT] 
2025-08-07 02:34:39,471 [ERROR] LogOutputStream:75 - [STDERR_REDIRECT] [Fatal Error] :1:1: Premature end of file.
2025-08-07 02:34:39,471 [ERROR] LogOutputStream:75 - [STDERR_REDIRECT] 
2025-08-07 02:34:40,462 [ERROR] LogOutputStream:75 - [STDERR_REDIRECT] [Fatal Error] :1:1: Premature end of file.
2025-08-07 02:34:40,462 [ERROR] LogOutputStream:75 - [STDERR_REDIRECT] 
2025-08-07 02:34:41,467 [ERROR] LogOutputStream:75 - [STDERR_REDIRECT] [Fatal Error] :1:1: Premature end of file.
2025-08-07 02:34:41,467 [ERROR] LogOutputStream:75 - [STDERR_REDIRECT] 
2025-08-07 02:34:42,465 [ERROR] LogOutputStream:75 - [STDERR_REDIRECT] [Fatal Error] :1:1: Premature end of file.
2025-08-07 02:34:42,465 [ERROR] LogOutputStream:75 - [STDERR_REDIRECT] 
2025-08-07 02:34:43,469 [ERROR] LogOutputStream:75 - [STDERR_REDIRECT] [Fatal Error] :1:1: Premature end of file.
2025-08-07 02:34:43,469 [ERROR] LogOutputStream:75 - [STDERR_REDIRECT] 
2025-08-07 02:34:44,460 [ERROR] LogOutputStream:75 - [STDERR_REDIRECT] [Fatal Error] :1:1: Premature end of file.
2025-08-07 02:34:44,460 [ERROR] LogOutputStream:75 - [STDERR_REDIRECT] 
2025-08-07 02:34:45,467 [ERROR] LogOutputStream:75 - [STDERR_REDIRECT] [Fatal Error] :1:1: Premature end of file.
2025-08-07 02:34:45,467 [ERROR] LogOutputStream:75 - [STDERR_REDIRECT] 
2025-08-07 02:34:46,476 [ERROR] LogOutputStream:75 - [STDERR_REDIRECT] [Fatal Error] :1:1: Premature end of file.
2025-08-07 02:34:46,478 [ERROR] LogOutputStream:75 - [STDERR_REDIRECT] 
2025-08-07 02:34:47,469 [ERROR] LogOutputStream:75 - [STDERR_REDIRECT] [Fatal Error] :1:1: Premature end of file.
2025-08-07 02:34:47,469 [ERROR] LogOutputStream:75 - [STDERR_REDIRECT] 
2025-08-07 02:34:48,463 [ERROR] LogOutputStream:75 - [STDERR_REDIRECT] [Fatal Error] :1:1: Premature end of file.
2025-08-07 02:34:48,463 [ERROR] LogOutputStream:75 - [STDERR_REDIRECT] 
2025-08-07 02:34:49,474 [ERROR] LogOutputStream:75 - [STDERR_REDIRECT] [Fatal Error] :1:1: Premature end of file.
2025-08-07 02:34:49,475 [ERROR] LogOutputStream:75 - [STDERR_REDIRECT] 
2025-08-07 02:34:50,466 [ERROR] LogOutputStream:75 - [STDERR_REDIRECT] [Fatal Error] :1:1: Premature end of file.
2025-08-07 02:34:50,467 [ERROR] LogOutputStream:75 - [STDERR_REDIRECT] 
2025-08-07 02:34:51,467 [ERROR] LogOutputStream:75 - [STDERR_REDIRECT] [Fatal Error] :1:1: Premature end of file.
2025-08-07 02:34:51,467 [ERROR] LogOutputStream:75 - [STDERR_REDIRECT] 
2025-08-07 02:34:52,471 [ERROR] LogOutputStream:75 - [STDERR_REDIRECT] [Fatal Error] :1:1: Premature end of file.
2025-08-07 02:34:52,472 [ERROR] LogOutputStream:75 - [STDERR_REDIRECT] 
2025-08-07 02:34:53,463 [ERROR] LogOutputStream:75 - [STDERR_REDIRECT] [Fatal Error] :1:1: Premature end of file.
2025-08-07 02:34:53,463 [ERROR] LogOutputStream:75 - [STDERR_REDIRECT] 
2025-08-07 02:34:54,462 [ERROR] LogOutputStream:75 - [STDERR_REDIRECT] [Fatal Error] :1:1: Premature end of file.
2025-08-07 02:34:54,462 [ERROR] LogOutputStream:75 - [STDERR_REDIRECT] 
2025-08-07 02:34:55,471 [ERROR] LogOutputStream:75 - [STDERR_REDIRECT] [Fatal Error] :1:1: Premature end of file.
2025-08-07 02:34:55,471 [ERROR] LogOutputStream:75 - [STDERR_REDIRECT] 
2025-08-07 02:34:56,468 [ERROR] LogOutputStream:75 - [STDERR_REDIRECT] [Fatal Error] :1:1: Premature end of file.
2025-08-07 02:34:56,468 [ERROR] LogOutputStream:75 - [STDERR_REDIRECT] 
2025-08-07 02:34:57,465 [ERROR] LogOutputStream:75 - [STDERR_REDIRECT] [Fatal Error] :1:1: Premature end of file.
2025-08-07 02:34:57,466 [ERROR] LogOutputStream:75 - [STDERR_REDIRECT] 
2025-08-07 02:34:58,461 [ERROR] LogOutputStream:75 - [STDERR_REDIRECT] [Fatal Error] :1:1: Premature end of file.
2025-08-07 02:34:58,461 [ERROR] LogOutputStream:75 - [STDERR_REDIRECT] 
2025-08-07 02:34:59,470 [ERROR] LogOutputStream:75 - [STDERR_REDIRECT] [Fatal Error] :1:1: Premature end of file.
2025-08-07 02:34:59,470 [ERROR] LogOutputStream:75 - [STDERR_REDIRECT] 
2025-08-07 02:35:00,466 [ERROR] LogOutputStream:75 - [STDERR_REDIRECT] [Fatal Error] :1:1: Premature end of file.
2025-08-07 02:35:00,466 [ERROR] LogOutputStream:75 - [STDERR_REDIRECT] 
2025-08-07 02:35:01,458 [ERROR] LogOutputStream:75 - [STDERR_REDIRECT] [Fatal Error] :1:1: Premature end of file.
2025-08-07 02:35:01,458 [ERROR] LogOutputStream:75 - [STDERR_REDIRECT] 
2025-08-07 02:35:02,468 [ERROR] LogOutputStream:75 - [STDERR_REDIRECT] [Fatal Error] :1:1: Premature end of file.
2025-08-07 02:35:02,468 [ERROR] LogOutputStream:75 - [STDERR_REDIRECT] 
2025-08-07 02:35:03,466 [ERROR] LogOutputStream:75 - [STDERR_REDIRECT] [Fatal Error] :1:1: Premature end of file.
2025-08-07 02:35:03,466 [ERROR] LogOutputStream:75 - [STDERR_REDIRECT] 
2025-08-07 02:35:04,462 [ERROR] LogOutputStream:75 - [STDERR_REDIRECT] [Fatal Error] :1:1: Premature end of file.
2025-08-07 02:35:04,462 [ERROR] LogOutputStream:75 - [STDERR_REDIRECT] 
2025-08-07 02:35:05,469 [ERROR] LogOutputStream:75 - [STDERR_REDIRECT] [Fatal Error] :1:1: Premature end of file.
2025-08-07 02:35:05,469 [ERROR] LogOutputStream:75 - [STDERR_REDIRECT] 
2025-08-07 02:35:06,464 [ERROR] LogOutputStream:75 - [STDERR_REDIRECT] [Fatal Error] :1:1: Premature end of file.
2025-08-07 02:35:06,464 [ERROR] LogOutputStream:75 - [STDERR_REDIRECT] 
2025-08-07 02:35:07,465 [ERROR] LogOutputStream:75 - [STDERR_REDIRECT] [Fatal Error] :1:1: Premature end of file.
2025-08-07 02:35:07,465 [ERROR] LogOutputStream:75 - [STDERR_REDIRECT] 
2025-08-07 02:35:08,472 [ERROR] LogOutputStream:75 - [STDERR_REDIRECT] [Fatal Error] :1:1: Premature end of file.
2025-08-07 02:35:08,473 [ERROR] LogOutputStream:75 - [STDERR_REDIRECT] 
2025-08-07 02:35:09,468 [ERROR] LogOutputStream:75 - [STDERR_REDIRECT] [Fatal Error] :1:1: Premature end of file.
2025-08-07 02:35:09,468 [ERROR] LogOutputStream:75 - [STDERR_REDIRECT] 
2025-08-07 02:35:10,460 [ERROR] LogOutputStream:75 - [STDERR_REDIRECT] [Fatal Error] :1:1: Premature end of file.
2025-08-07 02:35:10,460 [ERROR] LogOutputStream:75 - [STDERR_REDIRECT] 
2025-08-07 02:35:11,464 [ERROR] LogOutputStream:75 - [STDERR_REDIRECT] [Fatal Error] :1:1: Premature end of file.
2025-08-07 02:35:11,464 [ERROR] LogOutputStream:75 - [STDERR_REDIRECT] 
2025-08-07 02:35:12,461 [ERROR] LogOutputStream:75 - [STDERR_REDIRECT] [Fatal Error] :1:1: Premature end of file.
2025-08-07 02:35:12,461 [ERROR] LogOutputStream:75 - [STDERR_REDIRECT] 
2025-08-07 02:35:13,467 [ERROR] LogOutputStream:75 - [STDERR_REDIRECT] [Fatal Error] :1:1: Premature end of file.
2025-08-07 02:35:13,468 [ERROR] LogOutputStream:75 - [STDERR_REDIRECT] 
2025-08-07 02:35:14,468 [ERROR] LogOutputStream:75 - [STDERR_REDIRECT] [Fatal Error] :1:1: Premature end of file.
2025-08-07 02:35:14,468 [ERROR] LogOutputStream:75 - [STDERR_REDIRECT] 
2025-08-07 02:35:15,460 [ERROR] LogOutputStream:75 - [STDERR_REDIRECT] [Fatal Error] :1:1: Premature end of file.
2025-08-07 02:35:15,460 [ERROR] LogOutputStream:75 - [STDERR_REDIRECT] 
2025-08-07 02:35:16,460 [ERROR] LogOutputStream:75 - [STDERR_REDIRECT] [Fatal Error] :1:1: Premature end of file.
2025-08-07 02:35:16,460 [ERROR] LogOutputStream:75 - [STDERR_REDIRECT] 
2025-08-07 02:35:17,461 [ERROR] LogOutputStream:75 - [STDERR_REDIRECT] [Fatal Error] :1:1: Premature end of file.
2025-08-07 02:35:17,461 [ERROR] LogOutputStream:75 - [STDERR_REDIRECT] 
2025-08-07 02:35:18,460 [ERROR] LogOutputStream:75 - [STDERR_REDIRECT] [Fatal Error] :1:1: Premature end of file.
2025-08-07 02:35:18,460 [ERROR] LogOutputStream:75 - [STDERR_REDIRECT] 
2025-08-07 02:35:19,461 [ERROR] LogOutputStream:75 - [STDERR_REDIRECT] [Fatal Error] :1:1: Premature end of file.
2025-08-07 02:35:19,461 [ERROR] LogOutputStream:75 - [STDERR_REDIRECT] 
2025-08-07 02:35:20,471 [ERROR] LogOutputStream:75 - [STDERR_REDIRECT] [Fatal Error] :1:1: Premature end of file.
2025-08-07 02:35:20,471 [ERROR] LogOutputStream:75 - [STDERR_REDIRECT] 
2025-08-07 02:35:21,460 [ERROR] LogOutputStream:75 - [STDERR_REDIRECT] [Fatal Error] :1:1: Premature end of file.
2025-08-07 02:35:21,460 [ERROR] LogOutputStream:75 - [STDERR_REDIRECT] 
2025-08-07 02:35:22,468 [ERROR] LogOutputStream:75 - [STDERR_REDIRECT] [Fatal Error] :1:1: Premature end of file.
2025-08-07 02:35:22,468 [ERROR] LogOutputStream:75 - [STDERR_REDIRECT] 
2025-08-07 02:35:23,465 [ERROR] LogOutputStream:75 - [STDERR_REDIRECT] [Fatal Error] :1:1: Premature end of file.
2025-08-07 02:35:23,465 [ERROR] LogOutputStream:75 - [STDERR_REDIRECT] 
2025-08-07 02:35:24,457 [ERROR] LogOutputStream:75 - [STDERR_REDIRECT] [Fatal Error] :1:1: Premature end of file.
2025-08-07 02:35:24,457 [ERROR] LogOutputStream:75 - [STDERR_REDIRECT] 
2025-08-07 02:35:25,471 [ERROR] LogOutputStream:75 - [STDERR_REDIRECT] [Fatal Error] :1:1: Premature end of file.
2025-08-07 02:35:25,471 [ERROR] LogOutputStream:75 - [STDERR_REDIRECT] 
2025-08-07 02:35:26,458 [ERROR] LogOutputStream:75 - [STDERR_REDIRECT] [Fatal Error] :1:1: Premature end of file.
2025-08-07 02:35:26,458 [ERROR] LogOutputStream:75 - [STDERR_REDIRECT] 
2025-08-07 02:35:27,461 [ERROR] LogOutputStream:75 - [STDERR_REDIRECT] [Fatal Error] :1:1: Premature end of file.
2025-08-07 02:35:27,461 [ERROR] LogOutputStream:75 - [STDERR_REDIRECT] 
2025-08-07 02:35:28,470 [ERROR] LogOutputStream:75 - [STDERR_REDIRECT] [Fatal Error] :1:1: Premature end of file.
2025-08-07 02:35:28,470 [ERROR] LogOutputStream:75 - [STDERR_REDIRECT] 
2025-08-07 02:35:29,458 [ERROR] LogOutputStream:75 - [STDERR_REDIRECT] [Fatal Error] :1:1: Premature end of file.
2025-08-07 02:35:29,459 [ERROR] LogOutputStream:75 - [STDERR_REDIRECT] 
2025-08-07 02:35:30,463 [ERROR] LogOutputStream:75 - [STDERR_REDIRECT] [Fatal Error] :1:1: Premature end of file.
2025-08-07 02:35:30,463 [ERROR] LogOutputStream:75 - [STDERR_REDIRECT] 
2025-08-07 02:35:31,471 [ERROR] LogOutputStream:75 - [STDERR_REDIRECT] [Fatal Error] :1:1: Premature end of file.
2025-08-07 02:35:31,471 [ERROR] LogOutputStream:75 - [STDERR_REDIRECT] 
2025-08-07 02:35:32,464 [ERROR] LogOutputStream:75 - [STDERR_REDIRECT] [Fatal Error] :1:1: Premature end of file.
2025-08-07 02:35:32,464 [ERROR] LogOutputStream:75 - [STDERR_REDIRECT] 
2025-08-07 02:35:33,470 [ERROR] LogOutputStream:75 - [STDERR_REDIRECT] [Fatal Error] :1:1: Premature end of file.
2025-08-07 02:35:33,470 [ERROR] LogOutputStream:75 - [STDERR_REDIRECT] 
2025-08-07 02:35:34,461 [ERROR] LogOutputStream:75 - [STDERR_REDIRECT] [Fatal Error] :1:1: Premature end of file.
2025-08-07 02:35:34,461 [ERROR] LogOutputStream:75 - [STDERR_REDIRECT] 
2025-08-07 02:35:35,462 [ERROR] LogOutputStream:75 - [STDERR_REDIRECT] [Fatal Error] :1:1: Premature end of file.
2025-08-07 02:35:35,462 [ERROR] LogOutputStream:75 - [STDERR_REDIRECT] 
2025-08-07 02:35:36,468 [ERROR] LogOutputStream:75 - [STDERR_REDIRECT] [Fatal Error] :1:1: Premature end of file.
2025-08-07 02:35:36,468 [ERROR] LogOutputStream:75 - [STDERR_REDIRECT] 
2025-08-07 02:35:37,470 [ERROR] LogOutputStream:75 - [STDERR_REDIRECT] [Fatal Error] :1:1: Premature end of file.
2025-08-07 02:35:37,470 [ERROR] LogOutputStream:75 - [STDERR_REDIRECT] 
2025-08-07 02:35:38,461 [ERROR] LogOutputStream:75 - [STDERR_REDIRECT] [Fatal Error] :1:1: Premature end of file.
2025-08-07 02:35:38,461 [ERROR] LogOutputStream:75 - [STDERR_REDIRECT] 
2025-08-07 02:35:39,470 [ERROR] LogOutputStream:75 - [STDERR_REDIRECT] [Fatal Error] :1:1: Premature end of file.
2025-08-07 02:35:39,470 [ERROR] LogOutputStream:75 - [STDERR_REDIRECT] 
2025-08-07 02:35:40,467 [ERROR] LogOutputStream:75 - [STDERR_REDIRECT] [Fatal Error] :1:1: Premature end of file.
2025-08-07 02:35:40,467 [ERROR] LogOutputStream:75 - [STDERR_REDIRECT] 
2025-08-07 02:35:41,471 [ERROR] LogOutputStream:75 - [STDERR_REDIRECT] [Fatal Error] :1:1: Premature end of file.
2025-08-07 02:35:41,471 [ERROR] LogOutputStream:75 - [STDERR_REDIRECT] 
2025-08-07 02:35:42,466 [ERROR] LogOutputStream:75 - [STDERR_REDIRECT] [Fatal Error] :1:1: Premature end of file.
2025-08-07 02:35:42,466 [ERROR] LogOutputStream:75 - [STDERR_REDIRECT] 
2025-08-07 02:35:43,475 [ERROR] LogOutputStream:75 - [STDERR_REDIRECT] [Fatal Error] :1:1: Premature end of file.
2025-08-07 02:35:43,475 [ERROR] LogOutputStream:75 - [STDERR_REDIRECT] 
2025-08-07 02:35:44,459 [ERROR] LogOutputStream:75 - [STDERR_REDIRECT] [Fatal Error] :1:1: Premature end of file.
2025-08-07 02:35:44,459 [ERROR] LogOutputStream:75 - [STDERR_REDIRECT] 
2025-08-07 02:35:45,462 [ERROR] LogOutputStream:75 - [STDERR_REDIRECT] [Fatal Error] :1:1: Premature end of file.
2025-08-07 02:35:45,462 [ERROR] LogOutputStream:75 - [STDERR_REDIRECT] 
2025-08-07 02:35:46,463 [ERROR] LogOutputStream:75 - [STDERR_REDIRECT] [Fatal Error] :1:1: Premature end of file.
2025-08-07 02:35:46,463 [ERROR] LogOutputStream:75 - [STDERR_REDIRECT] 
2025-08-07 02:35:47,460 [ERROR] LogOutputStream:75 - [STDERR_REDIRECT] [Fatal Error] :1:1: Premature end of file.
2025-08-07 02:35:47,461 [ERROR] LogOutputStream:75 - [STDERR_REDIRECT] 
2025-08-07 02:35:48,467 [ERROR] LogOutputStream:75 - [STDERR_REDIRECT] [Fatal Error] :1:1: Premature end of file.
2025-08-07 02:35:48,467 [ERROR] LogOutputStream:75 - [STDERR_REDIRECT] 
2025-08-07 02:35:49,463 [ERROR] LogOutputStream:75 - [STDERR_REDIRECT] [Fatal Error] :1:1: Premature end of file.
2025-08-07 02:35:49,463 [ERROR] LogOutputStream:75 - [STDERR_REDIRECT] 
2025-08-07 02:35:50,468 [ERROR] LogOutputStream:75 - [STDERR_REDIRECT] [Fatal Error] :1:1: Premature end of file.
2025-08-07 02:35:50,468 [ERROR] LogOutputStream:75 - [STDERR_REDIRECT] 
2025-08-07 02:35:51,479 [ERROR] LogOutputStream:75 - [STDERR_REDIRECT] [Fatal Error] :1:1: Premature end of file.
2025-08-07 02:35:51,479 [ERROR] LogOutputStream:75 - [STDERR_REDIRECT] 
2025-08-07 02:35:52,462 [ERROR] LogOutputStream:75 - [STDERR_REDIRECT] [Fatal Error] :1:1: Premature end of file.
2025-08-07 02:35:52,462 [ERROR] LogOutputStream:75 - [STDERR_REDIRECT] 
2025-08-07 02:35:53,474 [ERROR] LogOutputStream:75 - [STDERR_REDIRECT] [Fatal Error] :1:1: Premature end of file.
2025-08-07 02:35:53,474 [ERROR] LogOutputStream:75 - [STDERR_REDIRECT] 
2025-08-07 02:35:54,476 [ERROR] LogOutputStream:75 - [STDERR_REDIRECT] [Fatal Error] :1:1: Premature end of file.
2025-08-07 02:35:54,476 [ERROR] LogOutputStream:75 - [STDERR_REDIRECT] 
2025-08-07 02:35:55,469 [ERROR] LogOutputStream:75 - [STDERR_REDIRECT] [Fatal Error] :1:1: Premature end of file.
2025-08-07 02:35:55,470 [ERROR] LogOutputStream:75 - [STDERR_REDIRECT] 
2025-08-07 02:35:56,468 [ERROR] LogOutputStream:75 - [STDERR_REDIRECT] [Fatal Error] :1:1: Premature end of file.
2025-08-07 02:35:56,468 [ERROR] LogOutputStream:75 - [STDERR_REDIRECT] 
2025-08-07 02:35:57,463 [ERROR] LogOutputStream:75 - [STDERR_REDIRECT] [Fatal Error] :1:1: Premature end of file.
2025-08-07 02:35:57,463 [ERROR] LogOutputStream:75 - [STDERR_REDIRECT] 
2025-08-07 02:35:58,471 [ERROR] LogOutputStream:75 - [STDERR_REDIRECT] [Fatal Error] :1:1: Premature end of file.
2025-08-07 02:35:58,471 [ERROR] LogOutputStream:75 - [STDERR_REDIRECT] 
2025-08-07 02:35:59,468 [ERROR] LogOutputStream:75 - [STDERR_REDIRECT] [Fatal Error] :1:1: Premature end of file.
2025-08-07 02:35:59,468 [ERROR] LogOutputStream:75 - [STDERR_REDIRECT] 
2025-08-07 02:36:00,465 [ERROR] LogOutputStream:75 - [STDERR_REDIRECT] [Fatal Error] :1:1: Premature end of file.
2025-08-07 02:36:00,466 [ERROR] LogOutputStream:75 - [STDERR_REDIRECT] 
2025-08-07 02:36:01,470 [ERROR] LogOutputStream:75 - [STDERR_REDIRECT] [Fatal Error] :1:1: Premature end of file.
2025-08-07 02:36:01,470 [ERROR] LogOutputStream:75 - [STDERR_REDIRECT] 
2025-08-07 02:36:02,462 [ERROR] LogOutputStream:75 - [STDERR_REDIRECT] [Fatal Error] :1:1: Premature end of file.
2025-08-07 02:36:02,463 [ERROR] LogOutputStream:75 - [STDERR_REDIRECT] 
2025-08-07 02:36:03,470 [ERROR] LogOutputStream:75 - [STDERR_REDIRECT] [Fatal Error] :1:1: Premature end of file.
2025-08-07 02:36:03,471 [ERROR] LogOutputStream:75 - [STDERR_REDIRECT] 
2025-08-07 02:36:04,466 [ERROR] LogOutputStream:75 - [STDERR_REDIRECT] [Fatal Error] :1:1: Premature end of file.
2025-08-07 02:36:04,466 [ERROR] LogOutputStream:75 - [STDERR_REDIRECT] 
2025-08-07 02:36:05,469 [ERROR] LogOutputStream:75 - [STDERR_REDIRECT] [Fatal Error] :1:1: Premature end of file.
2025-08-07 02:36:05,469 [ERROR] LogOutputStream:75 - [STDERR_REDIRECT] 
2025-08-07 02:36:06,466 [ERROR] LogOutputStream:75 - [STDERR_REDIRECT] [Fatal Error] :1:1: Premature end of file.
2025-08-07 02:36:06,466 [ERROR] LogOutputStream:75 - [STDERR_REDIRECT] 
2025-08-07 02:36:07,471 [ERROR] LogOutputStream:75 - [STDERR_REDIRECT] [Fatal Error] :1:1: Premature end of file.
2025-08-07 02:36:07,471 [ERROR] LogOutputStream:75 - [STDERR_REDIRECT] 
2025-08-07 02:36:08,470 [ERROR] LogOutputStream:75 - [STDERR_REDIRECT] [Fatal Error] :1:1: Premature end of file.
2025-08-07 02:36:08,470 [ERROR] LogOutputStream:75 - [STDERR_REDIRECT] 
2025-08-07 02:36:09,467 [ERROR] LogOutputStream:75 - [STDERR_REDIRECT] [Fatal Error] :1:1: Premature end of file.
2025-08-07 02:36:09,467 [ERROR] LogOutputStream:75 - [STDERR_REDIRECT] 
2025-08-07 02:36:10,468 [ERROR] LogOutputStream:75 - [STDERR_REDIRECT] [Fatal Error] :1:1: Premature end of file.
2025-08-07 02:36:10,468 [ERROR] LogOutputStream:75 - [STDERR_REDIRECT] 
2025-08-07 02:36:11,468 [ERROR] LogOutputStream:75 - [STDERR_REDIRECT] [Fatal Error] :1:1: Premature end of file.
2025-08-07 02:36:11,468 [ERROR] LogOutputStream:75 - [STDERR_REDIRECT] 
2025-08-07 02:36:12,461 [ERROR] LogOutputStream:75 - [STDERR_REDIRECT] [Fatal Error] :1:1: Premature end of file.
2025-08-07 02:36:12,462 [ERROR] LogOutputStream:75 - [STDERR_REDIRECT] 
2025-08-07 02:36:13,470 [ERROR] LogOutputStream:75 - [STDERR_REDIRECT] [Fatal Error] :1:1: Premature end of file.
2025-08-07 02:36:13,470 [ERROR] LogOutputStream:75 - [STDERR_REDIRECT] 
2025-08-07 02:36:14,462 [ERROR] LogOutputStream:75 - [STDERR_REDIRECT] [Fatal Error] :1:1: Premature end of file.
2025-08-07 02:36:14,462 [ERROR] LogOutputStream:75 - [STDERR_REDIRECT] 
2025-08-07 02:36:15,459 [ERROR] LogOutputStream:75 - [STDERR_REDIRECT] [Fatal Error] :1:1: Premature end of file.
2025-08-07 02:36:15,459 [ERROR] LogOutputStream:75 - [STDERR_REDIRECT] 
2025-08-07 02:36:16,463 [ERROR] LogOutputStream:75 - [STDERR_REDIRECT] [Fatal Error] :1:1: Premature end of file.
2025-08-07 02:36:16,463 [ERROR] LogOutputStream:75 - [STDERR_REDIRECT] 
2025-08-07 02:36:17,460 [ERROR] LogOutputStream:75 - [STDERR_REDIRECT] [Fatal Error] :1:1: Premature end of file.
2025-08-07 02:36:17,460 [ERROR] LogOutputStream:75 - [STDERR_REDIRECT] 
2025-08-07 02:36:18,461 [ERROR] LogOutputStream:75 - [STDERR_REDIRECT] [Fatal Error] :1:1: Premature end of file.
2025-08-07 02:36:18,461 [ERROR] LogOutputStream:75 - [STDERR_REDIRECT] 
2025-08-07 02:36:19,460 [ERROR] LogOutputStream:75 - [STDERR_REDIRECT] [Fatal Error] :1:1: Premature end of file.
2025-08-07 02:36:19,461 [ERROR] LogOutputStream:75 - [STDERR_REDIRECT] 
2025-08-07 02:36:20,468 [ERROR] LogOutputStream:75 - [STDERR_REDIRECT] [Fatal Error] :1:1: Premature end of file.
2025-08-07 02:36:20,469 [ERROR] LogOutputStream:75 - [STDERR_REDIRECT] 
2025-08-07 02:36:21,471 [ERROR] LogOutputStream:75 - [STDERR_REDIRECT] [Fatal Error] :1:1: Premature end of file.
2025-08-07 02:36:21,471 [ERROR] LogOutputStream:75 - [STDERR_REDIRECT] 
2025-08-07 02:36:22,463 [ERROR] LogOutputStream:75 - [STDERR_REDIRECT] [Fatal Error] :1:1: Premature end of file.
2025-08-07 02:36:22,463 [ERROR] LogOutputStream:75 - [STDERR_REDIRECT] 
2025-08-07 02:36:23,469 [ERROR] LogOutputStream:75 - [STDERR_REDIRECT] [Fatal Error] :1:1: Premature end of file.
2025-08-07 02:36:23,469 [ERROR] LogOutputStream:75 - [STDERR_REDIRECT] 
2025-08-07 02:36:24,460 [ERROR] LogOutputStream:75 - [STDERR_REDIRECT] [Fatal Error] :1:1: Premature end of file.
2025-08-07 02:36:24,460 [ERROR] LogOutputStream:75 - [STDERR_REDIRECT] 
2025-08-07 02:36:25,467 [ERROR] LogOutputStream:75 - [STDERR_REDIRECT] [Fatal Error] :1:1: Premature end of file.
2025-08-07 02:36:25,467 [ERROR] LogOutputStream:75 - [STDERR_REDIRECT] 
2025-08-07 02:36:26,463 [ERROR] LogOutputStream:75 - [STDERR_REDIRECT] [Fatal Error] :1:1: Premature end of file.
2025-08-07 02:36:26,463 [ERROR] LogOutputStream:75 - [STDERR_REDIRECT] 
2025-08-07 02:36:27,471 [ERROR] LogOutputStream:75 - [STDERR_REDIRECT] [Fatal Error] :1:1: Premature end of file.
2025-08-07 02:36:27,471 [ERROR] LogOutputStream:75 - [STDERR_REDIRECT] 
2025-08-07 02:36:28,465 [ERROR] LogOutputStream:75 - [STDERR_REDIRECT] [Fatal Error] :1:1: Premature end of file.
2025-08-07 02:36:28,465 [ERROR] LogOutputStream:75 - [STDERR_REDIRECT] 
2025-08-07 02:36:29,469 [ERROR] LogOutputStream:75 - [STDERR_REDIRECT] [Fatal Error] :1:1: Premature end of file.
2025-08-07 02:36:29,469 [ERROR] LogOutputStream:75 - [STDERR_REDIRECT] 
2025-08-07 02:36:30,460 [ERROR] LogOutputStream:75 - [STDERR_REDIRECT] [Fatal Error] :1:1: Premature end of file.
2025-08-07 02:36:30,460 [ERROR] LogOutputStream:75 - [STDERR_REDIRECT] 
2025-08-07 02:36:31,470 [ERROR] LogOutputStream:75 - [STDERR_REDIRECT] [Fatal Error] :1:1: Premature end of file.
2025-08-07 02:36:31,470 [ERROR] LogOutputStream:75 - [STDERR_REDIRECT] 
2025-08-07 02:36:32,465 [ERROR] LogOutputStream:75 - [STDERR_REDIRECT] [Fatal Error] :1:1: Premature end of file.
2025-08-07 02:36:32,465 [ERROR] LogOutputStream:75 - [STDERR_REDIRECT] 
2025-08-07 02:36:33,466 [ERROR] LogOutputStream:75 - [STDERR_REDIRECT] [Fatal Error] :1:1: Premature end of file.
2025-08-07 02:36:33,466 [ERROR] LogOutputStream:75 - [STDERR_REDIRECT] 
2025-08-07 02:36:34,466 [ERROR] LogOutputStream:75 - [STDERR_REDIRECT] [Fatal Error] :1:1: Premature end of file.
2025-08-07 02:36:34,466 [ERROR] LogOutputStream:75 - [STDERR_REDIRECT] 
2025-08-07 02:36:35,463 [ERROR] LogOutputStream:75 - [STDERR_REDIRECT] [Fatal Error] :1:1: Premature end of file.
2025-08-07 02:36:35,463 [ERROR] LogOutputStream:75 - [STDERR_REDIRECT] 
2025-08-07 02:36:36,468 [ERROR] LogOutputStream:75 - [STDERR_REDIRECT] [Fatal Error] :1:1: Premature end of file.
2025-08-07 02:36:36,468 [ERROR] LogOutputStream:75 - [STDERR_REDIRECT] 
2025-08-07 02:36:37,462 [ERROR] LogOutputStream:75 - [STDERR_REDIRECT] [Fatal Error] :1:1: Premature end of file.
2025-08-07 02:36:37,462 [ERROR] LogOutputStream:75 - [STDERR_REDIRECT] 
2025-08-07 02:36:38,467 [ERROR] LogOutputStream:75 - [STDERR_REDIRECT] [Fatal Error] :1:1: Premature end of file.
2025-08-07 02:36:38,468 [ERROR] LogOutputStream:75 - [STDERR_REDIRECT] 
2025-08-07 02:36:39,460 [ERROR] LogOutputStream:75 - [STDERR_REDIRECT] [Fatal Error] :1:1: Premature end of file.
2025-08-07 02:36:39,460 [ERROR] LogOutputStream:75 - [STDERR_REDIRECT] 
2025-08-07 02:36:40,466 [ERROR] LogOutputStream:75 - [STDERR_REDIRECT] [Fatal Error] :1:1: Premature end of file.
2025-08-07 02:36:40,466 [ERROR] LogOutputStream:75 - [STDERR_REDIRECT] 
2025-08-07 02:36:41,468 [ERROR] LogOutputStream:75 - [STDERR_REDIRECT] [Fatal Error] :1:1: Premature end of file.
2025-08-07 02:36:41,468 [ERROR] LogOutputStream:75 - [STDERR_REDIRECT] 
2025-08-07 02:36:42,470 [ERROR] LogOutputStream:75 - [STDERR_REDIRECT] [Fatal Error] :1:1: Premature end of file.
2025-08-07 02:36:42,470 [ERROR] LogOutputStream:75 - [STDERR_REDIRECT] 
2025-08-07 02:36:43,456 [ERROR] LogOutputStream:75 - [STDERR_REDIRECT] [Fatal Error] :1:1: Premature end of file.
2025-08-07 02:36:43,458 [ERROR] LogOutputStream:75 - [STDERR_REDIRECT] 
2025-08-07 02:36:44,462 [ERROR] LogOutputStream:75 - [STDERR_REDIRECT] [Fatal Error] :1:1: Premature end of file.
2025-08-07 02:36:44,462 [ERROR] LogOutputStream:75 - [STDERR_REDIRECT] 
2025-08-07 02:36:45,464 [ERROR] LogOutputStream:75 - [STDERR_REDIRECT] [Fatal Error] :1:1: Premature end of file.
2025-08-07 02:36:45,464 [ERROR] LogOutputStream:75 - [STDERR_REDIRECT] 
2025-08-07 02:36:46,471 [ERROR] LogOutputStream:75 - [STDERR_REDIRECT] [Fatal Error] :1:1: Premature end of file.
2025-08-07 02:36:46,471 [ERROR] LogOutputStream:75 - [STDERR_REDIRECT] 
2025-08-07 02:36:47,466 [ERROR] LogOutputStream:75 - [STDERR_REDIRECT] [Fatal Error] :1:1: Premature end of file.
2025-08-07 02:36:47,466 [ERROR] LogOutputStream:75 - [STDERR_REDIRECT] 
2025-08-07 02:36:48,478 [ERROR] LogOutputStream:75 - [STDERR_REDIRECT] [Fatal Error] :1:1: Premature end of file.
2025-08-07 02:36:48,478 [ERROR] LogOutputStream:75 - [STDERR_REDIRECT] 
2025-08-07 02:36:49,470 [ERROR] LogOutputStream:75 - [STDERR_REDIRECT] [Fatal Error] :1:1: Premature end of file.
2025-08-07 02:36:49,471 [ERROR] LogOutputStream:75 - [STDERR_REDIRECT] 
2025-08-07 02:36:50,471 [ERROR] LogOutputStream:75 - [STDERR_REDIRECT] [Fatal Error] :1:1: Premature end of file.
2025-08-07 02:36:50,471 [ERROR] LogOutputStream:75 - [STDERR_REDIRECT] 
2025-08-07 02:36:51,469 [ERROR] LogOutputStream:75 - [STDERR_REDIRECT] [Fatal Error] :1:1: Premature end of file.
2025-08-07 02:36:51,469 [ERROR] LogOutputStream:75 - [STDERR_REDIRECT] 
2025-08-07 02:36:52,473 [ERROR] LogOutputStream:75 - [STDERR_REDIRECT] [Fatal Error] :1:1: Premature end of file.
2025-08-07 02:36:52,473 [ERROR] LogOutputStream:75 - [STDERR_REDIRECT] 
2025-08-07 02:36:53,465 [ERROR] LogOutputStream:75 - [STDERR_REDIRECT] [Fatal Error] :1:1: Premature end of file.
2025-08-07 02:36:53,465 [ERROR] LogOutputStream:75 - [STDERR_REDIRECT] 
2025-08-07 02:36:54,464 [ERROR] LogOutputStream:75 - [STDERR_REDIRECT] [Fatal Error] :1:1: Premature end of file.
2025-08-07 02:36:54,464 [ERROR] LogOutputStream:75 - [STDERR_REDIRECT] 
2025-08-07 02:36:55,463 [ERROR] LogOutputStream:75 - [STDERR_REDIRECT] [Fatal Error] :1:1: Premature end of file.
2025-08-07 02:36:55,463 [ERROR] LogOutputStream:75 - [STDERR_REDIRECT] 
2025-08-07 02:36:56,460 [ERROR] LogOutputStream:75 - [STDERR_REDIRECT] [Fatal Error] :1:1: Premature end of file.
2025-08-07 02:36:56,460 [ERROR] LogOutputStream:75 - [STDERR_REDIRECT] 
2025-08-07 02:36:57,467 [ERROR] LogOutputStream:75 - [STDERR_REDIRECT] [Fatal Error] :1:1: Premature end of file.
2025-08-07 02:36:57,467 [ERROR] LogOutputStream:75 - [STDERR_REDIRECT] 
2025-08-07 02:36:58,460 [ERROR] LogOutputStream:75 - [STDERR_REDIRECT] [Fatal Error] :1:1: Premature end of file.
2025-08-07 02:36:58,460 [ERROR] LogOutputStream:75 - [STDERR_REDIRECT] 
2025-08-07 02:36:59,468 [ERROR] LogOutputStream:75 - [STDERR_REDIRECT] [Fatal Error] :1:1: Premature end of file.
2025-08-07 02:36:59,468 [ERROR] LogOutputStream:75 - [STDERR_REDIRECT] 
2025-08-07 02:37:00,460 [ERROR] LogOutputStream:75 - [STDERR_REDIRECT] [Fatal Error] :1:1: Premature end of file.
2025-08-07 02:37:00,460 [ERROR] LogOutputStream:75 - [STDERR_REDIRECT] 
2025-08-07 02:37:01,468 [ERROR] LogOutputStream:75 - [STDERR_REDIRECT] [Fatal Error] :1:1: Premature end of file.
2025-08-07 02:37:01,469 [ERROR] LogOutputStream:75 - [STDERR_REDIRECT] 
2025-08-07 02:37:02,470 [ERROR] LogOutputStream:75 - [STDERR_REDIRECT] [Fatal Error] :1:1: Premature end of file.
2025-08-07 02:37:02,470 [ERROR] LogOutputStream:75 - [STDERR_REDIRECT] 
2025-08-07 02:37:03,469 [ERROR] LogOutputStream:75 - [STDERR_REDIRECT] [Fatal Error] :1:1: Premature end of file.
2025-08-07 02:37:03,469 [ERROR] LogOutputStream:75 - [STDERR_REDIRECT] 
2025-08-07 02:37:04,460 [ERROR] LogOutputStream:75 - [STDERR_REDIRECT] [Fatal Error] :1:1: Premature end of file.
2025-08-07 02:37:04,460 [ERROR] LogOutputStream:75 - [STDERR_REDIRECT] 
2025-08-07 02:37:05,461 [ERROR] LogOutputStream:75 - [STDERR_REDIRECT] [Fatal Error] :1:1: Premature end of file.
2025-08-07 02:37:05,461 [ERROR] LogOutputStream:75 - [STDERR_REDIRECT] 
2025-08-07 02:37:06,462 [ERROR] LogOutputStream:75 - [STDERR_REDIRECT] [Fatal Error] :1:1: Premature end of file.
2025-08-07 02:37:06,462 [ERROR] LogOutputStream:75 - [STDERR_REDIRECT] 
2025-08-07 02:37:07,470 [ERROR] LogOutputStream:75 - [STDERR_REDIRECT] [Fatal Error] :1:1: Premature end of file.
2025-08-07 02:37:07,470 [ERROR] LogOutputStream:75 - [STDERR_REDIRECT] 
2025-08-07 02:37:08,464 [ERROR] LogOutputStream:75 - [STDERR_REDIRECT] [Fatal Error] :1:1: Premature end of file.
2025-08-07 02:37:08,464 [ERROR] LogOutputStream:75 - [STDERR_REDIRECT] 
2025-08-07 02:37:09,484 [ERROR] LogOutputStream:75 - [STDERR_REDIRECT] [Fatal Error] :1:1: Premature end of file.
2025-08-07 02:37:09,484 [ERROR] LogOutputStream:75 - [STDERR_REDIRECT] 
2025-08-07 02:37:10,460 [ERROR] LogOutputStream:75 - [STDERR_REDIRECT] [Fatal Error] :1:1: Premature end of file.
2025-08-07 02:37:10,460 [ERROR] LogOutputStream:75 - [STDERR_REDIRECT] 
2025-08-07 02:37:11,468 [ERROR] LogOutputStream:75 - [STDERR_REDIRECT] [Fatal Error] :1:1: Premature end of file.
2025-08-07 02:37:11,468 [ERROR] LogOutputStream:75 - [STDERR_REDIRECT] 
2025-08-07 02:37:12,465 [ERROR] LogOutputStream:75 - [STDERR_REDIRECT] [Fatal Error] :1:1: Premature end of file.
2025-08-07 02:37:12,465 [ERROR] LogOutputStream:75 - [STDERR_REDIRECT] 
2025-08-07 02:37:13,457 [ERROR] LogOutputStream:75 - [STDERR_REDIRECT] [Fatal Error] :1:1: Premature end of file.
2025-08-07 02:37:13,457 [ERROR] LogOutputStream:75 - [STDERR_REDIRECT] 
2025-08-07 02:37:14,464 [ERROR] LogOutputStream:75 - [STDERR_REDIRECT] [Fatal Error] :1:1: Premature end of file.
2025-08-07 02:37:14,464 [ERROR] LogOutputStream:75 - [STDERR_REDIRECT] 
2025-08-07 02:37:15,471 [ERROR] LogOutputStream:75 - [STDERR_REDIRECT] [Fatal Error] :1:1: Premature end of file.
2025-08-07 02:37:15,471 [ERROR] LogOutputStream:75 - [STDERR_REDIRECT] 
2025-08-07 02:37:16,469 [ERROR] LogOutputStream:75 - [STDERR_REDIRECT] [Fatal Error] :1:1: Premature end of file.
2025-08-07 02:37:16,469 [ERROR] LogOutputStream:75 - [STDERR_REDIRECT] 
2025-08-07 02:37:17,460 [ERROR] LogOutputStream:75 - [STDERR_REDIRECT] [Fatal Error] :1:1: Premature end of file.
2025-08-07 02:37:17,460 [ERROR] LogOutputStream:75 - [STDERR_REDIRECT] 
2025-08-07 02:37:18,461 [ERROR] LogOutputStream:75 - [STDERR_REDIRECT] [Fatal Error] :1:1: Premature end of file.
2025-08-07 02:37:18,461 [ERROR] LogOutputStream:75 - [STDERR_REDIRECT] 
2025-08-07 02:37:19,470 [ERROR] LogOutputStream:75 - [STDERR_REDIRECT] [Fatal Error] :1:1: Premature end of file.
2025-08-07 02:37:19,470 [ERROR] LogOutputStream:75 - [STDERR_REDIRECT] 
2025-08-07 02:37:20,470 [ERROR] LogOutputStream:75 - [STDERR_REDIRECT] [Fatal Error] :1:1: Premature end of file.
2025-08-07 02:37:20,471 [ERROR] LogOutputStream:75 - [STDERR_REDIRECT] 
2025-08-07 02:37:21,463 [ERROR] LogOutputStream:75 - [STDERR_REDIRECT] [Fatal Error] :1:1: Premature end of file.
2025-08-07 02:37:21,463 [ERROR] LogOutputStream:75 - [STDERR_REDIRECT] 
2025-08-07 02:37:22,456 [ERROR] LogOutputStream:75 - [STDERR_REDIRECT] [Fatal Error] :1:1: Premature end of file.
2025-08-07 02:37:22,456 [ERROR] LogOutputStream:75 - [STDERR_REDIRECT] 
2025-08-07 02:37:23,460 [ERROR] LogOutputStream:75 - [STDERR_REDIRECT] [Fatal Error] :1:1: Premature end of file.
2025-08-07 02:37:23,460 [ERROR] LogOutputStream:75 - [STDERR_REDIRECT] 
2025-08-07 02:37:24,469 [ERROR] LogOutputStream:75 - [STDERR_REDIRECT] [Fatal Error] :1:1: Premature end of file.
2025-08-07 02:37:24,469 [ERROR] LogOutputStream:75 - [STDERR_REDIRECT] 
2025-08-07 02:37:25,460 [ERROR] LogOutputStream:75 - [STDERR_REDIRECT] [Fatal Error] :1:1: Premature end of file.
2025-08-07 02:37:25,460 [ERROR] LogOutputStream:75 - [STDERR_REDIRECT] 
2025-08-07 02:37:26,458 [ERROR] LogOutputStream:75 - [STDERR_REDIRECT] [Fatal Error] :1:1: Premature end of file.
2025-08-07 02:37:26,458 [ERROR] LogOutputStream:75 - [STDERR_REDIRECT] 
2025-08-07 02:37:27,463 [ERROR] LogOutputStream:75 - [STDERR_REDIRECT] [Fatal Error] :1:1: Premature end of file.
2025-08-07 02:37:27,463 [ERROR] LogOutputStream:75 - [STDERR_REDIRECT] 
2025-08-07 02:37:28,469 [ERROR] LogOutputStream:75 - [STDERR_REDIRECT] [Fatal Error] :1:1: Premature end of file.
2025-08-07 02:37:28,469 [ERROR] LogOutputStream:75 - [STDERR_REDIRECT] 
2025-08-07 02:37:29,468 [ERROR] LogOutputStream:75 - [STDERR_REDIRECT] [Fatal Error] :1:1: Premature end of file.
2025-08-07 02:37:29,468 [ERROR] LogOutputStream:75 - [STDERR_REDIRECT] 
2025-08-07 02:37:30,456 [ERROR] LogOutputStream:75 - [STDERR_REDIRECT] [Fatal Error] :1:1: Premature end of file.
2025-08-07 02:37:30,456 [ERROR] LogOutputStream:75 - [STDERR_REDIRECT] 
2025-08-07 02:37:31,460 [ERROR] LogOutputStream:75 - [STDERR_REDIRECT] [Fatal Error] :1:1: Premature end of file.
2025-08-07 02:37:31,461 [ERROR] LogOutputStream:75 - [STDERR_REDIRECT] 
2025-08-07 02:37:32,466 [ERROR] LogOutputStream:75 - [STDERR_REDIRECT] [Fatal Error] :1:1: Premature end of file.
2025-08-07 02:37:32,466 [ERROR] LogOutputStream:75 - [STDERR_REDIRECT] 
2025-08-07 02:37:33,466 [ERROR] LogOutputStream:75 - [STDERR_REDIRECT] [Fatal Error] :1:1: Premature end of file.
2025-08-07 02:37:33,466 [ERROR] LogOutputStream:75 - [STDERR_REDIRECT] 
2025-08-07 02:37:34,458 [ERROR] LogOutputStream:75 - [STDERR_REDIRECT] [Fatal Error] :1:1: Premature end of file.
2025-08-07 02:37:34,458 [ERROR] LogOutputStream:75 - [STDERR_REDIRECT] 
2025-08-07 02:37:35,461 [ERROR] LogOutputStream:75 - [STDERR_REDIRECT] [Fatal Error] :1:1: Premature end of file.
2025-08-07 02:37:35,461 [ERROR] LogOutputStream:75 - [STDERR_REDIRECT] 
2025-08-07 02:37:36,470 [ERROR] LogOutputStream:75 - [STDERR_REDIRECT] [Fatal Error] :1:1: Premature end of file.
2025-08-07 02:37:36,470 [ERROR] LogOutputStream:75 - [STDERR_REDIRECT] 
2025-08-07 02:37:37,459 [ERROR] LogOutputStream:75 - [STDERR_REDIRECT] [Fatal Error] :1:1: Premature end of file.
2025-08-07 02:37:37,459 [ERROR] LogOutputStream:75 - [STDERR_REDIRECT] 
2025-08-07 02:37:38,465 [ERROR] LogOutputStream:75 - [STDERR_REDIRECT] [Fatal Error] :1:1: Premature end of file.
2025-08-07 02:37:38,465 [ERROR] LogOutputStream:75 - [STDERR_REDIRECT] 
2025-08-07 02:37:39,459 [ERROR] LogOutputStream:75 - [STDERR_REDIRECT] [Fatal Error] :1:1: Premature end of file.
2025-08-07 02:37:39,459 [ERROR] LogOutputStream:75 - [STDERR_REDIRECT] 
2025-08-07 02:37:40,468 [ERROR] LogOutputStream:75 - [STDERR_REDIRECT] [Fatal Error] :1:1: Premature end of file.
2025-08-07 02:37:40,468 [ERROR] LogOutputStream:75 - [STDERR_REDIRECT] 
2025-08-07 02:37:41,468 [ERROR] LogOutputStream:75 - [STDERR_REDIRECT] [Fatal Error] :1:1: Premature end of file.
2025-08-07 02:37:41,468 [ERROR] LogOutputStream:75 - [STDERR_REDIRECT] 
2025-08-07 02:37:42,461 [ERROR] LogOutputStream:75 - [STDERR_REDIRECT] [Fatal Error] :1:1: Premature end of file.
2025-08-07 02:37:42,461 [ERROR] LogOutputStream:75 - [STDERR_REDIRECT] 
2025-08-07 02:37:43,467 [ERROR] LogOutputStream:75 - [STDERR_REDIRECT] [Fatal Error] :1:1: Premature end of file.
2025-08-07 02:37:43,468 [ERROR] LogOutputStream:75 - [STDERR_REDIRECT] 
2025-08-07 02:37:44,470 [ERROR] LogOutputStream:75 - [STDERR_REDIRECT] [Fatal Error] :1:1: Premature end of file.
2025-08-07 02:37:44,470 [ERROR] LogOutputStream:75 - [STDERR_REDIRECT] 
2025-08-07 02:37:45,456 [ERROR] LogOutputStream:75 - [STDERR_REDIRECT] [Fatal Error] :1:1: Premature end of file.
2025-08-07 02:37:45,456 [ERROR] LogOutputStream:75 - [STDERR_REDIRECT] 
2025-08-07 02:37:46,469 [ERROR] LogOutputStream:75 - [STDERR_REDIRECT] [Fatal Error] :1:1: Premature end of file.
2025-08-07 02:37:46,470 [ERROR] LogOutputStream:75 - [STDERR_REDIRECT] 
2025-08-07 02:37:47,473 [ERROR] LogOutputStream:75 - [STDERR_REDIRECT] [Fatal Error] :1:1: Premature end of file.
2025-08-07 02:37:47,474 [ERROR] LogOutputStream:75 - [STDERR_REDIRECT] 
2025-08-07 02:37:48,469 [ERROR] LogOutputStream:75 - [STDERR_REDIRECT] [Fatal Error] :1:1: Premature end of file.
2025-08-07 02:37:48,469 [ERROR] LogOutputStream:75 - [STDERR_REDIRECT] 
2025-08-07 02:37:49,556 [ERROR] LogOutputStream:75 - [STDERR_REDIRECT] [Fatal Error] :1:1: Premature end of file.
2025-08-07 02:37:49,556 [ERROR] LogOutputStream:75 - [STDERR_REDIRECT] 
2025-08-07 02:37:50,465 [ERROR] LogOutputStream:75 - [STDERR_REDIRECT] [Fatal Error] :1:1: Premature end of file.
2025-08-07 02:37:50,465 [ERROR] LogOutputStream:75 - [STDERR_REDIRECT] 
2025-08-07 02:37:51,475 [ERROR] LogOutputStream:75 - [STDERR_REDIRECT] [Fatal Error] :1:1: Premature end of file.
2025-08-07 02:37:51,475 [ERROR] LogOutputStream:75 - [STDERR_REDIRECT] 
2025-08-07 02:37:52,469 [ERROR] LogOutputStream:75 - [STDERR_REDIRECT] [Fatal Error] :1:1: Premature end of file.
2025-08-07 02:37:52,469 [ERROR] LogOutputStream:75 - [STDERR_REDIRECT] 
2025-08-07 02:37:53,468 [ERROR] LogOutputStream:75 - [STDERR_REDIRECT] [Fatal Error] :1:1: Premature end of file.
2025-08-07 02:37:53,468 [ERROR] LogOutputStream:75 - [STDERR_REDIRECT] 
2025-08-07 02:37:54,474 [ERROR] LogOutputStream:75 - [STDERR_REDIRECT] [Fatal Error] :1:1: Premature end of file.
2025-08-07 02:37:54,474 [ERROR] LogOutputStream:75 - [STDERR_REDIRECT] 
2025-08-07 02:37:55,459 [ERROR] LogOutputStream:75 - [STDERR_REDIRECT] [Fatal Error] :1:1: Premature end of file.
2025-08-07 02:37:55,459 [ERROR] LogOutputStream:75 - [STDERR_REDIRECT] 
2025-08-07 02:37:56,463 [ERROR] LogOutputStream:75 - [STDERR_REDIRECT] [Fatal Error] :1:1: Premature end of file.
2025-08-07 02:37:56,463 [ERROR] LogOutputStream:75 - [STDERR_REDIRECT] 
2025-08-07 02:37:57,469 [ERROR] LogOutputStream:75 - [STDERR_REDIRECT] [Fatal Error] :1:1: Premature end of file.
2025-08-07 02:37:57,469 [ERROR] LogOutputStream:75 - [STDERR_REDIRECT] 
2025-08-07 02:37:58,462 [ERROR] LogOutputStream:75 - [STDERR_REDIRECT] [Fatal Error] :1:1: Premature end of file.
2025-08-07 02:37:58,462 [ERROR] LogOutputStream:75 - [STDERR_REDIRECT] 
2025-08-07 02:37:59,470 [ERROR] LogOutputStream:75 - [STDERR_REDIRECT] [Fatal Error] :1:1: Premature end of file.
2025-08-07 02:37:59,470 [ERROR] LogOutputStream:75 - [STDERR_REDIRECT] 
2025-08-07 02:38:00,469 [ERROR] LogOutputStream:75 - [STDERR_REDIRECT] [Fatal Error] :1:1: Premature end of file.
2025-08-07 02:38:00,469 [ERROR] LogOutputStream:75 - [STDERR_REDIRECT] 
2025-08-07 02:38:01,459 [ERROR] LogOutputStream:75 - [STDERR_REDIRECT] [Fatal Error] :1:1: Premature end of file.
2025-08-07 02:38:01,459 [ERROR] LogOutputStream:75 - [STDERR_REDIRECT] 
2025-08-07 02:38:02,468 [ERROR] LogOutputStream:75 - [STDERR_REDIRECT] [Fatal Error] :1:1: Premature end of file.
2025-08-07 02:38:02,468 [ERROR] LogOutputStream:75 - [STDERR_REDIRECT] 
2025-08-07 02:38:03,456 [ERROR] LogOutputStream:75 - [STDERR_REDIRECT] [Fatal Error] :1:1: Premature end of file.
2025-08-07 02:38:03,457 [ERROR] LogOutputStream:75 - [STDERR_REDIRECT] 
2025-08-07 02:38:04,464 [ERROR] LogOutputStream:75 - [STDERR_REDIRECT] [Fatal Error] :1:1: Premature end of file.
2025-08-07 02:38:04,464 [ERROR] LogOutputStream:75 - [STDERR_REDIRECT] 
2025-08-07 02:38:05,460 [ERROR] LogOutputStream:75 - [STDERR_REDIRECT] [Fatal Error] :1:1: Premature end of file.
2025-08-07 02:38:05,460 [ERROR] LogOutputStream:75 - [STDERR_REDIRECT] 
2025-08-07 02:38:06,466 [ERROR] LogOutputStream:75 - [STDERR_REDIRECT] [Fatal Error] :1:1: Premature end of file.
2025-08-07 02:38:06,466 [ERROR] LogOutputStream:75 - [STDERR_REDIRECT] 
2025-08-07 02:38:07,463 [ERROR] LogOutputStream:75 - [STDERR_REDIRECT] [Fatal Error] :1:1: Premature end of file.
2025-08-07 02:38:07,464 [ERROR] LogOutputStream:75 - [STDERR_REDIRECT] 
2025-08-07 02:38:08,468 [ERROR] LogOutputStream:75 - [STDERR_REDIRECT] [Fatal Error] :1:1: Premature end of file.
2025-08-07 02:38:08,468 [ERROR] LogOutputStream:75 - [STDERR_REDIRECT] 
2025-08-07 02:38:09,462 [ERROR] LogOutputStream:75 - [STDERR_REDIRECT] [Fatal Error] :1:1: Premature end of file.
2025-08-07 02:38:09,463 [ERROR] LogOutputStream:75 - [STDERR_REDIRECT] 
2025-08-07 02:38:10,472 [ERROR] LogOutputStream:75 - [STDERR_REDIRECT] [Fatal Error] :1:1: Premature end of file.
2025-08-07 02:38:10,472 [ERROR] LogOutputStream:75 - [STDERR_REDIRECT] 
2025-08-07 02:38:11,466 [ERROR] LogOutputStream:75 - [STDERR_REDIRECT] [Fatal Error] :1:1: Premature end of file.
2025-08-07 02:38:11,466 [ERROR] LogOutputStream:75 - [STDERR_REDIRECT] 
2025-08-07 02:38:12,466 [ERROR] LogOutputStream:75 - [STDERR_REDIRECT] [Fatal Error] :1:1: Premature end of file.
2025-08-07 02:38:12,466 [ERROR] LogOutputStream:75 - [STDERR_REDIRECT] 
2025-08-07 02:38:13,471 [ERROR] LogOutputStream:75 - [STDERR_REDIRECT] [Fatal Error] :1:1: Premature end of file.
2025-08-07 02:38:13,471 [ERROR] LogOutputStream:75 - [STDERR_REDIRECT] 
2025-08-07 02:38:14,461 [ERROR] LogOutputStream:75 - [STDERR_REDIRECT] [Fatal Error] :1:1: Premature end of file.
2025-08-07 02:38:14,463 [ERROR] LogOutputStream:75 - [STDERR_REDIRECT] 
2025-08-07 02:38:15,458 [ERROR] LogOutputStream:75 - [STDERR_REDIRECT] [Fatal Error] :1:1: Premature end of file.
2025-08-07 02:38:15,458 [ERROR] LogOutputStream:75 - [STDERR_REDIRECT] 
2025-08-07 02:38:16,462 [ERROR] LogOutputStream:75 - [STDERR_REDIRECT] [Fatal Error] :1:1: Premature end of file.
2025-08-07 02:38:16,462 [ERROR] LogOutputStream:75 - [STDERR_REDIRECT] 
2025-08-07 02:38:17,471 [ERROR] LogOutputStream:75 - [STDERR_REDIRECT] [Fatal Error] :1:1: Premature end of file.
2025-08-07 02:38:17,471 [ERROR] LogOutputStream:75 - [STDERR_REDIRECT] 
2025-08-07 02:38:18,463 [ERROR] LogOutputStream:75 - [STDERR_REDIRECT] [Fatal Error] :1:1: Premature end of file.
2025-08-07 02:38:18,463 [ERROR] LogOutputStream:75 - [STDERR_REDIRECT] 
2025-08-07 02:38:19,457 [ERROR] LogOutputStream:75 - [STDERR_REDIRECT] [Fatal Error] :1:1: Premature end of file.
2025-08-07 02:38:19,457 [ERROR] LogOutputStream:75 - [STDERR_REDIRECT] 
2025-08-07 02:38:20,466 [ERROR] LogOutputStream:75 - [STDERR_REDIRECT] [Fatal Error] :1:1: Premature end of file.
2025-08-07 02:38:20,466 [ERROR] LogOutputStream:75 - [STDERR_REDIRECT] 
2025-08-07 02:38:21,459 [ERROR] LogOutputStream:75 - [STDERR_REDIRECT] [Fatal Error] :1:1: Premature end of file.
2025-08-07 02:38:21,459 [ERROR] LogOutputStream:75 - [STDERR_REDIRECT] 
2025-08-07 02:38:22,464 [ERROR] LogOutputStream:75 - [STDERR_REDIRECT] [Fatal Error] :1:1: Premature end of file.
2025-08-07 02:38:22,464 [ERROR] LogOutputStream:75 - [STDERR_REDIRECT] 
2025-08-07 02:38:23,469 [ERROR] LogOutputStream:75 - [STDERR_REDIRECT] [Fatal Error] :1:1: Premature end of file.
2025-08-07 02:38:23,469 [ERROR] LogOutputStream:75 - [STDERR_REDIRECT] 
2025-08-07 02:38:24,467 [ERROR] LogOutputStream:75 - [STDERR_REDIRECT] [Fatal Error] :1:1: Premature end of file.
2025-08-07 02:38:24,468 [ERROR] LogOutputStream:75 - [STDERR_REDIRECT] 
2025-08-07 02:38:25,470 [ERROR] LogOutputStream:75 - [STDERR_REDIRECT] [Fatal Error] :1:1: Premature end of file.
2025-08-07 02:38:25,470 [ERROR] LogOutputStream:75 - [STDERR_REDIRECT] 
2025-08-07 02:38:26,460 [ERROR] LogOutputStream:75 - [STDERR_REDIRECT] [Fatal Error] :1:1: Premature end of file.
2025-08-07 02:38:26,460 [ERROR] LogOutputStream:75 - [STDERR_REDIRECT] 
2025-08-07 02:38:27,466 [ERROR] LogOutputStream:75 - [STDERR_REDIRECT] [Fatal Error] :1:1: Premature end of file.
2025-08-07 02:38:27,466 [ERROR] LogOutputStream:75 - [STDERR_REDIRECT] 
2025-08-07 02:38:28,464 [ERROR] LogOutputStream:75 - [STDERR_REDIRECT] [Fatal Error] :1:1: Premature end of file.
2025-08-07 02:38:28,464 [ERROR] LogOutputStream:75 - [STDERR_REDIRECT] 
2025-08-07 02:38:29,465 [ERROR] LogOutputStream:75 - [STDERR_REDIRECT] [Fatal Error] :1:1: Premature end of file.
2025-08-07 02:38:29,465 [ERROR] LogOutputStream:75 - [STDERR_REDIRECT] 
2025-08-07 02:38:30,469 [ERROR] LogOutputStream:75 - [STDERR_REDIRECT] [Fatal Error] :1:1: Premature end of file.
2025-08-07 02:38:30,469 [ERROR] LogOutputStream:75 - [STDERR_REDIRECT] 
2025-08-07 02:38:31,456 [ERROR] LogOutputStream:75 - [STDERR_REDIRECT] [Fatal Error] :1:1: Premature end of file.
2025-08-07 02:38:31,456 [ERROR] LogOutputStream:75 - [STDERR_REDIRECT] 
2025-08-07 02:38:32,463 [ERROR] LogOutputStream:75 - [STDERR_REDIRECT] [Fatal Error] :1:1: Premature end of file.
2025-08-07 02:38:32,463 [ERROR] LogOutputStream:75 - [STDERR_REDIRECT] 
2025-08-07 02:38:33,456 [ERROR] LogOutputStream:75 - [STDERR_REDIRECT] [Fatal Error] :1:1: Premature end of file.
2025-08-07 02:38:33,456 [ERROR] LogOutputStream:75 - [STDERR_REDIRECT] 
2025-08-07 02:38:34,469 [ERROR] LogOutputStream:75 - [STDERR_REDIRECT] [Fatal Error] :1:1: Premature end of file.
2025-08-07 02:38:34,469 [ERROR] LogOutputStream:75 - [STDERR_REDIRECT] 
2025-08-07 02:38:35,467 [ERROR] LogOutputStream:75 - [STDERR_REDIRECT] [Fatal Error] :1:1: Premature end of file.
2025-08-07 02:38:35,467 [ERROR] LogOutputStream:75 - [STDERR_REDIRECT] 
2025-08-07 02:38:36,469 [ERROR] LogOutputStream:75 - [STDERR_REDIRECT] [Fatal Error] :1:1: Premature end of file.
2025-08-07 02:38:36,470 [ERROR] LogOutputStream:75 - [STDERR_REDIRECT] 
2025-08-07 02:38:37,466 [ERROR] LogOutputStream:75 - [STDERR_REDIRECT] [Fatal Error] :1:1: Premature end of file.
2025-08-07 02:38:37,466 [ERROR] LogOutputStream:75 - [STDERR_REDIRECT] 
2025-08-07 02:38:38,463 [ERROR] LogOutputStream:75 - [STDERR_REDIRECT] [Fatal Error] :1:1: Premature end of file.
2025-08-07 02:38:38,463 [ERROR] LogOutputStream:75 - [STDERR_REDIRECT] 
2025-08-07 02:38:39,466 [ERROR] LogOutputStream:75 - [STDERR_REDIRECT] [Fatal Error] :1:1: Premature end of file.
2025-08-07 02:38:39,466 [ERROR] LogOutputStream:75 - [STDERR_REDIRECT] 
2025-08-07 02:38:40,470 [ERROR] LogOutputStream:75 - [STDERR_REDIRECT] [Fatal Error] :1:1: Premature end of file.
2025-08-07 02:38:40,470 [ERROR] LogOutputStream:75 - [STDERR_REDIRECT] 
2025-08-07 02:38:41,463 [ERROR] LogOutputStream:75 - [STDERR_REDIRECT] [Fatal Error] :1:1: Premature end of file.
2025-08-07 02:38:41,463 [ERROR] LogOutputStream:75 - [STDERR_REDIRECT] 
2025-08-07 02:38:42,470 [ERROR] LogOutputStream:75 - [STDERR_REDIRECT] [Fatal Error] :1:1: Premature end of file.
2025-08-07 02:38:42,470 [ERROR] LogOutputStream:75 - [STDERR_REDIRECT] 
2025-08-07 02:38:43,459 [ERROR] LogOutputStream:75 - [STDERR_REDIRECT] [Fatal Error] :1:1: Premature end of file.
2025-08-07 02:38:43,459 [ERROR] LogOutputStream:75 - [STDERR_REDIRECT] 
2025-08-07 02:38:44,466 [ERROR] LogOutputStream:75 - [STDERR_REDIRECT] [Fatal Error] :1:1: Premature end of file.
2025-08-07 02:38:44,466 [ERROR] LogOutputStream:75 - [STDERR_REDIRECT] 
2025-08-07 02:38:45,458 [ERROR] LogOutputStream:75 - [STDERR_REDIRECT] [Fatal Error] :1:1: Premature end of file.
2025-08-07 02:38:45,458 [ERROR] LogOutputStream:75 - [STDERR_REDIRECT] 
2025-08-07 02:38:46,467 [ERROR] LogOutputStream:75 - [STDERR_REDIRECT] [Fatal Error] :1:1: Premature end of file.
2025-08-07 02:38:46,468 [ERROR] LogOutputStream:75 - [STDERR_REDIRECT] 
2025-08-07 02:38:47,456 [ERROR] LogOutputStream:75 - [STDERR_REDIRECT] [Fatal Error] :1:1: Premature end of file.
2025-08-07 02:38:47,456 [ERROR] LogOutputStream:75 - [STDERR_REDIRECT] 
2025-08-07 02:38:48,466 [ERROR] LogOutputStream:75 - [STDERR_REDIRECT] [Fatal Error] :1:1: Premature end of file.
2025-08-07 02:38:48,466 [ERROR] LogOutputStream:75 - [STDERR_REDIRECT] 
2025-08-07 02:38:49,458 [ERROR] LogOutputStream:75 - [STDERR_REDIRECT] [Fatal Error] :1:1: Premature end of file.
2025-08-07 02:38:49,458 [ERROR] LogOutputStream:75 - [STDERR_REDIRECT] 
2025-08-07 02:38:50,464 [ERROR] LogOutputStream:75 - [STDERR_REDIRECT] [Fatal Error] :1:1: Premature end of file.
2025-08-07 02:38:50,464 [ERROR] LogOutputStream:75 - [STDERR_REDIRECT] 
2025-08-07 02:38:51,457 [ERROR] LogOutputStream:75 - [STDERR_REDIRECT] [Fatal Error] :1:1: Premature end of file.
2025-08-07 02:38:51,457 [ERROR] LogOutputStream:75 - [STDERR_REDIRECT] 
2025-08-07 02:38:52,466 [ERROR] LogOutputStream:75 - [STDERR_REDIRECT] [Fatal Error] :1:1: Premature end of file.
2025-08-07 02:38:52,467 [ERROR] LogOutputStream:75 - [STDERR_REDIRECT] 
2025-08-07 02:38:53,461 [ERROR] LogOutputStream:75 - [STDERR_REDIRECT] [Fatal Error] :1:1: Premature end of file.
2025-08-07 02:38:53,461 [ERROR] LogOutputStream:75 - [STDERR_REDIRECT] 
2025-08-07 02:38:54,465 [ERROR] LogOutputStream:75 - [STDERR_REDIRECT] [Fatal Error] :1:1: Premature end of file.
2025-08-07 02:38:54,465 [ERROR] LogOutputStream:75 - [STDERR_REDIRECT] 
2025-08-07 02:38:55,460 [ERROR] LogOutputStream:75 - [STDERR_REDIRECT] [Fatal Error] :1:1: Premature end of file.
2025-08-07 02:38:55,460 [ERROR] LogOutputStream:75 - [STDERR_REDIRECT] 
2025-08-07 02:38:56,465 [ERROR] LogOutputStream:75 - [STDERR_REDIRECT] [Fatal Error] :1:1: Premature end of file.
2025-08-07 02:38:56,465 [ERROR] LogOutputStream:75 - [STDERR_REDIRECT] 
2025-08-07 02:38:57,474 [ERROR] LogOutputStream:75 - [STDERR_REDIRECT] [Fatal Error] :1:1: Premature end of file.
2025-08-07 02:38:57,474 [ERROR] LogOutputStream:75 - [STDERR_REDIRECT] 
2025-08-07 02:38:58,458 [ERROR] LogOutputStream:75 - [STDERR_REDIRECT] [Fatal Error] :1:1: Premature end of file.
2025-08-07 02:38:58,458 [ERROR] LogOutputStream:75 - [STDERR_REDIRECT] 
2025-08-07 02:38:59,472 [ERROR] LogOutputStream:75 - [STDERR_REDIRECT] [Fatal Error] :1:1: Premature end of file.
2025-08-07 02:38:59,472 [ERROR] LogOutputStream:75 - [STDERR_REDIRECT] 
2025-08-07 02:39:00,463 [ERROR] LogOutputStream:75 - [STDERR_REDIRECT] [Fatal Error] :1:1: Premature end of file.
2025-08-07 02:39:00,463 [ERROR] LogOutputStream:75 - [STDERR_REDIRECT] 
2025-08-07 02:39:01,471 [ERROR] LogOutputStream:75 - [STDERR_REDIRECT] [Fatal Error] :1:1: Premature end of file.
2025-08-07 02:39:01,471 [ERROR] LogOutputStream:75 - [STDERR_REDIRECT] 
2025-08-07 02:39:02,462 [ERROR] LogOutputStream:75 - [STDERR_REDIRECT] [Fatal Error] :1:1: Premature end of file.
2025-08-07 02:39:02,462 [ERROR] LogOutputStream:75 - [STDERR_REDIRECT] 
2025-08-07 02:39:03,464 [ERROR] LogOutputStream:75 - [STDERR_REDIRECT] [Fatal Error] :1:1: Premature end of file.
2025-08-07 02:39:03,464 [ERROR] LogOutputStream:75 - [STDERR_REDIRECT] 
2025-08-07 02:39:04,470 [ERROR] LogOutputStream:75 - [STDERR_REDIRECT] [Fatal Error] :1:1: Premature end of file.
2025-08-07 02:39:04,470 [ERROR] LogOutputStream:75 - [STDERR_REDIRECT] 
2025-08-07 02:39:05,464 [ERROR] LogOutputStream:75 - [STDERR_REDIRECT] [Fatal Error] :1:1: Premature end of file.
2025-08-07 02:39:05,464 [ERROR] LogOutputStream:75 - [STDERR_REDIRECT] 
2025-08-07 02:39:06,470 [ERROR] LogOutputStream:75 - [STDERR_REDIRECT] [Fatal Error] :1:1: Premature end of file.
2025-08-07 02:39:06,470 [ERROR] LogOutputStream:75 - [STDERR_REDIRECT] 
2025-08-07 02:39:07,469 [ERROR] LogOutputStream:75 - [STDERR_REDIRECT] [Fatal Error] :1:1: Premature end of file.
2025-08-07 02:39:07,469 [ERROR] LogOutputStream:75 - [STDERR_REDIRECT] 
2025-08-07 02:39:08,462 [ERROR] LogOutputStream:75 - [STDERR_REDIRECT] [Fatal Error] :1:1: Premature end of file.
2025-08-07 02:39:08,462 [ERROR] LogOutputStream:75 - [STDERR_REDIRECT] 
2025-08-07 02:39:09,469 [ERROR] LogOutputStream:75 - [STDERR_REDIRECT] [Fatal Error] :1:1: Premature end of file.
2025-08-07 02:39:09,469 [ERROR] LogOutputStream:75 - [STDERR_REDIRECT] 
2025-08-07 02:39:10,459 [ERROR] LogOutputStream:75 - [STDERR_REDIRECT] [Fatal Error] :1:1: Premature end of file.
2025-08-07 02:39:10,459 [ERROR] LogOutputStream:75 - [STDERR_REDIRECT] 
2025-08-07 02:39:11,469 [ERROR] LogOutputStream:75 - [STDERR_REDIRECT] [Fatal Error] :1:1: Premature end of file.
2025-08-07 02:39:11,469 [ERROR] LogOutputStream:75 - [STDERR_REDIRECT] 
2025-08-07 02:39:12,460 [ERROR] LogOutputStream:75 - [STDERR_REDIRECT] [Fatal Error] :1:1: Premature end of file.
2025-08-07 02:39:12,460 [ERROR] LogOutputStream:75 - [STDERR_REDIRECT] 
2025-08-07 02:39:13,474 [ERROR] LogOutputStream:75 - [STDERR_REDIRECT] [Fatal Error] :1:1: Premature end of file.
2025-08-07 02:39:13,474 [ERROR] LogOutputStream:75 - [STDERR_REDIRECT] 
2025-08-07 02:39:14,484 [ERROR] LogOutputStream:75 - [STDERR_REDIRECT] [Fatal Error] :1:1: Premature end of file.
2025-08-07 02:39:14,484 [ERROR] LogOutputStream:75 - [STDERR_REDIRECT] 
2025-08-07 02:39:15,477 [ERROR] LogOutputStream:75 - [STDERR_REDIRECT] [Fatal Error] :1:1: Premature end of file.
2025-08-07 02:39:15,478 [ERROR] LogOutputStream:75 - [STDERR_REDIRECT] 
2025-08-07 02:39:16,472 [ERROR] LogOutputStream:75 - [STDERR_REDIRECT] [Fatal Error] :1:1: Premature end of file.
2025-08-07 02:39:16,473 [ERROR] LogOutputStream:75 - [STDERR_REDIRECT] 
2025-08-07 02:39:17,468 [ERROR] LogOutputStream:75 - [STDERR_REDIRECT] [Fatal Error] :1:1: Premature end of file.
2025-08-07 02:39:17,468 [ERROR] LogOutputStream:75 - [STDERR_REDIRECT] 
2025-08-07 02:39:18,790 [ERROR] LogOutputStream:75 - [STDERR_REDIRECT] [Fatal Error] :1:1: Premature end of file.
2025-08-07 02:39:18,790 [ERROR] LogOutputStream:75 - [STDERR_REDIRECT] 
2025-08-07 02:39:19,463 [ERROR] LogOutputStream:75 - [STDERR_REDIRECT] [Fatal Error] :1:1: Premature end of file.
2025-08-07 02:39:19,463 [ERROR] LogOutputStream:75 - [STDERR_REDIRECT] 
2025-08-07 02:39:20,477 [ERROR] LogOutputStream:75 - [STDERR_REDIRECT] [Fatal Error] :1:1: Premature end of file.
2025-08-07 02:39:20,477 [ERROR] LogOutputStream:75 - [STDERR_REDIRECT] 
2025-08-07 02:39:21,463 [ERROR] LogOutputStream:75 - [STDERR_REDIRECT] [Fatal Error] :1:1: Premature end of file.
2025-08-07 02:39:21,463 [ERROR] LogOutputStream:75 - [STDERR_REDIRECT] 
2025-08-07 02:39:22,471 [ERROR] LogOutputStream:75 - [STDERR_REDIRECT] [Fatal Error] :1:1: Premature end of file.
2025-08-07 02:39:22,471 [ERROR] LogOutputStream:75 - [STDERR_REDIRECT] 
2025-08-07 02:39:23,465 [ERROR] LogOutputStream:75 - [STDERR_REDIRECT] [Fatal Error] :1:1: Premature end of file.
2025-08-07 02:39:23,465 [ERROR] LogOutputStream:75 - [STDERR_REDIRECT] 
2025-08-07 02:39:24,471 [ERROR] LogOutputStream:75 - [STDERR_REDIRECT] [Fatal Error] :1:1: Premature end of file.
2025-08-07 02:39:24,471 [ERROR] LogOutputStream:75 - [STDERR_REDIRECT] 
2025-08-07 02:39:25,477 [ERROR] LogOutputStream:75 - [STDERR_REDIRECT] [Fatal Error] :1:1: Premature end of file.
2025-08-07 02:39:25,477 [ERROR] LogOutputStream:75 - [STDERR_REDIRECT] 
2025-08-07 02:39:26,476 [ERROR] LogOutputStream:75 - [STDERR_REDIRECT] [Fatal Error] :1:1: Premature end of file.
2025-08-07 02:39:26,476 [ERROR] LogOutputStream:75 - [STDERR_REDIRECT] 
2025-08-07 02:39:27,473 [ERROR] LogOutputStream:75 - [STDERR_REDIRECT] [Fatal Error] :1:1: Premature end of file.
2025-08-07 02:39:27,474 [ERROR] LogOutputStream:75 - [STDERR_REDIRECT] 
2025-08-07 02:39:28,474 [ERROR] LogOutputStream:75 - [STDERR_REDIRECT] [Fatal Error] :1:1: Premature end of file.
2025-08-07 02:39:28,474 [ERROR] LogOutputStream:75 - [STDERR_REDIRECT] 
2025-08-07 02:39:29,473 [ERROR] LogOutputStream:75 - [STDERR_REDIRECT] [Fatal Error] :1:1: Premature end of file.
2025-08-07 02:39:29,474 [ERROR] LogOutputStream:75 - [STDERR_REDIRECT] 
2025-08-07 02:39:30,462 [ERROR] LogOutputStream:75 - [STDERR_REDIRECT] [Fatal Error] :1:1: Premature end of file.
2025-08-07 02:39:30,462 [ERROR] LogOutputStream:75 - [STDERR_REDIRECT] 
2025-08-07 02:39:31,463 [ERROR] LogOutputStream:75 - [STDERR_REDIRECT] [Fatal Error] :1:1: Premature end of file.
2025-08-07 02:39:31,463 [ERROR] LogOutputStream:75 - [STDERR_REDIRECT] 
2025-08-07 02:39:32,466 [ERROR] LogOutputStream:75 - [STDERR_REDIRECT] [Fatal Error] :1:1: Premature end of file.
2025-08-07 02:39:32,466 [ERROR] LogOutputStream:75 - [STDERR_REDIRECT] 
2025-08-07 02:39:33,466 [ERROR] LogOutputStream:75 - [STDERR_REDIRECT] [Fatal Error] :1:1: Premature end of file.
2025-08-07 02:39:33,466 [ERROR] LogOutputStream:75 - [STDERR_REDIRECT] 
2025-08-07 02:39:34,471 [ERROR] LogOutputStream:75 - [STDERR_REDIRECT] [Fatal Error] :1:1: Premature end of file.
2025-08-07 02:39:34,472 [ERROR] LogOutputStream:75 - [STDERR_REDIRECT] 
2025-08-07 02:39:35,462 [ERROR] LogOutputStream:75 - [STDERR_REDIRECT] [Fatal Error] :1:1: Premature end of file.
2025-08-07 02:39:35,462 [ERROR] LogOutputStream:75 - [STDERR_REDIRECT] 
2025-08-07 02:39:36,466 [ERROR] LogOutputStream:75 - [STDERR_REDIRECT] [Fatal Error] :1:1: Premature end of file.
2025-08-07 02:39:36,466 [ERROR] LogOutputStream:75 - [STDERR_REDIRECT] 
2025-08-07 02:39:37,478 [ERROR] LogOutputStream:75 - [STDERR_REDIRECT] [Fatal Error] :1:1: Premature end of file.
2025-08-07 02:39:37,478 [ERROR] LogOutputStream:75 - [STDERR_REDIRECT] 
2025-08-07 02:39:38,469 [ERROR] LogOutputStream:75 - [STDERR_REDIRECT] [Fatal Error] :1:1: Premature end of file.
2025-08-07 02:39:38,469 [ERROR] LogOutputStream:75 - [STDERR_REDIRECT] 
2025-08-07 02:39:39,471 [ERROR] LogOutputStream:75 - [STDERR_REDIRECT] [Fatal Error] :1:1: Premature end of file.
2025-08-07 02:39:39,471 [ERROR] LogOutputStream:75 - [STDERR_REDIRECT] 
2025-08-07 02:39:40,461 [ERROR] LogOutputStream:75 - [STDERR_REDIRECT] [Fatal Error] :1:1: Premature end of file.
2025-08-07 02:39:40,461 [ERROR] LogOutputStream:75 - [STDERR_REDIRECT] 
2025-08-07 02:39:41,494 [ERROR] LogOutputStream:75 - [STDERR_REDIRECT] [Fatal Error] :1:1: Premature end of file.
2025-08-07 02:39:41,494 [ERROR] LogOutputStream:75 - [STDERR_REDIRECT] 
2025-08-07 02:39:42,473 [ERROR] LogOutputStream:75 - [STDERR_REDIRECT] [Fatal Error] :1:1: Premature end of file.
2025-08-07 02:39:42,473 [ERROR] LogOutputStream:75 - [STDERR_REDIRECT] 
2025-08-07 02:39:43,470 [ERROR] LogOutputStream:75 - [STDERR_REDIRECT] [Fatal Error] :1:1: Premature end of file.
2025-08-07 02:39:43,470 [ERROR] LogOutputStream:75 - [STDERR_REDIRECT] 
2025-08-07 02:39:44,462 [ERROR] LogOutputStream:75 - [STDERR_REDIRECT] [Fatal Error] :1:1: Premature end of file.
2025-08-07 02:39:44,462 [ERROR] LogOutputStream:75 - [STDERR_REDIRECT] 
2025-08-07 02:39:45,468 [ERROR] LogOutputStream:75 - [STDERR_REDIRECT] [Fatal Error] :1:1: Premature end of file.
2025-08-07 02:39:45,468 [ERROR] LogOutputStream:75 - [STDERR_REDIRECT] 
2025-08-07 02:39:46,473 [ERROR] LogOutputStream:75 - [STDERR_REDIRECT] [Fatal Error] :1:1: Premature end of file.
2025-08-07 02:39:46,473 [ERROR] LogOutputStream:75 - [STDERR_REDIRECT] 
2025-08-07 02:39:47,502 [ERROR] LogOutputStream:75 - [STDERR_REDIRECT] [Fatal Error] :1:1: Premature end of file.
2025-08-07 02:39:47,502 [ERROR] LogOutputStream:75 - [STDERR_REDIRECT] 
2025-08-07 02:39:48,456 [ERROR] LogOutputStream:75 - [STDERR_REDIRECT] [Fatal Error] :1:1: Premature end of file.
2025-08-07 02:39:48,456 [ERROR] LogOutputStream:75 - [STDERR_REDIRECT] 
2025-08-07 02:39:49,466 [ERROR] LogOutputStream:75 - [STDERR_REDIRECT] [Fatal Error] :1:1: Premature end of file.
2025-08-07 02:39:49,466 [ERROR] LogOutputStream:75 - [STDERR_REDIRECT] 
2025-08-07 02:39:50,456 [ERROR] LogOutputStream:75 - [STDERR_REDIRECT] [Fatal Error] :1:1: Premature end of file.
2025-08-07 02:39:50,456 [ERROR] LogOutputStream:75 - [STDERR_REDIRECT] 
2025-08-07 02:39:51,458 [ERROR] LogOutputStream:75 - [STDERR_REDIRECT] [Fatal Error] :1:1: Premature end of file.
2025-08-07 02:39:51,458 [ERROR] LogOutputStream:75 - [STDERR_REDIRECT] 
2025-08-07 02:39:52,464 [ERROR] LogOutputStream:75 - [STDERR_REDIRECT] [Fatal Error] :1:1: Premature end of file.
2025-08-07 02:39:52,464 [ERROR] LogOutputStream:75 - [STDERR_REDIRECT] 
2025-08-07 02:39:53,464 [ERROR] LogOutputStream:75 - [STDERR_REDIRECT] [Fatal Error] :1:1: Premature end of file.
2025-08-07 02:39:53,464 [ERROR] LogOutputStream:75 - [STDERR_REDIRECT] 
2025-08-07 02:39:54,458 [ERROR] LogOutputStream:75 - [STDERR_REDIRECT] [Fatal Error] :1:1: Premature end of file.
2025-08-07 02:39:54,458 [ERROR] LogOutputStream:75 - [STDERR_REDIRECT] 
2025-08-07 02:39:55,460 [ERROR] LogOutputStream:75 - [STDERR_REDIRECT] [Fatal Error] :1:1: Premature end of file.
2025-08-07 02:39:55,460 [ERROR] LogOutputStream:75 - [STDERR_REDIRECT] 
2025-08-07 02:39:56,466 [ERROR] LogOutputStream:75 - [STDERR_REDIRECT] [Fatal Error] :1:1: Premature end of file.
2025-08-07 02:39:56,466 [ERROR] LogOutputStream:75 - [STDERR_REDIRECT] 
2025-08-07 02:39:57,466 [ERROR] LogOutputStream:75 - [STDERR_REDIRECT] [Fatal Error] :1:1: Premature end of file.
2025-08-07 02:39:57,466 [ERROR] LogOutputStream:75 - [STDERR_REDIRECT] 
2025-08-07 02:39:58,459 [ERROR] LogOutputStream:75 - [STDERR_REDIRECT] [Fatal Error] :1:1: Premature end of file.
2025-08-07 02:39:58,459 [ERROR] LogOutputStream:75 - [STDERR_REDIRECT] 
2025-08-07 02:39:59,467 [ERROR] LogOutputStream:75 - [STDERR_REDIRECT] [Fatal Error] :1:1: Premature end of file.
2025-08-07 02:39:59,467 [ERROR] LogOutputStream:75 - [STDERR_REDIRECT] 
2025-08-07 02:40:00,463 [ERROR] LogOutputStream:75 - [STDERR_REDIRECT] [Fatal Error] :1:1: Premature end of file.
2025-08-07 02:40:00,463 [ERROR] LogOutputStream:75 - [STDERR_REDIRECT] 
2025-08-07 02:40:01,469 [ERROR] LogOutputStream:75 - [STDERR_REDIRECT] [Fatal Error] :1:1: Premature end of file.
2025-08-07 02:40:01,469 [ERROR] LogOutputStream:75 - [STDERR_REDIRECT] 
2025-08-07 02:40:02,463 [ERROR] LogOutputStream:75 - [STDERR_REDIRECT] [Fatal Error] :1:1: Premature end of file.
2025-08-07 02:40:02,463 [ERROR] LogOutputStream:75 - [STDERR_REDIRECT] 
2025-08-07 02:40:03,468 [ERROR] LogOutputStream:75 - [STDERR_REDIRECT] [Fatal Error] :1:1: Premature end of file.
2025-08-07 02:40:03,468 [ERROR] LogOutputStream:75 - [STDERR_REDIRECT] 
2025-08-07 02:40:04,464 [ERROR] LogOutputStream:75 - [STDERR_REDIRECT] [Fatal Error] :1:1: Premature end of file.
2025-08-07 02:40:04,464 [ERROR] LogOutputStream:75 - [STDERR_REDIRECT] 
2025-08-07 02:40:05,461 [ERROR] LogOutputStream:75 - [STDERR_REDIRECT] [Fatal Error] :1:1: Premature end of file.
2025-08-07 02:40:05,461 [ERROR] LogOutputStream:75 - [STDERR_REDIRECT] 
2025-08-07 02:40:06,463 [ERROR] LogOutputStream:75 - [STDERR_REDIRECT] [Fatal Error] :1:1: Premature end of file.
2025-08-07 02:40:06,463 [ERROR] LogOutputStream:75 - [STDERR_REDIRECT] 
2025-08-07 02:40:07,458 [ERROR] LogOutputStream:75 - [STDERR_REDIRECT] [Fatal Error] :1:1: Premature end of file.
2025-08-07 02:40:07,458 [ERROR] LogOutputStream:75 - [STDERR_REDIRECT] 
2025-08-07 02:40:08,469 [ERROR] LogOutputStream:75 - [STDERR_REDIRECT] [Fatal Error] :1:1: Premature end of file.
2025-08-07 02:40:08,470 [ERROR] LogOutputStream:75 - [STDERR_REDIRECT] 
2025-08-07 02:40:09,458 [ERROR] LogOutputStream:75 - [STDERR_REDIRECT] [Fatal Error] :1:1: Premature end of file.
2025-08-07 02:40:09,458 [ERROR] LogOutputStream:75 - [STDERR_REDIRECT] 
2025-08-07 02:40:10,465 [ERROR] LogOutputStream:75 - [STDERR_REDIRECT] [Fatal Error] :1:1: Premature end of file.
2025-08-07 02:40:10,465 [ERROR] LogOutputStream:75 - [STDERR_REDIRECT] 
2025-08-07 02:40:11,458 [ERROR] LogOutputStream:75 - [STDERR_REDIRECT] [Fatal Error] :1:1: Premature end of file.
2025-08-07 02:40:11,459 [ERROR] LogOutputStream:75 - [STDERR_REDIRECT] 
2025-08-07 02:40:12,470 [ERROR] LogOutputStream:75 - [STDERR_REDIRECT] [Fatal Error] :1:1: Premature end of file.
2025-08-07 02:40:12,470 [ERROR] LogOutputStream:75 - [STDERR_REDIRECT] 
2025-08-07 02:40:13,462 [ERROR] LogOutputStream:75 - [STDERR_REDIRECT] [Fatal Error] :1:1: Premature end of file.
2025-08-07 02:40:13,462 [ERROR] LogOutputStream:75 - [STDERR_REDIRECT] 
2025-08-07 02:40:14,467 [ERROR] LogOutputStream:75 - [STDERR_REDIRECT] [Fatal Error] :1:1: Premature end of file.
2025-08-07 02:40:14,467 [ERROR] LogOutputStream:75 - [STDERR_REDIRECT] 
2025-08-07 02:40:15,464 [ERROR] LogOutputStream:75 - [STDERR_REDIRECT] [Fatal Error] :1:1: Premature end of file.
2025-08-07 02:40:15,464 [ERROR] LogOutputStream:75 - [STDERR_REDIRECT] 
2025-08-07 02:40:16,465 [ERROR] LogOutputStream:75 - [STDERR_REDIRECT] [Fatal Error] :1:1: Premature end of file.
2025-08-07 02:40:16,465 [ERROR] LogOutputStream:75 - [STDERR_REDIRECT] 
2025-08-07 02:40:17,456 [ERROR] LogOutputStream:75 - [STDERR_REDIRECT] [Fatal Error] :1:1: Premature end of file.
2025-08-07 02:40:17,457 [ERROR] LogOutputStream:75 - [STDERR_REDIRECT] 
2025-08-07 02:40:18,494 [ERROR] LogOutputStream:75 - [STDERR_REDIRECT] [Fatal Error] :1:1: Premature end of file.
2025-08-07 02:40:18,495 [ERROR] LogOutputStream:75 - [STDERR_REDIRECT] 
2025-08-07 02:40:19,464 [ERROR] LogOutputStream:75 - [STDERR_REDIRECT] [Fatal Error] :1:1: Premature end of file.
2025-08-07 02:40:19,464 [ERROR] LogOutputStream:75 - [STDERR_REDIRECT] 
2025-08-07 02:40:20,458 [ERROR] LogOutputStream:75 - [STDERR_REDIRECT] [Fatal Error] :1:1: Premature end of file.
2025-08-07 02:40:20,458 [ERROR] LogOutputStream:75 - [STDERR_REDIRECT] 
2025-08-07 02:40:21,476 [ERROR] LogOutputStream:75 - [STDERR_REDIRECT] [Fatal Error] :1:1: Premature end of file.
2025-08-07 02:40:21,476 [ERROR] LogOutputStream:75 - [STDERR_REDIRECT] 
2025-08-07 02:40:22,465 [ERROR] LogOutputStream:75 - [STDERR_REDIRECT] [Fatal Error] :1:1: Premature end of file.
2025-08-07 02:40:22,465 [ERROR] LogOutputStream:75 - [STDERR_REDIRECT] 
2025-08-07 02:40:23,474 [ERROR] LogOutputStream:75 - [STDERR_REDIRECT] [Fatal Error] :1:1: Premature end of file.
2025-08-07 02:40:23,474 [ERROR] LogOutputStream:75 - [STDERR_REDIRECT] 
2025-08-07 02:40:24,464 [ERROR] LogOutputStream:75 - [STDERR_REDIRECT] [Fatal Error] :1:1: Premature end of file.
2025-08-07 02:40:24,464 [ERROR] LogOutputStream:75 - [STDERR_REDIRECT] 
2025-08-07 02:40:25,474 [ERROR] LogOutputStream:75 - [STDERR_REDIRECT] [Fatal Error] :1:1: Premature end of file.
2025-08-07 02:40:25,474 [ERROR] LogOutputStream:75 - [STDERR_REDIRECT] 
2025-08-07 02:40:26,471 [ERROR] LogOutputStream:75 - [STDERR_REDIRECT] [Fatal Error] :1:1: Premature end of file.
2025-08-07 02:40:26,471 [ERROR] LogOutputStream:75 - [STDERR_REDIRECT] 
2025-08-07 02:40:27,529 [ERROR] LogOutputStream:75 - [STDERR_REDIRECT] [Fatal Error] :1:1: Premature end of file.
2025-08-07 02:40:27,529 [ERROR] LogOutputStream:75 - [STDERR_REDIRECT] 
2025-08-07 02:40:28,469 [ERROR] LogOutputStream:75 - [STDERR_REDIRECT] [Fatal Error] :1:1: Premature end of file.
2025-08-07 02:40:28,469 [ERROR] LogOutputStream:75 - [STDERR_REDIRECT] 
2025-08-07 02:40:29,468 [ERROR] LogOutputStream:75 - [STDERR_REDIRECT] [Fatal Error] :1:1: Premature end of file.
2025-08-07 02:40:29,468 [ERROR] LogOutputStream:75 - [STDERR_REDIRECT] 
2025-08-07 02:40:30,464 [ERROR] LogOutputStream:75 - [STDERR_REDIRECT] [Fatal Error] :1:1: Premature end of file.
2025-08-07 02:40:30,464 [ERROR] LogOutputStream:75 - [STDERR_REDIRECT] 
2025-08-07 02:40:31,476 [ERROR] LogOutputStream:75 - [STDERR_REDIRECT] [Fatal Error] :1:1: Premature end of file.
2025-08-07 02:40:31,476 [ERROR] LogOutputStream:75 - [STDERR_REDIRECT] 
2025-08-07 02:40:32,482 [ERROR] LogOutputStream:75 - [STDERR_REDIRECT] [Fatal Error] :1:1: Premature end of file.
2025-08-07 02:40:32,482 [ERROR] LogOutputStream:75 - [STDERR_REDIRECT] 
2025-08-07 02:40:33,538 [ERROR] LogOutputStream:75 - [STDERR_REDIRECT] [Fatal Error] :1:1: Premature end of file.
2025-08-07 02:40:33,538 [ERROR] LogOutputStream:75 - [STDERR_REDIRECT] 
2025-08-07 02:40:34,463 [ERROR] LogOutputStream:75 - [STDERR_REDIRECT] [Fatal Error] :1:1: Premature end of file.
2025-08-07 02:40:34,463 [ERROR] LogOutputStream:75 - [STDERR_REDIRECT] 
2025-08-07 02:40:35,460 [ERROR] LogOutputStream:75 - [STDERR_REDIRECT] [Fatal Error] :1:1: Premature end of file.
2025-08-07 02:40:35,460 [ERROR] LogOutputStream:75 - [STDERR_REDIRECT] 
2025-08-07 02:40:36,468 [ERROR] LogOutputStream:75 - [STDERR_REDIRECT] [Fatal Error] :1:1: Premature end of file.
2025-08-07 02:40:36,468 [ERROR] LogOutputStream:75 - [STDERR_REDIRECT] 
2025-08-07 02:40:37,468 [ERROR] LogOutputStream:75 - [STDERR_REDIRECT] [Fatal Error] :1:1: Premature end of file.
2025-08-07 02:40:37,468 [ERROR] LogOutputStream:75 - [STDERR_REDIRECT] 
2025-08-07 02:40:38,476 [ERROR] LogOutputStream:75 - [STDERR_REDIRECT] [Fatal Error] :1:1: Premature end of file.
2025-08-07 02:40:38,476 [ERROR] LogOutputStream:75 - [STDERR_REDIRECT] 
2025-08-07 02:40:39,459 [ERROR] LogOutputStream:75 - [STDERR_REDIRECT] [Fatal Error] :1:1: Premature end of file.
2025-08-07 02:40:39,459 [ERROR] LogOutputStream:75 - [STDERR_REDIRECT] 
2025-08-07 02:40:40,464 [ERROR] LogOutputStream:75 - [STDERR_REDIRECT] [Fatal Error] :1:1: Premature end of file.
2025-08-07 02:40:40,464 [ERROR] LogOutputStream:75 - [STDERR_REDIRECT] 
2025-08-07 02:40:41,458 [ERROR] LogOutputStream:75 - [STDERR_REDIRECT] [Fatal Error] :1:1: Premature end of file.
2025-08-07 02:40:41,458 [ERROR] LogOutputStream:75 - [STDERR_REDIRECT] 
2025-08-07 02:40:42,466 [ERROR] LogOutputStream:75 - [STDERR_REDIRECT] [Fatal Error] :1:1: Premature end of file.
2025-08-07 02:40:42,466 [ERROR] LogOutputStream:75 - [STDERR_REDIRECT] 
2025-08-07 02:40:43,475 [ERROR] LogOutputStream:75 - [STDERR_REDIRECT] [Fatal Error] :1:1: Premature end of file.
2025-08-07 02:40:43,475 [ERROR] LogOutputStream:75 - [STDERR_REDIRECT] 
2025-08-07 02:40:44,469 [ERROR] LogOutputStream:75 - [STDERR_REDIRECT] [Fatal Error] :1:1: Premature end of file.
2025-08-07 02:40:44,469 [ERROR] LogOutputStream:75 - [STDERR_REDIRECT] 
2025-08-07 02:40:45,467 [ERROR] LogOutputStream:75 - [STDERR_REDIRECT] [Fatal Error] :1:1: Premature end of file.
2025-08-07 02:40:45,467 [ERROR] LogOutputStream:75 - [STDERR_REDIRECT] 
2025-08-07 02:40:46,466 [ERROR] LogOutputStream:75 - [STDERR_REDIRECT] [Fatal Error] :1:1: Premature end of file.
2025-08-07 02:40:46,466 [ERROR] LogOutputStream:75 - [STDERR_REDIRECT] 
2025-08-07 02:40:47,475 [ERROR] LogOutputStream:75 - [STDERR_REDIRECT] [Fatal Error] :1:1: Premature end of file.
2025-08-07 02:40:47,475 [ERROR] LogOutputStream:75 - [STDERR_REDIRECT] 
2025-08-07 02:40:48,460 [ERROR] LogOutputStream:75 - [STDERR_REDIRECT] [Fatal Error] :1:1: Premature end of file.
2025-08-07 02:40:48,460 [ERROR] LogOutputStream:75 - [STDERR_REDIRECT] 
2025-08-07 02:40:49,459 [ERROR] LogOutputStream:75 - [STDERR_REDIRECT] [Fatal Error] :1:1: Premature end of file.
2025-08-07 02:40:49,459 [ERROR] LogOutputStream:75 - [STDERR_REDIRECT] 
2025-08-07 02:40:50,462 [ERROR] LogOutputStream:75 - [STDERR_REDIRECT] [Fatal Error] :1:1: Premature end of file.
2025-08-07 02:40:50,462 [ERROR] LogOutputStream:75 - [STDERR_REDIRECT] 
2025-08-07 02:40:51,465 [ERROR] LogOutputStream:75 - [STDERR_REDIRECT] [Fatal Error] :1:1: Premature end of file.
2025-08-07 02:40:51,465 [ERROR] LogOutputStream:75 - [STDERR_REDIRECT] 
2025-08-07 02:40:52,469 [ERROR] LogOutputStream:75 - [STDERR_REDIRECT] [Fatal Error] :1:1: Premature end of file.
2025-08-07 02:40:52,469 [ERROR] LogOutputStream:75 - [STDERR_REDIRECT] 
2025-08-07 02:40:53,464 [ERROR] LogOutputStream:75 - [STDERR_REDIRECT] [Fatal Error] :1:1: Premature end of file.
2025-08-07 02:40:53,464 [ERROR] LogOutputStream:75 - [STDERR_REDIRECT] 
2025-08-07 02:40:54,480 [ERROR] LogOutputStream:75 - [STDERR_REDIRECT] [Fatal Error] :1:1: Premature end of file.
2025-08-07 02:40:54,480 [ERROR] LogOutputStream:75 - [STDERR_REDIRECT] 
2025-08-07 02:40:55,465 [ERROR] LogOutputStream:75 - [STDERR_REDIRECT] [Fatal Error] :1:1: Premature end of file.
2025-08-07 02:40:55,465 [ERROR] LogOutputStream:75 - [STDERR_REDIRECT] 
2025-08-07 02:40:56,468 [ERROR] LogOutputStream:75 - [STDERR_REDIRECT] [Fatal Error] :1:1: Premature end of file.
2025-08-07 02:40:56,468 [ERROR] LogOutputStream:75 - [STDERR_REDIRECT] 
2025-08-07 02:40:57,478 [ERROR] LogOutputStream:75 - [STDERR_REDIRECT] [Fatal Error] :1:1: Premature end of file.
2025-08-07 02:40:57,478 [ERROR] LogOutputStream:75 - [STDERR_REDIRECT] 
2025-08-07 02:40:58,466 [ERROR] LogOutputStream:75 - [STDERR_REDIRECT] [Fatal Error] :1:1: Premature end of file.
2025-08-07 02:40:58,466 [ERROR] LogOutputStream:75 - [STDERR_REDIRECT] 
2025-08-07 02:40:59,463 [ERROR] LogOutputStream:75 - [STDERR_REDIRECT] [Fatal Error] :1:1: Premature end of file.
2025-08-07 02:40:59,464 [ERROR] LogOutputStream:75 - [STDERR_REDIRECT] 
2025-08-07 02:41:00,469 [ERROR] LogOutputStream:75 - [STDERR_REDIRECT] [Fatal Error] :1:1: Premature end of file.
2025-08-07 02:41:00,469 [ERROR] LogOutputStream:75 - [STDERR_REDIRECT] 
2025-08-07 02:41:01,461 [ERROR] LogOutputStream:75 - [STDERR_REDIRECT] [Fatal Error] :1:1: Premature end of file.
2025-08-07 02:41:01,461 [ERROR] LogOutputStream:75 - [STDERR_REDIRECT] 
2025-08-07 02:41:02,467 [ERROR] LogOutputStream:75 - [STDERR_REDIRECT] [Fatal Error] :1:1: Premature end of file.
2025-08-07 02:41:02,467 [ERROR] LogOutputStream:75 - [STDERR_REDIRECT] 
2025-08-07 02:41:03,463 [ERROR] LogOutputStream:75 - [STDERR_REDIRECT] [Fatal Error] :1:1: Premature end of file.
2025-08-07 02:41:03,463 [ERROR] LogOutputStream:75 - [STDERR_REDIRECT] 
2025-08-07 02:41:04,465 [ERROR] LogOutputStream:75 - [STDERR_REDIRECT] [Fatal Error] :1:1: Premature end of file.
2025-08-07 02:41:04,465 [ERROR] LogOutputStream:75 - [STDERR_REDIRECT] 
2025-08-07 02:41:05,464 [ERROR] LogOutputStream:75 - [STDERR_REDIRECT] [Fatal Error] :1:1: Premature end of file.
2025-08-07 02:41:05,464 [ERROR] LogOutputStream:75 - [STDERR_REDIRECT] 
2025-08-07 02:41:06,468 [ERROR] LogOutputStream:75 - [STDERR_REDIRECT] [Fatal Error] :1:1: Premature end of file.
2025-08-07 02:41:06,468 [ERROR] LogOutputStream:75 - [STDERR_REDIRECT] 
2025-08-07 02:41:07,467 [ERROR] LogOutputStream:75 - [STDERR_REDIRECT] [Fatal Error] :1:1: Premature end of file.
2025-08-07 02:41:07,467 [ERROR] LogOutputStream:75 - [STDERR_REDIRECT] 
2025-08-07 02:41:08,470 [ERROR] LogOutputStream:75 - [STDERR_REDIRECT] [Fatal Error] :1:1: Premature end of file.
2025-08-07 02:41:08,470 [ERROR] LogOutputStream:75 - [STDERR_REDIRECT] 
2025-08-07 02:41:09,479 [ERROR] LogOutputStream:75 - [STDERR_REDIRECT] [Fatal Error] :1:1: Premature end of file.
2025-08-07 02:41:09,479 [ERROR] LogOutputStream:75 - [STDERR_REDIRECT] 
2025-08-07 02:41:10,478 [ERROR] LogOutputStream:75 - [STDERR_REDIRECT] [Fatal Error] :1:1: Premature end of file.
2025-08-07 02:41:10,478 [ERROR] LogOutputStream:75 - [STDERR_REDIRECT] 
2025-08-07 02:41:11,481 [ERROR] LogOutputStream:75 - [STDERR_REDIRECT] [Fatal Error] :1:1: Premature end of file.
2025-08-07 02:41:11,481 [ERROR] LogOutputStream:75 - [STDERR_REDIRECT] 
2025-08-07 02:41:12,467 [ERROR] LogOutputStream:75 - [STDERR_REDIRECT] [Fatal Error] :1:1: Premature end of file.
2025-08-07 02:41:12,467 [ERROR] LogOutputStream:75 - [STDERR_REDIRECT] 
2025-08-07 02:41:13,460 [ERROR] LogOutputStream:75 - [STDERR_REDIRECT] [Fatal Error] :1:1: Premature end of file.
2025-08-07 02:41:13,460 [ERROR] LogOutputStream:75 - [STDERR_REDIRECT] 
2025-08-07 02:41:14,463 [ERROR] LogOutputStream:75 - [STDERR_REDIRECT] [Fatal Error] :1:1: Premature end of file.
2025-08-07 02:41:14,463 [ERROR] LogOutputStream:75 - [STDERR_REDIRECT] 
2025-08-07 02:41:15,466 [ERROR] LogOutputStream:75 - [STDERR_REDIRECT] [Fatal Error] :1:1: Premature end of file.
2025-08-07 02:41:15,466 [ERROR] LogOutputStream:75 - [STDERR_REDIRECT] 
2025-08-07 02:41:16,477 [ERROR] LogOutputStream:75 - [STDERR_REDIRECT] [Fatal Error] :1:1: Premature end of file.
2025-08-07 02:41:16,478 [ERROR] LogOutputStream:75 - [STDERR_REDIRECT] 
2025-08-07 02:41:17,463 [ERROR] LogOutputStream:75 - [STDERR_REDIRECT] [Fatal Error] :1:1: Premature end of file.
2025-08-07 02:41:17,463 [ERROR] LogOutputStream:75 - [STDERR_REDIRECT] 
2025-08-07 02:41:18,490 [ERROR] LogOutputStream:75 - [STDERR_REDIRECT] [Fatal Error] :1:1: Premature end of file.
2025-08-07 02:41:18,490 [ERROR] LogOutputStream:75 - [STDERR_REDIRECT] 
2025-08-07 02:41:19,467 [ERROR] LogOutputStream:75 - [STDERR_REDIRECT] [Fatal Error] :1:1: Premature end of file.
2025-08-07 02:41:19,468 [ERROR] LogOutputStream:75 - [STDERR_REDIRECT] 
2025-08-07 02:41:20,462 [ERROR] LogOutputStream:75 - [STDERR_REDIRECT] [Fatal Error] :1:1: Premature end of file.
2025-08-07 02:41:20,462 [ERROR] LogOutputStream:75 - [STDERR_REDIRECT] 
2025-08-07 02:41:21,468 [ERROR] LogOutputStream:75 - [STDERR_REDIRECT] [Fatal Error] :1:1: Premature end of file.
2025-08-07 02:41:21,468 [ERROR] LogOutputStream:75 - [STDERR_REDIRECT] 
2025-08-07 02:41:22,470 [ERROR] LogOutputStream:75 - [STDERR_REDIRECT] [Fatal Error] :1:1: Premature end of file.
2025-08-07 02:41:22,470 [ERROR] LogOutputStream:75 - [STDERR_REDIRECT] 
2025-08-07 02:41:23,470 [ERROR] LogOutputStream:75 - [STDERR_REDIRECT] [Fatal Error] :1:1: Premature end of file.
2025-08-07 02:41:23,470 [ERROR] LogOutputStream:75 - [STDERR_REDIRECT] 
2025-08-07 02:41:24,463 [ERROR] LogOutputStream:75 - [STDERR_REDIRECT] [Fatal Error] :1:1: Premature end of file.
2025-08-07 02:41:24,463 [ERROR] LogOutputStream:75 - [STDERR_REDIRECT] 
2025-08-07 02:41:25,468 [ERROR] LogOutputStream:75 - [STDERR_REDIRECT] [Fatal Error] :1:1: Premature end of file.
2025-08-07 02:41:25,468 [ERROR] LogOutputStream:75 - [STDERR_REDIRECT] 
2025-08-07 02:41:26,468 [ERROR] LogOutputStream:75 - [STDERR_REDIRECT] [Fatal Error] :1:1: Premature end of file.
2025-08-07 02:41:26,468 [ERROR] LogOutputStream:75 - [STDERR_REDIRECT] 
2025-08-07 02:41:27,467 [ERROR] LogOutputStream:75 - [STDERR_REDIRECT] [Fatal Error] :1:1: Premature end of file.
2025-08-07 02:41:27,467 [ERROR] LogOutputStream:75 - [STDERR_REDIRECT] 
2025-08-07 02:41:28,464 [ERROR] LogOutputStream:75 - [STDERR_REDIRECT] [Fatal Error] :1:1: Premature end of file.
2025-08-07 02:41:28,464 [ERROR] LogOutputStream:75 - [STDERR_REDIRECT] 
2025-08-07 02:41:29,459 [ERROR] LogOutputStream:75 - [STDERR_REDIRECT] [Fatal Error] :1:1: Premature end of file.
2025-08-07 02:41:29,459 [ERROR] LogOutputStream:75 - [STDERR_REDIRECT] 
2025-08-07 02:41:30,466 [ERROR] LogOutputStream:75 - [STDERR_REDIRECT] [Fatal Error] :1:1: Premature end of file.
2025-08-07 02:41:30,466 [ERROR] LogOutputStream:75 - [STDERR_REDIRECT] 
2025-08-07 02:41:31,461 [ERROR] LogOutputStream:75 - [STDERR_REDIRECT] [Fatal Error] :1:1: Premature end of file.
2025-08-07 02:41:31,462 [ERROR] LogOutputStream:75 - [STDERR_REDIRECT] 
2025-08-07 02:41:32,465 [ERROR] LogOutputStream:75 - [STDERR_REDIRECT] [Fatal Error] :1:1: Premature end of file.
2025-08-07 02:41:32,465 [ERROR] LogOutputStream:75 - [STDERR_REDIRECT] 
2025-08-07 02:41:33,459 [ERROR] LogOutputStream:75 - [STDERR_REDIRECT] [Fatal Error] :1:1: Premature end of file.
2025-08-07 02:41:33,459 [ERROR] LogOutputStream:75 - [STDERR_REDIRECT] 
2025-08-07 02:41:34,466 [ERROR] LogOutputStream:75 - [STDERR_REDIRECT] [Fatal Error] :1:1: Premature end of file.
2025-08-07 02:41:34,466 [ERROR] LogOutputStream:75 - [STDERR_REDIRECT] 
2025-08-07 02:41:35,456 [ERROR] LogOutputStream:75 - [STDERR_REDIRECT] [Fatal Error] :1:1: Premature end of file.
2025-08-07 02:41:35,457 [ERROR] LogOutputStream:75 - [STDERR_REDIRECT] 
2025-08-07 02:41:36,463 [ERROR] LogOutputStream:75 - [STDERR_REDIRECT] [Fatal Error] :1:1: Premature end of file.
2025-08-07 02:41:36,464 [ERROR] LogOutputStream:75 - [STDERR_REDIRECT] 
2025-08-07 02:41:37,466 [ERROR] LogOutputStream:75 - [STDERR_REDIRECT] [Fatal Error] :1:1: Premature end of file.
2025-08-07 02:41:37,466 [ERROR] LogOutputStream:75 - [STDERR_REDIRECT] 
2025-08-07 02:41:38,459 [ERROR] LogOutputStream:75 - [STDERR_REDIRECT] [Fatal Error] :1:1: Premature end of file.
2025-08-07 02:41:38,459 [ERROR] LogOutputStream:75 - [STDERR_REDIRECT] 
2025-08-07 02:41:39,469 [ERROR] LogOutputStream:75 - [STDERR_REDIRECT] [Fatal Error] :1:1: Premature end of file.
2025-08-07 02:41:39,469 [ERROR] LogOutputStream:75 - [STDERR_REDIRECT] 
2025-08-07 02:41:40,464 [ERROR] LogOutputStream:75 - [STDERR_REDIRECT] [Fatal Error] :1:1: Premature end of file.
2025-08-07 02:41:40,464 [ERROR] LogOutputStream:75 - [STDERR_REDIRECT] 
2025-08-07 02:41:41,456 [ERROR] LogOutputStream:75 - [STDERR_REDIRECT] [Fatal Error] :1:1: Premature end of file.
2025-08-07 02:41:41,456 [ERROR] LogOutputStream:75 - [STDERR_REDIRECT] 
2025-08-07 02:41:42,462 [ERROR] LogOutputStream:75 - [STDERR_REDIRECT] [Fatal Error] :1:1: Premature end of file.
2025-08-07 02:41:42,462 [ERROR] LogOutputStream:75 - [STDERR_REDIRECT] 
2025-08-07 02:41:43,456 [ERROR] LogOutputStream:75 - [STDERR_REDIRECT] [Fatal Error] :1:1: Premature end of file.
2025-08-07 02:41:43,456 [ERROR] LogOutputStream:75 - [STDERR_REDIRECT] 
2025-08-07 02:41:44,548 [ERROR] LogOutputStream:75 - [STDERR_REDIRECT] [Fatal Error] :1:1: Premature end of file.
2025-08-07 02:41:44,548 [ERROR] LogOutputStream:75 - [STDERR_REDIRECT] 
2025-08-07 02:41:45,462 [ERROR] LogOutputStream:75 - [STDERR_REDIRECT] [Fatal Error] :1:1: Premature end of file.
2025-08-07 02:41:45,462 [ERROR] LogOutputStream:75 - [STDERR_REDIRECT] 
2025-08-07 02:41:46,462 [ERROR] LogOutputStream:75 - [STDERR_REDIRECT] [Fatal Error] :1:1: Premature end of file.
2025-08-07 02:41:46,462 [ERROR] LogOutputStream:75 - [STDERR_REDIRECT] 
2025-08-07 02:41:47,466 [ERROR] LogOutputStream:75 - [STDERR_REDIRECT] [Fatal Error] :1:1: Premature end of file.
2025-08-07 02:41:47,466 [ERROR] LogOutputStream:75 - [STDERR_REDIRECT] 
2025-08-07 02:41:48,463 [ERROR] LogOutputStream:75 - [STDERR_REDIRECT] [Fatal Error] :1:1: Premature end of file.
2025-08-07 02:41:48,463 [ERROR] LogOutputStream:75 - [STDERR_REDIRECT] 
2025-08-07 02:41:49,460 [ERROR] LogOutputStream:75 - [STDERR_REDIRECT] [Fatal Error] :1:1: Premature end of file.
2025-08-07 02:41:49,460 [ERROR] LogOutputStream:75 - [STDERR_REDIRECT] 
2025-08-07 02:41:50,458 [ERROR] LogOutputStream:75 - [STDERR_REDIRECT] [Fatal Error] :1:1: Premature end of file.
2025-08-07 02:41:50,458 [ERROR] LogOutputStream:75 - [STDERR_REDIRECT] 
2025-08-07 02:41:51,465 [ERROR] LogOutputStream:75 - [STDERR_REDIRECT] [Fatal Error] :1:1: Premature end of file.
2025-08-07 02:41:51,465 [ERROR] LogOutputStream:75 - [STDERR_REDIRECT] 
2025-08-07 02:41:52,462 [ERROR] LogOutputStream:75 - [STDERR_REDIRECT] [Fatal Error] :1:1: Premature end of file.
2025-08-07 02:41:52,462 [ERROR] LogOutputStream:75 - [STDERR_REDIRECT] 
2025-08-07 02:41:53,462 [ERROR] LogOutputStream:75 - [STDERR_REDIRECT] [Fatal Error] :1:1: Premature end of file.
2025-08-07 02:41:53,462 [ERROR] LogOutputStream:75 - [STDERR_REDIRECT] 
2025-08-07 02:41:54,466 [ERROR] LogOutputStream:75 - [STDERR_REDIRECT] [Fatal Error] :1:1: Premature end of file.
2025-08-07 02:41:54,466 [ERROR] LogOutputStream:75 - [STDERR_REDIRECT] 
2025-08-07 02:41:55,464 [ERROR] LogOutputStream:75 - [STDERR_REDIRECT] [Fatal Error] :1:1: Premature end of file.
2025-08-07 02:41:55,464 [ERROR] LogOutputStream:75 - [STDERR_REDIRECT] 
2025-08-07 02:41:56,463 [ERROR] LogOutputStream:75 - [STDERR_REDIRECT] [Fatal Error] :1:1: Premature end of file.
2025-08-07 02:41:56,463 [ERROR] LogOutputStream:75 - [STDERR_REDIRECT] 
2025-08-07 02:41:57,463 [ERROR] LogOutputStream:75 - [STDERR_REDIRECT] [Fatal Error] :1:1: Premature end of file.
2025-08-07 02:41:57,463 [ERROR] LogOutputStream:75 - [STDERR_REDIRECT] 
2025-08-07 02:41:58,461 [ERROR] LogOutputStream:75 - [STDERR_REDIRECT] [Fatal Error] :1:1: Premature end of file.
2025-08-07 02:41:58,461 [ERROR] LogOutputStream:75 - [STDERR_REDIRECT] 
2025-08-07 02:41:59,460 [ERROR] LogOutputStream:75 - [STDERR_REDIRECT] [Fatal Error] :1:1: Premature end of file.
2025-08-07 02:41:59,460 [ERROR] LogOutputStream:75 - [STDERR_REDIRECT] 
2025-08-07 02:42:00,457 [ERROR] LogOutputStream:75 - [STDERR_REDIRECT] [Fatal Error] :1:1: Premature end of file.
2025-08-07 02:42:00,457 [ERROR] LogOutputStream:75 - [STDERR_REDIRECT] 
2025-08-07 02:42:01,468 [ERROR] LogOutputStream:75 - [STDERR_REDIRECT] [Fatal Error] :1:1: Premature end of file.
2025-08-07 02:42:01,468 [ERROR] LogOutputStream:75 - [STDERR_REDIRECT] 
2025-08-07 02:42:02,467 [ERROR] LogOutputStream:75 - [STDERR_REDIRECT] [Fatal Error] :1:1: Premature end of file.
2025-08-07 02:42:02,467 [ERROR] LogOutputStream:75 - [STDERR_REDIRECT] 
2025-08-07 02:42:03,464 [ERROR] LogOutputStream:75 - [STDERR_REDIRECT] [Fatal Error] :1:1: Premature end of file.
2025-08-07 02:42:03,464 [ERROR] LogOutputStream:75 - [STDERR_REDIRECT] 
2025-08-07 02:42:04,461 [ERROR] LogOutputStream:75 - [STDERR_REDIRECT] [Fatal Error] :1:1: Premature end of file.
2025-08-07 02:42:04,461 [ERROR] LogOutputStream:75 - [STDERR_REDIRECT] 
2025-08-07 02:42:05,460 [ERROR] LogOutputStream:75 - [STDERR_REDIRECT] [Fatal Error] :1:1: Premature end of file.
2025-08-07 02:42:05,460 [ERROR] LogOutputStream:75 - [STDERR_REDIRECT] 
2025-08-07 02:42:06,463 [ERROR] LogOutputStream:75 - [STDERR_REDIRECT] [Fatal Error] :1:1: Premature end of file.
2025-08-07 02:42:06,464 [ERROR] LogOutputStream:75 - [STDERR_REDIRECT] 
2025-08-07 02:42:07,456 [ERROR] LogOutputStream:75 - [STDERR_REDIRECT] [Fatal Error] :1:1: Premature end of file.
2025-08-07 02:42:07,456 [ERROR] LogOutputStream:75 - [STDERR_REDIRECT] 
2025-08-07 02:42:08,477 [ERROR] LogOutputStream:75 - [STDERR_REDIRECT] [Fatal Error] :1:1: Premature end of file.
2025-08-07 02:42:08,477 [ERROR] LogOutputStream:75 - [STDERR_REDIRECT] 
2025-08-07 02:42:09,465 [ERROR] LogOutputStream:75 - [STDERR_REDIRECT] [Fatal Error] :1:1: Premature end of file.
2025-08-07 02:42:09,465 [ERROR] LogOutputStream:75 - [STDERR_REDIRECT] 
2025-08-07 02:42:10,458 [ERROR] LogOutputStream:75 - [STDERR_REDIRECT] [Fatal Error] :1:1: Premature end of file.
2025-08-07 02:42:10,458 [ERROR] LogOutputStream:75 - [STDERR_REDIRECT] 
2025-08-07 02:42:11,479 [ERROR] LogOutputStream:75 - [STDERR_REDIRECT] [Fatal Error] :1:1: Premature end of file.
2025-08-07 02:42:11,479 [ERROR] LogOutputStream:75 - [STDERR_REDIRECT] 
2025-08-07 02:42:12,464 [ERROR] LogOutputStream:75 - [STDERR_REDIRECT] [Fatal Error] :1:1: Premature end of file.
2025-08-07 02:42:12,464 [ERROR] LogOutputStream:75 - [STDERR_REDIRECT] 
2025-08-07 02:42:13,466 [ERROR] LogOutputStream:75 - [STDERR_REDIRECT] [Fatal Error] :1:1: Premature end of file.
2025-08-07 02:42:13,466 [ERROR] LogOutputStream:75 - [STDERR_REDIRECT] 
2025-08-07 02:42:14,468 [ERROR] LogOutputStream:75 - [STDERR_REDIRECT] [Fatal Error] :1:1: Premature end of file.
2025-08-07 02:42:14,468 [ERROR] LogOutputStream:75 - [STDERR_REDIRECT] 
2025-08-07 02:42:15,457 [ERROR] LogOutputStream:75 - [STDERR_REDIRECT] [Fatal Error] :1:1: Premature end of file.
2025-08-07 02:42:15,457 [ERROR] LogOutputStream:75 - [STDERR_REDIRECT] 
2025-08-07 02:42:16,473 [ERROR] LogOutputStream:75 - [STDERR_REDIRECT] [Fatal Error] :1:1: Premature end of file.
2025-08-07 02:42:16,473 [ERROR] LogOutputStream:75 - [STDERR_REDIRECT] 
2025-08-07 02:42:17,458 [ERROR] LogOutputStream:75 - [STDERR_REDIRECT] [Fatal Error] :1:1: Premature end of file.
2025-08-07 02:42:17,458 [ERROR] LogOutputStream:75 - [STDERR_REDIRECT] 
2025-08-07 02:42:18,464 [ERROR] LogOutputStream:75 - [STDERR_REDIRECT] [Fatal Error] :1:1: Premature end of file.
2025-08-07 02:42:18,464 [ERROR] LogOutputStream:75 - [STDERR_REDIRECT] 
2025-08-07 02:42:19,497 [ERROR] LogOutputStream:75 - [STDERR_REDIRECT] [Fatal Error] :1:1: Premature end of file.
2025-08-07 02:42:19,498 [ERROR] LogOutputStream:75 - [STDERR_REDIRECT] 
2025-08-07 02:42:20,480 [ERROR] LogOutputStream:75 - [STDERR_REDIRECT] [Fatal Error] :1:1: Premature end of file.
2025-08-07 02:42:20,480 [ERROR] LogOutputStream:75 - [STDERR_REDIRECT] 
2025-08-07 02:42:21,479 [ERROR] LogOutputStream:75 - [STDERR_REDIRECT] [Fatal Error] :1:1: Premature end of file.
2025-08-07 02:42:21,479 [ERROR] LogOutputStream:75 - [STDERR_REDIRECT] 
2025-08-07 02:42:22,468 [ERROR] LogOutputStream:75 - [STDERR_REDIRECT] [Fatal Error] :1:1: Premature end of file.
2025-08-07 02:42:22,468 [ERROR] LogOutputStream:75 - [STDERR_REDIRECT] 
2025-08-07 02:42:23,465 [ERROR] LogOutputStream:75 - [STDERR_REDIRECT] [Fatal Error] :1:1: Premature end of file.
2025-08-07 02:42:23,465 [ERROR] LogOutputStream:75 - [STDERR_REDIRECT] 
2025-08-07 02:42:24,464 [ERROR] LogOutputStream:75 - [STDERR_REDIRECT] [Fatal Error] :1:1: Premature end of file.
2025-08-07 02:42:24,464 [ERROR] LogOutputStream:75 - [STDERR_REDIRECT] 
2025-08-07 02:42:25,469 [ERROR] LogOutputStream:75 - [STDERR_REDIRECT] [Fatal Error] :1:1: Premature end of file.
2025-08-07 02:42:25,470 [ERROR] LogOutputStream:75 - [STDERR_REDIRECT] 
2025-08-07 02:42:26,461 [ERROR] LogOutputStream:75 - [STDERR_REDIRECT] [Fatal Error] :1:1: Premature end of file.
2025-08-07 02:42:26,461 [ERROR] LogOutputStream:75 - [STDERR_REDIRECT] 
2025-08-07 02:42:27,468 [ERROR] LogOutputStream:75 - [STDERR_REDIRECT] [Fatal Error] :1:1: Premature end of file.
2025-08-07 02:42:27,468 [ERROR] LogOutputStream:75 - [STDERR_REDIRECT] 
2025-08-07 02:42:28,459 [ERROR] LogOutputStream:75 - [STDERR_REDIRECT] [Fatal Error] :1:1: Premature end of file.
2025-08-07 02:42:28,459 [ERROR] LogOutputStream:75 - [STDERR_REDIRECT] 
2025-08-07 02:42:29,468 [ERROR] LogOutputStream:75 - [STDERR_REDIRECT] [Fatal Error] :1:1: Premature end of file.
2025-08-07 02:42:29,468 [ERROR] LogOutputStream:75 - [STDERR_REDIRECT] 
2025-08-07 02:42:30,462 [ERROR] LogOutputStream:75 - [STDERR_REDIRECT] [Fatal Error] :1:1: Premature end of file.
2025-08-07 02:42:30,462 [ERROR] LogOutputStream:75 - [STDERR_REDIRECT] 
2025-08-07 02:42:31,535 [ERROR] LogOutputStream:75 - [STDERR_REDIRECT] [Fatal Error] :1:1: Premature end of file.
2025-08-07 02:42:31,535 [ERROR] LogOutputStream:75 - [STDERR_REDIRECT] 
2025-08-07 02:42:32,465 [ERROR] LogOutputStream:75 - [STDERR_REDIRECT] [Fatal Error] :1:1: Premature end of file.
2025-08-07 02:42:32,465 [ERROR] LogOutputStream:75 - [STDERR_REDIRECT] 
2025-08-07 02:42:33,461 [ERROR] LogOutputStream:75 - [STDERR_REDIRECT] [Fatal Error] :1:1: Premature end of file.
2025-08-07 02:42:33,461 [ERROR] LogOutputStream:75 - [STDERR_REDIRECT] 
2025-08-07 02:42:34,466 [ERROR] LogOutputStream:75 - [STDERR_REDIRECT] [Fatal Error] :1:1: Premature end of file.
2025-08-07 02:42:34,466 [ERROR] LogOutputStream:75 - [STDERR_REDIRECT] 
2025-08-07 02:42:35,457 [ERROR] LogOutputStream:75 - [STDERR_REDIRECT] [Fatal Error] :1:1: Premature end of file.
2025-08-07 02:42:35,457 [ERROR] LogOutputStream:75 - [STDERR_REDIRECT] 
2025-08-07 02:42:36,468 [ERROR] LogOutputStream:75 - [STDERR_REDIRECT] [Fatal Error] :1:1: Premature end of file.
2025-08-07 02:42:36,468 [ERROR] LogOutputStream:75 - [STDERR_REDIRECT] 
2025-08-07 02:42:37,462 [ERROR] LogOutputStream:75 - [STDERR_REDIRECT] [Fatal Error] :1:1: Premature end of file.
2025-08-07 02:42:37,462 [ERROR] LogOutputStream:75 - [STDERR_REDIRECT] 
2025-08-07 02:42:38,461 [ERROR] LogOutputStream:75 - [STDERR_REDIRECT] [Fatal Error] :1:1: Premature end of file.
2025-08-07 02:42:38,461 [ERROR] LogOutputStream:75 - [STDERR_REDIRECT] 
2025-08-07 02:42:39,465 [ERROR] LogOutputStream:75 - [STDERR_REDIRECT] [Fatal Error] :1:1: Premature end of file.
2025-08-07 02:42:39,465 [ERROR] LogOutputStream:75 - [STDERR_REDIRECT] 
2025-08-07 02:42:40,467 [ERROR] LogOutputStream:75 - [STDERR_REDIRECT] [Fatal Error] :1:1: Premature end of file.
2025-08-07 02:42:40,467 [ERROR] LogOutputStream:75 - [STDERR_REDIRECT] 
2025-08-07 02:42:41,465 [ERROR] LogOutputStream:75 - [STDERR_REDIRECT] [Fatal Error] :1:1: Premature end of file.
2025-08-07 02:42:41,466 [ERROR] LogOutputStream:75 - [STDERR_REDIRECT] 
2025-08-07 02:42:42,476 [ERROR] LogOutputStream:75 - [STDERR_REDIRECT] [Fatal Error] :1:1: Premature end of file.
2025-08-07 02:42:42,476 [ERROR] LogOutputStream:75 - [STDERR_REDIRECT] 
2025-08-07 02:42:43,469 [ERROR] LogOutputStream:75 - [STDERR_REDIRECT] [Fatal Error] :1:1: Premature end of file.
2025-08-07 02:42:43,470 [ERROR] LogOutputStream:75 - [STDERR_REDIRECT] 
2025-08-07 02:42:44,478 [ERROR] LogOutputStream:75 - [STDERR_REDIRECT] [Fatal Error] :1:1: Premature end of file.
2025-08-07 02:42:44,478 [ERROR] LogOutputStream:75 - [STDERR_REDIRECT] 
2025-08-07 02:42:45,469 [ERROR] LogOutputStream:75 - [STDERR_REDIRECT] [Fatal Error] :1:1: Premature end of file.
2025-08-07 02:42:45,469 [ERROR] LogOutputStream:75 - [STDERR_REDIRECT] 
2025-08-07 02:42:46,461 [ERROR] LogOutputStream:75 - [STDERR_REDIRECT] [Fatal Error] :1:1: Premature end of file.
2025-08-07 02:42:46,461 [ERROR] LogOutputStream:75 - [STDERR_REDIRECT] 
2025-08-07 02:42:47,464 [ERROR] LogOutputStream:75 - [STDERR_REDIRECT] [Fatal Error] :1:1: Premature end of file.
2025-08-07 02:42:47,464 [ERROR] LogOutputStream:75 - [STDERR_REDIRECT] 
2025-08-07 02:42:48,461 [ERROR] LogOutputStream:75 - [STDERR_REDIRECT] [Fatal Error] :1:1: Premature end of file.
2025-08-07 02:42:48,461 [ERROR] LogOutputStream:75 - [STDERR_REDIRECT] 
2025-08-07 02:42:49,475 [ERROR] LogOutputStream:75 - [STDERR_REDIRECT] [Fatal Error] :1:1: Premature end of file.
2025-08-07 02:42:49,475 [ERROR] LogOutputStream:75 - [STDERR_REDIRECT] 
2025-08-07 02:42:50,845 [ERROR] LogOutputStream:75 - [STDERR_REDIRECT] [Fatal Error] :1:1: Premature end of file.
2025-08-07 02:42:50,845 [ERROR] LogOutputStream:75 - [STDERR_REDIRECT] 
2025-08-07 02:42:51,546 [ERROR] LogOutputStream:75 - [STDERR_REDIRECT] [Fatal Error] :1:1: Premature end of file.
2025-08-07 02:42:51,547 [ERROR] LogOutputStream:75 - [STDERR_REDIRECT] 
2025-08-07 02:42:52,554 [ERROR] LogOutputStream:75 - [STDERR_REDIRECT] [Fatal Error] :1:1: Premature end of file.
2025-08-07 02:42:52,555 [ERROR] LogOutputStream:75 - [STDERR_REDIRECT] 
2025-08-07 02:42:53,414 [INFO] WebApp:194 - Connection lost
2025-08-07 02:42:53,529 [ERROR] LogOutputStream:75 - [STDERR_REDIRECT] [Fatal Error] :1:1: Premature end of file.
2025-08-07 02:42:53,529 [ERROR] LogOutputStream:75 - [STDERR_REDIRECT] 
2025-08-07 02:42:53,640 [INFO] WebApp:191 - Connection restablished
2025-08-07 02:42:54,495 [ERROR] LogOutputStream:75 - [STDERR_REDIRECT] [Fatal Error] :1:1: Premature end of file.
2025-08-07 02:42:54,495 [ERROR] LogOutputStream:75 - [STDERR_REDIRECT] 
2025-08-07 02:42:55,572 [ERROR] LogOutputStream:75 - [STDERR_REDIRECT] [Fatal Error] :1:1: Premature end of file.
2025-08-07 02:42:55,572 [ERROR] LogOutputStream:75 - [STDERR_REDIRECT] 
2025-08-07 02:42:55,770 [INFO] WebApp:194 - Connection lost
2025-08-07 02:42:55,894 [INFO] WebApp:191 - Connection restablished
2025-08-07 02:42:56,472 [ERROR] LogOutputStream:75 - [STDERR_REDIRECT] [Fatal Error] :1:1: Premature end of file.
2025-08-07 02:42:56,472 [ERROR] LogOutputStream:75 - [STDERR_REDIRECT] 
2025-08-07 02:42:57,473 [ERROR] LogOutputStream:75 - [STDERR_REDIRECT] [Fatal Error] :1:1: Premature end of file.
2025-08-07 02:42:57,474 [ERROR] LogOutputStream:75 - [STDERR_REDIRECT] 
2025-08-07 02:42:58,457 [ERROR] LogOutputStream:75 - [STDERR_REDIRECT] [Fatal Error] :1:1: Premature end of file.
2025-08-07 02:42:58,457 [ERROR] LogOutputStream:75 - [STDERR_REDIRECT] 
2025-08-07 02:42:59,474 [ERROR] LogOutputStream:75 - [STDERR_REDIRECT] [Fatal Error] :1:1: Premature end of file.
2025-08-07 02:42:59,474 [ERROR] LogOutputStream:75 - [STDERR_REDIRECT] 
2025-08-07 02:43:00,461 [ERROR] LogOutputStream:75 - [STDERR_REDIRECT] [Fatal Error] :1:1: Premature end of file.
2025-08-07 02:43:00,462 [ERROR] LogOutputStream:75 - [STDERR_REDIRECT] 
2025-08-07 02:43:01,727 [ERROR] LogOutputStream:75 - [STDERR_REDIRECT] [Fatal Error] :1:1: Premature end of file.
2025-08-07 02:43:01,728 [ERROR] LogOutputStream:75 - [STDERR_REDIRECT] 
2025-08-07 02:43:02,474 [ERROR] LogOutputStream:75 - [STDERR_REDIRECT] [Fatal Error] :1:1: Premature end of file.
2025-08-07 02:43:02,475 [ERROR] LogOutputStream:75 - [STDERR_REDIRECT] 
2025-08-07 02:43:03,529 [ERROR] LogOutputStream:75 - [STDERR_REDIRECT] [Fatal Error] :1:1: Premature end of file.
2025-08-07 02:43:03,530 [ERROR] LogOutputStream:75 - [STDERR_REDIRECT] 
2025-08-07 02:43:04,463 [ERROR] LogOutputStream:75 - [STDERR_REDIRECT] [Fatal Error] :1:1: Premature end of file.
2025-08-07 02:43:04,463 [ERROR] LogOutputStream:75 - [STDERR_REDIRECT] 
2025-08-07 02:43:05,471 [ERROR] LogOutputStream:75 - [STDERR_REDIRECT] [Fatal Error] :1:1: Premature end of file.
2025-08-07 02:43:05,471 [ERROR] LogOutputStream:75 - [STDERR_REDIRECT] 
2025-08-07 02:43:06,463 [ERROR] LogOutputStream:75 - [STDERR_REDIRECT] [Fatal Error] :1:1: Premature end of file.
2025-08-07 02:43:06,463 [ERROR] LogOutputStream:75 - [STDERR_REDIRECT] 
2025-08-07 02:43:07,474 [ERROR] LogOutputStream:75 - [STDERR_REDIRECT] [Fatal Error] :1:1: Premature end of file.
2025-08-07 02:43:07,474 [ERROR] LogOutputStream:75 - [STDERR_REDIRECT] 
2025-08-07 02:43:08,461 [ERROR] LogOutputStream:75 - [STDERR_REDIRECT] [Fatal Error] :1:1: Premature end of file.
2025-08-07 02:43:08,461 [ERROR] LogOutputStream:75 - [STDERR_REDIRECT] 
2025-08-07 02:43:09,471 [ERROR] LogOutputStream:75 - [STDERR_REDIRECT] [Fatal Error] :1:1: Premature end of file.
2025-08-07 02:43:09,472 [ERROR] LogOutputStream:75 - [STDERR_REDIRECT] 
2025-08-07 02:43:10,463 [ERROR] LogOutputStream:75 - [STDERR_REDIRECT] [Fatal Error] :1:1: Premature end of file.
2025-08-07 02:43:10,463 [ERROR] LogOutputStream:75 - [STDERR_REDIRECT] 
2025-08-07 02:43:11,461 [ERROR] LogOutputStream:75 - [STDERR_REDIRECT] [Fatal Error] :1:1: Premature end of file.
2025-08-07 02:43:11,461 [ERROR] LogOutputStream:75 - [STDERR_REDIRECT] 
2025-08-07 02:43:12,469 [ERROR] LogOutputStream:75 - [STDERR_REDIRECT] [Fatal Error] :1:1: Premature end of file.
2025-08-07 02:43:12,469 [ERROR] LogOutputStream:75 - [STDERR_REDIRECT] 
2025-08-07 02:43:13,462 [ERROR] LogOutputStream:75 - [STDERR_REDIRECT] [Fatal Error] :1:1: Premature end of file.
2025-08-07 02:43:13,462 [ERROR] LogOutputStream:75 - [STDERR_REDIRECT] 
2025-08-07 02:43:14,465 [ERROR] LogOutputStream:75 - [STDERR_REDIRECT] [Fatal Error] :1:1: Premature end of file.
2025-08-07 02:43:14,465 [ERROR] LogOutputStream:75 - [STDERR_REDIRECT] 
2025-08-07 02:43:15,455 [ERROR] LogOutputStream:75 - [STDERR_REDIRECT] [Fatal Error] :1:1: Premature end of file.
2025-08-07 02:43:15,455 [ERROR] LogOutputStream:75 - [STDERR_REDIRECT] 
2025-08-07 02:43:16,465 [ERROR] LogOutputStream:75 - [STDERR_REDIRECT] [Fatal Error] :1:1: Premature end of file.
2025-08-07 02:43:16,465 [ERROR] LogOutputStream:75 - [STDERR_REDIRECT] 
2025-08-07 02:43:17,462 [ERROR] LogOutputStream:75 - [STDERR_REDIRECT] [Fatal Error] :1:1: Premature end of file.
2025-08-07 02:43:17,462 [ERROR] LogOutputStream:75 - [STDERR_REDIRECT] 
2025-08-07 02:43:18,455 [ERROR] LogOutputStream:75 - [STDERR_REDIRECT] [Fatal Error] :1:1: Premature end of file.
2025-08-07 02:43:18,455 [ERROR] LogOutputStream:75 - [STDERR_REDIRECT] 
2025-08-07 02:43:19,466 [ERROR] LogOutputStream:75 - [STDERR_REDIRECT] [Fatal Error] :1:1: Premature end of file.
2025-08-07 02:43:19,466 [ERROR] LogOutputStream:75 - [STDERR_REDIRECT] 
2025-08-07 02:43:20,462 [ERROR] LogOutputStream:75 - [STDERR_REDIRECT] [Fatal Error] :1:1: Premature end of file.
2025-08-07 02:43:20,462 [ERROR] LogOutputStream:75 - [STDERR_REDIRECT] 
2025-08-07 02:43:21,458 [ERROR] LogOutputStream:75 - [STDERR_REDIRECT] [Fatal Error] :1:1: Premature end of file.
2025-08-07 02:43:21,459 [ERROR] LogOutputStream:75 - [STDERR_REDIRECT] 
2025-08-07 02:43:22,465 [ERROR] LogOutputStream:75 - [STDERR_REDIRECT] [Fatal Error] :1:1: Premature end of file.
2025-08-07 02:43:22,465 [ERROR] LogOutputStream:75 - [STDERR_REDIRECT] 
2025-08-07 02:43:23,464 [ERROR] LogOutputStream:75 - [STDERR_REDIRECT] [Fatal Error] :1:1: Premature end of file.
2025-08-07 02:43:23,464 [ERROR] LogOutputStream:75 - [STDERR_REDIRECT] 
2025-08-07 02:43:24,458 [ERROR] LogOutputStream:75 - [STDERR_REDIRECT] [Fatal Error] :1:1: Premature end of file.
2025-08-07 02:43:24,458 [ERROR] LogOutputStream:75 - [STDERR_REDIRECT] 
2025-08-07 02:43:25,468 [ERROR] LogOutputStream:75 - [STDERR_REDIRECT] [Fatal Error] :1:1: Premature end of file.
2025-08-07 02:43:25,468 [ERROR] LogOutputStream:75 - [STDERR_REDIRECT] 
2025-08-07 02:43:26,478 [ERROR] LogOutputStream:75 - [STDERR_REDIRECT] [Fatal Error] :1:1: Premature end of file.
2025-08-07 02:43:26,478 [ERROR] LogOutputStream:75 - [STDERR_REDIRECT] 
2025-08-07 02:43:27,460 [ERROR] LogOutputStream:75 - [STDERR_REDIRECT] [Fatal Error] :1:1: Premature end of file.
2025-08-07 02:43:27,460 [ERROR] LogOutputStream:75 - [STDERR_REDIRECT] 
2025-08-07 02:43:28,467 [ERROR] LogOutputStream:75 - [STDERR_REDIRECT] [Fatal Error] :1:1: Premature end of file.
2025-08-07 02:43:28,467 [ERROR] LogOutputStream:75 - [STDERR_REDIRECT] 
2025-08-07 02:43:29,465 [ERROR] LogOutputStream:75 - [STDERR_REDIRECT] [Fatal Error] :1:1: Premature end of file.
2025-08-07 02:43:29,465 [ERROR] LogOutputStream:75 - [STDERR_REDIRECT] 
2025-08-07 02:43:30,459 [ERROR] LogOutputStream:75 - [STDERR_REDIRECT] [Fatal Error] :1:1: Premature end of file.
2025-08-07 02:43:30,459 [ERROR] LogOutputStream:75 - [STDERR_REDIRECT] 
2025-08-07 02:43:31,465 [ERROR] LogOutputStream:75 - [STDERR_REDIRECT] [Fatal Error] :1:1: Premature end of file.
2025-08-07 02:43:31,465 [ERROR] LogOutputStream:75 - [STDERR_REDIRECT] 
2025-08-07 02:43:32,457 [ERROR] LogOutputStream:75 - [STDERR_REDIRECT] [Fatal Error] :1:1: Premature end of file.
2025-08-07 02:43:32,457 [ERROR] LogOutputStream:75 - [STDERR_REDIRECT] 
2025-08-07 02:43:33,468 [ERROR] LogOutputStream:75 - [STDERR_REDIRECT] [Fatal Error] :1:1: Premature end of file.
2025-08-07 02:43:33,468 [ERROR] LogOutputStream:75 - [STDERR_REDIRECT] 
2025-08-07 02:43:34,458 [ERROR] LogOutputStream:75 - [STDERR_REDIRECT] [Fatal Error] :1:1: Premature end of file.
2025-08-07 02:43:34,458 [ERROR] LogOutputStream:75 - [STDERR_REDIRECT] 
2025-08-07 02:43:35,463 [ERROR] LogOutputStream:75 - [STDERR_REDIRECT] [Fatal Error] :1:1: Premature end of file.
2025-08-07 02:43:35,463 [ERROR] LogOutputStream:75 - [STDERR_REDIRECT] 
2025-08-07 02:43:36,470 [ERROR] LogOutputStream:75 - [STDERR_REDIRECT] [Fatal Error] :1:1: Premature end of file.
2025-08-07 02:43:36,470 [ERROR] LogOutputStream:75 - [STDERR_REDIRECT] 
2025-08-07 02:43:37,462 [ERROR] LogOutputStream:75 - [STDERR_REDIRECT] [Fatal Error] :1:1: Premature end of file.
2025-08-07 02:43:37,462 [ERROR] LogOutputStream:75 - [STDERR_REDIRECT] 
2025-08-07 02:43:38,469 [ERROR] LogOutputStream:75 - [STDERR_REDIRECT] [Fatal Error] :1:1: Premature end of file.
2025-08-07 02:43:38,469 [ERROR] LogOutputStream:75 - [STDERR_REDIRECT] 
2025-08-07 02:43:39,461 [ERROR] LogOutputStream:75 - [STDERR_REDIRECT] [Fatal Error] :1:1: Premature end of file.
2025-08-07 02:43:39,461 [ERROR] LogOutputStream:75 - [STDERR_REDIRECT] 
2025-08-07 02:43:40,470 [ERROR] LogOutputStream:75 - [STDERR_REDIRECT] [Fatal Error] :1:1: Premature end of file.
2025-08-07 02:43:40,470 [ERROR] LogOutputStream:75 - [STDERR_REDIRECT] 
2025-08-07 02:43:41,488 [ERROR] LogOutputStream:75 - [STDERR_REDIRECT] [Fatal Error] :1:1: Premature end of file.
2025-08-07 02:43:41,488 [ERROR] LogOutputStream:75 - [STDERR_REDIRECT] 
2025-08-07 02:43:42,483 [ERROR] LogOutputStream:75 - [STDERR_REDIRECT] [Fatal Error] :1:1: Premature end of file.
2025-08-07 02:43:42,483 [ERROR] LogOutputStream:75 - [STDERR_REDIRECT] 
2025-08-07 02:43:43,471 [ERROR] LogOutputStream:75 - [STDERR_REDIRECT] [Fatal Error] :1:1: Premature end of file.
2025-08-07 02:43:43,471 [ERROR] LogOutputStream:75 - [STDERR_REDIRECT] 
2025-08-07 02:43:44,465 [ERROR] LogOutputStream:75 - [STDERR_REDIRECT] [Fatal Error] :1:1: Premature end of file.
2025-08-07 02:43:44,465 [ERROR] LogOutputStream:75 - [STDERR_REDIRECT] 
2025-08-07 02:43:45,485 [ERROR] LogOutputStream:75 - [STDERR_REDIRECT] [Fatal Error] :1:1: Premature end of file.
2025-08-07 02:43:45,485 [ERROR] LogOutputStream:75 - [STDERR_REDIRECT] 
2025-08-07 02:43:46,463 [ERROR] LogOutputStream:75 - [STDERR_REDIRECT] [Fatal Error] :1:1: Premature end of file.
2025-08-07 02:43:46,464 [ERROR] LogOutputStream:75 - [STDERR_REDIRECT] 
2025-08-07 02:43:47,494 [ERROR] LogOutputStream:75 - [STDERR_REDIRECT] [Fatal Error] :1:1: Premature end of file.
2025-08-07 02:43:47,494 [ERROR] LogOutputStream:75 - [STDERR_REDIRECT] 
2025-08-07 02:43:48,486 [ERROR] LogOutputStream:75 - [STDERR_REDIRECT] [Fatal Error] :1:1: Premature end of file.
2025-08-07 02:43:48,486 [ERROR] LogOutputStream:75 - [STDERR_REDIRECT] 
2025-08-07 02:43:49,478 [ERROR] LogOutputStream:75 - [STDERR_REDIRECT] [Fatal Error] :1:1: Premature end of file.
2025-08-07 02:43:49,478 [ERROR] LogOutputStream:75 - [STDERR_REDIRECT] 
2025-08-07 02:43:50,465 [ERROR] LogOutputStream:75 - [STDERR_REDIRECT] [Fatal Error] :1:1: Premature end of file.
2025-08-07 02:43:50,465 [ERROR] LogOutputStream:75 - [STDERR_REDIRECT] 
2025-08-07 02:43:51,480 [ERROR] LogOutputStream:75 - [STDERR_REDIRECT] [Fatal Error] :1:1: Premature end of file.
2025-08-07 02:43:51,480 [ERROR] LogOutputStream:75 - [STDERR_REDIRECT] 
2025-08-07 02:43:52,466 [ERROR] LogOutputStream:75 - [STDERR_REDIRECT] [Fatal Error] :1:1: Premature end of file.
2025-08-07 02:43:52,466 [ERROR] LogOutputStream:75 - [STDERR_REDIRECT] 
2025-08-07 02:43:53,464 [ERROR] LogOutputStream:75 - [STDERR_REDIRECT] [Fatal Error] :1:1: Premature end of file.
2025-08-07 02:43:53,464 [ERROR] LogOutputStream:75 - [STDERR_REDIRECT] 
2025-08-07 02:43:54,464 [ERROR] LogOutputStream:75 - [STDERR_REDIRECT] [Fatal Error] :1:1: Premature end of file.
2025-08-07 02:43:54,464 [ERROR] LogOutputStream:75 - [STDERR_REDIRECT] 
2025-08-07 02:43:55,462 [ERROR] LogOutputStream:75 - [STDERR_REDIRECT] [Fatal Error] :1:1: Premature end of file.
2025-08-07 02:43:55,462 [ERROR] LogOutputStream:75 - [STDERR_REDIRECT] 
2025-08-07 02:43:56,460 [ERROR] LogOutputStream:75 - [STDERR_REDIRECT] [Fatal Error] :1:1: Premature end of file.
2025-08-07 02:43:56,460 [ERROR] LogOutputStream:75 - [STDERR_REDIRECT] 
2025-08-07 02:43:57,477 [ERROR] LogOutputStream:75 - [STDERR_REDIRECT] [Fatal Error] :1:1: Premature end of file.
2025-08-07 02:43:57,478 [ERROR] LogOutputStream:75 - [STDERR_REDIRECT] 
2025-08-07 02:43:58,467 [ERROR] LogOutputStream:75 - [STDERR_REDIRECT] [Fatal Error] :1:1: Premature end of file.
2025-08-07 02:43:58,467 [ERROR] LogOutputStream:75 - [STDERR_REDIRECT] 
2025-08-07 02:43:59,478 [ERROR] LogOutputStream:75 - [STDERR_REDIRECT] [Fatal Error] :1:1: Premature end of file.
2025-08-07 02:43:59,478 [ERROR] LogOutputStream:75 - [STDERR_REDIRECT] 
2025-08-07 02:44:00,468 [ERROR] LogOutputStream:75 - [STDERR_REDIRECT] [Fatal Error] :1:1: Premature end of file.
2025-08-07 02:44:00,469 [ERROR] LogOutputStream:75 - [STDERR_REDIRECT] 
2025-08-07 02:44:01,464 [ERROR] LogOutputStream:75 - [STDERR_REDIRECT] [Fatal Error] :1:1: Premature end of file.
2025-08-07 02:44:01,464 [ERROR] LogOutputStream:75 - [STDERR_REDIRECT] 
2025-08-07 02:44:02,467 [ERROR] LogOutputStream:75 - [STDERR_REDIRECT] [Fatal Error] :1:1: Premature end of file.
2025-08-07 02:44:02,467 [ERROR] LogOutputStream:75 - [STDERR_REDIRECT] 
2025-08-07 02:44:03,458 [ERROR] LogOutputStream:75 - [STDERR_REDIRECT] [Fatal Error] :1:1: Premature end of file.
2025-08-07 02:44:03,458 [ERROR] LogOutputStream:75 - [STDERR_REDIRECT] 
2025-08-07 02:44:04,467 [ERROR] LogOutputStream:75 - [STDERR_REDIRECT] [Fatal Error] :1:1: Premature end of file.
2025-08-07 02:44:04,467 [ERROR] LogOutputStream:75 - [STDERR_REDIRECT] 
2025-08-07 02:44:05,459 [ERROR] LogOutputStream:75 - [STDERR_REDIRECT] [Fatal Error] :1:1: Premature end of file.
2025-08-07 02:44:05,460 [ERROR] LogOutputStream:75 - [STDERR_REDIRECT] 
2025-08-07 02:44:06,472 [ERROR] LogOutputStream:75 - [STDERR_REDIRECT] [Fatal Error] :1:1: Premature end of file.
2025-08-07 02:44:06,472 [ERROR] LogOutputStream:75 - [STDERR_REDIRECT] 
2025-08-07 02:44:07,475 [ERROR] LogOutputStream:75 - [STDERR_REDIRECT] [Fatal Error] :1:1: Premature end of file.
2025-08-07 02:44:07,475 [ERROR] LogOutputStream:75 - [STDERR_REDIRECT] 
2025-08-07 02:44:08,463 [ERROR] LogOutputStream:75 - [STDERR_REDIRECT] [Fatal Error] :1:1: Premature end of file.
2025-08-07 02:44:08,463 [ERROR] LogOutputStream:75 - [STDERR_REDIRECT] 
2025-08-07 02:44:09,456 [ERROR] LogOutputStream:75 - [STDERR_REDIRECT] [Fatal Error] :1:1: Premature end of file.
2025-08-07 02:44:09,456 [ERROR] LogOutputStream:75 - [STDERR_REDIRECT] 
2025-08-07 02:44:10,457 [ERROR] LogOutputStream:75 - [STDERR_REDIRECT] [Fatal Error] :1:1: Premature end of file.
2025-08-07 02:44:10,457 [ERROR] LogOutputStream:75 - [STDERR_REDIRECT] 
2025-08-07 02:44:11,462 [ERROR] LogOutputStream:75 - [STDERR_REDIRECT] [Fatal Error] :1:1: Premature end of file.
2025-08-07 02:44:11,462 [ERROR] LogOutputStream:75 - [STDERR_REDIRECT] 
2025-08-07 02:44:12,455 [ERROR] LogOutputStream:75 - [STDERR_REDIRECT] [Fatal Error] :1:1: Premature end of file.
2025-08-07 02:44:12,455 [ERROR] LogOutputStream:75 - [STDERR_REDIRECT] 
2025-08-07 02:44:13,467 [ERROR] LogOutputStream:75 - [STDERR_REDIRECT] [Fatal Error] :1:1: Premature end of file.
2025-08-07 02:44:13,467 [ERROR] LogOutputStream:75 - [STDERR_REDIRECT] 
2025-08-07 02:44:14,461 [ERROR] LogOutputStream:75 - [STDERR_REDIRECT] [Fatal Error] :1:1: Premature end of file.
2025-08-07 02:44:14,461 [ERROR] LogOutputStream:75 - [STDERR_REDIRECT] 
2025-08-07 02:44:15,463 [ERROR] LogOutputStream:75 - [STDERR_REDIRECT] [Fatal Error] :1:1: Premature end of file.
2025-08-07 02:44:15,463 [ERROR] LogOutputStream:75 - [STDERR_REDIRECT] 
2025-08-07 02:44:16,467 [ERROR] LogOutputStream:75 - [STDERR_REDIRECT] [Fatal Error] :1:1: Premature end of file.
2025-08-07 02:44:16,467 [ERROR] LogOutputStream:75 - [STDERR_REDIRECT] 
2025-08-07 02:44:17,459 [ERROR] LogOutputStream:75 - [STDERR_REDIRECT] [Fatal Error] :1:1: Premature end of file.
2025-08-07 02:44:17,459 [ERROR] LogOutputStream:75 - [STDERR_REDIRECT] 
2025-08-07 02:44:18,465 [ERROR] LogOutputStream:75 - [STDERR_REDIRECT] [Fatal Error] :1:1: Premature end of file.
2025-08-07 02:44:18,465 [ERROR] LogOutputStream:75 - [STDERR_REDIRECT] 
2025-08-07 02:44:19,462 [ERROR] LogOutputStream:75 - [STDERR_REDIRECT] [Fatal Error] :1:1: Premature end of file.
2025-08-07 02:44:19,462 [ERROR] LogOutputStream:75 - [STDERR_REDIRECT] 
2025-08-07 02:44:20,464 [ERROR] LogOutputStream:75 - [STDERR_REDIRECT] [Fatal Error] :1:1: Premature end of file.
2025-08-07 02:44:20,464 [ERROR] LogOutputStream:75 - [STDERR_REDIRECT] 
2025-08-07 02:44:21,472 [ERROR] LogOutputStream:75 - [STDERR_REDIRECT] [Fatal Error] :1:1: Premature end of file.
2025-08-07 02:44:21,472 [ERROR] LogOutputStream:75 - [STDERR_REDIRECT] 
2025-08-07 02:44:22,463 [ERROR] LogOutputStream:75 - [STDERR_REDIRECT] [Fatal Error] :1:1: Premature end of file.
2025-08-07 02:44:22,463 [ERROR] LogOutputStream:75 - [STDERR_REDIRECT] 
2025-08-07 02:44:23,470 [ERROR] LogOutputStream:75 - [STDERR_REDIRECT] [Fatal Error] :1:1: Premature end of file.
2025-08-07 02:44:23,470 [ERROR] LogOutputStream:75 - [STDERR_REDIRECT] 
2025-08-07 02:44:24,465 [ERROR] LogOutputStream:75 - [STDERR_REDIRECT] [Fatal Error] :1:1: Premature end of file.
2025-08-07 02:44:24,465 [ERROR] LogOutputStream:75 - [STDERR_REDIRECT] 
2025-08-07 02:44:25,465 [ERROR] LogOutputStream:75 - [STDERR_REDIRECT] [Fatal Error] :1:1: Premature end of file.
2025-08-07 02:44:25,465 [ERROR] LogOutputStream:75 - [STDERR_REDIRECT] 
2025-08-07 02:44:26,461 [ERROR] LogOutputStream:75 - [STDERR_REDIRECT] [Fatal Error] :1:1: Premature end of file.
2025-08-07 02:44:26,461 [ERROR] LogOutputStream:75 - [STDERR_REDIRECT] 
2025-08-07 02:44:27,540 [ERROR] LogOutputStream:75 - [STDERR_REDIRECT] [Fatal Error] :1:1: Premature end of file.
2025-08-07 02:44:27,542 [ERROR] LogOutputStream:75 - [STDERR_REDIRECT] 
2025-08-07 02:44:28,467 [ERROR] LogOutputStream:75 - [STDERR_REDIRECT] [Fatal Error] :1:1: Premature end of file.
2025-08-07 02:44:28,467 [ERROR] LogOutputStream:75 - [STDERR_REDIRECT] 
2025-08-07 02:44:29,464 [ERROR] LogOutputStream:75 - [STDERR_REDIRECT] [Fatal Error] :1:1: Premature end of file.
2025-08-07 02:44:29,465 [ERROR] LogOutputStream:75 - [STDERR_REDIRECT] 
2025-08-07 02:44:30,455 [ERROR] LogOutputStream:75 - [STDERR_REDIRECT] [Fatal Error] :1:1: Premature end of file.
2025-08-07 02:44:30,455 [ERROR] LogOutputStream:75 - [STDERR_REDIRECT] 
2025-08-07 02:44:31,461 [ERROR] LogOutputStream:75 - [STDERR_REDIRECT] [Fatal Error] :1:1: Premature end of file.
2025-08-07 02:44:31,461 [ERROR] LogOutputStream:75 - [STDERR_REDIRECT] 
2025-08-07 02:44:32,461 [ERROR] LogOutputStream:75 - [STDERR_REDIRECT] [Fatal Error] :1:1: Premature end of file.
2025-08-07 02:44:32,461 [ERROR] LogOutputStream:75 - [STDERR_REDIRECT] 
2025-08-07 02:44:33,468 [ERROR] LogOutputStream:75 - [STDERR_REDIRECT] [Fatal Error] :1:1: Premature end of file.
2025-08-07 02:44:33,468 [ERROR] LogOutputStream:75 - [STDERR_REDIRECT] 
2025-08-07 02:44:34,464 [ERROR] LogOutputStream:75 - [STDERR_REDIRECT] [Fatal Error] :1:1: Premature end of file.
2025-08-07 02:44:34,464 [ERROR] LogOutputStream:75 - [STDERR_REDIRECT] 
2025-08-07 02:44:35,466 [ERROR] LogOutputStream:75 - [STDERR_REDIRECT] [Fatal Error] :1:1: Premature end of file.
2025-08-07 02:44:35,466 [ERROR] LogOutputStream:75 - [STDERR_REDIRECT] 
2025-08-07 02:44:36,469 [ERROR] LogOutputStream:75 - [STDERR_REDIRECT] [Fatal Error] :1:1: Premature end of file.
2025-08-07 02:44:36,469 [ERROR] LogOutputStream:75 - [STDERR_REDIRECT] 
2025-08-07 02:44:37,470 [ERROR] LogOutputStream:75 - [STDERR_REDIRECT] [Fatal Error] :1:1: Premature end of file.
2025-08-07 02:44:37,470 [ERROR] LogOutputStream:75 - [STDERR_REDIRECT] 
2025-08-07 02:44:38,472 [ERROR] LogOutputStream:75 - [STDERR_REDIRECT] [Fatal Error] :1:1: Premature end of file.
2025-08-07 02:44:38,473 [ERROR] LogOutputStream:75 - [STDERR_REDIRECT] 
2025-08-07 02:44:39,461 [ERROR] LogOutputStream:75 - [STDERR_REDIRECT] [Fatal Error] :1:1: Premature end of file.
2025-08-07 02:44:39,461 [ERROR] LogOutputStream:75 - [STDERR_REDIRECT] 
2025-08-07 02:44:40,470 [ERROR] LogOutputStream:75 - [STDERR_REDIRECT] [Fatal Error] :1:1: Premature end of file.
2025-08-07 02:44:40,470 [ERROR] LogOutputStream:75 - [STDERR_REDIRECT] 
2025-08-07 02:44:41,459 [ERROR] LogOutputStream:75 - [STDERR_REDIRECT] [Fatal Error] :1:1: Premature end of file.
2025-08-07 02:44:41,459 [ERROR] LogOutputStream:75 - [STDERR_REDIRECT] 
2025-08-07 02:44:42,468 [ERROR] LogOutputStream:75 - [STDERR_REDIRECT] [Fatal Error] :1:1: Premature end of file.
2025-08-07 02:44:42,468 [ERROR] LogOutputStream:75 - [STDERR_REDIRECT] 
2025-08-07 02:44:43,467 [ERROR] LogOutputStream:75 - [STDERR_REDIRECT] [Fatal Error] :1:1: Premature end of file.
2025-08-07 02:44:43,467 [ERROR] LogOutputStream:75 - [STDERR_REDIRECT] 
2025-08-07 02:44:44,468 [ERROR] LogOutputStream:75 - [STDERR_REDIRECT] [Fatal Error] :1:1: Premature end of file.
2025-08-07 02:44:44,468 [ERROR] LogOutputStream:75 - [STDERR_REDIRECT] 
2025-08-07 02:44:45,463 [ERROR] LogOutputStream:75 - [STDERR_REDIRECT] [Fatal Error] :1:1: Premature end of file.
2025-08-07 02:44:45,463 [ERROR] LogOutputStream:75 - [STDERR_REDIRECT] 
2025-08-07 02:44:46,467 [ERROR] LogOutputStream:75 - [STDERR_REDIRECT] [Fatal Error] :1:1: Premature end of file.
2025-08-07 02:44:46,467 [ERROR] LogOutputStream:75 - [STDERR_REDIRECT] 
2025-08-07 02:44:47,468 [ERROR] LogOutputStream:75 - [STDERR_REDIRECT] [Fatal Error] :1:1: Premature end of file.
2025-08-07 02:44:47,468 [ERROR] LogOutputStream:75 - [STDERR_REDIRECT] 
2025-08-07 02:44:48,471 [ERROR] LogOutputStream:75 - [STDERR_REDIRECT] [Fatal Error] :1:1: Premature end of file.
2025-08-07 02:44:48,471 [ERROR] LogOutputStream:75 - [STDERR_REDIRECT] 
2025-08-07 02:44:49,466 [ERROR] LogOutputStream:75 - [STDERR_REDIRECT] [Fatal Error] :1:1: Premature end of file.
2025-08-07 02:44:49,466 [ERROR] LogOutputStream:75 - [STDERR_REDIRECT] 
2025-08-07 02:44:50,479 [ERROR] LogOutputStream:75 - [STDERR_REDIRECT] [Fatal Error] :1:1: Premature end of file.
2025-08-07 02:44:50,479 [ERROR] LogOutputStream:75 - [STDERR_REDIRECT] 
2025-08-07 02:44:51,471 [ERROR] LogOutputStream:75 - [STDERR_REDIRECT] [Fatal Error] :1:1: Premature end of file.
2025-08-07 02:44:51,473 [ERROR] LogOutputStream:75 - [STDERR_REDIRECT] 
2025-08-07 02:44:52,472 [ERROR] LogOutputStream:75 - [STDERR_REDIRECT] [Fatal Error] :1:1: Premature end of file.
2025-08-07 02:44:52,472 [ERROR] LogOutputStream:75 - [STDERR_REDIRECT] 
2025-08-07 02:44:53,492 [ERROR] LogOutputStream:75 - [STDERR_REDIRECT] [Fatal Error] :1:1: Premature end of file.
2025-08-07 02:44:53,492 [ERROR] LogOutputStream:75 - [STDERR_REDIRECT] 
2025-08-07 02:44:54,462 [ERROR] LogOutputStream:75 - [STDERR_REDIRECT] [Fatal Error] :1:1: Premature end of file.
2025-08-07 02:44:54,462 [ERROR] LogOutputStream:75 - [STDERR_REDIRECT] 
2025-08-07 02:44:55,470 [ERROR] LogOutputStream:75 - [STDERR_REDIRECT] [Fatal Error] :1:1: Premature end of file.
2025-08-07 02:44:55,470 [ERROR] LogOutputStream:75 - [STDERR_REDIRECT] 
2025-08-07 02:44:56,459 [ERROR] LogOutputStream:75 - [STDERR_REDIRECT] [Fatal Error] :1:1: Premature end of file.
2025-08-07 02:44:56,459 [ERROR] LogOutputStream:75 - [STDERR_REDIRECT] 
2025-08-07 02:44:57,469 [ERROR] LogOutputStream:75 - [STDERR_REDIRECT] [Fatal Error] :1:1: Premature end of file.
2025-08-07 02:44:57,469 [ERROR] LogOutputStream:75 - [STDERR_REDIRECT] 
2025-08-07 02:44:58,469 [ERROR] LogOutputStream:75 - [STDERR_REDIRECT] [Fatal Error] :1:1: Premature end of file.
2025-08-07 02:44:58,469 [ERROR] LogOutputStream:75 - [STDERR_REDIRECT] 
2025-08-07 02:44:59,477 [ERROR] LogOutputStream:75 - [STDERR_REDIRECT] [Fatal Error] :1:1: Premature end of file.
2025-08-07 02:44:59,477 [ERROR] LogOutputStream:75 - [STDERR_REDIRECT] 
2025-08-07 02:45:00,471 [ERROR] LogOutputStream:75 - [STDERR_REDIRECT] [Fatal Error] :1:1: Premature end of file.
2025-08-07 02:45:00,471 [ERROR] LogOutputStream:75 - [STDERR_REDIRECT] 
2025-08-07 02:45:01,470 [ERROR] LogOutputStream:75 - [STDERR_REDIRECT] [Fatal Error] :1:1: Premature end of file.
2025-08-07 02:45:01,470 [ERROR] LogOutputStream:75 - [STDERR_REDIRECT] 
2025-08-07 02:45:02,475 [ERROR] LogOutputStream:75 - [STDERR_REDIRECT] [Fatal Error] :1:1: Premature end of file.
2025-08-07 02:45:02,476 [ERROR] LogOutputStream:75 - [STDERR_REDIRECT] 
2025-08-07 02:45:03,466 [ERROR] LogOutputStream:75 - [STDERR_REDIRECT] [Fatal Error] :1:1: Premature end of file.
2025-08-07 02:45:03,466 [ERROR] LogOutputStream:75 - [STDERR_REDIRECT] 
2025-08-07 02:45:04,460 [ERROR] LogOutputStream:75 - [STDERR_REDIRECT] [Fatal Error] :1:1: Premature end of file.
2025-08-07 02:45:04,460 [ERROR] LogOutputStream:75 - [STDERR_REDIRECT] 
2025-08-07 02:45:05,466 [ERROR] LogOutputStream:75 - [STDERR_REDIRECT] [Fatal Error] :1:1: Premature end of file.
2025-08-07 02:45:05,466 [ERROR] LogOutputStream:75 - [STDERR_REDIRECT] 
2025-08-07 02:45:06,467 [ERROR] LogOutputStream:75 - [STDERR_REDIRECT] [Fatal Error] :1:1: Premature end of file.
2025-08-07 02:45:06,467 [ERROR] LogOutputStream:75 - [STDERR_REDIRECT] 
2025-08-07 02:45:07,468 [ERROR] LogOutputStream:75 - [STDERR_REDIRECT] [Fatal Error] :1:1: Premature end of file.
2025-08-07 02:45:07,468 [ERROR] LogOutputStream:75 - [STDERR_REDIRECT] 
2025-08-07 02:45:08,470 [ERROR] LogOutputStream:75 - [STDERR_REDIRECT] [Fatal Error] :1:1: Premature end of file.
2025-08-07 02:45:08,470 [ERROR] LogOutputStream:75 - [STDERR_REDIRECT] 
2025-08-07 02:45:09,463 [ERROR] LogOutputStream:75 - [STDERR_REDIRECT] [Fatal Error] :1:1: Premature end of file.
2025-08-07 02:45:09,463 [ERROR] LogOutputStream:75 - [STDERR_REDIRECT] 
2025-08-07 02:45:10,473 [ERROR] LogOutputStream:75 - [STDERR_REDIRECT] [Fatal Error] :1:1: Premature end of file.
2025-08-07 02:45:10,473 [ERROR] LogOutputStream:75 - [STDERR_REDIRECT] 
2025-08-07 02:45:11,462 [ERROR] LogOutputStream:75 - [STDERR_REDIRECT] [Fatal Error] :1:1: Premature end of file.
2025-08-07 02:45:11,462 [ERROR] LogOutputStream:75 - [STDERR_REDIRECT] 
2025-08-07 02:45:12,466 [ERROR] LogOutputStream:75 - [STDERR_REDIRECT] [Fatal Error] :1:1: Premature end of file.
2025-08-07 02:45:12,466 [ERROR] LogOutputStream:75 - [STDERR_REDIRECT] 
2025-08-07 02:45:13,471 [ERROR] LogOutputStream:75 - [STDERR_REDIRECT] [Fatal Error] :1:1: Premature end of file.
2025-08-07 02:45:13,471 [ERROR] LogOutputStream:75 - [STDERR_REDIRECT] 
2025-08-07 02:45:14,470 [ERROR] LogOutputStream:75 - [STDERR_REDIRECT] [Fatal Error] :1:1: Premature end of file.
2025-08-07 02:45:14,470 [ERROR] LogOutputStream:75 - [STDERR_REDIRECT] 
2025-08-07 02:45:15,481 [ERROR] LogOutputStream:75 - [STDERR_REDIRECT] [Fatal Error] :1:1: Premature end of file.
2025-08-07 02:45:15,481 [ERROR] LogOutputStream:75 - [STDERR_REDIRECT] 
2025-08-07 02:45:16,469 [ERROR] LogOutputStream:75 - [STDERR_REDIRECT] [Fatal Error] :1:1: Premature end of file.
2025-08-07 02:45:16,469 [ERROR] LogOutputStream:75 - [STDERR_REDIRECT] 
2025-08-07 02:45:17,470 [ERROR] LogOutputStream:75 - [STDERR_REDIRECT] [Fatal Error] :1:1: Premature end of file.
2025-08-07 02:45:17,470 [ERROR] LogOutputStream:75 - [STDERR_REDIRECT] 
2025-08-07 02:45:18,477 [ERROR] LogOutputStream:75 - [STDERR_REDIRECT] [Fatal Error] :1:1: Premature end of file.
2025-08-07 02:45:18,477 [ERROR] LogOutputStream:75 - [STDERR_REDIRECT] 
2025-08-07 02:45:19,464 [ERROR] LogOutputStream:75 - [STDERR_REDIRECT] [Fatal Error] :1:1: Premature end of file.
2025-08-07 02:45:19,464 [ERROR] LogOutputStream:75 - [STDERR_REDIRECT] 
2025-08-07 02:45:20,462 [ERROR] LogOutputStream:75 - [STDERR_REDIRECT] [Fatal Error] :1:1: Premature end of file.
2025-08-07 02:45:20,462 [ERROR] LogOutputStream:75 - [STDERR_REDIRECT] 
2025-08-07 02:45:21,464 [ERROR] LogOutputStream:75 - [STDERR_REDIRECT] [Fatal Error] :1:1: Premature end of file.
2025-08-07 02:45:21,464 [ERROR] LogOutputStream:75 - [STDERR_REDIRECT] 
2025-08-07 02:45:22,473 [ERROR] LogOutputStream:75 - [STDERR_REDIRECT] [Fatal Error] :1:1: Premature end of file.
2025-08-07 02:45:22,474 [ERROR] LogOutputStream:75 - [STDERR_REDIRECT] 
2025-08-07 02:45:23,485 [ERROR] LogOutputStream:75 - [STDERR_REDIRECT] [Fatal Error] :1:1: Premature end of file.
2025-08-07 02:45:23,485 [ERROR] LogOutputStream:75 - [STDERR_REDIRECT] 
2025-08-07 02:45:24,478 [ERROR] LogOutputStream:75 - [STDERR_REDIRECT] [Fatal Error] :1:1: Premature end of file.
2025-08-07 02:45:24,478 [ERROR] LogOutputStream:75 - [STDERR_REDIRECT] 
2025-08-07 02:45:25,478 [ERROR] LogOutputStream:75 - [STDERR_REDIRECT] [Fatal Error] :1:1: Premature end of file.
2025-08-07 02:45:25,478 [ERROR] LogOutputStream:75 - [STDERR_REDIRECT] 
2025-08-07 02:45:26,489 [ERROR] LogOutputStream:75 - [STDERR_REDIRECT] [Fatal Error] :1:1: Premature end of file.
2025-08-07 02:45:26,489 [ERROR] LogOutputStream:75 - [STDERR_REDIRECT] 
2025-08-07 02:45:27,501 [ERROR] LogOutputStream:75 - [STDERR_REDIRECT] [Fatal Error] :1:1: Premature end of file.
2025-08-07 02:45:27,502 [ERROR] LogOutputStream:75 - [STDERR_REDIRECT] 
2025-08-07 02:45:28,461 [ERROR] LogOutputStream:75 - [STDERR_REDIRECT] [Fatal Error] :1:1: Premature end of file.
2025-08-07 02:45:28,461 [ERROR] LogOutputStream:75 - [STDERR_REDIRECT] 
2025-08-07 02:45:29,463 [ERROR] LogOutputStream:75 - [STDERR_REDIRECT] [Fatal Error] :1:1: Premature end of file.
2025-08-07 02:45:29,463 [ERROR] LogOutputStream:75 - [STDERR_REDIRECT] 
2025-08-07 02:45:30,475 [ERROR] LogOutputStream:75 - [STDERR_REDIRECT] [Fatal Error] :1:1: Premature end of file.
2025-08-07 02:45:30,475 [ERROR] LogOutputStream:75 - [STDERR_REDIRECT] 
2025-08-07 02:45:31,550 [ERROR] LogOutputStream:75 - [STDERR_REDIRECT] [Fatal Error] :1:1: Premature end of file.
2025-08-07 02:45:31,550 [ERROR] LogOutputStream:75 - [STDERR_REDIRECT] 
2025-08-07 02:45:32,487 [ERROR] LogOutputStream:75 - [STDERR_REDIRECT] [Fatal Error] :1:1: Premature end of file.
2025-08-07 02:45:32,487 [ERROR] LogOutputStream:75 - [STDERR_REDIRECT] 
2025-08-07 02:45:33,465 [ERROR] LogOutputStream:75 - [STDERR_REDIRECT] [Fatal Error] :1:1: Premature end of file.
2025-08-07 02:45:33,465 [ERROR] LogOutputStream:75 - [STDERR_REDIRECT] 
2025-08-07 02:45:34,484 [ERROR] LogOutputStream:75 - [STDERR_REDIRECT] [Fatal Error] :1:1: Premature end of file.
2025-08-07 02:45:34,484 [ERROR] LogOutputStream:75 - [STDERR_REDIRECT] 
2025-08-07 02:45:35,469 [ERROR] LogOutputStream:75 - [STDERR_REDIRECT] [Fatal Error] :1:1: Premature end of file.
2025-08-07 02:45:35,469 [ERROR] LogOutputStream:75 - [STDERR_REDIRECT] 
2025-08-07 02:45:36,480 [ERROR] LogOutputStream:75 - [STDERR_REDIRECT] [Fatal Error] :1:1: Premature end of file.
2025-08-07 02:45:36,480 [ERROR] LogOutputStream:75 - [STDERR_REDIRECT] 
2025-08-07 02:45:37,466 [ERROR] LogOutputStream:75 - [STDERR_REDIRECT] [Fatal Error] :1:1: Premature end of file.
2025-08-07 02:45:37,466 [ERROR] LogOutputStream:75 - [STDERR_REDIRECT] 
2025-08-07 02:45:38,480 [ERROR] LogOutputStream:75 - [STDERR_REDIRECT] [Fatal Error] :1:1: Premature end of file.
2025-08-07 02:45:38,480 [ERROR] LogOutputStream:75 - [STDERR_REDIRECT] 
2025-08-07 02:45:39,480 [ERROR] LogOutputStream:75 - [STDERR_REDIRECT] [Fatal Error] :1:1: Premature end of file.
2025-08-07 02:45:39,480 [ERROR] LogOutputStream:75 - [STDERR_REDIRECT] 
2025-08-07 02:45:40,465 [ERROR] LogOutputStream:75 - [STDERR_REDIRECT] [Fatal Error] :1:1: Premature end of file.
2025-08-07 02:45:40,465 [ERROR] LogOutputStream:75 - [STDERR_REDIRECT] 
2025-08-07 02:45:41,464 [ERROR] LogOutputStream:75 - [STDERR_REDIRECT] [Fatal Error] :1:1: Premature end of file.
2025-08-07 02:45:41,464 [ERROR] LogOutputStream:75 - [STDERR_REDIRECT] 
2025-08-07 02:45:42,467 [ERROR] LogOutputStream:75 - [STDERR_REDIRECT] [Fatal Error] :1:1: Premature end of file.
2025-08-07 02:45:42,467 [ERROR] LogOutputStream:75 - [STDERR_REDIRECT] 
2025-08-07 02:45:43,468 [ERROR] LogOutputStream:75 - [STDERR_REDIRECT] [Fatal Error] :1:1: Premature end of file.
2025-08-07 02:45:43,468 [ERROR] LogOutputStream:75 - [STDERR_REDIRECT] 
2025-08-07 02:45:44,478 [ERROR] LogOutputStream:75 - [STDERR_REDIRECT] [Fatal Error] :1:1: Premature end of file.
2025-08-07 02:45:44,478 [ERROR] LogOutputStream:75 - [STDERR_REDIRECT] 
2025-08-07 02:45:45,473 [ERROR] LogOutputStream:75 - [STDERR_REDIRECT] [Fatal Error] :1:1: Premature end of file.
2025-08-07 02:45:45,474 [ERROR] LogOutputStream:75 - [STDERR_REDIRECT] 
2025-08-07 02:45:46,465 [ERROR] LogOutputStream:75 - [STDERR_REDIRECT] [Fatal Error] :1:1: Premature end of file.
2025-08-07 02:45:46,465 [ERROR] LogOutputStream:75 - [STDERR_REDIRECT] 
2025-08-07 02:45:47,471 [ERROR] LogOutputStream:75 - [STDERR_REDIRECT] [Fatal Error] :1:1: Premature end of file.
2025-08-07 02:45:47,471 [ERROR] LogOutputStream:75 - [STDERR_REDIRECT] 
2025-08-07 02:45:48,679 [ERROR] LogOutputStream:75 - [STDERR_REDIRECT] [Fatal Error] :1:1: Premature end of file.
2025-08-07 02:45:48,680 [ERROR] LogOutputStream:75 - [STDERR_REDIRECT] 
2025-08-07 02:45:50,102 [ERROR] LogOutputStream:75 - [STDERR_REDIRECT] [Fatal Error] :1:1: Premature end of file.
2025-08-07 02:45:50,102 [ERROR] LogOutputStream:75 - [STDERR_REDIRECT] 
2025-08-07 02:45:50,655 [ERROR] LogOutputStream:75 - [STDERR_REDIRECT] [Fatal Error] :1:1: Premature end of file.
2025-08-07 02:45:50,655 [ERROR] LogOutputStream:75 - [STDERR_REDIRECT] 
2025-08-07 02:45:51,047 [INFO] WebApp:194 - Connection lost
2025-08-07 02:45:51,279 [INFO] WebApp:191 - Connection restablished
2025-08-07 02:45:51,493 [ERROR] LogOutputStream:75 - [STDERR_REDIRECT] [Fatal Error] :1:1: Premature end of file.
2025-08-07 02:45:51,493 [ERROR] LogOutputStream:75 - [STDERR_REDIRECT] 
2025-08-07 02:45:52,629 [ERROR] LogOutputStream:75 - [STDERR_REDIRECT] [Fatal Error] :1:1: Premature end of file.
2025-08-07 02:45:52,629 [ERROR] LogOutputStream:75 - [STDERR_REDIRECT] 
2025-08-07 02:45:53,497 [ERROR] LogOutputStream:75 - [STDERR_REDIRECT] [Fatal Error] :1:1: Premature end of file.
2025-08-07 02:45:53,497 [ERROR] LogOutputStream:75 - [STDERR_REDIRECT] 
2025-08-07 02:45:53,915 [INFO] WebApp:194 - Connection lost
2025-08-07 02:45:54,083 [INFO] WebApp:191 - Connection restablished
2025-08-07 02:45:54,468 [ERROR] LogOutputStream:75 - [STDERR_REDIRECT] [Fatal Error] :1:1: Premature end of file.
2025-08-07 02:45:54,469 [ERROR] LogOutputStream:75 - [STDERR_REDIRECT] 
2025-08-07 02:45:55,674 [ERROR] LogOutputStream:75 - [STDERR_REDIRECT] [Fatal Error] :1:1: Premature end of file.
2025-08-07 02:45:55,675 [ERROR] LogOutputStream:75 - [STDERR_REDIRECT] 
2025-08-07 02:45:56,480 [ERROR] LogOutputStream:75 - [STDERR_REDIRECT] [Fatal Error] :1:1: Premature end of file.
2025-08-07 02:45:56,480 [ERROR] LogOutputStream:75 - [STDERR_REDIRECT] 
2025-08-07 02:45:57,465 [ERROR] LogOutputStream:75 - [STDERR_REDIRECT] [Fatal Error] :1:1: Premature end of file.
2025-08-07 02:45:57,465 [ERROR] LogOutputStream:75 - [STDERR_REDIRECT] 
2025-08-07 02:45:58,464 [ERROR] LogOutputStream:75 - [STDERR_REDIRECT] [Fatal Error] :1:1: Premature end of file.
2025-08-07 02:45:58,464 [ERROR] LogOutputStream:75 - [STDERR_REDIRECT] 
2025-08-07 02:45:59,490 [ERROR] LogOutputStream:75 - [STDERR_REDIRECT] [Fatal Error] :1:1: Premature end of file.
2025-08-07 02:45:59,490 [ERROR] LogOutputStream:75 - [STDERR_REDIRECT] 
2025-08-07 02:46:00,471 [ERROR] LogOutputStream:75 - [STDERR_REDIRECT] [Fatal Error] :1:1: Premature end of file.
2025-08-07 02:46:00,471 [ERROR] LogOutputStream:75 - [STDERR_REDIRECT] 
2025-08-07 02:46:01,496 [ERROR] LogOutputStream:75 - [STDERR_REDIRECT] [Fatal Error] :1:1: Premature end of file.
2025-08-07 02:46:01,497 [ERROR] LogOutputStream:75 - [STDERR_REDIRECT] 
2025-08-07 02:46:02,486 [ERROR] LogOutputStream:75 - [STDERR_REDIRECT] [Fatal Error] :1:1: Premature end of file.
2025-08-07 02:46:02,486 [ERROR] LogOutputStream:75 - [STDERR_REDIRECT] 
2025-08-07 02:46:03,467 [ERROR] LogOutputStream:75 - [STDERR_REDIRECT] [Fatal Error] :1:1: Premature end of file.
2025-08-07 02:46:03,468 [ERROR] LogOutputStream:75 - [STDERR_REDIRECT] 
2025-08-07 02:46:04,480 [ERROR] LogOutputStream:75 - [STDERR_REDIRECT] [Fatal Error] :1:1: Premature end of file.
2025-08-07 02:46:04,480 [ERROR] LogOutputStream:75 - [STDERR_REDIRECT] 
2025-08-07 02:46:05,478 [ERROR] LogOutputStream:75 - [STDERR_REDIRECT] [Fatal Error] :1:1: Premature end of file.
2025-08-07 02:46:05,478 [ERROR] LogOutputStream:75 - [STDERR_REDIRECT] 
2025-08-07 02:46:06,531 [ERROR] LogOutputStream:75 - [STDERR_REDIRECT] [Fatal Error] :1:1: Premature end of file.
2025-08-07 02:46:06,531 [ERROR] LogOutputStream:75 - [STDERR_REDIRECT] 
2025-08-07 02:46:07,583 [ERROR] LogOutputStream:75 - [STDERR_REDIRECT] [Fatal Error] :1:1: Premature end of file.
2025-08-07 02:46:07,585 [ERROR] LogOutputStream:75 - [STDERR_REDIRECT] 
2025-08-07 02:46:08,472 [ERROR] LogOutputStream:75 - [STDERR_REDIRECT] [Fatal Error] :1:1: Premature end of file.
2025-08-07 02:46:08,472 [ERROR] LogOutputStream:75 - [STDERR_REDIRECT] 
2025-08-07 02:46:09,469 [ERROR] LogOutputStream:75 - [STDERR_REDIRECT] [Fatal Error] :1:1: Premature end of file.
2025-08-07 02:46:09,471 [ERROR] LogOutputStream:75 - [STDERR_REDIRECT] 
2025-08-07 02:46:10,474 [ERROR] LogOutputStream:75 - [STDERR_REDIRECT] [Fatal Error] :1:1: Premature end of file.
2025-08-07 02:46:10,474 [ERROR] LogOutputStream:75 - [STDERR_REDIRECT] 
2025-08-07 02:46:11,479 [ERROR] LogOutputStream:75 - [STDERR_REDIRECT] [Fatal Error] :1:1: Premature end of file.
2025-08-07 02:46:11,480 [ERROR] LogOutputStream:75 - [STDERR_REDIRECT] 
2025-08-07 02:46:12,464 [ERROR] LogOutputStream:75 - [STDERR_REDIRECT] [Fatal Error] :1:1: Premature end of file.
2025-08-07 02:46:12,464 [ERROR] LogOutputStream:75 - [STDERR_REDIRECT] 
2025-08-07 02:46:13,471 [ERROR] LogOutputStream:75 - [STDERR_REDIRECT] [Fatal Error] :1:1: Premature end of file.
2025-08-07 02:46:13,471 [ERROR] LogOutputStream:75 - [STDERR_REDIRECT] 
2025-08-07 02:46:14,528 [ERROR] LogOutputStream:75 - [STDERR_REDIRECT] [Fatal Error] :1:1: Premature end of file.
2025-08-07 02:46:14,528 [ERROR] LogOutputStream:75 - [STDERR_REDIRECT] 
2025-08-07 02:46:15,471 [ERROR] LogOutputStream:75 - [STDERR_REDIRECT] [Fatal Error] :1:1: Premature end of file.
2025-08-07 02:46:15,471 [ERROR] LogOutputStream:75 - [STDERR_REDIRECT] 
2025-08-07 02:46:16,464 [ERROR] LogOutputStream:75 - [STDERR_REDIRECT] [Fatal Error] :1:1: Premature end of file.
2025-08-07 02:46:16,464 [ERROR] LogOutputStream:75 - [STDERR_REDIRECT] 
2025-08-07 02:46:17,514 [ERROR] LogOutputStream:75 - [STDERR_REDIRECT] [Fatal Error] :1:1: Premature end of file.
2025-08-07 02:46:17,514 [ERROR] LogOutputStream:75 - [STDERR_REDIRECT] 
2025-08-07 02:46:18,499 [ERROR] LogOutputStream:75 - [STDERR_REDIRECT] [Fatal Error] :1:1: Premature end of file.
2025-08-07 02:46:18,500 [ERROR] LogOutputStream:75 - [STDERR_REDIRECT] 
2025-08-07 02:46:19,477 [ERROR] LogOutputStream:75 - [STDERR_REDIRECT] [Fatal Error] :1:1: Premature end of file.
2025-08-07 02:46:19,477 [ERROR] LogOutputStream:75 - [STDERR_REDIRECT] 
2025-08-07 02:46:20,467 [ERROR] LogOutputStream:75 - [STDERR_REDIRECT] [Fatal Error] :1:1: Premature end of file.
2025-08-07 02:46:20,467 [ERROR] LogOutputStream:75 - [STDERR_REDIRECT] 
2025-08-07 02:46:21,477 [ERROR] LogOutputStream:75 - [STDERR_REDIRECT] [Fatal Error] :1:1: Premature end of file.
2025-08-07 02:46:21,478 [ERROR] LogOutputStream:75 - [STDERR_REDIRECT] 
2025-08-07 02:46:22,472 [ERROR] LogOutputStream:75 - [STDERR_REDIRECT] [Fatal Error] :1:1: Premature end of file.
2025-08-07 02:46:22,472 [ERROR] LogOutputStream:75 - [STDERR_REDIRECT] 
2025-08-07 02:46:23,462 [ERROR] LogOutputStream:75 - [STDERR_REDIRECT] [Fatal Error] :1:1: Premature end of file.
2025-08-07 02:46:23,462 [ERROR] LogOutputStream:75 - [STDERR_REDIRECT] 
2025-08-07 02:46:24,467 [ERROR] LogOutputStream:75 - [STDERR_REDIRECT] [Fatal Error] :1:1: Premature end of file.
2025-08-07 02:46:24,468 [ERROR] LogOutputStream:75 - [STDERR_REDIRECT] 
2025-08-07 02:46:25,493 [ERROR] LogOutputStream:75 - [STDERR_REDIRECT] [Fatal Error] :1:1: Premature end of file.
2025-08-07 02:46:25,493 [ERROR] LogOutputStream:75 - [STDERR_REDIRECT] 
2025-08-07 02:46:26,468 [ERROR] LogOutputStream:75 - [STDERR_REDIRECT] [Fatal Error] :1:1: Premature end of file.
2025-08-07 02:46:26,468 [ERROR] LogOutputStream:75 - [STDERR_REDIRECT] 
2025-08-07 02:46:27,468 [ERROR] LogOutputStream:75 - [STDERR_REDIRECT] [Fatal Error] :1:1: Premature end of file.
2025-08-07 02:46:27,468 [ERROR] LogOutputStream:75 - [STDERR_REDIRECT] 
2025-08-07 02:46:28,473 [ERROR] LogOutputStream:75 - [STDERR_REDIRECT] [Fatal Error] :1:1: Premature end of file.
2025-08-07 02:46:28,473 [ERROR] LogOutputStream:75 - [STDERR_REDIRECT] 
2025-08-07 02:46:29,472 [ERROR] LogOutputStream:75 - [STDERR_REDIRECT] [Fatal Error] :1:1: Premature end of file.
2025-08-07 02:46:29,472 [ERROR] LogOutputStream:75 - [STDERR_REDIRECT] 
2025-08-07 02:46:30,462 [ERROR] LogOutputStream:75 - [STDERR_REDIRECT] [Fatal Error] :1:1: Premature end of file.
2025-08-07 02:46:30,462 [ERROR] LogOutputStream:75 - [STDERR_REDIRECT] 
2025-08-07 02:46:31,483 [ERROR] LogOutputStream:75 - [STDERR_REDIRECT] [Fatal Error] :1:1: Premature end of file.
2025-08-07 02:46:31,483 [ERROR] LogOutputStream:75 - [STDERR_REDIRECT] 
2025-08-07 02:46:32,459 [ERROR] LogOutputStream:75 - [STDERR_REDIRECT] [Fatal Error] :1:1: Premature end of file.
2025-08-07 02:46:32,459 [ERROR] LogOutputStream:75 - [STDERR_REDIRECT] 
2025-08-07 02:46:33,467 [ERROR] LogOutputStream:75 - [STDERR_REDIRECT] [Fatal Error] :1:1: Premature end of file.
2025-08-07 02:46:33,467 [ERROR] LogOutputStream:75 - [STDERR_REDIRECT] 
2025-08-07 02:46:34,459 [ERROR] LogOutputStream:75 - [STDERR_REDIRECT] [Fatal Error] :1:1: Premature end of file.
2025-08-07 02:46:34,459 [ERROR] LogOutputStream:75 - [STDERR_REDIRECT] 
2025-08-07 02:46:35,465 [ERROR] LogOutputStream:75 - [STDERR_REDIRECT] [Fatal Error] :1:1: Premature end of file.
2025-08-07 02:46:35,465 [ERROR] LogOutputStream:75 - [STDERR_REDIRECT] 
2025-08-07 02:46:36,464 [ERROR] LogOutputStream:75 - [STDERR_REDIRECT] [Fatal Error] :1:1: Premature end of file.
2025-08-07 02:46:36,464 [ERROR] LogOutputStream:75 - [STDERR_REDIRECT] 
2025-08-07 02:46:37,469 [ERROR] LogOutputStream:75 - [STDERR_REDIRECT] [Fatal Error] :1:1: Premature end of file.
2025-08-07 02:46:37,469 [ERROR] LogOutputStream:75 - [STDERR_REDIRECT] 
2025-08-07 02:46:38,466 [ERROR] LogOutputStream:75 - [STDERR_REDIRECT] [Fatal Error] :1:1: Premature end of file.
2025-08-07 02:46:38,466 [ERROR] LogOutputStream:75 - [STDERR_REDIRECT] 
2025-08-07 02:46:39,463 [ERROR] LogOutputStream:75 - [STDERR_REDIRECT] [Fatal Error] :1:1: Premature end of file.
2025-08-07 02:46:39,463 [ERROR] LogOutputStream:75 - [STDERR_REDIRECT] 
2025-08-07 02:46:40,455 [ERROR] LogOutputStream:75 - [STDERR_REDIRECT] [Fatal Error] :1:1: Premature end of file.
2025-08-07 02:46:40,455 [ERROR] LogOutputStream:75 - [STDERR_REDIRECT] 
2025-08-07 02:46:41,463 [ERROR] LogOutputStream:75 - [STDERR_REDIRECT] [Fatal Error] :1:1: Premature end of file.
2025-08-07 02:46:41,463 [ERROR] LogOutputStream:75 - [STDERR_REDIRECT] 
2025-08-07 02:46:42,459 [ERROR] LogOutputStream:75 - [STDERR_REDIRECT] [Fatal Error] :1:1: Premature end of file.
2025-08-07 02:46:42,459 [ERROR] LogOutputStream:75 - [STDERR_REDIRECT] 
2025-08-07 02:46:43,466 [ERROR] LogOutputStream:75 - [STDERR_REDIRECT] [Fatal Error] :1:1: Premature end of file.
2025-08-07 02:46:43,466 [ERROR] LogOutputStream:75 - [STDERR_REDIRECT] 
2025-08-07 02:46:44,464 [ERROR] LogOutputStream:75 - [STDERR_REDIRECT] [Fatal Error] :1:1: Premature end of file.
2025-08-07 02:46:44,464 [ERROR] LogOutputStream:75 - [STDERR_REDIRECT] 
2025-08-07 02:46:45,467 [ERROR] LogOutputStream:75 - [STDERR_REDIRECT] [Fatal Error] :1:1: Premature end of file.
2025-08-07 02:46:45,467 [ERROR] LogOutputStream:75 - [STDERR_REDIRECT] 
2025-08-07 02:46:46,465 [ERROR] LogOutputStream:75 - [STDERR_REDIRECT] [Fatal Error] :1:1: Premature end of file.
2025-08-07 02:46:46,465 [ERROR] LogOutputStream:75 - [STDERR_REDIRECT] 
2025-08-07 02:46:47,461 [ERROR] LogOutputStream:75 - [STDERR_REDIRECT] [Fatal Error] :1:1: Premature end of file.
2025-08-07 02:46:47,461 [ERROR] LogOutputStream:75 - [STDERR_REDIRECT] 
2025-08-07 02:46:48,467 [ERROR] LogOutputStream:75 - [STDERR_REDIRECT] [Fatal Error] :1:1: Premature end of file.
2025-08-07 02:46:48,467 [ERROR] LogOutputStream:75 - [STDERR_REDIRECT] 
2025-08-07 02:46:49,465 [ERROR] LogOutputStream:75 - [STDERR_REDIRECT] [Fatal Error] :1:1: Premature end of file.
2025-08-07 02:46:49,465 [ERROR] LogOutputStream:75 - [STDERR_REDIRECT] 
2025-08-07 02:46:50,465 [ERROR] LogOutputStream:75 - [STDERR_REDIRECT] [Fatal Error] :1:1: Premature end of file.
2025-08-07 02:46:50,465 [ERROR] LogOutputStream:75 - [STDERR_REDIRECT] 
2025-08-07 02:46:51,469 [ERROR] LogOutputStream:75 - [STDERR_REDIRECT] [Fatal Error] :1:1: Premature end of file.
2025-08-07 02:46:51,469 [ERROR] LogOutputStream:75 - [STDERR_REDIRECT] 
2025-08-07 02:46:52,471 [ERROR] LogOutputStream:75 - [STDERR_REDIRECT] [Fatal Error] :1:1: Premature end of file.
2025-08-07 02:46:52,471 [ERROR] LogOutputStream:75 - [STDERR_REDIRECT] 
2025-08-07 02:46:53,478 [ERROR] LogOutputStream:75 - [STDERR_REDIRECT] [Fatal Error] :1:1: Premature end of file.
2025-08-07 02:46:53,478 [ERROR] LogOutputStream:75 - [STDERR_REDIRECT] 
2025-08-07 02:46:54,472 [ERROR] LogOutputStream:75 - [STDERR_REDIRECT] [Fatal Error] :1:1: Premature end of file.
2025-08-07 02:46:54,472 [ERROR] LogOutputStream:75 - [STDERR_REDIRECT] 
2025-08-07 02:46:55,484 [ERROR] LogOutputStream:75 - [STDERR_REDIRECT] [Fatal Error] :1:1: Premature end of file.
2025-08-07 02:46:55,484 [ERROR] LogOutputStream:75 - [STDERR_REDIRECT] 
2025-08-07 02:46:56,464 [ERROR] LogOutputStream:75 - [STDERR_REDIRECT] [Fatal Error] :1:1: Premature end of file.
2025-08-07 02:46:56,464 [ERROR] LogOutputStream:75 - [STDERR_REDIRECT] 
2025-08-07 02:46:57,462 [ERROR] LogOutputStream:75 - [STDERR_REDIRECT] [Fatal Error] :1:1: Premature end of file.
2025-08-07 02:46:57,462 [ERROR] LogOutputStream:75 - [STDERR_REDIRECT] 
2025-08-07 02:46:58,462 [ERROR] LogOutputStream:75 - [STDERR_REDIRECT] [Fatal Error] :1:1: Premature end of file.
2025-08-07 02:46:58,462 [ERROR] LogOutputStream:75 - [STDERR_REDIRECT] 
2025-08-07 02:46:59,497 [ERROR] LogOutputStream:75 - [STDERR_REDIRECT] [Fatal Error] :1:1: Premature end of file.
2025-08-07 02:46:59,497 [ERROR] LogOutputStream:75 - [STDERR_REDIRECT] 
2025-08-07 02:47:00,548 [ERROR] LogOutputStream:75 - [STDERR_REDIRECT] [Fatal Error] :1:1: Premature end of file.
2025-08-07 02:47:00,548 [ERROR] LogOutputStream:75 - [STDERR_REDIRECT] 
2025-08-07 02:47:01,485 [ERROR] LogOutputStream:75 - [STDERR_REDIRECT] [Fatal Error] :1:1: Premature end of file.
2025-08-07 02:47:01,486 [ERROR] LogOutputStream:75 - [STDERR_REDIRECT] 
2025-08-07 02:47:02,501 [ERROR] LogOutputStream:75 - [STDERR_REDIRECT] [Fatal Error] :1:1: Premature end of file.
2025-08-07 02:47:02,502 [ERROR] LogOutputStream:75 - [STDERR_REDIRECT] 
2025-08-07 02:47:03,485 [ERROR] LogOutputStream:75 - [STDERR_REDIRECT] [Fatal Error] :1:1: Premature end of file.
2025-08-07 02:47:03,485 [ERROR] LogOutputStream:75 - [STDERR_REDIRECT] 
2025-08-07 02:47:04,462 [ERROR] LogOutputStream:75 - [STDERR_REDIRECT] [Fatal Error] :1:1: Premature end of file.
2025-08-07 02:47:04,462 [ERROR] LogOutputStream:75 - [STDERR_REDIRECT] 
2025-08-07 02:47:05,456 [ERROR] LogOutputStream:75 - [STDERR_REDIRECT] [Fatal Error] :1:1: Premature end of file.
2025-08-07 02:47:05,457 [ERROR] LogOutputStream:75 - [STDERR_REDIRECT] 
2025-08-07 02:47:06,461 [ERROR] LogOutputStream:75 - [STDERR_REDIRECT] [Fatal Error] :1:1: Premature end of file.
2025-08-07 02:47:06,462 [ERROR] LogOutputStream:75 - [STDERR_REDIRECT] 
2025-08-07 02:47:07,494 [ERROR] LogOutputStream:75 - [STDERR_REDIRECT] [Fatal Error] :1:1: Premature end of file.
2025-08-07 02:47:07,494 [ERROR] LogOutputStream:75 - [STDERR_REDIRECT] 
2025-08-07 02:47:08,533 [ERROR] LogOutputStream:75 - [STDERR_REDIRECT] [Fatal Error] :1:1: Premature end of file.
2025-08-07 02:47:08,533 [ERROR] LogOutputStream:75 - [STDERR_REDIRECT] 
2025-08-07 02:47:09,466 [ERROR] LogOutputStream:75 - [STDERR_REDIRECT] [Fatal Error] :1:1: Premature end of file.
2025-08-07 02:47:09,466 [ERROR] LogOutputStream:75 - [STDERR_REDIRECT] 
2025-08-07 02:47:10,458 [ERROR] LogOutputStream:75 - [STDERR_REDIRECT] [Fatal Error] :1:1: Premature end of file.
2025-08-07 02:47:10,458 [ERROR] LogOutputStream:75 - [STDERR_REDIRECT] 
2025-08-07 02:47:11,463 [ERROR] LogOutputStream:75 - [STDERR_REDIRECT] [Fatal Error] :1:1: Premature end of file.
2025-08-07 02:47:11,463 [ERROR] LogOutputStream:75 - [STDERR_REDIRECT] 
2025-08-07 02:47:12,479 [ERROR] LogOutputStream:75 - [STDERR_REDIRECT] [Fatal Error] :1:1: Premature end of file.
2025-08-07 02:47:12,480 [ERROR] LogOutputStream:75 - [STDERR_REDIRECT] 
2025-08-07 02:47:13,461 [ERROR] LogOutputStream:75 - [STDERR_REDIRECT] [Fatal Error] :1:1: Premature end of file.
2025-08-07 02:47:13,461 [ERROR] LogOutputStream:75 - [STDERR_REDIRECT] 
2025-08-07 02:47:14,472 [ERROR] LogOutputStream:75 - [STDERR_REDIRECT] [Fatal Error] :1:1: Premature end of file.
2025-08-07 02:47:14,472 [ERROR] LogOutputStream:75 - [STDERR_REDIRECT] 
2025-08-07 02:47:15,463 [ERROR] LogOutputStream:75 - [STDERR_REDIRECT] [Fatal Error] :1:1: Premature end of file.
2025-08-07 02:47:15,463 [ERROR] LogOutputStream:75 - [STDERR_REDIRECT] 
2025-08-07 02:47:16,467 [ERROR] LogOutputStream:75 - [STDERR_REDIRECT] [Fatal Error] :1:1: Premature end of file.
2025-08-07 02:47:16,467 [ERROR] LogOutputStream:75 - [STDERR_REDIRECT] 
2025-08-07 02:47:17,491 [ERROR] LogOutputStream:75 - [STDERR_REDIRECT] [Fatal Error] :1:1: Premature end of file.
2025-08-07 02:47:17,491 [ERROR] LogOutputStream:75 - [STDERR_REDIRECT] 
2025-08-07 02:47:18,477 [ERROR] LogOutputStream:75 - [STDERR_REDIRECT] [Fatal Error] :1:1: Premature end of file.
2025-08-07 02:47:18,477 [ERROR] LogOutputStream:75 - [STDERR_REDIRECT] 
2025-08-07 02:47:19,475 [ERROR] LogOutputStream:75 - [STDERR_REDIRECT] [Fatal Error] :1:1: Premature end of file.
2025-08-07 02:47:19,475 [ERROR] LogOutputStream:75 - [STDERR_REDIRECT] 
2025-08-07 02:47:20,472 [ERROR] LogOutputStream:75 - [STDERR_REDIRECT] [Fatal Error] :1:1: Premature end of file.
2025-08-07 02:47:20,472 [ERROR] LogOutputStream:75 - [STDERR_REDIRECT] 
2025-08-07 02:47:21,468 [ERROR] LogOutputStream:75 - [STDERR_REDIRECT] [Fatal Error] :1:1: Premature end of file.
2025-08-07 02:47:21,468 [ERROR] LogOutputStream:75 - [STDERR_REDIRECT] 
2025-08-07 02:47:22,471 [ERROR] LogOutputStream:75 - [STDERR_REDIRECT] [Fatal Error] :1:1: Premature end of file.
2025-08-07 02:47:22,472 [ERROR] LogOutputStream:75 - [STDERR_REDIRECT] 
2025-08-07 02:47:23,464 [ERROR] LogOutputStream:75 - [STDERR_REDIRECT] [Fatal Error] :1:1: Premature end of file.
2025-08-07 02:47:23,464 [ERROR] LogOutputStream:75 - [STDERR_REDIRECT] 
2025-08-07 02:47:24,462 [ERROR] LogOutputStream:75 - [STDERR_REDIRECT] [Fatal Error] :1:1: Premature end of file.
2025-08-07 02:47:24,462 [ERROR] LogOutputStream:75 - [STDERR_REDIRECT] 
2025-08-07 02:47:25,467 [ERROR] LogOutputStream:75 - [STDERR_REDIRECT] [Fatal Error] :1:1: Premature end of file.
2025-08-07 02:47:25,467 [ERROR] LogOutputStream:75 - [STDERR_REDIRECT] 
2025-08-07 02:47:26,460 [ERROR] LogOutputStream:75 - [STDERR_REDIRECT] [Fatal Error] :1:1: Premature end of file.
2025-08-07 02:47:26,460 [ERROR] LogOutputStream:75 - [STDERR_REDIRECT] 
2025-08-07 02:47:27,487 [ERROR] LogOutputStream:75 - [STDERR_REDIRECT] [Fatal Error] :1:1: Premature end of file.
2025-08-07 02:47:27,487 [ERROR] LogOutputStream:75 - [STDERR_REDIRECT] 
2025-08-07 02:47:28,466 [ERROR] LogOutputStream:75 - [STDERR_REDIRECT] [Fatal Error] :1:1: Premature end of file.
2025-08-07 02:47:28,466 [ERROR] LogOutputStream:75 - [STDERR_REDIRECT] 
2025-08-07 02:47:29,476 [ERROR] LogOutputStream:75 - [STDERR_REDIRECT] [Fatal Error] :1:1: Premature end of file.
2025-08-07 02:47:29,476 [ERROR] LogOutputStream:75 - [STDERR_REDIRECT] 
2025-08-07 02:47:30,471 [ERROR] LogOutputStream:75 - [STDERR_REDIRECT] [Fatal Error] :1:1: Premature end of file.
2025-08-07 02:47:30,471 [ERROR] LogOutputStream:75 - [STDERR_REDIRECT] 
2025-08-07 02:47:31,500 [ERROR] LogOutputStream:75 - [STDERR_REDIRECT] [Fatal Error] :1:1: Premature end of file.
2025-08-07 02:47:31,500 [ERROR] LogOutputStream:75 - [STDERR_REDIRECT] 
2025-08-07 02:47:32,464 [ERROR] LogOutputStream:75 - [STDERR_REDIRECT] [Fatal Error] :1:1: Premature end of file.
2025-08-07 02:47:32,465 [ERROR] LogOutputStream:75 - [STDERR_REDIRECT] 
2025-08-07 02:47:33,472 [ERROR] LogOutputStream:75 - [STDERR_REDIRECT] [Fatal Error] :1:1: Premature end of file.
2025-08-07 02:47:33,473 [ERROR] LogOutputStream:75 - [STDERR_REDIRECT] 
2025-08-07 02:47:34,464 [ERROR] LogOutputStream:75 - [STDERR_REDIRECT] [Fatal Error] :1:1: Premature end of file.
2025-08-07 02:47:34,464 [ERROR] LogOutputStream:75 - [STDERR_REDIRECT] 
2025-08-07 02:47:35,471 [ERROR] LogOutputStream:75 - [STDERR_REDIRECT] [Fatal Error] :1:1: Premature end of file.
2025-08-07 02:47:35,471 [ERROR] LogOutputStream:75 - [STDERR_REDIRECT] 
2025-08-07 02:47:36,462 [ERROR] LogOutputStream:75 - [STDERR_REDIRECT] [Fatal Error] :1:1: Premature end of file.
2025-08-07 02:47:36,463 [ERROR] LogOutputStream:75 - [STDERR_REDIRECT] 
2025-08-07 02:47:37,465 [ERROR] LogOutputStream:75 - [STDERR_REDIRECT] [Fatal Error] :1:1: Premature end of file.
2025-08-07 02:47:37,465 [ERROR] LogOutputStream:75 - [STDERR_REDIRECT] 
2025-08-07 02:47:38,472 [ERROR] LogOutputStream:75 - [STDERR_REDIRECT] [Fatal Error] :1:1: Premature end of file.
2025-08-07 02:47:38,473 [ERROR] LogOutputStream:75 - [STDERR_REDIRECT] 
2025-08-07 02:47:39,461 [ERROR] LogOutputStream:75 - [STDERR_REDIRECT] [Fatal Error] :1:1: Premature end of file.
2025-08-07 02:47:39,461 [ERROR] LogOutputStream:75 - [STDERR_REDIRECT] 
2025-08-07 02:47:40,473 [ERROR] LogOutputStream:75 - [STDERR_REDIRECT] [Fatal Error] :1:1: Premature end of file.
2025-08-07 02:47:40,473 [ERROR] LogOutputStream:75 - [STDERR_REDIRECT] 
2025-08-07 02:47:41,461 [ERROR] LogOutputStream:75 - [STDERR_REDIRECT] [Fatal Error] :1:1: Premature end of file.
2025-08-07 02:47:41,461 [ERROR] LogOutputStream:75 - [STDERR_REDIRECT] 
2025-08-07 02:47:42,474 [ERROR] LogOutputStream:75 - [STDERR_REDIRECT] [Fatal Error] :1:1: Premature end of file.
2025-08-07 02:47:42,474 [ERROR] LogOutputStream:75 - [STDERR_REDIRECT] 
2025-08-07 02:47:43,488 [ERROR] LogOutputStream:75 - [STDERR_REDIRECT] [Fatal Error] :1:1: Premature end of file.
2025-08-07 02:47:43,488 [ERROR] LogOutputStream:75 - [STDERR_REDIRECT] 
2025-08-07 02:47:44,462 [ERROR] LogOutputStream:75 - [STDERR_REDIRECT] [Fatal Error] :1:1: Premature end of file.
2025-08-07 02:47:44,462 [ERROR] LogOutputStream:75 - [STDERR_REDIRECT] 
2025-08-07 02:47:45,467 [ERROR] LogOutputStream:75 - [STDERR_REDIRECT] [Fatal Error] :1:1: Premature end of file.
2025-08-07 02:47:45,467 [ERROR] LogOutputStream:75 - [STDERR_REDIRECT] 
2025-08-07 02:47:46,471 [ERROR] LogOutputStream:75 - [STDERR_REDIRECT] [Fatal Error] :1:1: Premature end of file.
2025-08-07 02:47:46,471 [ERROR] LogOutputStream:75 - [STDERR_REDIRECT] 
2025-08-07 02:47:47,464 [ERROR] LogOutputStream:75 - [STDERR_REDIRECT] [Fatal Error] :1:1: Premature end of file.
2025-08-07 02:47:47,464 [ERROR] LogOutputStream:75 - [STDERR_REDIRECT] 
2025-08-07 02:47:48,481 [ERROR] LogOutputStream:75 - [STDERR_REDIRECT] [Fatal Error] :1:1: Premature end of file.
2025-08-07 02:47:48,481 [ERROR] LogOutputStream:75 - [STDERR_REDIRECT] 
2025-08-07 02:47:49,463 [ERROR] LogOutputStream:75 - [STDERR_REDIRECT] [Fatal Error] :1:1: Premature end of file.
2025-08-07 02:47:49,463 [ERROR] LogOutputStream:75 - [STDERR_REDIRECT] 
2025-08-07 02:47:50,457 [ERROR] LogOutputStream:75 - [STDERR_REDIRECT] [Fatal Error] :1:1: Premature end of file.
2025-08-07 02:47:50,457 [ERROR] LogOutputStream:75 - [STDERR_REDIRECT] 
2025-08-07 02:47:51,472 [ERROR] LogOutputStream:75 - [STDERR_REDIRECT] [Fatal Error] :1:1: Premature end of file.
2025-08-07 02:47:51,472 [ERROR] LogOutputStream:75 - [STDERR_REDIRECT] 
2025-08-07 02:47:52,473 [ERROR] LogOutputStream:75 - [STDERR_REDIRECT] [Fatal Error] :1:1: Premature end of file.
2025-08-07 02:47:52,473 [ERROR] LogOutputStream:75 - [STDERR_REDIRECT] 
2025-08-07 02:47:53,474 [ERROR] LogOutputStream:75 - [STDERR_REDIRECT] [Fatal Error] :1:1: Premature end of file.
2025-08-07 02:47:53,475 [ERROR] LogOutputStream:75 - [STDERR_REDIRECT] 
2025-08-07 02:47:54,486 [ERROR] LogOutputStream:75 - [STDERR_REDIRECT] [Fatal Error] :1:1: Premature end of file.
2025-08-07 02:47:54,486 [ERROR] LogOutputStream:75 - [STDERR_REDIRECT] 
2025-08-07 02:47:55,499 [ERROR] LogOutputStream:75 - [STDERR_REDIRECT] [Fatal Error] :1:1: Premature end of file.
2025-08-07 02:47:55,499 [ERROR] LogOutputStream:75 - [STDERR_REDIRECT] 
2025-08-07 02:47:56,473 [ERROR] LogOutputStream:75 - [STDERR_REDIRECT] [Fatal Error] :1:1: Premature end of file.
2025-08-07 02:47:56,473 [ERROR] LogOutputStream:75 - [STDERR_REDIRECT] 
2025-08-07 02:47:57,467 [ERROR] LogOutputStream:75 - [STDERR_REDIRECT] [Fatal Error] :1:1: Premature end of file.
2025-08-07 02:47:57,467 [ERROR] LogOutputStream:75 - [STDERR_REDIRECT] 
2025-08-07 02:47:58,466 [ERROR] LogOutputStream:75 - [STDERR_REDIRECT] [Fatal Error] :1:1: Premature end of file.
2025-08-07 02:47:58,466 [ERROR] LogOutputStream:75 - [STDERR_REDIRECT] 
2025-08-07 02:47:59,467 [ERROR] LogOutputStream:75 - [STDERR_REDIRECT] [Fatal Error] :1:1: Premature end of file.
2025-08-07 02:47:59,467 [ERROR] LogOutputStream:75 - [STDERR_REDIRECT] 
2025-08-07 02:48:00,469 [ERROR] LogOutputStream:75 - [STDERR_REDIRECT] [Fatal Error] :1:1: Premature end of file.
2025-08-07 02:48:00,469 [ERROR] LogOutputStream:75 - [STDERR_REDIRECT] 
2025-08-07 02:48:01,540 [ERROR] LogOutputStream:75 - [STDERR_REDIRECT] [Fatal Error] :1:1: Premature end of file.
2025-08-07 02:48:01,540 [ERROR] LogOutputStream:75 - [STDERR_REDIRECT] 
2025-08-07 02:48:02,467 [ERROR] LogOutputStream:75 - [STDERR_REDIRECT] [Fatal Error] :1:1: Premature end of file.
2025-08-07 02:48:02,467 [ERROR] LogOutputStream:75 - [STDERR_REDIRECT] 
2025-08-07 02:48:03,517 [ERROR] LogOutputStream:75 - [STDERR_REDIRECT] [Fatal Error] :1:1: Premature end of file.
2025-08-07 02:48:03,517 [ERROR] LogOutputStream:75 - [STDERR_REDIRECT] 
2025-08-07 02:48:04,467 [ERROR] LogOutputStream:75 - [STDERR_REDIRECT] [Fatal Error] :1:1: Premature end of file.
2025-08-07 02:48:04,467 [ERROR] LogOutputStream:75 - [STDERR_REDIRECT] 
2025-08-07 02:48:05,467 [ERROR] LogOutputStream:75 - [STDERR_REDIRECT] [Fatal Error] :1:1: Premature end of file.
2025-08-07 02:48:05,467 [ERROR] LogOutputStream:75 - [STDERR_REDIRECT] 
2025-08-07 02:48:06,470 [ERROR] LogOutputStream:75 - [STDERR_REDIRECT] [Fatal Error] :1:1: Premature end of file.
2025-08-07 02:48:06,471 [ERROR] LogOutputStream:75 - [STDERR_REDIRECT] 
2025-08-07 02:48:07,482 [ERROR] LogOutputStream:75 - [STDERR_REDIRECT] [Fatal Error] :1:1: Premature end of file.
2025-08-07 02:48:07,482 [ERROR] LogOutputStream:75 - [STDERR_REDIRECT] 
2025-08-07 02:48:08,474 [ERROR] LogOutputStream:75 - [STDERR_REDIRECT] [Fatal Error] :1:1: Premature end of file.
2025-08-07 02:48:08,474 [ERROR] LogOutputStream:75 - [STDERR_REDIRECT] 
2025-08-07 02:48:09,486 [ERROR] LogOutputStream:75 - [STDERR_REDIRECT] [Fatal Error] :1:1: Premature end of file.
2025-08-07 02:48:09,486 [ERROR] LogOutputStream:75 - [STDERR_REDIRECT] 
2025-08-07 02:48:10,540 [ERROR] LogOutputStream:75 - [STDERR_REDIRECT] [Fatal Error] :1:1: Premature end of file.
2025-08-07 02:48:10,540 [ERROR] LogOutputStream:75 - [STDERR_REDIRECT] 
2025-08-07 02:48:11,494 [ERROR] LogOutputStream:75 - [STDERR_REDIRECT] [Fatal Error] :1:1: Premature end of file.
2025-08-07 02:48:11,494 [ERROR] LogOutputStream:75 - [STDERR_REDIRECT] 
2025-08-07 02:48:12,461 [ERROR] LogOutputStream:75 - [STDERR_REDIRECT] [Fatal Error] :1:1: Premature end of file.
2025-08-07 02:48:12,461 [ERROR] LogOutputStream:75 - [STDERR_REDIRECT] 
2025-08-07 02:48:13,469 [ERROR] LogOutputStream:75 - [STDERR_REDIRECT] [Fatal Error] :1:1: Premature end of file.
2025-08-07 02:48:13,469 [ERROR] LogOutputStream:75 - [STDERR_REDIRECT] 
2025-08-07 02:48:14,491 [ERROR] LogOutputStream:75 - [STDERR_REDIRECT] [Fatal Error] :1:1: Premature end of file.
2025-08-07 02:48:14,491 [ERROR] LogOutputStream:75 - [STDERR_REDIRECT] 
2025-08-07 02:48:15,497 [ERROR] LogOutputStream:75 - [STDERR_REDIRECT] [Fatal Error] :1:1: Premature end of file.
2025-08-07 02:48:15,497 [ERROR] LogOutputStream:75 - [STDERR_REDIRECT] 
2025-08-07 02:48:16,471 [ERROR] LogOutputStream:75 - [STDERR_REDIRECT] [Fatal Error] :1:1: Premature end of file.
2025-08-07 02:48:16,471 [ERROR] LogOutputStream:75 - [STDERR_REDIRECT] 
2025-08-07 02:48:17,523 [ERROR] LogOutputStream:75 - [STDERR_REDIRECT] [Fatal Error] :1:1: Premature end of file.
2025-08-07 02:48:17,524 [ERROR] LogOutputStream:75 - [STDERR_REDIRECT] 
2025-08-07 02:48:18,467 [ERROR] LogOutputStream:75 - [STDERR_REDIRECT] [Fatal Error] :1:1: Premature end of file.
2025-08-07 02:48:18,467 [ERROR] LogOutputStream:75 - [STDERR_REDIRECT] 
2025-08-07 02:48:19,473 [ERROR] LogOutputStream:75 - [STDERR_REDIRECT] [Fatal Error] :1:1: Premature end of file.
2025-08-07 02:48:19,473 [ERROR] LogOutputStream:75 - [STDERR_REDIRECT] 
2025-08-07 02:48:20,466 [ERROR] LogOutputStream:75 - [STDERR_REDIRECT] [Fatal Error] :1:1: Premature end of file.
2025-08-07 02:48:20,466 [ERROR] LogOutputStream:75 - [STDERR_REDIRECT] 
2025-08-07 02:48:21,472 [ERROR] LogOutputStream:75 - [STDERR_REDIRECT] [Fatal Error] :1:1: Premature end of file.
2025-08-07 02:48:21,472 [ERROR] LogOutputStream:75 - [STDERR_REDIRECT] 
2025-08-07 02:48:22,471 [ERROR] LogOutputStream:75 - [STDERR_REDIRECT] [Fatal Error] :1:1: Premature end of file.
2025-08-07 02:48:22,471 [ERROR] LogOutputStream:75 - [STDERR_REDIRECT] 
2025-08-07 02:48:23,463 [ERROR] LogOutputStream:75 - [STDERR_REDIRECT] [Fatal Error] :1:1: Premature end of file.
2025-08-07 02:48:23,463 [ERROR] LogOutputStream:75 - [STDERR_REDIRECT] 
2025-08-07 02:48:24,469 [ERROR] LogOutputStream:75 - [STDERR_REDIRECT] [Fatal Error] :1:1: Premature end of file.
2025-08-07 02:48:24,469 [ERROR] LogOutputStream:75 - [STDERR_REDIRECT] 
2025-08-07 02:48:25,466 [ERROR] LogOutputStream:75 - [STDERR_REDIRECT] [Fatal Error] :1:1: Premature end of file.
2025-08-07 02:48:25,466 [ERROR] LogOutputStream:75 - [STDERR_REDIRECT] 
2025-08-07 02:48:26,621 [ERROR] LogOutputStream:75 - [STDERR_REDIRECT] [Fatal Error] :1:1: Premature end of file.
2025-08-07 02:48:26,621 [ERROR] LogOutputStream:75 - [STDERR_REDIRECT] 
2025-08-07 02:48:27,482 [ERROR] LogOutputStream:75 - [STDERR_REDIRECT] [Fatal Error] :1:1: Premature end of file.
2025-08-07 02:48:27,482 [ERROR] LogOutputStream:75 - [STDERR_REDIRECT] 
2025-08-07 02:48:28,483 [ERROR] LogOutputStream:75 - [STDERR_REDIRECT] [Fatal Error] :1:1: Premature end of file.
2025-08-07 02:48:28,483 [ERROR] LogOutputStream:75 - [STDERR_REDIRECT] 
2025-08-07 02:48:29,469 [ERROR] LogOutputStream:75 - [STDERR_REDIRECT] [Fatal Error] :1:1: Premature end of file.
2025-08-07 02:48:29,471 [ERROR] LogOutputStream:75 - [STDERR_REDIRECT] 
2025-08-07 02:48:30,468 [ERROR] LogOutputStream:75 - [STDERR_REDIRECT] [Fatal Error] :1:1: Premature end of file.
2025-08-07 02:48:30,468 [ERROR] LogOutputStream:75 - [STDERR_REDIRECT] 
2025-08-07 02:48:31,473 [ERROR] LogOutputStream:75 - [STDERR_REDIRECT] [Fatal Error] :1:1: Premature end of file.
2025-08-07 02:48:31,473 [ERROR] LogOutputStream:75 - [STDERR_REDIRECT] 
2025-08-07 02:48:32,468 [ERROR] LogOutputStream:75 - [STDERR_REDIRECT] [Fatal Error] :1:1: Premature end of file.
2025-08-07 02:48:32,469 [ERROR] LogOutputStream:75 - [STDERR_REDIRECT] 
2025-08-07 02:48:33,469 [ERROR] LogOutputStream:75 - [STDERR_REDIRECT] [Fatal Error] :1:1: Premature end of file.
2025-08-07 02:48:33,469 [ERROR] LogOutputStream:75 - [STDERR_REDIRECT] 
2025-08-07 02:48:34,498 [ERROR] LogOutputStream:75 - [STDERR_REDIRECT] [Fatal Error] :1:1: Premature end of file.
2025-08-07 02:48:34,498 [ERROR] LogOutputStream:75 - [STDERR_REDIRECT] 
2025-08-07 02:48:35,473 [ERROR] LogOutputStream:75 - [STDERR_REDIRECT] [Fatal Error] :1:1: Premature end of file.
2025-08-07 02:48:35,473 [ERROR] LogOutputStream:75 - [STDERR_REDIRECT] 
2025-08-07 02:48:36,463 [ERROR] LogOutputStream:75 - [STDERR_REDIRECT] [Fatal Error] :1:1: Premature end of file.
2025-08-07 02:48:36,463 [ERROR] LogOutputStream:75 - [STDERR_REDIRECT] 
2025-08-07 02:48:37,459 [ERROR] LogOutputStream:75 - [STDERR_REDIRECT] [Fatal Error] :1:1: Premature end of file.
2025-08-07 02:48:37,459 [ERROR] LogOutputStream:75 - [STDERR_REDIRECT] 
2025-08-07 02:48:38,473 [ERROR] LogOutputStream:75 - [STDERR_REDIRECT] [Fatal Error] :1:1: Premature end of file.
2025-08-07 02:48:38,473 [ERROR] LogOutputStream:75 - [STDERR_REDIRECT] 
2025-08-07 02:48:39,466 [ERROR] LogOutputStream:75 - [STDERR_REDIRECT] [Fatal Error] :1:1: Premature end of file.
2025-08-07 02:48:39,466 [ERROR] LogOutputStream:75 - [STDERR_REDIRECT] 
2025-08-07 02:48:40,472 [ERROR] LogOutputStream:75 - [STDERR_REDIRECT] [Fatal Error] :1:1: Premature end of file.
2025-08-07 02:48:40,472 [ERROR] LogOutputStream:75 - [STDERR_REDIRECT] 
2025-08-07 02:48:41,539 [ERROR] LogOutputStream:75 - [STDERR_REDIRECT] [Fatal Error] :1:1: Premature end of file.
2025-08-07 02:48:41,539 [ERROR] LogOutputStream:75 - [STDERR_REDIRECT] 
2025-08-07 02:48:42,499 [ERROR] LogOutputStream:75 - [STDERR_REDIRECT] [Fatal Error] :1:1: Premature end of file.
2025-08-07 02:48:42,499 [ERROR] LogOutputStream:75 - [STDERR_REDIRECT] 
2025-08-07 02:48:43,467 [ERROR] LogOutputStream:75 - [STDERR_REDIRECT] [Fatal Error] :1:1: Premature end of file.
2025-08-07 02:48:43,467 [ERROR] LogOutputStream:75 - [STDERR_REDIRECT] 
2025-08-07 02:48:44,472 [ERROR] LogOutputStream:75 - [STDERR_REDIRECT] [Fatal Error] :1:1: Premature end of file.
2025-08-07 02:48:44,472 [ERROR] LogOutputStream:75 - [STDERR_REDIRECT] 
2025-08-07 02:48:45,458 [ERROR] LogOutputStream:75 - [STDERR_REDIRECT] [Fatal Error] :1:1: Premature end of file.
2025-08-07 02:48:45,458 [ERROR] LogOutputStream:75 - [STDERR_REDIRECT] 
2025-08-07 02:48:46,487 [ERROR] LogOutputStream:75 - [STDERR_REDIRECT] [Fatal Error] :1:1: Premature end of file.
2025-08-07 02:48:46,487 [ERROR] LogOutputStream:75 - [STDERR_REDIRECT] 
2025-08-07 02:48:47,472 [ERROR] LogOutputStream:75 - [STDERR_REDIRECT] [Fatal Error] :1:1: Premature end of file.
2025-08-07 02:48:47,472 [ERROR] LogOutputStream:75 - [STDERR_REDIRECT] 
2025-08-07 02:48:48,490 [ERROR] LogOutputStream:75 - [STDERR_REDIRECT] [Fatal Error] :1:1: Premature end of file.
2025-08-07 02:48:48,490 [ERROR] LogOutputStream:75 - [STDERR_REDIRECT] 
2025-08-07 02:48:49,494 [ERROR] LogOutputStream:75 - [STDERR_REDIRECT] [Fatal Error] :1:1: Premature end of file.
2025-08-07 02:48:49,494 [ERROR] LogOutputStream:75 - [STDERR_REDIRECT] 
2025-08-07 02:48:50,464 [ERROR] LogOutputStream:75 - [STDERR_REDIRECT] [Fatal Error] :1:1: Premature end of file.
2025-08-07 02:48:50,464 [ERROR] LogOutputStream:75 - [STDERR_REDIRECT] 
2025-08-07 02:48:51,478 [ERROR] LogOutputStream:75 - [STDERR_REDIRECT] [Fatal Error] :1:1: Premature end of file.
2025-08-07 02:48:51,479 [ERROR] LogOutputStream:75 - [STDERR_REDIRECT] 
2025-08-07 02:48:52,468 [ERROR] LogOutputStream:75 - [STDERR_REDIRECT] [Fatal Error] :1:1: Premature end of file.
2025-08-07 02:48:52,468 [ERROR] LogOutputStream:75 - [STDERR_REDIRECT] 
2025-08-07 02:48:53,462 [ERROR] LogOutputStream:75 - [STDERR_REDIRECT] [Fatal Error] :1:1: Premature end of file.
2025-08-07 02:48:53,462 [ERROR] LogOutputStream:75 - [STDERR_REDIRECT] 
2025-08-07 02:48:54,464 [ERROR] LogOutputStream:75 - [STDERR_REDIRECT] [Fatal Error] :1:1: Premature end of file.
2025-08-07 02:48:54,464 [ERROR] LogOutputStream:75 - [STDERR_REDIRECT] 
2025-08-07 02:48:55,464 [ERROR] LogOutputStream:75 - [STDERR_REDIRECT] [Fatal Error] :1:1: Premature end of file.
2025-08-07 02:48:55,464 [ERROR] LogOutputStream:75 - [STDERR_REDIRECT] 
2025-08-07 02:48:56,499 [ERROR] LogOutputStream:75 - [STDERR_REDIRECT] [Fatal Error] :1:1: Premature end of file.
2025-08-07 02:48:56,499 [ERROR] LogOutputStream:75 - [STDERR_REDIRECT] 
2025-08-07 02:48:57,463 [ERROR] LogOutputStream:75 - [STDERR_REDIRECT] [Fatal Error] :1:1: Premature end of file.
2025-08-07 02:48:57,463 [ERROR] LogOutputStream:75 - [STDERR_REDIRECT] 
2025-08-07 02:48:58,476 [ERROR] LogOutputStream:75 - [STDERR_REDIRECT] [Fatal Error] :1:1: Premature end of file.
2025-08-07 02:48:58,476 [ERROR] LogOutputStream:75 - [STDERR_REDIRECT] 
2025-08-07 02:48:59,472 [ERROR] LogOutputStream:75 - [STDERR_REDIRECT] [Fatal Error] :1:1: Premature end of file.
2025-08-07 02:48:59,473 [ERROR] LogOutputStream:75 - [STDERR_REDIRECT] 
2025-08-07 02:49:00,456 [ERROR] LogOutputStream:75 - [STDERR_REDIRECT] [Fatal Error] :1:1: Premature end of file.
2025-08-07 02:49:00,456 [ERROR] LogOutputStream:75 - [STDERR_REDIRECT] 
2025-08-07 02:49:01,464 [ERROR] LogOutputStream:75 - [STDERR_REDIRECT] [Fatal Error] :1:1: Premature end of file.
2025-08-07 02:49:01,464 [ERROR] LogOutputStream:75 - [STDERR_REDIRECT] 
2025-08-07 02:49:02,457 [ERROR] LogOutputStream:75 - [STDERR_REDIRECT] [Fatal Error] :1:1: Premature end of file.
2025-08-07 02:49:02,457 [ERROR] LogOutputStream:75 - [STDERR_REDIRECT] 
2025-08-07 02:49:03,483 [ERROR] LogOutputStream:75 - [STDERR_REDIRECT] [Fatal Error] :1:1: Premature end of file.
2025-08-07 02:49:03,483 [ERROR] LogOutputStream:75 - [STDERR_REDIRECT] 
2025-08-07 02:49:04,479 [ERROR] LogOutputStream:75 - [STDERR_REDIRECT] [Fatal Error] :1:1: Premature end of file.
2025-08-07 02:49:04,479 [ERROR] LogOutputStream:75 - [STDERR_REDIRECT] 
2025-08-07 02:49:05,482 [ERROR] LogOutputStream:75 - [STDERR_REDIRECT] [Fatal Error] :1:1: Premature end of file.
2025-08-07 02:49:05,482 [ERROR] LogOutputStream:75 - [STDERR_REDIRECT] 
2025-08-07 02:49:06,472 [ERROR] LogOutputStream:75 - [STDERR_REDIRECT] [Fatal Error] :1:1: Premature end of file.
2025-08-07 02:49:06,472 [ERROR] LogOutputStream:75 - [STDERR_REDIRECT] 
2025-08-07 02:49:07,463 [ERROR] LogOutputStream:75 - [STDERR_REDIRECT] [Fatal Error] :1:1: Premature end of file.
2025-08-07 02:49:07,463 [ERROR] LogOutputStream:75 - [STDERR_REDIRECT] 
2025-08-07 02:49:08,469 [ERROR] LogOutputStream:75 - [STDERR_REDIRECT] [Fatal Error] :1:1: Premature end of file.
2025-08-07 02:49:08,469 [ERROR] LogOutputStream:75 - [STDERR_REDIRECT] 
2025-08-07 02:49:09,513 [ERROR] LogOutputStream:75 - [STDERR_REDIRECT] [Fatal Error] :1:1: Premature end of file.
2025-08-07 02:49:09,513 [ERROR] LogOutputStream:75 - [STDERR_REDIRECT] 
2025-08-07 02:49:10,467 [ERROR] LogOutputStream:75 - [STDERR_REDIRECT] [Fatal Error] :1:1: Premature end of file.
2025-08-07 02:49:10,467 [ERROR] LogOutputStream:75 - [STDERR_REDIRECT] 
2025-08-07 02:49:11,471 [ERROR] LogOutputStream:75 - [STDERR_REDIRECT] [Fatal Error] :1:1: Premature end of file.
2025-08-07 02:49:11,471 [ERROR] LogOutputStream:75 - [STDERR_REDIRECT] 
2025-08-07 02:49:12,468 [ERROR] LogOutputStream:75 - [STDERR_REDIRECT] [Fatal Error] :1:1: Premature end of file.
2025-08-07 02:49:12,468 [ERROR] LogOutputStream:75 - [STDERR_REDIRECT] 
2025-08-07 02:49:13,461 [ERROR] LogOutputStream:75 - [STDERR_REDIRECT] [Fatal Error] :1:1: Premature end of file.
2025-08-07 02:49:13,461 [ERROR] LogOutputStream:75 - [STDERR_REDIRECT] 
2025-08-07 02:49:14,464 [ERROR] LogOutputStream:75 - [STDERR_REDIRECT] [Fatal Error] :1:1: Premature end of file.
2025-08-07 02:49:14,464 [ERROR] LogOutputStream:75 - [STDERR_REDIRECT] 
2025-08-07 02:49:15,464 [ERROR] LogOutputStream:75 - [STDERR_REDIRECT] [Fatal Error] :1:1: Premature end of file.
2025-08-07 02:49:15,464 [ERROR] LogOutputStream:75 - [STDERR_REDIRECT] 
2025-08-07 02:49:16,464 [ERROR] LogOutputStream:75 - [STDERR_REDIRECT] [Fatal Error] :1:1: Premature end of file.
2025-08-07 02:49:16,464 [ERROR] LogOutputStream:75 - [STDERR_REDIRECT] 
2025-08-07 02:49:17,470 [ERROR] LogOutputStream:75 - [STDERR_REDIRECT] [Fatal Error] :1:1: Premature end of file.
2025-08-07 02:49:17,470 [ERROR] LogOutputStream:75 - [STDERR_REDIRECT] 
2025-08-07 02:49:18,458 [ERROR] LogOutputStream:75 - [STDERR_REDIRECT] [Fatal Error] :1:1: Premature end of file.
2025-08-07 02:49:18,458 [ERROR] LogOutputStream:75 - [STDERR_REDIRECT] 
2025-08-07 02:49:19,466 [ERROR] LogOutputStream:75 - [STDERR_REDIRECT] [Fatal Error] :1:1: Premature end of file.
2025-08-07 02:49:19,466 [ERROR] LogOutputStream:75 - [STDERR_REDIRECT] 
2025-08-07 02:49:20,461 [ERROR] LogOutputStream:75 - [STDERR_REDIRECT] [Fatal Error] :1:1: Premature end of file.
2025-08-07 02:49:20,461 [ERROR] LogOutputStream:75 - [STDERR_REDIRECT] 
2025-08-07 02:49:21,466 [ERROR] LogOutputStream:75 - [STDERR_REDIRECT] [Fatal Error] :1:1: Premature end of file.
2025-08-07 02:49:21,466 [ERROR] LogOutputStream:75 - [STDERR_REDIRECT] 
2025-08-07 02:49:22,483 [ERROR] LogOutputStream:75 - [STDERR_REDIRECT] [Fatal Error] :1:1: Premature end of file.
2025-08-07 02:49:22,484 [ERROR] LogOutputStream:75 - [STDERR_REDIRECT] 
2025-08-07 02:49:23,466 [ERROR] LogOutputStream:75 - [STDERR_REDIRECT] [Fatal Error] :1:1: Premature end of file.
2025-08-07 02:49:23,466 [ERROR] LogOutputStream:75 - [STDERR_REDIRECT] 
2025-08-07 02:49:24,457 [ERROR] LogOutputStream:75 - [STDERR_REDIRECT] [Fatal Error] :1:1: Premature end of file.
2025-08-07 02:49:24,457 [ERROR] LogOutputStream:75 - [STDERR_REDIRECT] 
2025-08-07 02:49:25,464 [ERROR] LogOutputStream:75 - [STDERR_REDIRECT] [Fatal Error] :1:1: Premature end of file.
2025-08-07 02:49:25,464 [ERROR] LogOutputStream:75 - [STDERR_REDIRECT] 
2025-08-07 02:49:26,460 [ERROR] LogOutputStream:75 - [STDERR_REDIRECT] [Fatal Error] :1:1: Premature end of file.
2025-08-07 02:49:26,460 [ERROR] LogOutputStream:75 - [STDERR_REDIRECT] 
2025-08-07 02:49:27,467 [ERROR] LogOutputStream:75 - [STDERR_REDIRECT] [Fatal Error] :1:1: Premature end of file.
2025-08-07 02:49:27,467 [ERROR] LogOutputStream:75 - [STDERR_REDIRECT] 
2025-08-07 02:49:28,472 [ERROR] LogOutputStream:75 - [STDERR_REDIRECT] [Fatal Error] :1:1: Premature end of file.
2025-08-07 02:49:28,472 [ERROR] LogOutputStream:75 - [STDERR_REDIRECT] 
2025-08-07 02:49:29,467 [ERROR] LogOutputStream:75 - [STDERR_REDIRECT] [Fatal Error] :1:1: Premature end of file.
2025-08-07 02:49:29,467 [ERROR] LogOutputStream:75 - [STDERR_REDIRECT] 
2025-08-07 02:49:30,467 [ERROR] LogOutputStream:75 - [STDERR_REDIRECT] [Fatal Error] :1:1: Premature end of file.
2025-08-07 02:49:30,467 [ERROR] LogOutputStream:75 - [STDERR_REDIRECT] 
2025-08-07 02:49:31,464 [ERROR] LogOutputStream:75 - [STDERR_REDIRECT] [Fatal Error] :1:1: Premature end of file.
2025-08-07 02:49:31,464 [ERROR] LogOutputStream:75 - [STDERR_REDIRECT] 
2025-08-07 02:49:32,460 [ERROR] LogOutputStream:75 - [STDERR_REDIRECT] [Fatal Error] :1:1: Premature end of file.
2025-08-07 02:49:32,460 [ERROR] LogOutputStream:75 - [STDERR_REDIRECT] 
2025-08-07 02:49:33,459 [ERROR] LogOutputStream:75 - [STDERR_REDIRECT] [Fatal Error] :1:1: Premature end of file.
2025-08-07 02:49:33,459 [ERROR] LogOutputStream:75 - [STDERR_REDIRECT] 
2025-08-07 02:49:34,465 [ERROR] LogOutputStream:75 - [STDERR_REDIRECT] [Fatal Error] :1:1: Premature end of file.
2025-08-07 02:49:34,465 [ERROR] LogOutputStream:75 - [STDERR_REDIRECT] 
2025-08-07 02:49:35,465 [ERROR] LogOutputStream:75 - [STDERR_REDIRECT] [Fatal Error] :1:1: Premature end of file.
2025-08-07 02:49:35,465 [ERROR] LogOutputStream:75 - [STDERR_REDIRECT] 
2025-08-07 02:49:36,473 [ERROR] LogOutputStream:75 - [STDERR_REDIRECT] [Fatal Error] :1:1: Premature end of file.
2025-08-07 02:49:36,473 [ERROR] LogOutputStream:75 - [STDERR_REDIRECT] 
2025-08-07 02:49:37,466 [ERROR] LogOutputStream:75 - [STDERR_REDIRECT] [Fatal Error] :1:1: Premature end of file.
2025-08-07 02:49:37,466 [ERROR] LogOutputStream:75 - [STDERR_REDIRECT] 
2025-08-07 02:49:38,468 [ERROR] LogOutputStream:75 - [STDERR_REDIRECT] [Fatal Error] :1:1: Premature end of file.
2025-08-07 02:49:38,468 [ERROR] LogOutputStream:75 - [STDERR_REDIRECT] 
2025-08-07 02:49:39,457 [ERROR] LogOutputStream:75 - [STDERR_REDIRECT] [Fatal Error] :1:1: Premature end of file.
2025-08-07 02:49:39,457 [ERROR] LogOutputStream:75 - [STDERR_REDIRECT] 
2025-08-07 02:49:40,464 [ERROR] LogOutputStream:75 - [STDERR_REDIRECT] [Fatal Error] :1:1: Premature end of file.
2025-08-07 02:49:40,464 [ERROR] LogOutputStream:75 - [STDERR_REDIRECT] 
2025-08-07 02:49:41,462 [ERROR] LogOutputStream:75 - [STDERR_REDIRECT] [Fatal Error] :1:1: Premature end of file.
2025-08-07 02:49:41,462 [ERROR] LogOutputStream:75 - [STDERR_REDIRECT] 
2025-08-07 02:49:42,492 [ERROR] LogOutputStream:75 - [STDERR_REDIRECT] [Fatal Error] :1:1: Premature end of file.
2025-08-07 02:49:42,492 [ERROR] LogOutputStream:75 - [STDERR_REDIRECT] 
2025-08-07 02:49:43,464 [ERROR] LogOutputStream:75 - [STDERR_REDIRECT] [Fatal Error] :1:1: Premature end of file.
2025-08-07 02:49:43,464 [ERROR] LogOutputStream:75 - [STDERR_REDIRECT] 
2025-08-07 02:49:44,467 [ERROR] LogOutputStream:75 - [STDERR_REDIRECT] [Fatal Error] :1:1: Premature end of file.
2025-08-07 02:49:44,467 [ERROR] LogOutputStream:75 - [STDERR_REDIRECT] 
2025-08-07 02:49:45,468 [ERROR] LogOutputStream:75 - [STDERR_REDIRECT] [Fatal Error] :1:1: Premature end of file.
2025-08-07 02:49:45,468 [ERROR] LogOutputStream:75 - [STDERR_REDIRECT] 
2025-08-07 02:49:46,467 [ERROR] LogOutputStream:75 - [STDERR_REDIRECT] [Fatal Error] :1:1: Premature end of file.
2025-08-07 02:49:46,467 [ERROR] LogOutputStream:75 - [STDERR_REDIRECT] 
2025-08-07 02:49:47,460 [ERROR] LogOutputStream:75 - [STDERR_REDIRECT] [Fatal Error] :1:1: Premature end of file.
2025-08-07 02:49:47,460 [ERROR] LogOutputStream:75 - [STDERR_REDIRECT] 
2025-08-07 02:49:48,467 [ERROR] LogOutputStream:75 - [STDERR_REDIRECT] [Fatal Error] :1:1: Premature end of file.
2025-08-07 02:49:48,467 [ERROR] LogOutputStream:75 - [STDERR_REDIRECT] 
2025-08-07 02:49:49,459 [ERROR] LogOutputStream:75 - [STDERR_REDIRECT] [Fatal Error] :1:1: Premature end of file.
2025-08-07 02:49:49,459 [ERROR] LogOutputStream:75 - [STDERR_REDIRECT] 
2025-08-07 02:49:50,467 [ERROR] LogOutputStream:75 - [STDERR_REDIRECT] [Fatal Error] :1:1: Premature end of file.
2025-08-07 02:49:50,467 [ERROR] LogOutputStream:75 - [STDERR_REDIRECT] 
2025-08-07 02:49:51,460 [ERROR] LogOutputStream:75 - [STDERR_REDIRECT] [Fatal Error] :1:1: Premature end of file.
2025-08-07 02:49:51,460 [ERROR] LogOutputStream:75 - [STDERR_REDIRECT] 
2025-08-07 02:49:52,465 [ERROR] LogOutputStream:75 - [STDERR_REDIRECT] [Fatal Error] :1:1: Premature end of file.
2025-08-07 02:49:52,465 [ERROR] LogOutputStream:75 - [STDERR_REDIRECT] 
2025-08-07 02:49:53,479 [ERROR] LogOutputStream:75 - [STDERR_REDIRECT] [Fatal Error] :1:1: Premature end of file.
2025-08-07 02:49:53,479 [ERROR] LogOutputStream:75 - [STDERR_REDIRECT] 
2025-08-07 02:49:54,463 [ERROR] LogOutputStream:75 - [STDERR_REDIRECT] [Fatal Error] :1:1: Premature end of file.
2025-08-07 02:49:54,463 [ERROR] LogOutputStream:75 - [STDERR_REDIRECT] 
2025-08-07 02:49:55,471 [ERROR] LogOutputStream:75 - [STDERR_REDIRECT] [Fatal Error] :1:1: Premature end of file.
2025-08-07 02:49:55,471 [ERROR] LogOutputStream:75 - [STDERR_REDIRECT] 
2025-08-07 02:49:56,464 [ERROR] LogOutputStream:75 - [STDERR_REDIRECT] [Fatal Error] :1:1: Premature end of file.
2025-08-07 02:49:56,464 [ERROR] LogOutputStream:75 - [STDERR_REDIRECT] 
2025-08-07 02:49:57,464 [ERROR] LogOutputStream:75 - [STDERR_REDIRECT] [Fatal Error] :1:1: Premature end of file.
2025-08-07 02:49:57,464 [ERROR] LogOutputStream:75 - [STDERR_REDIRECT] 
2025-08-07 02:49:58,454 [ERROR] LogOutputStream:75 - [STDERR_REDIRECT] [Fatal Error] :1:1: Premature end of file.
2025-08-07 02:49:58,456 [ERROR] LogOutputStream:75 - [STDERR_REDIRECT] 
2025-08-07 02:49:59,463 [ERROR] LogOutputStream:75 - [STDERR_REDIRECT] [Fatal Error] :1:1: Premature end of file.
2025-08-07 02:49:59,464 [ERROR] LogOutputStream:75 - [STDERR_REDIRECT] 
2025-08-07 02:50:00,458 [ERROR] LogOutputStream:75 - [STDERR_REDIRECT] [Fatal Error] :1:1: Premature end of file.
2025-08-07 02:50:00,458 [ERROR] LogOutputStream:75 - [STDERR_REDIRECT] 
2025-08-07 02:50:01,462 [ERROR] LogOutputStream:75 - [STDERR_REDIRECT] [Fatal Error] :1:1: Premature end of file.
2025-08-07 02:50:01,462 [ERROR] LogOutputStream:75 - [STDERR_REDIRECT] 
2025-08-07 02:50:02,457 [ERROR] LogOutputStream:75 - [STDERR_REDIRECT] [Fatal Error] :1:1: Premature end of file.
2025-08-07 02:50:02,457 [ERROR] LogOutputStream:75 - [STDERR_REDIRECT] 
2025-08-07 02:50:03,456 [ERROR] LogOutputStream:75 - [STDERR_REDIRECT] [Fatal Error] :1:1: Premature end of file.
2025-08-07 02:50:03,456 [ERROR] LogOutputStream:75 - [STDERR_REDIRECT] 
2025-08-07 02:50:04,464 [ERROR] LogOutputStream:75 - [STDERR_REDIRECT] [Fatal Error] :1:1: Premature end of file.
2025-08-07 02:50:04,464 [ERROR] LogOutputStream:75 - [STDERR_REDIRECT] 
2025-08-07 02:50:05,456 [ERROR] LogOutputStream:75 - [STDERR_REDIRECT] [Fatal Error] :1:1: Premature end of file.
2025-08-07 02:50:05,456 [ERROR] LogOutputStream:75 - [STDERR_REDIRECT] 
2025-08-07 02:50:06,481 [ERROR] LogOutputStream:75 - [STDERR_REDIRECT] [Fatal Error] :1:1: Premature end of file.
2025-08-07 02:50:06,481 [ERROR] LogOutputStream:75 - [STDERR_REDIRECT] 
2025-08-07 02:50:07,481 [ERROR] LogOutputStream:75 - [STDERR_REDIRECT] [Fatal Error] :1:1: Premature end of file.
2025-08-07 02:50:07,482 [ERROR] LogOutputStream:75 - [STDERR_REDIRECT] 
2025-08-07 02:50:08,473 [ERROR] LogOutputStream:75 - [STDERR_REDIRECT] [Fatal Error] :1:1: Premature end of file.
2025-08-07 02:50:08,473 [ERROR] LogOutputStream:75 - [STDERR_REDIRECT] 
2025-08-07 02:50:09,464 [ERROR] LogOutputStream:75 - [STDERR_REDIRECT] [Fatal Error] :1:1: Premature end of file.
2025-08-07 02:50:09,464 [ERROR] LogOutputStream:75 - [STDERR_REDIRECT] 
2025-08-07 02:50:10,458 [ERROR] LogOutputStream:75 - [STDERR_REDIRECT] [Fatal Error] :1:1: Premature end of file.
2025-08-07 02:50:10,458 [ERROR] LogOutputStream:75 - [STDERR_REDIRECT] 
2025-08-07 02:50:11,467 [ERROR] LogOutputStream:75 - [STDERR_REDIRECT] [Fatal Error] :1:1: Premature end of file.
2025-08-07 02:50:11,468 [ERROR] LogOutputStream:75 - [STDERR_REDIRECT] 
2025-08-07 02:50:12,464 [ERROR] LogOutputStream:75 - [STDERR_REDIRECT] [Fatal Error] :1:1: Premature end of file.
2025-08-07 02:50:12,464 [ERROR] LogOutputStream:75 - [STDERR_REDIRECT] 
2025-08-07 02:50:13,466 [ERROR] LogOutputStream:75 - [STDERR_REDIRECT] [Fatal Error] :1:1: Premature end of file.
2025-08-07 02:50:13,466 [ERROR] LogOutputStream:75 - [STDERR_REDIRECT] 
2025-08-07 02:50:14,460 [ERROR] LogOutputStream:75 - [STDERR_REDIRECT] [Fatal Error] :1:1: Premature end of file.
2025-08-07 02:50:14,460 [ERROR] LogOutputStream:75 - [STDERR_REDIRECT] 
2025-08-07 02:50:15,465 [ERROR] LogOutputStream:75 - [STDERR_REDIRECT] [Fatal Error] :1:1: Premature end of file.
2025-08-07 02:50:15,465 [ERROR] LogOutputStream:75 - [STDERR_REDIRECT] 
2025-08-07 02:50:16,468 [ERROR] LogOutputStream:75 - [STDERR_REDIRECT] [Fatal Error] :1:1: Premature end of file.
2025-08-07 02:50:16,468 [ERROR] LogOutputStream:75 - [STDERR_REDIRECT] 
2025-08-07 02:50:17,459 [ERROR] LogOutputStream:75 - [STDERR_REDIRECT] [Fatal Error] :1:1: Premature end of file.
2025-08-07 02:50:17,459 [ERROR] LogOutputStream:75 - [STDERR_REDIRECT] 
2025-08-07 02:50:18,465 [ERROR] LogOutputStream:75 - [STDERR_REDIRECT] [Fatal Error] :1:1: Premature end of file.
2025-08-07 02:50:18,465 [ERROR] LogOutputStream:75 - [STDERR_REDIRECT] 
2025-08-07 02:50:19,463 [ERROR] LogOutputStream:75 - [STDERR_REDIRECT] [Fatal Error] :1:1: Premature end of file.
2025-08-07 02:50:19,463 [ERROR] LogOutputStream:75 - [STDERR_REDIRECT] 
2025-08-07 02:50:20,458 [ERROR] LogOutputStream:75 - [STDERR_REDIRECT] [Fatal Error] :1:1: Premature end of file.
2025-08-07 02:50:20,458 [ERROR] LogOutputStream:75 - [STDERR_REDIRECT] 
2025-08-07 02:50:21,474 [ERROR] LogOutputStream:75 - [STDERR_REDIRECT] [Fatal Error] :1:1: Premature end of file.
2025-08-07 02:50:21,474 [ERROR] LogOutputStream:75 - [STDERR_REDIRECT] 
2025-08-07 02:50:22,462 [ERROR] LogOutputStream:75 - [STDERR_REDIRECT] [Fatal Error] :1:1: Premature end of file.
2025-08-07 02:50:22,462 [ERROR] LogOutputStream:75 - [STDERR_REDIRECT] 
2025-08-07 02:50:23,473 [ERROR] LogOutputStream:75 - [STDERR_REDIRECT] [Fatal Error] :1:1: Premature end of file.
2025-08-07 02:50:23,473 [ERROR] LogOutputStream:75 - [STDERR_REDIRECT] 
2025-08-07 02:50:24,472 [ERROR] LogOutputStream:75 - [STDERR_REDIRECT] [Fatal Error] :1:1: Premature end of file.
2025-08-07 02:50:24,472 [ERROR] LogOutputStream:75 - [STDERR_REDIRECT] 
2025-08-07 02:50:25,457 [ERROR] LogOutputStream:75 - [STDERR_REDIRECT] [Fatal Error] :1:1: Premature end of file.
2025-08-07 02:50:25,457 [ERROR] LogOutputStream:75 - [STDERR_REDIRECT] 
2025-08-07 02:50:26,467 [ERROR] LogOutputStream:75 - [STDERR_REDIRECT] [Fatal Error] :1:1: Premature end of file.
2025-08-07 02:50:26,467 [ERROR] LogOutputStream:75 - [STDERR_REDIRECT] 
2025-08-07 02:50:27,466 [ERROR] LogOutputStream:75 - [STDERR_REDIRECT] [Fatal Error] :1:1: Premature end of file.
2025-08-07 02:50:27,466 [ERROR] LogOutputStream:75 - [STDERR_REDIRECT] 
2025-08-07 02:50:28,463 [ERROR] LogOutputStream:75 - [STDERR_REDIRECT] [Fatal Error] :1:1: Premature end of file.
2025-08-07 02:50:28,463 [ERROR] LogOutputStream:75 - [STDERR_REDIRECT] 
2025-08-07 02:50:29,457 [ERROR] LogOutputStream:75 - [STDERR_REDIRECT] [Fatal Error] :1:1: Premature end of file.
2025-08-07 02:50:29,457 [ERROR] LogOutputStream:75 - [STDERR_REDIRECT] 
2025-08-07 02:50:30,466 [ERROR] LogOutputStream:75 - [STDERR_REDIRECT] [Fatal Error] :1:1: Premature end of file.
2025-08-07 02:50:30,466 [ERROR] LogOutputStream:75 - [STDERR_REDIRECT] 
2025-08-07 02:50:31,460 [ERROR] LogOutputStream:75 - [STDERR_REDIRECT] [Fatal Error] :1:1: Premature end of file.
2025-08-07 02:50:31,460 [ERROR] LogOutputStream:75 - [STDERR_REDIRECT] 
2025-08-07 02:50:32,464 [ERROR] LogOutputStream:75 - [STDERR_REDIRECT] [Fatal Error] :1:1: Premature end of file.
2025-08-07 02:50:32,464 [ERROR] LogOutputStream:75 - [STDERR_REDIRECT] 
2025-08-07 02:50:33,461 [ERROR] LogOutputStream:75 - [STDERR_REDIRECT] [Fatal Error] :1:1: Premature end of file.
2025-08-07 02:50:33,461 [ERROR] LogOutputStream:75 - [STDERR_REDIRECT] 
2025-08-07 02:50:34,464 [ERROR] LogOutputStream:75 - [STDERR_REDIRECT] [Fatal Error] :1:1: Premature end of file.
2025-08-07 02:50:34,464 [ERROR] LogOutputStream:75 - [STDERR_REDIRECT] 
2025-08-07 02:50:35,457 [ERROR] LogOutputStream:75 - [STDERR_REDIRECT] [Fatal Error] :1:1: Premature end of file.
2025-08-07 02:50:35,457 [ERROR] LogOutputStream:75 - [STDERR_REDIRECT] 
2025-08-07 02:50:36,464 [ERROR] LogOutputStream:75 - [STDERR_REDIRECT] [Fatal Error] :1:1: Premature end of file.
2025-08-07 02:50:36,464 [ERROR] LogOutputStream:75 - [STDERR_REDIRECT] 
2025-08-07 02:50:37,464 [ERROR] LogOutputStream:75 - [STDERR_REDIRECT] [Fatal Error] :1:1: Premature end of file.
2025-08-07 02:50:37,464 [ERROR] LogOutputStream:75 - [STDERR_REDIRECT] 
2025-08-07 02:50:38,457 [ERROR] LogOutputStream:75 - [STDERR_REDIRECT] [Fatal Error] :1:1: Premature end of file.
2025-08-07 02:50:38,457 [ERROR] LogOutputStream:75 - [STDERR_REDIRECT] 
2025-08-07 02:50:39,464 [ERROR] LogOutputStream:75 - [STDERR_REDIRECT] [Fatal Error] :1:1: Premature end of file.
2025-08-07 02:50:39,464 [ERROR] LogOutputStream:75 - [STDERR_REDIRECT] 
2025-08-07 02:50:40,462 [ERROR] LogOutputStream:75 - [STDERR_REDIRECT] [Fatal Error] :1:1: Premature end of file.
2025-08-07 02:50:40,462 [ERROR] LogOutputStream:75 - [STDERR_REDIRECT] 
2025-08-07 02:50:41,473 [ERROR] LogOutputStream:75 - [STDERR_REDIRECT] [Fatal Error] :1:1: Premature end of file.
2025-08-07 02:50:41,473 [ERROR] LogOutputStream:75 - [STDERR_REDIRECT] 
2025-08-07 02:50:42,466 [ERROR] LogOutputStream:75 - [STDERR_REDIRECT] [Fatal Error] :1:1: Premature end of file.
2025-08-07 02:50:42,466 [ERROR] LogOutputStream:75 - [STDERR_REDIRECT] 
2025-08-07 02:50:43,456 [ERROR] LogOutputStream:75 - [STDERR_REDIRECT] [Fatal Error] :1:1: Premature end of file.
2025-08-07 02:50:43,456 [ERROR] LogOutputStream:75 - [STDERR_REDIRECT] 
2025-08-07 02:50:44,468 [ERROR] LogOutputStream:75 - [STDERR_REDIRECT] [Fatal Error] :1:1: Premature end of file.
2025-08-07 02:50:44,468 [ERROR] LogOutputStream:75 - [STDERR_REDIRECT] 
2025-08-07 02:50:45,465 [ERROR] LogOutputStream:75 - [STDERR_REDIRECT] [Fatal Error] :1:1: Premature end of file.
2025-08-07 02:50:45,465 [ERROR] LogOutputStream:75 - [STDERR_REDIRECT] 
2025-08-07 02:50:46,467 [ERROR] LogOutputStream:75 - [STDERR_REDIRECT] [Fatal Error] :1:1: Premature end of file.
2025-08-07 02:50:46,467 [ERROR] LogOutputStream:75 - [STDERR_REDIRECT] 
2025-08-07 02:50:47,462 [ERROR] LogOutputStream:75 - [STDERR_REDIRECT] [Fatal Error] :1:1: Premature end of file.
2025-08-07 02:50:47,462 [ERROR] LogOutputStream:75 - [STDERR_REDIRECT] 
2025-08-07 02:50:48,457 [ERROR] LogOutputStream:75 - [STDERR_REDIRECT] [Fatal Error] :1:1: Premature end of file.
2025-08-07 02:50:48,457 [ERROR] LogOutputStream:75 - [STDERR_REDIRECT] 
2025-08-07 02:50:49,466 [ERROR] LogOutputStream:75 - [STDERR_REDIRECT] [Fatal Error] :1:1: Premature end of file.
2025-08-07 02:50:49,466 [ERROR] LogOutputStream:75 - [STDERR_REDIRECT] 
2025-08-07 02:50:50,460 [ERROR] LogOutputStream:75 - [STDERR_REDIRECT] [Fatal Error] :1:1: Premature end of file.
2025-08-07 02:50:50,460 [ERROR] LogOutputStream:75 - [STDERR_REDIRECT] 
2025-08-07 02:50:51,457 [ERROR] LogOutputStream:75 - [STDERR_REDIRECT] [Fatal Error] :1:1: Premature end of file.
2025-08-07 02:50:51,457 [ERROR] LogOutputStream:75 - [STDERR_REDIRECT] 
2025-08-07 02:50:52,465 [ERROR] LogOutputStream:75 - [STDERR_REDIRECT] [Fatal Error] :1:1: Premature end of file.
2025-08-07 02:50:52,465 [ERROR] LogOutputStream:75 - [STDERR_REDIRECT] 
2025-08-07 02:50:53,465 [ERROR] LogOutputStream:75 - [STDERR_REDIRECT] [Fatal Error] :1:1: Premature end of file.
2025-08-07 02:50:53,465 [ERROR] LogOutputStream:75 - [STDERR_REDIRECT] 
2025-08-07 02:50:54,465 [ERROR] LogOutputStream:75 - [STDERR_REDIRECT] [Fatal Error] :1:1: Premature end of file.
2025-08-07 02:50:54,465 [ERROR] LogOutputStream:75 - [STDERR_REDIRECT] 
2025-08-07 02:50:55,472 [ERROR] LogOutputStream:75 - [STDERR_REDIRECT] [Fatal Error] :1:1: Premature end of file.
2025-08-07 02:50:55,472 [ERROR] LogOutputStream:75 - [STDERR_REDIRECT] 
2025-08-07 02:50:56,462 [ERROR] LogOutputStream:75 - [STDERR_REDIRECT] [Fatal Error] :1:1: Premature end of file.
2025-08-07 02:50:56,462 [ERROR] LogOutputStream:75 - [STDERR_REDIRECT] 
2025-08-07 02:50:57,474 [ERROR] LogOutputStream:75 - [STDERR_REDIRECT] [Fatal Error] :1:1: Premature end of file.
2025-08-07 02:50:57,474 [ERROR] LogOutputStream:75 - [STDERR_REDIRECT] 
2025-08-07 02:50:58,467 [ERROR] LogOutputStream:75 - [STDERR_REDIRECT] [Fatal Error] :1:1: Premature end of file.
2025-08-07 02:50:58,467 [ERROR] LogOutputStream:75 - [STDERR_REDIRECT] 
2025-08-07 02:50:59,467 [ERROR] LogOutputStream:75 - [STDERR_REDIRECT] [Fatal Error] :1:1: Premature end of file.
2025-08-07 02:50:59,467 [ERROR] LogOutputStream:75 - [STDERR_REDIRECT] 
2025-08-07 02:51:00,464 [ERROR] LogOutputStream:75 - [STDERR_REDIRECT] [Fatal Error] :1:1: Premature end of file.
2025-08-07 02:51:00,464 [ERROR] LogOutputStream:75 - [STDERR_REDIRECT] 
2025-08-07 02:51:01,463 [ERROR] LogOutputStream:75 - [STDERR_REDIRECT] [Fatal Error] :1:1: Premature end of file.
2025-08-07 02:51:01,463 [ERROR] LogOutputStream:75 - [STDERR_REDIRECT] 
2025-08-07 02:51:02,473 [ERROR] LogOutputStream:75 - [STDERR_REDIRECT] [Fatal Error] :1:1: Premature end of file.
2025-08-07 02:51:02,474 [ERROR] LogOutputStream:75 - [STDERR_REDIRECT] 
2025-08-07 02:51:03,457 [ERROR] LogOutputStream:75 - [STDERR_REDIRECT] [Fatal Error] :1:1: Premature end of file.
2025-08-07 02:51:03,457 [ERROR] LogOutputStream:75 - [STDERR_REDIRECT] 
2025-08-07 02:51:04,498 [ERROR] LogOutputStream:75 - [STDERR_REDIRECT] [Fatal Error] :1:1: Premature end of file.
2025-08-07 02:51:04,498 [ERROR] LogOutputStream:75 - [STDERR_REDIRECT] 
2025-08-07 02:51:05,490 [ERROR] LogOutputStream:75 - [STDERR_REDIRECT] [Fatal Error] :1:1: Premature end of file.
2025-08-07 02:51:05,490 [ERROR] LogOutputStream:75 - [STDERR_REDIRECT] 
2025-08-07 02:51:06,468 [ERROR] LogOutputStream:75 - [STDERR_REDIRECT] [Fatal Error] :1:1: Premature end of file.
2025-08-07 02:51:06,468 [ERROR] LogOutputStream:75 - [STDERR_REDIRECT] 
2025-08-07 02:51:07,471 [ERROR] LogOutputStream:75 - [STDERR_REDIRECT] [Fatal Error] :1:1: Premature end of file.
2025-08-07 02:51:07,471 [ERROR] LogOutputStream:75 - [STDERR_REDIRECT] 
2025-08-07 02:51:08,470 [ERROR] LogOutputStream:75 - [STDERR_REDIRECT] [Fatal Error] :1:1: Premature end of file.
2025-08-07 02:51:08,470 [ERROR] LogOutputStream:75 - [STDERR_REDIRECT] 
2025-08-07 02:51:09,471 [ERROR] LogOutputStream:75 - [STDERR_REDIRECT] [Fatal Error] :1:1: Premature end of file.
2025-08-07 02:51:09,472 [ERROR] LogOutputStream:75 - [STDERR_REDIRECT] 
2025-08-07 02:51:10,474 [ERROR] LogOutputStream:75 - [STDERR_REDIRECT] [Fatal Error] :1:1: Premature end of file.
2025-08-07 02:51:10,474 [ERROR] LogOutputStream:75 - [STDERR_REDIRECT] 
2025-08-07 02:51:11,486 [ERROR] LogOutputStream:75 - [STDERR_REDIRECT] [Fatal Error] :1:1: Premature end of file.
2025-08-07 02:51:11,486 [ERROR] LogOutputStream:75 - [STDERR_REDIRECT] 
2025-08-07 02:51:12,466 [ERROR] LogOutputStream:75 - [STDERR_REDIRECT] [Fatal Error] :1:1: Premature end of file.
2025-08-07 02:51:12,466 [ERROR] LogOutputStream:75 - [STDERR_REDIRECT] 
2025-08-07 02:51:13,465 [ERROR] LogOutputStream:75 - [STDERR_REDIRECT] [Fatal Error] :1:1: Premature end of file.
2025-08-07 02:51:13,465 [ERROR] LogOutputStream:75 - [STDERR_REDIRECT] 
2025-08-07 02:51:14,469 [ERROR] LogOutputStream:75 - [STDERR_REDIRECT] [Fatal Error] :1:1: Premature end of file.
2025-08-07 02:51:14,469 [ERROR] LogOutputStream:75 - [STDERR_REDIRECT] 
2025-08-07 02:51:15,464 [ERROR] LogOutputStream:75 - [STDERR_REDIRECT] [Fatal Error] :1:1: Premature end of file.
2025-08-07 02:51:15,464 [ERROR] LogOutputStream:75 - [STDERR_REDIRECT] 
2025-08-07 02:51:16,465 [ERROR] LogOutputStream:75 - [STDERR_REDIRECT] [Fatal Error] :1:1: Premature end of file.
2025-08-07 02:51:16,465 [ERROR] LogOutputStream:75 - [STDERR_REDIRECT] 
2025-08-07 02:51:17,477 [ERROR] LogOutputStream:75 - [STDERR_REDIRECT] [Fatal Error] :1:1: Premature end of file.
2025-08-07 02:51:17,477 [ERROR] LogOutputStream:75 - [STDERR_REDIRECT] 
2025-08-07 02:51:18,463 [ERROR] LogOutputStream:75 - [STDERR_REDIRECT] [Fatal Error] :1:1: Premature end of file.
2025-08-07 02:51:18,463 [ERROR] LogOutputStream:75 - [STDERR_REDIRECT] 
2025-08-07 02:51:19,459 [ERROR] LogOutputStream:75 - [STDERR_REDIRECT] [Fatal Error] :1:1: Premature end of file.
2025-08-07 02:51:19,459 [ERROR] LogOutputStream:75 - [STDERR_REDIRECT] 
2025-08-07 02:51:20,476 [ERROR] LogOutputStream:75 - [STDERR_REDIRECT] [Fatal Error] :1:1: Premature end of file.
2025-08-07 02:51:20,476 [ERROR] LogOutputStream:75 - [STDERR_REDIRECT] 
2025-08-07 02:51:21,474 [ERROR] LogOutputStream:75 - [STDERR_REDIRECT] [Fatal Error] :1:1: Premature end of file.
2025-08-07 02:51:21,475 [ERROR] LogOutputStream:75 - [STDERR_REDIRECT] 
2025-08-07 02:51:22,461 [ERROR] LogOutputStream:75 - [STDERR_REDIRECT] [Fatal Error] :1:1: Premature end of file.
2025-08-07 02:51:22,461 [ERROR] LogOutputStream:75 - [STDERR_REDIRECT] 
2025-08-07 02:51:23,470 [ERROR] LogOutputStream:75 - [STDERR_REDIRECT] [Fatal Error] :1:1: Premature end of file.
2025-08-07 02:51:23,470 [ERROR] LogOutputStream:75 - [STDERR_REDIRECT] 
2025-08-07 02:51:24,463 [ERROR] LogOutputStream:75 - [STDERR_REDIRECT] [Fatal Error] :1:1: Premature end of file.
2025-08-07 02:51:24,463 [ERROR] LogOutputStream:75 - [STDERR_REDIRECT] 
2025-08-07 02:51:25,470 [ERROR] LogOutputStream:75 - [STDERR_REDIRECT] [Fatal Error] :1:1: Premature end of file.
2025-08-07 02:51:25,471 [ERROR] LogOutputStream:75 - [STDERR_REDIRECT] 
2025-08-07 02:51:26,467 [ERROR] LogOutputStream:75 - [STDERR_REDIRECT] [Fatal Error] :1:1: Premature end of file.
2025-08-07 02:51:26,467 [ERROR] LogOutputStream:75 - [STDERR_REDIRECT] 
2025-08-07 02:51:27,487 [ERROR] LogOutputStream:75 - [STDERR_REDIRECT] [Fatal Error] :1:1: Premature end of file.
2025-08-07 02:51:27,487 [ERROR] LogOutputStream:75 - [STDERR_REDIRECT] 
2025-08-07 02:51:28,457 [ERROR] LogOutputStream:75 - [STDERR_REDIRECT] [Fatal Error] :1:1: Premature end of file.
2025-08-07 02:51:28,458 [ERROR] LogOutputStream:75 - [STDERR_REDIRECT] 
2025-08-07 02:51:29,469 [ERROR] LogOutputStream:75 - [STDERR_REDIRECT] [Fatal Error] :1:1: Premature end of file.
2025-08-07 02:51:29,469 [ERROR] LogOutputStream:75 - [STDERR_REDIRECT] 
2025-08-07 02:51:30,474 [ERROR] LogOutputStream:75 - [STDERR_REDIRECT] [Fatal Error] :1:1: Premature end of file.
2025-08-07 02:51:30,474 [ERROR] LogOutputStream:75 - [STDERR_REDIRECT] 
2025-08-07 02:51:31,471 [ERROR] LogOutputStream:75 - [STDERR_REDIRECT] [Fatal Error] :1:1: Premature end of file.
2025-08-07 02:51:31,472 [ERROR] LogOutputStream:75 - [STDERR_REDIRECT] 
2025-08-07 02:51:32,458 [ERROR] LogOutputStream:75 - [STDERR_REDIRECT] [Fatal Error] :1:1: Premature end of file.
2025-08-07 02:51:32,458 [ERROR] LogOutputStream:75 - [STDERR_REDIRECT] 
2025-08-07 02:51:33,468 [ERROR] LogOutputStream:75 - [STDERR_REDIRECT] [Fatal Error] :1:1: Premature end of file.
2025-08-07 02:51:33,468 [ERROR] LogOutputStream:75 - [STDERR_REDIRECT] 
2025-08-07 02:51:34,464 [ERROR] LogOutputStream:75 - [STDERR_REDIRECT] [Fatal Error] :1:1: Premature end of file.
2025-08-07 02:51:34,464 [ERROR] LogOutputStream:75 - [STDERR_REDIRECT] 
2025-08-07 02:51:35,467 [ERROR] LogOutputStream:75 - [STDERR_REDIRECT] [Fatal Error] :1:1: Premature end of file.
2025-08-07 02:51:35,467 [ERROR] LogOutputStream:75 - [STDERR_REDIRECT] 
2025-08-07 02:51:36,460 [ERROR] LogOutputStream:75 - [STDERR_REDIRECT] [Fatal Error] :1:1: Premature end of file.
2025-08-07 02:51:36,460 [ERROR] LogOutputStream:75 - [STDERR_REDIRECT] 
2025-08-07 02:51:37,462 [ERROR] LogOutputStream:75 - [STDERR_REDIRECT] [Fatal Error] :1:1: Premature end of file.
2025-08-07 02:51:37,462 [ERROR] LogOutputStream:75 - [STDERR_REDIRECT] 
2025-08-07 02:51:38,457 [ERROR] LogOutputStream:75 - [STDERR_REDIRECT] [Fatal Error] :1:1: Premature end of file.
2025-08-07 02:51:38,457 [ERROR] LogOutputStream:75 - [STDERR_REDIRECT] 
2025-08-07 02:51:39,458 [ERROR] LogOutputStream:75 - [STDERR_REDIRECT] [Fatal Error] :1:1: Premature end of file.
2025-08-07 02:51:39,458 [ERROR] LogOutputStream:75 - [STDERR_REDIRECT] 
2025-08-07 02:51:40,463 [ERROR] LogOutputStream:75 - [STDERR_REDIRECT] [Fatal Error] :1:1: Premature end of file.
2025-08-07 02:51:40,463 [ERROR] LogOutputStream:75 - [STDERR_REDIRECT] 
2025-08-07 02:51:41,458 [ERROR] LogOutputStream:75 - [STDERR_REDIRECT] [Fatal Error] :1:1: Premature end of file.
2025-08-07 02:51:41,458 [ERROR] LogOutputStream:75 - [STDERR_REDIRECT] 
2025-08-07 02:51:42,464 [ERROR] LogOutputStream:75 - [STDERR_REDIRECT] [Fatal Error] :1:1: Premature end of file.
2025-08-07 02:51:42,464 [ERROR] LogOutputStream:75 - [STDERR_REDIRECT] 
2025-08-07 02:51:43,467 [ERROR] LogOutputStream:75 - [STDERR_REDIRECT] [Fatal Error] :1:1: Premature end of file.
2025-08-07 02:51:43,467 [ERROR] LogOutputStream:75 - [STDERR_REDIRECT] 
2025-08-07 02:51:44,465 [ERROR] LogOutputStream:75 - [STDERR_REDIRECT] [Fatal Error] :1:1: Premature end of file.
2025-08-07 02:51:44,465 [ERROR] LogOutputStream:75 - [STDERR_REDIRECT] 
2025-08-07 02:51:45,467 [ERROR] LogOutputStream:75 - [STDERR_REDIRECT] [Fatal Error] :1:1: Premature end of file.
2025-08-07 02:51:45,467 [ERROR] LogOutputStream:75 - [STDERR_REDIRECT] 
2025-08-07 02:51:46,467 [ERROR] LogOutputStream:75 - [STDERR_REDIRECT] [Fatal Error] :1:1: Premature end of file.
2025-08-07 02:51:46,467 [ERROR] LogOutputStream:75 - [STDERR_REDIRECT] 
2025-08-07 02:51:47,458 [ERROR] LogOutputStream:75 - [STDERR_REDIRECT] [Fatal Error] :1:1: Premature end of file.
2025-08-07 02:51:47,458 [ERROR] LogOutputStream:75 - [STDERR_REDIRECT] 
2025-08-07 02:51:48,465 [ERROR] LogOutputStream:75 - [STDERR_REDIRECT] [Fatal Error] :1:1: Premature end of file.
2025-08-07 02:51:48,465 [ERROR] LogOutputStream:75 - [STDERR_REDIRECT] 
2025-08-07 02:51:49,469 [ERROR] LogOutputStream:75 - [STDERR_REDIRECT] [Fatal Error] :1:1: Premature end of file.
2025-08-07 02:51:49,469 [ERROR] LogOutputStream:75 - [STDERR_REDIRECT] 
2025-08-07 02:51:50,464 [ERROR] LogOutputStream:75 - [STDERR_REDIRECT] [Fatal Error] :1:1: Premature end of file.
2025-08-07 02:51:50,464 [ERROR] LogOutputStream:75 - [STDERR_REDIRECT] 
2025-08-07 02:51:51,455 [ERROR] LogOutputStream:75 - [STDERR_REDIRECT] [Fatal Error] :1:1: Premature end of file.
2025-08-07 02:51:51,455 [ERROR] LogOutputStream:75 - [STDERR_REDIRECT] 
2025-08-07 02:51:52,467 [ERROR] LogOutputStream:75 - [STDERR_REDIRECT] [Fatal Error] :1:1: Premature end of file.
2025-08-07 02:51:52,467 [ERROR] LogOutputStream:75 - [STDERR_REDIRECT] 
2025-08-07 02:51:53,460 [ERROR] LogOutputStream:75 - [STDERR_REDIRECT] [Fatal Error] :1:1: Premature end of file.
2025-08-07 02:51:53,460 [ERROR] LogOutputStream:75 - [STDERR_REDIRECT] 
2025-08-07 02:51:54,471 [ERROR] LogOutputStream:75 - [STDERR_REDIRECT] [Fatal Error] :1:1: Premature end of file.
2025-08-07 02:51:54,471 [ERROR] LogOutputStream:75 - [STDERR_REDIRECT] 
2025-08-07 02:51:55,464 [ERROR] LogOutputStream:75 - [STDERR_REDIRECT] [Fatal Error] :1:1: Premature end of file.
2025-08-07 02:51:55,464 [ERROR] LogOutputStream:75 - [STDERR_REDIRECT] 
2025-08-07 02:51:56,466 [ERROR] LogOutputStream:75 - [STDERR_REDIRECT] [Fatal Error] :1:1: Premature end of file.
2025-08-07 02:51:56,466 [ERROR] LogOutputStream:75 - [STDERR_REDIRECT] 
2025-08-07 02:51:57,460 [ERROR] LogOutputStream:75 - [STDERR_REDIRECT] [Fatal Error] :1:1: Premature end of file.
2025-08-07 02:51:57,460 [ERROR] LogOutputStream:75 - [STDERR_REDIRECT] 
2025-08-07 02:51:58,461 [ERROR] LogOutputStream:75 - [STDERR_REDIRECT] [Fatal Error] :1:1: Premature end of file.
2025-08-07 02:51:58,461 [ERROR] LogOutputStream:75 - [STDERR_REDIRECT] 
2025-08-07 02:51:59,464 [ERROR] LogOutputStream:75 - [STDERR_REDIRECT] [Fatal Error] :1:1: Premature end of file.
2025-08-07 02:51:59,464 [ERROR] LogOutputStream:75 - [STDERR_REDIRECT] 
2025-08-07 02:52:00,455 [ERROR] LogOutputStream:75 - [STDERR_REDIRECT] [Fatal Error] :1:1: Premature end of file.
2025-08-07 02:52:00,455 [ERROR] LogOutputStream:75 - [STDERR_REDIRECT] 
2025-08-07 02:52:01,464 [ERROR] LogOutputStream:75 - [STDERR_REDIRECT] [Fatal Error] :1:1: Premature end of file.
2025-08-07 02:52:01,464 [ERROR] LogOutputStream:75 - [STDERR_REDIRECT] 
2025-08-07 02:52:02,459 [ERROR] LogOutputStream:75 - [STDERR_REDIRECT] [Fatal Error] :1:1: Premature end of file.
2025-08-07 02:52:02,459 [ERROR] LogOutputStream:75 - [STDERR_REDIRECT] 
2025-08-07 02:52:03,470 [ERROR] LogOutputStream:75 - [STDERR_REDIRECT] [Fatal Error] :1:1: Premature end of file.
2025-08-07 02:52:03,470 [ERROR] LogOutputStream:75 - [STDERR_REDIRECT] 
2025-08-07 02:52:04,458 [ERROR] LogOutputStream:75 - [STDERR_REDIRECT] [Fatal Error] :1:1: Premature end of file.
2025-08-07 02:52:04,458 [ERROR] LogOutputStream:75 - [STDERR_REDIRECT] 
2025-08-07 02:52:05,457 [ERROR] LogOutputStream:75 - [STDERR_REDIRECT] [Fatal Error] :1:1: Premature end of file.
2025-08-07 02:52:05,457 [ERROR] LogOutputStream:75 - [STDERR_REDIRECT] 
2025-08-07 02:52:06,460 [ERROR] LogOutputStream:75 - [STDERR_REDIRECT] [Fatal Error] :1:1: Premature end of file.
2025-08-07 02:52:06,460 [ERROR] LogOutputStream:75 - [STDERR_REDIRECT] 
2025-08-07 02:52:07,470 [ERROR] LogOutputStream:75 - [STDERR_REDIRECT] [Fatal Error] :1:1: Premature end of file.
2025-08-07 02:52:07,470 [ERROR] LogOutputStream:75 - [STDERR_REDIRECT] 
2025-08-07 02:52:08,464 [ERROR] LogOutputStream:75 - [STDERR_REDIRECT] [Fatal Error] :1:1: Premature end of file.
2025-08-07 02:52:08,464 [ERROR] LogOutputStream:75 - [STDERR_REDIRECT] 
2025-08-07 02:52:09,463 [ERROR] LogOutputStream:75 - [STDERR_REDIRECT] [Fatal Error] :1:1: Premature end of file.
2025-08-07 02:52:09,463 [ERROR] LogOutputStream:75 - [STDERR_REDIRECT] 
2025-08-07 02:52:10,463 [ERROR] LogOutputStream:75 - [STDERR_REDIRECT] [Fatal Error] :1:1: Premature end of file.
2025-08-07 02:52:10,463 [ERROR] LogOutputStream:75 - [STDERR_REDIRECT] 
2025-08-07 02:52:11,458 [ERROR] LogOutputStream:75 - [STDERR_REDIRECT] [Fatal Error] :1:1: Premature end of file.
2025-08-07 02:52:11,458 [ERROR] LogOutputStream:75 - [STDERR_REDIRECT] 
2025-08-07 02:52:12,467 [ERROR] LogOutputStream:75 - [STDERR_REDIRECT] [Fatal Error] :1:1: Premature end of file.
2025-08-07 02:52:12,467 [ERROR] LogOutputStream:75 - [STDERR_REDIRECT] 
2025-08-07 02:52:13,462 [ERROR] LogOutputStream:75 - [STDERR_REDIRECT] [Fatal Error] :1:1: Premature end of file.
2025-08-07 02:52:13,462 [ERROR] LogOutputStream:75 - [STDERR_REDIRECT] 
2025-08-07 02:52:14,468 [ERROR] LogOutputStream:75 - [STDERR_REDIRECT] [Fatal Error] :1:1: Premature end of file.
2025-08-07 02:52:14,468 [ERROR] LogOutputStream:75 - [STDERR_REDIRECT] 
2025-08-07 02:52:15,461 [ERROR] LogOutputStream:75 - [STDERR_REDIRECT] [Fatal Error] :1:1: Premature end of file.
2025-08-07 02:52:15,462 [ERROR] LogOutputStream:75 - [STDERR_REDIRECT] 
2025-08-07 02:52:16,459 [ERROR] LogOutputStream:75 - [STDERR_REDIRECT] [Fatal Error] :1:1: Premature end of file.
2025-08-07 02:52:16,459 [ERROR] LogOutputStream:75 - [STDERR_REDIRECT] 
2025-08-07 02:52:17,466 [ERROR] LogOutputStream:75 - [STDERR_REDIRECT] [Fatal Error] :1:1: Premature end of file.
2025-08-07 02:52:17,466 [ERROR] LogOutputStream:75 - [STDERR_REDIRECT] 
2025-08-07 02:52:18,457 [ERROR] LogOutputStream:75 - [STDERR_REDIRECT] [Fatal Error] :1:1: Premature end of file.
2025-08-07 02:52:18,457 [ERROR] LogOutputStream:75 - [STDERR_REDIRECT] 
2025-08-07 02:52:19,464 [ERROR] LogOutputStream:75 - [STDERR_REDIRECT] [Fatal Error] :1:1: Premature end of file.
2025-08-07 02:52:19,464 [ERROR] LogOutputStream:75 - [STDERR_REDIRECT] 
2025-08-07 02:52:20,456 [ERROR] LogOutputStream:75 - [STDERR_REDIRECT] [Fatal Error] :1:1: Premature end of file.
2025-08-07 02:52:20,456 [ERROR] LogOutputStream:75 - [STDERR_REDIRECT] 
2025-08-07 02:52:21,467 [ERROR] LogOutputStream:75 - [STDERR_REDIRECT] [Fatal Error] :1:1: Premature end of file.
2025-08-07 02:52:21,467 [ERROR] LogOutputStream:75 - [STDERR_REDIRECT] 
2025-08-07 02:52:22,462 [ERROR] LogOutputStream:75 - [STDERR_REDIRECT] [Fatal Error] :1:1: Premature end of file.
2025-08-07 02:52:22,462 [ERROR] LogOutputStream:75 - [STDERR_REDIRECT] 
2025-08-07 02:52:23,468 [ERROR] LogOutputStream:75 - [STDERR_REDIRECT] [Fatal Error] :1:1: Premature end of file.
2025-08-07 02:52:23,468 [ERROR] LogOutputStream:75 - [STDERR_REDIRECT] 
2025-08-07 02:52:24,463 [ERROR] LogOutputStream:75 - [STDERR_REDIRECT] [Fatal Error] :1:1: Premature end of file.
2025-08-07 02:52:24,463 [ERROR] LogOutputStream:75 - [STDERR_REDIRECT] 
2025-08-07 02:52:25,460 [ERROR] LogOutputStream:75 - [STDERR_REDIRECT] [Fatal Error] :1:1: Premature end of file.
2025-08-07 02:52:25,460 [ERROR] LogOutputStream:75 - [STDERR_REDIRECT] 
2025-08-07 02:52:26,465 [ERROR] LogOutputStream:75 - [STDERR_REDIRECT] [Fatal Error] :1:1: Premature end of file.
2025-08-07 02:52:26,465 [ERROR] LogOutputStream:75 - [STDERR_REDIRECT] 
2025-08-07 02:52:27,456 [ERROR] LogOutputStream:75 - [STDERR_REDIRECT] [Fatal Error] :1:1: Premature end of file.
2025-08-07 02:52:27,456 [ERROR] LogOutputStream:75 - [STDERR_REDIRECT] 
2025-08-07 02:52:28,465 [ERROR] LogOutputStream:75 - [STDERR_REDIRECT] [Fatal Error] :1:1: Premature end of file.
2025-08-07 02:52:28,465 [ERROR] LogOutputStream:75 - [STDERR_REDIRECT] 
2025-08-07 02:52:29,457 [ERROR] LogOutputStream:75 - [STDERR_REDIRECT] [Fatal Error] :1:1: Premature end of file.
2025-08-07 02:52:29,457 [ERROR] LogOutputStream:75 - [STDERR_REDIRECT] 
2025-08-07 02:52:30,464 [ERROR] LogOutputStream:75 - [STDERR_REDIRECT] [Fatal Error] :1:1: Premature end of file.
2025-08-07 02:52:30,464 [ERROR] LogOutputStream:75 - [STDERR_REDIRECT] 
2025-08-07 02:52:31,469 [ERROR] LogOutputStream:75 - [STDERR_REDIRECT] [Fatal Error] :1:1: Premature end of file.
2025-08-07 02:52:31,470 [ERROR] LogOutputStream:75 - [STDERR_REDIRECT] 
2025-08-07 02:52:32,466 [ERROR] LogOutputStream:75 - [STDERR_REDIRECT] [Fatal Error] :1:1: Premature end of file.
2025-08-07 02:52:32,466 [ERROR] LogOutputStream:75 - [STDERR_REDIRECT] 
2025-08-07 02:52:33,463 [ERROR] LogOutputStream:75 - [STDERR_REDIRECT] [Fatal Error] :1:1: Premature end of file.
2025-08-07 02:52:33,463 [ERROR] LogOutputStream:75 - [STDERR_REDIRECT] 
2025-08-07 02:52:34,457 [ERROR] LogOutputStream:75 - [STDERR_REDIRECT] [Fatal Error] :1:1: Premature end of file.
2025-08-07 02:52:34,457 [ERROR] LogOutputStream:75 - [STDERR_REDIRECT] 
2025-08-07 02:52:35,465 [ERROR] LogOutputStream:75 - [STDERR_REDIRECT] [Fatal Error] :1:1: Premature end of file.
2025-08-07 02:52:35,465 [ERROR] LogOutputStream:75 - [STDERR_REDIRECT] 
2025-08-07 02:52:36,458 [ERROR] LogOutputStream:75 - [STDERR_REDIRECT] [Fatal Error] :1:1: Premature end of file.
2025-08-07 02:52:36,458 [ERROR] LogOutputStream:75 - [STDERR_REDIRECT] 
2025-08-07 02:52:37,458 [ERROR] LogOutputStream:75 - [STDERR_REDIRECT] [Fatal Error] :1:1: Premature end of file.
2025-08-07 02:52:37,458 [ERROR] LogOutputStream:75 - [STDERR_REDIRECT] 
2025-08-07 02:52:38,461 [ERROR] LogOutputStream:75 - [STDERR_REDIRECT] [Fatal Error] :1:1: Premature end of file.
2025-08-07 02:52:38,461 [ERROR] LogOutputStream:75 - [STDERR_REDIRECT] 
2025-08-07 02:52:39,466 [ERROR] LogOutputStream:75 - [STDERR_REDIRECT] [Fatal Error] :1:1: Premature end of file.
2025-08-07 02:52:39,466 [ERROR] LogOutputStream:75 - [STDERR_REDIRECT] 
2025-08-07 02:52:40,460 [ERROR] LogOutputStream:75 - [STDERR_REDIRECT] [Fatal Error] :1:1: Premature end of file.
2025-08-07 02:52:40,461 [ERROR] LogOutputStream:75 - [STDERR_REDIRECT] 
2025-08-07 02:52:41,473 [ERROR] LogOutputStream:75 - [STDERR_REDIRECT] [Fatal Error] :1:1: Premature end of file.
2025-08-07 02:52:41,473 [ERROR] LogOutputStream:75 - [STDERR_REDIRECT] 
2025-08-07 02:52:42,478 [ERROR] LogOutputStream:75 - [STDERR_REDIRECT] [Fatal Error] :1:1: Premature end of file.
2025-08-07 02:52:42,479 [ERROR] LogOutputStream:75 - [STDERR_REDIRECT] 
2025-08-07 02:52:43,480 [ERROR] LogOutputStream:75 - [STDERR_REDIRECT] [Fatal Error] :1:1: Premature end of file.
2025-08-07 02:52:43,480 [ERROR] LogOutputStream:75 - [STDERR_REDIRECT] 
2025-08-07 02:52:44,467 [ERROR] LogOutputStream:75 - [STDERR_REDIRECT] [Fatal Error] :1:1: Premature end of file.
2025-08-07 02:52:44,467 [ERROR] LogOutputStream:75 - [STDERR_REDIRECT] 
2025-08-07 02:52:45,469 [ERROR] LogOutputStream:75 - [STDERR_REDIRECT] [Fatal Error] :1:1: Premature end of file.
2025-08-07 02:52:45,469 [ERROR] LogOutputStream:75 - [STDERR_REDIRECT] 
2025-08-07 02:52:46,459 [ERROR] LogOutputStream:75 - [STDERR_REDIRECT] [Fatal Error] :1:1: Premature end of file.
2025-08-07 02:52:46,459 [ERROR] LogOutputStream:75 - [STDERR_REDIRECT] 
2025-08-07 02:52:47,465 [ERROR] LogOutputStream:75 - [STDERR_REDIRECT] [Fatal Error] :1:1: Premature end of file.
2025-08-07 02:52:47,465 [ERROR] LogOutputStream:75 - [STDERR_REDIRECT] 
2025-08-07 02:52:48,457 [ERROR] LogOutputStream:75 - [STDERR_REDIRECT] [Fatal Error] :1:1: Premature end of file.
2025-08-07 02:52:48,457 [ERROR] LogOutputStream:75 - [STDERR_REDIRECT] 
2025-08-07 02:52:49,455 [ERROR] LogOutputStream:75 - [STDERR_REDIRECT] [Fatal Error] :1:1: Premature end of file.
2025-08-07 02:52:49,455 [ERROR] LogOutputStream:75 - [STDERR_REDIRECT] 
2025-08-07 02:52:50,463 [ERROR] LogOutputStream:75 - [STDERR_REDIRECT] [Fatal Error] :1:1: Premature end of file.
2025-08-07 02:52:50,463 [ERROR] LogOutputStream:75 - [STDERR_REDIRECT] 
2025-08-07 02:52:51,458 [ERROR] LogOutputStream:75 - [STDERR_REDIRECT] [Fatal Error] :1:1: Premature end of file.
2025-08-07 02:52:51,458 [ERROR] LogOutputStream:75 - [STDERR_REDIRECT] 
2025-08-07 02:52:52,474 [ERROR] LogOutputStream:75 - [STDERR_REDIRECT] [Fatal Error] :1:1: Premature end of file.
2025-08-07 02:52:52,474 [ERROR] LogOutputStream:75 - [STDERR_REDIRECT] 
2025-08-07 02:52:53,466 [ERROR] LogOutputStream:75 - [STDERR_REDIRECT] [Fatal Error] :1:1: Premature end of file.
2025-08-07 02:52:53,466 [ERROR] LogOutputStream:75 - [STDERR_REDIRECT] 
2025-08-07 02:52:54,471 [ERROR] LogOutputStream:75 - [STDERR_REDIRECT] [Fatal Error] :1:1: Premature end of file.
2025-08-07 02:52:54,471 [ERROR] LogOutputStream:75 - [STDERR_REDIRECT] 
2025-08-07 02:52:55,473 [ERROR] LogOutputStream:75 - [STDERR_REDIRECT] [Fatal Error] :1:1: Premature end of file.
2025-08-07 02:52:55,473 [ERROR] LogOutputStream:75 - [STDERR_REDIRECT] 
2025-08-07 02:52:56,472 [ERROR] LogOutputStream:75 - [STDERR_REDIRECT] [Fatal Error] :1:1: Premature end of file.
2025-08-07 02:52:56,472 [ERROR] LogOutputStream:75 - [STDERR_REDIRECT] 
2025-08-07 02:52:57,471 [ERROR] LogOutputStream:75 - [STDERR_REDIRECT] [Fatal Error] :1:1: Premature end of file.
2025-08-07 02:52:57,471 [ERROR] LogOutputStream:75 - [STDERR_REDIRECT] 
2025-08-07 02:52:58,467 [ERROR] LogOutputStream:75 - [STDERR_REDIRECT] [Fatal Error] :1:1: Premature end of file.
2025-08-07 02:52:58,467 [ERROR] LogOutputStream:75 - [STDERR_REDIRECT] 
2025-08-07 02:52:59,465 [ERROR] LogOutputStream:75 - [STDERR_REDIRECT] [Fatal Error] :1:1: Premature end of file.
2025-08-07 02:52:59,465 [ERROR] LogOutputStream:75 - [STDERR_REDIRECT] 
2025-08-07 02:53:00,464 [ERROR] LogOutputStream:75 - [STDERR_REDIRECT] [Fatal Error] :1:1: Premature end of file.
2025-08-07 02:53:00,464 [ERROR] LogOutputStream:75 - [STDERR_REDIRECT] 
2025-08-07 02:53:01,471 [ERROR] LogOutputStream:75 - [STDERR_REDIRECT] [Fatal Error] :1:1: Premature end of file.
2025-08-07 02:53:01,471 [ERROR] LogOutputStream:75 - [STDERR_REDIRECT] 
2025-08-07 02:53:02,465 [ERROR] LogOutputStream:75 - [STDERR_REDIRECT] [Fatal Error] :1:1: Premature end of file.
2025-08-07 02:53:02,465 [ERROR] LogOutputStream:75 - [STDERR_REDIRECT] 
2025-08-07 02:53:03,477 [ERROR] LogOutputStream:75 - [STDERR_REDIRECT] [Fatal Error] :1:1: Premature end of file.
2025-08-07 02:53:03,477 [ERROR] LogOutputStream:75 - [STDERR_REDIRECT] 
2025-08-07 02:53:04,466 [ERROR] LogOutputStream:75 - [STDERR_REDIRECT] [Fatal Error] :1:1: Premature end of file.
2025-08-07 02:53:04,466 [ERROR] LogOutputStream:75 - [STDERR_REDIRECT] 
2025-08-07 02:53:05,481 [ERROR] LogOutputStream:75 - [STDERR_REDIRECT] [Fatal Error] :1:1: Premature end of file.
2025-08-07 02:53:05,481 [ERROR] LogOutputStream:75 - [STDERR_REDIRECT] 
2025-08-07 02:53:06,477 [ERROR] LogOutputStream:75 - [STDERR_REDIRECT] [Fatal Error] :1:1: Premature end of file.
2025-08-07 02:53:06,477 [ERROR] LogOutputStream:75 - [STDERR_REDIRECT] 
2025-08-07 02:53:07,467 [ERROR] LogOutputStream:75 - [STDERR_REDIRECT] [Fatal Error] :1:1: Premature end of file.
2025-08-07 02:53:07,467 [ERROR] LogOutputStream:75 - [STDERR_REDIRECT] 
2025-08-07 02:53:08,471 [ERROR] LogOutputStream:75 - [STDERR_REDIRECT] [Fatal Error] :1:1: Premature end of file.
2025-08-07 02:53:08,471 [ERROR] LogOutputStream:75 - [STDERR_REDIRECT] 
2025-08-07 02:53:09,465 [ERROR] LogOutputStream:75 - [STDERR_REDIRECT] [Fatal Error] :1:1: Premature end of file.
2025-08-07 02:53:09,465 [ERROR] LogOutputStream:75 - [STDERR_REDIRECT] 
2025-08-07 02:53:10,463 [ERROR] LogOutputStream:75 - [STDERR_REDIRECT] [Fatal Error] :1:1: Premature end of file.
2025-08-07 02:53:10,463 [ERROR] LogOutputStream:75 - [STDERR_REDIRECT] 
2025-08-07 02:53:11,473 [ERROR] LogOutputStream:75 - [STDERR_REDIRECT] [Fatal Error] :1:1: Premature end of file.
2025-08-07 02:53:11,473 [ERROR] LogOutputStream:75 - [STDERR_REDIRECT] 
2025-08-07 02:53:12,466 [ERROR] LogOutputStream:75 - [STDERR_REDIRECT] [Fatal Error] :1:1: Premature end of file.
2025-08-07 02:53:12,467 [ERROR] LogOutputStream:75 - [STDERR_REDIRECT] 
2025-08-07 02:53:13,482 [ERROR] LogOutputStream:75 - [STDERR_REDIRECT] [Fatal Error] :1:1: Premature end of file.
2025-08-07 02:53:13,482 [ERROR] LogOutputStream:75 - [STDERR_REDIRECT] 
2025-08-07 02:53:14,474 [ERROR] LogOutputStream:75 - [STDERR_REDIRECT] [Fatal Error] :1:1: Premature end of file.
2025-08-07 02:53:14,474 [ERROR] LogOutputStream:75 - [STDERR_REDIRECT] 
2025-08-07 02:53:15,476 [ERROR] LogOutputStream:75 - [STDERR_REDIRECT] [Fatal Error] :1:1: Premature end of file.
2025-08-07 02:53:15,476 [ERROR] LogOutputStream:75 - [STDERR_REDIRECT] 
2025-08-07 02:53:16,466 [ERROR] LogOutputStream:75 - [STDERR_REDIRECT] [Fatal Error] :1:1: Premature end of file.
2025-08-07 02:53:16,466 [ERROR] LogOutputStream:75 - [STDERR_REDIRECT] 
2025-08-07 02:53:17,458 [ERROR] LogOutputStream:75 - [STDERR_REDIRECT] [Fatal Error] :1:1: Premature end of file.
2025-08-07 02:53:17,458 [ERROR] LogOutputStream:75 - [STDERR_REDIRECT] 
2025-08-07 02:53:18,463 [ERROR] LogOutputStream:75 - [STDERR_REDIRECT] [Fatal Error] :1:1: Premature end of file.
2025-08-07 02:53:18,463 [ERROR] LogOutputStream:75 - [STDERR_REDIRECT] 
2025-08-07 02:53:19,467 [ERROR] LogOutputStream:75 - [STDERR_REDIRECT] [Fatal Error] :1:1: Premature end of file.
2025-08-07 02:53:19,467 [ERROR] LogOutputStream:75 - [STDERR_REDIRECT] 
2025-08-07 02:53:20,462 [ERROR] LogOutputStream:75 - [STDERR_REDIRECT] [Fatal Error] :1:1: Premature end of file.
2025-08-07 02:53:20,462 [ERROR] LogOutputStream:75 - [STDERR_REDIRECT] 
2025-08-07 02:53:21,461 [ERROR] LogOutputStream:75 - [STDERR_REDIRECT] [Fatal Error] :1:1: Premature end of file.
2025-08-07 02:53:21,461 [ERROR] LogOutputStream:75 - [STDERR_REDIRECT] 
2025-08-07 02:53:22,471 [ERROR] LogOutputStream:75 - [STDERR_REDIRECT] [Fatal Error] :1:1: Premature end of file.
2025-08-07 02:53:22,471 [ERROR] LogOutputStream:75 - [STDERR_REDIRECT] 
2025-08-07 02:53:23,467 [ERROR] LogOutputStream:75 - [STDERR_REDIRECT] [Fatal Error] :1:1: Premature end of file.
2025-08-07 02:53:23,467 [ERROR] LogOutputStream:75 - [STDERR_REDIRECT] 
2025-08-07 02:53:24,461 [ERROR] LogOutputStream:75 - [STDERR_REDIRECT] [Fatal Error] :1:1: Premature end of file.
2025-08-07 02:53:24,461 [ERROR] LogOutputStream:75 - [STDERR_REDIRECT] 
2025-08-07 02:53:25,457 [ERROR] LogOutputStream:75 - [STDERR_REDIRECT] [Fatal Error] :1:1: Premature end of file.
2025-08-07 02:53:25,457 [ERROR] LogOutputStream:75 - [STDERR_REDIRECT] 
2025-08-07 02:53:26,467 [ERROR] LogOutputStream:75 - [STDERR_REDIRECT] [Fatal Error] :1:1: Premature end of file.
2025-08-07 02:53:26,467 [ERROR] LogOutputStream:75 - [STDERR_REDIRECT] 
2025-08-07 02:53:27,467 [ERROR] LogOutputStream:75 - [STDERR_REDIRECT] [Fatal Error] :1:1: Premature end of file.
2025-08-07 02:53:27,467 [ERROR] LogOutputStream:75 - [STDERR_REDIRECT] 
2025-08-07 02:53:28,461 [ERROR] LogOutputStream:75 - [STDERR_REDIRECT] [Fatal Error] :1:1: Premature end of file.
2025-08-07 02:53:28,461 [ERROR] LogOutputStream:75 - [STDERR_REDIRECT] 
2025-08-07 02:53:29,467 [ERROR] LogOutputStream:75 - [STDERR_REDIRECT] [Fatal Error] :1:1: Premature end of file.
2025-08-07 02:53:29,467 [ERROR] LogOutputStream:75 - [STDERR_REDIRECT] 
2025-08-07 02:53:30,462 [ERROR] LogOutputStream:75 - [STDERR_REDIRECT] [Fatal Error] :1:1: Premature end of file.
2025-08-07 02:53:30,462 [ERROR] LogOutputStream:75 - [STDERR_REDIRECT] 
2025-08-07 02:53:31,467 [ERROR] LogOutputStream:75 - [STDERR_REDIRECT] [Fatal Error] :1:1: Premature end of file.
2025-08-07 02:53:31,467 [ERROR] LogOutputStream:75 - [STDERR_REDIRECT] 
2025-08-07 02:53:32,470 [ERROR] LogOutputStream:75 - [STDERR_REDIRECT] [Fatal Error] :1:1: Premature end of file.
2025-08-07 02:53:32,470 [ERROR] LogOutputStream:75 - [STDERR_REDIRECT] 
2025-08-07 02:53:33,461 [ERROR] LogOutputStream:75 - [STDERR_REDIRECT] [Fatal Error] :1:1: Premature end of file.
2025-08-07 02:53:33,461 [ERROR] LogOutputStream:75 - [STDERR_REDIRECT] 
2025-08-07 02:53:34,468 [ERROR] LogOutputStream:75 - [STDERR_REDIRECT] [Fatal Error] :1:1: Premature end of file.
2025-08-07 02:53:34,468 [ERROR] LogOutputStream:75 - [STDERR_REDIRECT] 
2025-08-07 02:53:35,466 [ERROR] LogOutputStream:75 - [STDERR_REDIRECT] [Fatal Error] :1:1: Premature end of file.
2025-08-07 02:53:35,466 [ERROR] LogOutputStream:75 - [STDERR_REDIRECT] 
2025-08-07 02:53:36,462 [ERROR] LogOutputStream:75 - [STDERR_REDIRECT] [Fatal Error] :1:1: Premature end of file.
2025-08-07 02:53:36,462 [ERROR] LogOutputStream:75 - [STDERR_REDIRECT] 
2025-08-07 02:53:37,466 [ERROR] LogOutputStream:75 - [STDERR_REDIRECT] [Fatal Error] :1:1: Premature end of file.
2025-08-07 02:53:37,467 [ERROR] LogOutputStream:75 - [STDERR_REDIRECT] 
2025-08-07 02:53:38,471 [ERROR] LogOutputStream:75 - [STDERR_REDIRECT] [Fatal Error] :1:1: Premature end of file.
2025-08-07 02:53:38,471 [ERROR] LogOutputStream:75 - [STDERR_REDIRECT] 
2025-08-07 02:53:39,493 [ERROR] LogOutputStream:75 - [STDERR_REDIRECT] [Fatal Error] :1:1: Premature end of file.
2025-08-07 02:53:39,494 [ERROR] LogOutputStream:75 - [STDERR_REDIRECT] 
2025-08-07 02:53:40,473 [ERROR] LogOutputStream:75 - [STDERR_REDIRECT] [Fatal Error] :1:1: Premature end of file.
2025-08-07 02:53:40,473 [ERROR] LogOutputStream:75 - [STDERR_REDIRECT] 
2025-08-07 02:53:41,585 [ERROR] LogOutputStream:75 - [STDERR_REDIRECT] [Fatal Error] :1:1: Premature end of file.
2025-08-07 02:53:41,585 [ERROR] LogOutputStream:75 - [STDERR_REDIRECT] 
2025-08-07 02:53:42,473 [ERROR] LogOutputStream:75 - [STDERR_REDIRECT] [Fatal Error] :1:1: Premature end of file.
2025-08-07 02:53:42,473 [ERROR] LogOutputStream:75 - [STDERR_REDIRECT] 
2025-08-07 02:53:43,487 [ERROR] LogOutputStream:75 - [STDERR_REDIRECT] [Fatal Error] :1:1: Premature end of file.
2025-08-07 02:53:43,487 [ERROR] LogOutputStream:75 - [STDERR_REDIRECT] 
2025-08-07 02:53:44,505 [ERROR] LogOutputStream:75 - [STDERR_REDIRECT] [Fatal Error] :1:1: Premature end of file.
2025-08-07 02:53:44,506 [ERROR] LogOutputStream:75 - [STDERR_REDIRECT] 
2025-08-07 02:53:45,477 [ERROR] LogOutputStream:75 - [STDERR_REDIRECT] [Fatal Error] :1:1: Premature end of file.
2025-08-07 02:53:45,477 [ERROR] LogOutputStream:75 - [STDERR_REDIRECT] 
2025-08-07 02:53:46,480 [ERROR] LogOutputStream:75 - [STDERR_REDIRECT] [Fatal Error] :1:1: Premature end of file.
2025-08-07 02:53:46,480 [ERROR] LogOutputStream:75 - [STDERR_REDIRECT] 
2025-08-07 02:53:47,467 [ERROR] LogOutputStream:75 - [STDERR_REDIRECT] [Fatal Error] :1:1: Premature end of file.
2025-08-07 02:53:47,467 [ERROR] LogOutputStream:75 - [STDERR_REDIRECT] 
2025-08-07 02:53:48,468 [ERROR] LogOutputStream:75 - [STDERR_REDIRECT] [Fatal Error] :1:1: Premature end of file.
2025-08-07 02:53:48,468 [ERROR] LogOutputStream:75 - [STDERR_REDIRECT] 
2025-08-07 02:53:49,461 [ERROR] LogOutputStream:75 - [STDERR_REDIRECT] [Fatal Error] :1:1: Premature end of file.
2025-08-07 02:53:49,461 [ERROR] LogOutputStream:75 - [STDERR_REDIRECT] 
2025-08-07 02:53:50,461 [ERROR] LogOutputStream:75 - [STDERR_REDIRECT] [Fatal Error] :1:1: Premature end of file.
2025-08-07 02:53:50,461 [ERROR] LogOutputStream:75 - [STDERR_REDIRECT] 
2025-08-07 02:53:51,458 [ERROR] LogOutputStream:75 - [STDERR_REDIRECT] [Fatal Error] :1:1: Premature end of file.
2025-08-07 02:53:51,458 [ERROR] LogOutputStream:75 - [STDERR_REDIRECT] 
2025-08-07 02:53:52,460 [ERROR] LogOutputStream:75 - [STDERR_REDIRECT] [Fatal Error] :1:1: Premature end of file.
2025-08-07 02:53:52,460 [ERROR] LogOutputStream:75 - [STDERR_REDIRECT] 
2025-08-07 02:53:53,465 [ERROR] LogOutputStream:75 - [STDERR_REDIRECT] [Fatal Error] :1:1: Premature end of file.
2025-08-07 02:53:53,465 [ERROR] LogOutputStream:75 - [STDERR_REDIRECT] 
2025-08-07 02:53:54,461 [ERROR] LogOutputStream:75 - [STDERR_REDIRECT] [Fatal Error] :1:1: Premature end of file.
2025-08-07 02:53:54,461 [ERROR] LogOutputStream:75 - [STDERR_REDIRECT] 
2025-08-07 02:53:55,457 [ERROR] LogOutputStream:75 - [STDERR_REDIRECT] [Fatal Error] :1:1: Premature end of file.
2025-08-07 02:53:55,457 [ERROR] LogOutputStream:75 - [STDERR_REDIRECT] 
2025-08-07 02:53:56,465 [ERROR] LogOutputStream:75 - [STDERR_REDIRECT] [Fatal Error] :1:1: Premature end of file.
2025-08-07 02:53:56,465 [ERROR] LogOutputStream:75 - [STDERR_REDIRECT] 
2025-08-07 02:53:57,464 [ERROR] LogOutputStream:75 - [STDERR_REDIRECT] [Fatal Error] :1:1: Premature end of file.
2025-08-07 02:53:57,464 [ERROR] LogOutputStream:75 - [STDERR_REDIRECT] 
2025-08-07 02:53:58,460 [ERROR] LogOutputStream:75 - [STDERR_REDIRECT] [Fatal Error] :1:1: Premature end of file.
2025-08-07 02:53:58,461 [ERROR] LogOutputStream:75 - [STDERR_REDIRECT] 
2025-08-07 02:53:59,466 [ERROR] LogOutputStream:75 - [STDERR_REDIRECT] [Fatal Error] :1:1: Premature end of file.
2025-08-07 02:53:59,466 [ERROR] LogOutputStream:75 - [STDERR_REDIRECT] 
2025-08-07 02:54:00,464 [ERROR] LogOutputStream:75 - [STDERR_REDIRECT] [Fatal Error] :1:1: Premature end of file.
2025-08-07 02:54:00,464 [ERROR] LogOutputStream:75 - [STDERR_REDIRECT] 
2025-08-07 02:54:01,460 [ERROR] LogOutputStream:75 - [STDERR_REDIRECT] [Fatal Error] :1:1: Premature end of file.
2025-08-07 02:54:01,460 [ERROR] LogOutputStream:75 - [STDERR_REDIRECT] 
2025-08-07 02:54:02,457 [ERROR] LogOutputStream:75 - [STDERR_REDIRECT] [Fatal Error] :1:1: Premature end of file.
2025-08-07 02:54:02,457 [ERROR] LogOutputStream:75 - [STDERR_REDIRECT] 
2025-08-07 02:54:03,461 [ERROR] LogOutputStream:75 - [STDERR_REDIRECT] [Fatal Error] :1:1: Premature end of file.
2025-08-07 02:54:03,461 [ERROR] LogOutputStream:75 - [STDERR_REDIRECT] 
2025-08-07 02:54:04,467 [ERROR] LogOutputStream:75 - [STDERR_REDIRECT] [Fatal Error] :1:1: Premature end of file.
2025-08-07 02:54:04,467 [ERROR] LogOutputStream:75 - [STDERR_REDIRECT] 
2025-08-07 02:54:05,468 [ERROR] LogOutputStream:75 - [STDERR_REDIRECT] [Fatal Error] :1:1: Premature end of file.
2025-08-07 02:54:05,468 [ERROR] LogOutputStream:75 - [STDERR_REDIRECT] 
2025-08-07 02:54:06,462 [ERROR] LogOutputStream:75 - [STDERR_REDIRECT] [Fatal Error] :1:1: Premature end of file.
2025-08-07 02:54:06,462 [ERROR] LogOutputStream:75 - [STDERR_REDIRECT] 
2025-08-07 02:54:07,457 [ERROR] LogOutputStream:75 - [STDERR_REDIRECT] [Fatal Error] :1:1: Premature end of file.
2025-08-07 02:54:07,457 [ERROR] LogOutputStream:75 - [STDERR_REDIRECT] 
2025-08-07 02:54:08,465 [ERROR] LogOutputStream:75 - [STDERR_REDIRECT] [Fatal Error] :1:1: Premature end of file.
2025-08-07 02:54:08,465 [ERROR] LogOutputStream:75 - [STDERR_REDIRECT] 
2025-08-07 02:54:09,511 [ERROR] LogOutputStream:75 - [STDERR_REDIRECT] [Fatal Error] :1:1: Premature end of file.
2025-08-07 02:54:09,511 [ERROR] LogOutputStream:75 - [STDERR_REDIRECT] 
2025-08-07 02:54:10,466 [ERROR] LogOutputStream:75 - [STDERR_REDIRECT] [Fatal Error] :1:1: Premature end of file.
2025-08-07 02:54:10,466 [ERROR] LogOutputStream:75 - [STDERR_REDIRECT] 
2025-08-07 02:54:11,458 [ERROR] LogOutputStream:75 - [STDERR_REDIRECT] [Fatal Error] :1:1: Premature end of file.
2025-08-07 02:54:11,458 [ERROR] LogOutputStream:75 - [STDERR_REDIRECT] 
2025-08-07 02:54:12,468 [ERROR] LogOutputStream:75 - [STDERR_REDIRECT] [Fatal Error] :1:1: Premature end of file.
2025-08-07 02:54:12,468 [ERROR] LogOutputStream:75 - [STDERR_REDIRECT] 
2025-08-07 02:54:13,497 [ERROR] LogOutputStream:75 - [STDERR_REDIRECT] [Fatal Error] :1:1: Premature end of file.
2025-08-07 02:54:13,497 [ERROR] LogOutputStream:75 - [STDERR_REDIRECT] 
2025-08-07 02:54:14,465 [ERROR] LogOutputStream:75 - [STDERR_REDIRECT] [Fatal Error] :1:1: Premature end of file.
2025-08-07 02:54:14,465 [ERROR] LogOutputStream:75 - [STDERR_REDIRECT] 
2025-08-07 02:54:15,473 [ERROR] LogOutputStream:75 - [STDERR_REDIRECT] [Fatal Error] :1:1: Premature end of file.
2025-08-07 02:54:15,473 [ERROR] LogOutputStream:75 - [STDERR_REDIRECT] 
2025-08-07 02:54:16,467 [ERROR] LogOutputStream:75 - [STDERR_REDIRECT] [Fatal Error] :1:1: Premature end of file.
2025-08-07 02:54:16,467 [ERROR] LogOutputStream:75 - [STDERR_REDIRECT] 
2025-08-07 02:54:17,462 [ERROR] LogOutputStream:75 - [STDERR_REDIRECT] [Fatal Error] :1:1: Premature end of file.
2025-08-07 02:54:17,462 [ERROR] LogOutputStream:75 - [STDERR_REDIRECT] 
2025-08-07 02:54:18,466 [ERROR] LogOutputStream:75 - [STDERR_REDIRECT] [Fatal Error] :1:1: Premature end of file.
2025-08-07 02:54:18,466 [ERROR] LogOutputStream:75 - [STDERR_REDIRECT] 
2025-08-07 02:54:19,462 [ERROR] LogOutputStream:75 - [STDERR_REDIRECT] [Fatal Error] :1:1: Premature end of file.
2025-08-07 02:54:19,462 [ERROR] LogOutputStream:75 - [STDERR_REDIRECT] 
2025-08-07 02:54:20,470 [ERROR] LogOutputStream:75 - [STDERR_REDIRECT] [Fatal Error] :1:1: Premature end of file.
2025-08-07 02:54:20,471 [ERROR] LogOutputStream:75 - [STDERR_REDIRECT] 
2025-08-07 02:54:21,475 [ERROR] LogOutputStream:75 - [STDERR_REDIRECT] [Fatal Error] :1:1: Premature end of file.
2025-08-07 02:54:21,475 [ERROR] LogOutputStream:75 - [STDERR_REDIRECT] 
2025-08-07 02:54:22,462 [ERROR] LogOutputStream:75 - [STDERR_REDIRECT] [Fatal Error] :1:1: Premature end of file.
2025-08-07 02:54:22,462 [ERROR] LogOutputStream:75 - [STDERR_REDIRECT] 
2025-08-07 02:54:23,465 [ERROR] LogOutputStream:75 - [STDERR_REDIRECT] [Fatal Error] :1:1: Premature end of file.
2025-08-07 02:54:23,465 [ERROR] LogOutputStream:75 - [STDERR_REDIRECT] 
2025-08-07 02:54:24,472 [ERROR] LogOutputStream:75 - [STDERR_REDIRECT] [Fatal Error] :1:1: Premature end of file.
2025-08-07 02:54:24,472 [ERROR] LogOutputStream:75 - [STDERR_REDIRECT] 
2025-08-07 02:54:25,463 [ERROR] LogOutputStream:75 - [STDERR_REDIRECT] [Fatal Error] :1:1: Premature end of file.
2025-08-07 02:54:25,463 [ERROR] LogOutputStream:75 - [STDERR_REDIRECT] 
2025-08-07 02:54:26,467 [ERROR] LogOutputStream:75 - [STDERR_REDIRECT] [Fatal Error] :1:1: Premature end of file.
2025-08-07 02:54:26,467 [ERROR] LogOutputStream:75 - [STDERR_REDIRECT] 
2025-08-07 02:54:27,461 [ERROR] LogOutputStream:75 - [STDERR_REDIRECT] [Fatal Error] :1:1: Premature end of file.
2025-08-07 02:54:27,461 [ERROR] LogOutputStream:75 - [STDERR_REDIRECT] 
2025-08-07 02:54:28,462 [ERROR] LogOutputStream:75 - [STDERR_REDIRECT] [Fatal Error] :1:1: Premature end of file.
2025-08-07 02:54:28,462 [ERROR] LogOutputStream:75 - [STDERR_REDIRECT] 
2025-08-07 02:54:29,471 [ERROR] LogOutputStream:75 - [STDERR_REDIRECT] [Fatal Error] :1:1: Premature end of file.
2025-08-07 02:54:29,471 [ERROR] LogOutputStream:75 - [STDERR_REDIRECT] 
2025-08-07 02:54:30,471 [ERROR] LogOutputStream:75 - [STDERR_REDIRECT] [Fatal Error] :1:1: Premature end of file.
2025-08-07 02:54:30,471 [ERROR] LogOutputStream:75 - [STDERR_REDIRECT] 
2025-08-07 02:54:31,461 [ERROR] LogOutputStream:75 - [STDERR_REDIRECT] [Fatal Error] :1:1: Premature end of file.
2025-08-07 02:54:31,461 [ERROR] LogOutputStream:75 - [STDERR_REDIRECT] 
2025-08-07 02:54:32,472 [ERROR] LogOutputStream:75 - [STDERR_REDIRECT] [Fatal Error] :1:1: Premature end of file.
2025-08-07 02:54:32,472 [ERROR] LogOutputStream:75 - [STDERR_REDIRECT] 
2025-08-07 02:54:33,462 [ERROR] LogOutputStream:75 - [STDERR_REDIRECT] [Fatal Error] :1:1: Premature end of file.
2025-08-07 02:54:33,462 [ERROR] LogOutputStream:75 - [STDERR_REDIRECT] 
2025-08-07 02:54:34,466 [ERROR] LogOutputStream:75 - [STDERR_REDIRECT] [Fatal Error] :1:1: Premature end of file.
2025-08-07 02:54:34,466 [ERROR] LogOutputStream:75 - [STDERR_REDIRECT] 
2025-08-07 02:54:35,465 [ERROR] LogOutputStream:75 - [STDERR_REDIRECT] [Fatal Error] :1:1: Premature end of file.
2025-08-07 02:54:35,466 [ERROR] LogOutputStream:75 - [STDERR_REDIRECT] 
2025-08-07 02:54:36,464 [ERROR] LogOutputStream:75 - [STDERR_REDIRECT] [Fatal Error] :1:1: Premature end of file.
2025-08-07 02:54:36,464 [ERROR] LogOutputStream:75 - [STDERR_REDIRECT] 
2025-08-07 02:54:37,463 [ERROR] LogOutputStream:75 - [STDERR_REDIRECT] [Fatal Error] :1:1: Premature end of file.
2025-08-07 02:54:37,463 [ERROR] LogOutputStream:75 - [STDERR_REDIRECT] 
2025-08-07 02:54:38,541 [ERROR] LogOutputStream:75 - [STDERR_REDIRECT] [Fatal Error] :1:1: Premature end of file.
2025-08-07 02:54:38,541 [ERROR] LogOutputStream:75 - [STDERR_REDIRECT] 
2025-08-07 02:54:39,464 [ERROR] LogOutputStream:75 - [STDERR_REDIRECT] [Fatal Error] :1:1: Premature end of file.
2025-08-07 02:54:39,464 [ERROR] LogOutputStream:75 - [STDERR_REDIRECT] 
2025-08-07 02:54:40,472 [ERROR] LogOutputStream:75 - [STDERR_REDIRECT] [Fatal Error] :1:1: Premature end of file.
2025-08-07 02:54:40,473 [ERROR] LogOutputStream:75 - [STDERR_REDIRECT] 
2025-08-07 02:54:41,457 [ERROR] LogOutputStream:75 - [STDERR_REDIRECT] [Fatal Error] :1:1: Premature end of file.
2025-08-07 02:54:41,457 [ERROR] LogOutputStream:75 - [STDERR_REDIRECT] 
2025-08-07 02:54:42,471 [ERROR] LogOutputStream:75 - [STDERR_REDIRECT] [Fatal Error] :1:1: Premature end of file.
2025-08-07 02:54:42,471 [ERROR] LogOutputStream:75 - [STDERR_REDIRECT] 
2025-08-07 02:54:43,561 [ERROR] LogOutputStream:75 - [STDERR_REDIRECT] [Fatal Error] :1:1: Premature end of file.
2025-08-07 02:54:43,561 [ERROR] LogOutputStream:75 - [STDERR_REDIRECT] 
2025-08-07 02:54:43,757 [ERROR] LogOutputStream:75 - [STDERR_REDIRECT] 
2025-08-07 02:54:43,758 [ERROR] LogOutputStream:75 - [STDERR_REDIRECT] 
