2025-07-19 02:20:00,332 [INFO] Activator:176 - 


2025-07-19 02:20:00,339 [INFO] Activator:177 - !SESSION log4j initialized
2025-07-19 02:20:07,725 [INFO] LogOutputStream:77 - [STDOUT_REDIRECT] 
2025-07-19 02:20:18,084 [INFO] ApplicationProperties:184 - Using Application install path: C:\ST\STM32CubeIDE_1.19.0\STM32CubeIDE\plugins\com.st.stm32cube.common.mx_6.15.0.202507011659
2025-07-19 02:20:18,103 [INFO] DbMcusXml:78 - Set database path to: C:\ST\STM32CubeIDE_1.19.0\STM32CubeIDE\plugins\com.st.stm32cube.common.mx_6.15.0.202507011659\\db\/mcu/
2025-07-19 02:20:18,103 [INFO] ApiDb:274 - Set plugin database path to: C:\ST\STM32CubeIDE_1.19.0\STM32CubeIDE\plugins\com.st.stm32cube.common.mx_6.15.0.202507011659\\db\/plugins/boardmanager/
2025-07-19 02:20:18,104 [WARN] ApiDb:259 - Overriding images path with different value:  => C:\ST\STM32CubeIDE_1.19.0\STM32CubeIDE\plugins\com.st.stm32cube.common.mx_6.15.0.202507011659\\db\/plugins/mcufinder/images/
2025-07-19 02:20:18,111 [INFO] ApiDb:250 - Set database path to: C:\Users\SNYDE\.stmcufinder\plugins\mcufinder//mcu/
2025-07-19 02:20:18,112 [INFO] DbMcusAds:125 - Set database path to: C:\Users\SNYDE\.stmcufinder\plugins\mcufinder//mcu/
2025-07-19 02:20:18,117 [INFO] CrossReferenceDbSqlite:203 - Set database path to: C:\Users\SNYDE\.stmcufinder\plugins\mcufinder//mcu/cs/
2025-07-19 02:20:18,266 [INFO] RulesReader:64 - Compatibility file has been processed (317 Rules)
2025-07-19 02:20:18,371 [INFO] DbMcusXml:78 - Set database path to: C:\ST\STM32CubeIDE_1.19.0\STM32CubeIDE\plugins\com.st.stm32cube.common.mx_6.15.0.202507011659\\db\/mcu/
2025-07-19 02:20:18,371 [INFO] ApiDb:274 - Set plugin database path to: C:\ST\STM32CubeIDE_1.19.0\STM32CubeIDE\plugins\com.st.stm32cube.common.mx_6.15.0.202507011659\\db\/plugins/boardmanager/
2025-07-19 02:20:18,371 [INFO] ApiDb:261 - Set plugin images path to: C:\ST\STM32CubeIDE_1.19.0\STM32CubeIDE\plugins\com.st.stm32cube.common.mx_6.15.0.202507011659\\db\/plugins/mcufinder/images/
2025-07-19 02:20:18,371 [WARN] DbFile:41 - Overriding database path with different value: C:\Users\SNYDE\.stmcufinder\plugins\mcufinder/ => C:\Users\SNYDE\.stmcufinder\plugins\mcufinder
2025-07-19 02:20:18,371 [INFO] ApiDb:250 - Set database path to: C:\Users\SNYDE\.stmcufinder\plugins\mcufinder//mcu/
2025-07-19 02:20:18,371 [WARN] DbFile:41 - Overriding database path with different value: C:\Users\SNYDE\.stmcufinder\plugins\mcufinder/ => C:\Users\SNYDE\.stmcufinder\plugins\mcufinder
2025-07-19 02:20:18,371 [INFO] DbMcusAds:125 - Set database path to: C:\Users\SNYDE\.stmcufinder\plugins\mcufinder//mcu/
2025-07-19 02:20:18,371 [WARN] DbFile:41 - Overriding database path with different value: C:\Users\SNYDE\.stmcufinder\plugins\mcufinder/ => C:\Users\SNYDE\.stmcufinder\plugins\mcufinder
2025-07-19 02:20:18,371 [WARN] DbFile:41 - Overriding database path with different value: C:\Users\SNYDE\.stmcufinder\plugins\mcufinder/ => C:\Users\SNYDE\.stmcufinder\plugins\mcufinder
2025-07-19 02:20:18,371 [INFO] CrossReferenceDbSqlite:203 - Set database path to: C:\Users\SNYDE\.stmcufinder\plugins\mcufinder//mcu/cs/
2025-07-19 02:20:18,453 [INFO] MainPanel:274 - HeapMemory: 268435456
2025-07-19 02:20:18,572 [INFO] DbMcusXml:78 - Set database path to: C:\ST\STM32CubeIDE_1.19.0\STM32CubeIDE\plugins\com.st.stm32cube.common.mx_6.15.0.202507011659\\db\/mcu/
2025-07-19 02:20:18,572 [INFO] ApiDb:274 - Set plugin database path to: C:\ST\STM32CubeIDE_1.19.0\STM32CubeIDE\plugins\com.st.stm32cube.common.mx_6.15.0.202507011659\\db\/plugins/boardmanager/
2025-07-19 02:20:18,573 [INFO] ApiDb:261 - Set plugin images path to: C:\ST\STM32CubeIDE_1.19.0\STM32CubeIDE\plugins\com.st.stm32cube.common.mx_6.15.0.202507011659\\db\/plugins/mcufinder/images/
2025-07-19 02:20:18,573 [WARN] DbFile:41 - Overriding database path with different value: C:\Users\SNYDE\.stmcufinder\plugins\mcufinder/ => C:\Users\SNYDE\.stmcufinder\plugins\mcufinder
2025-07-19 02:20:18,573 [INFO] ApiDb:250 - Set database path to: C:\Users\SNYDE\.stmcufinder\plugins\mcufinder//mcu/
2025-07-19 02:20:18,573 [WARN] DbFile:41 - Overriding database path with different value: C:\Users\SNYDE\.stmcufinder\plugins\mcufinder/ => C:\Users\SNYDE\.stmcufinder\plugins\mcufinder
2025-07-19 02:20:18,573 [INFO] DbMcusAds:125 - Set database path to: C:\Users\SNYDE\.stmcufinder\plugins\mcufinder//mcu/
2025-07-19 02:20:18,573 [WARN] DbFile:41 - Overriding database path with different value: C:\Users\SNYDE\.stmcufinder\plugins\mcufinder/ => C:\Users\SNYDE\.stmcufinder\plugins\mcufinder
2025-07-19 02:20:18,573 [WARN] DbFile:41 - Overriding database path with different value: C:\Users\SNYDE\.stmcufinder\plugins\mcufinder/ => C:\Users\SNYDE\.stmcufinder\plugins\mcufinder
2025-07-19 02:20:18,574 [INFO] CrossReferenceDbSqlite:203 - Set database path to: C:\Users\SNYDE\.stmcufinder\plugins\mcufinder//mcu/cs/
2025-07-19 02:20:18,594 [INFO] ApplicationProperties:184 - Using Application install path: C:\ST\STM32CubeIDE_1.19.0\STM32CubeIDE\plugins\com.st.stm32cube.common.mx_6.15.0.202507011659
2025-07-19 02:20:18,596 [INFO] PluginManage:196 - Search for loadable plugins [exclusion list=, ]
2025-07-19 02:20:18,597 [INFO] PluginManage:310 - Check plugin analytics
2025-07-19 02:20:28,275 [INFO] AnalyticsPlugin:253 - Accepted Software Licenses: 
2025-07-19 02:20:28,276 [INFO] AnalyticsPlugin:255 - Accepted CMSIS Pack Licenses: 
2025-07-19 02:20:28,276 [INFO] AnalyticsPlugin:257 - Accepted Firmware Licenses: FW.G0.1.6.0,FW.U5.1.8.0,FW.F7.1.17.0
2025-07-19 02:20:28,279 [INFO] PluginManage:359 - Loaded plugin analytics (category:tool,tabindex:-1)
2025-07-19 02:20:28,279 [INFO] PluginManage:310 - Check plugin cadmodel
2025-07-19 02:20:28,286 [INFO] CADModel:105 - Init CAD model plugin
2025-07-19 02:20:28,287 [INFO] PluginManage:359 - Loaded plugin cadmodel (category:power,tabindex:5)
2025-07-19 02:20:28,287 [INFO] PluginManage:310 - Check plugin clock
2025-07-19 02:20:28,299 [INFO] PluginManage:359 - Loaded plugin clock (category:base,tabindex:2)
2025-07-19 02:20:28,300 [INFO] PluginManage:310 - Check plugin ddr
2025-07-19 02:20:28,303 [INFO] PluginManage:359 - Loaded plugin ddr (category:tool,tabindex:6)
2025-07-19 02:20:28,303 [INFO] PluginManage:310 - Check plugin filemanager
2025-07-19 02:20:28,465 [INFO] PluginManage:359 - Loaded plugin filemanager (category:base,tabindex:10)
2025-07-19 02:20:28,465 [INFO] PluginManage:310 - Check plugin ipmanager
2025-07-19 02:20:28,473 [INFO] PluginManage:359 - Loaded plugin ipmanager (category:base,tabindex:5)
2025-07-19 02:20:28,474 [INFO] PluginManage:310 - Check plugin lpbam
2025-07-19 02:20:28,482 [INFO] PluginManage:359 - Loaded plugin lpbam (category:base,tabindex:0)
2025-07-19 02:20:28,483 [INFO] PluginManage:310 - Check plugin memorymap
2025-07-19 02:20:28,497 [INFO] PluginManage:359 - Loaded plugin memorymap (category:base,tabindex:4)
2025-07-19 02:20:28,497 [INFO] PluginManage:310 - Check plugin pinoutandconfiguration
2025-07-19 02:20:28,509 [INFO] PluginManage:359 - Loaded plugin pinoutandconfiguration (category:base,tabindex:1)
2025-07-19 02:20:28,509 [INFO] PluginManage:310 - Check plugin pinoutconfig
2025-07-19 02:20:28,608 [WARN] SupportedApi:132 - Cannot load RTOS API schema: s4s-elt-must-match.1: The content of 'definitions' must match (annotation?, (simpleType | complexType)?, (unique | key | keyref)*)). A problem was found starting at: attribute.
2025-07-19 02:20:28,768 [INFO] PluginManage:359 - Loaded plugin pinoutconfig (category:base,tabindex:0)
2025-07-19 02:20:28,768 [INFO] PluginManage:310 - Check plugin power
2025-07-19 02:20:28,778 [INFO] PluginManage:359 - Loaded plugin power (category:power,tabindex:4)
2025-07-19 02:20:28,778 [INFO] PluginManage:310 - Check plugin projectmanager
2025-07-19 02:20:28,794 [INFO] PluginManage:359 - Loaded plugin projectmanager (category:projectmanager,tabindex:4)
2025-07-19 02:20:28,795 [INFO] PluginManage:310 - Check plugin rif
2025-07-19 02:20:28,804 [INFO] PluginManage:359 - Loaded plugin rif (category:base,tabindex:3)
2025-07-19 02:20:28,804 [INFO] PluginManage:310 - Check plugin thirdparty
2025-07-19 02:20:28,971 [WARN] IntegrityCheckThread:84 - waiting for thirdparty lock release [integrity check]
2025-07-19 02:20:28,971 [INFO] IntegrityCheckThread:86 - entering critical section [integrity check]
2025-07-19 02:20:28,971 [INFO] PluginManage:359 - Loaded plugin thirdparty (category:base,tabindex:-1)
2025-07-19 02:20:28,972 [INFO] ThirdPartyUpdaterWithRetryManager:70 - Updater plugin not ready yet. [1/15]
2025-07-19 02:20:28,972 [INFO] PluginManage:310 - Check plugin tools
2025-07-19 02:20:28,975 [INFO] PluginManage:359 - Loaded plugin tools (category:base,tabindex:7)
2025-07-19 02:20:28,976 [INFO] PluginManage:310 - Check plugin tutovideos
2025-07-19 02:20:29,199 [INFO] PluginManage:359 - Loaded plugin tutovideos (category:base,tabindex:-1)
2025-07-19 02:20:29,200 [INFO] PluginManage:310 - Check plugin updater
2025-07-19 02:20:29,226 [INFO] PluginManage:359 - Loaded plugin updater (category:base,tabindex:12)
2025-07-19 02:20:29,226 [INFO] PluginManage:310 - Check plugin userauth
2025-07-19 02:20:29,230 [INFO] UserAuth:118 - Init User Auth plugin
2025-07-19 02:20:29,231 [INFO] PluginManage:359 - Loaded plugin userauth (category:base,tabindex:14)
2025-07-19 02:20:29,232 [INFO] PluginManage:283 - PluginManage : Loaded plugins [18]
2025-07-19 02:20:29,465 [INFO] PinOutPanel:1589 - setPackage(No Configuration,No Configuration)
2025-07-19 02:20:29,566 [INFO] CADModel:165 - CPN selected for project level
2025-07-19 02:20:29,566 [INFO] CADModel:114 - Register for checkConnection events
2025-07-19 02:20:29,588 [INFO] IPUIPlugin:80 - create IPUIPlugin
2025-07-19 02:20:29,588 [INFO] PluginManager:220 - loadIPPluginJar : add adc
2025-07-19 02:20:29,591 [INFO] IPUIPlugin:80 - create IPUIPlugin
2025-07-19 02:20:29,592 [INFO] PluginManager:220 - loadIPPluginJar : add aes
2025-07-19 02:20:29,595 [INFO] IPUIPlugin:80 - create IPUIPlugin
2025-07-19 02:20:29,595 [INFO] PluginManager:220 - loadIPPluginJar : add can
2025-07-19 02:20:29,599 [INFO] IPUIPlugin:80 - create IPUIPlugin
2025-07-19 02:20:29,599 [INFO] PluginManager:220 - loadIPPluginJar : add comp
2025-07-19 02:20:29,602 [INFO] IPUIPlugin:80 - create IPUIPlugin
2025-07-19 02:20:29,602 [INFO] PluginManager:220 - loadIPPluginJar : add cryp
2025-07-19 02:20:29,607 [INFO] IPUIPlugin:80 - create IPUIPlugin
2025-07-19 02:20:29,607 [INFO] PluginManager:220 - loadIPPluginJar : add ddr_ctrl_phy
2025-07-19 02:20:29,611 [INFO] IPUIPlugin:80 - create IPUIPlugin
2025-07-19 02:20:29,612 [INFO] PluginManager:220 - loadIPPluginJar : add dfsdm
2025-07-19 02:20:29,619 [INFO] IPUIPlugin:80 - create IPUIPlugin
2025-07-19 02:20:29,620 [INFO] PluginManager:220 - loadIPPluginJar : add dma
2025-07-19 02:20:29,624 [INFO] IPUIPlugin:80 - create IPUIPlugin
2025-07-19 02:20:29,624 [INFO] PluginManager:220 - loadIPPluginJar : add dma3
2025-07-19 02:20:29,627 [INFO] IPUIPlugin:80 - create IPUIPlugin
2025-07-19 02:20:29,627 [INFO] PluginManager:220 - loadIPPluginJar : add extmemmanager
2025-07-19 02:20:29,630 [INFO] IPUIPlugin:80 - create IPUIPlugin
2025-07-19 02:20:29,630 [INFO] PluginManager:220 - loadIPPluginJar : add fatfs
2025-07-19 02:20:29,635 [INFO] IPUIPlugin:80 - create IPUIPlugin
2025-07-19 02:20:29,635 [INFO] PluginManager:220 - loadIPPluginJar : add fmc
2025-07-19 02:20:29,642 [INFO] IPUIPlugin:80 - create IPUIPlugin
2025-07-19 02:20:29,642 [INFO] PluginManager:220 - loadIPPluginJar : add freertos
2025-07-19 02:20:29,644 [INFO] IPUIPlugin:80 - create IPUIPlugin
2025-07-19 02:20:29,644 [INFO] PluginManager:220 - loadIPPluginJar : add genericplugin
2025-07-19 02:20:29,647 [INFO] IPUIPlugin:80 - create IPUIPlugin
2025-07-19 02:20:29,647 [INFO] PluginManager:220 - loadIPPluginJar : add gfxmmu
2025-07-19 02:20:29,653 [INFO] IPUIPlugin:80 - create IPUIPlugin
2025-07-19 02:20:29,653 [INFO] PluginManager:220 - loadIPPluginJar : add gic
2025-07-19 02:20:29,658 [INFO] IPUIPlugin:80 - create IPUIPlugin
2025-07-19 02:20:29,659 [INFO] PluginManager:220 - loadIPPluginJar : add gpio
2025-07-19 02:20:29,663 [INFO] IPUIPlugin:80 - create IPUIPlugin
2025-07-19 02:20:29,663 [INFO] PluginManager:220 - loadIPPluginJar : add gtzc
2025-07-19 02:20:29,668 [INFO] IPUIPlugin:80 - create IPUIPlugin
2025-07-19 02:20:29,668 [INFO] PluginManager:220 - loadIPPluginJar : add hash
2025-07-19 02:20:29,672 [INFO] IPUIPlugin:80 - create IPUIPlugin
2025-07-19 02:20:29,672 [INFO] PluginManager:220 - loadIPPluginJar : add i2c
2025-07-19 02:20:29,676 [INFO] IPUIPlugin:80 - create IPUIPlugin
2025-07-19 02:20:29,676 [INFO] PluginManager:220 - loadIPPluginJar : add i2s
2025-07-19 02:20:29,681 [INFO] IPUIPlugin:80 - create IPUIPlugin
2025-07-19 02:20:29,681 [INFO] PluginManager:220 - loadIPPluginJar : add i3c
2025-07-19 02:20:29,686 [INFO] IPUIPlugin:80 - create IPUIPlugin
2025-07-19 02:20:29,687 [INFO] PluginManager:220 - loadIPPluginJar : add ipddr
2025-07-19 02:20:29,695 [INFO] IPUIPlugin:80 - create IPUIPlugin
2025-07-19 02:20:29,695 [INFO] PluginManager:220 - loadIPPluginJar : add linkedlist
2025-07-19 02:20:29,700 [INFO] IPUIPlugin:80 - create IPUIPlugin
2025-07-19 02:20:29,700 [INFO] PluginManager:220 - loadIPPluginJar : add lorawan
2025-07-19 02:20:29,703 [INFO] IPUIPlugin:80 - create IPUIPlugin
2025-07-19 02:20:29,703 [INFO] PluginManager:220 - loadIPPluginJar : add ltdc
2025-07-19 02:20:29,711 [INFO] IPUIPlugin:80 - create IPUIPlugin
2025-07-19 02:20:29,711 [INFO] PluginManager:220 - loadIPPluginJar : add mdma
2025-07-19 02:20:29,716 [INFO] IPUIPlugin:80 - create IPUIPlugin
2025-07-19 02:20:29,716 [INFO] PluginManager:220 - loadIPPluginJar : add nvic
2025-07-19 02:20:29,721 [INFO] IPUIPlugin:80 - create IPUIPlugin
2025-07-19 02:20:29,721 [INFO] PluginManager:220 - loadIPPluginJar : add opamp
2025-07-19 02:20:29,725 [INFO] IPUIPlugin:80 - create IPUIPlugin
2025-07-19 02:20:29,726 [INFO] PluginManager:220 - loadIPPluginJar : add openamp
2025-07-19 02:20:29,730 [INFO] IPUIPlugin:80 - create IPUIPlugin
2025-07-19 02:20:29,731 [INFO] PluginManager:220 - loadIPPluginJar : add pdm2pcm
2025-07-19 02:20:29,738 [INFO] IPUIPlugin:80 - create IPUIPlugin
2025-07-19 02:20:29,741 [INFO] PluginManager:220 - loadIPPluginJar : add plateformsettings
2025-07-19 02:20:29,743 [INFO] IPUIPlugin:80 - create IPUIPlugin
2025-07-19 02:20:29,743 [INFO] PluginManager:220 - loadIPPluginJar : add quadspi
2025-07-19 02:20:29,746 [INFO] IPUIPlugin:80 - create IPUIPlugin
2025-07-19 02:20:29,746 [INFO] PluginManager:220 - loadIPPluginJar : add radio
2025-07-19 02:20:29,751 [INFO] IPUIPlugin:80 - create IPUIPlugin
2025-07-19 02:20:29,751 [INFO] PluginManager:220 - loadIPPluginJar : add resmgrutility
2025-07-19 02:20:29,755 [INFO] IPUIPlugin:80 - create IPUIPlugin
2025-07-19 02:20:29,755 [INFO] PluginManager:220 - loadIPPluginJar : add sai
2025-07-19 02:20:29,759 [INFO] IPUIPlugin:80 - create IPUIPlugin
2025-07-19 02:20:29,759 [INFO] PluginManager:220 - loadIPPluginJar : add spi
2025-07-19 02:20:29,766 [INFO] IPUIPlugin:80 - create IPUIPlugin
2025-07-19 02:20:29,766 [INFO] PluginManager:220 - loadIPPluginJar : add stm32_wpan
2025-07-19 02:20:29,769 [INFO] IPUIPlugin:80 - create IPUIPlugin
2025-07-19 02:20:29,769 [INFO] PluginManager:220 - loadIPPluginJar : add tim
2025-07-19 02:20:29,774 [INFO] IPUIPlugin:80 - create IPUIPlugin
2025-07-19 02:20:29,774 [INFO] PluginManager:220 - loadIPPluginJar : add touchsensing
2025-07-19 02:20:29,777 [INFO] IPUIPlugin:80 - create IPUIPlugin
2025-07-19 02:20:29,777 [INFO] PluginManager:220 - loadIPPluginJar : add tracer_emb
2025-07-19 02:20:29,780 [INFO] IPUIPlugin:80 - create IPUIPlugin
2025-07-19 02:20:29,780 [INFO] PluginManager:220 - loadIPPluginJar : add ts
2025-07-19 02:20:29,783 [INFO] IPUIPlugin:80 - create IPUIPlugin
2025-07-19 02:20:29,783 [INFO] PluginManager:220 - loadIPPluginJar : add tsc
2025-07-19 02:20:29,786 [INFO] IPUIPlugin:80 - create IPUIPlugin
2025-07-19 02:20:29,786 [INFO] PluginManager:220 - loadIPPluginJar : add ucpd
2025-07-19 02:20:29,789 [INFO] IPUIPlugin:80 - create IPUIPlugin
2025-07-19 02:20:29,789 [INFO] PluginManager:220 - loadIPPluginJar : add usart
2025-07-19 02:20:29,793 [INFO] IPUIPlugin:80 - create IPUIPlugin
2025-07-19 02:20:29,793 [INFO] PluginManager:220 - loadIPPluginJar : add usbx
2025-07-19 02:20:29,926 [FATAL] Updater:351 - Updater called before beeing initialized
2025-07-19 02:20:30,024 [INFO] RulesReader:64 - Compatibility file has been processed (317 Rules)
2025-07-19 02:20:30,054 [INFO] RulesReader:64 - Compatibility file has been processed (317 Rules)
2025-07-19 02:20:30,062 [INFO] CADModel:165 - CPN selected for project level
2025-07-19 02:20:30,062 [INFO] CADModel:114 - Register for checkConnection events
2025-07-19 02:20:30,063 [FATAL] Updater:351 - Updater called before beeing initialized
2025-07-19 02:20:30,063 [ERROR] CADModel:125 - Updater not yet initialized, retry later 
2025-07-19 02:20:30,208 [FATAL] Updater:351 - Updater called before beeing initialized
2025-07-19 02:20:30,211 [INFO] CADModel:165 - CPN selected for project level
2025-07-19 02:20:30,212 [INFO] CADModel:114 - Register for checkConnection events
2025-07-19 02:20:30,212 [FATAL] Updater:351 - Updater called before beeing initialized
2025-07-19 02:20:30,212 [ERROR] CADModel:125 - Updater not yet initialized, retry later 
2025-07-19 02:20:30,222 [FATAL] Updater:351 - Updater called before beeing initialized
2025-07-19 02:20:30,374 [FATAL] Updater:351 - Updater called before beeing initialized
2025-07-19 02:20:30,380 [INFO] DbMcusAds:53 - JSON generation date=Tue Jul 08 10:14:23 CEST 2025 (1751962463524)
2025-07-19 02:20:30,380 [FATAL] Updater:351 - Updater called before beeing initialized
2025-07-19 02:20:30,436 [WARN] DetailPanel:346 - Failed to get advertising image, set to default
2025-07-19 02:20:30,562 [FATAL] Updater:351 - Updater called before beeing initialized
2025-07-19 02:20:30,565 [FATAL] Updater:351 - Updater called before beeing initialized
2025-07-19 02:20:30,565 [FATAL] Updater:351 - Updater called before beeing initialized
2025-07-19 02:20:30,565 [WARN] DetailPanel:346 - Failed to get advertising image, set to default
2025-07-19 02:20:30,567 [FATAL] Updater:351 - Updater called before beeing initialized
2025-07-19 02:20:30,626 [ERROR] Updater:1198 - MainUpdater not yet initialized. External WinMGr cannot be set.
2025-07-19 02:20:30,648 [INFO] Updater:1134 - Updater Version found : 6.15.0
2025-07-19 02:20:30,671 [INFO] ApplicationProperties:184 - Using Application install path: C:\ST\STM32CubeIDE_1.19.0\STM32CubeIDE\plugins\com.st.stm32cube.common.mx_6.15.0.202507011659
2025-07-19 02:20:31,973 [INFO] ThirdPartyUpdaterWithRetryManager:70 - Updater plugin not ready yet. [2/15]
2025-07-19 02:20:32,251 [ERROR] LogOutputStream:75 - [STDERR_REDIRECT] Jul 19, 2025 2:20:32 AM java.util.prefs.WindowsPreferences <init>
2025-07-19 02:20:32,254 [ERROR] LogOutputStream:75 - [STDERR_REDIRECT] WARNING: Could not open/create prefs root node Software\JavaSoft\Prefs at root 0xffffffff80000002. Windows RegCreateKeyEx(...) returned error code 5.
2025-07-19 02:20:32,254 [ERROR] LogOutputStream:75 - [STDERR_REDIRECT] 
2025-07-19 02:20:32,711 [INFO] MainUpdater:2872 - connection check result : 10
2025-07-19 02:20:32,712 [INFO] MainUpdater:289 - Updater Check For Update Now.
2025-07-19 02:20:32,712 [INFO] MicroXplorer:498 - Change Database Version : DB.6.0.150
2025-07-19 02:20:32,719 [INFO] McuFinderGlobals:63 - Set McuFinder mode to 2 (CubeIDE integrated)
2025-07-19 02:20:32,720 [INFO] UserAuth:487 - Internet connection configuration mode: 1
2025-07-19 02:20:32,747 [INFO] JxBrowserEngine:152 - Initiate JxBrowser Engine with user profile folder
2025-07-19 02:20:32,903 [INFO] CheckServerUpdateThread:120 - End of CheckServer Thread
2025-07-19 02:20:34,328 [INFO] WebApp:169 - Instantiating new browser for Auth
2025-07-19 02:20:35,220 [INFO] WebApp:463 - Apply proxy settings
2025-07-19 02:20:35,221 [INFO] WebApp:548 - Chromium requires no authentication
2025-07-19 02:20:35,234 [INFO] WebApp:491 - Direct internet connection detected
2025-07-19 02:20:35,280 [INFO] WebApp:900 - Register for checkConnection events
2025-07-19 02:20:35,281 [INFO] WebApp:463 - Apply proxy settings
2025-07-19 02:20:35,281 [INFO] WebApp:548 - Chromium requires no authentication
2025-07-19 02:20:35,282 [INFO] WebApp:491 - Direct internet connection detected
2025-07-19 02:20:35,504 [INFO] WebApp:225 - Starting web application
2025-07-19 02:20:35,505 [INFO] WebApp:593 - Web application path used C:\ST\STM32CubeIDE_1.19.0\STM32CubeIDE\plugins\com.st.stm32cube.common.mx_6.15.0.202507011659\db\plugins\mcufinder\reactClient1\index.html
2025-07-19 02:20:35,534 [INFO] WebApp:191 - Connection restablished
2025-07-19 02:20:35,562 [WARN] PackLoader:240 - Cannot read IP mode file for STMicroelectronics.FP-SNS-MOTENVWB1.1.4.0
2025-07-19 02:20:35,633 [WARN] PackLoader:240 - Cannot read IP mode file for STMicroelectronics.FP-ATR-ASTRA1.2.0.2
2025-07-19 02:20:35,661 [WARN] PackLoader:240 - Cannot read IP mode file for STMicroelectronics.FP-ATR-ASTRA1.2.0.1
2025-07-19 02:20:35,722 [WARN] PackLoader:240 - Cannot read IP mode file for STMicroelectronics.X-CUBE-SMBUS.2.1.0
2025-07-19 02:20:35,791 [WARN] PackLoader:240 - Cannot read IP mode file for STMicroelectronics.X-CUBE-WB05N.1.1.0
2025-07-19 02:20:35,819 [WARN] PackLoader:240 - Cannot read IP mode file for STMicroelectronics.X-CUBE-ST60.1.0.0
2025-07-19 02:20:35,997 [WARN] PackLoader:240 - Cannot read IP mode file for STMicroelectronics.X-CUBE-AZRTOS-F7.1.1.0
2025-07-19 02:20:36,033 [WARN] PackLoader:240 - Cannot read IP mode file for STMicroelectronics.FP-SNS-FLIGHT1.5.0.2
2025-07-19 02:20:36,091 [INFO] UserAuth:487 - Internet connection configuration mode: 1
2025-07-19 02:20:36,150 [WARN] PackLoader:240 - Cannot read IP mode file for Infineon.AIROC-Wi-Fi-Bluetooth-STM32.1.7.0
2025-07-19 02:20:36,202 [WARN] PackLoader:240 - Cannot read IP mode file for STMicroelectronics.X-CUBE-AZRTOS-H7.3.4.0
2025-07-19 02:20:36,226 [WARN] PackLoader:240 - Cannot read IP mode file for STMicroelectronics.X-CUBE-DISPLAY.3.0.0
2025-07-19 02:20:36,276 [WARN] PackLoader:240 - Cannot read IP mode file for STMicroelectronics.X-CUBE-BLE1.7.0.0
2025-07-19 02:20:36,312 [WARN] PackLoader:240 - Cannot read IP mode file for STMicroelectronics.X-CUBE-NFC10.1.0.0
2025-07-19 02:20:36,338 [ERROR] LogOutputStream:75 - [STDERR_REDIRECT] [Fatal Error] :1:1: Premature end of file.
2025-07-19 02:20:36,342 [ERROR] LogOutputStream:75 - [STDERR_REDIRECT] 
2025-07-19 02:20:36,351 [WARN] PackLoader:240 - Cannot read IP mode file for STMicroelectronics.X-CUBE-BLEMGR.4.0.0
2025-07-19 02:20:36,364 [WARN] PackLoader:240 - Cannot read IP mode file for emotas.I-CUBE-CANOPEN.1.3.0
2025-07-19 02:20:36,372 [WARN] PackLoader:240 - Cannot read IP mode file for STMicroelectronics.X-CUBE-AI.10.0.0
2025-07-19 02:20:36,380 [WARN] PackLoader:240 - Cannot read IP mode file for STMicroelectronics.FP-SNS-SMARTAG2.1.2.0
2025-07-19 02:20:36,387 [WARN] PackLoader:240 - Cannot read IP mode file for STMicroelectronics.FP-SNS-FLIGHT1.5.1.0
2025-07-19 02:20:36,460 [WARN] PackLoader:240 - Cannot read IP mode file for STMicroelectronics.X-CUBE-MEMS1.11.1.0
2025-07-19 02:20:36,583 [INFO] LogOutputStream:77 - [STDOUT_REDIRECT] 1 : Invalid condition id : UX_CORESTACK_Condition cause : null
2025-07-19 02:20:36,583 [INFO] LogOutputStream:77 - [STDOUT_REDIRECT] 1 : Invalid condition id : UX_CORESTACK_Condition cause : null
2025-07-19 02:20:36,584 [INFO] LogOutputStream:77 - [STDOUT_REDIRECT] 1 : Invalid condition id : UX_CORESTACK_Condition cause : null
2025-07-19 02:20:36,586 [INFO] LogOutputStream:77 - [STDOUT_REDIRECT] 1 : Invalid condition id : UX_CORESTACK_Condition cause : null
2025-07-19 02:20:36,587 [INFO] LogOutputStream:77 - [STDOUT_REDIRECT] 1 : Invalid condition id : UX_CORESTACK_Condition cause : null
2025-07-19 02:20:36,590 [WARN] PackLoader:240 - Cannot read IP mode file for STMicroelectronics.X-CUBE-AZRTOS-WL.2.0.0
2025-07-19 02:20:36,595 [WARN] PackLoader:240 - Cannot read IP mode file for STMicroelectronics.FP-SNS-MOTENV1.5.0.0
2025-07-19 02:20:36,603 [WARN] PackLoader:240 - Cannot read IP mode file for wolfSSL.I-CUBE-wolfMQTT.1.19.0
2025-07-19 02:20:36,613 [WARN] PackLoader:240 - Cannot read IP mode file for WES.I-CUBE-Cesium.1.3.0
2025-07-19 02:20:36,622 [WARN] PackLoader:240 - Cannot read IP mode file for STMicroelectronics.X-CUBE-BLE2.3.3.0
2025-07-19 02:20:36,630 [WARN] PackLoader:240 - Cannot read IP mode file for STMicroelectronics.X-CUBE-NFC9.1.0.0
2025-07-19 02:20:36,637 [WARN] PackLoader:240 - Cannot read IP mode file for STMicroelectronics.X-CUBE-BLE1.7.1.0
2025-07-19 02:20:36,645 [WARN] PackLoader:240 - Cannot read IP mode file for STMicroelectronics.X-CUBE-EEPRMA1.5.2.0
2025-07-19 02:20:36,652 [WARN] PackLoader:240 - Cannot read IP mode file for STMicroelectronics.X-CUBE-AI.10.1.0
2025-07-19 02:20:36,702 [WARN] PackLoader:240 - Cannot read IP mode file for STMicroelectronics.X-CUBE-MEMS1.11.2.0
2025-07-19 02:20:36,955 [WARN] PackLoader:240 - Cannot read IP mode file for STMicroelectronics.X-CUBE-AZRTOS-G0.1.1.0
2025-07-19 02:20:36,964 [WARN] PackLoader:240 - Cannot read IP mode file for STMicroelectronics.X-CUBE-SAFEA1.1.2.2
2025-07-19 02:20:36,974 [WARN] PackLoader:240 - Cannot read IP mode file for STMicroelectronics.X-CUBE-NFC4.3.0.0
2025-07-19 02:20:36,988 [WARN] PackLoader:240 - Cannot read IP mode file for EmbeddedOffice.I-CUBE-FS-RTOS.1.0.1
2025-07-19 02:20:36,995 [WARN] PackLoader:240 - Cannot read IP mode file for STMicroelectronics.X-CUBE-WB05N.2.0.0
2025-07-19 02:20:37,005 [WARN] PackLoader:240 - Cannot read IP mode file for STMicroelectronics.X-CUBE-TCPP.4.2.0
2025-07-19 02:20:37,012 [WARN] PackLoader:240 - Cannot read IP mode file for RealThread.X-CUBE-RT-Thread_Nano.4.1.1
2025-07-19 02:20:37,018 [WARN] PackLoader:240 - Cannot read IP mode file for STMicroelectronics.FP-ATR-SIGFOX1.3.2.0
2025-07-19 02:20:37,025 [WARN] ConditionMgr:438 - getConditionDescription Invalid condition id : Cortex-A Device cause : null
2025-07-19 02:20:37,042 [WARN] ConditionMgr:1044 - genDependencies : Invalid condition id : Cortex-A Device cause : null
2025-07-19 02:20:37,042 [WARN] ConditionMgr:1044 - genDependencies : Invalid condition id : Cortex-A Device cause : null
2025-07-19 02:20:37,042 [WARN] ConditionMgr:1044 - genDependencies : Invalid condition id : Cortex-A Device cause : null
2025-07-19 02:20:37,049 [WARN] PackLoader:240 - Cannot read IP mode file for STMicroelectronics.X-CUBE-EEPRMA1.5.1.0
2025-07-19 02:20:37,057 [WARN] PackLoader:240 - Cannot read IP mode file for wolfSSL.I-CUBE-wolfSSL.5.7.4
2025-07-19 02:20:37,066 [WARN] PackLoader:240 - Cannot read IP mode file for ITTIA_DB.I-CUBE-ITTIADB.8.9.0
2025-07-19 02:20:37,074 [WARN] PackLoader:240 - Cannot read IP mode file for STMicroelectronics.X-CUBE-ST67W61.1.0.0
2025-07-19 02:20:37,104 [WARN] PackLoader:240 - Cannot read IP mode file for SEGGER.I-CUBE-embOS.1.3.1
2025-07-19 02:20:37,151 [WARN] PackLoader:240 - Cannot read IP mode file for STMicroelectronics.X-CUBE-ALGOBUILD.1.4.0
2025-07-19 02:20:37,197 [WARN] PackLoader:240 - Cannot read IP mode file for STMicroelectronics.X-CUBE-MEMS1.11.3.0
2025-07-19 02:20:37,255 [ERROR] LogOutputStream:75 - [STDERR_REDIRECT] [Fatal Error] :1:1: Premature end of file.
2025-07-19 02:20:37,256 [ERROR] LogOutputStream:75 - [STDERR_REDIRECT] 
2025-07-19 02:20:37,305 [WARN] PackLoader:240 - Cannot read IP mode file for STMicroelectronics.X-CUBE-AI.9.1.0
2025-07-19 02:20:37,309 [WARN] PackLoader:240 - Cannot read IP mode file for STMicroelectronics.X-CUBE-PM33A1.1.0.0
2025-07-19 02:20:37,323 [WARN] PackLoader:240 - Cannot read IP mode file for STMicroelectronics.X-CUBE-AZRTOS-F4.1.1.0
2025-07-19 02:20:37,328 [WARN] PackLoader:240 - Cannot read IP mode file for Avnet-IotConnect.X-CUBE-IoTC-DA16k-PMOD.1.0.0
2025-07-19 02:20:37,334 [WARN] PackLoader:240 - Cannot read IP mode file for STMicroelectronics.X-CUBE-ISPU.2.1.0
2025-07-19 02:20:37,342 [WARN] PackLoader:240 - Cannot read IP mode file for STMicroelectronics.X-CUBE-NFC12.1.0.0
2025-07-19 02:20:37,359 [WARN] PackLoader:240 - Cannot read IP mode file for STMicroelectronics.X-CUBE-AZRTOS-L5.2.0.0
2025-07-19 02:20:37,370 [WARN] PackLoader:240 - Cannot read IP mode file for STMicroelectronics.X-CUBE-NFC6.3.1.0
2025-07-19 02:20:37,379 [WARN] PackLoader:240 - Cannot read IP mode file for STMicroelectronics.X-CUBE-DPower.1.2.0
2025-07-19 02:20:37,387 [WARN] PackLoader:240 - Cannot read IP mode file for STMicroelectronics.X-CUBE-FREERTOS.1.3.1
2025-07-19 02:20:37,392 [WARN] PackLoader:240 - Cannot read IP mode file for STMicroelectronics.X-CUBE-FREERTOS.1.3.0
2025-07-19 02:20:37,400 [WARN] PackLoader:240 - Cannot read IP mode file for STMicroelectronics.X-CUBE-NFC7.1.0.1
2025-07-19 02:20:37,408 [WARN] PackLoader:240 - Cannot read IP mode file for STMicroelectronics.FP-SNS-STAIOTCFT.1.0.0
2025-07-19 02:20:37,414 [WARN] PackLoader:240 - Cannot read IP mode file for STMicroelectronics.X-CUBE-DPower.1.3.0
2025-07-19 02:20:37,439 [WARN] ConditionMgr:438 - getConditionDescription Invalid condition id : LAN8742 Phy interface Condition cause : null
2025-07-19 02:20:37,440 [WARN] PackLoader:240 - Cannot read IP mode file for STMicroelectronics.X-CUBE-AZRTOS-L4.2.0.0
2025-07-19 02:20:37,441 [WARN] ConditionMgr:1044 - genDependencies : Invalid condition id : LAN8742 Phy interface Condition cause : null
2025-07-19 02:20:37,441 [WARN] ConditionMgr:1044 - genDependencies : Invalid condition id : LAN8742 Phy interface Condition cause : null
2025-07-19 02:20:37,442 [WARN] ConditionMgr:1044 - genDependencies : Invalid condition id : LAN8742 Phy interface Condition cause : null
2025-07-19 02:20:37,453 [WARN] PackLoader:240 - Cannot read IP mode file for STMicroelectronics.X-CUBE-SFXS2LP1.4.0.0
2025-07-19 02:20:37,477 [WARN] PackLoader:240 - Cannot read IP mode file for STMicroelectronics.X-CUBE-AZRTOS-H7.3.3.0
2025-07-19 02:20:37,490 [WARN] PackLoader:240 - Cannot read IP mode file for STMicroelectronics.X-CUBE-BLEMGR.4.1.0
2025-07-19 02:20:37,509 [WARN] ConditionMgr:438 - getConditionDescription Invalid condition id : UX DEVICE CLASS RTOS Condition cause : null
2025-07-19 02:20:37,509 [WARN] ConditionMgr:438 - getConditionDescription Invalid condition id : UX DEVICE CLASS RTOS Condition cause : null
2025-07-19 02:20:37,511 [WARN] PackLoader:240 - Cannot read IP mode file for STMicroelectronics.X-CUBE-AZRTOS-WB.2.0.0
2025-07-19 02:20:37,511 [WARN] ConditionMgr:1044 - genDependencies : Invalid condition id : UX DEVICE CLASS RTOS Condition cause : null
2025-07-19 02:20:37,511 [WARN] ConditionMgr:1044 - genDependencies : Invalid condition id : UX DEVICE CLASS RTOS Condition cause : null
2025-07-19 02:20:37,512 [WARN] ConditionMgr:1044 - genDependencies : Invalid condition id : UX DEVICE CLASS RTOS Condition cause : null
2025-07-19 02:20:37,512 [WARN] ConditionMgr:1044 - genDependencies : Invalid condition id : UX DEVICE CLASS RTOS Condition cause : null
2025-07-19 02:20:37,512 [WARN] ConditionMgr:1044 - genDependencies : Invalid condition id : UX DEVICE CLASS RTOS Condition cause : null
2025-07-19 02:20:37,518 [WARN] PackLoader:240 - Cannot read IP mode file for STMicroelectronics.X-CUBE-GNSS1.7.0.1
2025-07-19 02:20:37,524 [WARN] PackLoader:240 - Cannot read IP mode file for STMicroelectronics.X-CUBE-TOUCHGFX.4.25.0
2025-07-19 02:20:37,530 [WARN] PackLoader:240 - Cannot read IP mode file for STMicroelectronics.FP-SNS-STBOX1.2.0.0
2025-07-19 02:20:37,541 [WARN] PackLoader:240 - Cannot read IP mode file for STMicroelectronics.X-CUBE-SUBG2.5.0.0
2025-07-19 02:20:37,559 [WARN] PackLoader:240 - Cannot read IP mode file for STMicroelectronics.X-CUBE-AZRTOS-H7RS.1.1.0
2025-07-19 02:20:37,566 [WARN] PackLoader:240 - Cannot read IP mode file for Cesanta.I-CUBE-Mongoose.7.13.0
2025-07-19 02:20:37,578 [WARN] PackLoader:240 - Cannot read IP mode file for STMicroelectronics.X-CUBE-AZRTOS-G4.2.0.0
2025-07-19 02:20:37,583 [WARN] PackLoader:240 - Cannot read IP mode file for STMicroelectronics.X-CUBE-NFC7.2.0.0
2025-07-19 02:20:37,604 [WARN] PackLoader:240 - Cannot read IP mode file for STMicroelectronics.X-CUBE-IPS.3.1.0
2025-07-19 02:20:37,619 [WARN] PackLoader:240 - Cannot read IP mode file for STMicroelectronics.X-CUBE-ALS.1.0.2
2025-07-19 02:20:37,653 [WARN] PackLoader:240 - Cannot read IP mode file for STMicroelectronics.X-CUBE-MEMS1.10.0.0
2025-07-19 02:20:38,128 [WARN] PackLoader:240 - Cannot read IP mode file for STMicroelectronics.X-CUBE-TOUCHGFX.4.24.2
2025-07-19 02:20:38,142 [WARN] PackLoader:240 - Cannot read IP mode file for wolfSSL.I-CUBE-wolfTPM.3.4.0
2025-07-19 02:20:38,150 [WARN] PackLoader:240 - Cannot read IP mode file for portGmbH.I-Cube-SoM-uGOAL.1.1.0
2025-07-19 02:20:38,171 [WARN] PackLoader:240 - Cannot read IP mode file for STMicroelectronics.X-CUBE-AZRTOS-H7RS.1.0.0
2025-07-19 02:20:38,187 [WARN] PackLoader:240 - Cannot read IP mode file for STMicroelectronics.X-CUBE-TOF1.3.4.2
2025-07-19 02:20:38,212 [WARN] PackLoader:240 - Cannot read IP mode file for STMicroelectronics.X-CUBE-TOF1.3.4.3
2025-07-19 02:20:38,239 [WARN] PackLoader:240 - Cannot read IP mode file for wolfSSL.I-CUBE-wolfSSH.1.4.17
2025-07-19 02:20:38,241 [INFO] ThirdParty:978 - Integrity check success = true
2025-07-19 02:20:38,241 [INFO] IntegrityCheckThread:100 - exiting critical section [integrity check]
2025-07-19 02:20:38,242 [INFO] IntegrityCheckThread:103 - End integrity checks thread
2025-07-19 02:20:38,305 [ERROR] LogOutputStream:75 - [STDERR_REDIRECT] [Fatal Error] :1:1: Premature end of file.
2025-07-19 02:20:38,306 [ERROR] LogOutputStream:75 - [STDERR_REDIRECT] 
2025-07-19 02:20:39,351 [ERROR] LogOutputStream:75 - [STDERR_REDIRECT] [Fatal Error] :1:1: Premature end of file.
2025-07-19 02:20:39,352 [ERROR] LogOutputStream:75 - [STDERR_REDIRECT] 
2025-07-19 02:20:40,254 [ERROR] LogOutputStream:75 - [STDERR_REDIRECT] [Fatal Error] :1:1: Premature end of file.
2025-07-19 02:20:40,254 [ERROR] LogOutputStream:75 - [STDERR_REDIRECT] 
2025-07-19 02:20:41,354 [ERROR] LogOutputStream:75 - [STDERR_REDIRECT] [Fatal Error] :1:1: Premature end of file.
2025-07-19 02:20:41,355 [ERROR] LogOutputStream:75 - [STDERR_REDIRECT] 
2025-07-19 02:20:42,352 [ERROR] LogOutputStream:75 - [STDERR_REDIRECT] [Fatal Error] :1:1: Premature end of file.
2025-07-19 02:20:42,353 [ERROR] LogOutputStream:75 - [STDERR_REDIRECT] 
2025-07-19 02:20:43,249 [ERROR] LogOutputStream:75 - [STDERR_REDIRECT] [Fatal Error] :1:1: Premature end of file.
2025-07-19 02:20:43,249 [ERROR] LogOutputStream:75 - [STDERR_REDIRECT] 
2025-07-19 02:20:44,373 [ERROR] LogOutputStream:75 - [STDERR_REDIRECT] [Fatal Error] :1:1: Premature end of file.
2025-07-19 02:20:44,374 [ERROR] LogOutputStream:75 - [STDERR_REDIRECT] 
2025-07-19 02:20:45,345 [ERROR] LogOutputStream:75 - [STDERR_REDIRECT] [Fatal Error] :1:1: Premature end of file.
2025-07-19 02:20:45,345 [ERROR] LogOutputStream:75 - [STDERR_REDIRECT] 
2025-07-19 02:20:46,257 [ERROR] LogOutputStream:75 - [STDERR_REDIRECT] [Fatal Error] :1:1: Premature end of file.
2025-07-19 02:20:46,257 [ERROR] LogOutputStream:75 - [STDERR_REDIRECT] 
2025-07-19 02:20:47,322 [ERROR] LogOutputStream:75 - [STDERR_REDIRECT] [Fatal Error] :1:1: Premature end of file.
2025-07-19 02:20:47,322 [ERROR] LogOutputStream:75 - [STDERR_REDIRECT] 
2025-07-19 02:20:48,262 [ERROR] LogOutputStream:75 - [STDERR_REDIRECT] [Fatal Error] :1:1: Premature end of file.
2025-07-19 02:20:48,262 [ERROR] LogOutputStream:75 - [STDERR_REDIRECT] 
2025-07-19 02:20:49,260 [ERROR] LogOutputStream:75 - [STDERR_REDIRECT] [Fatal Error] :1:1: Premature end of file.
2025-07-19 02:20:49,260 [ERROR] LogOutputStream:75 - [STDERR_REDIRECT] 
2025-07-19 02:20:50,348 [ERROR] LogOutputStream:75 - [STDERR_REDIRECT] [Fatal Error] :1:1: Premature end of file.
2025-07-19 02:20:50,349 [ERROR] LogOutputStream:75 - [STDERR_REDIRECT] 
2025-07-19 02:20:51,330 [ERROR] LogOutputStream:75 - [STDERR_REDIRECT] [Fatal Error] :1:1: Premature end of file.
2025-07-19 02:20:51,331 [ERROR] LogOutputStream:75 - [STDERR_REDIRECT] 
2025-07-19 02:20:52,254 [ERROR] LogOutputStream:75 - [STDERR_REDIRECT] [Fatal Error] :1:1: Premature end of file.
2025-07-19 02:20:52,254 [ERROR] LogOutputStream:75 - [STDERR_REDIRECT] 
2025-07-19 02:20:53,244 [ERROR] LogOutputStream:75 - [STDERR_REDIRECT] [Fatal Error] :1:1: Premature end of file.
2025-07-19 02:20:53,245 [ERROR] LogOutputStream:75 - [STDERR_REDIRECT] 
2025-07-19 02:20:54,243 [ERROR] LogOutputStream:75 - [STDERR_REDIRECT] [Fatal Error] :1:1: Premature end of file.
2025-07-19 02:20:54,243 [ERROR] LogOutputStream:75 - [STDERR_REDIRECT] 
2025-07-19 02:20:55,261 [ERROR] LogOutputStream:75 - [STDERR_REDIRECT] [Fatal Error] :1:1: Premature end of file.
2025-07-19 02:20:55,261 [ERROR] LogOutputStream:75 - [STDERR_REDIRECT] 
2025-07-19 02:20:56,271 [ERROR] LogOutputStream:75 - [STDERR_REDIRECT] [Fatal Error] :1:1: Premature end of file.
2025-07-19 02:20:56,271 [ERROR] LogOutputStream:75 - [STDERR_REDIRECT] 
2025-07-19 02:20:57,244 [ERROR] LogOutputStream:75 - [STDERR_REDIRECT] [Fatal Error] :1:1: Premature end of file.
2025-07-19 02:20:57,244 [ERROR] LogOutputStream:75 - [STDERR_REDIRECT] 
2025-07-19 02:20:58,243 [ERROR] LogOutputStream:75 - [STDERR_REDIRECT] [Fatal Error] :1:1: Premature end of file.
2025-07-19 02:20:58,243 [ERROR] LogOutputStream:75 - [STDERR_REDIRECT] 
2025-07-19 02:20:59,303 [ERROR] LogOutputStream:75 - [STDERR_REDIRECT] [Fatal Error] :1:1: Premature end of file.
2025-07-19 02:20:59,303 [ERROR] LogOutputStream:75 - [STDERR_REDIRECT] 
2025-07-19 02:21:00,258 [ERROR] LogOutputStream:75 - [STDERR_REDIRECT] [Fatal Error] :1:1: Premature end of file.
2025-07-19 02:21:00,258 [ERROR] LogOutputStream:75 - [STDERR_REDIRECT] 
2025-07-19 02:21:01,305 [ERROR] LogOutputStream:75 - [STDERR_REDIRECT] [Fatal Error] :1:1: Premature end of file.
2025-07-19 02:21:01,305 [ERROR] LogOutputStream:75 - [STDERR_REDIRECT] 
2025-07-19 02:21:02,259 [ERROR] LogOutputStream:75 - [STDERR_REDIRECT] [Fatal Error] :1:1: Premature end of file.
2025-07-19 02:21:02,260 [ERROR] LogOutputStream:75 - [STDERR_REDIRECT] 
2025-07-19 02:21:03,255 [ERROR] LogOutputStream:75 - [STDERR_REDIRECT] [Fatal Error] :1:1: Premature end of file.
2025-07-19 02:21:03,255 [ERROR] LogOutputStream:75 - [STDERR_REDIRECT] 
2025-07-19 02:21:04,254 [ERROR] LogOutputStream:75 - [STDERR_REDIRECT] [Fatal Error] :1:1: Premature end of file.
2025-07-19 02:21:04,255 [ERROR] LogOutputStream:75 - [STDERR_REDIRECT] 
2025-07-19 02:21:05,245 [ERROR] LogOutputStream:75 - [STDERR_REDIRECT] [Fatal Error] :1:1: Premature end of file.
2025-07-19 02:21:05,246 [ERROR] LogOutputStream:75 - [STDERR_REDIRECT] 
2025-07-19 02:21:06,251 [ERROR] LogOutputStream:75 - [STDERR_REDIRECT] [Fatal Error] :1:1: Premature end of file.
2025-07-19 02:21:06,251 [ERROR] LogOutputStream:75 - [STDERR_REDIRECT] 
2025-07-19 02:21:07,264 [ERROR] LogOutputStream:75 - [STDERR_REDIRECT] [Fatal Error] :1:1: Premature end of file.
2025-07-19 02:21:07,265 [ERROR] LogOutputStream:75 - [STDERR_REDIRECT] 
2025-07-19 02:21:08,248 [ERROR] LogOutputStream:75 - [STDERR_REDIRECT] [Fatal Error] :1:1: Premature end of file.
2025-07-19 02:21:08,248 [ERROR] LogOutputStream:75 - [STDERR_REDIRECT] 
2025-07-19 02:21:09,267 [ERROR] LogOutputStream:75 - [STDERR_REDIRECT] [Fatal Error] :1:1: Premature end of file.
2025-07-19 02:21:09,267 [ERROR] LogOutputStream:75 - [STDERR_REDIRECT] 
2025-07-19 02:21:10,266 [ERROR] LogOutputStream:75 - [STDERR_REDIRECT] [Fatal Error] :1:1: Premature end of file.
2025-07-19 02:21:10,266 [ERROR] LogOutputStream:75 - [STDERR_REDIRECT] 
2025-07-19 02:21:11,250 [ERROR] LogOutputStream:75 - [STDERR_REDIRECT] [Fatal Error] :1:1: Premature end of file.
2025-07-19 02:21:11,250 [ERROR] LogOutputStream:75 - [STDERR_REDIRECT] 
2025-07-19 02:21:12,262 [ERROR] LogOutputStream:75 - [STDERR_REDIRECT] [Fatal Error] :1:1: Premature end of file.
2025-07-19 02:21:12,262 [ERROR] LogOutputStream:75 - [STDERR_REDIRECT] 
2025-07-19 02:21:13,265 [ERROR] LogOutputStream:75 - [STDERR_REDIRECT] [Fatal Error] :1:1: Premature end of file.
2025-07-19 02:21:13,266 [ERROR] LogOutputStream:75 - [STDERR_REDIRECT] 
2025-07-19 02:21:14,360 [ERROR] LogOutputStream:75 - [STDERR_REDIRECT] [Fatal Error] :1:1: Premature end of file.
2025-07-19 02:21:14,360 [ERROR] LogOutputStream:75 - [STDERR_REDIRECT] 
2025-07-19 02:21:15,257 [ERROR] LogOutputStream:75 - [STDERR_REDIRECT] [Fatal Error] :1:1: Premature end of file.
2025-07-19 02:21:15,257 [ERROR] LogOutputStream:75 - [STDERR_REDIRECT] 
2025-07-19 02:21:16,246 [ERROR] LogOutputStream:75 - [STDERR_REDIRECT] [Fatal Error] :1:1: Premature end of file.
2025-07-19 02:21:16,247 [ERROR] LogOutputStream:75 - [STDERR_REDIRECT] 
2025-07-19 02:21:17,247 [ERROR] LogOutputStream:75 - [STDERR_REDIRECT] [Fatal Error] :1:1: Premature end of file.
2025-07-19 02:21:17,248 [ERROR] LogOutputStream:75 - [STDERR_REDIRECT] 
2025-07-19 02:21:18,248 [ERROR] LogOutputStream:75 - [STDERR_REDIRECT] [Fatal Error] :1:1: Premature end of file.
2025-07-19 02:21:18,248 [ERROR] LogOutputStream:75 - [STDERR_REDIRECT] 
2025-07-19 02:21:19,258 [ERROR] LogOutputStream:75 - [STDERR_REDIRECT] [Fatal Error] :1:1: Premature end of file.
2025-07-19 02:21:19,258 [ERROR] LogOutputStream:75 - [STDERR_REDIRECT] 
2025-07-19 02:21:20,260 [ERROR] LogOutputStream:75 - [STDERR_REDIRECT] [Fatal Error] :1:1: Premature end of file.
2025-07-19 02:21:20,260 [ERROR] LogOutputStream:75 - [STDERR_REDIRECT] 
2025-07-19 02:21:21,254 [ERROR] LogOutputStream:75 - [STDERR_REDIRECT] [Fatal Error] :1:1: Premature end of file.
2025-07-19 02:21:21,255 [ERROR] LogOutputStream:75 - [STDERR_REDIRECT] 
2025-07-19 02:21:22,297 [ERROR] LogOutputStream:75 - [STDERR_REDIRECT] [Fatal Error] :1:1: Premature end of file.
2025-07-19 02:21:22,297 [ERROR] LogOutputStream:75 - [STDERR_REDIRECT] 
2025-07-19 02:21:23,254 [ERROR] LogOutputStream:75 - [STDERR_REDIRECT] [Fatal Error] :1:1: Premature end of file.
2025-07-19 02:21:23,255 [ERROR] LogOutputStream:75 - [STDERR_REDIRECT] 
2025-07-19 02:21:24,345 [ERROR] LogOutputStream:75 - [STDERR_REDIRECT] [Fatal Error] :1:1: Premature end of file.
2025-07-19 02:21:24,346 [ERROR] LogOutputStream:75 - [STDERR_REDIRECT] 
2025-07-19 02:21:25,254 [ERROR] LogOutputStream:75 - [STDERR_REDIRECT] [Fatal Error] :1:1: Premature end of file.
2025-07-19 02:21:25,255 [ERROR] LogOutputStream:75 - [STDERR_REDIRECT] 
2025-07-19 02:21:26,250 [ERROR] LogOutputStream:75 - [STDERR_REDIRECT] [Fatal Error] :1:1: Premature end of file.
2025-07-19 02:21:26,250 [ERROR] LogOutputStream:75 - [STDERR_REDIRECT] 
2025-07-19 02:21:27,259 [ERROR] LogOutputStream:75 - [STDERR_REDIRECT] [Fatal Error] :1:1: Premature end of file.
2025-07-19 02:21:27,259 [ERROR] LogOutputStream:75 - [STDERR_REDIRECT] 
2025-07-19 02:21:28,249 [ERROR] LogOutputStream:75 - [STDERR_REDIRECT] [Fatal Error] :1:1: Premature end of file.
2025-07-19 02:21:28,249 [ERROR] LogOutputStream:75 - [STDERR_REDIRECT] 
2025-07-19 02:21:29,248 [ERROR] LogOutputStream:75 - [STDERR_REDIRECT] [Fatal Error] :1:1: Premature end of file.
2025-07-19 02:21:29,248 [ERROR] LogOutputStream:75 - [STDERR_REDIRECT] 
2025-07-19 02:21:30,291 [ERROR] LogOutputStream:75 - [STDERR_REDIRECT] [Fatal Error] :1:1: Premature end of file.
2025-07-19 02:21:30,291 [ERROR] LogOutputStream:75 - [STDERR_REDIRECT] 
2025-07-19 02:21:31,246 [ERROR] LogOutputStream:75 - [STDERR_REDIRECT] [Fatal Error] :1:1: Premature end of file.
2025-07-19 02:21:31,247 [ERROR] LogOutputStream:75 - [STDERR_REDIRECT] 
2025-07-19 02:21:32,289 [ERROR] LogOutputStream:75 - [STDERR_REDIRECT] [Fatal Error] :1:1: Premature end of file.
2025-07-19 02:21:32,289 [ERROR] LogOutputStream:75 - [STDERR_REDIRECT] 
2025-07-19 02:21:33,257 [ERROR] LogOutputStream:75 - [STDERR_REDIRECT] [Fatal Error] :1:1: Premature end of file.
2025-07-19 02:21:33,258 [ERROR] LogOutputStream:75 - [STDERR_REDIRECT] 
2025-07-19 02:21:34,351 [ERROR] LogOutputStream:75 - [STDERR_REDIRECT] [Fatal Error] :1:1: Premature end of file.
2025-07-19 02:21:34,352 [ERROR] LogOutputStream:75 - [STDERR_REDIRECT] 
2025-07-19 02:21:35,275 [ERROR] LogOutputStream:75 - [STDERR_REDIRECT] [Fatal Error] :1:1: Premature end of file.
2025-07-19 02:21:35,276 [ERROR] LogOutputStream:75 - [STDERR_REDIRECT] 
2025-07-19 02:21:36,250 [ERROR] LogOutputStream:75 - [STDERR_REDIRECT] [Fatal Error] :1:1: Premature end of file.
2025-07-19 02:21:36,251 [ERROR] LogOutputStream:75 - [STDERR_REDIRECT] 
2025-07-19 02:21:37,283 [ERROR] LogOutputStream:75 - [STDERR_REDIRECT] [Fatal Error] :1:1: Premature end of file.
2025-07-19 02:21:37,283 [ERROR] LogOutputStream:75 - [STDERR_REDIRECT] 
2025-07-19 02:21:38,293 [ERROR] LogOutputStream:75 - [STDERR_REDIRECT] [Fatal Error] :1:1: Premature end of file.
2025-07-19 02:21:38,293 [ERROR] LogOutputStream:75 - [STDERR_REDIRECT] 
2025-07-19 02:21:39,261 [ERROR] LogOutputStream:75 - [STDERR_REDIRECT] [Fatal Error] :1:1: Premature end of file.
2025-07-19 02:21:39,261 [ERROR] LogOutputStream:75 - [STDERR_REDIRECT] 
2025-07-19 02:21:40,286 [ERROR] LogOutputStream:75 - [STDERR_REDIRECT] [Fatal Error] :1:1: Premature end of file.
2025-07-19 02:21:40,286 [ERROR] LogOutputStream:75 - [STDERR_REDIRECT] 
2025-07-19 02:21:41,272 [ERROR] LogOutputStream:75 - [STDERR_REDIRECT] [Fatal Error] :1:1: Premature end of file.
2025-07-19 02:21:41,272 [ERROR] LogOutputStream:75 - [STDERR_REDIRECT] 
2025-07-19 02:21:42,345 [ERROR] LogOutputStream:75 - [STDERR_REDIRECT] [Fatal Error] :1:1: Premature end of file.
2025-07-19 02:21:42,346 [ERROR] LogOutputStream:75 - [STDERR_REDIRECT] 
2025-07-19 02:21:43,253 [ERROR] LogOutputStream:75 - [STDERR_REDIRECT] [Fatal Error] :1:1: Premature end of file.
2025-07-19 02:21:43,253 [ERROR] LogOutputStream:75 - [STDERR_REDIRECT] 
2025-07-19 02:21:44,248 [ERROR] LogOutputStream:75 - [STDERR_REDIRECT] [Fatal Error] :1:1: Premature end of file.
2025-07-19 02:21:44,249 [ERROR] LogOutputStream:75 - [STDERR_REDIRECT] 
2025-07-19 02:21:45,251 [ERROR] LogOutputStream:75 - [STDERR_REDIRECT] [Fatal Error] :1:1: Premature end of file.
2025-07-19 02:21:45,251 [ERROR] LogOutputStream:75 - [STDERR_REDIRECT] 
2025-07-19 02:21:46,255 [ERROR] LogOutputStream:75 - [STDERR_REDIRECT] [Fatal Error] :1:1: Premature end of file.
2025-07-19 02:21:46,255 [ERROR] LogOutputStream:75 - [STDERR_REDIRECT] 
2025-07-19 02:21:47,256 [ERROR] LogOutputStream:75 - [STDERR_REDIRECT] [Fatal Error] :1:1: Premature end of file.
2025-07-19 02:21:47,256 [ERROR] LogOutputStream:75 - [STDERR_REDIRECT] 
2025-07-19 02:21:48,356 [ERROR] LogOutputStream:75 - [STDERR_REDIRECT] [Fatal Error] :1:1: Premature end of file.
2025-07-19 02:21:48,358 [ERROR] LogOutputStream:75 - [STDERR_REDIRECT] 
2025-07-19 02:21:49,298 [ERROR] LogOutputStream:75 - [STDERR_REDIRECT] [Fatal Error] :1:1: Premature end of file.
2025-07-19 02:21:49,298 [ERROR] LogOutputStream:75 - [STDERR_REDIRECT] 
2025-07-19 02:21:50,335 [ERROR] LogOutputStream:75 - [STDERR_REDIRECT] [Fatal Error] :1:1: Premature end of file.
2025-07-19 02:21:50,335 [ERROR] LogOutputStream:75 - [STDERR_REDIRECT] 
2025-07-19 02:21:51,352 [ERROR] LogOutputStream:75 - [STDERR_REDIRECT] [Fatal Error] :1:1: Premature end of file.
2025-07-19 02:21:51,354 [ERROR] LogOutputStream:75 - [STDERR_REDIRECT] 
2025-07-19 02:21:52,327 [ERROR] LogOutputStream:75 - [STDERR_REDIRECT] [Fatal Error] :1:1: Premature end of file.
2025-07-19 02:21:52,327 [ERROR] LogOutputStream:75 - [STDERR_REDIRECT] 
2025-07-19 02:21:53,297 [ERROR] LogOutputStream:75 - [STDERR_REDIRECT] [Fatal Error] :1:1: Premature end of file.
2025-07-19 02:21:53,297 [ERROR] LogOutputStream:75 - [STDERR_REDIRECT] 
2025-07-19 02:21:54,266 [ERROR] LogOutputStream:75 - [STDERR_REDIRECT] [Fatal Error] :1:1: Premature end of file.
2025-07-19 02:21:54,266 [ERROR] LogOutputStream:75 - [STDERR_REDIRECT] 
2025-07-19 02:21:55,247 [ERROR] LogOutputStream:75 - [STDERR_REDIRECT] [Fatal Error] :1:1: Premature end of file.
2025-07-19 02:21:55,247 [ERROR] LogOutputStream:75 - [STDERR_REDIRECT] 
2025-07-19 02:21:56,345 [ERROR] LogOutputStream:75 - [STDERR_REDIRECT] [Fatal Error] :1:1: Premature end of file.
2025-07-19 02:21:56,345 [ERROR] LogOutputStream:75 - [STDERR_REDIRECT] 
2025-07-19 02:21:57,261 [ERROR] LogOutputStream:75 - [STDERR_REDIRECT] [Fatal Error] :1:1: Premature end of file.
2025-07-19 02:21:57,261 [ERROR] LogOutputStream:75 - [STDERR_REDIRECT] 
2025-07-19 02:21:58,256 [ERROR] LogOutputStream:75 - [STDERR_REDIRECT] [Fatal Error] :1:1: Premature end of file.
2025-07-19 02:21:58,256 [ERROR] LogOutputStream:75 - [STDERR_REDIRECT] 
2025-07-19 02:21:59,339 [ERROR] LogOutputStream:75 - [STDERR_REDIRECT] [Fatal Error] :1:1: Premature end of file.
2025-07-19 02:21:59,340 [ERROR] LogOutputStream:75 - [STDERR_REDIRECT] 
2025-07-19 02:22:00,297 [ERROR] LogOutputStream:75 - [STDERR_REDIRECT] [Fatal Error] :1:1: Premature end of file.
2025-07-19 02:22:00,297 [ERROR] LogOutputStream:75 - [STDERR_REDIRECT] 
2025-07-19 02:22:01,250 [ERROR] LogOutputStream:75 - [STDERR_REDIRECT] [Fatal Error] :1:1: Premature end of file.
2025-07-19 02:22:01,250 [ERROR] LogOutputStream:75 - [STDERR_REDIRECT] 
2025-07-19 02:22:02,254 [ERROR] LogOutputStream:75 - [STDERR_REDIRECT] [Fatal Error] :1:1: Premature end of file.
2025-07-19 02:22:02,254 [ERROR] LogOutputStream:75 - [STDERR_REDIRECT] 
2025-07-19 02:22:03,262 [ERROR] LogOutputStream:75 - [STDERR_REDIRECT] [Fatal Error] :1:1: Premature end of file.
2025-07-19 02:22:03,263 [ERROR] LogOutputStream:75 - [STDERR_REDIRECT] 
2025-07-19 02:22:04,338 [ERROR] LogOutputStream:75 - [STDERR_REDIRECT] [Fatal Error] :1:1: Premature end of file.
2025-07-19 02:22:04,338 [ERROR] LogOutputStream:75 - [STDERR_REDIRECT] 
2025-07-19 02:22:05,338 [ERROR] LogOutputStream:75 - [STDERR_REDIRECT] [Fatal Error] :1:1: Premature end of file.
2025-07-19 02:22:05,338 [ERROR] LogOutputStream:75 - [STDERR_REDIRECT] 
2025-07-19 02:22:06,330 [ERROR] LogOutputStream:75 - [STDERR_REDIRECT] [Fatal Error] :1:1: Premature end of file.
2025-07-19 02:22:06,330 [ERROR] LogOutputStream:75 - [STDERR_REDIRECT] 
2025-07-19 02:22:07,332 [ERROR] LogOutputStream:75 - [STDERR_REDIRECT] [Fatal Error] :1:1: Premature end of file.
2025-07-19 02:22:07,332 [ERROR] LogOutputStream:75 - [STDERR_REDIRECT] 
2025-07-19 02:22:08,343 [ERROR] LogOutputStream:75 - [STDERR_REDIRECT] [Fatal Error] :1:1: Premature end of file.
2025-07-19 02:22:08,343 [ERROR] LogOutputStream:75 - [STDERR_REDIRECT] 
2025-07-19 02:22:09,343 [ERROR] LogOutputStream:75 - [STDERR_REDIRECT] [Fatal Error] :1:1: Premature end of file.
2025-07-19 02:22:09,344 [ERROR] LogOutputStream:75 - [STDERR_REDIRECT] 
2025-07-19 02:22:10,354 [ERROR] LogOutputStream:75 - [STDERR_REDIRECT] [Fatal Error] :1:1: Premature end of file.
2025-07-19 02:22:10,355 [ERROR] LogOutputStream:75 - [STDERR_REDIRECT] 
2025-07-19 02:22:11,334 [ERROR] LogOutputStream:75 - [STDERR_REDIRECT] [Fatal Error] :1:1: Premature end of file.
2025-07-19 02:22:11,334 [ERROR] LogOutputStream:75 - [STDERR_REDIRECT] 
2025-07-19 02:22:12,254 [ERROR] LogOutputStream:75 - [STDERR_REDIRECT] [Fatal Error] :1:1: Premature end of file.
2025-07-19 02:22:12,255 [ERROR] LogOutputStream:75 - [STDERR_REDIRECT] 
2025-07-19 02:22:13,254 [ERROR] LogOutputStream:75 - [STDERR_REDIRECT] [Fatal Error] :1:1: Premature end of file.
2025-07-19 02:22:13,254 [ERROR] LogOutputStream:75 - [STDERR_REDIRECT] 
2025-07-19 02:22:14,252 [ERROR] LogOutputStream:75 - [STDERR_REDIRECT] [Fatal Error] :1:1: Premature end of file.
2025-07-19 02:22:14,252 [ERROR] LogOutputStream:75 - [STDERR_REDIRECT] 
2025-07-19 02:22:15,285 [ERROR] LogOutputStream:75 - [STDERR_REDIRECT] [Fatal Error] :1:1: Premature end of file.
2025-07-19 02:22:15,285 [ERROR] LogOutputStream:75 - [STDERR_REDIRECT] 
2025-07-19 02:22:16,263 [ERROR] LogOutputStream:75 - [STDERR_REDIRECT] [Fatal Error] :1:1: Premature end of file.
2025-07-19 02:22:16,263 [ERROR] LogOutputStream:75 - [STDERR_REDIRECT] 
2025-07-19 02:22:17,257 [ERROR] LogOutputStream:75 - [STDERR_REDIRECT] [Fatal Error] :1:1: Premature end of file.
2025-07-19 02:22:17,257 [ERROR] LogOutputStream:75 - [STDERR_REDIRECT] 
2025-07-19 02:22:18,263 [ERROR] LogOutputStream:75 - [STDERR_REDIRECT] [Fatal Error] :1:1: Premature end of file.
2025-07-19 02:22:18,263 [ERROR] LogOutputStream:75 - [STDERR_REDIRECT] 
2025-07-19 02:22:19,255 [ERROR] LogOutputStream:75 - [STDERR_REDIRECT] [Fatal Error] :1:1: Premature end of file.
2025-07-19 02:22:19,255 [ERROR] LogOutputStream:75 - [STDERR_REDIRECT] 
2025-07-19 02:22:20,247 [ERROR] LogOutputStream:75 - [STDERR_REDIRECT] [Fatal Error] :1:1: Premature end of file.
2025-07-19 02:22:20,247 [ERROR] LogOutputStream:75 - [STDERR_REDIRECT] 
2025-07-19 02:22:21,349 [ERROR] LogOutputStream:75 - [STDERR_REDIRECT] [Fatal Error] :1:1: Premature end of file.
2025-07-19 02:22:21,350 [ERROR] LogOutputStream:75 - [STDERR_REDIRECT] 
2025-07-19 02:22:22,252 [ERROR] LogOutputStream:75 - [STDERR_REDIRECT] [Fatal Error] :1:1: Premature end of file.
2025-07-19 02:22:22,253 [ERROR] LogOutputStream:75 - [STDERR_REDIRECT] 
2025-07-19 02:22:23,338 [ERROR] LogOutputStream:75 - [STDERR_REDIRECT] [Fatal Error] :1:1: Premature end of file.
2025-07-19 02:22:23,338 [ERROR] LogOutputStream:75 - [STDERR_REDIRECT] 
2025-07-19 02:22:24,338 [ERROR] LogOutputStream:75 - [STDERR_REDIRECT] [Fatal Error] :1:1: Premature end of file.
2025-07-19 02:22:24,339 [ERROR] LogOutputStream:75 - [STDERR_REDIRECT] 
2025-07-19 02:22:25,332 [ERROR] LogOutputStream:75 - [STDERR_REDIRECT] [Fatal Error] :1:1: Premature end of file.
2025-07-19 02:22:25,332 [ERROR] LogOutputStream:75 - [STDERR_REDIRECT] 
2025-07-19 02:22:26,285 [ERROR] LogOutputStream:75 - [STDERR_REDIRECT] [Fatal Error] :1:1: Premature end of file.
2025-07-19 02:22:26,285 [ERROR] LogOutputStream:75 - [STDERR_REDIRECT] 
2025-07-19 02:22:27,339 [ERROR] LogOutputStream:75 - [STDERR_REDIRECT] [Fatal Error] :1:1: Premature end of file.
2025-07-19 02:22:27,340 [ERROR] LogOutputStream:75 - [STDERR_REDIRECT] 
2025-07-19 02:22:28,251 [ERROR] LogOutputStream:75 - [STDERR_REDIRECT] [Fatal Error] :1:1: Premature end of file.
2025-07-19 02:22:28,251 [ERROR] LogOutputStream:75 - [STDERR_REDIRECT] 
2025-07-19 02:22:29,256 [ERROR] LogOutputStream:75 - [STDERR_REDIRECT] [Fatal Error] :1:1: Premature end of file.
2025-07-19 02:22:29,257 [ERROR] LogOutputStream:75 - [STDERR_REDIRECT] 
2025-07-19 02:22:30,257 [ERROR] LogOutputStream:75 - [STDERR_REDIRECT] [Fatal Error] :1:1: Premature end of file.
2025-07-19 02:22:30,257 [ERROR] LogOutputStream:75 - [STDERR_REDIRECT] 
2025-07-19 02:22:31,340 [ERROR] LogOutputStream:75 - [STDERR_REDIRECT] [Fatal Error] :1:1: Premature end of file.
2025-07-19 02:22:31,340 [ERROR] LogOutputStream:75 - [STDERR_REDIRECT] 
2025-07-19 02:22:32,255 [ERROR] LogOutputStream:75 - [STDERR_REDIRECT] [Fatal Error] :1:1: Premature end of file.
2025-07-19 02:22:32,255 [ERROR] LogOutputStream:75 - [STDERR_REDIRECT] 
2025-07-19 02:22:33,253 [ERROR] LogOutputStream:75 - [STDERR_REDIRECT] [Fatal Error] :1:1: Premature end of file.
2025-07-19 02:22:33,253 [ERROR] LogOutputStream:75 - [STDERR_REDIRECT] 
2025-07-19 02:22:34,249 [ERROR] LogOutputStream:75 - [STDERR_REDIRECT] [Fatal Error] :1:1: Premature end of file.
2025-07-19 02:22:34,250 [ERROR] LogOutputStream:75 - [STDERR_REDIRECT] 
2025-07-19 02:22:35,344 [ERROR] LogOutputStream:75 - [STDERR_REDIRECT] [Fatal Error] :1:1: Premature end of file.
2025-07-19 02:22:35,344 [ERROR] LogOutputStream:75 - [STDERR_REDIRECT] 
2025-07-19 02:22:36,306 [ERROR] LogOutputStream:75 - [STDERR_REDIRECT] [Fatal Error] :1:1: Premature end of file.
2025-07-19 02:22:36,307 [ERROR] LogOutputStream:75 - [STDERR_REDIRECT] 
2025-07-19 02:22:37,258 [ERROR] LogOutputStream:75 - [STDERR_REDIRECT] [Fatal Error] :1:1: Premature end of file.
2025-07-19 02:22:37,258 [ERROR] LogOutputStream:75 - [STDERR_REDIRECT] 
2025-07-19 02:22:38,248 [ERROR] LogOutputStream:75 - [STDERR_REDIRECT] [Fatal Error] :1:1: Premature end of file.
2025-07-19 02:22:38,248 [ERROR] LogOutputStream:75 - [STDERR_REDIRECT] 
2025-07-19 02:22:39,308 [ERROR] LogOutputStream:75 - [STDERR_REDIRECT] [Fatal Error] :1:1: Premature end of file.
2025-07-19 02:22:39,308 [ERROR] LogOutputStream:75 - [STDERR_REDIRECT] 
2025-07-19 02:22:40,336 [ERROR] LogOutputStream:75 - [STDERR_REDIRECT] [Fatal Error] :1:1: Premature end of file.
2025-07-19 02:22:40,337 [ERROR] LogOutputStream:75 - [STDERR_REDIRECT] 
2025-07-19 02:22:41,336 [ERROR] LogOutputStream:75 - [STDERR_REDIRECT] [Fatal Error] :1:1: Premature end of file.
2025-07-19 02:22:41,337 [ERROR] LogOutputStream:75 - [STDERR_REDIRECT] 
2025-07-19 02:22:42,343 [ERROR] LogOutputStream:75 - [STDERR_REDIRECT] [Fatal Error] :1:1: Premature end of file.
2025-07-19 02:22:42,344 [ERROR] LogOutputStream:75 - [STDERR_REDIRECT] 
2025-07-19 02:22:43,342 [ERROR] LogOutputStream:75 - [STDERR_REDIRECT] [Fatal Error] :1:1: Premature end of file.
2025-07-19 02:22:43,343 [ERROR] LogOutputStream:75 - [STDERR_REDIRECT] 
2025-07-19 02:22:44,261 [ERROR] LogOutputStream:75 - [STDERR_REDIRECT] [Fatal Error] :1:1: Premature end of file.
2025-07-19 02:22:44,261 [ERROR] LogOutputStream:75 - [STDERR_REDIRECT] 
2025-07-19 02:22:45,257 [ERROR] LogOutputStream:75 - [STDERR_REDIRECT] [Fatal Error] :1:1: Premature end of file.
2025-07-19 02:22:45,257 [ERROR] LogOutputStream:75 - [STDERR_REDIRECT] 
2025-07-19 02:22:46,249 [ERROR] LogOutputStream:75 - [STDERR_REDIRECT] [Fatal Error] :1:1: Premature end of file.
2025-07-19 02:22:46,249 [ERROR] LogOutputStream:75 - [STDERR_REDIRECT] 
2025-07-19 02:22:47,271 [ERROR] LogOutputStream:75 - [STDERR_REDIRECT] [Fatal Error] :1:1: Premature end of file.
2025-07-19 02:22:47,271 [ERROR] LogOutputStream:75 - [STDERR_REDIRECT] 
2025-07-19 02:22:48,256 [ERROR] LogOutputStream:75 - [STDERR_REDIRECT] [Fatal Error] :1:1: Premature end of file.
2025-07-19 02:22:48,257 [ERROR] LogOutputStream:75 - [STDERR_REDIRECT] 
2025-07-19 02:22:49,255 [ERROR] LogOutputStream:75 - [STDERR_REDIRECT] [Fatal Error] :1:1: Premature end of file.
2025-07-19 02:22:49,255 [ERROR] LogOutputStream:75 - [STDERR_REDIRECT] 
2025-07-19 02:22:50,285 [ERROR] LogOutputStream:75 - [STDERR_REDIRECT] [Fatal Error] :1:1: Premature end of file.
2025-07-19 02:22:50,285 [ERROR] LogOutputStream:75 - [STDERR_REDIRECT] 
2025-07-19 02:22:51,256 [ERROR] LogOutputStream:75 - [STDERR_REDIRECT] [Fatal Error] :1:1: Premature end of file.
2025-07-19 02:22:51,256 [ERROR] LogOutputStream:75 - [STDERR_REDIRECT] 
2025-07-19 02:22:52,276 [ERROR] LogOutputStream:75 - [STDERR_REDIRECT] [Fatal Error] :1:1: Premature end of file.
2025-07-19 02:22:52,277 [ERROR] LogOutputStream:75 - [STDERR_REDIRECT] 
2025-07-19 02:22:53,250 [ERROR] LogOutputStream:75 - [STDERR_REDIRECT] [Fatal Error] :1:1: Premature end of file.
2025-07-19 02:22:53,250 [ERROR] LogOutputStream:75 - [STDERR_REDIRECT] 
2025-07-19 02:22:54,345 [ERROR] LogOutputStream:75 - [STDERR_REDIRECT] [Fatal Error] :1:1: Premature end of file.
2025-07-19 02:22:54,346 [ERROR] LogOutputStream:75 - [STDERR_REDIRECT] 
2025-07-19 02:22:55,324 [ERROR] LogOutputStream:75 - [STDERR_REDIRECT] [Fatal Error] :1:1: Premature end of file.
2025-07-19 02:22:55,324 [ERROR] LogOutputStream:75 - [STDERR_REDIRECT] 
2025-07-19 02:22:56,300 [ERROR] LogOutputStream:75 - [STDERR_REDIRECT] [Fatal Error] :1:1: Premature end of file.
2025-07-19 02:22:56,301 [ERROR] LogOutputStream:75 - [STDERR_REDIRECT] 
2025-07-19 02:22:57,338 [ERROR] LogOutputStream:75 - [STDERR_REDIRECT] [Fatal Error] :1:1: Premature end of file.
2025-07-19 02:22:57,339 [ERROR] LogOutputStream:75 - [STDERR_REDIRECT] 
2025-07-19 02:22:58,348 [ERROR] LogOutputStream:75 - [STDERR_REDIRECT] [Fatal Error] :1:1: Premature end of file.
2025-07-19 02:22:58,348 [ERROR] LogOutputStream:75 - [STDERR_REDIRECT] 
2025-07-19 02:22:59,348 [ERROR] LogOutputStream:75 - [STDERR_REDIRECT] [Fatal Error] :1:1: Premature end of file.
2025-07-19 02:22:59,348 [ERROR] LogOutputStream:75 - [STDERR_REDIRECT] 
2025-07-19 02:23:00,334 [ERROR] LogOutputStream:75 - [STDERR_REDIRECT] [Fatal Error] :1:1: Premature end of file.
2025-07-19 02:23:00,334 [ERROR] LogOutputStream:75 - [STDERR_REDIRECT] 
2025-07-19 02:23:01,339 [ERROR] LogOutputStream:75 - [STDERR_REDIRECT] [Fatal Error] :1:1: Premature end of file.
2025-07-19 02:23:01,339 [ERROR] LogOutputStream:75 - [STDERR_REDIRECT] 
2025-07-19 02:23:02,346 [ERROR] LogOutputStream:75 - [STDERR_REDIRECT] [Fatal Error] :1:1: Premature end of file.
2025-07-19 02:23:02,346 [ERROR] LogOutputStream:75 - [STDERR_REDIRECT] 
2025-07-19 02:23:03,294 [ERROR] LogOutputStream:75 - [STDERR_REDIRECT] [Fatal Error] :1:1: Premature end of file.
2025-07-19 02:23:03,294 [ERROR] LogOutputStream:75 - [STDERR_REDIRECT] 
2025-07-19 02:23:04,257 [ERROR] LogOutputStream:75 - [STDERR_REDIRECT] [Fatal Error] :1:1: Premature end of file.
2025-07-19 02:23:04,258 [ERROR] LogOutputStream:75 - [STDERR_REDIRECT] 
2025-07-19 02:23:05,252 [ERROR] LogOutputStream:75 - [STDERR_REDIRECT] [Fatal Error] :1:1: Premature end of file.
2025-07-19 02:23:05,253 [ERROR] LogOutputStream:75 - [STDERR_REDIRECT] 
2025-07-19 02:23:06,248 [ERROR] LogOutputStream:75 - [STDERR_REDIRECT] [Fatal Error] :1:1: Premature end of file.
2025-07-19 02:23:06,249 [ERROR] LogOutputStream:75 - [STDERR_REDIRECT] 
2025-07-19 02:23:07,258 [ERROR] LogOutputStream:75 - [STDERR_REDIRECT] [Fatal Error] :1:1: Premature end of file.
2025-07-19 02:23:07,258 [ERROR] LogOutputStream:75 - [STDERR_REDIRECT] 
2025-07-19 02:23:08,366 [ERROR] LogOutputStream:75 - [STDERR_REDIRECT] [Fatal Error] :1:1: Premature end of file.
2025-07-19 02:23:08,366 [ERROR] LogOutputStream:75 - [STDERR_REDIRECT] 
2025-07-19 02:23:09,242 [ERROR] LogOutputStream:75 - [STDERR_REDIRECT] [Fatal Error] :1:1: Premature end of file.
2025-07-19 02:23:09,242 [ERROR] LogOutputStream:75 - [STDERR_REDIRECT] 
2025-07-19 02:23:10,347 [ERROR] LogOutputStream:75 - [STDERR_REDIRECT] [Fatal Error] :1:1: Premature end of file.
2025-07-19 02:23:10,347 [ERROR] LogOutputStream:75 - [STDERR_REDIRECT] 
2025-07-19 02:23:11,251 [ERROR] LogOutputStream:75 - [STDERR_REDIRECT] [Fatal Error] :1:1: Premature end of file.
2025-07-19 02:23:11,252 [ERROR] LogOutputStream:75 - [STDERR_REDIRECT] 
2025-07-19 02:23:12,245 [ERROR] LogOutputStream:75 - [STDERR_REDIRECT] [Fatal Error] :1:1: Premature end of file.
2025-07-19 02:23:12,245 [ERROR] LogOutputStream:75 - [STDERR_REDIRECT] 
2025-07-19 02:23:13,255 [ERROR] LogOutputStream:75 - [STDERR_REDIRECT] [Fatal Error] :1:1: Premature end of file.
2025-07-19 02:23:13,255 [ERROR] LogOutputStream:75 - [STDERR_REDIRECT] 
2025-07-19 02:23:14,264 [ERROR] LogOutputStream:75 - [STDERR_REDIRECT] [Fatal Error] :1:1: Premature end of file.
2025-07-19 02:23:14,265 [ERROR] LogOutputStream:75 - [STDERR_REDIRECT] 
2025-07-19 02:23:15,247 [ERROR] LogOutputStream:75 - [STDERR_REDIRECT] [Fatal Error] :1:1: Premature end of file.
2025-07-19 02:23:15,248 [ERROR] LogOutputStream:75 - [STDERR_REDIRECT] 
2025-07-19 02:23:16,257 [ERROR] LogOutputStream:75 - [STDERR_REDIRECT] [Fatal Error] :1:1: Premature end of file.
2025-07-19 02:23:16,257 [ERROR] LogOutputStream:75 - [STDERR_REDIRECT] 
2025-07-19 02:23:17,248 [ERROR] LogOutputStream:75 - [STDERR_REDIRECT] [Fatal Error] :1:1: Premature end of file.
2025-07-19 02:23:17,248 [ERROR] LogOutputStream:75 - [STDERR_REDIRECT] 
2025-07-19 02:23:18,261 [ERROR] LogOutputStream:75 - [STDERR_REDIRECT] [Fatal Error] :1:1: Premature end of file.
2025-07-19 02:23:18,261 [ERROR] LogOutputStream:75 - [STDERR_REDIRECT] 
2025-07-19 02:23:19,264 [ERROR] LogOutputStream:75 - [STDERR_REDIRECT] [Fatal Error] :1:1: Premature end of file.
2025-07-19 02:23:19,265 [ERROR] LogOutputStream:75 - [STDERR_REDIRECT] 
2025-07-19 02:23:20,263 [ERROR] LogOutputStream:75 - [STDERR_REDIRECT] [Fatal Error] :1:1: Premature end of file.
2025-07-19 02:23:20,263 [ERROR] LogOutputStream:75 - [STDERR_REDIRECT] 
2025-07-19 02:23:21,256 [ERROR] LogOutputStream:75 - [STDERR_REDIRECT] [Fatal Error] :1:1: Premature end of file.
2025-07-19 02:23:21,256 [ERROR] LogOutputStream:75 - [STDERR_REDIRECT] 
2025-07-19 02:23:22,258 [ERROR] LogOutputStream:75 - [STDERR_REDIRECT] [Fatal Error] :1:1: Premature end of file.
2025-07-19 02:23:22,258 [ERROR] LogOutputStream:75 - [STDERR_REDIRECT] 
2025-07-19 02:23:23,255 [ERROR] LogOutputStream:75 - [STDERR_REDIRECT] [Fatal Error] :1:1: Premature end of file.
2025-07-19 02:23:23,256 [ERROR] LogOutputStream:75 - [STDERR_REDIRECT] 
2025-07-19 02:23:24,357 [ERROR] LogOutputStream:75 - [STDERR_REDIRECT] [Fatal Error] :1:1: Premature end of file.
2025-07-19 02:23:24,358 [ERROR] LogOutputStream:75 - [STDERR_REDIRECT] 
2025-07-19 02:23:25,357 [ERROR] LogOutputStream:75 - [STDERR_REDIRECT] [Fatal Error] :1:1: Premature end of file.
2025-07-19 02:23:25,358 [ERROR] LogOutputStream:75 - [STDERR_REDIRECT] 
2025-07-19 02:23:26,329 [ERROR] LogOutputStream:75 - [STDERR_REDIRECT] [Fatal Error] :1:1: Premature end of file.
2025-07-19 02:23:26,329 [ERROR] LogOutputStream:75 - [STDERR_REDIRECT] 
2025-07-19 02:23:27,333 [ERROR] LogOutputStream:75 - [STDERR_REDIRECT] [Fatal Error] :1:1: Premature end of file.
2025-07-19 02:23:27,334 [ERROR] LogOutputStream:75 - [STDERR_REDIRECT] 
2025-07-19 02:23:28,351 [ERROR] LogOutputStream:75 - [STDERR_REDIRECT] [Fatal Error] :1:1: Premature end of file.
2025-07-19 02:23:28,351 [ERROR] LogOutputStream:75 - [STDERR_REDIRECT] 
2025-07-19 02:23:29,297 [ERROR] LogOutputStream:75 - [STDERR_REDIRECT] [Fatal Error] :1:1: Premature end of file.
2025-07-19 02:23:29,297 [ERROR] LogOutputStream:75 - [STDERR_REDIRECT] 
2025-07-19 02:23:30,340 [ERROR] LogOutputStream:75 - [STDERR_REDIRECT] [Fatal Error] :1:1: Premature end of file.
2025-07-19 02:23:30,341 [ERROR] LogOutputStream:75 - [STDERR_REDIRECT] 
2025-07-19 02:23:31,329 [ERROR] LogOutputStream:75 - [STDERR_REDIRECT] [Fatal Error] :1:1: Premature end of file.
2025-07-19 02:23:31,329 [ERROR] LogOutputStream:75 - [STDERR_REDIRECT] 
2025-07-19 02:23:32,305 [ERROR] LogOutputStream:75 - [STDERR_REDIRECT] [Fatal Error] :1:1: Premature end of file.
2025-07-19 02:23:32,305 [ERROR] LogOutputStream:75 - [STDERR_REDIRECT] 
2025-07-19 02:23:33,343 [ERROR] LogOutputStream:75 - [STDERR_REDIRECT] [Fatal Error] :1:1: Premature end of file.
2025-07-19 02:23:33,344 [ERROR] LogOutputStream:75 - [STDERR_REDIRECT] 
2025-07-19 02:23:34,315 [ERROR] LogOutputStream:75 - [STDERR_REDIRECT] [Fatal Error] :1:1: Premature end of file.
2025-07-19 02:23:34,315 [ERROR] LogOutputStream:75 - [STDERR_REDIRECT] 
2025-07-19 02:23:35,335 [ERROR] LogOutputStream:75 - [STDERR_REDIRECT] [Fatal Error] :1:1: Premature end of file.
2025-07-19 02:23:35,336 [ERROR] LogOutputStream:75 - [STDERR_REDIRECT] 
2025-07-19 02:23:36,347 [ERROR] LogOutputStream:75 - [STDERR_REDIRECT] [Fatal Error] :1:1: Premature end of file.
2025-07-19 02:23:36,347 [ERROR] LogOutputStream:75 - [STDERR_REDIRECT] 
2025-07-19 02:23:37,284 [ERROR] LogOutputStream:75 - [STDERR_REDIRECT] [Fatal Error] :1:1: Premature end of file.
2025-07-19 02:23:37,284 [ERROR] LogOutputStream:75 - [STDERR_REDIRECT] 
2025-07-19 02:23:38,290 [ERROR] LogOutputStream:75 - [STDERR_REDIRECT] [Fatal Error] :1:1: Premature end of file.
2025-07-19 02:23:38,290 [ERROR] LogOutputStream:75 - [STDERR_REDIRECT] 
2025-07-19 02:23:39,249 [ERROR] LogOutputStream:75 - [STDERR_REDIRECT] [Fatal Error] :1:1: Premature end of file.
2025-07-19 02:23:39,249 [ERROR] LogOutputStream:75 - [STDERR_REDIRECT] 
2025-07-19 02:23:40,268 [ERROR] LogOutputStream:75 - [STDERR_REDIRECT] [Fatal Error] :1:1: Premature end of file.
2025-07-19 02:23:40,268 [ERROR] LogOutputStream:75 - [STDERR_REDIRECT] 
2025-07-19 02:23:41,291 [ERROR] LogOutputStream:75 - [STDERR_REDIRECT] [Fatal Error] :1:1: Premature end of file.
2025-07-19 02:23:41,291 [ERROR] LogOutputStream:75 - [STDERR_REDIRECT] 
2025-07-19 02:23:42,338 [ERROR] LogOutputStream:75 - [STDERR_REDIRECT] [Fatal Error] :1:1: Premature end of file.
2025-07-19 02:23:42,339 [ERROR] LogOutputStream:75 - [STDERR_REDIRECT] 
2025-07-19 02:23:43,294 [ERROR] LogOutputStream:75 - [STDERR_REDIRECT] [Fatal Error] :1:1: Premature end of file.
2025-07-19 02:23:43,295 [ERROR] LogOutputStream:75 - [STDERR_REDIRECT] 
2025-07-19 02:23:44,341 [ERROR] LogOutputStream:75 - [STDERR_REDIRECT] [Fatal Error] :1:1: Premature end of file.
2025-07-19 02:23:44,342 [ERROR] LogOutputStream:75 - [STDERR_REDIRECT] 
2025-07-19 02:23:45,260 [ERROR] LogOutputStream:75 - [STDERR_REDIRECT] [Fatal Error] :1:1: Premature end of file.
2025-07-19 02:23:45,260 [ERROR] LogOutputStream:75 - [STDERR_REDIRECT] 
2025-07-19 02:23:46,251 [ERROR] LogOutputStream:75 - [STDERR_REDIRECT] [Fatal Error] :1:1: Premature end of file.
2025-07-19 02:23:46,251 [ERROR] LogOutputStream:75 - [STDERR_REDIRECT] 
2025-07-19 02:23:47,250 [ERROR] LogOutputStream:75 - [STDERR_REDIRECT] [Fatal Error] :1:1: Premature end of file.
2025-07-19 02:23:47,250 [ERROR] LogOutputStream:75 - [STDERR_REDIRECT] 
2025-07-19 02:23:48,349 [ERROR] LogOutputStream:75 - [STDERR_REDIRECT] [Fatal Error] :1:1: Premature end of file.
2025-07-19 02:23:48,349 [ERROR] LogOutputStream:75 - [STDERR_REDIRECT] 
2025-07-19 02:23:49,343 [ERROR] LogOutputStream:75 - [STDERR_REDIRECT] [Fatal Error] :1:1: Premature end of file.
2025-07-19 02:23:49,343 [ERROR] LogOutputStream:75 - [STDERR_REDIRECT] 
2025-07-19 02:23:50,257 [ERROR] LogOutputStream:75 - [STDERR_REDIRECT] [Fatal Error] :1:1: Premature end of file.
2025-07-19 02:23:50,257 [ERROR] LogOutputStream:75 - [STDERR_REDIRECT] 
2025-07-19 02:23:51,244 [ERROR] LogOutputStream:75 - [STDERR_REDIRECT] [Fatal Error] :1:1: Premature end of file.
2025-07-19 02:23:51,245 [ERROR] LogOutputStream:75 - [STDERR_REDIRECT] 
2025-07-19 02:23:52,249 [ERROR] LogOutputStream:75 - [STDERR_REDIRECT] [Fatal Error] :1:1: Premature end of file.
2025-07-19 02:23:52,249 [ERROR] LogOutputStream:75 - [STDERR_REDIRECT] 
2025-07-19 02:23:53,262 [ERROR] LogOutputStream:75 - [STDERR_REDIRECT] [Fatal Error] :1:1: Premature end of file.
2025-07-19 02:23:53,262 [ERROR] LogOutputStream:75 - [STDERR_REDIRECT] 
2025-07-19 02:23:54,265 [ERROR] LogOutputStream:75 - [STDERR_REDIRECT] [Fatal Error] :1:1: Premature end of file.
2025-07-19 02:23:54,266 [ERROR] LogOutputStream:75 - [STDERR_REDIRECT] 
2025-07-19 02:23:55,251 [ERROR] LogOutputStream:75 - [STDERR_REDIRECT] [Fatal Error] :1:1: Premature end of file.
2025-07-19 02:23:55,252 [ERROR] LogOutputStream:75 - [STDERR_REDIRECT] 
2025-07-19 02:23:56,251 [ERROR] LogOutputStream:75 - [STDERR_REDIRECT] [Fatal Error] :1:1: Premature end of file.
2025-07-19 02:23:56,251 [ERROR] LogOutputStream:75 - [STDERR_REDIRECT] 
2025-07-19 02:23:57,277 [ERROR] LogOutputStream:75 - [STDERR_REDIRECT] [Fatal Error] :1:1: Premature end of file.
2025-07-19 02:23:57,278 [ERROR] LogOutputStream:75 - [STDERR_REDIRECT] 
2025-07-19 02:23:58,280 [ERROR] LogOutputStream:75 - [STDERR_REDIRECT] [Fatal Error] :1:1: Premature end of file.
2025-07-19 02:23:58,280 [ERROR] LogOutputStream:75 - [STDERR_REDIRECT] 
2025-07-19 02:23:59,304 [ERROR] LogOutputStream:75 - [STDERR_REDIRECT] [Fatal Error] :1:1: Premature end of file.
2025-07-19 02:23:59,304 [ERROR] LogOutputStream:75 - [STDERR_REDIRECT] 
2025-07-19 02:24:00,337 [ERROR] LogOutputStream:75 - [STDERR_REDIRECT] [Fatal Error] :1:1: Premature end of file.
2025-07-19 02:24:00,338 [ERROR] LogOutputStream:75 - [STDERR_REDIRECT] 
2025-07-19 02:24:01,251 [ERROR] LogOutputStream:75 - [STDERR_REDIRECT] [Fatal Error] :1:1: Premature end of file.
2025-07-19 02:24:01,252 [ERROR] LogOutputStream:75 - [STDERR_REDIRECT] 
2025-07-19 02:24:02,246 [ERROR] LogOutputStream:75 - [STDERR_REDIRECT] [Fatal Error] :1:1: Premature end of file.
2025-07-19 02:24:02,246 [ERROR] LogOutputStream:75 - [STDERR_REDIRECT] 
2025-07-19 02:24:03,306 [ERROR] LogOutputStream:75 - [STDERR_REDIRECT] [Fatal Error] :1:1: Premature end of file.
2025-07-19 02:24:03,307 [ERROR] LogOutputStream:75 - [STDERR_REDIRECT] 
2025-07-19 02:24:04,326 [ERROR] LogOutputStream:75 - [STDERR_REDIRECT] [Fatal Error] :1:1: Premature end of file.
2025-07-19 02:24:04,326 [ERROR] LogOutputStream:75 - [STDERR_REDIRECT] 
2025-07-19 02:24:05,267 [ERROR] LogOutputStream:75 - [STDERR_REDIRECT] [Fatal Error] :1:1: Premature end of file.
2025-07-19 02:24:05,268 [ERROR] LogOutputStream:75 - [STDERR_REDIRECT] 
2025-07-19 02:24:06,270 [ERROR] LogOutputStream:75 - [STDERR_REDIRECT] [Fatal Error] :1:1: Premature end of file.
2025-07-19 02:24:06,270 [ERROR] LogOutputStream:75 - [STDERR_REDIRECT] 
2025-07-19 02:24:07,353 [ERROR] LogOutputStream:75 - [STDERR_REDIRECT] [Fatal Error] :1:1: Premature end of file.
2025-07-19 02:24:07,354 [ERROR] LogOutputStream:75 - [STDERR_REDIRECT] 
2025-07-19 02:24:08,256 [ERROR] LogOutputStream:75 - [STDERR_REDIRECT] [Fatal Error] :1:1: Premature end of file.
2025-07-19 02:24:08,256 [ERROR] LogOutputStream:75 - [STDERR_REDIRECT] 
2025-07-19 02:24:09,257 [ERROR] LogOutputStream:75 - [STDERR_REDIRECT] [Fatal Error] :1:1: Premature end of file.
2025-07-19 02:24:09,257 [ERROR] LogOutputStream:75 - [STDERR_REDIRECT] 
2025-07-19 02:24:10,341 [ERROR] LogOutputStream:75 - [STDERR_REDIRECT] [Fatal Error] :1:1: Premature end of file.
2025-07-19 02:24:10,341 [ERROR] LogOutputStream:75 - [STDERR_REDIRECT] 
2025-07-19 02:24:11,276 [ERROR] LogOutputStream:75 - [STDERR_REDIRECT] [Fatal Error] :1:1: Premature end of file.
2025-07-19 02:24:11,276 [ERROR] LogOutputStream:75 - [STDERR_REDIRECT] 
2025-07-19 02:24:12,346 [ERROR] LogOutputStream:75 - [STDERR_REDIRECT] [Fatal Error] :1:1: Premature end of file.
2025-07-19 02:24:12,347 [ERROR] LogOutputStream:75 - [STDERR_REDIRECT] 
2025-07-19 02:24:13,245 [ERROR] LogOutputStream:75 - [STDERR_REDIRECT] [Fatal Error] :1:1: Premature end of file.
2025-07-19 02:24:13,246 [ERROR] LogOutputStream:75 - [STDERR_REDIRECT] 
2025-07-19 02:24:14,322 [ERROR] LogOutputStream:75 - [STDERR_REDIRECT] [Fatal Error] :1:1: Premature end of file.
2025-07-19 02:24:14,322 [ERROR] LogOutputStream:75 - [STDERR_REDIRECT] 
2025-07-19 02:24:15,246 [ERROR] LogOutputStream:75 - [STDERR_REDIRECT] [Fatal Error] :1:1: Premature end of file.
2025-07-19 02:24:15,246 [ERROR] LogOutputStream:75 - [STDERR_REDIRECT] 
2025-07-19 02:24:16,246 [ERROR] LogOutputStream:75 - [STDERR_REDIRECT] [Fatal Error] :1:1: Premature end of file.
2025-07-19 02:24:16,246 [ERROR] LogOutputStream:75 - [STDERR_REDIRECT] 
2025-07-19 02:24:17,253 [ERROR] LogOutputStream:75 - [STDERR_REDIRECT] [Fatal Error] :1:1: Premature end of file.
2025-07-19 02:24:17,253 [ERROR] LogOutputStream:75 - [STDERR_REDIRECT] 
2025-07-19 02:24:18,246 [ERROR] LogOutputStream:75 - [STDERR_REDIRECT] [Fatal Error] :1:1: Premature end of file.
2025-07-19 02:24:18,246 [ERROR] LogOutputStream:75 - [STDERR_REDIRECT] 
2025-07-19 02:24:19,245 [ERROR] LogOutputStream:75 - [STDERR_REDIRECT] [Fatal Error] :1:1: Premature end of file.
2025-07-19 02:24:19,245 [ERROR] LogOutputStream:75 - [STDERR_REDIRECT] 
2025-07-19 02:24:20,333 [ERROR] LogOutputStream:75 - [STDERR_REDIRECT] [Fatal Error] :1:1: Premature end of file.
2025-07-19 02:24:20,334 [ERROR] LogOutputStream:75 - [STDERR_REDIRECT] 
2025-07-19 02:24:21,243 [ERROR] LogOutputStream:75 - [STDERR_REDIRECT] [Fatal Error] :1:1: Premature end of file.
2025-07-19 02:24:21,243 [ERROR] LogOutputStream:75 - [STDERR_REDIRECT] 
2025-07-19 02:24:22,258 [ERROR] LogOutputStream:75 - [STDERR_REDIRECT] [Fatal Error] :1:1: Premature end of file.
2025-07-19 02:24:22,258 [ERROR] LogOutputStream:75 - [STDERR_REDIRECT] 
2025-07-19 02:24:23,272 [ERROR] LogOutputStream:75 - [STDERR_REDIRECT] [Fatal Error] :1:1: Premature end of file.
2025-07-19 02:24:23,272 [ERROR] LogOutputStream:75 - [STDERR_REDIRECT] 
2025-07-19 02:24:24,333 [ERROR] LogOutputStream:75 - [STDERR_REDIRECT] [Fatal Error] :1:1: Premature end of file.
2025-07-19 02:24:24,333 [ERROR] LogOutputStream:75 - [STDERR_REDIRECT] 
2025-07-19 02:24:25,332 [ERROR] LogOutputStream:75 - [STDERR_REDIRECT] [Fatal Error] :1:1: Premature end of file.
2025-07-19 02:24:25,333 [ERROR] LogOutputStream:75 - [STDERR_REDIRECT] 
2025-07-19 02:24:26,338 [ERROR] LogOutputStream:75 - [STDERR_REDIRECT] [Fatal Error] :1:1: Premature end of file.
2025-07-19 02:24:26,339 [ERROR] LogOutputStream:75 - [STDERR_REDIRECT] 
2025-07-19 02:24:27,337 [ERROR] LogOutputStream:75 - [STDERR_REDIRECT] [Fatal Error] :1:1: Premature end of file.
2025-07-19 02:24:27,338 [ERROR] LogOutputStream:75 - [STDERR_REDIRECT] 
2025-07-19 02:24:28,334 [ERROR] LogOutputStream:75 - [STDERR_REDIRECT] [Fatal Error] :1:1: Premature end of file.
2025-07-19 02:24:28,334 [ERROR] LogOutputStream:75 - [STDERR_REDIRECT] 
2025-07-19 02:24:29,328 [ERROR] LogOutputStream:75 - [STDERR_REDIRECT] [Fatal Error] :1:1: Premature end of file.
2025-07-19 02:24:29,329 [ERROR] LogOutputStream:75 - [STDERR_REDIRECT] 
2025-07-19 02:24:30,330 [ERROR] LogOutputStream:75 - [STDERR_REDIRECT] [Fatal Error] :1:1: Premature end of file.
2025-07-19 02:24:30,331 [ERROR] LogOutputStream:75 - [STDERR_REDIRECT] 
2025-07-19 02:24:31,291 [ERROR] LogOutputStream:75 - [STDERR_REDIRECT] [Fatal Error] :1:1: Premature end of file.
2025-07-19 02:24:31,292 [ERROR] LogOutputStream:75 - [STDERR_REDIRECT] 
2025-07-19 02:24:32,338 [ERROR] LogOutputStream:75 - [STDERR_REDIRECT] [Fatal Error] :1:1: Premature end of file.
2025-07-19 02:24:32,339 [ERROR] LogOutputStream:75 - [STDERR_REDIRECT] 
2025-07-19 02:24:33,243 [ERROR] LogOutputStream:75 - [STDERR_REDIRECT] [Fatal Error] :1:1: Premature end of file.
2025-07-19 02:24:33,243 [ERROR] LogOutputStream:75 - [STDERR_REDIRECT] 
2025-07-19 02:24:34,334 [ERROR] LogOutputStream:75 - [STDERR_REDIRECT] [Fatal Error] :1:1: Premature end of file.
2025-07-19 02:24:34,335 [ERROR] LogOutputStream:75 - [STDERR_REDIRECT] 
2025-07-19 02:24:35,248 [ERROR] LogOutputStream:75 - [STDERR_REDIRECT] [Fatal Error] :1:1: Premature end of file.
2025-07-19 02:24:35,248 [ERROR] LogOutputStream:75 - [STDERR_REDIRECT] 
2025-07-19 02:24:36,339 [ERROR] LogOutputStream:75 - [STDERR_REDIRECT] [Fatal Error] :1:1: Premature end of file.
2025-07-19 02:24:36,340 [ERROR] LogOutputStream:75 - [STDERR_REDIRECT] 
2025-07-19 02:24:37,309 [ERROR] LogOutputStream:75 - [STDERR_REDIRECT] [Fatal Error] :1:1: Premature end of file.
2025-07-19 02:24:37,309 [ERROR] LogOutputStream:75 - [STDERR_REDIRECT] 
2025-07-19 02:24:38,336 [ERROR] LogOutputStream:75 - [STDERR_REDIRECT] [Fatal Error] :1:1: Premature end of file.
2025-07-19 02:24:38,336 [ERROR] LogOutputStream:75 - [STDERR_REDIRECT] 
2025-07-19 02:24:39,322 [ERROR] LogOutputStream:75 - [STDERR_REDIRECT] [Fatal Error] :1:1: Premature end of file.
2025-07-19 02:24:39,322 [ERROR] LogOutputStream:75 - [STDERR_REDIRECT] 
2025-07-19 02:24:40,247 [ERROR] LogOutputStream:75 - [STDERR_REDIRECT] [Fatal Error] :1:1: Premature end of file.
2025-07-19 02:24:40,248 [ERROR] LogOutputStream:75 - [STDERR_REDIRECT] 
2025-07-19 02:24:41,260 [ERROR] LogOutputStream:75 - [STDERR_REDIRECT] [Fatal Error] :1:1: Premature end of file.
2025-07-19 02:24:41,260 [ERROR] LogOutputStream:75 - [STDERR_REDIRECT] 
2025-07-19 02:24:42,299 [ERROR] LogOutputStream:75 - [STDERR_REDIRECT] [Fatal Error] :1:1: Premature end of file.
2025-07-19 02:24:42,300 [ERROR] LogOutputStream:75 - [STDERR_REDIRECT] 
2025-07-19 02:24:43,351 [ERROR] LogOutputStream:75 - [STDERR_REDIRECT] [Fatal Error] :1:1: Premature end of file.
2025-07-19 02:24:43,351 [ERROR] LogOutputStream:75 - [STDERR_REDIRECT] 
2025-07-19 02:24:44,330 [ERROR] LogOutputStream:75 - [STDERR_REDIRECT] [Fatal Error] :1:1: Premature end of file.
2025-07-19 02:24:44,331 [ERROR] LogOutputStream:75 - [STDERR_REDIRECT] 
2025-07-19 02:24:45,345 [ERROR] LogOutputStream:75 - [STDERR_REDIRECT] [Fatal Error] :1:1: Premature end of file.
2025-07-19 02:24:45,345 [ERROR] LogOutputStream:75 - [STDERR_REDIRECT] 
2025-07-19 02:24:46,259 [ERROR] LogOutputStream:75 - [STDERR_REDIRECT] [Fatal Error] :1:1: Premature end of file.
2025-07-19 02:24:46,259 [ERROR] LogOutputStream:75 - [STDERR_REDIRECT] 
2025-07-19 02:24:47,250 [ERROR] LogOutputStream:75 - [STDERR_REDIRECT] [Fatal Error] :1:1: Premature end of file.
2025-07-19 02:24:47,251 [ERROR] LogOutputStream:75 - [STDERR_REDIRECT] 
2025-07-19 02:24:48,249 [ERROR] LogOutputStream:75 - [STDERR_REDIRECT] [Fatal Error] :1:1: Premature end of file.
2025-07-19 02:24:48,249 [ERROR] LogOutputStream:75 - [STDERR_REDIRECT] 
2025-07-19 02:24:49,289 [ERROR] LogOutputStream:75 - [STDERR_REDIRECT] [Fatal Error] :1:1: Premature end of file.
2025-07-19 02:24:49,289 [ERROR] LogOutputStream:75 - [STDERR_REDIRECT] 
2025-07-19 02:24:50,337 [ERROR] LogOutputStream:75 - [STDERR_REDIRECT] [Fatal Error] :1:1: Premature end of file.
2025-07-19 02:24:50,337 [ERROR] LogOutputStream:75 - [STDERR_REDIRECT] 
2025-07-19 02:24:51,335 [ERROR] LogOutputStream:75 - [STDERR_REDIRECT] [Fatal Error] :1:1: Premature end of file.
2025-07-19 02:24:51,336 [ERROR] LogOutputStream:75 - [STDERR_REDIRECT] 
2025-07-19 02:24:52,324 [ERROR] LogOutputStream:75 - [STDERR_REDIRECT] [Fatal Error] :1:1: Premature end of file.
2025-07-19 02:24:52,325 [ERROR] LogOutputStream:75 - [STDERR_REDIRECT] 
2025-07-19 02:24:53,248 [ERROR] LogOutputStream:75 - [STDERR_REDIRECT] [Fatal Error] :1:1: Premature end of file.
2025-07-19 02:24:53,248 [ERROR] LogOutputStream:75 - [STDERR_REDIRECT] 
2025-07-19 02:24:54,245 [ERROR] LogOutputStream:75 - [STDERR_REDIRECT] [Fatal Error] :1:1: Premature end of file.
2025-07-19 02:24:54,246 [ERROR] LogOutputStream:75 - [STDERR_REDIRECT] 
2025-07-19 02:24:55,242 [ERROR] LogOutputStream:75 - [STDERR_REDIRECT] [Fatal Error] :1:1: Premature end of file.
2025-07-19 02:24:55,242 [ERROR] LogOutputStream:75 - [STDERR_REDIRECT] 
2025-07-19 02:24:56,244 [ERROR] LogOutputStream:75 - [STDERR_REDIRECT] [Fatal Error] :1:1: Premature end of file.
2025-07-19 02:24:56,245 [ERROR] LogOutputStream:75 - [STDERR_REDIRECT] 
2025-07-19 02:24:57,243 [ERROR] LogOutputStream:75 - [STDERR_REDIRECT] [Fatal Error] :1:1: Premature end of file.
2025-07-19 02:24:57,243 [ERROR] LogOutputStream:75 - [STDERR_REDIRECT] 
2025-07-19 02:24:58,251 [ERROR] LogOutputStream:75 - [STDERR_REDIRECT] [Fatal Error] :1:1: Premature end of file.
2025-07-19 02:24:58,252 [ERROR] LogOutputStream:75 - [STDERR_REDIRECT] 
2025-07-19 02:24:59,244 [ERROR] LogOutputStream:75 - [STDERR_REDIRECT] [Fatal Error] :1:1: Premature end of file.
2025-07-19 02:24:59,244 [ERROR] LogOutputStream:75 - [STDERR_REDIRECT] 
2025-07-19 02:25:00,253 [ERROR] LogOutputStream:75 - [STDERR_REDIRECT] [Fatal Error] :1:1: Premature end of file.
2025-07-19 02:25:00,253 [ERROR] LogOutputStream:75 - [STDERR_REDIRECT] 
2025-07-19 02:25:01,249 [ERROR] LogOutputStream:75 - [STDERR_REDIRECT] [Fatal Error] :1:1: Premature end of file.
2025-07-19 02:25:01,249 [ERROR] LogOutputStream:75 - [STDERR_REDIRECT] 
2025-07-19 02:25:02,287 [ERROR] LogOutputStream:75 - [STDERR_REDIRECT] [Fatal Error] :1:1: Premature end of file.
2025-07-19 02:25:02,287 [ERROR] LogOutputStream:75 - [STDERR_REDIRECT] 
2025-07-19 02:25:03,241 [ERROR] LogOutputStream:75 - [STDERR_REDIRECT] [Fatal Error] :1:1: Premature end of file.
2025-07-19 02:25:03,242 [ERROR] LogOutputStream:75 - [STDERR_REDIRECT] 
2025-07-19 02:25:04,342 [ERROR] LogOutputStream:75 - [STDERR_REDIRECT] [Fatal Error] :1:1: Premature end of file.
2025-07-19 02:25:04,342 [ERROR] LogOutputStream:75 - [STDERR_REDIRECT] 
2025-07-19 02:25:05,273 [ERROR] LogOutputStream:75 - [STDERR_REDIRECT] [Fatal Error] :1:1: Premature end of file.
2025-07-19 02:25:05,273 [ERROR] LogOutputStream:75 - [STDERR_REDIRECT] 
2025-07-19 02:25:06,304 [ERROR] LogOutputStream:75 - [STDERR_REDIRECT] [Fatal Error] :1:1: Premature end of file.
2025-07-19 02:25:06,304 [ERROR] LogOutputStream:75 - [STDERR_REDIRECT] 
2025-07-19 02:25:07,353 [ERROR] LogOutputStream:75 - [STDERR_REDIRECT] [Fatal Error] :1:1: Premature end of file.
2025-07-19 02:25:07,354 [ERROR] LogOutputStream:75 - [STDERR_REDIRECT] 
2025-07-19 02:25:08,338 [ERROR] LogOutputStream:75 - [STDERR_REDIRECT] [Fatal Error] :1:1: Premature end of file.
2025-07-19 02:25:08,339 [ERROR] LogOutputStream:75 - [STDERR_REDIRECT] 
2025-07-19 02:25:09,332 [ERROR] LogOutputStream:75 - [STDERR_REDIRECT] [Fatal Error] :1:1: Premature end of file.
2025-07-19 02:25:09,333 [ERROR] LogOutputStream:75 - [STDERR_REDIRECT] 
2025-07-19 02:25:10,352 [ERROR] LogOutputStream:75 - [STDERR_REDIRECT] [Fatal Error] :1:1: Premature end of file.
2025-07-19 02:25:10,353 [ERROR] LogOutputStream:75 - [STDERR_REDIRECT] 
2025-07-19 02:25:11,249 [ERROR] LogOutputStream:75 - [STDERR_REDIRECT] [Fatal Error] :1:1: Premature end of file.
2025-07-19 02:25:11,249 [ERROR] LogOutputStream:75 - [STDERR_REDIRECT] 
2025-07-19 02:25:12,248 [ERROR] LogOutputStream:75 - [STDERR_REDIRECT] [Fatal Error] :1:1: Premature end of file.
2025-07-19 02:25:12,248 [ERROR] LogOutputStream:75 - [STDERR_REDIRECT] 
2025-07-19 02:25:13,252 [ERROR] LogOutputStream:75 - [STDERR_REDIRECT] [Fatal Error] :1:1: Premature end of file.
2025-07-19 02:25:13,252 [ERROR] LogOutputStream:75 - [STDERR_REDIRECT] 
2025-07-19 02:25:14,252 [ERROR] LogOutputStream:75 - [STDERR_REDIRECT] [Fatal Error] :1:1: Premature end of file.
2025-07-19 02:25:14,253 [ERROR] LogOutputStream:75 - [STDERR_REDIRECT] 
2025-07-19 02:25:15,257 [ERROR] LogOutputStream:75 - [STDERR_REDIRECT] [Fatal Error] :1:1: Premature end of file.
2025-07-19 02:25:15,257 [ERROR] LogOutputStream:75 - [STDERR_REDIRECT] 
2025-07-19 02:25:16,243 [ERROR] LogOutputStream:75 - [STDERR_REDIRECT] [Fatal Error] :1:1: Premature end of file.
2025-07-19 02:25:16,243 [ERROR] LogOutputStream:75 - [STDERR_REDIRECT] 
2025-07-19 02:25:17,265 [ERROR] LogOutputStream:75 - [STDERR_REDIRECT] [Fatal Error] :1:1: Premature end of file.
2025-07-19 02:25:17,265 [ERROR] LogOutputStream:75 - [STDERR_REDIRECT] 
2025-07-19 02:25:18,245 [ERROR] LogOutputStream:75 - [STDERR_REDIRECT] [Fatal Error] :1:1: Premature end of file.
2025-07-19 02:25:18,245 [ERROR] LogOutputStream:75 - [STDERR_REDIRECT] 
2025-07-19 02:25:19,259 [ERROR] LogOutputStream:75 - [STDERR_REDIRECT] [Fatal Error] :1:1: Premature end of file.
2025-07-19 02:25:19,259 [ERROR] LogOutputStream:75 - [STDERR_REDIRECT] 
2025-07-19 02:25:20,303 [ERROR] LogOutputStream:75 - [STDERR_REDIRECT] [Fatal Error] :1:1: Premature end of file.
2025-07-19 02:25:20,303 [ERROR] LogOutputStream:75 - [STDERR_REDIRECT] 
2025-07-19 02:25:21,322 [ERROR] LogOutputStream:75 - [STDERR_REDIRECT] [Fatal Error] :1:1: Premature end of file.
2025-07-19 02:25:21,322 [ERROR] LogOutputStream:75 - [STDERR_REDIRECT] 
2025-07-19 02:25:22,311 [ERROR] LogOutputStream:75 - [STDERR_REDIRECT] [Fatal Error] :1:1: Premature end of file.
2025-07-19 02:25:22,311 [ERROR] LogOutputStream:75 - [STDERR_REDIRECT] 
2025-07-19 02:25:23,249 [ERROR] LogOutputStream:75 - [STDERR_REDIRECT] [Fatal Error] :1:1: Premature end of file.
2025-07-19 02:25:23,249 [ERROR] LogOutputStream:75 - [STDERR_REDIRECT] 
2025-07-19 02:25:24,246 [ERROR] LogOutputStream:75 - [STDERR_REDIRECT] [Fatal Error] :1:1: Premature end of file.
2025-07-19 02:25:24,246 [ERROR] LogOutputStream:75 - [STDERR_REDIRECT] 
2025-07-19 02:25:25,309 [ERROR] LogOutputStream:75 - [STDERR_REDIRECT] [Fatal Error] :1:1: Premature end of file.
2025-07-19 02:25:25,309 [ERROR] LogOutputStream:75 - [STDERR_REDIRECT] 
2025-07-19 02:25:26,265 [ERROR] LogOutputStream:75 - [STDERR_REDIRECT] [Fatal Error] :1:1: Premature end of file.
2025-07-19 02:25:26,265 [ERROR] LogOutputStream:75 - [STDERR_REDIRECT] 
2025-07-19 02:25:27,249 [ERROR] LogOutputStream:75 - [STDERR_REDIRECT] [Fatal Error] :1:1: Premature end of file.
2025-07-19 02:25:27,249 [ERROR] LogOutputStream:75 - [STDERR_REDIRECT] 
2025-07-19 02:25:28,264 [ERROR] LogOutputStream:75 - [STDERR_REDIRECT] [Fatal Error] :1:1: Premature end of file.
2025-07-19 02:25:28,264 [ERROR] LogOutputStream:75 - [STDERR_REDIRECT] 
2025-07-19 02:25:29,337 [ERROR] LogOutputStream:75 - [STDERR_REDIRECT] [Fatal Error] :1:1: Premature end of file.
2025-07-19 02:25:29,338 [ERROR] LogOutputStream:75 - [STDERR_REDIRECT] 
2025-07-19 02:25:30,334 [ERROR] LogOutputStream:75 - [STDERR_REDIRECT] [Fatal Error] :1:1: Premature end of file.
2025-07-19 02:25:30,335 [ERROR] LogOutputStream:75 - [STDERR_REDIRECT] 
2025-07-19 02:25:31,332 [ERROR] LogOutputStream:75 - [STDERR_REDIRECT] [Fatal Error] :1:1: Premature end of file.
2025-07-19 02:25:31,333 [ERROR] LogOutputStream:75 - [STDERR_REDIRECT] 
2025-07-19 02:25:32,332 [ERROR] LogOutputStream:75 - [STDERR_REDIRECT] [Fatal Error] :1:1: Premature end of file.
2025-07-19 02:25:32,333 [ERROR] LogOutputStream:75 - [STDERR_REDIRECT] 
2025-07-19 02:25:33,340 [ERROR] LogOutputStream:75 - [STDERR_REDIRECT] [Fatal Error] :1:1: Premature end of file.
2025-07-19 02:25:33,341 [ERROR] LogOutputStream:75 - [STDERR_REDIRECT] 
2025-07-19 02:25:34,341 [ERROR] LogOutputStream:75 - [STDERR_REDIRECT] [Fatal Error] :1:1: Premature end of file.
2025-07-19 02:25:34,341 [ERROR] LogOutputStream:75 - [STDERR_REDIRECT] 
2025-07-19 02:25:35,331 [ERROR] LogOutputStream:75 - [STDERR_REDIRECT] [Fatal Error] :1:1: Premature end of file.
2025-07-19 02:25:35,332 [ERROR] LogOutputStream:75 - [STDERR_REDIRECT] 
2025-07-19 02:25:36,303 [ERROR] LogOutputStream:75 - [STDERR_REDIRECT] [Fatal Error] :1:1: Premature end of file.
2025-07-19 02:25:36,303 [ERROR] LogOutputStream:75 - [STDERR_REDIRECT] 
2025-07-19 02:25:37,261 [ERROR] LogOutputStream:75 - [STDERR_REDIRECT] [Fatal Error] :1:1: Premature end of file.
2025-07-19 02:25:37,262 [ERROR] LogOutputStream:75 - [STDERR_REDIRECT] 
2025-07-19 02:25:38,281 [ERROR] LogOutputStream:75 - [STDERR_REDIRECT] [Fatal Error] :1:1: Premature end of file.
2025-07-19 02:25:38,281 [ERROR] LogOutputStream:75 - [STDERR_REDIRECT] 
2025-07-19 02:25:39,247 [ERROR] LogOutputStream:75 - [STDERR_REDIRECT] [Fatal Error] :1:1: Premature end of file.
2025-07-19 02:25:39,247 [ERROR] LogOutputStream:75 - [STDERR_REDIRECT] 
2025-07-19 02:25:40,259 [ERROR] LogOutputStream:75 - [STDERR_REDIRECT] [Fatal Error] :1:1: Premature end of file.
2025-07-19 02:25:40,259 [ERROR] LogOutputStream:75 - [STDERR_REDIRECT] 
2025-07-19 02:25:41,271 [ERROR] LogOutputStream:75 - [STDERR_REDIRECT] [Fatal Error] :1:1: Premature end of file.
2025-07-19 02:25:41,272 [ERROR] LogOutputStream:75 - [STDERR_REDIRECT] 
2025-07-19 02:25:42,340 [ERROR] LogOutputStream:75 - [STDERR_REDIRECT] [Fatal Error] :1:1: Premature end of file.
2025-07-19 02:25:42,340 [ERROR] LogOutputStream:75 - [STDERR_REDIRECT] 
2025-07-19 02:25:43,346 [ERROR] LogOutputStream:75 - [STDERR_REDIRECT] [Fatal Error] :1:1: Premature end of file.
2025-07-19 02:25:43,347 [ERROR] LogOutputStream:75 - [STDERR_REDIRECT] 
2025-07-19 02:25:44,347 [ERROR] LogOutputStream:75 - [STDERR_REDIRECT] [Fatal Error] :1:1: Premature end of file.
2025-07-19 02:25:44,348 [ERROR] LogOutputStream:75 - [STDERR_REDIRECT] 
2025-07-19 02:25:45,348 [ERROR] LogOutputStream:75 - [STDERR_REDIRECT] [Fatal Error] :1:1: Premature end of file.
2025-07-19 02:25:45,348 [ERROR] LogOutputStream:75 - [STDERR_REDIRECT] 
2025-07-19 02:25:46,345 [ERROR] LogOutputStream:75 - [STDERR_REDIRECT] [Fatal Error] :1:1: Premature end of file.
2025-07-19 02:25:46,345 [ERROR] LogOutputStream:75 - [STDERR_REDIRECT] 
2025-07-19 02:25:47,425 [ERROR] LogOutputStream:75 - [STDERR_REDIRECT] [Fatal Error] :1:1: Premature end of file.
2025-07-19 02:25:47,425 [ERROR] LogOutputStream:75 - [STDERR_REDIRECT] 
2025-07-19 02:25:48,346 [ERROR] LogOutputStream:75 - [STDERR_REDIRECT] [Fatal Error] :1:1: Premature end of file.
2025-07-19 02:25:48,347 [ERROR] LogOutputStream:75 - [STDERR_REDIRECT] 
2025-07-19 02:25:49,334 [ERROR] LogOutputStream:75 - [STDERR_REDIRECT] [Fatal Error] :1:1: Premature end of file.
2025-07-19 02:25:49,334 [ERROR] LogOutputStream:75 - [STDERR_REDIRECT] 
2025-07-19 02:25:50,326 [ERROR] LogOutputStream:75 - [STDERR_REDIRECT] [Fatal Error] :1:1: Premature end of file.
2025-07-19 02:25:50,327 [ERROR] LogOutputStream:75 - [STDERR_REDIRECT] 
2025-07-19 02:25:51,318 [ERROR] LogOutputStream:75 - [STDERR_REDIRECT] [Fatal Error] :1:1: Premature end of file.
2025-07-19 02:25:51,318 [ERROR] LogOutputStream:75 - [STDERR_REDIRECT] 
2025-07-19 02:25:52,343 [ERROR] LogOutputStream:75 - [STDERR_REDIRECT] [Fatal Error] :1:1: Premature end of file.
2025-07-19 02:25:52,343 [ERROR] LogOutputStream:75 - [STDERR_REDIRECT] 
2025-07-19 02:25:53,337 [ERROR] LogOutputStream:75 - [STDERR_REDIRECT] [Fatal Error] :1:1: Premature end of file.
2025-07-19 02:25:53,337 [ERROR] LogOutputStream:75 - [STDERR_REDIRECT] 
2025-07-19 02:25:54,311 [ERROR] LogOutputStream:75 - [STDERR_REDIRECT] [Fatal Error] :1:1: Premature end of file.
2025-07-19 02:25:54,311 [ERROR] LogOutputStream:75 - [STDERR_REDIRECT] 
2025-07-19 02:25:55,310 [ERROR] LogOutputStream:75 - [STDERR_REDIRECT] [Fatal Error] :1:1: Premature end of file.
2025-07-19 02:25:55,310 [ERROR] LogOutputStream:75 - [STDERR_REDIRECT] 
2025-07-19 02:25:56,333 [ERROR] LogOutputStream:75 - [STDERR_REDIRECT] [Fatal Error] :1:1: Premature end of file.
2025-07-19 02:25:56,334 [ERROR] LogOutputStream:75 - [STDERR_REDIRECT] 
2025-07-19 02:25:57,350 [ERROR] LogOutputStream:75 - [STDERR_REDIRECT] [Fatal Error] :1:1: Premature end of file.
2025-07-19 02:25:57,350 [ERROR] LogOutputStream:75 - [STDERR_REDIRECT] 
2025-07-19 02:25:58,336 [ERROR] LogOutputStream:75 - [STDERR_REDIRECT] [Fatal Error] :1:1: Premature end of file.
2025-07-19 02:25:58,337 [ERROR] LogOutputStream:75 - [STDERR_REDIRECT] 
2025-07-19 02:25:59,261 [ERROR] LogOutputStream:75 - [STDERR_REDIRECT] [Fatal Error] :1:1: Premature end of file.
2025-07-19 02:25:59,261 [ERROR] LogOutputStream:75 - [STDERR_REDIRECT] 
2025-07-19 02:26:00,343 [ERROR] LogOutputStream:75 - [STDERR_REDIRECT] [Fatal Error] :1:1: Premature end of file.
2025-07-19 02:26:00,343 [ERROR] LogOutputStream:75 - [STDERR_REDIRECT] 
2025-07-19 02:26:01,346 [ERROR] LogOutputStream:75 - [STDERR_REDIRECT] [Fatal Error] :1:1: Premature end of file.
2025-07-19 02:26:01,346 [ERROR] LogOutputStream:75 - [STDERR_REDIRECT] 
2025-07-19 02:26:02,285 [ERROR] LogOutputStream:75 - [STDERR_REDIRECT] [Fatal Error] :1:1: Premature end of file.
2025-07-19 02:26:02,285 [ERROR] LogOutputStream:75 - [STDERR_REDIRECT] 
2025-07-19 02:26:03,355 [ERROR] LogOutputStream:75 - [STDERR_REDIRECT] [Fatal Error] :1:1: Premature end of file.
2025-07-19 02:26:03,355 [ERROR] LogOutputStream:75 - [STDERR_REDIRECT] 
2025-07-19 02:26:04,358 [ERROR] LogOutputStream:75 - [STDERR_REDIRECT] [Fatal Error] :1:1: Premature end of file.
2025-07-19 02:26:04,359 [ERROR] LogOutputStream:75 - [STDERR_REDIRECT] 
2025-07-19 02:26:05,246 [ERROR] LogOutputStream:75 - [STDERR_REDIRECT] [Fatal Error] :1:1: Premature end of file.
2025-07-19 02:26:05,247 [ERROR] LogOutputStream:75 - [STDERR_REDIRECT] 
2025-07-19 02:26:06,313 [ERROR] LogOutputStream:75 - [STDERR_REDIRECT] [Fatal Error] :1:1: Premature end of file.
2025-07-19 02:26:06,313 [ERROR] LogOutputStream:75 - [STDERR_REDIRECT] 
2025-07-19 02:26:07,258 [ERROR] LogOutputStream:75 - [STDERR_REDIRECT] [Fatal Error] :1:1: Premature end of file.
2025-07-19 02:26:07,259 [ERROR] LogOutputStream:75 - [STDERR_REDIRECT] 
2025-07-19 02:26:08,349 [ERROR] LogOutputStream:75 - [STDERR_REDIRECT] [Fatal Error] :1:1: Premature end of file.
2025-07-19 02:26:08,350 [ERROR] LogOutputStream:75 - [STDERR_REDIRECT] 
2025-07-19 02:26:09,289 [ERROR] LogOutputStream:75 - [STDERR_REDIRECT] [Fatal Error] :1:1: Premature end of file.
2025-07-19 02:26:09,289 [ERROR] LogOutputStream:75 - [STDERR_REDIRECT] 
2025-07-19 02:26:10,311 [ERROR] LogOutputStream:75 - [STDERR_REDIRECT] [Fatal Error] :1:1: Premature end of file.
2025-07-19 02:26:10,311 [ERROR] LogOutputStream:75 - [STDERR_REDIRECT] 
2025-07-19 02:26:11,245 [ERROR] LogOutputStream:75 - [STDERR_REDIRECT] [Fatal Error] :1:1: Premature end of file.
2025-07-19 02:26:11,245 [ERROR] LogOutputStream:75 - [STDERR_REDIRECT] 
2025-07-19 02:26:12,244 [ERROR] LogOutputStream:75 - [STDERR_REDIRECT] [Fatal Error] :1:1: Premature end of file.
2025-07-19 02:26:12,244 [ERROR] LogOutputStream:75 - [STDERR_REDIRECT] 
2025-07-19 02:26:13,318 [ERROR] LogOutputStream:75 - [STDERR_REDIRECT] [Fatal Error] :1:1: Premature end of file.
2025-07-19 02:26:13,318 [ERROR] LogOutputStream:75 - [STDERR_REDIRECT] 
2025-07-19 02:26:14,259 [ERROR] LogOutputStream:75 - [STDERR_REDIRECT] [Fatal Error] :1:1: Premature end of file.
2025-07-19 02:26:14,259 [ERROR] LogOutputStream:75 - [STDERR_REDIRECT] 
2025-07-19 02:26:15,355 [ERROR] LogOutputStream:75 - [STDERR_REDIRECT] [Fatal Error] :1:1: Premature end of file.
2025-07-19 02:26:15,356 [ERROR] LogOutputStream:75 - [STDERR_REDIRECT] 
2025-07-19 02:26:16,345 [ERROR] LogOutputStream:75 - [STDERR_REDIRECT] [Fatal Error] :1:1: Premature end of file.
2025-07-19 02:26:16,346 [ERROR] LogOutputStream:75 - [STDERR_REDIRECT] 
2025-07-19 02:26:17,303 [ERROR] LogOutputStream:75 - [STDERR_REDIRECT] [Fatal Error] :1:1: Premature end of file.
2025-07-19 02:26:17,303 [ERROR] LogOutputStream:75 - [STDERR_REDIRECT] 
2025-07-19 02:26:18,344 [ERROR] LogOutputStream:75 - [STDERR_REDIRECT] [Fatal Error] :1:1: Premature end of file.
2025-07-19 02:26:18,345 [ERROR] LogOutputStream:75 - [STDERR_REDIRECT] 
2025-07-19 02:26:19,250 [ERROR] LogOutputStream:75 - [STDERR_REDIRECT] [Fatal Error] :1:1: Premature end of file.
2025-07-19 02:26:19,251 [ERROR] LogOutputStream:75 - [STDERR_REDIRECT] 
2025-07-19 02:26:20,246 [ERROR] LogOutputStream:75 - [STDERR_REDIRECT] [Fatal Error] :1:1: Premature end of file.
2025-07-19 02:26:20,246 [ERROR] LogOutputStream:75 - [STDERR_REDIRECT] 
2025-07-19 02:26:21,270 [ERROR] LogOutputStream:75 - [STDERR_REDIRECT] [Fatal Error] :1:1: Premature end of file.
2025-07-19 02:26:21,270 [ERROR] LogOutputStream:75 - [STDERR_REDIRECT] 
2025-07-19 02:26:22,246 [ERROR] LogOutputStream:75 - [STDERR_REDIRECT] [Fatal Error] :1:1: Premature end of file.
2025-07-19 02:26:22,246 [ERROR] LogOutputStream:75 - [STDERR_REDIRECT] 
2025-07-19 02:26:23,246 [ERROR] LogOutputStream:75 - [STDERR_REDIRECT] [Fatal Error] :1:1: Premature end of file.
2025-07-19 02:26:23,246 [ERROR] LogOutputStream:75 - [STDERR_REDIRECT] 
2025-07-19 02:26:24,247 [ERROR] LogOutputStream:75 - [STDERR_REDIRECT] [Fatal Error] :1:1: Premature end of file.
2025-07-19 02:26:24,247 [ERROR] LogOutputStream:75 - [STDERR_REDIRECT] 
2025-07-19 02:26:25,253 [ERROR] LogOutputStream:75 - [STDERR_REDIRECT] [Fatal Error] :1:1: Premature end of file.
2025-07-19 02:26:25,253 [ERROR] LogOutputStream:75 - [STDERR_REDIRECT] 
2025-07-19 02:26:26,266 [ERROR] LogOutputStream:75 - [STDERR_REDIRECT] [Fatal Error] :1:1: Premature end of file.
2025-07-19 02:26:26,266 [ERROR] LogOutputStream:75 - [STDERR_REDIRECT] 
2025-07-19 02:26:27,244 [ERROR] LogOutputStream:75 - [STDERR_REDIRECT] [Fatal Error] :1:1: Premature end of file.
2025-07-19 02:26:27,244 [ERROR] LogOutputStream:75 - [STDERR_REDIRECT] 
2025-07-19 02:26:28,285 [ERROR] LogOutputStream:75 - [STDERR_REDIRECT] [Fatal Error] :1:1: Premature end of file.
2025-07-19 02:26:28,285 [ERROR] LogOutputStream:75 - [STDERR_REDIRECT] 
2025-07-19 02:26:29,244 [ERROR] LogOutputStream:75 - [STDERR_REDIRECT] [Fatal Error] :1:1: Premature end of file.
2025-07-19 02:26:29,244 [ERROR] LogOutputStream:75 - [STDERR_REDIRECT] 
2025-07-19 02:26:30,255 [ERROR] LogOutputStream:75 - [STDERR_REDIRECT] [Fatal Error] :1:1: Premature end of file.
2025-07-19 02:26:30,255 [ERROR] LogOutputStream:75 - [STDERR_REDIRECT] 
2025-07-19 02:26:31,314 [ERROR] LogOutputStream:75 - [STDERR_REDIRECT] [Fatal Error] :1:1: Premature end of file.
2025-07-19 02:26:31,314 [ERROR] LogOutputStream:75 - [STDERR_REDIRECT] 
2025-07-19 02:26:32,332 [ERROR] LogOutputStream:75 - [STDERR_REDIRECT] [Fatal Error] :1:1: Premature end of file.
2025-07-19 02:26:32,333 [ERROR] LogOutputStream:75 - [STDERR_REDIRECT] 
2025-07-19 02:26:33,337 [ERROR] LogOutputStream:75 - [STDERR_REDIRECT] [Fatal Error] :1:1: Premature end of file.
2025-07-19 02:26:33,338 [ERROR] LogOutputStream:75 - [STDERR_REDIRECT] 
2025-07-19 02:26:34,327 [ERROR] LogOutputStream:75 - [STDERR_REDIRECT] [Fatal Error] :1:1: Premature end of file.
2025-07-19 02:26:34,327 [ERROR] LogOutputStream:75 - [STDERR_REDIRECT] 
2025-07-19 02:26:35,272 [ERROR] LogOutputStream:75 - [STDERR_REDIRECT] [Fatal Error] :1:1: Premature end of file.
2025-07-19 02:26:35,273 [ERROR] LogOutputStream:75 - [STDERR_REDIRECT] 
2025-07-19 02:26:36,341 [ERROR] LogOutputStream:75 - [STDERR_REDIRECT] [Fatal Error] :1:1: Premature end of file.
2025-07-19 02:26:36,341 [ERROR] LogOutputStream:75 - [STDERR_REDIRECT] 
2025-07-19 02:26:37,256 [ERROR] LogOutputStream:75 - [STDERR_REDIRECT] [Fatal Error] :1:1: Premature end of file.
2025-07-19 02:26:37,256 [ERROR] LogOutputStream:75 - [STDERR_REDIRECT] 
2025-07-19 02:26:38,317 [ERROR] LogOutputStream:75 - [STDERR_REDIRECT] [Fatal Error] :1:1: Premature end of file.
2025-07-19 02:26:38,317 [ERROR] LogOutputStream:75 - [STDERR_REDIRECT] 
2025-07-19 02:26:39,320 [ERROR] LogOutputStream:75 - [STDERR_REDIRECT] [Fatal Error] :1:1: Premature end of file.
2025-07-19 02:26:39,321 [ERROR] LogOutputStream:75 - [STDERR_REDIRECT] 
2025-07-19 02:26:40,351 [ERROR] LogOutputStream:75 - [STDERR_REDIRECT] [Fatal Error] :1:1: Premature end of file.
2025-07-19 02:26:40,352 [ERROR] LogOutputStream:75 - [STDERR_REDIRECT] 
2025-07-19 02:26:41,339 [ERROR] LogOutputStream:75 - [STDERR_REDIRECT] [Fatal Error] :1:1: Premature end of file.
2025-07-19 02:26:41,339 [ERROR] LogOutputStream:75 - [STDERR_REDIRECT] 
2025-07-19 02:26:42,350 [ERROR] LogOutputStream:75 - [STDERR_REDIRECT] [Fatal Error] :1:1: Premature end of file.
2025-07-19 02:26:42,350 [ERROR] LogOutputStream:75 - [STDERR_REDIRECT] 
2025-07-19 02:26:43,342 [ERROR] LogOutputStream:75 - [STDERR_REDIRECT] [Fatal Error] :1:1: Premature end of file.
2025-07-19 02:26:43,343 [ERROR] LogOutputStream:75 - [STDERR_REDIRECT] 
2025-07-19 02:26:44,345 [ERROR] LogOutputStream:75 - [STDERR_REDIRECT] [Fatal Error] :1:1: Premature end of file.
2025-07-19 02:26:44,346 [ERROR] LogOutputStream:75 - [STDERR_REDIRECT] 
2025-07-19 02:26:45,332 [ERROR] LogOutputStream:75 - [STDERR_REDIRECT] [Fatal Error] :1:1: Premature end of file.
2025-07-19 02:26:45,332 [ERROR] LogOutputStream:75 - [STDERR_REDIRECT] 
2025-07-19 02:26:46,338 [ERROR] LogOutputStream:75 - [STDERR_REDIRECT] [Fatal Error] :1:1: Premature end of file.
2025-07-19 02:26:46,339 [ERROR] LogOutputStream:75 - [STDERR_REDIRECT] 
2025-07-19 02:26:47,347 [ERROR] LogOutputStream:75 - [STDERR_REDIRECT] [Fatal Error] :1:1: Premature end of file.
2025-07-19 02:26:47,348 [ERROR] LogOutputStream:75 - [STDERR_REDIRECT] 
2025-07-19 02:26:48,342 [ERROR] LogOutputStream:75 - [STDERR_REDIRECT] [Fatal Error] :1:1: Premature end of file.
2025-07-19 02:26:48,343 [ERROR] LogOutputStream:75 - [STDERR_REDIRECT] 
2025-07-19 02:26:49,275 [ERROR] LogOutputStream:75 - [STDERR_REDIRECT] [Fatal Error] :1:1: Premature end of file.
2025-07-19 02:26:49,275 [ERROR] LogOutputStream:75 - [STDERR_REDIRECT] 
2025-07-19 02:26:50,254 [ERROR] LogOutputStream:75 - [STDERR_REDIRECT] [Fatal Error] :1:1: Premature end of file.
2025-07-19 02:26:50,254 [ERROR] LogOutputStream:75 - [STDERR_REDIRECT] 
2025-07-19 02:26:51,360 [ERROR] LogOutputStream:75 - [STDERR_REDIRECT] [Fatal Error] :1:1: Premature end of file.
2025-07-19 02:26:51,361 [ERROR] LogOutputStream:75 - [STDERR_REDIRECT] 
2025-07-19 02:26:52,248 [ERROR] LogOutputStream:75 - [STDERR_REDIRECT] [Fatal Error] :1:1: Premature end of file.
2025-07-19 02:26:52,248 [ERROR] LogOutputStream:75 - [STDERR_REDIRECT] 
2025-07-19 02:26:53,263 [ERROR] LogOutputStream:75 - [STDERR_REDIRECT] [Fatal Error] :1:1: Premature end of file.
2025-07-19 02:26:53,263 [ERROR] LogOutputStream:75 - [STDERR_REDIRECT] 
2025-07-19 02:26:54,257 [ERROR] LogOutputStream:75 - [STDERR_REDIRECT] [Fatal Error] :1:1: Premature end of file.
2025-07-19 02:26:54,257 [ERROR] LogOutputStream:75 - [STDERR_REDIRECT] 
2025-07-19 02:26:55,252 [ERROR] LogOutputStream:75 - [STDERR_REDIRECT] [Fatal Error] :1:1: Premature end of file.
2025-07-19 02:26:55,252 [ERROR] LogOutputStream:75 - [STDERR_REDIRECT] 
2025-07-19 02:26:56,248 [ERROR] LogOutputStream:75 - [STDERR_REDIRECT] [Fatal Error] :1:1: Premature end of file.
2025-07-19 02:26:56,249 [ERROR] LogOutputStream:75 - [STDERR_REDIRECT] 
2025-07-19 02:26:57,250 [ERROR] LogOutputStream:75 - [STDERR_REDIRECT] [Fatal Error] :1:1: Premature end of file.
2025-07-19 02:26:57,250 [ERROR] LogOutputStream:75 - [STDERR_REDIRECT] 
2025-07-19 02:26:58,246 [ERROR] LogOutputStream:75 - [STDERR_REDIRECT] [Fatal Error] :1:1: Premature end of file.
2025-07-19 02:26:58,247 [ERROR] LogOutputStream:75 - [STDERR_REDIRECT] 
2025-07-19 02:26:59,288 [ERROR] LogOutputStream:75 - [STDERR_REDIRECT] [Fatal Error] :1:1: Premature end of file.
2025-07-19 02:26:59,288 [ERROR] LogOutputStream:75 - [STDERR_REDIRECT] 
2025-07-19 02:27:00,340 [ERROR] LogOutputStream:75 - [STDERR_REDIRECT] [Fatal Error] :1:1: Premature end of file.
2025-07-19 02:27:00,340 [ERROR] LogOutputStream:75 - [STDERR_REDIRECT] 
2025-07-19 02:27:01,341 [ERROR] LogOutputStream:75 - [STDERR_REDIRECT] [Fatal Error] :1:1: Premature end of file.
2025-07-19 02:27:01,341 [ERROR] LogOutputStream:75 - [STDERR_REDIRECT] 
2025-07-19 02:27:02,338 [ERROR] LogOutputStream:75 - [STDERR_REDIRECT] [Fatal Error] :1:1: Premature end of file.
2025-07-19 02:27:02,338 [ERROR] LogOutputStream:75 - [STDERR_REDIRECT] 
2025-07-19 02:27:03,327 [ERROR] LogOutputStream:75 - [STDERR_REDIRECT] [Fatal Error] :1:1: Premature end of file.
2025-07-19 02:27:03,327 [ERROR] LogOutputStream:75 - [STDERR_REDIRECT] 
2025-07-19 02:27:04,336 [ERROR] LogOutputStream:75 - [STDERR_REDIRECT] [Fatal Error] :1:1: Premature end of file.
2025-07-19 02:27:04,337 [ERROR] LogOutputStream:75 - [STDERR_REDIRECT] 
2025-07-19 02:27:05,329 [ERROR] LogOutputStream:75 - [STDERR_REDIRECT] [Fatal Error] :1:1: Premature end of file.
2025-07-19 02:27:05,329 [ERROR] LogOutputStream:75 - [STDERR_REDIRECT] 
2025-07-19 02:27:06,337 [ERROR] LogOutputStream:75 - [STDERR_REDIRECT] [Fatal Error] :1:1: Premature end of file.
2025-07-19 02:27:06,338 [ERROR] LogOutputStream:75 - [STDERR_REDIRECT] 
2025-07-19 02:27:07,332 [ERROR] LogOutputStream:75 - [STDERR_REDIRECT] [Fatal Error] :1:1: Premature end of file.
2025-07-19 02:27:07,333 [ERROR] LogOutputStream:75 - [STDERR_REDIRECT] 
2025-07-19 02:27:08,276 [ERROR] LogOutputStream:75 - [STDERR_REDIRECT] [Fatal Error] :1:1: Premature end of file.
2025-07-19 02:27:08,276 [ERROR] LogOutputStream:75 - [STDERR_REDIRECT] 
2025-07-19 02:27:09,342 [ERROR] LogOutputStream:75 - [STDERR_REDIRECT] [Fatal Error] :1:1: Premature end of file.
2025-07-19 02:27:09,342 [ERROR] LogOutputStream:75 - [STDERR_REDIRECT] 
2025-07-19 02:27:10,344 [ERROR] LogOutputStream:75 - [STDERR_REDIRECT] [Fatal Error] :1:1: Premature end of file.
2025-07-19 02:27:10,344 [ERROR] LogOutputStream:75 - [STDERR_REDIRECT] 
2025-07-19 02:27:11,244 [ERROR] LogOutputStream:75 - [STDERR_REDIRECT] [Fatal Error] :1:1: Premature end of file.
2025-07-19 02:27:11,244 [ERROR] LogOutputStream:75 - [STDERR_REDIRECT] 
2025-07-19 02:27:12,256 [ERROR] LogOutputStream:75 - [STDERR_REDIRECT] [Fatal Error] :1:1: Premature end of file.
2025-07-19 02:27:12,256 [ERROR] LogOutputStream:75 - [STDERR_REDIRECT] 
2025-07-19 02:27:13,255 [ERROR] LogOutputStream:75 - [STDERR_REDIRECT] [Fatal Error] :1:1: Premature end of file.
2025-07-19 02:27:13,255 [ERROR] LogOutputStream:75 - [STDERR_REDIRECT] 
2025-07-19 02:27:14,255 [ERROR] LogOutputStream:75 - [STDERR_REDIRECT] [Fatal Error] :1:1: Premature end of file.
2025-07-19 02:27:14,255 [ERROR] LogOutputStream:75 - [STDERR_REDIRECT] 
2025-07-19 02:27:15,366 [ERROR] LogOutputStream:75 - [STDERR_REDIRECT] [Fatal Error] :1:1: Premature end of file.
2025-07-19 02:27:15,366 [ERROR] LogOutputStream:75 - [STDERR_REDIRECT] 
2025-07-19 02:27:16,257 [ERROR] LogOutputStream:75 - [STDERR_REDIRECT] [Fatal Error] :1:1: Premature end of file.
2025-07-19 02:27:16,258 [ERROR] LogOutputStream:75 - [STDERR_REDIRECT] 
2025-07-19 02:27:17,245 [ERROR] LogOutputStream:75 - [STDERR_REDIRECT] [Fatal Error] :1:1: Premature end of file.
2025-07-19 02:27:17,245 [ERROR] LogOutputStream:75 - [STDERR_REDIRECT] 
2025-07-19 02:27:18,257 [ERROR] LogOutputStream:75 - [STDERR_REDIRECT] [Fatal Error] :1:1: Premature end of file.
2025-07-19 02:27:18,257 [ERROR] LogOutputStream:75 - [STDERR_REDIRECT] 
2025-07-19 02:27:19,259 [ERROR] LogOutputStream:75 - [STDERR_REDIRECT] [Fatal Error] :1:1: Premature end of file.
2025-07-19 02:27:19,259 [ERROR] LogOutputStream:75 - [STDERR_REDIRECT] 
2025-07-19 02:27:20,250 [ERROR] LogOutputStream:75 - [STDERR_REDIRECT] [Fatal Error] :1:1: Premature end of file.
2025-07-19 02:27:20,250 [ERROR] LogOutputStream:75 - [STDERR_REDIRECT] 
2025-07-19 02:27:21,246 [ERROR] LogOutputStream:75 - [STDERR_REDIRECT] [Fatal Error] :1:1: Premature end of file.
2025-07-19 02:27:21,246 [ERROR] LogOutputStream:75 - [STDERR_REDIRECT] 
2025-07-19 02:27:22,335 [ERROR] LogOutputStream:75 - [STDERR_REDIRECT] [Fatal Error] :1:1: Premature end of file.
2025-07-19 02:27:22,336 [ERROR] LogOutputStream:75 - [STDERR_REDIRECT] 
2025-07-19 02:27:23,332 [ERROR] LogOutputStream:75 - [STDERR_REDIRECT] [Fatal Error] :1:1: Premature end of file.
2025-07-19 02:27:23,332 [ERROR] LogOutputStream:75 - [STDERR_REDIRECT] 
2025-07-19 02:27:24,342 [ERROR] LogOutputStream:75 - [STDERR_REDIRECT] [Fatal Error] :1:1: Premature end of file.
2025-07-19 02:27:24,342 [ERROR] LogOutputStream:75 - [STDERR_REDIRECT] 
2025-07-19 02:27:25,358 [ERROR] LogOutputStream:75 - [STDERR_REDIRECT] [Fatal Error] :1:1: Premature end of file.
2025-07-19 02:27:25,359 [ERROR] LogOutputStream:75 - [STDERR_REDIRECT] 
2025-07-19 02:27:26,335 [ERROR] LogOutputStream:75 - [STDERR_REDIRECT] [Fatal Error] :1:1: Premature end of file.
2025-07-19 02:27:26,336 [ERROR] LogOutputStream:75 - [STDERR_REDIRECT] 
2025-07-19 02:27:27,337 [ERROR] LogOutputStream:75 - [STDERR_REDIRECT] [Fatal Error] :1:1: Premature end of file.
2025-07-19 02:27:27,337 [ERROR] LogOutputStream:75 - [STDERR_REDIRECT] 
2025-07-19 02:27:28,255 [ERROR] LogOutputStream:75 - [STDERR_REDIRECT] [Fatal Error] :1:1: Premature end of file.
2025-07-19 02:27:28,255 [ERROR] LogOutputStream:75 - [STDERR_REDIRECT] 
2025-07-19 02:27:29,255 [ERROR] LogOutputStream:75 - [STDERR_REDIRECT] [Fatal Error] :1:1: Premature end of file.
2025-07-19 02:27:29,255 [ERROR] LogOutputStream:75 - [STDERR_REDIRECT] 
2025-07-19 02:27:30,325 [ERROR] LogOutputStream:75 - [STDERR_REDIRECT] [Fatal Error] :1:1: Premature end of file.
2025-07-19 02:27:30,325 [ERROR] LogOutputStream:75 - [STDERR_REDIRECT] 
2025-07-19 02:27:31,355 [ERROR] LogOutputStream:75 - [STDERR_REDIRECT] [Fatal Error] :1:1: Premature end of file.
2025-07-19 02:27:31,356 [ERROR] LogOutputStream:75 - [STDERR_REDIRECT] 
2025-07-19 02:27:32,324 [ERROR] LogOutputStream:75 - [STDERR_REDIRECT] [Fatal Error] :1:1: Premature end of file.
2025-07-19 02:27:32,324 [ERROR] LogOutputStream:75 - [STDERR_REDIRECT] 
2025-07-19 02:27:33,249 [ERROR] LogOutputStream:75 - [STDERR_REDIRECT] [Fatal Error] :1:1: Premature end of file.
2025-07-19 02:27:33,250 [ERROR] LogOutputStream:75 - [STDERR_REDIRECT] 
2025-07-19 02:27:34,325 [ERROR] LogOutputStream:75 - [STDERR_REDIRECT] [Fatal Error] :1:1: Premature end of file.
2025-07-19 02:27:34,326 [ERROR] LogOutputStream:75 - [STDERR_REDIRECT] 
2025-07-19 02:27:35,345 [ERROR] LogOutputStream:75 - [STDERR_REDIRECT] [Fatal Error] :1:1: Premature end of file.
2025-07-19 02:27:35,346 [ERROR] LogOutputStream:75 - [STDERR_REDIRECT] 
2025-07-19 02:27:36,271 [ERROR] LogOutputStream:75 - [STDERR_REDIRECT] [Fatal Error] :1:1: Premature end of file.
2025-07-19 02:27:36,271 [ERROR] LogOutputStream:75 - [STDERR_REDIRECT] 
2025-07-19 02:27:37,256 [ERROR] LogOutputStream:75 - [STDERR_REDIRECT] [Fatal Error] :1:1: Premature end of file.
2025-07-19 02:27:37,256 [ERROR] LogOutputStream:75 - [STDERR_REDIRECT] 
2025-07-19 02:27:38,327 [ERROR] LogOutputStream:75 - [STDERR_REDIRECT] [Fatal Error] :1:1: Premature end of file.
2025-07-19 02:27:38,328 [ERROR] LogOutputStream:75 - [STDERR_REDIRECT] 
2025-07-19 02:27:39,351 [ERROR] LogOutputStream:75 - [STDERR_REDIRECT] [Fatal Error] :1:1: Premature end of file.
2025-07-19 02:27:39,352 [ERROR] LogOutputStream:75 - [STDERR_REDIRECT] 
2025-07-19 02:27:40,342 [ERROR] LogOutputStream:75 - [STDERR_REDIRECT] [Fatal Error] :1:1: Premature end of file.
2025-07-19 02:27:40,343 [ERROR] LogOutputStream:75 - [STDERR_REDIRECT] 
2025-07-19 02:27:41,323 [ERROR] LogOutputStream:75 - [STDERR_REDIRECT] [Fatal Error] :1:1: Premature end of file.
2025-07-19 02:27:41,323 [ERROR] LogOutputStream:75 - [STDERR_REDIRECT] 
2025-07-19 02:27:42,287 [ERROR] LogOutputStream:75 - [STDERR_REDIRECT] [Fatal Error] :1:1: Premature end of file.
2025-07-19 02:27:42,287 [ERROR] LogOutputStream:75 - [STDERR_REDIRECT] 
2025-07-19 02:27:43,335 [ERROR] LogOutputStream:75 - [STDERR_REDIRECT] [Fatal Error] :1:1: Premature end of file.
2025-07-19 02:27:43,336 [ERROR] LogOutputStream:75 - [STDERR_REDIRECT] 
2025-07-19 02:27:44,327 [ERROR] LogOutputStream:75 - [STDERR_REDIRECT] [Fatal Error] :1:1: Premature end of file.
2025-07-19 02:27:44,327 [ERROR] LogOutputStream:75 - [STDERR_REDIRECT] 
2025-07-19 02:27:45,341 [ERROR] LogOutputStream:75 - [STDERR_REDIRECT] [Fatal Error] :1:1: Premature end of file.
2025-07-19 02:27:45,342 [ERROR] LogOutputStream:75 - [STDERR_REDIRECT] 
2025-07-19 02:27:46,349 [ERROR] LogOutputStream:75 - [STDERR_REDIRECT] [Fatal Error] :1:1: Premature end of file.
2025-07-19 02:27:46,350 [ERROR] LogOutputStream:75 - [STDERR_REDIRECT] 
2025-07-19 02:27:47,338 [ERROR] LogOutputStream:75 - [STDERR_REDIRECT] [Fatal Error] :1:1: Premature end of file.
2025-07-19 02:27:47,338 [ERROR] LogOutputStream:75 - [STDERR_REDIRECT] 
2025-07-19 02:27:48,322 [ERROR] LogOutputStream:75 - [STDERR_REDIRECT] [Fatal Error] :1:1: Premature end of file.
2025-07-19 02:27:48,322 [ERROR] LogOutputStream:75 - [STDERR_REDIRECT] 
2025-07-19 02:27:49,344 [ERROR] LogOutputStream:75 - [STDERR_REDIRECT] [Fatal Error] :1:1: Premature end of file.
2025-07-19 02:27:49,345 [ERROR] LogOutputStream:75 - [STDERR_REDIRECT] 
2025-07-19 02:27:50,346 [ERROR] LogOutputStream:75 - [STDERR_REDIRECT] [Fatal Error] :1:1: Premature end of file.
2025-07-19 02:27:50,347 [ERROR] LogOutputStream:75 - [STDERR_REDIRECT] 
2025-07-19 02:27:51,331 [ERROR] LogOutputStream:75 - [STDERR_REDIRECT] [Fatal Error] :1:1: Premature end of file.
2025-07-19 02:27:51,331 [ERROR] LogOutputStream:75 - [STDERR_REDIRECT] 
2025-07-19 02:27:52,263 [ERROR] LogOutputStream:75 - [STDERR_REDIRECT] [Fatal Error] :1:1: Premature end of file.
2025-07-19 02:27:52,263 [ERROR] LogOutputStream:75 - [STDERR_REDIRECT] 
2025-07-19 02:27:53,348 [ERROR] LogOutputStream:75 - [STDERR_REDIRECT] [Fatal Error] :1:1: Premature end of file.
2025-07-19 02:27:53,348 [ERROR] LogOutputStream:75 - [STDERR_REDIRECT] 
2025-07-19 02:27:54,252 [ERROR] LogOutputStream:75 - [STDERR_REDIRECT] [Fatal Error] :1:1: Premature end of file.
2025-07-19 02:27:54,253 [ERROR] LogOutputStream:75 - [STDERR_REDIRECT] 
2025-07-19 02:27:55,258 [ERROR] LogOutputStream:75 - [STDERR_REDIRECT] [Fatal Error] :1:1: Premature end of file.
2025-07-19 02:27:55,258 [ERROR] LogOutputStream:75 - [STDERR_REDIRECT] 
2025-07-19 02:27:56,322 [ERROR] LogOutputStream:75 - [STDERR_REDIRECT] [Fatal Error] :1:1: Premature end of file.
2025-07-19 02:27:56,322 [ERROR] LogOutputStream:75 - [STDERR_REDIRECT] 
2025-07-19 02:27:57,261 [ERROR] LogOutputStream:75 - [STDERR_REDIRECT] [Fatal Error] :1:1: Premature end of file.
2025-07-19 02:27:57,261 [ERROR] LogOutputStream:75 - [STDERR_REDIRECT] 
2025-07-19 02:27:58,255 [ERROR] LogOutputStream:75 - [STDERR_REDIRECT] [Fatal Error] :1:1: Premature end of file.
2025-07-19 02:27:58,255 [ERROR] LogOutputStream:75 - [STDERR_REDIRECT] 
2025-07-19 02:27:59,251 [ERROR] LogOutputStream:75 - [STDERR_REDIRECT] [Fatal Error] :1:1: Premature end of file.
2025-07-19 02:27:59,251 [ERROR] LogOutputStream:75 - [STDERR_REDIRECT] 
2025-07-19 02:28:00,256 [ERROR] LogOutputStream:75 - [STDERR_REDIRECT] [Fatal Error] :1:1: Premature end of file.
2025-07-19 02:28:00,256 [ERROR] LogOutputStream:75 - [STDERR_REDIRECT] 
2025-07-19 02:28:01,342 [ERROR] LogOutputStream:75 - [STDERR_REDIRECT] [Fatal Error] :1:1: Premature end of file.
2025-07-19 02:28:01,343 [ERROR] LogOutputStream:75 - [STDERR_REDIRECT] 
2025-07-19 02:28:02,261 [ERROR] LogOutputStream:75 - [STDERR_REDIRECT] [Fatal Error] :1:1: Premature end of file.
2025-07-19 02:28:02,261 [ERROR] LogOutputStream:75 - [STDERR_REDIRECT] 
2025-07-19 02:28:03,328 [ERROR] LogOutputStream:75 - [STDERR_REDIRECT] [Fatal Error] :1:1: Premature end of file.
2025-07-19 02:28:03,328 [ERROR] LogOutputStream:75 - [STDERR_REDIRECT] 
2025-07-19 02:28:04,345 [ERROR] LogOutputStream:75 - [STDERR_REDIRECT] [Fatal Error] :1:1: Premature end of file.
2025-07-19 02:28:04,346 [ERROR] LogOutputStream:75 - [STDERR_REDIRECT] 
2025-07-19 02:28:05,254 [ERROR] LogOutputStream:75 - [STDERR_REDIRECT] [Fatal Error] :1:1: Premature end of file.
2025-07-19 02:28:05,254 [ERROR] LogOutputStream:75 - [STDERR_REDIRECT] 
2025-07-19 02:28:06,335 [ERROR] LogOutputStream:75 - [STDERR_REDIRECT] [Fatal Error] :1:1: Premature end of file.
2025-07-19 02:28:06,335 [ERROR] LogOutputStream:75 - [STDERR_REDIRECT] 
2025-07-19 02:28:07,328 [ERROR] LogOutputStream:75 - [STDERR_REDIRECT] [Fatal Error] :1:1: Premature end of file.
2025-07-19 02:28:07,329 [ERROR] LogOutputStream:75 - [STDERR_REDIRECT] 
2025-07-19 02:28:08,340 [ERROR] LogOutputStream:75 - [STDERR_REDIRECT] [Fatal Error] :1:1: Premature end of file.
2025-07-19 02:28:08,341 [ERROR] LogOutputStream:75 - [STDERR_REDIRECT] 
2025-07-19 02:28:09,248 [ERROR] LogOutputStream:75 - [STDERR_REDIRECT] [Fatal Error] :1:1: Premature end of file.
2025-07-19 02:28:09,248 [ERROR] LogOutputStream:75 - [STDERR_REDIRECT] 
2025-07-19 02:28:10,356 [ERROR] LogOutputStream:75 - [STDERR_REDIRECT] [Fatal Error] :1:1: Premature end of file.
2025-07-19 02:28:10,357 [ERROR] LogOutputStream:75 - [STDERR_REDIRECT] 
2025-07-19 02:28:11,341 [ERROR] LogOutputStream:75 - [STDERR_REDIRECT] [Fatal Error] :1:1: Premature end of file.
2025-07-19 02:28:11,342 [ERROR] LogOutputStream:75 - [STDERR_REDIRECT] 
2025-07-19 02:28:12,344 [ERROR] LogOutputStream:75 - [STDERR_REDIRECT] [Fatal Error] :1:1: Premature end of file.
2025-07-19 02:28:12,344 [ERROR] LogOutputStream:75 - [STDERR_REDIRECT] 
2025-07-19 02:28:13,330 [ERROR] LogOutputStream:75 - [STDERR_REDIRECT] [Fatal Error] :1:1: Premature end of file.
2025-07-19 02:28:13,330 [ERROR] LogOutputStream:75 - [STDERR_REDIRECT] 
2025-07-19 02:28:14,259 [ERROR] LogOutputStream:75 - [STDERR_REDIRECT] [Fatal Error] :1:1: Premature end of file.
2025-07-19 02:28:14,259 [ERROR] LogOutputStream:75 - [STDERR_REDIRECT] 
2025-07-19 02:28:15,255 [ERROR] LogOutputStream:75 - [STDERR_REDIRECT] [Fatal Error] :1:1: Premature end of file.
2025-07-19 02:28:15,255 [ERROR] LogOutputStream:75 - [STDERR_REDIRECT] 
2025-07-19 02:28:16,344 [ERROR] LogOutputStream:75 - [STDERR_REDIRECT] [Fatal Error] :1:1: Premature end of file.
2025-07-19 02:28:16,344 [ERROR] LogOutputStream:75 - [STDERR_REDIRECT] 
2025-07-19 02:28:17,251 [ERROR] LogOutputStream:75 - [STDERR_REDIRECT] [Fatal Error] :1:1: Premature end of file.
2025-07-19 02:28:17,251 [ERROR] LogOutputStream:75 - [STDERR_REDIRECT] 
2025-07-19 02:28:18,349 [ERROR] LogOutputStream:75 - [STDERR_REDIRECT] [Fatal Error] :1:1: Premature end of file.
2025-07-19 02:28:18,350 [ERROR] LogOutputStream:75 - [STDERR_REDIRECT] 
2025-07-19 02:28:19,257 [ERROR] LogOutputStream:75 - [STDERR_REDIRECT] [Fatal Error] :1:1: Premature end of file.
2025-07-19 02:28:19,257 [ERROR] LogOutputStream:75 - [STDERR_REDIRECT] 
2025-07-19 02:28:20,344 [ERROR] LogOutputStream:75 - [STDERR_REDIRECT] [Fatal Error] :1:1: Premature end of file.
2025-07-19 02:28:20,345 [ERROR] LogOutputStream:75 - [STDERR_REDIRECT] 
2025-07-19 02:28:21,338 [ERROR] LogOutputStream:75 - [STDERR_REDIRECT] [Fatal Error] :1:1: Premature end of file.
2025-07-19 02:28:21,338 [ERROR] LogOutputStream:75 - [STDERR_REDIRECT] 
2025-07-19 02:28:22,288 [ERROR] LogOutputStream:75 - [STDERR_REDIRECT] [Fatal Error] :1:1: Premature end of file.
2025-07-19 02:28:22,288 [ERROR] LogOutputStream:75 - [STDERR_REDIRECT] 
2025-07-19 02:28:23,277 [ERROR] LogOutputStream:75 - [STDERR_REDIRECT] [Fatal Error] :1:1: Premature end of file.
2025-07-19 02:28:23,277 [ERROR] LogOutputStream:75 - [STDERR_REDIRECT] 
2025-07-19 02:28:24,287 [ERROR] LogOutputStream:75 - [STDERR_REDIRECT] [Fatal Error] :1:1: Premature end of file.
2025-07-19 02:28:24,287 [ERROR] LogOutputStream:75 - [STDERR_REDIRECT] 
2025-07-19 02:28:25,282 [ERROR] LogOutputStream:75 - [STDERR_REDIRECT] [Fatal Error] :1:1: Premature end of file.
2025-07-19 02:28:25,282 [ERROR] LogOutputStream:75 - [STDERR_REDIRECT] 
2025-07-19 02:28:26,299 [ERROR] LogOutputStream:75 - [STDERR_REDIRECT] [Fatal Error] :1:1: Premature end of file.
2025-07-19 02:28:26,299 [ERROR] LogOutputStream:75 - [STDERR_REDIRECT] 
2025-07-19 02:28:27,250 [ERROR] LogOutputStream:75 - [STDERR_REDIRECT] [Fatal Error] :1:1: Premature end of file.
2025-07-19 02:28:27,250 [ERROR] LogOutputStream:75 - [STDERR_REDIRECT] 
2025-07-19 02:28:28,346 [ERROR] LogOutputStream:75 - [STDERR_REDIRECT] [Fatal Error] :1:1: Premature end of file.
2025-07-19 02:28:28,347 [ERROR] LogOutputStream:75 - [STDERR_REDIRECT] 
2025-07-19 02:28:29,343 [ERROR] LogOutputStream:75 - [STDERR_REDIRECT] [Fatal Error] :1:1: Premature end of file.
2025-07-19 02:28:29,344 [ERROR] LogOutputStream:75 - [STDERR_REDIRECT] 
2025-07-19 02:28:30,257 [ERROR] LogOutputStream:75 - [STDERR_REDIRECT] [Fatal Error] :1:1: Premature end of file.
2025-07-19 02:28:30,258 [ERROR] LogOutputStream:75 - [STDERR_REDIRECT] 
2025-07-19 02:28:31,251 [ERROR] LogOutputStream:75 - [STDERR_REDIRECT] [Fatal Error] :1:1: Premature end of file.
2025-07-19 02:28:31,251 [ERROR] LogOutputStream:75 - [STDERR_REDIRECT] 
2025-07-19 02:28:32,319 [ERROR] LogOutputStream:75 - [STDERR_REDIRECT] [Fatal Error] :1:1: Premature end of file.
2025-07-19 02:28:32,319 [ERROR] LogOutputStream:75 - [STDERR_REDIRECT] 
2025-07-19 02:28:33,299 [ERROR] LogOutputStream:75 - [STDERR_REDIRECT] [Fatal Error] :1:1: Premature end of file.
2025-07-19 02:28:33,300 [ERROR] LogOutputStream:75 - [STDERR_REDIRECT] 
2025-07-19 02:28:34,351 [ERROR] LogOutputStream:75 - [STDERR_REDIRECT] [Fatal Error] :1:1: Premature end of file.
2025-07-19 02:28:34,352 [ERROR] LogOutputStream:75 - [STDERR_REDIRECT] 
2025-07-19 02:28:35,336 [ERROR] LogOutputStream:75 - [STDERR_REDIRECT] [Fatal Error] :1:1: Premature end of file.
2025-07-19 02:28:35,336 [ERROR] LogOutputStream:75 - [STDERR_REDIRECT] 
2025-07-19 02:28:36,341 [ERROR] LogOutputStream:75 - [STDERR_REDIRECT] [Fatal Error] :1:1: Premature end of file.
2025-07-19 02:28:36,341 [ERROR] LogOutputStream:75 - [STDERR_REDIRECT] 
2025-07-19 02:28:37,336 [ERROR] LogOutputStream:75 - [STDERR_REDIRECT] [Fatal Error] :1:1: Premature end of file.
2025-07-19 02:28:37,337 [ERROR] LogOutputStream:75 - [STDERR_REDIRECT] 
2025-07-19 02:28:38,331 [ERROR] LogOutputStream:75 - [STDERR_REDIRECT] [Fatal Error] :1:1: Premature end of file.
2025-07-19 02:28:38,331 [ERROR] LogOutputStream:75 - [STDERR_REDIRECT] 
2025-07-19 02:28:39,332 [ERROR] LogOutputStream:75 - [STDERR_REDIRECT] [Fatal Error] :1:1: Premature end of file.
2025-07-19 02:28:39,333 [ERROR] LogOutputStream:75 - [STDERR_REDIRECT] 
2025-07-19 02:28:40,348 [ERROR] LogOutputStream:75 - [STDERR_REDIRECT] [Fatal Error] :1:1: Premature end of file.
2025-07-19 02:28:40,349 [ERROR] LogOutputStream:75 - [STDERR_REDIRECT] 
2025-07-19 02:28:41,356 [ERROR] LogOutputStream:75 - [STDERR_REDIRECT] [Fatal Error] :1:1: Premature end of file.
2025-07-19 02:28:41,356 [ERROR] LogOutputStream:75 - [STDERR_REDIRECT] 
2025-07-19 02:28:42,346 [ERROR] LogOutputStream:75 - [STDERR_REDIRECT] [Fatal Error] :1:1: Premature end of file.
2025-07-19 02:28:42,347 [ERROR] LogOutputStream:75 - [STDERR_REDIRECT] 
2025-07-19 02:28:43,246 [ERROR] LogOutputStream:75 - [STDERR_REDIRECT] [Fatal Error] :1:1: Premature end of file.
2025-07-19 02:28:43,246 [ERROR] LogOutputStream:75 - [STDERR_REDIRECT] 
2025-07-19 02:28:44,340 [ERROR] LogOutputStream:75 - [STDERR_REDIRECT] [Fatal Error] :1:1: Premature end of file.
2025-07-19 02:28:44,341 [ERROR] LogOutputStream:75 - [STDERR_REDIRECT] 
2025-07-19 02:28:45,330 [ERROR] LogOutputStream:75 - [STDERR_REDIRECT] [Fatal Error] :1:1: Premature end of file.
2025-07-19 02:28:45,330 [ERROR] LogOutputStream:75 - [STDERR_REDIRECT] 
2025-07-19 02:28:46,261 [ERROR] LogOutputStream:75 - [STDERR_REDIRECT] [Fatal Error] :1:1: Premature end of file.
2025-07-19 02:28:46,261 [ERROR] LogOutputStream:75 - [STDERR_REDIRECT] 
2025-07-19 02:28:47,255 [ERROR] LogOutputStream:75 - [STDERR_REDIRECT] [Fatal Error] :1:1: Premature end of file.
2025-07-19 02:28:47,255 [ERROR] LogOutputStream:75 - [STDERR_REDIRECT] 
2025-07-19 02:28:48,343 [ERROR] LogOutputStream:75 - [STDERR_REDIRECT] [Fatal Error] :1:1: Premature end of file.
2025-07-19 02:28:48,344 [ERROR] LogOutputStream:75 - [STDERR_REDIRECT] 
2025-07-19 02:28:49,363 [ERROR] LogOutputStream:75 - [STDERR_REDIRECT] [Fatal Error] :1:1: Premature end of file.
2025-07-19 02:28:49,364 [ERROR] LogOutputStream:75 - [STDERR_REDIRECT] 
2025-07-19 02:28:50,350 [ERROR] LogOutputStream:75 - [STDERR_REDIRECT] [Fatal Error] :1:1: Premature end of file.
2025-07-19 02:28:50,350 [ERROR] LogOutputStream:75 - [STDERR_REDIRECT] 
2025-07-19 02:28:51,326 [ERROR] LogOutputStream:75 - [STDERR_REDIRECT] [Fatal Error] :1:1: Premature end of file.
2025-07-19 02:28:51,326 [ERROR] LogOutputStream:75 - [STDERR_REDIRECT] 
2025-07-19 02:28:52,368 [ERROR] LogOutputStream:75 - [STDERR_REDIRECT] [Fatal Error] :1:1: Premature end of file.
2025-07-19 02:28:52,368 [ERROR] LogOutputStream:75 - [STDERR_REDIRECT] 
2025-07-19 02:28:53,354 [ERROR] LogOutputStream:75 - [STDERR_REDIRECT] [Fatal Error] :1:1: Premature end of file.
2025-07-19 02:28:53,355 [ERROR] LogOutputStream:75 - [STDERR_REDIRECT] 
2025-07-19 02:28:54,356 [ERROR] LogOutputStream:75 - [STDERR_REDIRECT] [Fatal Error] :1:1: Premature end of file.
2025-07-19 02:28:54,356 [ERROR] LogOutputStream:75 - [STDERR_REDIRECT] 
2025-07-19 02:28:55,329 [ERROR] LogOutputStream:75 - [STDERR_REDIRECT] [Fatal Error] :1:1: Premature end of file.
2025-07-19 02:28:55,329 [ERROR] LogOutputStream:75 - [STDERR_REDIRECT] 
2025-07-19 02:28:56,263 [ERROR] LogOutputStream:75 - [STDERR_REDIRECT] [Fatal Error] :1:1: Premature end of file.
2025-07-19 02:28:56,263 [ERROR] LogOutputStream:75 - [STDERR_REDIRECT] 
2025-07-19 02:28:57,270 [ERROR] LogOutputStream:75 - [STDERR_REDIRECT] [Fatal Error] :1:1: Premature end of file.
2025-07-19 02:28:57,270 [ERROR] LogOutputStream:75 - [STDERR_REDIRECT] 
2025-07-19 02:28:58,356 [ERROR] LogOutputStream:75 - [STDERR_REDIRECT] [Fatal Error] :1:1: Premature end of file.
2025-07-19 02:28:58,357 [ERROR] LogOutputStream:75 - [STDERR_REDIRECT] 
2025-07-19 02:28:59,322 [ERROR] LogOutputStream:75 - [STDERR_REDIRECT] [Fatal Error] :1:1: Premature end of file.
2025-07-19 02:28:59,322 [ERROR] LogOutputStream:75 - [STDERR_REDIRECT] 
2025-07-19 02:29:00,255 [ERROR] LogOutputStream:75 - [STDERR_REDIRECT] [Fatal Error] :1:1: Premature end of file.
2025-07-19 02:29:00,255 [ERROR] LogOutputStream:75 - [STDERR_REDIRECT] 
2025-07-19 02:29:01,258 [ERROR] LogOutputStream:75 - [STDERR_REDIRECT] [Fatal Error] :1:1: Premature end of file.
2025-07-19 02:29:01,259 [ERROR] LogOutputStream:75 - [STDERR_REDIRECT] 
2025-07-19 02:29:02,255 [ERROR] LogOutputStream:75 - [STDERR_REDIRECT] [Fatal Error] :1:1: Premature end of file.
2025-07-19 02:29:02,255 [ERROR] LogOutputStream:75 - [STDERR_REDIRECT] 
2025-07-19 02:29:03,259 [ERROR] LogOutputStream:75 - [STDERR_REDIRECT] [Fatal Error] :1:1: Premature end of file.
2025-07-19 02:29:03,260 [ERROR] LogOutputStream:75 - [STDERR_REDIRECT] 
2025-07-19 02:29:04,254 [ERROR] LogOutputStream:75 - [STDERR_REDIRECT] [Fatal Error] :1:1: Premature end of file.
2025-07-19 02:29:04,254 [ERROR] LogOutputStream:75 - [STDERR_REDIRECT] 
2025-07-19 02:29:05,341 [ERROR] LogOutputStream:75 - [STDERR_REDIRECT] [Fatal Error] :1:1: Premature end of file.
2025-07-19 02:29:05,342 [ERROR] LogOutputStream:75 - [STDERR_REDIRECT] 
2025-07-19 02:29:06,256 [ERROR] LogOutputStream:75 - [STDERR_REDIRECT] [Fatal Error] :1:1: Premature end of file.
2025-07-19 02:29:06,257 [ERROR] LogOutputStream:75 - [STDERR_REDIRECT] 
2025-07-19 02:29:07,243 [ERROR] LogOutputStream:75 - [STDERR_REDIRECT] [Fatal Error] :1:1: Premature end of file.
2025-07-19 02:29:07,243 [ERROR] LogOutputStream:75 - [STDERR_REDIRECT] 
2025-07-19 02:29:08,257 [ERROR] LogOutputStream:75 - [STDERR_REDIRECT] [Fatal Error] :1:1: Premature end of file.
2025-07-19 02:29:08,257 [ERROR] LogOutputStream:75 - [STDERR_REDIRECT] 
2025-07-19 02:29:09,251 [ERROR] LogOutputStream:75 - [STDERR_REDIRECT] [Fatal Error] :1:1: Premature end of file.
2025-07-19 02:29:09,251 [ERROR] LogOutputStream:75 - [STDERR_REDIRECT] 
2025-07-19 02:29:10,312 [ERROR] LogOutputStream:75 - [STDERR_REDIRECT] [Fatal Error] :1:1: Premature end of file.
2025-07-19 02:29:10,312 [ERROR] LogOutputStream:75 - [STDERR_REDIRECT] 
2025-07-19 02:29:11,247 [ERROR] LogOutputStream:75 - [STDERR_REDIRECT] [Fatal Error] :1:1: Premature end of file.
2025-07-19 02:29:11,247 [ERROR] LogOutputStream:75 - [STDERR_REDIRECT] 
2025-07-19 02:29:12,255 [ERROR] LogOutputStream:75 - [STDERR_REDIRECT] [Fatal Error] :1:1: Premature end of file.
2025-07-19 02:29:12,255 [ERROR] LogOutputStream:75 - [STDERR_REDIRECT] 
2025-07-19 02:29:13,255 [ERROR] LogOutputStream:75 - [STDERR_REDIRECT] [Fatal Error] :1:1: Premature end of file.
2025-07-19 02:29:13,255 [ERROR] LogOutputStream:75 - [STDERR_REDIRECT] 
2025-07-19 02:29:14,248 [ERROR] LogOutputStream:75 - [STDERR_REDIRECT] [Fatal Error] :1:1: Premature end of file.
2025-07-19 02:29:14,248 [ERROR] LogOutputStream:75 - [STDERR_REDIRECT] 
2025-07-19 02:29:15,250 [ERROR] LogOutputStream:75 - [STDERR_REDIRECT] [Fatal Error] :1:1: Premature end of file.
2025-07-19 02:29:15,250 [ERROR] LogOutputStream:75 - [STDERR_REDIRECT] 
2025-07-19 02:29:16,260 [ERROR] LogOutputStream:75 - [STDERR_REDIRECT] [Fatal Error] :1:1: Premature end of file.
2025-07-19 02:29:16,260 [ERROR] LogOutputStream:75 - [STDERR_REDIRECT] 
2025-07-19 02:29:17,255 [ERROR] LogOutputStream:75 - [STDERR_REDIRECT] [Fatal Error] :1:1: Premature end of file.
2025-07-19 02:29:17,255 [ERROR] LogOutputStream:75 - [STDERR_REDIRECT] 
2025-07-19 02:29:18,254 [ERROR] LogOutputStream:75 - [STDERR_REDIRECT] [Fatal Error] :1:1: Premature end of file.
2025-07-19 02:29:18,254 [ERROR] LogOutputStream:75 - [STDERR_REDIRECT] 
2025-07-19 02:29:19,250 [ERROR] LogOutputStream:75 - [STDERR_REDIRECT] [Fatal Error] :1:1: Premature end of file.
2025-07-19 02:29:19,250 [ERROR] LogOutputStream:75 - [STDERR_REDIRECT] 
2025-07-19 02:29:20,253 [ERROR] LogOutputStream:75 - [STDERR_REDIRECT] [Fatal Error] :1:1: Premature end of file.
2025-07-19 02:29:20,254 [ERROR] LogOutputStream:75 - [STDERR_REDIRECT] 
2025-07-19 02:29:21,247 [ERROR] LogOutputStream:75 - [STDERR_REDIRECT] [Fatal Error] :1:1: Premature end of file.
2025-07-19 02:29:21,248 [ERROR] LogOutputStream:75 - [STDERR_REDIRECT] 
2025-07-19 02:29:22,268 [ERROR] LogOutputStream:75 - [STDERR_REDIRECT] [Fatal Error] :1:1: Premature end of file.
2025-07-19 02:29:22,268 [ERROR] LogOutputStream:75 - [STDERR_REDIRECT] 
2025-07-19 02:29:23,247 [ERROR] LogOutputStream:75 - [STDERR_REDIRECT] [Fatal Error] :1:1: Premature end of file.
2025-07-19 02:29:23,247 [ERROR] LogOutputStream:75 - [STDERR_REDIRECT] 
2025-07-19 02:29:24,353 [ERROR] LogOutputStream:75 - [STDERR_REDIRECT] [Fatal Error] :1:1: Premature end of file.
2025-07-19 02:29:24,354 [ERROR] LogOutputStream:75 - [STDERR_REDIRECT] 
2025-07-19 02:29:25,340 [ERROR] LogOutputStream:75 - [STDERR_REDIRECT] [Fatal Error] :1:1: Premature end of file.
2025-07-19 02:29:25,341 [ERROR] LogOutputStream:75 - [STDERR_REDIRECT] 
2025-07-19 02:29:26,328 [ERROR] LogOutputStream:75 - [STDERR_REDIRECT] [Fatal Error] :1:1: Premature end of file.
2025-07-19 02:29:26,329 [ERROR] LogOutputStream:75 - [STDERR_REDIRECT] 
2025-07-19 02:29:27,342 [ERROR] LogOutputStream:75 - [STDERR_REDIRECT] [Fatal Error] :1:1: Premature end of file.
2025-07-19 02:29:27,343 [ERROR] LogOutputStream:75 - [STDERR_REDIRECT] 
2025-07-19 02:29:28,359 [ERROR] LogOutputStream:75 - [STDERR_REDIRECT] [Fatal Error] :1:1: Premature end of file.
2025-07-19 02:29:28,359 [ERROR] LogOutputStream:75 - [STDERR_REDIRECT] 
2025-07-19 02:29:29,243 [ERROR] LogOutputStream:75 - [STDERR_REDIRECT] [Fatal Error] :1:1: Premature end of file.
2025-07-19 02:29:29,243 [ERROR] LogOutputStream:75 - [STDERR_REDIRECT] 
2025-07-19 02:29:30,271 [ERROR] LogOutputStream:75 - [STDERR_REDIRECT] [Fatal Error] :1:1: Premature end of file.
2025-07-19 02:29:30,271 [ERROR] LogOutputStream:75 - [STDERR_REDIRECT] 
2025-07-19 02:29:31,346 [ERROR] LogOutputStream:75 - [STDERR_REDIRECT] [Fatal Error] :1:1: Premature end of file.
2025-07-19 02:29:31,346 [ERROR] LogOutputStream:75 - [STDERR_REDIRECT] 
2025-07-19 02:29:32,248 [ERROR] LogOutputStream:75 - [STDERR_REDIRECT] [Fatal Error] :1:1: Premature end of file.
2025-07-19 02:29:32,248 [ERROR] LogOutputStream:75 - [STDERR_REDIRECT] 
2025-07-19 02:29:33,248 [ERROR] LogOutputStream:75 - [STDERR_REDIRECT] [Fatal Error] :1:1: Premature end of file.
2025-07-19 02:29:33,251 [ERROR] LogOutputStream:75 - [STDERR_REDIRECT] 
2025-07-19 02:29:34,282 [ERROR] LogOutputStream:75 - [STDERR_REDIRECT] [Fatal Error] :1:1: Premature end of file.
2025-07-19 02:29:34,282 [ERROR] LogOutputStream:75 - [STDERR_REDIRECT] 
2025-07-19 02:29:35,249 [ERROR] LogOutputStream:75 - [STDERR_REDIRECT] [Fatal Error] :1:1: Premature end of file.
2025-07-19 02:29:35,249 [ERROR] LogOutputStream:75 - [STDERR_REDIRECT] 
2025-07-19 02:29:36,249 [ERROR] LogOutputStream:75 - [STDERR_REDIRECT] [Fatal Error] :1:1: Premature end of file.
2025-07-19 02:29:36,249 [ERROR] LogOutputStream:75 - [STDERR_REDIRECT] 
2025-07-19 02:29:37,341 [ERROR] LogOutputStream:75 - [STDERR_REDIRECT] [Fatal Error] :1:1: Premature end of file.
2025-07-19 02:29:37,341 [ERROR] LogOutputStream:75 - [STDERR_REDIRECT] 
2025-07-19 02:29:38,258 [ERROR] LogOutputStream:75 - [STDERR_REDIRECT] [Fatal Error] :1:1: Premature end of file.
2025-07-19 02:29:38,258 [ERROR] LogOutputStream:75 - [STDERR_REDIRECT] 
2025-07-19 02:29:39,251 [ERROR] LogOutputStream:75 - [STDERR_REDIRECT] [Fatal Error] :1:1: Premature end of file.
2025-07-19 02:29:39,251 [ERROR] LogOutputStream:75 - [STDERR_REDIRECT] 
2025-07-19 02:29:40,251 [ERROR] LogOutputStream:75 - [STDERR_REDIRECT] [Fatal Error] :1:1: Premature end of file.
2025-07-19 02:29:40,251 [ERROR] LogOutputStream:75 - [STDERR_REDIRECT] 
2025-07-19 02:29:41,344 [ERROR] LogOutputStream:75 - [STDERR_REDIRECT] [Fatal Error] :1:1: Premature end of file.
2025-07-19 02:29:41,344 [ERROR] LogOutputStream:75 - [STDERR_REDIRECT] 
2025-07-19 02:29:42,343 [ERROR] LogOutputStream:75 - [STDERR_REDIRECT] [Fatal Error] :1:1: Premature end of file.
2025-07-19 02:29:42,343 [ERROR] LogOutputStream:75 - [STDERR_REDIRECT] 
2025-07-19 02:29:43,341 [ERROR] LogOutputStream:75 - [STDERR_REDIRECT] [Fatal Error] :1:1: Premature end of file.
2025-07-19 02:29:43,344 [ERROR] LogOutputStream:75 - [STDERR_REDIRECT] 
2025-07-19 02:29:44,351 [ERROR] LogOutputStream:75 - [STDERR_REDIRECT] [Fatal Error] :1:1: Premature end of file.
2025-07-19 02:29:44,352 [ERROR] LogOutputStream:75 - [STDERR_REDIRECT] 
2025-07-19 02:29:45,340 [ERROR] LogOutputStream:75 - [STDERR_REDIRECT] [Fatal Error] :1:1: Premature end of file.
2025-07-19 02:29:45,340 [ERROR] LogOutputStream:75 - [STDERR_REDIRECT] 
2025-07-19 02:29:46,343 [ERROR] LogOutputStream:75 - [STDERR_REDIRECT] [Fatal Error] :1:1: Premature end of file.
2025-07-19 02:29:46,343 [ERROR] LogOutputStream:75 - [STDERR_REDIRECT] 
2025-07-19 02:29:47,365 [ERROR] LogOutputStream:75 - [STDERR_REDIRECT] [Fatal Error] :1:1: Premature end of file.
2025-07-19 02:29:47,366 [ERROR] LogOutputStream:75 - [STDERR_REDIRECT] 
2025-07-19 02:29:48,257 [ERROR] LogOutputStream:75 - [STDERR_REDIRECT] [Fatal Error] :1:1: Premature end of file.
2025-07-19 02:29:48,257 [ERROR] LogOutputStream:75 - [STDERR_REDIRECT] 
2025-07-19 02:29:49,355 [ERROR] LogOutputStream:75 - [STDERR_REDIRECT] [Fatal Error] :1:1: Premature end of file.
2025-07-19 02:29:49,355 [ERROR] LogOutputStream:75 - [STDERR_REDIRECT] 
2025-07-19 02:29:50,345 [ERROR] LogOutputStream:75 - [STDERR_REDIRECT] [Fatal Error] :1:1: Premature end of file.
2025-07-19 02:29:50,346 [ERROR] LogOutputStream:75 - [STDERR_REDIRECT] 
2025-07-19 02:29:51,254 [ERROR] LogOutputStream:75 - [STDERR_REDIRECT] [Fatal Error] :1:1: Premature end of file.
2025-07-19 02:29:51,254 [ERROR] LogOutputStream:75 - [STDERR_REDIRECT] 
2025-07-19 02:29:52,263 [ERROR] LogOutputStream:75 - [STDERR_REDIRECT] [Fatal Error] :1:1: Premature end of file.
2025-07-19 02:29:52,263 [ERROR] LogOutputStream:75 - [STDERR_REDIRECT] 
2025-07-19 02:29:53,354 [ERROR] LogOutputStream:75 - [STDERR_REDIRECT] [Fatal Error] :1:1: Premature end of file.
2025-07-19 02:29:53,354 [ERROR] LogOutputStream:75 - [STDERR_REDIRECT] 
2025-07-19 02:29:54,345 [ERROR] LogOutputStream:75 - [STDERR_REDIRECT] [Fatal Error] :1:1: Premature end of file.
2025-07-19 02:29:54,346 [ERROR] LogOutputStream:75 - [STDERR_REDIRECT] 
2025-07-19 02:29:55,333 [ERROR] LogOutputStream:75 - [STDERR_REDIRECT] [Fatal Error] :1:1: Premature end of file.
2025-07-19 02:29:55,333 [ERROR] LogOutputStream:75 - [STDERR_REDIRECT] 
2025-07-19 02:29:56,350 [ERROR] LogOutputStream:75 - [STDERR_REDIRECT] [Fatal Error] :1:1: Premature end of file.
2025-07-19 02:29:56,351 [ERROR] LogOutputStream:75 - [STDERR_REDIRECT] 
2025-07-19 02:29:57,252 [ERROR] LogOutputStream:75 - [STDERR_REDIRECT] [Fatal Error] :1:1: Premature end of file.
2025-07-19 02:29:57,252 [ERROR] LogOutputStream:75 - [STDERR_REDIRECT] 
2025-07-19 02:29:58,282 [ERROR] LogOutputStream:75 - [STDERR_REDIRECT] [Fatal Error] :1:1: Premature end of file.
2025-07-19 02:29:58,282 [ERROR] LogOutputStream:75 - [STDERR_REDIRECT] 
2025-07-19 02:29:59,257 [ERROR] LogOutputStream:75 - [STDERR_REDIRECT] [Fatal Error] :1:1: Premature end of file.
2025-07-19 02:29:59,257 [ERROR] LogOutputStream:75 - [STDERR_REDIRECT] 
2025-07-19 02:30:00,318 [ERROR] LogOutputStream:75 - [STDERR_REDIRECT] [Fatal Error] :1:1: Premature end of file.
2025-07-19 02:30:00,318 [ERROR] LogOutputStream:75 - [STDERR_REDIRECT] 
2025-07-19 02:30:01,353 [ERROR] LogOutputStream:75 - [STDERR_REDIRECT] [Fatal Error] :1:1: Premature end of file.
2025-07-19 02:30:01,354 [ERROR] LogOutputStream:75 - [STDERR_REDIRECT] 
2025-07-19 02:30:02,262 [ERROR] LogOutputStream:75 - [STDERR_REDIRECT] [Fatal Error] :1:1: Premature end of file.
2025-07-19 02:30:02,262 [ERROR] LogOutputStream:75 - [STDERR_REDIRECT] 
2025-07-19 02:30:03,358 [ERROR] LogOutputStream:75 - [STDERR_REDIRECT] [Fatal Error] :1:1: Premature end of file.
2025-07-19 02:30:03,358 [ERROR] LogOutputStream:75 - [STDERR_REDIRECT] 
2025-07-19 02:30:04,338 [ERROR] LogOutputStream:75 - [STDERR_REDIRECT] [Fatal Error] :1:1: Premature end of file.
2025-07-19 02:30:04,339 [ERROR] LogOutputStream:75 - [STDERR_REDIRECT] 
2025-07-19 02:30:05,349 [ERROR] LogOutputStream:75 - [STDERR_REDIRECT] [Fatal Error] :1:1: Premature end of file.
2025-07-19 02:30:05,349 [ERROR] LogOutputStream:75 - [STDERR_REDIRECT] 
2025-07-19 02:30:06,331 [ERROR] LogOutputStream:75 - [STDERR_REDIRECT] [Fatal Error] :1:1: Premature end of file.
2025-07-19 02:30:06,331 [ERROR] LogOutputStream:75 - [STDERR_REDIRECT] 
2025-07-19 02:30:07,303 [ERROR] LogOutputStream:75 - [STDERR_REDIRECT] [Fatal Error] :1:1: Premature end of file.
2025-07-19 02:30:07,303 [ERROR] LogOutputStream:75 - [STDERR_REDIRECT] 
2025-07-19 02:30:08,258 [ERROR] LogOutputStream:75 - [STDERR_REDIRECT] [Fatal Error] :1:1: Premature end of file.
2025-07-19 02:30:08,259 [ERROR] LogOutputStream:75 - [STDERR_REDIRECT] 
2025-07-19 02:30:09,353 [ERROR] LogOutputStream:75 - [STDERR_REDIRECT] [Fatal Error] :1:1: Premature end of file.
2025-07-19 02:30:09,354 [ERROR] LogOutputStream:75 - [STDERR_REDIRECT] 
2025-07-19 02:30:10,341 [ERROR] LogOutputStream:75 - [STDERR_REDIRECT] [Fatal Error] :1:1: Premature end of file.
2025-07-19 02:30:10,341 [ERROR] LogOutputStream:75 - [STDERR_REDIRECT] 
2025-07-19 02:30:11,345 [ERROR] LogOutputStream:75 - [STDERR_REDIRECT] [Fatal Error] :1:1: Premature end of file.
2025-07-19 02:30:11,346 [ERROR] LogOutputStream:75 - [STDERR_REDIRECT] 
2025-07-19 02:30:12,339 [ERROR] LogOutputStream:75 - [STDERR_REDIRECT] [Fatal Error] :1:1: Premature end of file.
2025-07-19 02:30:12,339 [ERROR] LogOutputStream:75 - [STDERR_REDIRECT] 
2025-07-19 02:30:13,340 [ERROR] LogOutputStream:75 - [STDERR_REDIRECT] [Fatal Error] :1:1: Premature end of file.
2025-07-19 02:30:13,341 [ERROR] LogOutputStream:75 - [STDERR_REDIRECT] 
2025-07-19 02:30:14,344 [ERROR] LogOutputStream:75 - [STDERR_REDIRECT] [Fatal Error] :1:1: Premature end of file.
2025-07-19 02:30:14,344 [ERROR] LogOutputStream:75 - [STDERR_REDIRECT] 
2025-07-19 02:30:15,337 [ERROR] LogOutputStream:75 - [STDERR_REDIRECT] [Fatal Error] :1:1: Premature end of file.
2025-07-19 02:30:15,338 [ERROR] LogOutputStream:75 - [STDERR_REDIRECT] 
2025-07-19 02:30:16,346 [ERROR] LogOutputStream:75 - [STDERR_REDIRECT] [Fatal Error] :1:1: Premature end of file.
2025-07-19 02:30:16,346 [ERROR] LogOutputStream:75 - [STDERR_REDIRECT] 
2025-07-19 02:30:17,324 [ERROR] LogOutputStream:75 - [STDERR_REDIRECT] [Fatal Error] :1:1: Premature end of file.
2025-07-19 02:30:17,324 [ERROR] LogOutputStream:75 - [STDERR_REDIRECT] 
2025-07-19 02:30:18,247 [ERROR] LogOutputStream:75 - [STDERR_REDIRECT] [Fatal Error] :1:1: Premature end of file.
2025-07-19 02:30:18,247 [ERROR] LogOutputStream:75 - [STDERR_REDIRECT] 
2025-07-19 02:30:19,253 [ERROR] LogOutputStream:75 - [STDERR_REDIRECT] [Fatal Error] :1:1: Premature end of file.
2025-07-19 02:30:19,253 [ERROR] LogOutputStream:75 - [STDERR_REDIRECT] 
2025-07-19 02:30:20,334 [ERROR] LogOutputStream:75 - [STDERR_REDIRECT] [Fatal Error] :1:1: Premature end of file.
2025-07-19 02:30:20,334 [ERROR] LogOutputStream:75 - [STDERR_REDIRECT] 
2025-07-19 02:30:21,327 [ERROR] LogOutputStream:75 - [STDERR_REDIRECT] [Fatal Error] :1:1: Premature end of file.
2025-07-19 02:30:21,327 [ERROR] LogOutputStream:75 - [STDERR_REDIRECT] 
2025-07-19 02:30:22,340 [ERROR] LogOutputStream:75 - [STDERR_REDIRECT] [Fatal Error] :1:1: Premature end of file.
2025-07-19 02:30:22,340 [ERROR] LogOutputStream:75 - [STDERR_REDIRECT] 
2025-07-19 02:30:23,335 [ERROR] LogOutputStream:75 - [STDERR_REDIRECT] [Fatal Error] :1:1: Premature end of file.
2025-07-19 02:30:23,335 [ERROR] LogOutputStream:75 - [STDERR_REDIRECT] 
2025-07-19 02:30:24,348 [ERROR] LogOutputStream:75 - [STDERR_REDIRECT] [Fatal Error] :1:1: Premature end of file.
2025-07-19 02:30:24,349 [ERROR] LogOutputStream:75 - [STDERR_REDIRECT] 
2025-07-19 02:30:25,248 [ERROR] LogOutputStream:75 - [STDERR_REDIRECT] [Fatal Error] :1:1: Premature end of file.
2025-07-19 02:30:25,249 [ERROR] LogOutputStream:75 - [STDERR_REDIRECT] 
2025-07-19 02:30:26,355 [ERROR] LogOutputStream:75 - [STDERR_REDIRECT] [Fatal Error] :1:1: Premature end of file.
2025-07-19 02:30:26,357 [ERROR] LogOutputStream:75 - [STDERR_REDIRECT] 
2025-07-19 02:30:27,353 [ERROR] LogOutputStream:75 - [STDERR_REDIRECT] [Fatal Error] :1:1: Premature end of file.
2025-07-19 02:30:27,353 [ERROR] LogOutputStream:75 - [STDERR_REDIRECT] 
2025-07-19 02:30:28,343 [ERROR] LogOutputStream:75 - [STDERR_REDIRECT] [Fatal Error] :1:1: Premature end of file.
2025-07-19 02:30:28,344 [ERROR] LogOutputStream:75 - [STDERR_REDIRECT] 
2025-07-19 02:30:29,350 [ERROR] LogOutputStream:75 - [STDERR_REDIRECT] [Fatal Error] :1:1: Premature end of file.
2025-07-19 02:30:29,350 [ERROR] LogOutputStream:75 - [STDERR_REDIRECT] 
2025-07-19 02:30:30,338 [ERROR] LogOutputStream:75 - [STDERR_REDIRECT] [Fatal Error] :1:1: Premature end of file.
2025-07-19 02:30:30,339 [ERROR] LogOutputStream:75 - [STDERR_REDIRECT] 
2025-07-19 02:30:31,332 [ERROR] LogOutputStream:75 - [STDERR_REDIRECT] [Fatal Error] :1:1: Premature end of file.
2025-07-19 02:30:31,332 [ERROR] LogOutputStream:75 - [STDERR_REDIRECT] 
2025-07-19 02:30:32,349 [ERROR] LogOutputStream:75 - [STDERR_REDIRECT] [Fatal Error] :1:1: Premature end of file.
2025-07-19 02:30:32,349 [ERROR] LogOutputStream:75 - [STDERR_REDIRECT] 
2025-07-19 02:30:33,338 [ERROR] LogOutputStream:75 - [STDERR_REDIRECT] [Fatal Error] :1:1: Premature end of file.
2025-07-19 02:30:33,338 [ERROR] LogOutputStream:75 - [STDERR_REDIRECT] 
2025-07-19 02:30:34,249 [ERROR] LogOutputStream:75 - [STDERR_REDIRECT] [Fatal Error] :1:1: Premature end of file.
2025-07-19 02:30:34,249 [ERROR] LogOutputStream:75 - [STDERR_REDIRECT] 
2025-07-19 02:30:35,261 [ERROR] LogOutputStream:75 - [STDERR_REDIRECT] [Fatal Error] :1:1: Premature end of file.
2025-07-19 02:30:35,261 [ERROR] LogOutputStream:75 - [STDERR_REDIRECT] 
2025-07-19 02:30:36,284 [ERROR] LogOutputStream:75 - [STDERR_REDIRECT] [Fatal Error] :1:1: Premature end of file.
2025-07-19 02:30:36,284 [ERROR] LogOutputStream:75 - [STDERR_REDIRECT] 
2025-07-19 02:30:37,266 [ERROR] LogOutputStream:75 - [STDERR_REDIRECT] [Fatal Error] :1:1: Premature end of file.
2025-07-19 02:30:37,266 [ERROR] LogOutputStream:75 - [STDERR_REDIRECT] 
2025-07-19 02:30:38,341 [ERROR] LogOutputStream:75 - [STDERR_REDIRECT] [Fatal Error] :1:1: Premature end of file.
2025-07-19 02:30:38,341 [ERROR] LogOutputStream:75 - [STDERR_REDIRECT] 
2025-07-19 02:30:39,349 [ERROR] LogOutputStream:75 - [STDERR_REDIRECT] [Fatal Error] :1:1: Premature end of file.
2025-07-19 02:30:39,350 [ERROR] LogOutputStream:75 - [STDERR_REDIRECT] 
2025-07-19 02:30:40,258 [ERROR] LogOutputStream:75 - [STDERR_REDIRECT] [Fatal Error] :1:1: Premature end of file.
2025-07-19 02:30:40,258 [ERROR] LogOutputStream:75 - [STDERR_REDIRECT] 
2025-07-19 02:30:41,253 [ERROR] LogOutputStream:75 - [STDERR_REDIRECT] [Fatal Error] :1:1: Premature end of file.
2025-07-19 02:30:41,253 [ERROR] LogOutputStream:75 - [STDERR_REDIRECT] 
2025-07-19 02:30:42,261 [ERROR] LogOutputStream:75 - [STDERR_REDIRECT] [Fatal Error] :1:1: Premature end of file.
2025-07-19 02:30:42,261 [ERROR] LogOutputStream:75 - [STDERR_REDIRECT] 
2025-07-19 02:30:43,248 [ERROR] LogOutputStream:75 - [STDERR_REDIRECT] [Fatal Error] :1:1: Premature end of file.
2025-07-19 02:30:43,248 [ERROR] LogOutputStream:75 - [STDERR_REDIRECT] 
2025-07-19 02:30:44,268 [ERROR] LogOutputStream:75 - [STDERR_REDIRECT] [Fatal Error] :1:1: Premature end of file.
2025-07-19 02:30:44,268 [ERROR] LogOutputStream:75 - [STDERR_REDIRECT] 
2025-07-19 02:30:45,259 [ERROR] LogOutputStream:75 - [STDERR_REDIRECT] [Fatal Error] :1:1: Premature end of file.
2025-07-19 02:30:45,259 [ERROR] LogOutputStream:75 - [STDERR_REDIRECT] 
2025-07-19 02:30:46,247 [ERROR] LogOutputStream:75 - [STDERR_REDIRECT] [Fatal Error] :1:1: Premature end of file.
2025-07-19 02:30:46,247 [ERROR] LogOutputStream:75 - [STDERR_REDIRECT] 
2025-07-19 02:30:47,353 [ERROR] LogOutputStream:75 - [STDERR_REDIRECT] [Fatal Error] :1:1: Premature end of file.
2025-07-19 02:30:47,353 [ERROR] LogOutputStream:75 - [STDERR_REDIRECT] 
2025-07-19 02:30:48,284 [ERROR] LogOutputStream:75 - [STDERR_REDIRECT] [Fatal Error] :1:1: Premature end of file.
2025-07-19 02:30:48,284 [ERROR] LogOutputStream:75 - [STDERR_REDIRECT] 
2025-07-19 02:30:49,254 [ERROR] LogOutputStream:75 - [STDERR_REDIRECT] [Fatal Error] :1:1: Premature end of file.
2025-07-19 02:30:49,254 [ERROR] LogOutputStream:75 - [STDERR_REDIRECT] 
2025-07-19 02:30:50,245 [ERROR] LogOutputStream:75 - [STDERR_REDIRECT] [Fatal Error] :1:1: Premature end of file.
2025-07-19 02:30:50,245 [ERROR] LogOutputStream:75 - [STDERR_REDIRECT] 
2025-07-19 02:30:51,257 [ERROR] LogOutputStream:75 - [STDERR_REDIRECT] [Fatal Error] :1:1: Premature end of file.
2025-07-19 02:30:51,257 [ERROR] LogOutputStream:75 - [STDERR_REDIRECT] 
2025-07-19 02:30:52,261 [ERROR] LogOutputStream:75 - [STDERR_REDIRECT] [Fatal Error] :1:1: Premature end of file.
2025-07-19 02:30:52,261 [ERROR] LogOutputStream:75 - [STDERR_REDIRECT] 
2025-07-19 02:30:53,248 [ERROR] LogOutputStream:75 - [STDERR_REDIRECT] [Fatal Error] :1:1: Premature end of file.
2025-07-19 02:30:53,248 [ERROR] LogOutputStream:75 - [STDERR_REDIRECT] 
2025-07-19 02:30:54,247 [ERROR] LogOutputStream:75 - [STDERR_REDIRECT] [Fatal Error] :1:1: Premature end of file.
2025-07-19 02:30:54,247 [ERROR] LogOutputStream:75 - [STDERR_REDIRECT] 
2025-07-19 02:30:55,345 [ERROR] LogOutputStream:75 - [STDERR_REDIRECT] [Fatal Error] :1:1: Premature end of file.
2025-07-19 02:30:55,345 [ERROR] LogOutputStream:75 - [STDERR_REDIRECT] 
2025-07-19 02:30:56,268 [ERROR] LogOutputStream:75 - [STDERR_REDIRECT] [Fatal Error] :1:1: Premature end of file.
2025-07-19 02:30:56,269 [ERROR] LogOutputStream:75 - [STDERR_REDIRECT] 
2025-07-19 02:30:57,346 [ERROR] LogOutputStream:75 - [STDERR_REDIRECT] [Fatal Error] :1:1: Premature end of file.
2025-07-19 02:30:57,346 [ERROR] LogOutputStream:75 - [STDERR_REDIRECT] 
2025-07-19 02:30:58,263 [ERROR] LogOutputStream:75 - [STDERR_REDIRECT] [Fatal Error] :1:1: Premature end of file.
2025-07-19 02:30:58,264 [ERROR] LogOutputStream:75 - [STDERR_REDIRECT] 
2025-07-19 02:30:59,248 [ERROR] LogOutputStream:75 - [STDERR_REDIRECT] [Fatal Error] :1:1: Premature end of file.
2025-07-19 02:30:59,248 [ERROR] LogOutputStream:75 - [STDERR_REDIRECT] 
2025-07-19 02:31:00,358 [ERROR] LogOutputStream:75 - [STDERR_REDIRECT] [Fatal Error] :1:1: Premature end of file.
2025-07-19 02:31:00,359 [ERROR] LogOutputStream:75 - [STDERR_REDIRECT] 
2025-07-19 02:31:01,267 [ERROR] LogOutputStream:75 - [STDERR_REDIRECT] [Fatal Error] :1:1: Premature end of file.
2025-07-19 02:31:01,267 [ERROR] LogOutputStream:75 - [STDERR_REDIRECT] 
2025-07-19 02:31:02,252 [ERROR] LogOutputStream:75 - [STDERR_REDIRECT] [Fatal Error] :1:1: Premature end of file.
2025-07-19 02:31:02,252 [ERROR] LogOutputStream:75 - [STDERR_REDIRECT] 
2025-07-19 02:31:03,262 [ERROR] LogOutputStream:75 - [STDERR_REDIRECT] [Fatal Error] :1:1: Premature end of file.
2025-07-19 02:31:03,262 [ERROR] LogOutputStream:75 - [STDERR_REDIRECT] 
2025-07-19 02:31:04,247 [ERROR] LogOutputStream:75 - [STDERR_REDIRECT] [Fatal Error] :1:1: Premature end of file.
2025-07-19 02:31:04,248 [ERROR] LogOutputStream:75 - [STDERR_REDIRECT] 
2025-07-19 02:31:05,253 [ERROR] LogOutputStream:75 - [STDERR_REDIRECT] [Fatal Error] :1:1: Premature end of file.
2025-07-19 02:31:05,253 [ERROR] LogOutputStream:75 - [STDERR_REDIRECT] 
2025-07-19 02:31:06,345 [ERROR] LogOutputStream:75 - [STDERR_REDIRECT] [Fatal Error] :1:1: Premature end of file.
2025-07-19 02:31:06,346 [ERROR] LogOutputStream:75 - [STDERR_REDIRECT] 
2025-07-19 02:31:07,251 [ERROR] LogOutputStream:75 - [STDERR_REDIRECT] [Fatal Error] :1:1: Premature end of file.
2025-07-19 02:31:07,251 [ERROR] LogOutputStream:75 - [STDERR_REDIRECT] 
2025-07-19 02:31:08,259 [ERROR] LogOutputStream:75 - [STDERR_REDIRECT] [Fatal Error] :1:1: Premature end of file.
2025-07-19 02:31:08,259 [ERROR] LogOutputStream:75 - [STDERR_REDIRECT] 
2025-07-19 02:31:09,349 [ERROR] LogOutputStream:75 - [STDERR_REDIRECT] [Fatal Error] :1:1: Premature end of file.
2025-07-19 02:31:09,349 [ERROR] LogOutputStream:75 - [STDERR_REDIRECT] 
2025-07-19 02:31:10,322 [ERROR] LogOutputStream:75 - [STDERR_REDIRECT] [Fatal Error] :1:1: Premature end of file.
2025-07-19 02:31:10,322 [ERROR] LogOutputStream:75 - [STDERR_REDIRECT] 
2025-07-19 02:31:11,248 [ERROR] LogOutputStream:75 - [STDERR_REDIRECT] [Fatal Error] :1:1: Premature end of file.
2025-07-19 02:31:11,248 [ERROR] LogOutputStream:75 - [STDERR_REDIRECT] 
2025-07-19 02:31:12,247 [ERROR] LogOutputStream:75 - [STDERR_REDIRECT] [Fatal Error] :1:1: Premature end of file.
2025-07-19 02:31:12,247 [ERROR] LogOutputStream:75 - [STDERR_REDIRECT] 
2025-07-19 02:31:13,246 [ERROR] LogOutputStream:75 - [STDERR_REDIRECT] [Fatal Error] :1:1: Premature end of file.
2025-07-19 02:31:13,246 [ERROR] LogOutputStream:75 - [STDERR_REDIRECT] 
2025-07-19 02:31:14,246 [ERROR] LogOutputStream:75 - [STDERR_REDIRECT] [Fatal Error] :1:1: Premature end of file.
2025-07-19 02:31:14,246 [ERROR] LogOutputStream:75 - [STDERR_REDIRECT] 
2025-07-19 02:31:15,263 [ERROR] LogOutputStream:75 - [STDERR_REDIRECT] [Fatal Error] :1:1: Premature end of file.
2025-07-19 02:31:15,264 [ERROR] LogOutputStream:75 - [STDERR_REDIRECT] 
2025-07-19 02:31:16,252 [ERROR] LogOutputStream:75 - [STDERR_REDIRECT] [Fatal Error] :1:1: Premature end of file.
2025-07-19 02:31:16,252 [ERROR] LogOutputStream:75 - [STDERR_REDIRECT] 
2025-07-19 02:31:17,254 [ERROR] LogOutputStream:75 - [STDERR_REDIRECT] [Fatal Error] :1:1: Premature end of file.
2025-07-19 02:31:17,255 [ERROR] LogOutputStream:75 - [STDERR_REDIRECT] 
2025-07-19 02:31:18,253 [ERROR] LogOutputStream:75 - [STDERR_REDIRECT] [Fatal Error] :1:1: Premature end of file.
2025-07-19 02:31:18,253 [ERROR] LogOutputStream:75 - [STDERR_REDIRECT] 
2025-07-19 02:31:19,250 [ERROR] LogOutputStream:75 - [STDERR_REDIRECT] [Fatal Error] :1:1: Premature end of file.
2025-07-19 02:31:19,250 [ERROR] LogOutputStream:75 - [STDERR_REDIRECT] 
2025-07-19 02:31:20,298 [ERROR] LogOutputStream:75 - [STDERR_REDIRECT] [Fatal Error] :1:1: Premature end of file.
2025-07-19 02:31:20,299 [ERROR] LogOutputStream:75 - [STDERR_REDIRECT] 
2025-07-19 02:31:21,304 [ERROR] LogOutputStream:75 - [STDERR_REDIRECT] [Fatal Error] :1:1: Premature end of file.
2025-07-19 02:31:21,304 [ERROR] LogOutputStream:75 - [STDERR_REDIRECT] 
2025-07-19 02:31:22,307 [ERROR] LogOutputStream:75 - [STDERR_REDIRECT] [Fatal Error] :1:1: Premature end of file.
2025-07-19 02:31:22,308 [ERROR] LogOutputStream:75 - [STDERR_REDIRECT] 
2025-07-19 02:31:23,317 [ERROR] LogOutputStream:75 - [STDERR_REDIRECT] [Fatal Error] :1:1: Premature end of file.
2025-07-19 02:31:23,317 [ERROR] LogOutputStream:75 - [STDERR_REDIRECT] 
2025-07-19 02:31:24,298 [ERROR] LogOutputStream:75 - [STDERR_REDIRECT] [Fatal Error] :1:1: Premature end of file.
2025-07-19 02:31:24,298 [ERROR] LogOutputStream:75 - [STDERR_REDIRECT] 
2025-07-19 02:31:25,315 [ERROR] LogOutputStream:75 - [STDERR_REDIRECT] [Fatal Error] :1:1: Premature end of file.
2025-07-19 02:31:25,315 [ERROR] LogOutputStream:75 - [STDERR_REDIRECT] 
2025-07-19 02:31:26,268 [ERROR] LogOutputStream:75 - [STDERR_REDIRECT] [Fatal Error] :1:1: Premature end of file.
2025-07-19 02:31:26,268 [ERROR] LogOutputStream:75 - [STDERR_REDIRECT] 
2025-07-19 02:31:27,354 [ERROR] LogOutputStream:75 - [STDERR_REDIRECT] [Fatal Error] :1:1: Premature end of file.
2025-07-19 02:31:27,354 [ERROR] LogOutputStream:75 - [STDERR_REDIRECT] 
2025-07-19 02:31:28,336 [ERROR] LogOutputStream:75 - [STDERR_REDIRECT] [Fatal Error] :1:1: Premature end of file.
2025-07-19 02:31:28,336 [ERROR] LogOutputStream:75 - [STDERR_REDIRECT] 
2025-07-19 02:31:29,305 [ERROR] LogOutputStream:75 - [STDERR_REDIRECT] [Fatal Error] :1:1: Premature end of file.
2025-07-19 02:31:29,305 [ERROR] LogOutputStream:75 - [STDERR_REDIRECT] 
2025-07-19 02:31:30,305 [ERROR] LogOutputStream:75 - [STDERR_REDIRECT] [Fatal Error] :1:1: Premature end of file.
2025-07-19 02:31:30,306 [ERROR] LogOutputStream:75 - [STDERR_REDIRECT] 
2025-07-19 02:31:31,297 [ERROR] LogOutputStream:75 - [STDERR_REDIRECT] [Fatal Error] :1:1: Premature end of file.
2025-07-19 02:31:31,298 [ERROR] LogOutputStream:75 - [STDERR_REDIRECT] 
2025-07-19 02:31:32,359 [ERROR] LogOutputStream:75 - [STDERR_REDIRECT] [Fatal Error] :1:1: Premature end of file.
2025-07-19 02:31:32,360 [ERROR] LogOutputStream:75 - [STDERR_REDIRECT] 
2025-07-19 02:31:33,366 [ERROR] LogOutputStream:75 - [STDERR_REDIRECT] [Fatal Error] :1:1: Premature end of file.
2025-07-19 02:31:33,366 [ERROR] LogOutputStream:75 - [STDERR_REDIRECT] 
2025-07-19 02:31:34,320 [ERROR] LogOutputStream:75 - [STDERR_REDIRECT] [Fatal Error] :1:1: Premature end of file.
2025-07-19 02:31:34,321 [ERROR] LogOutputStream:75 - [STDERR_REDIRECT] 
2025-07-19 02:31:35,319 [ERROR] LogOutputStream:75 - [STDERR_REDIRECT] [Fatal Error] :1:1: Premature end of file.
2025-07-19 02:31:35,320 [ERROR] LogOutputStream:75 - [STDERR_REDIRECT] 
2025-07-19 02:31:36,247 [ERROR] LogOutputStream:75 - [STDERR_REDIRECT] [Fatal Error] :1:1: Premature end of file.
2025-07-19 02:31:36,247 [ERROR] LogOutputStream:75 - [STDERR_REDIRECT] 
2025-07-19 02:31:37,318 [ERROR] LogOutputStream:75 - [STDERR_REDIRECT] [Fatal Error] :1:1: Premature end of file.
2025-07-19 02:31:37,319 [ERROR] LogOutputStream:75 - [STDERR_REDIRECT] 
2025-07-19 02:31:38,356 [ERROR] LogOutputStream:75 - [STDERR_REDIRECT] [Fatal Error] :1:1: Premature end of file.
2025-07-19 02:31:38,357 [ERROR] LogOutputStream:75 - [STDERR_REDIRECT] 
2025-07-19 02:31:39,328 [ERROR] LogOutputStream:75 - [STDERR_REDIRECT] [Fatal Error] :1:1: Premature end of file.
2025-07-19 02:31:39,328 [ERROR] LogOutputStream:75 - [STDERR_REDIRECT] 
2025-07-19 02:31:40,335 [ERROR] LogOutputStream:75 - [STDERR_REDIRECT] [Fatal Error] :1:1: Premature end of file.
2025-07-19 02:31:40,335 [ERROR] LogOutputStream:75 - [STDERR_REDIRECT] 
2025-07-19 02:31:41,340 [ERROR] LogOutputStream:75 - [STDERR_REDIRECT] [Fatal Error] :1:1: Premature end of file.
2025-07-19 02:31:41,340 [ERROR] LogOutputStream:75 - [STDERR_REDIRECT] 
2025-07-19 02:31:42,335 [ERROR] LogOutputStream:75 - [STDERR_REDIRECT] [Fatal Error] :1:1: Premature end of file.
2025-07-19 02:31:42,338 [ERROR] LogOutputStream:75 - [STDERR_REDIRECT] 
2025-07-19 02:31:43,318 [ERROR] LogOutputStream:75 - [STDERR_REDIRECT] [Fatal Error] :1:1: Premature end of file.
2025-07-19 02:31:43,320 [ERROR] LogOutputStream:75 - [STDERR_REDIRECT] 
2025-07-19 02:31:44,247 [ERROR] LogOutputStream:75 - [STDERR_REDIRECT] [Fatal Error] :1:1: Premature end of file.
2025-07-19 02:31:44,248 [ERROR] LogOutputStream:75 - [STDERR_REDIRECT] 
2025-07-19 02:31:45,248 [ERROR] LogOutputStream:75 - [STDERR_REDIRECT] [Fatal Error] :1:1: Premature end of file.
2025-07-19 02:31:45,248 [ERROR] LogOutputStream:75 - [STDERR_REDIRECT] 
2025-07-19 02:31:46,248 [ERROR] LogOutputStream:75 - [STDERR_REDIRECT] [Fatal Error] :1:1: Premature end of file.
2025-07-19 02:31:46,248 [ERROR] LogOutputStream:75 - [STDERR_REDIRECT] 
2025-07-19 02:31:47,232 [ERROR] LogOutputStream:75 - [STDERR_REDIRECT] [Fatal Error] :1:1: Premature end of file.
2025-07-19 02:31:47,247 [ERROR] LogOutputStream:75 - [STDERR_REDIRECT] 
2025-07-19 02:31:48,263 [ERROR] LogOutputStream:75 - [STDERR_REDIRECT] [Fatal Error] :1:1: Premature end of file.
2025-07-19 02:31:48,263 [ERROR] LogOutputStream:75 - [STDERR_REDIRECT] 
2025-07-19 02:31:49,249 [ERROR] LogOutputStream:75 - [STDERR_REDIRECT] [Fatal Error] :1:1: Premature end of file.
2025-07-19 02:31:49,249 [ERROR] LogOutputStream:75 - [STDERR_REDIRECT] 
2025-07-19 02:31:50,316 [ERROR] LogOutputStream:75 - [STDERR_REDIRECT] [Fatal Error] :1:1: Premature end of file.
2025-07-19 02:31:50,316 [ERROR] LogOutputStream:75 - [STDERR_REDIRECT] 
2025-07-19 02:31:51,336 [ERROR] LogOutputStream:75 - [STDERR_REDIRECT] [Fatal Error] :1:1: Premature end of file.
2025-07-19 02:31:51,336 [ERROR] LogOutputStream:75 - [STDERR_REDIRECT] 
2025-07-19 02:31:52,243 [ERROR] LogOutputStream:75 - [STDERR_REDIRECT] [Fatal Error] :1:1: Premature end of file.
2025-07-19 02:31:52,248 [ERROR] LogOutputStream:75 - [STDERR_REDIRECT] 
2025-07-19 02:31:53,345 [ERROR] LogOutputStream:75 - [STDERR_REDIRECT] [Fatal Error] :1:1: Premature end of file.
2025-07-19 02:31:53,345 [ERROR] LogOutputStream:75 - [STDERR_REDIRECT] 
2025-07-19 02:31:54,271 [ERROR] LogOutputStream:75 - [STDERR_REDIRECT] [Fatal Error] :1:1: Premature end of file.
2025-07-19 02:31:54,271 [ERROR] LogOutputStream:75 - [STDERR_REDIRECT] 
2025-07-19 02:31:55,256 [ERROR] LogOutputStream:75 - [STDERR_REDIRECT] [Fatal Error] :1:1: Premature end of file.
2025-07-19 02:31:55,256 [ERROR] LogOutputStream:75 - [STDERR_REDIRECT] 
2025-07-19 02:31:56,260 [ERROR] LogOutputStream:75 - [STDERR_REDIRECT] [Fatal Error] :1:1: Premature end of file.
2025-07-19 02:31:56,260 [ERROR] LogOutputStream:75 - [STDERR_REDIRECT] 
2025-07-19 02:31:57,257 [ERROR] LogOutputStream:75 - [STDERR_REDIRECT] [Fatal Error] :1:1: Premature end of file.
2025-07-19 02:31:57,257 [ERROR] LogOutputStream:75 - [STDERR_REDIRECT] 
2025-07-19 02:31:58,265 [ERROR] LogOutputStream:75 - [STDERR_REDIRECT] [Fatal Error] :1:1: Premature end of file.
2025-07-19 02:31:58,266 [ERROR] LogOutputStream:75 - [STDERR_REDIRECT] 
2025-07-19 02:31:59,250 [ERROR] LogOutputStream:75 - [STDERR_REDIRECT] [Fatal Error] :1:1: Premature end of file.
2025-07-19 02:31:59,250 [ERROR] LogOutputStream:75 - [STDERR_REDIRECT] 
2025-07-19 02:32:00,237 [ERROR] LogOutputStream:75 - [STDERR_REDIRECT] [Fatal Error] :1:1: Premature end of file.
2025-07-19 02:32:00,237 [ERROR] LogOutputStream:75 - [STDERR_REDIRECT] 
2025-07-19 02:32:01,286 [ERROR] LogOutputStream:75 - [STDERR_REDIRECT] [Fatal Error] :1:1: Premature end of file.
2025-07-19 02:32:01,286 [ERROR] LogOutputStream:75 - [STDERR_REDIRECT] 
2025-07-19 02:32:02,250 [ERROR] LogOutputStream:75 - [STDERR_REDIRECT] [Fatal Error] :1:1: Premature end of file.
2025-07-19 02:32:02,250 [ERROR] LogOutputStream:75 - [STDERR_REDIRECT] 
2025-07-19 02:32:03,307 [ERROR] LogOutputStream:75 - [STDERR_REDIRECT] [Fatal Error] :1:1: Premature end of file.
2025-07-19 02:32:03,308 [ERROR] LogOutputStream:75 - [STDERR_REDIRECT] 
2025-07-19 02:32:04,294 [ERROR] LogOutputStream:75 - [STDERR_REDIRECT] [Fatal Error] :1:1: Premature end of file.
2025-07-19 02:32:04,294 [ERROR] LogOutputStream:75 - [STDERR_REDIRECT] 
2025-07-19 02:32:05,314 [ERROR] LogOutputStream:75 - [STDERR_REDIRECT] [Fatal Error] :1:1: Premature end of file.
2025-07-19 02:32:05,314 [ERROR] LogOutputStream:75 - [STDERR_REDIRECT] 
2025-07-19 02:32:06,310 [ERROR] LogOutputStream:75 - [STDERR_REDIRECT] [Fatal Error] :1:1: Premature end of file.
2025-07-19 02:32:06,311 [ERROR] LogOutputStream:75 - [STDERR_REDIRECT] 
2025-07-19 02:32:07,302 [ERROR] LogOutputStream:75 - [STDERR_REDIRECT] [Fatal Error] :1:1: Premature end of file.
2025-07-19 02:32:07,303 [ERROR] LogOutputStream:75 - [STDERR_REDIRECT] 
2025-07-19 02:32:08,321 [ERROR] LogOutputStream:75 - [STDERR_REDIRECT] [Fatal Error] :1:1: Premature end of file.
2025-07-19 02:32:08,323 [ERROR] LogOutputStream:75 - [STDERR_REDIRECT] 
2025-07-19 02:32:09,322 [ERROR] LogOutputStream:75 - [STDERR_REDIRECT] [Fatal Error] :1:1: Premature end of file.
2025-07-19 02:32:09,323 [ERROR] LogOutputStream:75 - [STDERR_REDIRECT] 
2025-07-19 02:32:10,323 [ERROR] LogOutputStream:75 - [STDERR_REDIRECT] [Fatal Error] :1:1: Premature end of file.
2025-07-19 02:32:10,323 [ERROR] LogOutputStream:75 - [STDERR_REDIRECT] 
2025-07-19 02:32:11,297 [ERROR] LogOutputStream:75 - [STDERR_REDIRECT] [Fatal Error] :1:1: Premature end of file.
2025-07-19 02:32:11,297 [ERROR] LogOutputStream:75 - [STDERR_REDIRECT] 
2025-07-19 02:32:12,295 [ERROR] LogOutputStream:75 - [STDERR_REDIRECT] [Fatal Error] :1:1: Premature end of file.
2025-07-19 02:32:12,296 [ERROR] LogOutputStream:75 - [STDERR_REDIRECT] 
2025-07-19 02:32:13,309 [ERROR] LogOutputStream:75 - [STDERR_REDIRECT] [Fatal Error] :1:1: Premature end of file.
2025-07-19 02:32:13,310 [ERROR] LogOutputStream:75 - [STDERR_REDIRECT] 
2025-07-19 02:32:14,305 [ERROR] LogOutputStream:75 - [STDERR_REDIRECT] [Fatal Error] :1:1: Premature end of file.
2025-07-19 02:32:14,306 [ERROR] LogOutputStream:75 - [STDERR_REDIRECT] 
2025-07-19 02:32:15,329 [ERROR] LogOutputStream:75 - [STDERR_REDIRECT] [Fatal Error] :1:1: Premature end of file.
2025-07-19 02:32:15,329 [ERROR] LogOutputStream:75 - [STDERR_REDIRECT] 
2025-07-19 02:32:16,305 [ERROR] LogOutputStream:75 - [STDERR_REDIRECT] [Fatal Error] :1:1: Premature end of file.
2025-07-19 02:32:16,305 [ERROR] LogOutputStream:75 - [STDERR_REDIRECT] 
2025-07-19 02:32:17,358 [ERROR] LogOutputStream:75 - [STDERR_REDIRECT] [Fatal Error] :1:1: Premature end of file.
2025-07-19 02:32:17,360 [ERROR] LogOutputStream:75 - [STDERR_REDIRECT] 
2025-07-19 02:32:18,288 [ERROR] LogOutputStream:75 - [STDERR_REDIRECT] [Fatal Error] :1:1: Premature end of file.
2025-07-19 02:32:18,288 [ERROR] LogOutputStream:75 - [STDERR_REDIRECT] 
2025-07-19 02:32:19,332 [ERROR] LogOutputStream:75 - [STDERR_REDIRECT] [Fatal Error] :1:1: Premature end of file.
2025-07-19 02:32:19,332 [ERROR] LogOutputStream:75 - [STDERR_REDIRECT] 
2025-07-19 02:32:20,307 [ERROR] LogOutputStream:75 - [STDERR_REDIRECT] [Fatal Error] :1:1: Premature end of file.
2025-07-19 02:32:20,307 [ERROR] LogOutputStream:75 - [STDERR_REDIRECT] 
2025-07-19 02:32:21,309 [ERROR] LogOutputStream:75 - [STDERR_REDIRECT] [Fatal Error] :1:1: Premature end of file.
2025-07-19 02:32:21,309 [ERROR] LogOutputStream:75 - [STDERR_REDIRECT] 
2025-07-19 02:32:22,307 [ERROR] LogOutputStream:75 - [STDERR_REDIRECT] [Fatal Error] :1:1: Premature end of file.
2025-07-19 02:32:22,308 [ERROR] LogOutputStream:75 - [STDERR_REDIRECT] 
2025-07-19 02:32:23,312 [ERROR] LogOutputStream:75 - [STDERR_REDIRECT] [Fatal Error] :1:1: Premature end of file.
2025-07-19 02:32:23,312 [ERROR] LogOutputStream:75 - [STDERR_REDIRECT] 
2025-07-19 02:32:24,289 [ERROR] LogOutputStream:75 - [STDERR_REDIRECT] [Fatal Error] :1:1: Premature end of file.
2025-07-19 02:32:24,289 [ERROR] LogOutputStream:75 - [STDERR_REDIRECT] 
2025-07-19 02:32:25,378 [ERROR] LogOutputStream:75 - [STDERR_REDIRECT] [Fatal Error] :1:1: Premature end of file.
2025-07-19 02:32:25,379 [ERROR] LogOutputStream:75 - [STDERR_REDIRECT] 
2025-07-19 02:32:26,300 [ERROR] LogOutputStream:75 - [STDERR_REDIRECT] [Fatal Error] :1:1: Premature end of file.
2025-07-19 02:32:26,300 [ERROR] LogOutputStream:75 - [STDERR_REDIRECT] 
2025-07-19 02:32:27,309 [ERROR] LogOutputStream:75 - [STDERR_REDIRECT] [Fatal Error] :1:1: Premature end of file.
2025-07-19 02:32:27,309 [ERROR] LogOutputStream:75 - [STDERR_REDIRECT] 
2025-07-19 02:32:28,341 [ERROR] LogOutputStream:75 - [STDERR_REDIRECT] [Fatal Error] :1:1: Premature end of file.
2025-07-19 02:32:28,341 [ERROR] LogOutputStream:75 - [STDERR_REDIRECT] 
2025-07-19 02:32:29,314 [ERROR] LogOutputStream:75 - [STDERR_REDIRECT] [Fatal Error] :1:1: Premature end of file.
2025-07-19 02:32:29,314 [ERROR] LogOutputStream:75 - [STDERR_REDIRECT] 
2025-07-19 02:32:30,367 [ERROR] LogOutputStream:75 - [STDERR_REDIRECT] [Fatal Error] :1:1: Premature end of file.
2025-07-19 02:32:30,369 [ERROR] LogOutputStream:75 - [STDERR_REDIRECT] 
2025-07-19 02:32:31,294 [ERROR] LogOutputStream:75 - [STDERR_REDIRECT] [Fatal Error] :1:1: Premature end of file.
2025-07-19 02:32:31,294 [ERROR] LogOutputStream:75 - [STDERR_REDIRECT] 
2025-07-19 02:32:32,310 [ERROR] LogOutputStream:75 - [STDERR_REDIRECT] [Fatal Error] :1:1: Premature end of file.
2025-07-19 02:32:32,311 [ERROR] LogOutputStream:75 - [STDERR_REDIRECT] 
2025-07-19 02:32:33,303 [ERROR] LogOutputStream:75 - [STDERR_REDIRECT] [Fatal Error] :1:1: Premature end of file.
2025-07-19 02:32:33,304 [ERROR] LogOutputStream:75 - [STDERR_REDIRECT] 
2025-07-19 02:32:34,293 [ERROR] LogOutputStream:75 - [STDERR_REDIRECT] [Fatal Error] :1:1: Premature end of file.
2025-07-19 02:32:34,294 [ERROR] LogOutputStream:75 - [STDERR_REDIRECT] 
2025-07-19 02:32:35,306 [ERROR] LogOutputStream:75 - [STDERR_REDIRECT] [Fatal Error] :1:1: Premature end of file.
2025-07-19 02:32:35,306 [ERROR] LogOutputStream:75 - [STDERR_REDIRECT] 
2025-07-19 02:32:36,298 [ERROR] LogOutputStream:75 - [STDERR_REDIRECT] [Fatal Error] :1:1: Premature end of file.
2025-07-19 02:32:36,298 [ERROR] LogOutputStream:75 - [STDERR_REDIRECT] 
2025-07-19 02:32:37,295 [ERROR] LogOutputStream:75 - [STDERR_REDIRECT] [Fatal Error] :1:1: Premature end of file.
2025-07-19 02:32:37,295 [ERROR] LogOutputStream:75 - [STDERR_REDIRECT] 
2025-07-19 02:32:38,299 [ERROR] LogOutputStream:75 - [STDERR_REDIRECT] [Fatal Error] :1:1: Premature end of file.
2025-07-19 02:32:38,299 [ERROR] LogOutputStream:75 - [STDERR_REDIRECT] 
2025-07-19 02:32:39,305 [ERROR] LogOutputStream:75 - [STDERR_REDIRECT] [Fatal Error] :1:1: Premature end of file.
2025-07-19 02:32:39,306 [ERROR] LogOutputStream:75 - [STDERR_REDIRECT] 
2025-07-19 02:32:40,271 [ERROR] LogOutputStream:75 - [STDERR_REDIRECT] [Fatal Error] :1:1: Premature end of file.
2025-07-19 02:32:40,272 [ERROR] LogOutputStream:75 - [STDERR_REDIRECT] 
2025-07-19 02:32:41,313 [ERROR] LogOutputStream:75 - [STDERR_REDIRECT] [Fatal Error] :1:1: Premature end of file.
2025-07-19 02:32:41,313 [ERROR] LogOutputStream:75 - [STDERR_REDIRECT] 
2025-07-19 02:32:42,307 [ERROR] LogOutputStream:75 - [STDERR_REDIRECT] [Fatal Error] :1:1: Premature end of file.
2025-07-19 02:32:42,308 [ERROR] LogOutputStream:75 - [STDERR_REDIRECT] 
2025-07-19 02:32:43,317 [ERROR] LogOutputStream:75 - [STDERR_REDIRECT] [Fatal Error] :1:1: Premature end of file.
2025-07-19 02:32:43,318 [ERROR] LogOutputStream:75 - [STDERR_REDIRECT] 
2025-07-19 02:32:44,303 [ERROR] LogOutputStream:75 - [STDERR_REDIRECT] [Fatal Error] :1:1: Premature end of file.
2025-07-19 02:32:44,303 [ERROR] LogOutputStream:75 - [STDERR_REDIRECT] 
2025-07-19 02:32:45,307 [ERROR] LogOutputStream:75 - [STDERR_REDIRECT] [Fatal Error] :1:1: Premature end of file.
2025-07-19 02:32:45,308 [ERROR] LogOutputStream:75 - [STDERR_REDIRECT] 
2025-07-19 02:32:46,311 [ERROR] LogOutputStream:75 - [STDERR_REDIRECT] [Fatal Error] :1:1: Premature end of file.
2025-07-19 02:32:46,311 [ERROR] LogOutputStream:75 - [STDERR_REDIRECT] 
2025-07-19 02:32:47,297 [ERROR] LogOutputStream:75 - [STDERR_REDIRECT] [Fatal Error] :1:1: Premature end of file.
2025-07-19 02:32:47,298 [ERROR] LogOutputStream:75 - [STDERR_REDIRECT] 
2025-07-19 02:32:48,310 [ERROR] LogOutputStream:75 - [STDERR_REDIRECT] [Fatal Error] :1:1: Premature end of file.
2025-07-19 02:32:48,312 [ERROR] LogOutputStream:75 - [STDERR_REDIRECT] 
2025-07-19 02:32:49,328 [ERROR] LogOutputStream:75 - [STDERR_REDIRECT] [Fatal Error] :1:1: Premature end of file.
2025-07-19 02:32:49,330 [ERROR] LogOutputStream:75 - [STDERR_REDIRECT] 
2025-07-19 02:32:50,248 [ERROR] LogOutputStream:75 - [STDERR_REDIRECT] [Fatal Error] :1:1: Premature end of file.
2025-07-19 02:32:50,248 [ERROR] LogOutputStream:75 - [STDERR_REDIRECT] 
2025-07-19 02:32:51,360 [ERROR] LogOutputStream:75 - [STDERR_REDIRECT] [Fatal Error] :1:1: Premature end of file.
2025-07-19 02:32:51,360 [ERROR] LogOutputStream:75 - [STDERR_REDIRECT] 
2025-07-19 02:32:52,258 [ERROR] LogOutputStream:75 - [STDERR_REDIRECT] [Fatal Error] :1:1: Premature end of file.
2025-07-19 02:32:52,258 [ERROR] LogOutputStream:75 - [STDERR_REDIRECT] 
2025-07-19 02:32:53,298 [ERROR] LogOutputStream:75 - [STDERR_REDIRECT] [Fatal Error] :1:1: Premature end of file.
2025-07-19 02:32:53,298 [ERROR] LogOutputStream:75 - [STDERR_REDIRECT] 
2025-07-19 02:32:54,327 [ERROR] LogOutputStream:75 - [STDERR_REDIRECT] [Fatal Error] :1:1: Premature end of file.
2025-07-19 02:32:54,327 [ERROR] LogOutputStream:75 - [STDERR_REDIRECT] 
2025-07-19 02:32:55,317 [ERROR] LogOutputStream:75 - [STDERR_REDIRECT] [Fatal Error] :1:1: Premature end of file.
2025-07-19 02:32:55,317 [ERROR] LogOutputStream:75 - [STDERR_REDIRECT] 
2025-07-19 02:32:56,261 [ERROR] LogOutputStream:75 - [STDERR_REDIRECT] [Fatal Error] :1:1: Premature end of file.
2025-07-19 02:32:56,261 [ERROR] LogOutputStream:75 - [STDERR_REDIRECT] 
2025-07-19 02:32:57,352 [ERROR] LogOutputStream:75 - [STDERR_REDIRECT] [Fatal Error] :1:1: Premature end of file.
2025-07-19 02:32:57,352 [ERROR] LogOutputStream:75 - [STDERR_REDIRECT] 
2025-07-19 02:32:58,244 [ERROR] LogOutputStream:75 - [STDERR_REDIRECT] [Fatal Error] :1:1: Premature end of file.
2025-07-19 02:32:58,244 [ERROR] LogOutputStream:75 - [STDERR_REDIRECT] 
2025-07-19 02:32:59,258 [ERROR] LogOutputStream:75 - [STDERR_REDIRECT] [Fatal Error] :1:1: Premature end of file.
2025-07-19 02:32:59,258 [ERROR] LogOutputStream:75 - [STDERR_REDIRECT] 
2025-07-19 02:33:00,240 [ERROR] LogOutputStream:75 - [STDERR_REDIRECT] [Fatal Error] :1:1: Premature end of file.
2025-07-19 02:33:00,240 [ERROR] LogOutputStream:75 - [STDERR_REDIRECT] 
2025-07-19 02:33:01,256 [ERROR] LogOutputStream:75 - [STDERR_REDIRECT] [Fatal Error] :1:1: Premature end of file.
2025-07-19 02:33:01,256 [ERROR] LogOutputStream:75 - [STDERR_REDIRECT] 
2025-07-19 02:33:02,265 [ERROR] LogOutputStream:75 - [STDERR_REDIRECT] [Fatal Error] :1:1: Premature end of file.
2025-07-19 02:33:02,265 [ERROR] LogOutputStream:75 - [STDERR_REDIRECT] 
2025-07-19 02:33:03,246 [ERROR] LogOutputStream:75 - [STDERR_REDIRECT] [Fatal Error] :1:1: Premature end of file.
2025-07-19 02:33:03,246 [ERROR] LogOutputStream:75 - [STDERR_REDIRECT] 
2025-07-19 02:33:04,332 [ERROR] LogOutputStream:75 - [STDERR_REDIRECT] [Fatal Error] :1:1: Premature end of file.
2025-07-19 02:33:04,332 [ERROR] LogOutputStream:75 - [STDERR_REDIRECT] 
2025-07-19 02:33:05,352 [ERROR] LogOutputStream:75 - [STDERR_REDIRECT] [Fatal Error] :1:1: Premature end of file.
2025-07-19 02:33:05,353 [ERROR] LogOutputStream:75 - [STDERR_REDIRECT] 
2025-07-19 02:33:06,381 [ERROR] LogOutputStream:75 - [STDERR_REDIRECT] [Fatal Error] :1:1: Premature end of file.
2025-07-19 02:33:06,381 [ERROR] LogOutputStream:75 - [STDERR_REDIRECT] 
2025-07-19 02:33:07,247 [ERROR] LogOutputStream:75 - [STDERR_REDIRECT] [Fatal Error] :1:1: Premature end of file.
2025-07-19 02:33:07,247 [ERROR] LogOutputStream:75 - [STDERR_REDIRECT] 
2025-07-19 02:33:08,258 [ERROR] LogOutputStream:75 - [STDERR_REDIRECT] [Fatal Error] :1:1: Premature end of file.
2025-07-19 02:33:08,258 [ERROR] LogOutputStream:75 - [STDERR_REDIRECT] 
2025-07-19 02:33:09,253 [ERROR] LogOutputStream:75 - [STDERR_REDIRECT] [Fatal Error] :1:1: Premature end of file.
2025-07-19 02:33:09,253 [ERROR] LogOutputStream:75 - [STDERR_REDIRECT] 
2025-07-19 02:33:10,336 [ERROR] LogOutputStream:75 - [STDERR_REDIRECT] [Fatal Error] :1:1: Premature end of file.
2025-07-19 02:33:10,337 [ERROR] LogOutputStream:75 - [STDERR_REDIRECT] 
2025-07-19 02:33:11,253 [ERROR] LogOutputStream:75 - [STDERR_REDIRECT] [Fatal Error] :1:1: Premature end of file.
2025-07-19 02:33:11,253 [ERROR] LogOutputStream:75 - [STDERR_REDIRECT] 
2025-07-19 02:33:12,254 [ERROR] LogOutputStream:75 - [STDERR_REDIRECT] [Fatal Error] :1:1: Premature end of file.
2025-07-19 02:33:12,255 [ERROR] LogOutputStream:75 - [STDERR_REDIRECT] 
2025-07-19 02:33:13,250 [ERROR] LogOutputStream:75 - [STDERR_REDIRECT] [Fatal Error] :1:1: Premature end of file.
2025-07-19 02:33:13,251 [ERROR] LogOutputStream:75 - [STDERR_REDIRECT] 
2025-07-19 02:33:14,245 [ERROR] LogOutputStream:75 - [STDERR_REDIRECT] [Fatal Error] :1:1: Premature end of file.
2025-07-19 02:33:14,245 [ERROR] LogOutputStream:75 - [STDERR_REDIRECT] 
2025-07-19 02:33:15,259 [ERROR] LogOutputStream:75 - [STDERR_REDIRECT] [Fatal Error] :1:1: Premature end of file.
2025-07-19 02:33:15,260 [ERROR] LogOutputStream:75 - [STDERR_REDIRECT] 
2025-07-19 02:33:16,246 [ERROR] LogOutputStream:75 - [STDERR_REDIRECT] [Fatal Error] :1:1: Premature end of file.
2025-07-19 02:33:16,246 [ERROR] LogOutputStream:75 - [STDERR_REDIRECT] 
2025-07-19 02:33:17,249 [ERROR] LogOutputStream:75 - [STDERR_REDIRECT] [Fatal Error] :1:1: Premature end of file.
2025-07-19 02:33:17,249 [ERROR] LogOutputStream:75 - [STDERR_REDIRECT] 
2025-07-19 02:33:18,260 [ERROR] LogOutputStream:75 - [STDERR_REDIRECT] [Fatal Error] :1:1: Premature end of file.
2025-07-19 02:33:18,261 [ERROR] LogOutputStream:75 - [STDERR_REDIRECT] 
2025-07-19 02:33:19,246 [ERROR] LogOutputStream:75 - [STDERR_REDIRECT] [Fatal Error] :1:1: Premature end of file.
2025-07-19 02:33:19,246 [ERROR] LogOutputStream:75 - [STDERR_REDIRECT] 
2025-07-19 02:33:20,250 [ERROR] LogOutputStream:75 - [STDERR_REDIRECT] [Fatal Error] :1:1: Premature end of file.
2025-07-19 02:33:20,251 [ERROR] LogOutputStream:75 - [STDERR_REDIRECT] 
2025-07-19 02:33:21,335 [ERROR] LogOutputStream:75 - [STDERR_REDIRECT] [Fatal Error] :1:1: Premature end of file.
2025-07-19 02:33:21,336 [ERROR] LogOutputStream:75 - [STDERR_REDIRECT] 
2025-07-19 02:33:22,247 [ERROR] LogOutputStream:75 - [STDERR_REDIRECT] [Fatal Error] :1:1: Premature end of file.
2025-07-19 02:33:22,247 [ERROR] LogOutputStream:75 - [STDERR_REDIRECT] 
2025-07-19 02:33:23,270 [ERROR] LogOutputStream:75 - [STDERR_REDIRECT] [Fatal Error] :1:1: Premature end of file.
2025-07-19 02:33:23,270 [ERROR] LogOutputStream:75 - [STDERR_REDIRECT] 
2025-07-19 02:33:24,274 [ERROR] LogOutputStream:75 - [STDERR_REDIRECT] [Fatal Error] :1:1: Premature end of file.
2025-07-19 02:33:24,275 [ERROR] LogOutputStream:75 - [STDERR_REDIRECT] 
2025-07-19 02:33:25,258 [ERROR] LogOutputStream:75 - [STDERR_REDIRECT] [Fatal Error] :1:1: Premature end of file.
2025-07-19 02:33:25,258 [ERROR] LogOutputStream:75 - [STDERR_REDIRECT] 
2025-07-19 02:33:26,309 [ERROR] LogOutputStream:75 - [STDERR_REDIRECT] [Fatal Error] :1:1: Premature end of file.
2025-07-19 02:33:26,309 [ERROR] LogOutputStream:75 - [STDERR_REDIRECT] 
2025-07-19 02:33:27,254 [ERROR] LogOutputStream:75 - [STDERR_REDIRECT] [Fatal Error] :1:1: Premature end of file.
2025-07-19 02:33:27,254 [ERROR] LogOutputStream:75 - [STDERR_REDIRECT] 
2025-07-19 02:33:28,290 [ERROR] LogOutputStream:75 - [STDERR_REDIRECT] [Fatal Error] :1:1: Premature end of file.
2025-07-19 02:33:28,290 [ERROR] LogOutputStream:75 - [STDERR_REDIRECT] 
2025-07-19 02:33:29,257 [ERROR] LogOutputStream:75 - [STDERR_REDIRECT] [Fatal Error] :1:1: Premature end of file.
2025-07-19 02:33:29,257 [ERROR] LogOutputStream:75 - [STDERR_REDIRECT] 
2025-07-19 02:33:30,275 [ERROR] LogOutputStream:75 - [STDERR_REDIRECT] [Fatal Error] :1:1: Premature end of file.
2025-07-19 02:33:30,275 [ERROR] LogOutputStream:75 - [STDERR_REDIRECT] 
2025-07-19 02:33:31,245 [ERROR] LogOutputStream:75 - [STDERR_REDIRECT] [Fatal Error] :1:1: Premature end of file.
2025-07-19 02:33:31,245 [ERROR] LogOutputStream:75 - [STDERR_REDIRECT] 
2025-07-19 02:33:32,248 [ERROR] LogOutputStream:75 - [STDERR_REDIRECT] [Fatal Error] :1:1: Premature end of file.
2025-07-19 02:33:32,248 [ERROR] LogOutputStream:75 - [STDERR_REDIRECT] 
2025-07-19 02:33:33,308 [ERROR] LogOutputStream:75 - [STDERR_REDIRECT] [Fatal Error] :1:1: Premature end of file.
2025-07-19 02:33:33,308 [ERROR] LogOutputStream:75 - [STDERR_REDIRECT] 
2025-07-19 02:33:34,254 [ERROR] LogOutputStream:75 - [STDERR_REDIRECT] [Fatal Error] :1:1: Premature end of file.
2025-07-19 02:33:34,254 [ERROR] LogOutputStream:75 - [STDERR_REDIRECT] 
2025-07-19 02:33:35,271 [ERROR] LogOutputStream:75 - [STDERR_REDIRECT] [Fatal Error] :1:1: Premature end of file.
2025-07-19 02:33:35,271 [ERROR] LogOutputStream:75 - [STDERR_REDIRECT] 
2025-07-19 02:33:36,342 [ERROR] LogOutputStream:75 - [STDERR_REDIRECT] [Fatal Error] :1:1: Premature end of file.
2025-07-19 02:33:36,342 [ERROR] LogOutputStream:75 - [STDERR_REDIRECT] 
2025-07-19 02:33:37,348 [ERROR] LogOutputStream:75 - [STDERR_REDIRECT] [Fatal Error] :1:1: Premature end of file.
2025-07-19 02:33:37,348 [ERROR] LogOutputStream:75 - [STDERR_REDIRECT] 
2025-07-19 02:33:38,336 [ERROR] LogOutputStream:75 - [STDERR_REDIRECT] [Fatal Error] :1:1: Premature end of file.
2025-07-19 02:33:38,336 [ERROR] LogOutputStream:75 - [STDERR_REDIRECT] 
2025-07-19 02:33:39,277 [ERROR] LogOutputStream:75 - [STDERR_REDIRECT] [Fatal Error] :1:1: Premature end of file.
2025-07-19 02:33:39,277 [ERROR] LogOutputStream:75 - [STDERR_REDIRECT] 
2025-07-19 02:33:40,265 [ERROR] LogOutputStream:75 - [STDERR_REDIRECT] [Fatal Error] :1:1: Premature end of file.
2025-07-19 02:33:40,265 [ERROR] LogOutputStream:75 - [STDERR_REDIRECT] 
2025-07-19 02:33:41,268 [ERROR] LogOutputStream:75 - [STDERR_REDIRECT] [Fatal Error] :1:1: Premature end of file.
2025-07-19 02:33:41,268 [ERROR] LogOutputStream:75 - [STDERR_REDIRECT] 
2025-07-19 02:33:42,273 [ERROR] LogOutputStream:75 - [STDERR_REDIRECT] [Fatal Error] :1:1: Premature end of file.
2025-07-19 02:33:42,273 [ERROR] LogOutputStream:75 - [STDERR_REDIRECT] 
2025-07-19 02:33:43,248 [ERROR] LogOutputStream:75 - [STDERR_REDIRECT] [Fatal Error] :1:1: Premature end of file.
2025-07-19 02:33:43,249 [ERROR] LogOutputStream:75 - [STDERR_REDIRECT] 
2025-07-19 02:33:44,252 [ERROR] LogOutputStream:75 - [STDERR_REDIRECT] [Fatal Error] :1:1: Premature end of file.
2025-07-19 02:33:44,252 [ERROR] LogOutputStream:75 - [STDERR_REDIRECT] 
2025-07-19 02:33:45,259 [ERROR] LogOutputStream:75 - [STDERR_REDIRECT] [Fatal Error] :1:1: Premature end of file.
2025-07-19 02:33:45,259 [ERROR] LogOutputStream:75 - [STDERR_REDIRECT] 
2025-07-19 02:33:46,324 [ERROR] LogOutputStream:75 - [STDERR_REDIRECT] [Fatal Error] :1:1: Premature end of file.
2025-07-19 02:33:46,324 [ERROR] LogOutputStream:75 - [STDERR_REDIRECT] 
2025-07-19 02:33:47,345 [ERROR] LogOutputStream:75 - [STDERR_REDIRECT] [Fatal Error] :1:1: Premature end of file.
2025-07-19 02:33:47,345 [ERROR] LogOutputStream:75 - [STDERR_REDIRECT] 
2025-07-19 02:33:48,268 [ERROR] LogOutputStream:75 - [STDERR_REDIRECT] [Fatal Error] :1:1: Premature end of file.
2025-07-19 02:33:48,268 [ERROR] LogOutputStream:75 - [STDERR_REDIRECT] 
2025-07-19 02:33:49,251 [ERROR] LogOutputStream:75 - [STDERR_REDIRECT] [Fatal Error] :1:1: Premature end of file.
2025-07-19 02:33:49,251 [ERROR] LogOutputStream:75 - [STDERR_REDIRECT] 
2025-07-19 02:33:50,249 [ERROR] LogOutputStream:75 - [STDERR_REDIRECT] [Fatal Error] :1:1: Premature end of file.
2025-07-19 02:33:50,249 [ERROR] LogOutputStream:75 - [STDERR_REDIRECT] 
2025-07-19 02:33:51,247 [ERROR] LogOutputStream:75 - [STDERR_REDIRECT] [Fatal Error] :1:1: Premature end of file.
2025-07-19 02:33:51,248 [ERROR] LogOutputStream:75 - [STDERR_REDIRECT] 
2025-07-19 02:33:52,298 [ERROR] LogOutputStream:75 - [STDERR_REDIRECT] [Fatal Error] :1:1: Premature end of file.
2025-07-19 02:33:52,298 [ERROR] LogOutputStream:75 - [STDERR_REDIRECT] 
2025-07-19 02:33:53,251 [ERROR] LogOutputStream:75 - [STDERR_REDIRECT] [Fatal Error] :1:1: Premature end of file.
2025-07-19 02:33:53,251 [ERROR] LogOutputStream:75 - [STDERR_REDIRECT] 
2025-07-19 02:33:54,255 [ERROR] LogOutputStream:75 - [STDERR_REDIRECT] [Fatal Error] :1:1: Premature end of file.
2025-07-19 02:33:54,255 [ERROR] LogOutputStream:75 - [STDERR_REDIRECT] 
2025-07-19 02:33:55,254 [ERROR] LogOutputStream:75 - [STDERR_REDIRECT] [Fatal Error] :1:1: Premature end of file.
2025-07-19 02:33:55,254 [ERROR] LogOutputStream:75 - [STDERR_REDIRECT] 
2025-07-19 02:33:56,263 [ERROR] LogOutputStream:75 - [STDERR_REDIRECT] [Fatal Error] :1:1: Premature end of file.
2025-07-19 02:33:56,263 [ERROR] LogOutputStream:75 - [STDERR_REDIRECT] 
2025-07-19 02:33:57,244 [ERROR] LogOutputStream:75 - [STDERR_REDIRECT] [Fatal Error] :1:1: Premature end of file.
2025-07-19 02:33:57,244 [ERROR] LogOutputStream:75 - [STDERR_REDIRECT] 
2025-07-19 02:33:58,259 [ERROR] LogOutputStream:75 - [STDERR_REDIRECT] [Fatal Error] :1:1: Premature end of file.
2025-07-19 02:33:58,259 [ERROR] LogOutputStream:75 - [STDERR_REDIRECT] 
2025-07-19 02:33:59,260 [ERROR] LogOutputStream:75 - [STDERR_REDIRECT] [Fatal Error] :1:1: Premature end of file.
2025-07-19 02:33:59,260 [ERROR] LogOutputStream:75 - [STDERR_REDIRECT] 
2025-07-19 02:34:00,255 [ERROR] LogOutputStream:75 - [STDERR_REDIRECT] [Fatal Error] :1:1: Premature end of file.
2025-07-19 02:34:00,255 [ERROR] LogOutputStream:75 - [STDERR_REDIRECT] 
2025-07-19 02:34:01,291 [ERROR] LogOutputStream:75 - [STDERR_REDIRECT] [Fatal Error] :1:1: Premature end of file.
2025-07-19 02:34:01,291 [ERROR] LogOutputStream:75 - [STDERR_REDIRECT] 
2025-07-19 02:34:02,338 [ERROR] LogOutputStream:75 - [STDERR_REDIRECT] [Fatal Error] :1:1: Premature end of file.
2025-07-19 02:34:02,338 [ERROR] LogOutputStream:75 - [STDERR_REDIRECT] 
2025-07-19 02:34:03,257 [ERROR] LogOutputStream:75 - [STDERR_REDIRECT] [Fatal Error] :1:1: Premature end of file.
2025-07-19 02:34:03,257 [ERROR] LogOutputStream:75 - [STDERR_REDIRECT] 
2025-07-19 02:34:04,341 [ERROR] LogOutputStream:75 - [STDERR_REDIRECT] [Fatal Error] :1:1: Premature end of file.
2025-07-19 02:34:04,341 [ERROR] LogOutputStream:75 - [STDERR_REDIRECT] 
2025-07-19 02:34:05,307 [ERROR] LogOutputStream:75 - [STDERR_REDIRECT] [Fatal Error] :1:1: Premature end of file.
2025-07-19 02:34:05,307 [ERROR] LogOutputStream:75 - [STDERR_REDIRECT] 
2025-07-19 02:34:06,250 [ERROR] LogOutputStream:75 - [STDERR_REDIRECT] [Fatal Error] :1:1: Premature end of file.
2025-07-19 02:34:06,250 [ERROR] LogOutputStream:75 - [STDERR_REDIRECT] 
2025-07-19 02:34:07,333 [ERROR] LogOutputStream:75 - [STDERR_REDIRECT] [Fatal Error] :1:1: Premature end of file.
2025-07-19 02:34:07,334 [ERROR] LogOutputStream:75 - [STDERR_REDIRECT] 
2025-07-19 02:34:08,242 [ERROR] LogOutputStream:75 - [STDERR_REDIRECT] [Fatal Error] :1:1: Premature end of file.
2025-07-19 02:34:08,243 [ERROR] LogOutputStream:75 - [STDERR_REDIRECT] 
2025-07-19 02:34:09,357 [ERROR] LogOutputStream:75 - [STDERR_REDIRECT] [Fatal Error] :1:1: Premature end of file.
2025-07-19 02:34:09,357 [ERROR] LogOutputStream:75 - [STDERR_REDIRECT] 
2025-07-19 02:34:10,323 [ERROR] LogOutputStream:75 - [STDERR_REDIRECT] [Fatal Error] :1:1: Premature end of file.
2025-07-19 02:34:10,324 [ERROR] LogOutputStream:75 - [STDERR_REDIRECT] 
2025-07-19 02:34:11,324 [ERROR] LogOutputStream:75 - [STDERR_REDIRECT] [Fatal Error] :1:1: Premature end of file.
2025-07-19 02:34:11,324 [ERROR] LogOutputStream:75 - [STDERR_REDIRECT] 
2025-07-19 02:34:12,282 [ERROR] LogOutputStream:75 - [STDERR_REDIRECT] [Fatal Error] :1:1: Premature end of file.
2025-07-19 02:34:12,282 [ERROR] LogOutputStream:75 - [STDERR_REDIRECT] 
2025-07-19 02:34:13,343 [ERROR] LogOutputStream:75 - [STDERR_REDIRECT] [Fatal Error] :1:1: Premature end of file.
2025-07-19 02:34:13,343 [ERROR] LogOutputStream:75 - [STDERR_REDIRECT] 
2025-07-19 02:34:14,299 [ERROR] LogOutputStream:75 - [STDERR_REDIRECT] [Fatal Error] :1:1: Premature end of file.
2025-07-19 02:34:14,299 [ERROR] LogOutputStream:75 - [STDERR_REDIRECT] 
2025-07-19 02:34:15,258 [ERROR] LogOutputStream:75 - [STDERR_REDIRECT] [Fatal Error] :1:1: Premature end of file.
2025-07-19 02:34:15,258 [ERROR] LogOutputStream:75 - [STDERR_REDIRECT] 
2025-07-19 02:34:15,322 [ERROR] LogOutputStream:75 - [STDERR_REDIRECT] 
2025-07-19 02:34:15,324 [ERROR] LogOutputStream:75 - [STDERR_REDIRECT] 
2025-07-19 02:35:16,477 [INFO] Activator:176 - 


2025-07-19 02:35:16,480 [INFO] Activator:177 - !SESSION log4j initialized
2025-07-19 02:35:23,059 [INFO] LogOutputStream:77 - [STDOUT_REDIRECT] 
2025-07-19 02:35:33,307 [INFO] ApplicationProperties:184 - Using Application install path: C:\ST\STM32CubeIDE_1.19.0\STM32CubeIDE\plugins\com.st.stm32cube.common.mx_6.15.0.202507011659
2025-07-19 02:35:33,322 [INFO] DbMcusXml:78 - Set database path to: C:\ST\STM32CubeIDE_1.19.0\STM32CubeIDE\plugins\com.st.stm32cube.common.mx_6.15.0.202507011659\\db\/mcu/
2025-07-19 02:35:33,322 [INFO] ApiDb:274 - Set plugin database path to: C:\ST\STM32CubeIDE_1.19.0\STM32CubeIDE\plugins\com.st.stm32cube.common.mx_6.15.0.202507011659\\db\/plugins/boardmanager/
2025-07-19 02:35:33,323 [WARN] ApiDb:259 - Overriding images path with different value:  => C:\ST\STM32CubeIDE_1.19.0\STM32CubeIDE\plugins\com.st.stm32cube.common.mx_6.15.0.202507011659\\db\/plugins/mcufinder/images/
2025-07-19 02:35:33,331 [INFO] ApiDb:250 - Set database path to: C:\Users\SNYDE\.stmcufinder\plugins\mcufinder//mcu/
2025-07-19 02:35:33,332 [INFO] DbMcusAds:125 - Set database path to: C:\Users\SNYDE\.stmcufinder\plugins\mcufinder//mcu/
2025-07-19 02:35:33,337 [INFO] CrossReferenceDbSqlite:203 - Set database path to: C:\Users\SNYDE\.stmcufinder\plugins\mcufinder//mcu/cs/
2025-07-19 02:35:33,463 [INFO] RulesReader:64 - Compatibility file has been processed (317 Rules)
2025-07-19 02:35:33,573 [INFO] DbMcusXml:78 - Set database path to: C:\ST\STM32CubeIDE_1.19.0\STM32CubeIDE\plugins\com.st.stm32cube.common.mx_6.15.0.202507011659\\db\/mcu/
2025-07-19 02:35:33,574 [INFO] ApiDb:274 - Set plugin database path to: C:\ST\STM32CubeIDE_1.19.0\STM32CubeIDE\plugins\com.st.stm32cube.common.mx_6.15.0.202507011659\\db\/plugins/boardmanager/
2025-07-19 02:35:33,574 [INFO] ApiDb:261 - Set plugin images path to: C:\ST\STM32CubeIDE_1.19.0\STM32CubeIDE\plugins\com.st.stm32cube.common.mx_6.15.0.202507011659\\db\/plugins/mcufinder/images/
2025-07-19 02:35:33,575 [WARN] DbFile:41 - Overriding database path with different value: C:\Users\SNYDE\.stmcufinder\plugins\mcufinder/ => C:\Users\SNYDE\.stmcufinder\plugins\mcufinder
2025-07-19 02:35:33,575 [INFO] ApiDb:250 - Set database path to: C:\Users\SNYDE\.stmcufinder\plugins\mcufinder//mcu/
2025-07-19 02:35:33,575 [WARN] DbFile:41 - Overriding database path with different value: C:\Users\SNYDE\.stmcufinder\plugins\mcufinder/ => C:\Users\SNYDE\.stmcufinder\plugins\mcufinder
2025-07-19 02:35:33,575 [INFO] DbMcusAds:125 - Set database path to: C:\Users\SNYDE\.stmcufinder\plugins\mcufinder//mcu/
2025-07-19 02:35:33,575 [WARN] DbFile:41 - Overriding database path with different value: C:\Users\SNYDE\.stmcufinder\plugins\mcufinder/ => C:\Users\SNYDE\.stmcufinder\plugins\mcufinder
2025-07-19 02:35:33,575 [WARN] DbFile:41 - Overriding database path with different value: C:\Users\SNYDE\.stmcufinder\plugins\mcufinder/ => C:\Users\SNYDE\.stmcufinder\plugins\mcufinder
2025-07-19 02:35:33,575 [INFO] CrossReferenceDbSqlite:203 - Set database path to: C:\Users\SNYDE\.stmcufinder\plugins\mcufinder//mcu/cs/
2025-07-19 02:35:33,659 [INFO] MainPanel:274 - HeapMemory: 268435456
2025-07-19 02:35:33,755 [INFO] DbMcusXml:78 - Set database path to: C:\ST\STM32CubeIDE_1.19.0\STM32CubeIDE\plugins\com.st.stm32cube.common.mx_6.15.0.202507011659\\db\/mcu/
2025-07-19 02:35:33,755 [INFO] ApiDb:274 - Set plugin database path to: C:\ST\STM32CubeIDE_1.19.0\STM32CubeIDE\plugins\com.st.stm32cube.common.mx_6.15.0.202507011659\\db\/plugins/boardmanager/
2025-07-19 02:35:33,756 [INFO] ApiDb:261 - Set plugin images path to: C:\ST\STM32CubeIDE_1.19.0\STM32CubeIDE\plugins\com.st.stm32cube.common.mx_6.15.0.202507011659\\db\/plugins/mcufinder/images/
2025-07-19 02:35:33,756 [WARN] DbFile:41 - Overriding database path with different value: C:\Users\SNYDE\.stmcufinder\plugins\mcufinder/ => C:\Users\SNYDE\.stmcufinder\plugins\mcufinder
2025-07-19 02:35:33,756 [INFO] ApiDb:250 - Set database path to: C:\Users\SNYDE\.stmcufinder\plugins\mcufinder//mcu/
2025-07-19 02:35:33,756 [WARN] DbFile:41 - Overriding database path with different value: C:\Users\SNYDE\.stmcufinder\plugins\mcufinder/ => C:\Users\SNYDE\.stmcufinder\plugins\mcufinder
2025-07-19 02:35:33,756 [INFO] DbMcusAds:125 - Set database path to: C:\Users\SNYDE\.stmcufinder\plugins\mcufinder//mcu/
2025-07-19 02:35:33,757 [WARN] DbFile:41 - Overriding database path with different value: C:\Users\SNYDE\.stmcufinder\plugins\mcufinder/ => C:\Users\SNYDE\.stmcufinder\plugins\mcufinder
2025-07-19 02:35:33,757 [WARN] DbFile:41 - Overriding database path with different value: C:\Users\SNYDE\.stmcufinder\plugins\mcufinder/ => C:\Users\SNYDE\.stmcufinder\plugins\mcufinder
2025-07-19 02:35:33,757 [INFO] CrossReferenceDbSqlite:203 - Set database path to: C:\Users\SNYDE\.stmcufinder\plugins\mcufinder//mcu/cs/
2025-07-19 02:35:33,780 [INFO] ApplicationProperties:184 - Using Application install path: C:\ST\STM32CubeIDE_1.19.0\STM32CubeIDE\plugins\com.st.stm32cube.common.mx_6.15.0.202507011659
2025-07-19 02:35:33,781 [INFO] PluginManage:196 - Search for loadable plugins [exclusion list=, ]
2025-07-19 02:35:33,783 [INFO] PluginManage:310 - Check plugin analytics
2025-07-19 02:35:43,429 [INFO] AnalyticsPlugin:253 - Accepted Software Licenses: 
2025-07-19 02:35:43,429 [INFO] AnalyticsPlugin:255 - Accepted CMSIS Pack Licenses: 
2025-07-19 02:35:43,429 [INFO] AnalyticsPlugin:257 - Accepted Firmware Licenses: FW.G0.1.6.0,FW.U5.1.8.0,FW.F7.1.17.0
2025-07-19 02:35:43,432 [INFO] PluginManage:359 - Loaded plugin analytics (category:tool,tabindex:-1)
2025-07-19 02:35:43,433 [INFO] PluginManage:310 - Check plugin cadmodel
2025-07-19 02:35:43,437 [INFO] CADModel:105 - Init CAD model plugin
2025-07-19 02:35:43,437 [INFO] PluginManage:359 - Loaded plugin cadmodel (category:power,tabindex:5)
2025-07-19 02:35:43,437 [INFO] PluginManage:310 - Check plugin clock
2025-07-19 02:35:43,445 [INFO] PluginManage:359 - Loaded plugin clock (category:base,tabindex:2)
2025-07-19 02:35:43,445 [INFO] PluginManage:310 - Check plugin ddr
2025-07-19 02:35:43,447 [INFO] PluginManage:359 - Loaded plugin ddr (category:tool,tabindex:6)
2025-07-19 02:35:43,447 [INFO] PluginManage:310 - Check plugin filemanager
2025-07-19 02:35:43,588 [INFO] PluginManage:359 - Loaded plugin filemanager (category:base,tabindex:10)
2025-07-19 02:35:43,589 [INFO] PluginManage:310 - Check plugin ipmanager
2025-07-19 02:35:43,595 [INFO] PluginManage:359 - Loaded plugin ipmanager (category:base,tabindex:5)
2025-07-19 02:35:43,596 [INFO] PluginManage:310 - Check plugin lpbam
2025-07-19 02:35:43,603 [INFO] PluginManage:359 - Loaded plugin lpbam (category:base,tabindex:0)
2025-07-19 02:35:43,603 [INFO] PluginManage:310 - Check plugin memorymap
2025-07-19 02:35:43,615 [INFO] PluginManage:359 - Loaded plugin memorymap (category:base,tabindex:4)
2025-07-19 02:35:43,615 [INFO] PluginManage:310 - Check plugin pinoutandconfiguration
2025-07-19 02:35:43,624 [INFO] PluginManage:359 - Loaded plugin pinoutandconfiguration (category:base,tabindex:1)
2025-07-19 02:35:43,624 [INFO] PluginManage:310 - Check plugin pinoutconfig
2025-07-19 02:35:43,716 [WARN] SupportedApi:132 - Cannot load RTOS API schema: s4s-elt-must-match.1: The content of 'definitions' must match (annotation?, (simpleType | complexType)?, (unique | key | keyref)*)). A problem was found starting at: attribute.
2025-07-19 02:35:43,843 [INFO] PluginManage:359 - Loaded plugin pinoutconfig (category:base,tabindex:0)
2025-07-19 02:35:43,843 [INFO] PluginManage:310 - Check plugin power
2025-07-19 02:35:43,852 [INFO] PluginManage:359 - Loaded plugin power (category:power,tabindex:4)
2025-07-19 02:35:43,852 [INFO] PluginManage:310 - Check plugin projectmanager
2025-07-19 02:35:43,869 [INFO] PluginManage:359 - Loaded plugin projectmanager (category:projectmanager,tabindex:4)
2025-07-19 02:35:43,869 [INFO] PluginManage:310 - Check plugin rif
2025-07-19 02:35:43,877 [INFO] PluginManage:359 - Loaded plugin rif (category:base,tabindex:3)
2025-07-19 02:35:43,877 [INFO] PluginManage:310 - Check plugin thirdparty
2025-07-19 02:35:44,017 [WARN] IntegrityCheckThread:84 - waiting for thirdparty lock release [integrity check]
2025-07-19 02:35:44,018 [INFO] IntegrityCheckThread:86 - entering critical section [integrity check]
2025-07-19 02:35:44,018 [INFO] PluginManage:359 - Loaded plugin thirdparty (category:base,tabindex:-1)
2025-07-19 02:35:44,018 [INFO] PluginManage:310 - Check plugin tools
2025-07-19 02:35:44,018 [INFO] ThirdPartyUpdaterWithRetryManager:70 - Updater plugin not ready yet. [1/15]
2025-07-19 02:35:44,022 [INFO] PluginManage:359 - Loaded plugin tools (category:base,tabindex:7)
2025-07-19 02:35:44,023 [INFO] PluginManage:310 - Check plugin tutovideos
2025-07-19 02:35:44,227 [INFO] PluginManage:359 - Loaded plugin tutovideos (category:base,tabindex:-1)
2025-07-19 02:35:44,228 [INFO] PluginManage:310 - Check plugin updater
2025-07-19 02:35:44,252 [INFO] PluginManage:359 - Loaded plugin updater (category:base,tabindex:12)
2025-07-19 02:35:44,253 [INFO] PluginManage:310 - Check plugin userauth
2025-07-19 02:35:44,257 [INFO] UserAuth:118 - Init User Auth plugin
2025-07-19 02:35:44,258 [INFO] PluginManage:359 - Loaded plugin userauth (category:base,tabindex:14)
2025-07-19 02:35:44,258 [INFO] PluginManage:283 - PluginManage : Loaded plugins [18]
2025-07-19 02:35:44,470 [INFO] PinOutPanel:1589 - setPackage(No Configuration,No Configuration)
2025-07-19 02:35:44,574 [INFO] CADModel:165 - CPN selected for project level
2025-07-19 02:35:44,574 [INFO] CADModel:114 - Register for checkConnection events
2025-07-19 02:35:44,595 [INFO] IPUIPlugin:80 - create IPUIPlugin
2025-07-19 02:35:44,595 [INFO] PluginManager:220 - loadIPPluginJar : add adc
2025-07-19 02:35:44,599 [INFO] IPUIPlugin:80 - create IPUIPlugin
2025-07-19 02:35:44,599 [INFO] PluginManager:220 - loadIPPluginJar : add aes
2025-07-19 02:35:44,602 [INFO] IPUIPlugin:80 - create IPUIPlugin
2025-07-19 02:35:44,602 [INFO] PluginManager:220 - loadIPPluginJar : add can
2025-07-19 02:35:44,605 [INFO] IPUIPlugin:80 - create IPUIPlugin
2025-07-19 02:35:44,605 [INFO] PluginManager:220 - loadIPPluginJar : add comp
2025-07-19 02:35:44,608 [INFO] IPUIPlugin:80 - create IPUIPlugin
2025-07-19 02:35:44,608 [INFO] PluginManager:220 - loadIPPluginJar : add cryp
2025-07-19 02:35:44,612 [INFO] IPUIPlugin:80 - create IPUIPlugin
2025-07-19 02:35:44,612 [INFO] PluginManager:220 - loadIPPluginJar : add ddr_ctrl_phy
2025-07-19 02:35:44,615 [INFO] IPUIPlugin:80 - create IPUIPlugin
2025-07-19 02:35:44,615 [INFO] PluginManager:220 - loadIPPluginJar : add dfsdm
2025-07-19 02:35:44,622 [INFO] IPUIPlugin:80 - create IPUIPlugin
2025-07-19 02:35:44,623 [INFO] PluginManager:220 - loadIPPluginJar : add dma
2025-07-19 02:35:44,626 [INFO] IPUIPlugin:80 - create IPUIPlugin
2025-07-19 02:35:44,626 [INFO] PluginManager:220 - loadIPPluginJar : add dma3
2025-07-19 02:35:44,629 [INFO] IPUIPlugin:80 - create IPUIPlugin
2025-07-19 02:35:44,630 [INFO] PluginManager:220 - loadIPPluginJar : add extmemmanager
2025-07-19 02:35:44,632 [INFO] IPUIPlugin:80 - create IPUIPlugin
2025-07-19 02:35:44,632 [INFO] PluginManager:220 - loadIPPluginJar : add fatfs
2025-07-19 02:35:44,637 [INFO] IPUIPlugin:80 - create IPUIPlugin
2025-07-19 02:35:44,638 [INFO] PluginManager:220 - loadIPPluginJar : add fmc
2025-07-19 02:35:44,643 [INFO] IPUIPlugin:80 - create IPUIPlugin
2025-07-19 02:35:44,644 [INFO] PluginManager:220 - loadIPPluginJar : add freertos
2025-07-19 02:35:44,646 [INFO] IPUIPlugin:80 - create IPUIPlugin
2025-07-19 02:35:44,646 [INFO] PluginManager:220 - loadIPPluginJar : add genericplugin
2025-07-19 02:35:44,648 [INFO] IPUIPlugin:80 - create IPUIPlugin
2025-07-19 02:35:44,649 [INFO] PluginManager:220 - loadIPPluginJar : add gfxmmu
2025-07-19 02:35:44,654 [INFO] IPUIPlugin:80 - create IPUIPlugin
2025-07-19 02:35:44,654 [INFO] PluginManager:220 - loadIPPluginJar : add gic
2025-07-19 02:35:44,658 [INFO] IPUIPlugin:80 - create IPUIPlugin
2025-07-19 02:35:44,659 [INFO] PluginManager:220 - loadIPPluginJar : add gpio
2025-07-19 02:35:44,661 [INFO] IPUIPlugin:80 - create IPUIPlugin
2025-07-19 02:35:44,662 [INFO] PluginManager:220 - loadIPPluginJar : add gtzc
2025-07-19 02:35:44,664 [INFO] IPUIPlugin:80 - create IPUIPlugin
2025-07-19 02:35:44,664 [INFO] PluginManager:220 - loadIPPluginJar : add hash
2025-07-19 02:35:44,668 [INFO] IPUIPlugin:80 - create IPUIPlugin
2025-07-19 02:35:44,668 [INFO] PluginManager:220 - loadIPPluginJar : add i2c
2025-07-19 02:35:44,671 [INFO] IPUIPlugin:80 - create IPUIPlugin
2025-07-19 02:35:44,671 [INFO] PluginManager:220 - loadIPPluginJar : add i2s
2025-07-19 02:35:44,674 [INFO] IPUIPlugin:80 - create IPUIPlugin
2025-07-19 02:35:44,674 [INFO] PluginManager:220 - loadIPPluginJar : add i3c
2025-07-19 02:35:44,678 [INFO] IPUIPlugin:80 - create IPUIPlugin
2025-07-19 02:35:44,678 [INFO] PluginManager:220 - loadIPPluginJar : add ipddr
2025-07-19 02:35:44,685 [INFO] IPUIPlugin:80 - create IPUIPlugin
2025-07-19 02:35:44,685 [INFO] PluginManager:220 - loadIPPluginJar : add linkedlist
2025-07-19 02:35:44,689 [INFO] IPUIPlugin:80 - create IPUIPlugin
2025-07-19 02:35:44,690 [INFO] PluginManager:220 - loadIPPluginJar : add lorawan
2025-07-19 02:35:44,691 [INFO] IPUIPlugin:80 - create IPUIPlugin
2025-07-19 02:35:44,691 [INFO] PluginManager:220 - loadIPPluginJar : add ltdc
2025-07-19 02:35:44,700 [INFO] IPUIPlugin:80 - create IPUIPlugin
2025-07-19 02:35:44,700 [INFO] PluginManager:220 - loadIPPluginJar : add mdma
2025-07-19 02:35:44,704 [INFO] IPUIPlugin:80 - create IPUIPlugin
2025-07-19 02:35:44,704 [INFO] PluginManager:220 - loadIPPluginJar : add nvic
2025-07-19 02:35:44,707 [INFO] IPUIPlugin:80 - create IPUIPlugin
2025-07-19 02:35:44,707 [INFO] PluginManager:220 - loadIPPluginJar : add opamp
2025-07-19 02:35:44,711 [INFO] IPUIPlugin:80 - create IPUIPlugin
2025-07-19 02:35:44,711 [INFO] PluginManager:220 - loadIPPluginJar : add openamp
2025-07-19 02:35:44,715 [INFO] IPUIPlugin:80 - create IPUIPlugin
2025-07-19 02:35:44,716 [INFO] PluginManager:220 - loadIPPluginJar : add pdm2pcm
2025-07-19 02:35:44,723 [INFO] IPUIPlugin:80 - create IPUIPlugin
2025-07-19 02:35:44,726 [INFO] PluginManager:220 - loadIPPluginJar : add plateformsettings
2025-07-19 02:35:44,728 [INFO] IPUIPlugin:80 - create IPUIPlugin
2025-07-19 02:35:44,728 [INFO] PluginManager:220 - loadIPPluginJar : add quadspi
2025-07-19 02:35:44,731 [INFO] IPUIPlugin:80 - create IPUIPlugin
2025-07-19 02:35:44,732 [INFO] PluginManager:220 - loadIPPluginJar : add radio
2025-07-19 02:35:44,737 [INFO] IPUIPlugin:80 - create IPUIPlugin
2025-07-19 02:35:44,738 [INFO] PluginManager:220 - loadIPPluginJar : add resmgrutility
2025-07-19 02:35:44,741 [INFO] IPUIPlugin:80 - create IPUIPlugin
2025-07-19 02:35:44,742 [INFO] PluginManager:220 - loadIPPluginJar : add sai
2025-07-19 02:35:44,746 [INFO] IPUIPlugin:80 - create IPUIPlugin
2025-07-19 02:35:44,746 [INFO] PluginManager:220 - loadIPPluginJar : add spi
2025-07-19 02:35:44,757 [INFO] IPUIPlugin:80 - create IPUIPlugin
2025-07-19 02:35:44,758 [INFO] PluginManager:220 - loadIPPluginJar : add stm32_wpan
2025-07-19 02:35:44,760 [INFO] IPUIPlugin:80 - create IPUIPlugin
2025-07-19 02:35:44,760 [INFO] PluginManager:220 - loadIPPluginJar : add tim
2025-07-19 02:35:44,764 [INFO] IPUIPlugin:80 - create IPUIPlugin
2025-07-19 02:35:44,764 [INFO] PluginManager:220 - loadIPPluginJar : add touchsensing
2025-07-19 02:35:44,767 [INFO] IPUIPlugin:80 - create IPUIPlugin
2025-07-19 02:35:44,767 [INFO] PluginManager:220 - loadIPPluginJar : add tracer_emb
2025-07-19 02:35:44,769 [INFO] IPUIPlugin:80 - create IPUIPlugin
2025-07-19 02:35:44,769 [INFO] PluginManager:220 - loadIPPluginJar : add ts
2025-07-19 02:35:44,771 [INFO] IPUIPlugin:80 - create IPUIPlugin
2025-07-19 02:35:44,771 [INFO] PluginManager:220 - loadIPPluginJar : add tsc
2025-07-19 02:35:44,773 [INFO] IPUIPlugin:80 - create IPUIPlugin
2025-07-19 02:35:44,773 [INFO] PluginManager:220 - loadIPPluginJar : add ucpd
2025-07-19 02:35:44,776 [INFO] IPUIPlugin:80 - create IPUIPlugin
2025-07-19 02:35:44,776 [INFO] PluginManager:220 - loadIPPluginJar : add usart
2025-07-19 02:35:44,780 [INFO] IPUIPlugin:80 - create IPUIPlugin
2025-07-19 02:35:44,780 [INFO] PluginManager:220 - loadIPPluginJar : add usbx
2025-07-19 02:35:44,933 [FATAL] Updater:351 - Updater called before beeing initialized
2025-07-19 02:35:44,961 [INFO] RulesReader:64 - Compatibility file has been processed (317 Rules)
2025-07-19 02:35:44,974 [INFO] RulesReader:64 - Compatibility file has been processed (317 Rules)
2025-07-19 02:35:44,983 [INFO] CADModel:165 - CPN selected for project level
2025-07-19 02:35:44,983 [INFO] CADModel:114 - Register for checkConnection events
2025-07-19 02:35:44,983 [FATAL] Updater:351 - Updater called before beeing initialized
2025-07-19 02:35:44,983 [ERROR] CADModel:125 - Updater not yet initialized, retry later 
2025-07-19 02:35:45,119 [FATAL] Updater:351 - Updater called before beeing initialized
2025-07-19 02:35:45,120 [INFO] CADModel:165 - CPN selected for project level
2025-07-19 02:35:45,120 [INFO] CADModel:114 - Register for checkConnection events
2025-07-19 02:35:45,120 [FATAL] Updater:351 - Updater called before beeing initialized
2025-07-19 02:35:45,120 [ERROR] CADModel:125 - Updater not yet initialized, retry later 
2025-07-19 02:35:45,123 [FATAL] Updater:351 - Updater called before beeing initialized
2025-07-19 02:35:45,259 [FATAL] Updater:351 - Updater called before beeing initialized
2025-07-19 02:35:45,265 [INFO] DbMcusAds:53 - JSON generation date=Tue Jul 08 10:14:23 CEST 2025 (1751962463524)
2025-07-19 02:35:45,265 [FATAL] Updater:351 - Updater called before beeing initialized
2025-07-19 02:35:45,303 [WARN] DetailPanel:346 - Failed to get advertising image, set to default
2025-07-19 02:35:45,396 [FATAL] Updater:351 - Updater called before beeing initialized
2025-07-19 02:35:45,398 [FATAL] Updater:351 - Updater called before beeing initialized
2025-07-19 02:35:45,398 [FATAL] Updater:351 - Updater called before beeing initialized
2025-07-19 02:35:45,398 [WARN] DetailPanel:346 - Failed to get advertising image, set to default
2025-07-19 02:35:45,399 [FATAL] Updater:351 - Updater called before beeing initialized
2025-07-19 02:35:45,452 [ERROR] Updater:1198 - MainUpdater not yet initialized. External WinMGr cannot be set.
2025-07-19 02:35:45,455 [INFO] Updater:1134 - Updater Version found : 6.15.0
2025-07-19 02:35:45,476 [INFO] ApplicationProperties:184 - Using Application install path: C:\ST\STM32CubeIDE_1.19.0\STM32CubeIDE\plugins\com.st.stm32cube.common.mx_6.15.0.202507011659
2025-07-19 02:35:47,032 [INFO] ThirdPartyUpdaterWithRetryManager:70 - Updater plugin not ready yet. [2/15]
2025-07-19 02:35:47,102 [ERROR] LogOutputStream:75 - [STDERR_REDIRECT] Jul 19, 2025 2:35:47 AM java.util.prefs.WindowsPreferences <init>
2025-07-19 02:35:47,108 [ERROR] LogOutputStream:75 - [STDERR_REDIRECT] WARNING: Could not open/create prefs root node Software\JavaSoft\Prefs at root 0xffffffff80000002. Windows RegCreateKeyEx(...) returned error code 5.
2025-07-19 02:35:47,109 [ERROR] LogOutputStream:75 - [STDERR_REDIRECT] 
2025-07-19 02:35:47,538 [INFO] MainUpdater:2872 - connection check result : 10
2025-07-19 02:35:47,542 [INFO] MainUpdater:289 - Updater Check For Update Now.
2025-07-19 02:35:47,543 [INFO] MicroXplorer:498 - Change Database Version : DB.6.0.150
2025-07-19 02:35:47,569 [INFO] McuFinderGlobals:63 - Set McuFinder mode to 2 (CubeIDE integrated)
2025-07-19 02:35:47,570 [INFO] UserAuth:487 - Internet connection configuration mode: 1
2025-07-19 02:35:47,600 [INFO] JxBrowserEngine:152 - Initiate JxBrowser Engine with user profile folder
2025-07-19 02:35:47,783 [INFO] CheckServerUpdateThread:120 - End of CheckServer Thread
2025-07-19 02:35:48,592 [INFO] WebApp:169 - Instantiating new browser for Auth
2025-07-19 02:35:49,485 [INFO] WebApp:463 - Apply proxy settings
2025-07-19 02:35:49,485 [INFO] WebApp:548 - Chromium requires no authentication
2025-07-19 02:35:49,494 [INFO] WebApp:491 - Direct internet connection detected
2025-07-19 02:35:49,523 [INFO] WebApp:900 - Register for checkConnection events
2025-07-19 02:35:49,523 [INFO] WebApp:463 - Apply proxy settings
2025-07-19 02:35:49,524 [INFO] WebApp:548 - Chromium requires no authentication
2025-07-19 02:35:49,524 [INFO] WebApp:491 - Direct internet connection detected
2025-07-19 02:35:49,705 [INFO] WebApp:225 - Starting web application
2025-07-19 02:35:49,705 [INFO] WebApp:593 - Web application path used C:\ST\STM32CubeIDE_1.19.0\STM32CubeIDE\plugins\com.st.stm32cube.common.mx_6.15.0.202507011659\db\plugins\mcufinder\reactClient1\index.html
2025-07-19 02:35:49,834 [INFO] UserAuth:487 - Internet connection configuration mode: 1
2025-07-19 02:35:49,859 [INFO] WebApp:191 - Connection restablished
2025-07-19 02:35:49,952 [ERROR] LogOutputStream:75 - [STDERR_REDIRECT] [Fatal Error] :1:1: Premature end of file.
2025-07-19 02:35:49,953 [ERROR] LogOutputStream:75 - [STDERR_REDIRECT] 
2025-07-19 02:35:50,767 [WARN] PackLoader:240 - Cannot read IP mode file for STMicroelectronics.FP-SNS-MOTENVWB1.1.4.0
2025-07-19 02:35:50,776 [WARN] PackLoader:240 - Cannot read IP mode file for STMicroelectronics.FP-ATR-ASTRA1.2.0.2
2025-07-19 02:35:50,782 [WARN] PackLoader:240 - Cannot read IP mode file for STMicroelectronics.FP-ATR-ASTRA1.2.0.1
2025-07-19 02:35:50,791 [WARN] PackLoader:240 - Cannot read IP mode file for STMicroelectronics.X-CUBE-SMBUS.2.1.0
2025-07-19 02:35:50,803 [WARN] PackLoader:240 - Cannot read IP mode file for STMicroelectronics.X-CUBE-WB05N.1.1.0
2025-07-19 02:35:50,816 [WARN] PackLoader:240 - Cannot read IP mode file for STMicroelectronics.X-CUBE-ST60.1.0.0
2025-07-19 02:35:50,870 [WARN] PackLoader:240 - Cannot read IP mode file for STMicroelectronics.X-CUBE-AZRTOS-F7.1.1.0
2025-07-19 02:35:50,888 [WARN] PackLoader:240 - Cannot read IP mode file for STMicroelectronics.FP-SNS-FLIGHT1.5.0.2
2025-07-19 02:35:50,966 [WARN] PackLoader:240 - Cannot read IP mode file for Infineon.AIROC-Wi-Fi-Bluetooth-STM32.1.7.0
2025-07-19 02:35:50,971 [ERROR] LogOutputStream:75 - [STDERR_REDIRECT] [Fatal Error] :1:1: Premature end of file.
2025-07-19 02:35:50,972 [ERROR] LogOutputStream:75 - [STDERR_REDIRECT] 
2025-07-19 02:35:51,023 [WARN] PackLoader:240 - Cannot read IP mode file for STMicroelectronics.X-CUBE-AZRTOS-H7.3.4.0
2025-07-19 02:35:51,040 [WARN] PackLoader:240 - Cannot read IP mode file for STMicroelectronics.X-CUBE-DISPLAY.3.0.0
2025-07-19 02:35:51,055 [WARN] PackLoader:240 - Cannot read IP mode file for STMicroelectronics.X-CUBE-BLE1.7.0.0
2025-07-19 02:35:51,064 [WARN] PackLoader:240 - Cannot read IP mode file for STMicroelectronics.X-CUBE-NFC10.1.0.0
2025-07-19 02:35:51,104 [WARN] PackLoader:240 - Cannot read IP mode file for STMicroelectronics.X-CUBE-BLEMGR.4.0.0
2025-07-19 02:35:51,155 [WARN] PackLoader:240 - Cannot read IP mode file for emotas.I-CUBE-CANOPEN.1.3.0
2025-07-19 02:35:51,170 [WARN] PackLoader:240 - Cannot read IP mode file for STMicroelectronics.X-CUBE-AI.10.0.0
2025-07-19 02:35:51,183 [WARN] PackLoader:240 - Cannot read IP mode file for STMicroelectronics.FP-SNS-SMARTAG2.1.2.0
2025-07-19 02:35:51,190 [WARN] PackLoader:240 - Cannot read IP mode file for STMicroelectronics.FP-SNS-FLIGHT1.5.1.0
2025-07-19 02:35:51,359 [WARN] PackLoader:240 - Cannot read IP mode file for STMicroelectronics.X-CUBE-MEMS1.11.1.0
2025-07-19 02:35:51,563 [INFO] LogOutputStream:77 - [STDOUT_REDIRECT] 1 : Invalid condition id : UX_CORESTACK_Condition cause : null
2025-07-19 02:35:51,565 [INFO] LogOutputStream:77 - [STDOUT_REDIRECT] 1 : Invalid condition id : UX_CORESTACK_Condition cause : null
2025-07-19 02:35:51,566 [INFO] LogOutputStream:77 - [STDOUT_REDIRECT] 1 : Invalid condition id : UX_CORESTACK_Condition cause : null
2025-07-19 02:35:51,568 [INFO] LogOutputStream:77 - [STDOUT_REDIRECT] 1 : Invalid condition id : UX_CORESTACK_Condition cause : null
2025-07-19 02:35:51,569 [INFO] LogOutputStream:77 - [STDOUT_REDIRECT] 1 : Invalid condition id : UX_CORESTACK_Condition cause : null
2025-07-19 02:35:51,572 [WARN] PackLoader:240 - Cannot read IP mode file for STMicroelectronics.X-CUBE-AZRTOS-WL.2.0.0
2025-07-19 02:35:51,577 [WARN] PackLoader:240 - Cannot read IP mode file for STMicroelectronics.FP-SNS-MOTENV1.5.0.0
2025-07-19 02:35:51,585 [WARN] PackLoader:240 - Cannot read IP mode file for wolfSSL.I-CUBE-wolfMQTT.1.19.0
2025-07-19 02:35:51,593 [WARN] PackLoader:240 - Cannot read IP mode file for WES.I-CUBE-Cesium.1.3.0
2025-07-19 02:35:51,601 [WARN] PackLoader:240 - Cannot read IP mode file for STMicroelectronics.X-CUBE-BLE2.3.3.0
2025-07-19 02:35:51,608 [WARN] PackLoader:240 - Cannot read IP mode file for STMicroelectronics.X-CUBE-NFC9.1.0.0
2025-07-19 02:35:51,616 [WARN] PackLoader:240 - Cannot read IP mode file for STMicroelectronics.X-CUBE-BLE1.7.1.0
2025-07-19 02:35:51,623 [WARN] PackLoader:240 - Cannot read IP mode file for STMicroelectronics.X-CUBE-EEPRMA1.5.2.0
2025-07-19 02:35:51,630 [WARN] PackLoader:240 - Cannot read IP mode file for STMicroelectronics.X-CUBE-AI.10.1.0
2025-07-19 02:35:51,683 [WARN] PackLoader:240 - Cannot read IP mode file for STMicroelectronics.X-CUBE-MEMS1.11.2.0
2025-07-19 02:35:51,796 [WARN] PackLoader:240 - Cannot read IP mode file for STMicroelectronics.X-CUBE-AZRTOS-G0.1.1.0
2025-07-19 02:35:51,802 [WARN] PackLoader:240 - Cannot read IP mode file for STMicroelectronics.X-CUBE-SAFEA1.1.2.2
2025-07-19 02:35:51,807 [WARN] PackLoader:240 - Cannot read IP mode file for STMicroelectronics.X-CUBE-NFC4.3.0.0
2025-07-19 02:35:51,814 [WARN] PackLoader:240 - Cannot read IP mode file for EmbeddedOffice.I-CUBE-FS-RTOS.1.0.1
2025-07-19 02:35:51,819 [WARN] PackLoader:240 - Cannot read IP mode file for STMicroelectronics.X-CUBE-WB05N.2.0.0
2025-07-19 02:35:51,824 [WARN] PackLoader:240 - Cannot read IP mode file for STMicroelectronics.X-CUBE-TCPP.4.2.0
2025-07-19 02:35:51,831 [WARN] PackLoader:240 - Cannot read IP mode file for RealThread.X-CUBE-RT-Thread_Nano.4.1.1
2025-07-19 02:35:51,836 [WARN] PackLoader:240 - Cannot read IP mode file for STMicroelectronics.FP-ATR-SIGFOX1.3.2.0
2025-07-19 02:35:51,841 [WARN] ConditionMgr:438 - getConditionDescription Invalid condition id : Cortex-A Device cause : null
2025-07-19 02:35:51,852 [WARN] ConditionMgr:1044 - genDependencies : Invalid condition id : Cortex-A Device cause : null
2025-07-19 02:35:51,852 [WARN] ConditionMgr:1044 - genDependencies : Invalid condition id : Cortex-A Device cause : null
2025-07-19 02:35:51,852 [WARN] ConditionMgr:1044 - genDependencies : Invalid condition id : Cortex-A Device cause : null
2025-07-19 02:35:51,856 [WARN] PackLoader:240 - Cannot read IP mode file for STMicroelectronics.X-CUBE-EEPRMA1.5.1.0
2025-07-19 02:35:51,864 [WARN] PackLoader:240 - Cannot read IP mode file for wolfSSL.I-CUBE-wolfSSL.5.7.4
2025-07-19 02:35:51,870 [WARN] PackLoader:240 - Cannot read IP mode file for ITTIA_DB.I-CUBE-ITTIADB.8.9.0
2025-07-19 02:35:51,876 [WARN] PackLoader:240 - Cannot read IP mode file for STMicroelectronics.X-CUBE-ST67W61.1.0.0
2025-07-19 02:35:51,922 [WARN] PackLoader:240 - Cannot read IP mode file for SEGGER.I-CUBE-embOS.1.3.1
2025-07-19 02:35:51,958 [ERROR] LogOutputStream:75 - [STDERR_REDIRECT] [Fatal Error] :1:1: Premature end of file.
2025-07-19 02:35:51,959 [ERROR] LogOutputStream:75 - [STDERR_REDIRECT] 
2025-07-19 02:35:52,031 [WARN] PackLoader:240 - Cannot read IP mode file for STMicroelectronics.X-CUBE-ALGOBUILD.1.4.0
2025-07-19 02:35:52,151 [WARN] PackLoader:240 - Cannot read IP mode file for STMicroelectronics.X-CUBE-MEMS1.11.3.0
2025-07-19 02:35:52,415 [WARN] PackLoader:240 - Cannot read IP mode file for STMicroelectronics.X-CUBE-AI.9.1.0
2025-07-19 02:35:52,422 [WARN] PackLoader:240 - Cannot read IP mode file for STMicroelectronics.X-CUBE-PM33A1.1.0.0
2025-07-19 02:35:52,444 [WARN] PackLoader:240 - Cannot read IP mode file for STMicroelectronics.X-CUBE-AZRTOS-F4.1.1.0
2025-07-19 02:35:52,455 [WARN] PackLoader:240 - Cannot read IP mode file for Avnet-IotConnect.X-CUBE-IoTC-DA16k-PMOD.1.0.0
2025-07-19 02:35:52,460 [WARN] PackLoader:240 - Cannot read IP mode file for STMicroelectronics.X-CUBE-ISPU.2.1.0
2025-07-19 02:35:52,468 [WARN] PackLoader:240 - Cannot read IP mode file for STMicroelectronics.X-CUBE-NFC12.1.0.0
2025-07-19 02:35:52,489 [WARN] PackLoader:240 - Cannot read IP mode file for STMicroelectronics.X-CUBE-AZRTOS-L5.2.0.0
2025-07-19 02:35:52,502 [WARN] PackLoader:240 - Cannot read IP mode file for STMicroelectronics.X-CUBE-NFC6.3.1.0
2025-07-19 02:35:52,512 [WARN] PackLoader:240 - Cannot read IP mode file for STMicroelectronics.X-CUBE-DPower.1.2.0
2025-07-19 02:35:52,519 [WARN] PackLoader:240 - Cannot read IP mode file for STMicroelectronics.X-CUBE-FREERTOS.1.3.1
2025-07-19 02:35:52,524 [WARN] PackLoader:240 - Cannot read IP mode file for STMicroelectronics.X-CUBE-FREERTOS.1.3.0
2025-07-19 02:35:52,529 [WARN] PackLoader:240 - Cannot read IP mode file for STMicroelectronics.X-CUBE-NFC7.1.0.1
2025-07-19 02:35:52,536 [WARN] PackLoader:240 - Cannot read IP mode file for STMicroelectronics.FP-SNS-STAIOTCFT.1.0.0
2025-07-19 02:35:52,542 [WARN] PackLoader:240 - Cannot read IP mode file for STMicroelectronics.X-CUBE-DPower.1.3.0
2025-07-19 02:35:52,572 [WARN] ConditionMgr:438 - getConditionDescription Invalid condition id : LAN8742 Phy interface Condition cause : null
2025-07-19 02:35:52,573 [WARN] PackLoader:240 - Cannot read IP mode file for STMicroelectronics.X-CUBE-AZRTOS-L4.2.0.0
2025-07-19 02:35:52,575 [WARN] ConditionMgr:1044 - genDependencies : Invalid condition id : LAN8742 Phy interface Condition cause : null
2025-07-19 02:35:52,575 [WARN] ConditionMgr:1044 - genDependencies : Invalid condition id : LAN8742 Phy interface Condition cause : null
2025-07-19 02:35:52,575 [WARN] ConditionMgr:1044 - genDependencies : Invalid condition id : LAN8742 Phy interface Condition cause : null
2025-07-19 02:35:52,589 [WARN] PackLoader:240 - Cannot read IP mode file for STMicroelectronics.X-CUBE-SFXS2LP1.4.0.0
2025-07-19 02:35:52,614 [WARN] PackLoader:240 - Cannot read IP mode file for STMicroelectronics.X-CUBE-AZRTOS-H7.3.3.0
2025-07-19 02:35:52,630 [WARN] PackLoader:240 - Cannot read IP mode file for STMicroelectronics.X-CUBE-BLEMGR.4.1.0
2025-07-19 02:35:52,651 [WARN] ConditionMgr:438 - getConditionDescription Invalid condition id : UX DEVICE CLASS RTOS Condition cause : null
2025-07-19 02:35:52,651 [WARN] ConditionMgr:438 - getConditionDescription Invalid condition id : UX DEVICE CLASS RTOS Condition cause : null
2025-07-19 02:35:52,654 [WARN] PackLoader:240 - Cannot read IP mode file for STMicroelectronics.X-CUBE-AZRTOS-WB.2.0.0
2025-07-19 02:35:52,655 [WARN] ConditionMgr:1044 - genDependencies : Invalid condition id : UX DEVICE CLASS RTOS Condition cause : null
2025-07-19 02:35:52,655 [WARN] ConditionMgr:1044 - genDependencies : Invalid condition id : UX DEVICE CLASS RTOS Condition cause : null
2025-07-19 02:35:52,655 [WARN] ConditionMgr:1044 - genDependencies : Invalid condition id : UX DEVICE CLASS RTOS Condition cause : null
2025-07-19 02:35:52,656 [WARN] ConditionMgr:1044 - genDependencies : Invalid condition id : UX DEVICE CLASS RTOS Condition cause : null
2025-07-19 02:35:52,656 [WARN] ConditionMgr:1044 - genDependencies : Invalid condition id : UX DEVICE CLASS RTOS Condition cause : null
2025-07-19 02:35:52,667 [WARN] PackLoader:240 - Cannot read IP mode file for STMicroelectronics.X-CUBE-GNSS1.7.0.1
2025-07-19 02:35:52,674 [WARN] PackLoader:240 - Cannot read IP mode file for STMicroelectronics.X-CUBE-TOUCHGFX.4.25.0
2025-07-19 02:35:52,686 [WARN] PackLoader:240 - Cannot read IP mode file for STMicroelectronics.FP-SNS-STBOX1.2.0.0
2025-07-19 02:35:52,706 [WARN] PackLoader:240 - Cannot read IP mode file for STMicroelectronics.X-CUBE-SUBG2.5.0.0
2025-07-19 02:35:52,750 [WARN] PackLoader:240 - Cannot read IP mode file for STMicroelectronics.X-CUBE-AZRTOS-H7RS.1.1.0
2025-07-19 02:35:52,759 [WARN] PackLoader:240 - Cannot read IP mode file for Cesanta.I-CUBE-Mongoose.7.13.0
2025-07-19 02:35:52,775 [WARN] PackLoader:240 - Cannot read IP mode file for STMicroelectronics.X-CUBE-AZRTOS-G4.2.0.0
2025-07-19 02:35:52,781 [WARN] PackLoader:240 - Cannot read IP mode file for STMicroelectronics.X-CUBE-NFC7.2.0.0
2025-07-19 02:35:52,794 [WARN] PackLoader:240 - Cannot read IP mode file for STMicroelectronics.X-CUBE-IPS.3.1.0
2025-07-19 02:35:52,808 [WARN] PackLoader:240 - Cannot read IP mode file for STMicroelectronics.X-CUBE-ALS.1.0.2
2025-07-19 02:35:52,850 [WARN] PackLoader:240 - Cannot read IP mode file for STMicroelectronics.X-CUBE-MEMS1.10.0.0
2025-07-19 02:35:52,948 [ERROR] LogOutputStream:75 - [STDERR_REDIRECT] [Fatal Error] :1:1: Premature end of file.
2025-07-19 02:35:52,949 [ERROR] LogOutputStream:75 - [STDERR_REDIRECT] 
2025-07-19 02:35:53,273 [WARN] PackLoader:240 - Cannot read IP mode file for STMicroelectronics.X-CUBE-TOUCHGFX.4.24.2
2025-07-19 02:35:53,281 [WARN] PackLoader:240 - Cannot read IP mode file for wolfSSL.I-CUBE-wolfTPM.3.4.0
2025-07-19 02:35:53,292 [WARN] PackLoader:240 - Cannot read IP mode file for portGmbH.I-Cube-SoM-uGOAL.1.1.0
2025-07-19 02:35:53,327 [WARN] PackLoader:240 - Cannot read IP mode file for STMicroelectronics.X-CUBE-AZRTOS-H7RS.1.0.0
2025-07-19 02:35:53,420 [WARN] PackLoader:240 - Cannot read IP mode file for STMicroelectronics.X-CUBE-TOF1.3.4.2
2025-07-19 02:35:53,485 [WARN] PackLoader:240 - Cannot read IP mode file for STMicroelectronics.X-CUBE-TOF1.3.4.3
2025-07-19 02:35:53,554 [WARN] PackLoader:240 - Cannot read IP mode file for wolfSSL.I-CUBE-wolfSSH.1.4.17
2025-07-19 02:35:53,557 [INFO] ThirdParty:978 - Integrity check success = true
2025-07-19 02:35:53,557 [INFO] IntegrityCheckThread:100 - exiting critical section [integrity check]
2025-07-19 02:35:53,558 [INFO] IntegrityCheckThread:103 - End integrity checks thread
2025-07-19 02:35:53,922 [ERROR] LogOutputStream:75 - [STDERR_REDIRECT] [Fatal Error] :1:1: Premature end of file.
2025-07-19 02:35:53,922 [ERROR] LogOutputStream:75 - [STDERR_REDIRECT] 
2025-07-19 02:35:54,916 [ERROR] LogOutputStream:75 - [STDERR_REDIRECT] [Fatal Error] :1:1: Premature end of file.
2025-07-19 02:35:54,916 [ERROR] LogOutputStream:75 - [STDERR_REDIRECT] 
2025-07-19 02:35:55,916 [ERROR] LogOutputStream:75 - [STDERR_REDIRECT] [Fatal Error] :1:1: Premature end of file.
2025-07-19 02:35:55,916 [ERROR] LogOutputStream:75 - [STDERR_REDIRECT] 
2025-07-19 02:35:56,923 [ERROR] LogOutputStream:75 - [STDERR_REDIRECT] [Fatal Error] :1:1: Premature end of file.
2025-07-19 02:35:56,923 [ERROR] LogOutputStream:75 - [STDERR_REDIRECT] 
2025-07-19 02:35:57,959 [ERROR] LogOutputStream:75 - [STDERR_REDIRECT] [Fatal Error] :1:1: Premature end of file.
2025-07-19 02:35:57,959 [ERROR] LogOutputStream:75 - [STDERR_REDIRECT] 
2025-07-19 02:35:59,004 [ERROR] LogOutputStream:75 - [STDERR_REDIRECT] [Fatal Error] :1:1: Premature end of file.
2025-07-19 02:35:59,005 [ERROR] LogOutputStream:75 - [STDERR_REDIRECT] 
2025-07-19 02:35:59,908 [ERROR] LogOutputStream:75 - [STDERR_REDIRECT] [Fatal Error] :1:1: Premature end of file.
2025-07-19 02:35:59,909 [ERROR] LogOutputStream:75 - [STDERR_REDIRECT] 
2025-07-19 02:36:00,982 [ERROR] LogOutputStream:75 - [STDERR_REDIRECT] [Fatal Error] :1:1: Premature end of file.
2025-07-19 02:36:00,982 [ERROR] LogOutputStream:75 - [STDERR_REDIRECT] 
2025-07-19 02:36:01,921 [ERROR] LogOutputStream:75 - [STDERR_REDIRECT] [Fatal Error] :1:1: Premature end of file.
2025-07-19 02:36:01,922 [ERROR] LogOutputStream:75 - [STDERR_REDIRECT] 
2025-07-19 02:36:02,994 [ERROR] LogOutputStream:75 - [STDERR_REDIRECT] [Fatal Error] :1:1: Premature end of file.
2025-07-19 02:36:02,994 [ERROR] LogOutputStream:75 - [STDERR_REDIRECT] 
2025-07-19 02:36:03,920 [ERROR] LogOutputStream:75 - [STDERR_REDIRECT] [Fatal Error] :1:1: Premature end of file.
2025-07-19 02:36:03,920 [ERROR] LogOutputStream:75 - [STDERR_REDIRECT] 
2025-07-19 02:36:04,974 [ERROR] LogOutputStream:75 - [STDERR_REDIRECT] [Fatal Error] :1:1: Premature end of file.
2025-07-19 02:36:04,974 [ERROR] LogOutputStream:75 - [STDERR_REDIRECT] 
2025-07-19 02:36:05,915 [ERROR] LogOutputStream:75 - [STDERR_REDIRECT] [Fatal Error] :1:1: Premature end of file.
2025-07-19 02:36:05,915 [ERROR] LogOutputStream:75 - [STDERR_REDIRECT] 
2025-07-19 02:36:06,928 [ERROR] LogOutputStream:75 - [STDERR_REDIRECT] [Fatal Error] :1:1: Premature end of file.
2025-07-19 02:36:06,928 [ERROR] LogOutputStream:75 - [STDERR_REDIRECT] 
2025-07-19 02:36:07,983 [ERROR] LogOutputStream:75 - [STDERR_REDIRECT] [Fatal Error] :1:1: Premature end of file.
2025-07-19 02:36:07,983 [ERROR] LogOutputStream:75 - [STDERR_REDIRECT] 
2025-07-19 02:36:09,006 [ERROR] LogOutputStream:75 - [STDERR_REDIRECT] [Fatal Error] :1:1: Premature end of file.
2025-07-19 02:36:09,007 [ERROR] LogOutputStream:75 - [STDERR_REDIRECT] 
2025-07-19 02:36:10,024 [ERROR] LogOutputStream:75 - [STDERR_REDIRECT] [Fatal Error] :1:1: Premature end of file.
2025-07-19 02:36:10,025 [ERROR] LogOutputStream:75 - [STDERR_REDIRECT] 
2025-07-19 02:36:10,924 [ERROR] LogOutputStream:75 - [STDERR_REDIRECT] [Fatal Error] :1:1: Premature end of file.
2025-07-19 02:36:10,924 [ERROR] LogOutputStream:75 - [STDERR_REDIRECT] 
2025-07-19 02:36:11,918 [ERROR] LogOutputStream:75 - [STDERR_REDIRECT] [Fatal Error] :1:1: Premature end of file.
2025-07-19 02:36:11,918 [ERROR] LogOutputStream:75 - [STDERR_REDIRECT] 
2025-07-19 02:36:12,930 [ERROR] LogOutputStream:75 - [STDERR_REDIRECT] [Fatal Error] :1:1: Premature end of file.
2025-07-19 02:36:12,931 [ERROR] LogOutputStream:75 - [STDERR_REDIRECT] 
2025-07-19 02:36:13,914 [ERROR] LogOutputStream:75 - [STDERR_REDIRECT] [Fatal Error] :1:1: Premature end of file.
2025-07-19 02:36:13,914 [ERROR] LogOutputStream:75 - [STDERR_REDIRECT] 
2025-07-19 02:36:15,004 [ERROR] LogOutputStream:75 - [STDERR_REDIRECT] [Fatal Error] :1:1: Premature end of file.
2025-07-19 02:36:15,007 [ERROR] LogOutputStream:75 - [STDERR_REDIRECT] 
2025-07-19 02:36:15,929 [ERROR] LogOutputStream:75 - [STDERR_REDIRECT] [Fatal Error] :1:1: Premature end of file.
2025-07-19 02:36:15,930 [ERROR] LogOutputStream:75 - [STDERR_REDIRECT] 
2025-07-19 02:36:16,916 [ERROR] LogOutputStream:75 - [STDERR_REDIRECT] [Fatal Error] :1:1: Premature end of file.
2025-07-19 02:36:16,916 [ERROR] LogOutputStream:75 - [STDERR_REDIRECT] 
2025-07-19 02:36:17,904 [ERROR] LogOutputStream:75 - [STDERR_REDIRECT] [Fatal Error] :1:1: Premature end of file.
2025-07-19 02:36:17,904 [ERROR] LogOutputStream:75 - [STDERR_REDIRECT] 
2025-07-19 02:36:18,907 [ERROR] LogOutputStream:75 - [STDERR_REDIRECT] [Fatal Error] :1:1: Premature end of file.
2025-07-19 02:36:18,907 [ERROR] LogOutputStream:75 - [STDERR_REDIRECT] 
2025-07-19 02:36:19,907 [ERROR] LogOutputStream:75 - [STDERR_REDIRECT] [Fatal Error] :1:1: Premature end of file.
2025-07-19 02:36:19,907 [ERROR] LogOutputStream:75 - [STDERR_REDIRECT] 
2025-07-19 02:36:20,904 [ERROR] LogOutputStream:75 - [STDERR_REDIRECT] [Fatal Error] :1:1: Premature end of file.
2025-07-19 02:36:20,905 [ERROR] LogOutputStream:75 - [STDERR_REDIRECT] 
2025-07-19 02:36:21,997 [ERROR] LogOutputStream:75 - [STDERR_REDIRECT] [Fatal Error] :1:1: Premature end of file.
2025-07-19 02:36:21,999 [ERROR] LogOutputStream:75 - [STDERR_REDIRECT] 
2025-07-19 02:36:22,904 [ERROR] LogOutputStream:75 - [STDERR_REDIRECT] [Fatal Error] :1:1: Premature end of file.
2025-07-19 02:36:22,904 [ERROR] LogOutputStream:75 - [STDERR_REDIRECT] 
2025-07-19 02:36:23,936 [ERROR] LogOutputStream:75 - [STDERR_REDIRECT] [Fatal Error] :1:1: Premature end of file.
2025-07-19 02:36:23,937 [ERROR] LogOutputStream:75 - [STDERR_REDIRECT] 
2025-07-19 02:36:24,927 [ERROR] LogOutputStream:75 - [STDERR_REDIRECT] [Fatal Error] :1:1: Premature end of file.
2025-07-19 02:36:24,927 [ERROR] LogOutputStream:75 - [STDERR_REDIRECT] 
2025-07-19 02:36:25,912 [ERROR] LogOutputStream:75 - [STDERR_REDIRECT] [Fatal Error] :1:1: Premature end of file.
2025-07-19 02:36:25,912 [ERROR] LogOutputStream:75 - [STDERR_REDIRECT] 
2025-07-19 02:36:26,915 [ERROR] LogOutputStream:75 - [STDERR_REDIRECT] [Fatal Error] :1:1: Premature end of file.
2025-07-19 02:36:26,916 [ERROR] LogOutputStream:75 - [STDERR_REDIRECT] 
2025-07-19 02:36:28,016 [ERROR] LogOutputStream:75 - [STDERR_REDIRECT] [Fatal Error] :1:1: Premature end of file.
2025-07-19 02:36:28,016 [ERROR] LogOutputStream:75 - [STDERR_REDIRECT] 
2025-07-19 02:36:28,907 [ERROR] LogOutputStream:75 - [STDERR_REDIRECT] [Fatal Error] :1:1: Premature end of file.
2025-07-19 02:36:28,907 [ERROR] LogOutputStream:75 - [STDERR_REDIRECT] 
2025-07-19 02:36:29,913 [ERROR] LogOutputStream:75 - [STDERR_REDIRECT] [Fatal Error] :1:1: Premature end of file.
2025-07-19 02:36:29,913 [ERROR] LogOutputStream:75 - [STDERR_REDIRECT] 
2025-07-19 02:36:31,014 [ERROR] LogOutputStream:75 - [STDERR_REDIRECT] [Fatal Error] :1:1: Premature end of file.
2025-07-19 02:36:31,014 [ERROR] LogOutputStream:75 - [STDERR_REDIRECT] 
2025-07-19 02:36:31,901 [ERROR] LogOutputStream:75 - [STDERR_REDIRECT] [Fatal Error] :1:1: Premature end of file.
2025-07-19 02:36:31,901 [ERROR] LogOutputStream:75 - [STDERR_REDIRECT] 
2025-07-19 02:36:32,917 [ERROR] LogOutputStream:75 - [STDERR_REDIRECT] [Fatal Error] :1:1: Premature end of file.
2025-07-19 02:36:32,917 [ERROR] LogOutputStream:75 - [STDERR_REDIRECT] 
2025-07-19 02:36:33,923 [ERROR] LogOutputStream:75 - [STDERR_REDIRECT] [Fatal Error] :1:1: Premature end of file.
2025-07-19 02:36:33,924 [ERROR] LogOutputStream:75 - [STDERR_REDIRECT] 
2025-07-19 02:36:35,015 [ERROR] LogOutputStream:75 - [STDERR_REDIRECT] [Fatal Error] :1:1: Premature end of file.
2025-07-19 02:36:35,015 [ERROR] LogOutputStream:75 - [STDERR_REDIRECT] 
2025-07-19 02:36:35,928 [ERROR] LogOutputStream:75 - [STDERR_REDIRECT] [Fatal Error] :1:1: Premature end of file.
2025-07-19 02:36:35,928 [ERROR] LogOutputStream:75 - [STDERR_REDIRECT] 
2025-07-19 02:36:36,922 [ERROR] LogOutputStream:75 - [STDERR_REDIRECT] [Fatal Error] :1:1: Premature end of file.
2025-07-19 02:36:36,922 [ERROR] LogOutputStream:75 - [STDERR_REDIRECT] 
2025-07-19 02:36:38,056 [ERROR] LogOutputStream:75 - [STDERR_REDIRECT] [Fatal Error] :1:1: Premature end of file.
2025-07-19 02:36:38,056 [ERROR] LogOutputStream:75 - [STDERR_REDIRECT] 
2025-07-19 02:36:38,932 [ERROR] LogOutputStream:75 - [STDERR_REDIRECT] [Fatal Error] :1:1: Premature end of file.
2025-07-19 02:36:38,932 [ERROR] LogOutputStream:75 - [STDERR_REDIRECT] 
2025-07-19 02:36:39,929 [ERROR] LogOutputStream:75 - [STDERR_REDIRECT] [Fatal Error] :1:1: Premature end of file.
2025-07-19 02:36:39,929 [ERROR] LogOutputStream:75 - [STDERR_REDIRECT] 
2025-07-19 02:36:40,929 [ERROR] LogOutputStream:75 - [STDERR_REDIRECT] [Fatal Error] :1:1: Premature end of file.
2025-07-19 02:36:40,929 [ERROR] LogOutputStream:75 - [STDERR_REDIRECT] 
2025-07-19 02:36:42,020 [ERROR] LogOutputStream:75 - [STDERR_REDIRECT] [Fatal Error] :1:1: Premature end of file.
2025-07-19 02:36:42,022 [ERROR] LogOutputStream:75 - [STDERR_REDIRECT] 
2025-07-19 02:36:43,035 [ERROR] LogOutputStream:75 - [STDERR_REDIRECT] [Fatal Error] :1:1: Premature end of file.
2025-07-19 02:36:43,037 [ERROR] LogOutputStream:75 - [STDERR_REDIRECT] 
2025-07-19 02:36:43,918 [ERROR] LogOutputStream:75 - [STDERR_REDIRECT] [Fatal Error] :1:1: Premature end of file.
2025-07-19 02:36:43,918 [ERROR] LogOutputStream:75 - [STDERR_REDIRECT] 
2025-07-19 02:36:44,917 [ERROR] LogOutputStream:75 - [STDERR_REDIRECT] [Fatal Error] :1:1: Premature end of file.
2025-07-19 02:36:44,917 [ERROR] LogOutputStream:75 - [STDERR_REDIRECT] 
2025-07-19 02:36:45,921 [ERROR] LogOutputStream:75 - [STDERR_REDIRECT] [Fatal Error] :1:1: Premature end of file.
2025-07-19 02:36:45,921 [ERROR] LogOutputStream:75 - [STDERR_REDIRECT] 
2025-07-19 02:36:46,919 [ERROR] LogOutputStream:75 - [STDERR_REDIRECT] [Fatal Error] :1:1: Premature end of file.
2025-07-19 02:36:46,919 [ERROR] LogOutputStream:75 - [STDERR_REDIRECT] 
2025-07-19 02:36:47,913 [ERROR] LogOutputStream:75 - [STDERR_REDIRECT] [Fatal Error] :1:1: Premature end of file.
2025-07-19 02:36:47,913 [ERROR] LogOutputStream:75 - [STDERR_REDIRECT] 
2025-07-19 02:36:48,915 [ERROR] LogOutputStream:75 - [STDERR_REDIRECT] [Fatal Error] :1:1: Premature end of file.
2025-07-19 02:36:48,915 [ERROR] LogOutputStream:75 - [STDERR_REDIRECT] 
2025-07-19 02:36:50,065 [ERROR] LogOutputStream:75 - [STDERR_REDIRECT] [Fatal Error] :1:1: Premature end of file.
2025-07-19 02:36:50,065 [ERROR] LogOutputStream:75 - [STDERR_REDIRECT] 
2025-07-19 02:36:50,919 [ERROR] LogOutputStream:75 - [STDERR_REDIRECT] [Fatal Error] :1:1: Premature end of file.
2025-07-19 02:36:50,919 [ERROR] LogOutputStream:75 - [STDERR_REDIRECT] 
2025-07-19 02:36:51,959 [ERROR] LogOutputStream:75 - [STDERR_REDIRECT] [Fatal Error] :1:1: Premature end of file.
2025-07-19 02:36:51,960 [ERROR] LogOutputStream:75 - [STDERR_REDIRECT] 
2025-07-19 02:36:53,008 [ERROR] LogOutputStream:75 - [STDERR_REDIRECT] [Fatal Error] :1:1: Premature end of file.
2025-07-19 02:36:53,009 [ERROR] LogOutputStream:75 - [STDERR_REDIRECT] 
2025-07-19 02:36:53,955 [ERROR] LogOutputStream:75 - [STDERR_REDIRECT] [Fatal Error] :1:1: Premature end of file.
2025-07-19 02:36:53,955 [ERROR] LogOutputStream:75 - [STDERR_REDIRECT] 
2025-07-19 02:36:54,964 [ERROR] LogOutputStream:75 - [STDERR_REDIRECT] [Fatal Error] :1:1: Premature end of file.
2025-07-19 02:36:54,964 [ERROR] LogOutputStream:75 - [STDERR_REDIRECT] 
2025-07-19 02:36:55,915 [ERROR] LogOutputStream:75 - [STDERR_REDIRECT] [Fatal Error] :1:1: Premature end of file.
2025-07-19 02:36:55,916 [ERROR] LogOutputStream:75 - [STDERR_REDIRECT] 
2025-07-19 02:36:56,908 [ERROR] LogOutputStream:75 - [STDERR_REDIRECT] [Fatal Error] :1:1: Premature end of file.
2025-07-19 02:36:56,908 [ERROR] LogOutputStream:75 - [STDERR_REDIRECT] 
2025-07-19 02:36:58,011 [ERROR] LogOutputStream:75 - [STDERR_REDIRECT] [Fatal Error] :1:1: Premature end of file.
2025-07-19 02:36:58,012 [ERROR] LogOutputStream:75 - [STDERR_REDIRECT] 
2025-07-19 02:36:58,908 [ERROR] LogOutputStream:75 - [STDERR_REDIRECT] [Fatal Error] :1:1: Premature end of file.
2025-07-19 02:36:58,908 [ERROR] LogOutputStream:75 - [STDERR_REDIRECT] 
2025-07-19 02:36:59,922 [ERROR] LogOutputStream:75 - [STDERR_REDIRECT] [Fatal Error] :1:1: Premature end of file.
2025-07-19 02:36:59,922 [ERROR] LogOutputStream:75 - [STDERR_REDIRECT] 
2025-07-19 02:37:00,943 [ERROR] LogOutputStream:75 - [STDERR_REDIRECT] [Fatal Error] :1:1: Premature end of file.
2025-07-19 02:37:00,943 [ERROR] LogOutputStream:75 - [STDERR_REDIRECT] 
2025-07-19 02:37:01,908 [ERROR] LogOutputStream:75 - [STDERR_REDIRECT] [Fatal Error] :1:1: Premature end of file.
2025-07-19 02:37:01,908 [ERROR] LogOutputStream:75 - [STDERR_REDIRECT] 
2025-07-19 02:37:03,027 [ERROR] LogOutputStream:75 - [STDERR_REDIRECT] [Fatal Error] :1:1: Premature end of file.
2025-07-19 02:37:03,027 [ERROR] LogOutputStream:75 - [STDERR_REDIRECT] 
2025-07-19 02:37:03,905 [ERROR] LogOutputStream:75 - [STDERR_REDIRECT] [Fatal Error] :1:1: Premature end of file.
2025-07-19 02:37:03,906 [ERROR] LogOutputStream:75 - [STDERR_REDIRECT] 
2025-07-19 02:37:04,905 [ERROR] LogOutputStream:75 - [STDERR_REDIRECT] [Fatal Error] :1:1: Premature end of file.
2025-07-19 02:37:04,905 [ERROR] LogOutputStream:75 - [STDERR_REDIRECT] 
2025-07-19 02:37:05,907 [ERROR] LogOutputStream:75 - [STDERR_REDIRECT] [Fatal Error] :1:1: Premature end of file.
2025-07-19 02:37:05,907 [ERROR] LogOutputStream:75 - [STDERR_REDIRECT] 
2025-07-19 02:37:07,016 [ERROR] LogOutputStream:75 - [STDERR_REDIRECT] [Fatal Error] :1:1: Premature end of file.
2025-07-19 02:37:07,016 [ERROR] LogOutputStream:75 - [STDERR_REDIRECT] 
2025-07-19 02:37:07,911 [ERROR] LogOutputStream:75 - [STDERR_REDIRECT] [Fatal Error] :1:1: Premature end of file.
2025-07-19 02:37:07,912 [ERROR] LogOutputStream:75 - [STDERR_REDIRECT] 
2025-07-19 02:37:09,001 [ERROR] LogOutputStream:75 - [STDERR_REDIRECT] [Fatal Error] :1:1: Premature end of file.
2025-07-19 02:37:09,002 [ERROR] LogOutputStream:75 - [STDERR_REDIRECT] 
2025-07-19 02:37:09,904 [ERROR] LogOutputStream:75 - [STDERR_REDIRECT] [Fatal Error] :1:1: Premature end of file.
2025-07-19 02:37:09,904 [ERROR] LogOutputStream:75 - [STDERR_REDIRECT] 
2025-07-19 02:37:11,014 [ERROR] LogOutputStream:75 - [STDERR_REDIRECT] [Fatal Error] :1:1: Premature end of file.
2025-07-19 02:37:11,015 [ERROR] LogOutputStream:75 - [STDERR_REDIRECT] 
2025-07-19 02:37:11,984 [ERROR] LogOutputStream:75 - [STDERR_REDIRECT] [Fatal Error] :1:1: Premature end of file.
2025-07-19 02:37:11,985 [ERROR] LogOutputStream:75 - [STDERR_REDIRECT] 
2025-07-19 02:37:13,006 [ERROR] LogOutputStream:75 - [STDERR_REDIRECT] [Fatal Error] :1:1: Premature end of file.
2025-07-19 02:37:13,007 [ERROR] LogOutputStream:75 - [STDERR_REDIRECT] 
2025-07-19 02:37:13,909 [ERROR] LogOutputStream:75 - [STDERR_REDIRECT] [Fatal Error] :1:1: Premature end of file.
2025-07-19 02:37:13,909 [ERROR] LogOutputStream:75 - [STDERR_REDIRECT] 
2025-07-19 02:37:14,904 [ERROR] LogOutputStream:75 - [STDERR_REDIRECT] [Fatal Error] :1:1: Premature end of file.
2025-07-19 02:37:14,904 [ERROR] LogOutputStream:75 - [STDERR_REDIRECT] 
2025-07-19 02:37:15,952 [ERROR] LogOutputStream:75 - [STDERR_REDIRECT] [Fatal Error] :1:1: Premature end of file.
2025-07-19 02:37:15,953 [ERROR] LogOutputStream:75 - [STDERR_REDIRECT] 
2025-07-19 02:37:16,944 [ERROR] LogOutputStream:75 - [STDERR_REDIRECT] [Fatal Error] :1:1: Premature end of file.
2025-07-19 02:37:16,944 [ERROR] LogOutputStream:75 - [STDERR_REDIRECT] 
2025-07-19 02:37:17,906 [ERROR] LogOutputStream:75 - [STDERR_REDIRECT] [Fatal Error] :1:1: Premature end of file.
2025-07-19 02:37:17,906 [ERROR] LogOutputStream:75 - [STDERR_REDIRECT] 
2025-07-19 02:37:19,012 [ERROR] LogOutputStream:75 - [STDERR_REDIRECT] [Fatal Error] :1:1: Premature end of file.
2025-07-19 02:37:19,012 [ERROR] LogOutputStream:75 - [STDERR_REDIRECT] 
2025-07-19 02:37:20,000 [ERROR] LogOutputStream:75 - [STDERR_REDIRECT] [Fatal Error] :1:1: Premature end of file.
2025-07-19 02:37:20,001 [ERROR] LogOutputStream:75 - [STDERR_REDIRECT] 
2025-07-19 02:37:20,997 [ERROR] LogOutputStream:75 - [STDERR_REDIRECT] [Fatal Error] :1:1: Premature end of file.
2025-07-19 02:37:20,997 [ERROR] LogOutputStream:75 - [STDERR_REDIRECT] 
2025-07-19 02:37:22,005 [ERROR] LogOutputStream:75 - [STDERR_REDIRECT] [Fatal Error] :1:1: Premature end of file.
2025-07-19 02:37:22,006 [ERROR] LogOutputStream:75 - [STDERR_REDIRECT] 
2025-07-19 02:37:23,003 [ERROR] LogOutputStream:75 - [STDERR_REDIRECT] [Fatal Error] :1:1: Premature end of file.
2025-07-19 02:37:23,003 [ERROR] LogOutputStream:75 - [STDERR_REDIRECT] 
2025-07-19 02:37:23,906 [ERROR] LogOutputStream:75 - [STDERR_REDIRECT] [Fatal Error] :1:1: Premature end of file.
2025-07-19 02:37:23,906 [ERROR] LogOutputStream:75 - [STDERR_REDIRECT] 
2025-07-19 02:37:25,004 [ERROR] LogOutputStream:75 - [STDERR_REDIRECT] [Fatal Error] :1:1: Premature end of file.
2025-07-19 02:37:25,005 [ERROR] LogOutputStream:75 - [STDERR_REDIRECT] 
2025-07-19 02:37:25,980 [ERROR] LogOutputStream:75 - [STDERR_REDIRECT] [Fatal Error] :1:1: Premature end of file.
2025-07-19 02:37:25,980 [ERROR] LogOutputStream:75 - [STDERR_REDIRECT] 
2025-07-19 02:37:27,004 [ERROR] LogOutputStream:75 - [STDERR_REDIRECT] [Fatal Error] :1:1: Premature end of file.
2025-07-19 02:37:27,004 [ERROR] LogOutputStream:75 - [STDERR_REDIRECT] 
2025-07-19 02:37:27,987 [ERROR] LogOutputStream:75 - [STDERR_REDIRECT] [Fatal Error] :1:1: Premature end of file.
2025-07-19 02:37:27,988 [ERROR] LogOutputStream:75 - [STDERR_REDIRECT] 
2025-07-19 02:37:28,903 [ERROR] LogOutputStream:75 - [STDERR_REDIRECT] [Fatal Error] :1:1: Premature end of file.
2025-07-19 02:37:28,903 [ERROR] LogOutputStream:75 - [STDERR_REDIRECT] 
2025-07-19 02:37:29,903 [ERROR] LogOutputStream:75 - [STDERR_REDIRECT] [Fatal Error] :1:1: Premature end of file.
2025-07-19 02:37:29,904 [ERROR] LogOutputStream:75 - [STDERR_REDIRECT] 
2025-07-19 02:37:30,905 [ERROR] LogOutputStream:75 - [STDERR_REDIRECT] [Fatal Error] :1:1: Premature end of file.
2025-07-19 02:37:30,905 [ERROR] LogOutputStream:75 - [STDERR_REDIRECT] 
2025-07-19 02:37:32,044 [ERROR] LogOutputStream:75 - [STDERR_REDIRECT] [Fatal Error] :1:1: Premature end of file.
2025-07-19 02:37:32,045 [ERROR] LogOutputStream:75 - [STDERR_REDIRECT] 
2025-07-19 02:37:32,980 [ERROR] LogOutputStream:75 - [STDERR_REDIRECT] [Fatal Error] :1:1: Premature end of file.
2025-07-19 02:37:32,981 [ERROR] LogOutputStream:75 - [STDERR_REDIRECT] 
2025-07-19 02:37:33,909 [ERROR] LogOutputStream:75 - [STDERR_REDIRECT] [Fatal Error] :1:1: Premature end of file.
2025-07-19 02:37:33,910 [ERROR] LogOutputStream:75 - [STDERR_REDIRECT] 
2025-07-19 02:37:34,910 [ERROR] LogOutputStream:75 - [STDERR_REDIRECT] [Fatal Error] :1:1: Premature end of file.
2025-07-19 02:37:34,910 [ERROR] LogOutputStream:75 - [STDERR_REDIRECT] 
2025-07-19 02:37:35,907 [ERROR] LogOutputStream:75 - [STDERR_REDIRECT] [Fatal Error] :1:1: Premature end of file.
2025-07-19 02:37:35,908 [ERROR] LogOutputStream:75 - [STDERR_REDIRECT] 
2025-07-19 02:37:36,910 [ERROR] LogOutputStream:75 - [STDERR_REDIRECT] [Fatal Error] :1:1: Premature end of file.
2025-07-19 02:37:36,910 [ERROR] LogOutputStream:75 - [STDERR_REDIRECT] 
2025-07-19 02:37:37,921 [ERROR] LogOutputStream:75 - [STDERR_REDIRECT] [Fatal Error] :1:1: Premature end of file.
2025-07-19 02:37:37,921 [ERROR] LogOutputStream:75 - [STDERR_REDIRECT] 
2025-07-19 02:37:38,917 [ERROR] LogOutputStream:75 - [STDERR_REDIRECT] [Fatal Error] :1:1: Premature end of file.
2025-07-19 02:37:38,917 [ERROR] LogOutputStream:75 - [STDERR_REDIRECT] 
2025-07-19 02:37:39,923 [ERROR] LogOutputStream:75 - [STDERR_REDIRECT] [Fatal Error] :1:1: Premature end of file.
2025-07-19 02:37:39,923 [ERROR] LogOutputStream:75 - [STDERR_REDIRECT] 
2025-07-19 02:37:40,925 [ERROR] LogOutputStream:75 - [STDERR_REDIRECT] [Fatal Error] :1:1: Premature end of file.
2025-07-19 02:37:40,925 [ERROR] LogOutputStream:75 - [STDERR_REDIRECT] 
2025-07-19 02:37:41,910 [ERROR] LogOutputStream:75 - [STDERR_REDIRECT] [Fatal Error] :1:1: Premature end of file.
2025-07-19 02:37:41,910 [ERROR] LogOutputStream:75 - [STDERR_REDIRECT] 
2025-07-19 02:37:42,999 [ERROR] LogOutputStream:75 - [STDERR_REDIRECT] [Fatal Error] :1:1: Premature end of file.
2025-07-19 02:37:43,000 [ERROR] LogOutputStream:75 - [STDERR_REDIRECT] 
2025-07-19 02:37:44,012 [ERROR] LogOutputStream:75 - [STDERR_REDIRECT] [Fatal Error] :1:1: Premature end of file.
2025-07-19 02:37:44,012 [ERROR] LogOutputStream:75 - [STDERR_REDIRECT] 
2025-07-19 02:37:44,911 [ERROR] LogOutputStream:75 - [STDERR_REDIRECT] [Fatal Error] :1:1: Premature end of file.
2025-07-19 02:37:44,912 [ERROR] LogOutputStream:75 - [STDERR_REDIRECT] 
2025-07-19 02:37:45,918 [ERROR] LogOutputStream:75 - [STDERR_REDIRECT] [Fatal Error] :1:1: Premature end of file.
2025-07-19 02:37:45,919 [ERROR] LogOutputStream:75 - [STDERR_REDIRECT] 
2025-07-19 02:37:46,918 [ERROR] LogOutputStream:75 - [STDERR_REDIRECT] [Fatal Error] :1:1: Premature end of file.
2025-07-19 02:37:46,918 [ERROR] LogOutputStream:75 - [STDERR_REDIRECT] 
2025-07-19 02:37:47,921 [ERROR] LogOutputStream:75 - [STDERR_REDIRECT] [Fatal Error] :1:1: Premature end of file.
2025-07-19 02:37:47,921 [ERROR] LogOutputStream:75 - [STDERR_REDIRECT] 
2025-07-19 02:37:49,020 [ERROR] LogOutputStream:75 - [STDERR_REDIRECT] [Fatal Error] :1:1: Premature end of file.
2025-07-19 02:37:49,020 [ERROR] LogOutputStream:75 - [STDERR_REDIRECT] 
2025-07-19 02:37:49,974 [ERROR] LogOutputStream:75 - [STDERR_REDIRECT] [Fatal Error] :1:1: Premature end of file.
2025-07-19 02:37:49,975 [ERROR] LogOutputStream:75 - [STDERR_REDIRECT] 
2025-07-19 02:37:50,927 [ERROR] LogOutputStream:75 - [STDERR_REDIRECT] [Fatal Error] :1:1: Premature end of file.
2025-07-19 02:37:50,927 [ERROR] LogOutputStream:75 - [STDERR_REDIRECT] 
2025-07-19 02:37:51,912 [ERROR] LogOutputStream:75 - [STDERR_REDIRECT] [Fatal Error] :1:1: Premature end of file.
2025-07-19 02:37:51,912 [ERROR] LogOutputStream:75 - [STDERR_REDIRECT] 
2025-07-19 02:37:52,922 [ERROR] LogOutputStream:75 - [STDERR_REDIRECT] [Fatal Error] :1:1: Premature end of file.
2025-07-19 02:37:52,922 [ERROR] LogOutputStream:75 - [STDERR_REDIRECT] 
2025-07-19 02:37:53,911 [ERROR] LogOutputStream:75 - [STDERR_REDIRECT] [Fatal Error] :1:1: Premature end of file.
2025-07-19 02:37:53,912 [ERROR] LogOutputStream:75 - [STDERR_REDIRECT] 
2025-07-19 02:37:54,910 [ERROR] LogOutputStream:75 - [STDERR_REDIRECT] [Fatal Error] :1:1: Premature end of file.
2025-07-19 02:37:54,911 [ERROR] LogOutputStream:75 - [STDERR_REDIRECT] 
2025-07-19 02:37:55,920 [ERROR] LogOutputStream:75 - [STDERR_REDIRECT] [Fatal Error] :1:1: Premature end of file.
2025-07-19 02:37:55,920 [ERROR] LogOutputStream:75 - [STDERR_REDIRECT] 
2025-07-19 02:37:56,918 [ERROR] LogOutputStream:75 - [STDERR_REDIRECT] [Fatal Error] :1:1: Premature end of file.
2025-07-19 02:37:56,918 [ERROR] LogOutputStream:75 - [STDERR_REDIRECT] 
2025-07-19 02:37:57,911 [ERROR] LogOutputStream:75 - [STDERR_REDIRECT] [Fatal Error] :1:1: Premature end of file.
2025-07-19 02:37:57,911 [ERROR] LogOutputStream:75 - [STDERR_REDIRECT] 
2025-07-19 02:37:58,924 [ERROR] LogOutputStream:75 - [STDERR_REDIRECT] [Fatal Error] :1:1: Premature end of file.
2025-07-19 02:37:58,924 [ERROR] LogOutputStream:75 - [STDERR_REDIRECT] 
2025-07-19 02:37:59,920 [ERROR] LogOutputStream:75 - [STDERR_REDIRECT] [Fatal Error] :1:1: Premature end of file.
2025-07-19 02:37:59,920 [ERROR] LogOutputStream:75 - [STDERR_REDIRECT] 
2025-07-19 02:38:00,913 [ERROR] LogOutputStream:75 - [STDERR_REDIRECT] [Fatal Error] :1:1: Premature end of file.
2025-07-19 02:38:00,913 [ERROR] LogOutputStream:75 - [STDERR_REDIRECT] 
2025-07-19 02:38:01,920 [ERROR] LogOutputStream:75 - [STDERR_REDIRECT] [Fatal Error] :1:1: Premature end of file.
2025-07-19 02:38:01,922 [ERROR] LogOutputStream:75 - [STDERR_REDIRECT] 
2025-07-19 02:38:02,919 [ERROR] LogOutputStream:75 - [STDERR_REDIRECT] [Fatal Error] :1:1: Premature end of file.
2025-07-19 02:38:02,919 [ERROR] LogOutputStream:75 - [STDERR_REDIRECT] 
2025-07-19 02:38:03,941 [ERROR] LogOutputStream:75 - [STDERR_REDIRECT] [Fatal Error] :1:1: Premature end of file.
2025-07-19 02:38:03,942 [ERROR] LogOutputStream:75 - [STDERR_REDIRECT] 
2025-07-19 02:38:04,908 [ERROR] LogOutputStream:75 - [STDERR_REDIRECT] [Fatal Error] :1:1: Premature end of file.
2025-07-19 02:38:04,908 [ERROR] LogOutputStream:75 - [STDERR_REDIRECT] 
2025-07-19 02:38:05,984 [ERROR] LogOutputStream:75 - [STDERR_REDIRECT] [Fatal Error] :1:1: Premature end of file.
2025-07-19 02:38:05,984 [ERROR] LogOutputStream:75 - [STDERR_REDIRECT] 
2025-07-19 02:38:07,029 [ERROR] LogOutputStream:75 - [STDERR_REDIRECT] [Fatal Error] :1:1: Premature end of file.
2025-07-19 02:38:07,030 [ERROR] LogOutputStream:75 - [STDERR_REDIRECT] 
2025-07-19 02:38:07,921 [ERROR] LogOutputStream:75 - [STDERR_REDIRECT] [Fatal Error] :1:1: Premature end of file.
2025-07-19 02:38:07,922 [ERROR] LogOutputStream:75 - [STDERR_REDIRECT] 
2025-07-19 02:38:08,916 [ERROR] LogOutputStream:75 - [STDERR_REDIRECT] [Fatal Error] :1:1: Premature end of file.
2025-07-19 02:38:08,916 [ERROR] LogOutputStream:75 - [STDERR_REDIRECT] 
2025-07-19 02:38:09,918 [ERROR] LogOutputStream:75 - [STDERR_REDIRECT] [Fatal Error] :1:1: Premature end of file.
2025-07-19 02:38:09,919 [ERROR] LogOutputStream:75 - [STDERR_REDIRECT] 
2025-07-19 02:38:10,924 [ERROR] LogOutputStream:75 - [STDERR_REDIRECT] [Fatal Error] :1:1: Premature end of file.
2025-07-19 02:38:10,924 [ERROR] LogOutputStream:75 - [STDERR_REDIRECT] 
2025-07-19 02:38:11,915 [ERROR] LogOutputStream:75 - [STDERR_REDIRECT] [Fatal Error] :1:1: Premature end of file.
2025-07-19 02:38:11,915 [ERROR] LogOutputStream:75 - [STDERR_REDIRECT] 
2025-07-19 02:38:12,912 [ERROR] LogOutputStream:75 - [STDERR_REDIRECT] [Fatal Error] :1:1: Premature end of file.
2025-07-19 02:38:12,914 [ERROR] LogOutputStream:75 - [STDERR_REDIRECT] 
2025-07-19 02:38:13,919 [ERROR] LogOutputStream:75 - [STDERR_REDIRECT] [Fatal Error] :1:1: Premature end of file.
2025-07-19 02:38:13,920 [ERROR] LogOutputStream:75 - [STDERR_REDIRECT] 
2025-07-19 02:38:14,932 [ERROR] LogOutputStream:75 - [STDERR_REDIRECT] [Fatal Error] :1:1: Premature end of file.
2025-07-19 02:38:14,933 [ERROR] LogOutputStream:75 - [STDERR_REDIRECT] 
2025-07-19 02:38:16,027 [ERROR] LogOutputStream:75 - [STDERR_REDIRECT] [Fatal Error] :1:1: Premature end of file.
2025-07-19 02:38:16,027 [ERROR] LogOutputStream:75 - [STDERR_REDIRECT] 
2025-07-19 02:38:16,916 [ERROR] LogOutputStream:75 - [STDERR_REDIRECT] [Fatal Error] :1:1: Premature end of file.
2025-07-19 02:38:16,917 [ERROR] LogOutputStream:75 - [STDERR_REDIRECT] 
2025-07-19 02:38:17,915 [ERROR] LogOutputStream:75 - [STDERR_REDIRECT] [Fatal Error] :1:1: Premature end of file.
2025-07-19 02:38:17,915 [ERROR] LogOutputStream:75 - [STDERR_REDIRECT] 
2025-07-19 02:38:18,905 [ERROR] LogOutputStream:75 - [STDERR_REDIRECT] [Fatal Error] :1:1: Premature end of file.
2025-07-19 02:38:18,905 [ERROR] LogOutputStream:75 - [STDERR_REDIRECT] 
2025-07-19 02:38:19,909 [ERROR] LogOutputStream:75 - [STDERR_REDIRECT] [Fatal Error] :1:1: Premature end of file.
2025-07-19 02:38:19,909 [ERROR] LogOutputStream:75 - [STDERR_REDIRECT] 
2025-07-19 02:38:20,910 [ERROR] LogOutputStream:75 - [STDERR_REDIRECT] [Fatal Error] :1:1: Premature end of file.
2025-07-19 02:38:20,911 [ERROR] LogOutputStream:75 - [STDERR_REDIRECT] 
2025-07-19 02:38:21,921 [ERROR] LogOutputStream:75 - [STDERR_REDIRECT] [Fatal Error] :1:1: Premature end of file.
2025-07-19 02:38:21,921 [ERROR] LogOutputStream:75 - [STDERR_REDIRECT] 
2025-07-19 02:38:23,008 [ERROR] LogOutputStream:75 - [STDERR_REDIRECT] [Fatal Error] :1:1: Premature end of file.
2025-07-19 02:38:23,009 [ERROR] LogOutputStream:75 - [STDERR_REDIRECT] 
2025-07-19 02:38:23,937 [ERROR] LogOutputStream:75 - [STDERR_REDIRECT] [Fatal Error] :1:1: Premature end of file.
2025-07-19 02:38:23,937 [ERROR] LogOutputStream:75 - [STDERR_REDIRECT] 
2025-07-19 02:38:24,915 [ERROR] LogOutputStream:75 - [STDERR_REDIRECT] [Fatal Error] :1:1: Premature end of file.
2025-07-19 02:38:24,915 [ERROR] LogOutputStream:75 - [STDERR_REDIRECT] 
2025-07-19 02:38:25,958 [ERROR] LogOutputStream:75 - [STDERR_REDIRECT] [Fatal Error] :1:1: Premature end of file.
2025-07-19 02:38:25,958 [ERROR] LogOutputStream:75 - [STDERR_REDIRECT] 
2025-07-19 02:38:26,952 [ERROR] LogOutputStream:75 - [STDERR_REDIRECT] [Fatal Error] :1:1: Premature end of file.
2025-07-19 02:38:26,952 [ERROR] LogOutputStream:75 - [STDERR_REDIRECT] 
2025-07-19 02:38:27,916 [ERROR] LogOutputStream:75 - [STDERR_REDIRECT] [Fatal Error] :1:1: Premature end of file.
2025-07-19 02:38:27,916 [ERROR] LogOutputStream:75 - [STDERR_REDIRECT] 
2025-07-19 02:38:28,916 [ERROR] LogOutputStream:75 - [STDERR_REDIRECT] [Fatal Error] :1:1: Premature end of file.
2025-07-19 02:38:28,916 [ERROR] LogOutputStream:75 - [STDERR_REDIRECT] 
2025-07-19 02:38:29,916 [ERROR] LogOutputStream:75 - [STDERR_REDIRECT] [Fatal Error] :1:1: Premature end of file.
2025-07-19 02:38:29,916 [ERROR] LogOutputStream:75 - [STDERR_REDIRECT] 
2025-07-19 02:38:30,916 [ERROR] LogOutputStream:75 - [STDERR_REDIRECT] [Fatal Error] :1:1: Premature end of file.
2025-07-19 02:38:30,919 [ERROR] LogOutputStream:75 - [STDERR_REDIRECT] 
2025-07-19 02:38:31,912 [ERROR] LogOutputStream:75 - [STDERR_REDIRECT] [Fatal Error] :1:1: Premature end of file.
2025-07-19 02:38:31,912 [ERROR] LogOutputStream:75 - [STDERR_REDIRECT] 
2025-07-19 02:38:32,914 [ERROR] LogOutputStream:75 - [STDERR_REDIRECT] [Fatal Error] :1:1: Premature end of file.
2025-07-19 02:38:32,914 [ERROR] LogOutputStream:75 - [STDERR_REDIRECT] 
2025-07-19 02:38:33,944 [ERROR] LogOutputStream:75 - [STDERR_REDIRECT] [Fatal Error] :1:1: Premature end of file.
2025-07-19 02:38:33,944 [ERROR] LogOutputStream:75 - [STDERR_REDIRECT] 
2025-07-19 02:38:34,955 [ERROR] LogOutputStream:75 - [STDERR_REDIRECT] [Fatal Error] :1:1: Premature end of file.
2025-07-19 02:38:34,955 [ERROR] LogOutputStream:75 - [STDERR_REDIRECT] 
2025-07-19 02:38:35,920 [ERROR] LogOutputStream:75 - [STDERR_REDIRECT] [Fatal Error] :1:1: Premature end of file.
2025-07-19 02:38:35,920 [ERROR] LogOutputStream:75 - [STDERR_REDIRECT] 
2025-07-19 02:38:36,919 [ERROR] LogOutputStream:75 - [STDERR_REDIRECT] [Fatal Error] :1:1: Premature end of file.
2025-07-19 02:38:36,919 [ERROR] LogOutputStream:75 - [STDERR_REDIRECT] 
2025-07-19 02:38:37,918 [ERROR] LogOutputStream:75 - [STDERR_REDIRECT] [Fatal Error] :1:1: Premature end of file.
2025-07-19 02:38:37,918 [ERROR] LogOutputStream:75 - [STDERR_REDIRECT] 
2025-07-19 02:38:38,914 [ERROR] LogOutputStream:75 - [STDERR_REDIRECT] [Fatal Error] :1:1: Premature end of file.
2025-07-19 02:38:38,914 [ERROR] LogOutputStream:75 - [STDERR_REDIRECT] 
2025-07-19 02:38:39,914 [ERROR] LogOutputStream:75 - [STDERR_REDIRECT] [Fatal Error] :1:1: Premature end of file.
2025-07-19 02:38:39,914 [ERROR] LogOutputStream:75 - [STDERR_REDIRECT] 
2025-07-19 02:38:40,908 [ERROR] LogOutputStream:75 - [STDERR_REDIRECT] [Fatal Error] :1:1: Premature end of file.
2025-07-19 02:38:40,908 [ERROR] LogOutputStream:75 - [STDERR_REDIRECT] 
2025-07-19 02:38:41,910 [ERROR] LogOutputStream:75 - [STDERR_REDIRECT] [Fatal Error] :1:1: Premature end of file.
2025-07-19 02:38:41,910 [ERROR] LogOutputStream:75 - [STDERR_REDIRECT] 
2025-07-19 02:38:42,909 [ERROR] LogOutputStream:75 - [STDERR_REDIRECT] [Fatal Error] :1:1: Premature end of file.
2025-07-19 02:38:42,909 [ERROR] LogOutputStream:75 - [STDERR_REDIRECT] 
2025-07-19 02:38:43,962 [ERROR] LogOutputStream:75 - [STDERR_REDIRECT] [Fatal Error] :1:1: Premature end of file.
2025-07-19 02:38:43,962 [ERROR] LogOutputStream:75 - [STDERR_REDIRECT] 
2025-07-19 02:38:44,902 [ERROR] LogOutputStream:75 - [STDERR_REDIRECT] [Fatal Error] :1:1: Premature end of file.
2025-07-19 02:38:44,902 [ERROR] LogOutputStream:75 - [STDERR_REDIRECT] 
2025-07-19 02:38:45,935 [ERROR] LogOutputStream:75 - [STDERR_REDIRECT] [Fatal Error] :1:1: Premature end of file.
2025-07-19 02:38:45,935 [ERROR] LogOutputStream:75 - [STDERR_REDIRECT] 
2025-07-19 02:38:46,954 [ERROR] LogOutputStream:75 - [STDERR_REDIRECT] [Fatal Error] :1:1: Premature end of file.
2025-07-19 02:38:46,954 [ERROR] LogOutputStream:75 - [STDERR_REDIRECT] 
2025-07-19 02:38:47,931 [ERROR] LogOutputStream:75 - [STDERR_REDIRECT] [Fatal Error] :1:1: Premature end of file.
2025-07-19 02:38:47,931 [ERROR] LogOutputStream:75 - [STDERR_REDIRECT] 
2025-07-19 02:38:48,934 [ERROR] LogOutputStream:75 - [STDERR_REDIRECT] [Fatal Error] :1:1: Premature end of file.
2025-07-19 02:38:48,934 [ERROR] LogOutputStream:75 - [STDERR_REDIRECT] 
2025-07-19 02:38:49,911 [ERROR] LogOutputStream:75 - [STDERR_REDIRECT] [Fatal Error] :1:1: Premature end of file.
2025-07-19 02:38:49,911 [ERROR] LogOutputStream:75 - [STDERR_REDIRECT] 
2025-07-19 02:38:50,917 [ERROR] LogOutputStream:75 - [STDERR_REDIRECT] [Fatal Error] :1:1: Premature end of file.
2025-07-19 02:38:50,917 [ERROR] LogOutputStream:75 - [STDERR_REDIRECT] 
2025-07-19 02:38:51,908 [ERROR] LogOutputStream:75 - [STDERR_REDIRECT] [Fatal Error] :1:1: Premature end of file.
2025-07-19 02:38:51,913 [ERROR] LogOutputStream:75 - [STDERR_REDIRECT] 
2025-07-19 02:38:52,932 [ERROR] LogOutputStream:75 - [STDERR_REDIRECT] [Fatal Error] :1:1: Premature end of file.
2025-07-19 02:38:52,932 [ERROR] LogOutputStream:75 - [STDERR_REDIRECT] 
2025-07-19 02:38:53,975 [ERROR] LogOutputStream:75 - [STDERR_REDIRECT] [Fatal Error] :1:1: Premature end of file.
2025-07-19 02:38:53,975 [ERROR] LogOutputStream:75 - [STDERR_REDIRECT] 
2025-07-19 02:38:54,913 [ERROR] LogOutputStream:75 - [STDERR_REDIRECT] [Fatal Error] :1:1: Premature end of file.
2025-07-19 02:38:54,913 [ERROR] LogOutputStream:75 - [STDERR_REDIRECT] 
2025-07-19 02:38:55,903 [ERROR] LogOutputStream:75 - [STDERR_REDIRECT] [Fatal Error] :1:1: Premature end of file.
2025-07-19 02:38:55,903 [ERROR] LogOutputStream:75 - [STDERR_REDIRECT] 
2025-07-19 02:38:56,949 [ERROR] LogOutputStream:75 - [STDERR_REDIRECT] [Fatal Error] :1:1: Premature end of file.
2025-07-19 02:38:56,951 [ERROR] LogOutputStream:75 - [STDERR_REDIRECT] 
2025-07-19 02:38:57,955 [ERROR] LogOutputStream:75 - [STDERR_REDIRECT] [Fatal Error] :1:1: Premature end of file.
2025-07-19 02:38:57,955 [ERROR] LogOutputStream:75 - [STDERR_REDIRECT] 
2025-07-19 02:38:58,979 [ERROR] LogOutputStream:75 - [STDERR_REDIRECT] [Fatal Error] :1:1: Premature end of file.
2025-07-19 02:38:58,979 [ERROR] LogOutputStream:75 - [STDERR_REDIRECT] 
2025-07-19 02:38:59,988 [ERROR] LogOutputStream:75 - [STDERR_REDIRECT] [Fatal Error] :1:1: Premature end of file.
2025-07-19 02:38:59,991 [ERROR] LogOutputStream:75 - [STDERR_REDIRECT] 
2025-07-19 02:39:00,919 [ERROR] LogOutputStream:75 - [STDERR_REDIRECT] [Fatal Error] :1:1: Premature end of file.
2025-07-19 02:39:00,919 [ERROR] LogOutputStream:75 - [STDERR_REDIRECT] 
2025-07-19 02:39:01,940 [ERROR] LogOutputStream:75 - [STDERR_REDIRECT] [Fatal Error] :1:1: Premature end of file.
2025-07-19 02:39:01,941 [ERROR] LogOutputStream:75 - [STDERR_REDIRECT] 
2025-07-19 02:39:02,995 [ERROR] LogOutputStream:75 - [STDERR_REDIRECT] [Fatal Error] :1:1: Premature end of file.
2025-07-19 02:39:03,001 [ERROR] LogOutputStream:75 - [STDERR_REDIRECT] 
2025-07-19 02:39:03,980 [ERROR] LogOutputStream:75 - [STDERR_REDIRECT] [Fatal Error] :1:1: Premature end of file.
2025-07-19 02:39:03,981 [ERROR] LogOutputStream:75 - [STDERR_REDIRECT] 
2025-07-19 02:39:04,954 [ERROR] LogOutputStream:75 - [STDERR_REDIRECT] [Fatal Error] :1:1: Premature end of file.
2025-07-19 02:39:04,954 [ERROR] LogOutputStream:75 - [STDERR_REDIRECT] 
2025-07-19 02:39:05,954 [ERROR] LogOutputStream:75 - [STDERR_REDIRECT] [Fatal Error] :1:1: Premature end of file.
2025-07-19 02:39:05,954 [ERROR] LogOutputStream:75 - [STDERR_REDIRECT] 
2025-07-19 02:39:06,959 [ERROR] LogOutputStream:75 - [STDERR_REDIRECT] [Fatal Error] :1:1: Premature end of file.
2025-07-19 02:39:06,961 [ERROR] LogOutputStream:75 - [STDERR_REDIRECT] 
2025-07-19 02:39:07,946 [ERROR] LogOutputStream:75 - [STDERR_REDIRECT] [Fatal Error] :1:1: Premature end of file.
2025-07-19 02:39:07,946 [ERROR] LogOutputStream:75 - [STDERR_REDIRECT] 
2025-07-19 02:39:08,954 [ERROR] LogOutputStream:75 - [STDERR_REDIRECT] [Fatal Error] :1:1: Premature end of file.
2025-07-19 02:39:08,955 [ERROR] LogOutputStream:75 - [STDERR_REDIRECT] 
2025-07-19 02:39:09,905 [ERROR] LogOutputStream:75 - [STDERR_REDIRECT] [Fatal Error] :1:1: Premature end of file.
2025-07-19 02:39:09,905 [ERROR] LogOutputStream:75 - [STDERR_REDIRECT] 
2025-07-19 02:39:10,908 [ERROR] LogOutputStream:75 - [STDERR_REDIRECT] [Fatal Error] :1:1: Premature end of file.
2025-07-19 02:39:10,908 [ERROR] LogOutputStream:75 - [STDERR_REDIRECT] 
2025-07-19 02:39:11,918 [ERROR] LogOutputStream:75 - [STDERR_REDIRECT] [Fatal Error] :1:1: Premature end of file.
2025-07-19 02:39:11,918 [ERROR] LogOutputStream:75 - [STDERR_REDIRECT] 
2025-07-19 02:39:12,922 [ERROR] LogOutputStream:75 - [STDERR_REDIRECT] [Fatal Error] :1:1: Premature end of file.
2025-07-19 02:39:12,922 [ERROR] LogOutputStream:75 - [STDERR_REDIRECT] 
2025-07-19 02:39:13,912 [ERROR] LogOutputStream:75 - [STDERR_REDIRECT] [Fatal Error] :1:1: Premature end of file.
2025-07-19 02:39:13,912 [ERROR] LogOutputStream:75 - [STDERR_REDIRECT] 
2025-07-19 02:39:14,915 [ERROR] LogOutputStream:75 - [STDERR_REDIRECT] [Fatal Error] :1:1: Premature end of file.
2025-07-19 02:39:14,915 [ERROR] LogOutputStream:75 - [STDERR_REDIRECT] 
2025-07-19 02:39:15,909 [ERROR] LogOutputStream:75 - [STDERR_REDIRECT] [Fatal Error] :1:1: Premature end of file.
2025-07-19 02:39:15,909 [ERROR] LogOutputStream:75 - [STDERR_REDIRECT] 
2025-07-19 02:39:16,909 [ERROR] LogOutputStream:75 - [STDERR_REDIRECT] [Fatal Error] :1:1: Premature end of file.
2025-07-19 02:39:16,909 [ERROR] LogOutputStream:75 - [STDERR_REDIRECT] 
2025-07-19 02:39:17,908 [ERROR] LogOutputStream:75 - [STDERR_REDIRECT] [Fatal Error] :1:1: Premature end of file.
2025-07-19 02:39:17,908 [ERROR] LogOutputStream:75 - [STDERR_REDIRECT] 
2025-07-19 02:39:18,916 [ERROR] LogOutputStream:75 - [STDERR_REDIRECT] [Fatal Error] :1:1: Premature end of file.
2025-07-19 02:39:18,916 [ERROR] LogOutputStream:75 - [STDERR_REDIRECT] 
2025-07-19 02:39:19,910 [ERROR] LogOutputStream:75 - [STDERR_REDIRECT] [Fatal Error] :1:1: Premature end of file.
2025-07-19 02:39:19,910 [ERROR] LogOutputStream:75 - [STDERR_REDIRECT] 
2025-07-19 02:39:20,910 [ERROR] LogOutputStream:75 - [STDERR_REDIRECT] [Fatal Error] :1:1: Premature end of file.
2025-07-19 02:39:20,910 [ERROR] LogOutputStream:75 - [STDERR_REDIRECT] 
2025-07-19 02:39:21,913 [ERROR] LogOutputStream:75 - [STDERR_REDIRECT] [Fatal Error] :1:1: Premature end of file.
2025-07-19 02:39:21,913 [ERROR] LogOutputStream:75 - [STDERR_REDIRECT] 
2025-07-19 02:39:22,915 [ERROR] LogOutputStream:75 - [STDERR_REDIRECT] [Fatal Error] :1:1: Premature end of file.
2025-07-19 02:39:22,915 [ERROR] LogOutputStream:75 - [STDERR_REDIRECT] 
2025-07-19 02:39:23,916 [ERROR] LogOutputStream:75 - [STDERR_REDIRECT] [Fatal Error] :1:1: Premature end of file.
2025-07-19 02:39:23,916 [ERROR] LogOutputStream:75 - [STDERR_REDIRECT] 
2025-07-19 02:39:24,916 [ERROR] LogOutputStream:75 - [STDERR_REDIRECT] [Fatal Error] :1:1: Premature end of file.
2025-07-19 02:39:24,916 [ERROR] LogOutputStream:75 - [STDERR_REDIRECT] 
2025-07-19 02:39:25,923 [ERROR] LogOutputStream:75 - [STDERR_REDIRECT] [Fatal Error] :1:1: Premature end of file.
2025-07-19 02:39:25,925 [ERROR] LogOutputStream:75 - [STDERR_REDIRECT] 
2025-07-19 02:39:26,913 [ERROR] LogOutputStream:75 - [STDERR_REDIRECT] [Fatal Error] :1:1: Premature end of file.
2025-07-19 02:39:26,913 [ERROR] LogOutputStream:75 - [STDERR_REDIRECT] 
2025-07-19 02:39:27,915 [ERROR] LogOutputStream:75 - [STDERR_REDIRECT] [Fatal Error] :1:1: Premature end of file.
2025-07-19 02:39:27,915 [ERROR] LogOutputStream:75 - [STDERR_REDIRECT] 
2025-07-19 02:39:28,914 [ERROR] LogOutputStream:75 - [STDERR_REDIRECT] [Fatal Error] :1:1: Premature end of file.
2025-07-19 02:39:28,914 [ERROR] LogOutputStream:75 - [STDERR_REDIRECT] 
2025-07-19 02:39:29,956 [ERROR] LogOutputStream:75 - [STDERR_REDIRECT] [Fatal Error] :1:1: Premature end of file.
2025-07-19 02:39:29,956 [ERROR] LogOutputStream:75 - [STDERR_REDIRECT] 
2025-07-19 02:39:30,903 [ERROR] LogOutputStream:75 - [STDERR_REDIRECT] [Fatal Error] :1:1: Premature end of file.
2025-07-19 02:39:30,903 [ERROR] LogOutputStream:75 - [STDERR_REDIRECT] 
2025-07-19 02:39:31,907 [ERROR] LogOutputStream:75 - [STDERR_REDIRECT] [Fatal Error] :1:1: Premature end of file.
2025-07-19 02:39:31,907 [ERROR] LogOutputStream:75 - [STDERR_REDIRECT] 
2025-07-19 02:39:32,908 [ERROR] LogOutputStream:75 - [STDERR_REDIRECT] [Fatal Error] :1:1: Premature end of file.
2025-07-19 02:39:32,908 [ERROR] LogOutputStream:75 - [STDERR_REDIRECT] 
2025-07-19 02:39:33,903 [ERROR] LogOutputStream:75 - [STDERR_REDIRECT] [Fatal Error] :1:1: Premature end of file.
2025-07-19 02:39:33,903 [ERROR] LogOutputStream:75 - [STDERR_REDIRECT] 
2025-07-19 02:39:34,908 [ERROR] LogOutputStream:75 - [STDERR_REDIRECT] [Fatal Error] :1:1: Premature end of file.
2025-07-19 02:39:34,908 [ERROR] LogOutputStream:75 - [STDERR_REDIRECT] 
2025-07-19 02:39:35,940 [ERROR] LogOutputStream:75 - [STDERR_REDIRECT] [Fatal Error] :1:1: Premature end of file.
2025-07-19 02:39:35,940 [ERROR] LogOutputStream:75 - [STDERR_REDIRECT] 
2025-07-19 02:39:36,919 [ERROR] LogOutputStream:75 - [STDERR_REDIRECT] [Fatal Error] :1:1: Premature end of file.
2025-07-19 02:39:36,919 [ERROR] LogOutputStream:75 - [STDERR_REDIRECT] 
2025-07-19 02:39:37,912 [ERROR] LogOutputStream:75 - [STDERR_REDIRECT] [Fatal Error] :1:1: Premature end of file.
2025-07-19 02:39:37,912 [ERROR] LogOutputStream:75 - [STDERR_REDIRECT] 
2025-07-19 02:39:38,923 [ERROR] LogOutputStream:75 - [STDERR_REDIRECT] [Fatal Error] :1:1: Premature end of file.
2025-07-19 02:39:38,923 [ERROR] LogOutputStream:75 - [STDERR_REDIRECT] 
2025-07-19 02:39:39,913 [ERROR] LogOutputStream:75 - [STDERR_REDIRECT] [Fatal Error] :1:1: Premature end of file.
2025-07-19 02:39:39,913 [ERROR] LogOutputStream:75 - [STDERR_REDIRECT] 
2025-07-19 02:39:40,925 [ERROR] LogOutputStream:75 - [STDERR_REDIRECT] [Fatal Error] :1:1: Premature end of file.
2025-07-19 02:39:40,925 [ERROR] LogOutputStream:75 - [STDERR_REDIRECT] 
2025-07-19 02:39:41,917 [ERROR] LogOutputStream:75 - [STDERR_REDIRECT] [Fatal Error] :1:1: Premature end of file.
2025-07-19 02:39:41,917 [ERROR] LogOutputStream:75 - [STDERR_REDIRECT] 
2025-07-19 02:39:42,999 [ERROR] LogOutputStream:75 - [STDERR_REDIRECT] [Fatal Error] :1:1: Premature end of file.
2025-07-19 02:39:42,999 [ERROR] LogOutputStream:75 - [STDERR_REDIRECT] 
2025-07-19 02:39:43,909 [ERROR] LogOutputStream:75 - [STDERR_REDIRECT] [Fatal Error] :1:1: Premature end of file.
2025-07-19 02:39:43,909 [ERROR] LogOutputStream:75 - [STDERR_REDIRECT] 
2025-07-19 02:39:44,919 [ERROR] LogOutputStream:75 - [STDERR_REDIRECT] [Fatal Error] :1:1: Premature end of file.
2025-07-19 02:39:44,919 [ERROR] LogOutputStream:75 - [STDERR_REDIRECT] 
2025-07-19 02:39:45,907 [ERROR] LogOutputStream:75 - [STDERR_REDIRECT] [Fatal Error] :1:1: Premature end of file.
2025-07-19 02:39:45,907 [ERROR] LogOutputStream:75 - [STDERR_REDIRECT] 
2025-07-19 02:39:46,907 [ERROR] LogOutputStream:75 - [STDERR_REDIRECT] [Fatal Error] :1:1: Premature end of file.
2025-07-19 02:39:46,915 [ERROR] LogOutputStream:75 - [STDERR_REDIRECT] 
2025-07-19 02:39:47,909 [ERROR] LogOutputStream:75 - [STDERR_REDIRECT] [Fatal Error] :1:1: Premature end of file.
2025-07-19 02:39:47,909 [ERROR] LogOutputStream:75 - [STDERR_REDIRECT] 
2025-07-19 02:39:48,908 [ERROR] LogOutputStream:75 - [STDERR_REDIRECT] [Fatal Error] :1:1: Premature end of file.
2025-07-19 02:39:48,908 [ERROR] LogOutputStream:75 - [STDERR_REDIRECT] 
2025-07-19 02:39:49,920 [ERROR] LogOutputStream:75 - [STDERR_REDIRECT] [Fatal Error] :1:1: Premature end of file.
2025-07-19 02:39:49,923 [ERROR] LogOutputStream:75 - [STDERR_REDIRECT] 
2025-07-19 02:39:50,907 [ERROR] LogOutputStream:75 - [STDERR_REDIRECT] [Fatal Error] :1:1: Premature end of file.
2025-07-19 02:39:50,907 [ERROR] LogOutputStream:75 - [STDERR_REDIRECT] 
2025-07-19 02:39:51,912 [ERROR] LogOutputStream:75 - [STDERR_REDIRECT] [Fatal Error] :1:1: Premature end of file.
2025-07-19 02:39:51,912 [ERROR] LogOutputStream:75 - [STDERR_REDIRECT] 
2025-07-19 02:39:52,925 [ERROR] LogOutputStream:75 - [STDERR_REDIRECT] [Fatal Error] :1:1: Premature end of file.
2025-07-19 02:39:52,925 [ERROR] LogOutputStream:75 - [STDERR_REDIRECT] 
2025-07-19 02:39:53,908 [ERROR] LogOutputStream:75 - [STDERR_REDIRECT] [Fatal Error] :1:1: Premature end of file.
2025-07-19 02:39:53,908 [ERROR] LogOutputStream:75 - [STDERR_REDIRECT] 
2025-07-19 02:39:54,913 [ERROR] LogOutputStream:75 - [STDERR_REDIRECT] [Fatal Error] :1:1: Premature end of file.
2025-07-19 02:39:54,913 [ERROR] LogOutputStream:75 - [STDERR_REDIRECT] 
2025-07-19 02:39:55,908 [ERROR] LogOutputStream:75 - [STDERR_REDIRECT] [Fatal Error] :1:1: Premature end of file.
2025-07-19 02:39:55,908 [ERROR] LogOutputStream:75 - [STDERR_REDIRECT] 
2025-07-19 02:39:56,914 [ERROR] LogOutputStream:75 - [STDERR_REDIRECT] [Fatal Error] :1:1: Premature end of file.
2025-07-19 02:39:56,914 [ERROR] LogOutputStream:75 - [STDERR_REDIRECT] 
2025-07-19 02:39:57,940 [ERROR] LogOutputStream:75 - [STDERR_REDIRECT] [Fatal Error] :1:1: Premature end of file.
2025-07-19 02:39:57,940 [ERROR] LogOutputStream:75 - [STDERR_REDIRECT] 
2025-07-19 02:39:58,910 [ERROR] LogOutputStream:75 - [STDERR_REDIRECT] [Fatal Error] :1:1: Premature end of file.
2025-07-19 02:39:58,910 [ERROR] LogOutputStream:75 - [STDERR_REDIRECT] 
2025-07-19 02:39:59,923 [ERROR] LogOutputStream:75 - [STDERR_REDIRECT] [Fatal Error] :1:1: Premature end of file.
2025-07-19 02:39:59,923 [ERROR] LogOutputStream:75 - [STDERR_REDIRECT] 
2025-07-19 02:40:00,914 [ERROR] LogOutputStream:75 - [STDERR_REDIRECT] [Fatal Error] :1:1: Premature end of file.
2025-07-19 02:40:00,923 [ERROR] LogOutputStream:75 - [STDERR_REDIRECT] 
2025-07-19 02:40:01,924 [ERROR] LogOutputStream:75 - [STDERR_REDIRECT] [Fatal Error] :1:1: Premature end of file.
2025-07-19 02:40:01,924 [ERROR] LogOutputStream:75 - [STDERR_REDIRECT] 
2025-07-19 02:40:02,930 [ERROR] LogOutputStream:75 - [STDERR_REDIRECT] [Fatal Error] :1:1: Premature end of file.
2025-07-19 02:40:02,930 [ERROR] LogOutputStream:75 - [STDERR_REDIRECT] 
2025-07-19 02:40:03,962 [ERROR] LogOutputStream:75 - [STDERR_REDIRECT] [Fatal Error] :1:1: Premature end of file.
2025-07-19 02:40:03,962 [ERROR] LogOutputStream:75 - [STDERR_REDIRECT] 
2025-07-19 02:40:04,915 [ERROR] LogOutputStream:75 - [STDERR_REDIRECT] [Fatal Error] :1:1: Premature end of file.
2025-07-19 02:40:04,915 [ERROR] LogOutputStream:75 - [STDERR_REDIRECT] 
2025-07-19 02:40:05,917 [ERROR] LogOutputStream:75 - [STDERR_REDIRECT] [Fatal Error] :1:1: Premature end of file.
2025-07-19 02:40:05,917 [ERROR] LogOutputStream:75 - [STDERR_REDIRECT] 
2025-07-19 02:40:06,910 [ERROR] LogOutputStream:75 - [STDERR_REDIRECT] [Fatal Error] :1:1: Premature end of file.
2025-07-19 02:40:06,910 [ERROR] LogOutputStream:75 - [STDERR_REDIRECT] 
2025-07-19 02:40:07,927 [ERROR] LogOutputStream:75 - [STDERR_REDIRECT] [Fatal Error] :1:1: Premature end of file.
2025-07-19 02:40:07,927 [ERROR] LogOutputStream:75 - [STDERR_REDIRECT] 
2025-07-19 02:40:08,935 [ERROR] LogOutputStream:75 - [STDERR_REDIRECT] [Fatal Error] :1:1: Premature end of file.
2025-07-19 02:40:08,935 [ERROR] LogOutputStream:75 - [STDERR_REDIRECT] 
2025-07-19 02:40:09,906 [ERROR] LogOutputStream:75 - [STDERR_REDIRECT] [Fatal Error] :1:1: Premature end of file.
2025-07-19 02:40:09,906 [ERROR] LogOutputStream:75 - [STDERR_REDIRECT] 
2025-07-19 02:40:10,911 [ERROR] LogOutputStream:75 - [STDERR_REDIRECT] [Fatal Error] :1:1: Premature end of file.
2025-07-19 02:40:10,911 [ERROR] LogOutputStream:75 - [STDERR_REDIRECT] 
2025-07-19 02:40:11,987 [ERROR] LogOutputStream:75 - [STDERR_REDIRECT] [Fatal Error] :1:1: Premature end of file.
2025-07-19 02:40:11,987 [ERROR] LogOutputStream:75 - [STDERR_REDIRECT] 
2025-07-19 02:40:13,031 [ERROR] LogOutputStream:75 - [STDERR_REDIRECT] [Fatal Error] :1:1: Premature end of file.
2025-07-19 02:40:13,033 [ERROR] LogOutputStream:75 - [STDERR_REDIRECT] 
2025-07-19 02:40:13,956 [ERROR] LogOutputStream:75 - [STDERR_REDIRECT] [Fatal Error] :1:1: Premature end of file.
2025-07-19 02:40:13,956 [ERROR] LogOutputStream:75 - [STDERR_REDIRECT] 
2025-07-19 02:40:14,995 [ERROR] LogOutputStream:75 - [STDERR_REDIRECT] [Fatal Error] :1:1: Premature end of file.
2025-07-19 02:40:14,995 [ERROR] LogOutputStream:75 - [STDERR_REDIRECT] 
2025-07-19 02:40:15,962 [ERROR] LogOutputStream:75 - [STDERR_REDIRECT] [Fatal Error] :1:1: Premature end of file.
2025-07-19 02:40:15,962 [ERROR] LogOutputStream:75 - [STDERR_REDIRECT] 
2025-07-19 02:40:16,915 [ERROR] LogOutputStream:75 - [STDERR_REDIRECT] [Fatal Error] :1:1: Premature end of file.
2025-07-19 02:40:16,915 [ERROR] LogOutputStream:75 - [STDERR_REDIRECT] 
2025-07-19 02:40:17,946 [ERROR] LogOutputStream:75 - [STDERR_REDIRECT] [Fatal Error] :1:1: Premature end of file.
2025-07-19 02:40:17,946 [ERROR] LogOutputStream:75 - [STDERR_REDIRECT] 
2025-07-19 02:40:18,911 [ERROR] LogOutputStream:75 - [STDERR_REDIRECT] [Fatal Error] :1:1: Premature end of file.
2025-07-19 02:40:18,911 [ERROR] LogOutputStream:75 - [STDERR_REDIRECT] 
2025-07-19 02:40:19,912 [ERROR] LogOutputStream:75 - [STDERR_REDIRECT] [Fatal Error] :1:1: Premature end of file.
2025-07-19 02:40:19,917 [ERROR] LogOutputStream:75 - [STDERR_REDIRECT] 
2025-07-19 02:40:21,016 [ERROR] LogOutputStream:75 - [STDERR_REDIRECT] [Fatal Error] :1:1: Premature end of file.
2025-07-19 02:40:21,016 [ERROR] LogOutputStream:75 - [STDERR_REDIRECT] 
2025-07-19 02:40:21,991 [ERROR] LogOutputStream:75 - [STDERR_REDIRECT] [Fatal Error] :1:1: Premature end of file.
2025-07-19 02:40:21,991 [ERROR] LogOutputStream:75 - [STDERR_REDIRECT] 
2025-07-19 02:40:22,913 [ERROR] LogOutputStream:75 - [STDERR_REDIRECT] [Fatal Error] :1:1: Premature end of file.
2025-07-19 02:40:22,913 [ERROR] LogOutputStream:75 - [STDERR_REDIRECT] 
2025-07-19 02:40:23,913 [ERROR] LogOutputStream:75 - [STDERR_REDIRECT] [Fatal Error] :1:1: Premature end of file.
2025-07-19 02:40:23,913 [ERROR] LogOutputStream:75 - [STDERR_REDIRECT] 
2025-07-19 02:40:24,919 [ERROR] LogOutputStream:75 - [STDERR_REDIRECT] [Fatal Error] :1:1: Premature end of file.
2025-07-19 02:40:24,919 [ERROR] LogOutputStream:75 - [STDERR_REDIRECT] 
2025-07-19 02:40:25,930 [ERROR] LogOutputStream:75 - [STDERR_REDIRECT] [Fatal Error] :1:1: Premature end of file.
2025-07-19 02:40:25,930 [ERROR] LogOutputStream:75 - [STDERR_REDIRECT] 
2025-07-19 02:40:26,901 [ERROR] LogOutputStream:75 - [STDERR_REDIRECT] [Fatal Error] :1:1: Premature end of file.
2025-07-19 02:40:26,901 [ERROR] LogOutputStream:75 - [STDERR_REDIRECT] 
2025-07-19 02:40:27,946 [ERROR] LogOutputStream:75 - [STDERR_REDIRECT] [Fatal Error] :1:1: Premature end of file.
2025-07-19 02:40:27,946 [ERROR] LogOutputStream:75 - [STDERR_REDIRECT] 
2025-07-19 02:40:28,907 [ERROR] LogOutputStream:75 - [STDERR_REDIRECT] [Fatal Error] :1:1: Premature end of file.
2025-07-19 02:40:28,907 [ERROR] LogOutputStream:75 - [STDERR_REDIRECT] 
2025-07-19 02:40:29,938 [ERROR] LogOutputStream:75 - [STDERR_REDIRECT] [Fatal Error] :1:1: Premature end of file.
2025-07-19 02:40:29,938 [ERROR] LogOutputStream:75 - [STDERR_REDIRECT] 
2025-07-19 02:40:30,911 [ERROR] LogOutputStream:75 - [STDERR_REDIRECT] [Fatal Error] :1:1: Premature end of file.
2025-07-19 02:40:30,911 [ERROR] LogOutputStream:75 - [STDERR_REDIRECT] 
2025-07-19 02:40:31,910 [ERROR] LogOutputStream:75 - [STDERR_REDIRECT] [Fatal Error] :1:1: Premature end of file.
2025-07-19 02:40:31,910 [ERROR] LogOutputStream:75 - [STDERR_REDIRECT] 
2025-07-19 02:40:32,912 [ERROR] LogOutputStream:75 - [STDERR_REDIRECT] [Fatal Error] :1:1: Premature end of file.
2025-07-19 02:40:32,928 [ERROR] LogOutputStream:75 - [STDERR_REDIRECT] 
2025-07-19 02:40:33,965 [ERROR] LogOutputStream:75 - [STDERR_REDIRECT] [Fatal Error] :1:1: Premature end of file.
2025-07-19 02:40:33,968 [ERROR] LogOutputStream:75 - [STDERR_REDIRECT] 
2025-07-19 02:40:34,980 [ERROR] LogOutputStream:75 - [STDERR_REDIRECT] [Fatal Error] :1:1: Premature end of file.
2025-07-19 02:40:34,982 [ERROR] LogOutputStream:75 - [STDERR_REDIRECT] 
2025-07-19 02:40:35,990 [ERROR] LogOutputStream:75 - [STDERR_REDIRECT] [Fatal Error] :1:1: Premature end of file.
2025-07-19 02:40:35,990 [ERROR] LogOutputStream:75 - [STDERR_REDIRECT] 
2025-07-19 02:40:36,997 [ERROR] LogOutputStream:75 - [STDERR_REDIRECT] [Fatal Error] :1:1: Premature end of file.
2025-07-19 02:40:36,997 [ERROR] LogOutputStream:75 - [STDERR_REDIRECT] 
2025-07-19 02:40:37,991 [ERROR] LogOutputStream:75 - [STDERR_REDIRECT] [Fatal Error] :1:1: Premature end of file.
2025-07-19 02:40:37,991 [ERROR] LogOutputStream:75 - [STDERR_REDIRECT] 
2025-07-19 02:40:38,907 [ERROR] LogOutputStream:75 - [STDERR_REDIRECT] [Fatal Error] :1:1: Premature end of file.
2025-07-19 02:40:38,907 [ERROR] LogOutputStream:75 - [STDERR_REDIRECT] 
2025-07-19 02:40:39,910 [ERROR] LogOutputStream:75 - [STDERR_REDIRECT] [Fatal Error] :1:1: Premature end of file.
2025-07-19 02:40:39,910 [ERROR] LogOutputStream:75 - [STDERR_REDIRECT] 
2025-07-19 02:40:40,953 [ERROR] LogOutputStream:75 - [STDERR_REDIRECT] [Fatal Error] :1:1: Premature end of file.
2025-07-19 02:40:40,953 [ERROR] LogOutputStream:75 - [STDERR_REDIRECT] 
2025-07-19 02:40:41,981 [ERROR] LogOutputStream:75 - [STDERR_REDIRECT] [Fatal Error] :1:1: Premature end of file.
2025-07-19 02:40:41,981 [ERROR] LogOutputStream:75 - [STDERR_REDIRECT] 
2025-07-19 02:40:42,912 [ERROR] LogOutputStream:75 - [STDERR_REDIRECT] [Fatal Error] :1:1: Premature end of file.
2025-07-19 02:40:42,912 [ERROR] LogOutputStream:75 - [STDERR_REDIRECT] 
2025-07-19 02:40:43,932 [ERROR] LogOutputStream:75 - [STDERR_REDIRECT] [Fatal Error] :1:1: Premature end of file.
2025-07-19 02:40:43,932 [ERROR] LogOutputStream:75 - [STDERR_REDIRECT] 
2025-07-19 02:40:44,916 [ERROR] LogOutputStream:75 - [STDERR_REDIRECT] [Fatal Error] :1:1: Premature end of file.
2025-07-19 02:40:44,916 [ERROR] LogOutputStream:75 - [STDERR_REDIRECT] 
2025-07-19 02:40:45,915 [ERROR] LogOutputStream:75 - [STDERR_REDIRECT] [Fatal Error] :1:1: Premature end of file.
2025-07-19 02:40:45,915 [ERROR] LogOutputStream:75 - [STDERR_REDIRECT] 
2025-07-19 02:40:46,980 [ERROR] LogOutputStream:75 - [STDERR_REDIRECT] [Fatal Error] :1:1: Premature end of file.
2025-07-19 02:40:46,981 [ERROR] LogOutputStream:75 - [STDERR_REDIRECT] 
2025-07-19 02:40:47,973 [ERROR] LogOutputStream:75 - [STDERR_REDIRECT] [Fatal Error] :1:1: Premature end of file.
2025-07-19 02:40:47,974 [ERROR] LogOutputStream:75 - [STDERR_REDIRECT] 
2025-07-19 02:40:48,984 [ERROR] LogOutputStream:75 - [STDERR_REDIRECT] [Fatal Error] :1:1: Premature end of file.
2025-07-19 02:40:48,985 [ERROR] LogOutputStream:75 - [STDERR_REDIRECT] 
2025-07-19 02:40:49,966 [ERROR] LogOutputStream:75 - [STDERR_REDIRECT] [Fatal Error] :1:1: Premature end of file.
2025-07-19 02:40:49,966 [ERROR] LogOutputStream:75 - [STDERR_REDIRECT] 
2025-07-19 02:40:50,979 [ERROR] LogOutputStream:75 - [STDERR_REDIRECT] [Fatal Error] :1:1: Premature end of file.
2025-07-19 02:40:50,979 [ERROR] LogOutputStream:75 - [STDERR_REDIRECT] 
2025-07-19 02:40:51,993 [ERROR] LogOutputStream:75 - [STDERR_REDIRECT] [Fatal Error] :1:1: Premature end of file.
2025-07-19 02:40:51,994 [ERROR] LogOutputStream:75 - [STDERR_REDIRECT] 
2025-07-19 02:40:52,966 [ERROR] LogOutputStream:75 - [STDERR_REDIRECT] [Fatal Error] :1:1: Premature end of file.
2025-07-19 02:40:52,968 [ERROR] LogOutputStream:75 - [STDERR_REDIRECT] 
2025-07-19 02:40:54,040 [ERROR] LogOutputStream:75 - [STDERR_REDIRECT] [Fatal Error] :1:1: Premature end of file.
2025-07-19 02:40:54,041 [ERROR] LogOutputStream:75 - [STDERR_REDIRECT] 
2025-07-19 02:40:55,026 [ERROR] LogOutputStream:75 - [STDERR_REDIRECT] [Fatal Error] :1:1: Premature end of file.
2025-07-19 02:40:55,026 [ERROR] LogOutputStream:75 - [STDERR_REDIRECT] 
2025-07-19 02:40:55,951 [ERROR] LogOutputStream:75 - [STDERR_REDIRECT] [Fatal Error] :1:1: Premature end of file.
2025-07-19 02:40:55,951 [ERROR] LogOutputStream:75 - [STDERR_REDIRECT] 
2025-07-19 02:40:57,014 [ERROR] LogOutputStream:75 - [STDERR_REDIRECT] [Fatal Error] :1:1: Premature end of file.
2025-07-19 02:40:57,015 [ERROR] LogOutputStream:75 - [STDERR_REDIRECT] 
2025-07-19 02:40:58,005 [ERROR] LogOutputStream:75 - [STDERR_REDIRECT] [Fatal Error] :1:1: Premature end of file.
2025-07-19 02:40:58,005 [ERROR] LogOutputStream:75 - [STDERR_REDIRECT] 
2025-07-19 02:40:58,994 [ERROR] LogOutputStream:75 - [STDERR_REDIRECT] [Fatal Error] :1:1: Premature end of file.
2025-07-19 02:40:58,994 [ERROR] LogOutputStream:75 - [STDERR_REDIRECT] 
2025-07-19 02:40:59,973 [ERROR] LogOutputStream:75 - [STDERR_REDIRECT] [Fatal Error] :1:1: Premature end of file.
2025-07-19 02:40:59,974 [ERROR] LogOutputStream:75 - [STDERR_REDIRECT] 
2025-07-19 02:41:00,980 [ERROR] LogOutputStream:75 - [STDERR_REDIRECT] [Fatal Error] :1:1: Premature end of file.
2025-07-19 02:41:00,980 [ERROR] LogOutputStream:75 - [STDERR_REDIRECT] 
2025-07-19 02:41:01,965 [ERROR] LogOutputStream:75 - [STDERR_REDIRECT] [Fatal Error] :1:1: Premature end of file.
2025-07-19 02:41:01,966 [ERROR] LogOutputStream:75 - [STDERR_REDIRECT] 
2025-07-19 02:41:03,003 [ERROR] LogOutputStream:75 - [STDERR_REDIRECT] [Fatal Error] :1:1: Premature end of file.
2025-07-19 02:41:03,003 [ERROR] LogOutputStream:75 - [STDERR_REDIRECT] 
2025-07-19 02:41:03,983 [ERROR] LogOutputStream:75 - [STDERR_REDIRECT] [Fatal Error] :1:1: Premature end of file.
2025-07-19 02:41:03,984 [ERROR] LogOutputStream:75 - [STDERR_REDIRECT] 
2025-07-19 02:41:04,959 [ERROR] LogOutputStream:75 - [STDERR_REDIRECT] [Fatal Error] :1:1: Premature end of file.
2025-07-19 02:41:04,960 [ERROR] LogOutputStream:75 - [STDERR_REDIRECT] 
2025-07-19 02:41:05,958 [ERROR] LogOutputStream:75 - [STDERR_REDIRECT] [Fatal Error] :1:1: Premature end of file.
2025-07-19 02:41:05,958 [ERROR] LogOutputStream:75 - [STDERR_REDIRECT] 
2025-07-19 02:41:06,977 [ERROR] LogOutputStream:75 - [STDERR_REDIRECT] [Fatal Error] :1:1: Premature end of file.
2025-07-19 02:41:06,978 [ERROR] LogOutputStream:75 - [STDERR_REDIRECT] 
2025-07-19 02:41:07,974 [ERROR] LogOutputStream:75 - [STDERR_REDIRECT] [Fatal Error] :1:1: Premature end of file.
2025-07-19 02:41:07,975 [ERROR] LogOutputStream:75 - [STDERR_REDIRECT] 
2025-07-19 02:41:08,920 [ERROR] LogOutputStream:75 - [STDERR_REDIRECT] [Fatal Error] :1:1: Premature end of file.
2025-07-19 02:41:08,920 [ERROR] LogOutputStream:75 - [STDERR_REDIRECT] 
2025-07-19 02:41:09,913 [ERROR] LogOutputStream:75 - [STDERR_REDIRECT] [Fatal Error] :1:1: Premature end of file.
2025-07-19 02:41:09,913 [ERROR] LogOutputStream:75 - [STDERR_REDIRECT] 
2025-07-19 02:41:10,915 [ERROR] LogOutputStream:75 - [STDERR_REDIRECT] [Fatal Error] :1:1: Premature end of file.
2025-07-19 02:41:10,915 [ERROR] LogOutputStream:75 - [STDERR_REDIRECT] 
2025-07-19 02:41:11,906 [ERROR] LogOutputStream:75 - [STDERR_REDIRECT] [Fatal Error] :1:1: Premature end of file.
2025-07-19 02:41:11,906 [ERROR] LogOutputStream:75 - [STDERR_REDIRECT] 
2025-07-19 02:41:12,912 [ERROR] LogOutputStream:75 - [STDERR_REDIRECT] [Fatal Error] :1:1: Premature end of file.
2025-07-19 02:41:12,912 [ERROR] LogOutputStream:75 - [STDERR_REDIRECT] 
2025-07-19 02:41:13,906 [ERROR] LogOutputStream:75 - [STDERR_REDIRECT] [Fatal Error] :1:1: Premature end of file.
2025-07-19 02:41:13,906 [ERROR] LogOutputStream:75 - [STDERR_REDIRECT] 
2025-07-19 02:41:14,903 [ERROR] LogOutputStream:75 - [STDERR_REDIRECT] [Fatal Error] :1:1: Premature end of file.
2025-07-19 02:41:14,903 [ERROR] LogOutputStream:75 - [STDERR_REDIRECT] 
2025-07-19 02:41:15,920 [ERROR] LogOutputStream:75 - [STDERR_REDIRECT] [Fatal Error] :1:1: Premature end of file.
2025-07-19 02:41:15,920 [ERROR] LogOutputStream:75 - [STDERR_REDIRECT] 
2025-07-19 02:41:16,916 [ERROR] LogOutputStream:75 - [STDERR_REDIRECT] [Fatal Error] :1:1: Premature end of file.
2025-07-19 02:41:16,916 [ERROR] LogOutputStream:75 - [STDERR_REDIRECT] 
2025-07-19 02:41:17,925 [ERROR] LogOutputStream:75 - [STDERR_REDIRECT] [Fatal Error] :1:1: Premature end of file.
2025-07-19 02:41:17,926 [ERROR] LogOutputStream:75 - [STDERR_REDIRECT] 
2025-07-19 02:41:18,912 [ERROR] LogOutputStream:75 - [STDERR_REDIRECT] [Fatal Error] :1:1: Premature end of file.
2025-07-19 02:41:18,912 [ERROR] LogOutputStream:75 - [STDERR_REDIRECT] 
2025-07-19 02:41:19,919 [ERROR] LogOutputStream:75 - [STDERR_REDIRECT] [Fatal Error] :1:1: Premature end of file.
2025-07-19 02:41:19,919 [ERROR] LogOutputStream:75 - [STDERR_REDIRECT] 
2025-07-19 02:41:20,914 [ERROR] LogOutputStream:75 - [STDERR_REDIRECT] [Fatal Error] :1:1: Premature end of file.
2025-07-19 02:41:20,914 [ERROR] LogOutputStream:75 - [STDERR_REDIRECT] 
2025-07-19 02:41:21,926 [ERROR] LogOutputStream:75 - [STDERR_REDIRECT] [Fatal Error] :1:1: Premature end of file.
2025-07-19 02:41:21,926 [ERROR] LogOutputStream:75 - [STDERR_REDIRECT] 
2025-07-19 02:41:23,009 [ERROR] LogOutputStream:75 - [STDERR_REDIRECT] [Fatal Error] :1:1: Premature end of file.
2025-07-19 02:41:23,010 [ERROR] LogOutputStream:75 - [STDERR_REDIRECT] 
2025-07-19 02:41:23,915 [ERROR] LogOutputStream:75 - [STDERR_REDIRECT] [Fatal Error] :1:1: Premature end of file.
2025-07-19 02:41:23,915 [ERROR] LogOutputStream:75 - [STDERR_REDIRECT] 
2025-07-19 02:41:24,982 [ERROR] LogOutputStream:75 - [STDERR_REDIRECT] [Fatal Error] :1:1: Premature end of file.
2025-07-19 02:41:24,983 [ERROR] LogOutputStream:75 - [STDERR_REDIRECT] 
2025-07-19 02:41:26,009 [ERROR] LogOutputStream:75 - [STDERR_REDIRECT] [Fatal Error] :1:1: Premature end of file.
2025-07-19 02:41:26,009 [ERROR] LogOutputStream:75 - [STDERR_REDIRECT] 
2025-07-19 02:41:26,923 [ERROR] LogOutputStream:75 - [STDERR_REDIRECT] [Fatal Error] :1:1: Premature end of file.
2025-07-19 02:41:26,923 [ERROR] LogOutputStream:75 - [STDERR_REDIRECT] 
2025-07-19 02:41:27,999 [ERROR] LogOutputStream:75 - [STDERR_REDIRECT] [Fatal Error] :1:1: Premature end of file.
2025-07-19 02:41:27,999 [ERROR] LogOutputStream:75 - [STDERR_REDIRECT] 
2025-07-19 02:41:28,995 [ERROR] LogOutputStream:75 - [STDERR_REDIRECT] [Fatal Error] :1:1: Premature end of file.
2025-07-19 02:41:28,996 [ERROR] LogOutputStream:75 - [STDERR_REDIRECT] 
2025-07-19 02:41:30,005 [ERROR] LogOutputStream:75 - [STDERR_REDIRECT] [Fatal Error] :1:1: Premature end of file.
2025-07-19 02:41:30,005 [ERROR] LogOutputStream:75 - [STDERR_REDIRECT] 
2025-07-19 02:41:30,998 [ERROR] LogOutputStream:75 - [STDERR_REDIRECT] [Fatal Error] :1:1: Premature end of file.
2025-07-19 02:41:30,999 [ERROR] LogOutputStream:75 - [STDERR_REDIRECT] 
2025-07-19 02:41:32,005 [ERROR] LogOutputStream:75 - [STDERR_REDIRECT] [Fatal Error] :1:1: Premature end of file.
2025-07-19 02:41:32,006 [ERROR] LogOutputStream:75 - [STDERR_REDIRECT] 
2025-07-19 02:41:32,997 [ERROR] LogOutputStream:75 - [STDERR_REDIRECT] [Fatal Error] :1:1: Premature end of file.
2025-07-19 02:41:32,998 [ERROR] LogOutputStream:75 - [STDERR_REDIRECT] 
2025-07-19 02:41:33,992 [ERROR] LogOutputStream:75 - [STDERR_REDIRECT] [Fatal Error] :1:1: Premature end of file.
2025-07-19 02:41:33,992 [ERROR] LogOutputStream:75 - [STDERR_REDIRECT] 
2025-07-19 02:41:34,994 [ERROR] LogOutputStream:75 - [STDERR_REDIRECT] [Fatal Error] :1:1: Premature end of file.
2025-07-19 02:41:34,994 [ERROR] LogOutputStream:75 - [STDERR_REDIRECT] 
2025-07-19 02:41:36,002 [ERROR] LogOutputStream:75 - [STDERR_REDIRECT] [Fatal Error] :1:1: Premature end of file.
2025-07-19 02:41:36,003 [ERROR] LogOutputStream:75 - [STDERR_REDIRECT] 
2025-07-19 02:41:37,034 [ERROR] LogOutputStream:75 - [STDERR_REDIRECT] [Fatal Error] :1:1: Premature end of file.
2025-07-19 02:41:37,034 [ERROR] LogOutputStream:75 - [STDERR_REDIRECT] 
2025-07-19 02:41:37,905 [ERROR] LogOutputStream:75 - [STDERR_REDIRECT] [Fatal Error] :1:1: Premature end of file.
2025-07-19 02:41:37,905 [ERROR] LogOutputStream:75 - [STDERR_REDIRECT] 
2025-07-19 02:41:38,959 [ERROR] LogOutputStream:75 - [STDERR_REDIRECT] [Fatal Error] :1:1: Premature end of file.
2025-07-19 02:41:38,959 [ERROR] LogOutputStream:75 - [STDERR_REDIRECT] 
2025-07-19 02:41:39,927 [ERROR] LogOutputStream:75 - [STDERR_REDIRECT] [Fatal Error] :1:1: Premature end of file.
2025-07-19 02:41:39,927 [ERROR] LogOutputStream:75 - [STDERR_REDIRECT] 
2025-07-19 02:41:40,906 [ERROR] LogOutputStream:75 - [STDERR_REDIRECT] [Fatal Error] :1:1: Premature end of file.
2025-07-19 02:41:40,906 [ERROR] LogOutputStream:75 - [STDERR_REDIRECT] 
2025-07-19 02:41:42,001 [ERROR] LogOutputStream:75 - [STDERR_REDIRECT] [Fatal Error] :1:1: Premature end of file.
2025-07-19 02:41:42,001 [ERROR] LogOutputStream:75 - [STDERR_REDIRECT] 
2025-07-19 02:41:42,905 [ERROR] LogOutputStream:75 - [STDERR_REDIRECT] [Fatal Error] :1:1: Premature end of file.
2025-07-19 02:41:42,905 [ERROR] LogOutputStream:75 - [STDERR_REDIRECT] 
2025-07-19 02:41:43,917 [ERROR] LogOutputStream:75 - [STDERR_REDIRECT] [Fatal Error] :1:1: Premature end of file.
2025-07-19 02:41:43,917 [ERROR] LogOutputStream:75 - [STDERR_REDIRECT] 
2025-07-19 02:41:44,917 [ERROR] LogOutputStream:75 - [STDERR_REDIRECT] [Fatal Error] :1:1: Premature end of file.
2025-07-19 02:41:44,917 [ERROR] LogOutputStream:75 - [STDERR_REDIRECT] 
2025-07-19 02:41:45,986 [ERROR] LogOutputStream:75 - [STDERR_REDIRECT] [Fatal Error] :1:1: Premature end of file.
2025-07-19 02:41:45,986 [ERROR] LogOutputStream:75 - [STDERR_REDIRECT] 
2025-07-19 02:41:46,921 [ERROR] LogOutputStream:75 - [STDERR_REDIRECT] [Fatal Error] :1:1: Premature end of file.
2025-07-19 02:41:46,921 [ERROR] LogOutputStream:75 - [STDERR_REDIRECT] 
2025-07-19 02:41:48,011 [ERROR] LogOutputStream:75 - [STDERR_REDIRECT] [Fatal Error] :1:1: Premature end of file.
2025-07-19 02:41:48,012 [ERROR] LogOutputStream:75 - [STDERR_REDIRECT] 
2025-07-19 02:41:48,984 [ERROR] LogOutputStream:75 - [STDERR_REDIRECT] [Fatal Error] :1:1: Premature end of file.
2025-07-19 02:41:48,984 [ERROR] LogOutputStream:75 - [STDERR_REDIRECT] 
2025-07-19 02:41:50,014 [ERROR] LogOutputStream:75 - [STDERR_REDIRECT] [Fatal Error] :1:1: Premature end of file.
2025-07-19 02:41:50,015 [ERROR] LogOutputStream:75 - [STDERR_REDIRECT] 
2025-07-19 02:41:50,917 [ERROR] LogOutputStream:75 - [STDERR_REDIRECT] [Fatal Error] :1:1: Premature end of file.
2025-07-19 02:41:50,917 [ERROR] LogOutputStream:75 - [STDERR_REDIRECT] 
2025-07-19 02:41:51,914 [ERROR] LogOutputStream:75 - [STDERR_REDIRECT] [Fatal Error] :1:1: Premature end of file.
2025-07-19 02:41:51,914 [ERROR] LogOutputStream:75 - [STDERR_REDIRECT] 
2025-07-19 02:41:52,978 [ERROR] LogOutputStream:75 - [STDERR_REDIRECT] [Fatal Error] :1:1: Premature end of file.
2025-07-19 02:41:52,978 [ERROR] LogOutputStream:75 - [STDERR_REDIRECT] 
2025-07-19 02:41:54,011 [ERROR] LogOutputStream:75 - [STDERR_REDIRECT] [Fatal Error] :1:1: Premature end of file.
2025-07-19 02:41:54,011 [ERROR] LogOutputStream:75 - [STDERR_REDIRECT] 
2025-07-19 02:41:54,953 [ERROR] LogOutputStream:75 - [STDERR_REDIRECT] [Fatal Error] :1:1: Premature end of file.
2025-07-19 02:41:54,953 [ERROR] LogOutputStream:75 - [STDERR_REDIRECT] 
2025-07-19 02:41:56,012 [ERROR] LogOutputStream:75 - [STDERR_REDIRECT] [Fatal Error] :1:1: Premature end of file.
2025-07-19 02:41:56,012 [ERROR] LogOutputStream:75 - [STDERR_REDIRECT] 
2025-07-19 02:41:56,956 [ERROR] LogOutputStream:75 - [STDERR_REDIRECT] [Fatal Error] :1:1: Premature end of file.
2025-07-19 02:41:56,957 [ERROR] LogOutputStream:75 - [STDERR_REDIRECT] 
2025-07-19 02:41:57,911 [ERROR] LogOutputStream:75 - [STDERR_REDIRECT] [Fatal Error] :1:1: Premature end of file.
2025-07-19 02:41:57,911 [ERROR] LogOutputStream:75 - [STDERR_REDIRECT] 
2025-07-19 02:41:58,930 [ERROR] LogOutputStream:75 - [STDERR_REDIRECT] [Fatal Error] :1:1: Premature end of file.
2025-07-19 02:41:58,931 [ERROR] LogOutputStream:75 - [STDERR_REDIRECT] 
2025-07-19 02:41:59,913 [ERROR] LogOutputStream:75 - [STDERR_REDIRECT] [Fatal Error] :1:1: Premature end of file.
2025-07-19 02:41:59,913 [ERROR] LogOutputStream:75 - [STDERR_REDIRECT] 
2025-07-19 02:42:00,995 [ERROR] LogOutputStream:75 - [STDERR_REDIRECT] [Fatal Error] :1:1: Premature end of file.
2025-07-19 02:42:00,996 [ERROR] LogOutputStream:75 - [STDERR_REDIRECT] 
2025-07-19 02:42:02,005 [ERROR] LogOutputStream:75 - [STDERR_REDIRECT] [Fatal Error] :1:1: Premature end of file.
2025-07-19 02:42:02,006 [ERROR] LogOutputStream:75 - [STDERR_REDIRECT] 
2025-07-19 02:42:02,911 [ERROR] LogOutputStream:75 - [STDERR_REDIRECT] [Fatal Error] :1:1: Premature end of file.
2025-07-19 02:42:02,911 [ERROR] LogOutputStream:75 - [STDERR_REDIRECT] 
2025-07-19 02:42:03,992 [ERROR] LogOutputStream:75 - [STDERR_REDIRECT] [Fatal Error] :1:1: Premature end of file.
2025-07-19 02:42:03,992 [ERROR] LogOutputStream:75 - [STDERR_REDIRECT] 
2025-07-19 02:42:04,925 [ERROR] LogOutputStream:75 - [STDERR_REDIRECT] [Fatal Error] :1:1: Premature end of file.
2025-07-19 02:42:04,925 [ERROR] LogOutputStream:75 - [STDERR_REDIRECT] 
2025-07-19 02:42:06,014 [ERROR] LogOutputStream:75 - [STDERR_REDIRECT] [Fatal Error] :1:1: Premature end of file.
2025-07-19 02:42:06,015 [ERROR] LogOutputStream:75 - [STDERR_REDIRECT] 
2025-07-19 02:42:06,925 [ERROR] LogOutputStream:75 - [STDERR_REDIRECT] [Fatal Error] :1:1: Premature end of file.
2025-07-19 02:42:06,925 [ERROR] LogOutputStream:75 - [STDERR_REDIRECT] 
2025-07-19 02:42:07,969 [ERROR] LogOutputStream:75 - [STDERR_REDIRECT] [Fatal Error] :1:1: Premature end of file.
2025-07-19 02:42:07,969 [ERROR] LogOutputStream:75 - [STDERR_REDIRECT] 
2025-07-19 02:42:08,984 [ERROR] LogOutputStream:75 - [STDERR_REDIRECT] [Fatal Error] :1:1: Premature end of file.
2025-07-19 02:42:08,985 [ERROR] LogOutputStream:75 - [STDERR_REDIRECT] 
2025-07-19 02:42:10,005 [ERROR] LogOutputStream:75 - [STDERR_REDIRECT] [Fatal Error] :1:1: Premature end of file.
2025-07-19 02:42:10,005 [ERROR] LogOutputStream:75 - [STDERR_REDIRECT] 
2025-07-19 02:42:10,905 [ERROR] LogOutputStream:75 - [STDERR_REDIRECT] [Fatal Error] :1:1: Premature end of file.
2025-07-19 02:42:10,905 [ERROR] LogOutputStream:75 - [STDERR_REDIRECT] 
2025-07-19 02:42:11,924 [ERROR] LogOutputStream:75 - [STDERR_REDIRECT] [Fatal Error] :1:1: Premature end of file.
2025-07-19 02:42:11,924 [ERROR] LogOutputStream:75 - [STDERR_REDIRECT] 
2025-07-19 02:42:12,915 [ERROR] LogOutputStream:75 - [STDERR_REDIRECT] [Fatal Error] :1:1: Premature end of file.
2025-07-19 02:42:12,915 [ERROR] LogOutputStream:75 - [STDERR_REDIRECT] 
2025-07-19 02:42:14,013 [ERROR] LogOutputStream:75 - [STDERR_REDIRECT] [Fatal Error] :1:1: Premature end of file.
2025-07-19 02:42:14,014 [ERROR] LogOutputStream:75 - [STDERR_REDIRECT] 
2025-07-19 02:42:14,922 [ERROR] LogOutputStream:75 - [STDERR_REDIRECT] [Fatal Error] :1:1: Premature end of file.
2025-07-19 02:42:14,922 [ERROR] LogOutputStream:75 - [STDERR_REDIRECT] 
2025-07-19 02:42:15,911 [ERROR] LogOutputStream:75 - [STDERR_REDIRECT] [Fatal Error] :1:1: Premature end of file.
2025-07-19 02:42:15,912 [ERROR] LogOutputStream:75 - [STDERR_REDIRECT] 
2025-07-19 02:42:16,915 [ERROR] LogOutputStream:75 - [STDERR_REDIRECT] [Fatal Error] :1:1: Premature end of file.
2025-07-19 02:42:16,915 [ERROR] LogOutputStream:75 - [STDERR_REDIRECT] 
2025-07-19 02:42:18,003 [ERROR] LogOutputStream:75 - [STDERR_REDIRECT] [Fatal Error] :1:1: Premature end of file.
2025-07-19 02:42:18,004 [ERROR] LogOutputStream:75 - [STDERR_REDIRECT] 
2025-07-19 02:42:18,947 [ERROR] LogOutputStream:75 - [STDERR_REDIRECT] [Fatal Error] :1:1: Premature end of file.
2025-07-19 02:42:18,947 [ERROR] LogOutputStream:75 - [STDERR_REDIRECT] 
2025-07-19 02:42:19,939 [ERROR] LogOutputStream:75 - [STDERR_REDIRECT] [Fatal Error] :1:1: Premature end of file.
2025-07-19 02:42:19,939 [ERROR] LogOutputStream:75 - [STDERR_REDIRECT] 
2025-07-19 02:42:20,918 [ERROR] LogOutputStream:75 - [STDERR_REDIRECT] [Fatal Error] :1:1: Premature end of file.
2025-07-19 02:42:20,918 [ERROR] LogOutputStream:75 - [STDERR_REDIRECT] 
2025-07-19 02:42:21,933 [ERROR] LogOutputStream:75 - [STDERR_REDIRECT] [Fatal Error] :1:1: Premature end of file.
2025-07-19 02:42:21,933 [ERROR] LogOutputStream:75 - [STDERR_REDIRECT] 
2025-07-19 02:42:22,924 [ERROR] LogOutputStream:75 - [STDERR_REDIRECT] [Fatal Error] :1:1: Premature end of file.
2025-07-19 02:42:22,925 [ERROR] LogOutputStream:75 - [STDERR_REDIRECT] 
2025-07-19 02:42:23,934 [ERROR] LogOutputStream:75 - [STDERR_REDIRECT] [Fatal Error] :1:1: Premature end of file.
2025-07-19 02:42:23,934 [ERROR] LogOutputStream:75 - [STDERR_REDIRECT] 
2025-07-19 02:42:24,946 [ERROR] LogOutputStream:75 - [STDERR_REDIRECT] [Fatal Error] :1:1: Premature end of file.
2025-07-19 02:42:24,946 [ERROR] LogOutputStream:75 - [STDERR_REDIRECT] 
2025-07-19 02:42:25,988 [ERROR] LogOutputStream:75 - [STDERR_REDIRECT] [Fatal Error] :1:1: Premature end of file.
2025-07-19 02:42:25,988 [ERROR] LogOutputStream:75 - [STDERR_REDIRECT] 
2025-07-19 02:42:26,918 [ERROR] LogOutputStream:75 - [STDERR_REDIRECT] [Fatal Error] :1:1: Premature end of file.
2025-07-19 02:42:26,919 [ERROR] LogOutputStream:75 - [STDERR_REDIRECT] 
2025-07-19 02:42:27,930 [ERROR] LogOutputStream:75 - [STDERR_REDIRECT] [Fatal Error] :1:1: Premature end of file.
2025-07-19 02:42:27,930 [ERROR] LogOutputStream:75 - [STDERR_REDIRECT] 
2025-07-19 02:42:28,980 [ERROR] LogOutputStream:75 - [STDERR_REDIRECT] [Fatal Error] :1:1: Premature end of file.
2025-07-19 02:42:28,981 [ERROR] LogOutputStream:75 - [STDERR_REDIRECT] 
2025-07-19 02:42:29,923 [ERROR] LogOutputStream:75 - [STDERR_REDIRECT] [Fatal Error] :1:1: Premature end of file.
2025-07-19 02:42:29,923 [ERROR] LogOutputStream:75 - [STDERR_REDIRECT] 
2025-07-19 02:42:31,010 [ERROR] LogOutputStream:75 - [STDERR_REDIRECT] [Fatal Error] :1:1: Premature end of file.
2025-07-19 02:42:31,013 [ERROR] LogOutputStream:75 - [STDERR_REDIRECT] 
2025-07-19 02:42:31,990 [ERROR] LogOutputStream:75 - [STDERR_REDIRECT] [Fatal Error] :1:1: Premature end of file.
2025-07-19 02:42:31,991 [ERROR] LogOutputStream:75 - [STDERR_REDIRECT] 
2025-07-19 02:42:32,922 [ERROR] LogOutputStream:75 - [STDERR_REDIRECT] [Fatal Error] :1:1: Premature end of file.
2025-07-19 02:42:32,922 [ERROR] LogOutputStream:75 - [STDERR_REDIRECT] 
2025-07-19 02:42:33,915 [ERROR] LogOutputStream:75 - [STDERR_REDIRECT] [Fatal Error] :1:1: Premature end of file.
2025-07-19 02:42:33,915 [ERROR] LogOutputStream:75 - [STDERR_REDIRECT] 
2025-07-19 02:42:34,989 [ERROR] LogOutputStream:75 - [STDERR_REDIRECT] [Fatal Error] :1:1: Premature end of file.
2025-07-19 02:42:34,989 [ERROR] LogOutputStream:75 - [STDERR_REDIRECT] 
2025-07-19 02:42:36,014 [ERROR] LogOutputStream:75 - [STDERR_REDIRECT] [Fatal Error] :1:1: Premature end of file.
2025-07-19 02:42:36,014 [ERROR] LogOutputStream:75 - [STDERR_REDIRECT] 
2025-07-19 02:42:36,921 [ERROR] LogOutputStream:75 - [STDERR_REDIRECT] [Fatal Error] :1:1: Premature end of file.
2025-07-19 02:42:36,921 [ERROR] LogOutputStream:75 - [STDERR_REDIRECT] 
2025-07-19 02:42:38,012 [ERROR] LogOutputStream:75 - [STDERR_REDIRECT] [Fatal Error] :1:1: Premature end of file.
2025-07-19 02:42:38,013 [ERROR] LogOutputStream:75 - [STDERR_REDIRECT] 
2025-07-19 02:42:38,914 [ERROR] LogOutputStream:75 - [STDERR_REDIRECT] [Fatal Error] :1:1: Premature end of file.
2025-07-19 02:42:38,914 [ERROR] LogOutputStream:75 - [STDERR_REDIRECT] 
2025-07-19 02:42:39,923 [ERROR] LogOutputStream:75 - [STDERR_REDIRECT] [Fatal Error] :1:1: Premature end of file.
2025-07-19 02:42:39,923 [ERROR] LogOutputStream:75 - [STDERR_REDIRECT] 
2025-07-19 02:42:40,912 [ERROR] LogOutputStream:75 - [STDERR_REDIRECT] [Fatal Error] :1:1: Premature end of file.
2025-07-19 02:42:40,913 [ERROR] LogOutputStream:75 - [STDERR_REDIRECT] 
2025-07-19 02:42:42,020 [ERROR] LogOutputStream:75 - [STDERR_REDIRECT] [Fatal Error] :1:1: Premature end of file.
2025-07-19 02:42:42,021 [ERROR] LogOutputStream:75 - [STDERR_REDIRECT] 
2025-07-19 02:42:43,007 [ERROR] LogOutputStream:75 - [STDERR_REDIRECT] [Fatal Error] :1:1: Premature end of file.
2025-07-19 02:42:43,007 [ERROR] LogOutputStream:75 - [STDERR_REDIRECT] 
2025-07-19 02:42:43,955 [ERROR] LogOutputStream:75 - [STDERR_REDIRECT] [Fatal Error] :1:1: Premature end of file.
2025-07-19 02:42:43,955 [ERROR] LogOutputStream:75 - [STDERR_REDIRECT] 
2025-07-19 02:42:44,910 [ERROR] LogOutputStream:75 - [STDERR_REDIRECT] [Fatal Error] :1:1: Premature end of file.
2025-07-19 02:42:44,910 [ERROR] LogOutputStream:75 - [STDERR_REDIRECT] 
2025-07-19 02:42:45,914 [ERROR] LogOutputStream:75 - [STDERR_REDIRECT] [Fatal Error] :1:1: Premature end of file.
2025-07-19 02:42:45,914 [ERROR] LogOutputStream:75 - [STDERR_REDIRECT] 
2025-07-19 02:42:46,983 [ERROR] LogOutputStream:75 - [STDERR_REDIRECT] [Fatal Error] :1:1: Premature end of file.
2025-07-19 02:42:46,983 [ERROR] LogOutputStream:75 - [STDERR_REDIRECT] 
2025-07-19 02:42:47,992 [ERROR] LogOutputStream:75 - [STDERR_REDIRECT] [Fatal Error] :1:1: Premature end of file.
2025-07-19 02:42:47,992 [ERROR] LogOutputStream:75 - [STDERR_REDIRECT] 
2025-07-19 02:42:48,991 [ERROR] LogOutputStream:75 - [STDERR_REDIRECT] [Fatal Error] :1:1: Premature end of file.
2025-07-19 02:42:48,992 [ERROR] LogOutputStream:75 - [STDERR_REDIRECT] 
2025-07-19 02:42:49,932 [ERROR] LogOutputStream:75 - [STDERR_REDIRECT] [Fatal Error] :1:1: Premature end of file.
2025-07-19 02:42:49,932 [ERROR] LogOutputStream:75 - [STDERR_REDIRECT] 
2025-07-19 02:42:50,987 [ERROR] LogOutputStream:75 - [STDERR_REDIRECT] [Fatal Error] :1:1: Premature end of file.
2025-07-19 02:42:50,988 [ERROR] LogOutputStream:75 - [STDERR_REDIRECT] 
2025-07-19 02:42:51,906 [ERROR] LogOutputStream:75 - [STDERR_REDIRECT] [Fatal Error] :1:1: Premature end of file.
2025-07-19 02:42:51,907 [ERROR] LogOutputStream:75 - [STDERR_REDIRECT] 
2025-07-19 02:42:53,002 [ERROR] LogOutputStream:75 - [STDERR_REDIRECT] [Fatal Error] :1:1: Premature end of file.
2025-07-19 02:42:53,002 [ERROR] LogOutputStream:75 - [STDERR_REDIRECT] 
2025-07-19 02:42:53,929 [ERROR] LogOutputStream:75 - [STDERR_REDIRECT] [Fatal Error] :1:1: Premature end of file.
2025-07-19 02:42:53,929 [ERROR] LogOutputStream:75 - [STDERR_REDIRECT] 
2025-07-19 02:42:54,907 [ERROR] LogOutputStream:75 - [STDERR_REDIRECT] [Fatal Error] :1:1: Premature end of file.
2025-07-19 02:42:54,908 [ERROR] LogOutputStream:75 - [STDERR_REDIRECT] 
2025-07-19 02:42:55,993 [ERROR] LogOutputStream:75 - [STDERR_REDIRECT] [Fatal Error] :1:1: Premature end of file.
2025-07-19 02:42:55,993 [ERROR] LogOutputStream:75 - [STDERR_REDIRECT] 
2025-07-19 02:42:56,993 [ERROR] LogOutputStream:75 - [STDERR_REDIRECT] [Fatal Error] :1:1: Premature end of file.
2025-07-19 02:42:56,994 [ERROR] LogOutputStream:75 - [STDERR_REDIRECT] 
2025-07-19 02:42:57,904 [ERROR] LogOutputStream:75 - [STDERR_REDIRECT] [Fatal Error] :1:1: Premature end of file.
2025-07-19 02:42:57,905 [ERROR] LogOutputStream:75 - [STDERR_REDIRECT] 
2025-07-19 02:42:59,002 [ERROR] LogOutputStream:75 - [STDERR_REDIRECT] [Fatal Error] :1:1: Premature end of file.
2025-07-19 02:42:59,003 [ERROR] LogOutputStream:75 - [STDERR_REDIRECT] 
2025-07-19 02:42:59,972 [ERROR] LogOutputStream:75 - [STDERR_REDIRECT] [Fatal Error] :1:1: Premature end of file.
2025-07-19 02:42:59,972 [ERROR] LogOutputStream:75 - [STDERR_REDIRECT] 
2025-07-19 02:43:00,980 [ERROR] LogOutputStream:75 - [STDERR_REDIRECT] [Fatal Error] :1:1: Premature end of file.
2025-07-19 02:43:00,981 [ERROR] LogOutputStream:75 - [STDERR_REDIRECT] 
2025-07-19 02:43:01,997 [ERROR] LogOutputStream:75 - [STDERR_REDIRECT] [Fatal Error] :1:1: Premature end of file.
2025-07-19 02:43:01,997 [ERROR] LogOutputStream:75 - [STDERR_REDIRECT] 
2025-07-19 02:43:03,001 [ERROR] LogOutputStream:75 - [STDERR_REDIRECT] [Fatal Error] :1:1: Premature end of file.
2025-07-19 02:43:03,001 [ERROR] LogOutputStream:75 - [STDERR_REDIRECT] 
2025-07-19 02:43:03,931 [ERROR] LogOutputStream:75 - [STDERR_REDIRECT] [Fatal Error] :1:1: Premature end of file.
2025-07-19 02:43:03,932 [ERROR] LogOutputStream:75 - [STDERR_REDIRECT] 
2025-07-19 02:43:04,905 [ERROR] LogOutputStream:75 - [STDERR_REDIRECT] [Fatal Error] :1:1: Premature end of file.
2025-07-19 02:43:04,905 [ERROR] LogOutputStream:75 - [STDERR_REDIRECT] 
2025-07-19 02:43:05,912 [ERROR] LogOutputStream:75 - [STDERR_REDIRECT] [Fatal Error] :1:1: Premature end of file.
2025-07-19 02:43:05,912 [ERROR] LogOutputStream:75 - [STDERR_REDIRECT] 
2025-07-19 02:43:06,910 [ERROR] LogOutputStream:75 - [STDERR_REDIRECT] [Fatal Error] :1:1: Premature end of file.
2025-07-19 02:43:06,910 [ERROR] LogOutputStream:75 - [STDERR_REDIRECT] 
2025-07-19 02:43:07,925 [ERROR] LogOutputStream:75 - [STDERR_REDIRECT] [Fatal Error] :1:1: Premature end of file.
2025-07-19 02:43:07,925 [ERROR] LogOutputStream:75 - [STDERR_REDIRECT] 
2025-07-19 02:43:08,914 [ERROR] LogOutputStream:75 - [STDERR_REDIRECT] [Fatal Error] :1:1: Premature end of file.
2025-07-19 02:43:08,914 [ERROR] LogOutputStream:75 - [STDERR_REDIRECT] 
2025-07-19 02:43:09,996 [ERROR] LogOutputStream:75 - [STDERR_REDIRECT] [Fatal Error] :1:1: Premature end of file.
2025-07-19 02:43:09,997 [ERROR] LogOutputStream:75 - [STDERR_REDIRECT] 
2025-07-19 02:43:10,920 [ERROR] LogOutputStream:75 - [STDERR_REDIRECT] [Fatal Error] :1:1: Premature end of file.
2025-07-19 02:43:10,920 [ERROR] LogOutputStream:75 - [STDERR_REDIRECT] 
2025-07-19 02:43:11,915 [ERROR] LogOutputStream:75 - [STDERR_REDIRECT] [Fatal Error] :1:1: Premature end of file.
2025-07-19 02:43:11,916 [ERROR] LogOutputStream:75 - [STDERR_REDIRECT] 
2025-07-19 02:43:12,912 [ERROR] LogOutputStream:75 - [STDERR_REDIRECT] [Fatal Error] :1:1: Premature end of file.
2025-07-19 02:43:12,912 [ERROR] LogOutputStream:75 - [STDERR_REDIRECT] 
2025-07-19 02:43:13,916 [ERROR] LogOutputStream:75 - [STDERR_REDIRECT] [Fatal Error] :1:1: Premature end of file.
2025-07-19 02:43:13,916 [ERROR] LogOutputStream:75 - [STDERR_REDIRECT] 
2025-07-19 02:43:14,912 [ERROR] LogOutputStream:75 - [STDERR_REDIRECT] [Fatal Error] :1:1: Premature end of file.
2025-07-19 02:43:14,913 [ERROR] LogOutputStream:75 - [STDERR_REDIRECT] 
2025-07-19 02:43:15,929 [ERROR] LogOutputStream:75 - [STDERR_REDIRECT] [Fatal Error] :1:1: Premature end of file.
2025-07-19 02:43:15,929 [ERROR] LogOutputStream:75 - [STDERR_REDIRECT] 
2025-07-19 02:43:16,912 [ERROR] LogOutputStream:75 - [STDERR_REDIRECT] [Fatal Error] :1:1: Premature end of file.
2025-07-19 02:43:16,912 [ERROR] LogOutputStream:75 - [STDERR_REDIRECT] 
2025-07-19 02:43:17,919 [ERROR] LogOutputStream:75 - [STDERR_REDIRECT] [Fatal Error] :1:1: Premature end of file.
2025-07-19 02:43:17,920 [ERROR] LogOutputStream:75 - [STDERR_REDIRECT] 
2025-07-19 02:43:18,922 [ERROR] LogOutputStream:75 - [STDERR_REDIRECT] [Fatal Error] :1:1: Premature end of file.
2025-07-19 02:43:18,923 [ERROR] LogOutputStream:75 - [STDERR_REDIRECT] 
2025-07-19 02:43:19,915 [ERROR] LogOutputStream:75 - [STDERR_REDIRECT] [Fatal Error] :1:1: Premature end of file.
2025-07-19 02:43:19,915 [ERROR] LogOutputStream:75 - [STDERR_REDIRECT] 
2025-07-19 02:43:20,912 [ERROR] LogOutputStream:75 - [STDERR_REDIRECT] [Fatal Error] :1:1: Premature end of file.
2025-07-19 02:43:20,912 [ERROR] LogOutputStream:75 - [STDERR_REDIRECT] 
2025-07-19 02:43:21,958 [ERROR] LogOutputStream:75 - [STDERR_REDIRECT] [Fatal Error] :1:1: Premature end of file.
2025-07-19 02:43:21,958 [ERROR] LogOutputStream:75 - [STDERR_REDIRECT] 
2025-07-19 02:43:23,000 [ERROR] LogOutputStream:75 - [STDERR_REDIRECT] [Fatal Error] :1:1: Premature end of file.
2025-07-19 02:43:23,000 [ERROR] LogOutputStream:75 - [STDERR_REDIRECT] 
2025-07-19 02:43:23,918 [ERROR] LogOutputStream:75 - [STDERR_REDIRECT] [Fatal Error] :1:1: Premature end of file.
2025-07-19 02:43:23,918 [ERROR] LogOutputStream:75 - [STDERR_REDIRECT] 
2025-07-19 02:43:24,918 [ERROR] LogOutputStream:75 - [STDERR_REDIRECT] [Fatal Error] :1:1: Premature end of file.
2025-07-19 02:43:24,918 [ERROR] LogOutputStream:75 - [STDERR_REDIRECT] 
2025-07-19 02:43:25,905 [ERROR] LogOutputStream:75 - [STDERR_REDIRECT] [Fatal Error] :1:1: Premature end of file.
2025-07-19 02:43:25,905 [ERROR] LogOutputStream:75 - [STDERR_REDIRECT] 
2025-07-19 02:43:27,007 [ERROR] LogOutputStream:75 - [STDERR_REDIRECT] [Fatal Error] :1:1: Premature end of file.
2025-07-19 02:43:27,007 [ERROR] LogOutputStream:75 - [STDERR_REDIRECT] 
2025-07-19 02:43:27,912 [ERROR] LogOutputStream:75 - [STDERR_REDIRECT] [Fatal Error] :1:1: Premature end of file.
2025-07-19 02:43:27,912 [ERROR] LogOutputStream:75 - [STDERR_REDIRECT] 
2025-07-19 02:43:28,912 [ERROR] LogOutputStream:75 - [STDERR_REDIRECT] [Fatal Error] :1:1: Premature end of file.
2025-07-19 02:43:28,912 [ERROR] LogOutputStream:75 - [STDERR_REDIRECT] 
2025-07-19 02:43:29,918 [ERROR] LogOutputStream:75 - [STDERR_REDIRECT] [Fatal Error] :1:1: Premature end of file.
2025-07-19 02:43:29,918 [ERROR] LogOutputStream:75 - [STDERR_REDIRECT] 
2025-07-19 02:43:30,998 [ERROR] LogOutputStream:75 - [STDERR_REDIRECT] [Fatal Error] :1:1: Premature end of file.
2025-07-19 02:43:30,999 [ERROR] LogOutputStream:75 - [STDERR_REDIRECT] 
2025-07-19 02:43:32,006 [ERROR] LogOutputStream:75 - [STDERR_REDIRECT] [Fatal Error] :1:1: Premature end of file.
2025-07-19 02:43:32,007 [ERROR] LogOutputStream:75 - [STDERR_REDIRECT] 
2025-07-19 02:43:32,908 [ERROR] LogOutputStream:75 - [STDERR_REDIRECT] [Fatal Error] :1:1: Premature end of file.
2025-07-19 02:43:32,908 [ERROR] LogOutputStream:75 - [STDERR_REDIRECT] 
2025-07-19 02:43:34,014 [ERROR] LogOutputStream:75 - [STDERR_REDIRECT] [Fatal Error] :1:1: Premature end of file.
2025-07-19 02:43:34,015 [ERROR] LogOutputStream:75 - [STDERR_REDIRECT] 
2025-07-19 02:43:35,009 [ERROR] LogOutputStream:75 - [STDERR_REDIRECT] [Fatal Error] :1:1: Premature end of file.
2025-07-19 02:43:35,010 [ERROR] LogOutputStream:75 - [STDERR_REDIRECT] 
2025-07-19 02:43:35,913 [ERROR] LogOutputStream:75 - [STDERR_REDIRECT] [Fatal Error] :1:1: Premature end of file.
2025-07-19 02:43:35,913 [ERROR] LogOutputStream:75 - [STDERR_REDIRECT] 
2025-07-19 02:43:36,907 [ERROR] LogOutputStream:75 - [STDERR_REDIRECT] [Fatal Error] :1:1: Premature end of file.
2025-07-19 02:43:36,908 [ERROR] LogOutputStream:75 - [STDERR_REDIRECT] 
2025-07-19 02:43:38,015 [ERROR] LogOutputStream:75 - [STDERR_REDIRECT] [Fatal Error] :1:1: Premature end of file.
2025-07-19 02:43:38,016 [ERROR] LogOutputStream:75 - [STDERR_REDIRECT] 
2025-07-19 02:43:38,934 [ERROR] LogOutputStream:75 - [STDERR_REDIRECT] [Fatal Error] :1:1: Premature end of file.
2025-07-19 02:43:38,934 [ERROR] LogOutputStream:75 - [STDERR_REDIRECT] 
2025-07-19 02:43:39,920 [ERROR] LogOutputStream:75 - [STDERR_REDIRECT] [Fatal Error] :1:1: Premature end of file.
2025-07-19 02:43:39,920 [ERROR] LogOutputStream:75 - [STDERR_REDIRECT] 
2025-07-19 02:43:40,946 [ERROR] LogOutputStream:75 - [STDERR_REDIRECT] [Fatal Error] :1:1: Premature end of file.
2025-07-19 02:43:40,946 [ERROR] LogOutputStream:75 - [STDERR_REDIRECT] 
2025-07-19 02:43:41,907 [ERROR] LogOutputStream:75 - [STDERR_REDIRECT] [Fatal Error] :1:1: Premature end of file.
2025-07-19 02:43:41,907 [ERROR] LogOutputStream:75 - [STDERR_REDIRECT] 
2025-07-19 02:43:42,917 [ERROR] LogOutputStream:75 - [STDERR_REDIRECT] [Fatal Error] :1:1: Premature end of file.
2025-07-19 02:43:42,918 [ERROR] LogOutputStream:75 - [STDERR_REDIRECT] 
2025-07-19 02:43:44,002 [ERROR] LogOutputStream:75 - [STDERR_REDIRECT] [Fatal Error] :1:1: Premature end of file.
2025-07-19 02:43:44,003 [ERROR] LogOutputStream:75 - [STDERR_REDIRECT] 
2025-07-19 02:43:44,965 [ERROR] LogOutputStream:75 - [STDERR_REDIRECT] [Fatal Error] :1:1: Premature end of file.
2025-07-19 02:43:44,965 [ERROR] LogOutputStream:75 - [STDERR_REDIRECT] 
2025-07-19 02:43:45,932 [ERROR] LogOutputStream:75 - [STDERR_REDIRECT] [Fatal Error] :1:1: Premature end of file.
2025-07-19 02:43:45,932 [ERROR] LogOutputStream:75 - [STDERR_REDIRECT] 
2025-07-19 02:43:46,905 [ERROR] LogOutputStream:75 - [STDERR_REDIRECT] [Fatal Error] :1:1: Premature end of file.
2025-07-19 02:43:46,905 [ERROR] LogOutputStream:75 - [STDERR_REDIRECT] 
2025-07-19 02:43:47,989 [ERROR] LogOutputStream:75 - [STDERR_REDIRECT] [Fatal Error] :1:1: Premature end of file.
2025-07-19 02:43:47,989 [ERROR] LogOutputStream:75 - [STDERR_REDIRECT] 
2025-07-19 02:43:48,908 [ERROR] LogOutputStream:75 - [STDERR_REDIRECT] [Fatal Error] :1:1: Premature end of file.
2025-07-19 02:43:48,908 [ERROR] LogOutputStream:75 - [STDERR_REDIRECT] 
2025-07-19 02:43:50,000 [ERROR] LogOutputStream:75 - [STDERR_REDIRECT] [Fatal Error] :1:1: Premature end of file.
2025-07-19 02:43:50,000 [ERROR] LogOutputStream:75 - [STDERR_REDIRECT] 
2025-07-19 02:43:50,911 [ERROR] LogOutputStream:75 - [STDERR_REDIRECT] [Fatal Error] :1:1: Premature end of file.
2025-07-19 02:43:50,911 [ERROR] LogOutputStream:75 - [STDERR_REDIRECT] 
2025-07-19 02:43:51,968 [ERROR] LogOutputStream:75 - [STDERR_REDIRECT] [Fatal Error] :1:1: Premature end of file.
2025-07-19 02:43:51,968 [ERROR] LogOutputStream:75 - [STDERR_REDIRECT] 
2025-07-19 02:43:53,015 [ERROR] LogOutputStream:75 - [STDERR_REDIRECT] [Fatal Error] :1:1: Premature end of file.
2025-07-19 02:43:53,015 [ERROR] LogOutputStream:75 - [STDERR_REDIRECT] 
2025-07-19 02:43:53,916 [ERROR] LogOutputStream:75 - [STDERR_REDIRECT] [Fatal Error] :1:1: Premature end of file.
2025-07-19 02:43:53,916 [ERROR] LogOutputStream:75 - [STDERR_REDIRECT] 
2025-07-19 02:43:55,016 [ERROR] LogOutputStream:75 - [STDERR_REDIRECT] [Fatal Error] :1:1: Premature end of file.
2025-07-19 02:43:55,017 [ERROR] LogOutputStream:75 - [STDERR_REDIRECT] 
2025-07-19 02:43:55,926 [ERROR] LogOutputStream:75 - [STDERR_REDIRECT] [Fatal Error] :1:1: Premature end of file.
2025-07-19 02:43:55,926 [ERROR] LogOutputStream:75 - [STDERR_REDIRECT] 
2025-07-19 02:43:56,999 [ERROR] LogOutputStream:75 - [STDERR_REDIRECT] [Fatal Error] :1:1: Premature end of file.
2025-07-19 02:43:56,999 [ERROR] LogOutputStream:75 - [STDERR_REDIRECT] 
2025-07-19 02:43:58,008 [ERROR] LogOutputStream:75 - [STDERR_REDIRECT] [Fatal Error] :1:1: Premature end of file.
2025-07-19 02:43:58,009 [ERROR] LogOutputStream:75 - [STDERR_REDIRECT] 
2025-07-19 02:43:58,909 [ERROR] LogOutputStream:75 - [STDERR_REDIRECT] [Fatal Error] :1:1: Premature end of file.
2025-07-19 02:43:58,909 [ERROR] LogOutputStream:75 - [STDERR_REDIRECT] 
2025-07-19 02:43:59,907 [ERROR] LogOutputStream:75 - [STDERR_REDIRECT] [Fatal Error] :1:1: Premature end of file.
2025-07-19 02:43:59,908 [ERROR] LogOutputStream:75 - [STDERR_REDIRECT] 
2025-07-19 02:44:01,013 [ERROR] LogOutputStream:75 - [STDERR_REDIRECT] [Fatal Error] :1:1: Premature end of file.
2025-07-19 02:44:01,014 [ERROR] LogOutputStream:75 - [STDERR_REDIRECT] 
2025-07-19 02:44:01,999 [ERROR] LogOutputStream:75 - [STDERR_REDIRECT] [Fatal Error] :1:1: Premature end of file.
2025-07-19 02:44:01,999 [ERROR] LogOutputStream:75 - [STDERR_REDIRECT] 
2025-07-19 02:44:02,952 [ERROR] LogOutputStream:75 - [STDERR_REDIRECT] [Fatal Error] :1:1: Premature end of file.
2025-07-19 02:44:02,952 [ERROR] LogOutputStream:75 - [STDERR_REDIRECT] 
2025-07-19 02:44:03,915 [ERROR] LogOutputStream:75 - [STDERR_REDIRECT] [Fatal Error] :1:1: Premature end of file.
2025-07-19 02:44:03,915 [ERROR] LogOutputStream:75 - [STDERR_REDIRECT] 
2025-07-19 02:44:04,905 [ERROR] LogOutputStream:75 - [STDERR_REDIRECT] [Fatal Error] :1:1: Premature end of file.
2025-07-19 02:44:04,906 [ERROR] LogOutputStream:75 - [STDERR_REDIRECT] 
2025-07-19 02:44:05,913 [ERROR] LogOutputStream:75 - [STDERR_REDIRECT] [Fatal Error] :1:1: Premature end of file.
2025-07-19 02:44:05,913 [ERROR] LogOutputStream:75 - [STDERR_REDIRECT] 
2025-07-19 02:44:07,005 [ERROR] LogOutputStream:75 - [STDERR_REDIRECT] [Fatal Error] :1:1: Premature end of file.
2025-07-19 02:44:07,005 [ERROR] LogOutputStream:75 - [STDERR_REDIRECT] 
2025-07-19 02:44:08,003 [ERROR] LogOutputStream:75 - [STDERR_REDIRECT] [Fatal Error] :1:1: Premature end of file.
2025-07-19 02:44:08,004 [ERROR] LogOutputStream:75 - [STDERR_REDIRECT] 
2025-07-19 02:44:08,968 [ERROR] LogOutputStream:75 - [STDERR_REDIRECT] [Fatal Error] :1:1: Premature end of file.
2025-07-19 02:44:08,968 [ERROR] LogOutputStream:75 - [STDERR_REDIRECT] 
2025-07-19 02:44:09,915 [ERROR] LogOutputStream:75 - [STDERR_REDIRECT] [Fatal Error] :1:1: Premature end of file.
2025-07-19 02:44:09,915 [ERROR] LogOutputStream:75 - [STDERR_REDIRECT] 
2025-07-19 02:44:11,020 [ERROR] LogOutputStream:75 - [STDERR_REDIRECT] [Fatal Error] :1:1: Premature end of file.
2025-07-19 02:44:11,021 [ERROR] LogOutputStream:75 - [STDERR_REDIRECT] 
2025-07-19 02:44:12,000 [ERROR] LogOutputStream:75 - [STDERR_REDIRECT] [Fatal Error] :1:1: Premature end of file.
2025-07-19 02:44:12,001 [ERROR] LogOutputStream:75 - [STDERR_REDIRECT] 
2025-07-19 02:44:13,008 [ERROR] LogOutputStream:75 - [STDERR_REDIRECT] [Fatal Error] :1:1: Premature end of file.
2025-07-19 02:44:13,009 [ERROR] LogOutputStream:75 - [STDERR_REDIRECT] 
2025-07-19 02:44:13,914 [ERROR] LogOutputStream:75 - [STDERR_REDIRECT] [Fatal Error] :1:1: Premature end of file.
2025-07-19 02:44:13,914 [ERROR] LogOutputStream:75 - [STDERR_REDIRECT] 
2025-07-19 02:44:14,994 [ERROR] LogOutputStream:75 - [STDERR_REDIRECT] [Fatal Error] :1:1: Premature end of file.
2025-07-19 02:44:14,994 [ERROR] LogOutputStream:75 - [STDERR_REDIRECT] 
2025-07-19 02:44:15,912 [ERROR] LogOutputStream:75 - [STDERR_REDIRECT] [Fatal Error] :1:1: Premature end of file.
2025-07-19 02:44:15,912 [ERROR] LogOutputStream:75 - [STDERR_REDIRECT] 
2025-07-19 02:44:16,918 [ERROR] LogOutputStream:75 - [STDERR_REDIRECT] [Fatal Error] :1:1: Premature end of file.
2025-07-19 02:44:16,919 [ERROR] LogOutputStream:75 - [STDERR_REDIRECT] 
2025-07-19 02:44:17,911 [ERROR] LogOutputStream:75 - [STDERR_REDIRECT] [Fatal Error] :1:1: Premature end of file.
2025-07-19 02:44:17,911 [ERROR] LogOutputStream:75 - [STDERR_REDIRECT] 
2025-07-19 02:44:18,997 [ERROR] LogOutputStream:75 - [STDERR_REDIRECT] [Fatal Error] :1:1: Premature end of file.
2025-07-19 02:44:18,997 [ERROR] LogOutputStream:75 - [STDERR_REDIRECT] 
2025-07-19 02:44:20,000 [ERROR] LogOutputStream:75 - [STDERR_REDIRECT] [Fatal Error] :1:1: Premature end of file.
2025-07-19 02:44:20,001 [ERROR] LogOutputStream:75 - [STDERR_REDIRECT] 
2025-07-19 02:44:20,989 [ERROR] LogOutputStream:75 - [STDERR_REDIRECT] [Fatal Error] :1:1: Premature end of file.
2025-07-19 02:44:20,989 [ERROR] LogOutputStream:75 - [STDERR_REDIRECT] 
2025-07-19 02:44:21,984 [ERROR] LogOutputStream:75 - [STDERR_REDIRECT] [Fatal Error] :1:1: Premature end of file.
2025-07-19 02:44:21,984 [ERROR] LogOutputStream:75 - [STDERR_REDIRECT] 
2025-07-19 02:44:23,005 [ERROR] LogOutputStream:75 - [STDERR_REDIRECT] [Fatal Error] :1:1: Premature end of file.
2025-07-19 02:44:23,006 [ERROR] LogOutputStream:75 - [STDERR_REDIRECT] 
2025-07-19 02:44:24,010 [ERROR] LogOutputStream:75 - [STDERR_REDIRECT] [Fatal Error] :1:1: Premature end of file.
2025-07-19 02:44:24,010 [ERROR] LogOutputStream:75 - [STDERR_REDIRECT] 
2025-07-19 02:44:24,978 [ERROR] LogOutputStream:75 - [STDERR_REDIRECT] [Fatal Error] :1:1: Premature end of file.
2025-07-19 02:44:24,978 [ERROR] LogOutputStream:75 - [STDERR_REDIRECT] 
2025-07-19 02:44:25,985 [ERROR] LogOutputStream:75 - [STDERR_REDIRECT] [Fatal Error] :1:1: Premature end of file.
2025-07-19 02:44:25,985 [ERROR] LogOutputStream:75 - [STDERR_REDIRECT] 
2025-07-19 02:44:27,006 [ERROR] LogOutputStream:75 - [STDERR_REDIRECT] [Fatal Error] :1:1: Premature end of file.
2025-07-19 02:44:27,007 [ERROR] LogOutputStream:75 - [STDERR_REDIRECT] 
2025-07-19 02:44:27,997 [ERROR] LogOutputStream:75 - [STDERR_REDIRECT] [Fatal Error] :1:1: Premature end of file.
2025-07-19 02:44:27,997 [ERROR] LogOutputStream:75 - [STDERR_REDIRECT] 
2025-07-19 02:44:29,008 [ERROR] LogOutputStream:75 - [STDERR_REDIRECT] [Fatal Error] :1:1: Premature end of file.
2025-07-19 02:44:29,009 [ERROR] LogOutputStream:75 - [STDERR_REDIRECT] 
2025-07-19 02:44:30,007 [ERROR] LogOutputStream:75 - [STDERR_REDIRECT] [Fatal Error] :1:1: Premature end of file.
2025-07-19 02:44:30,008 [ERROR] LogOutputStream:75 - [STDERR_REDIRECT] 
2025-07-19 02:44:31,005 [ERROR] LogOutputStream:75 - [STDERR_REDIRECT] [Fatal Error] :1:1: Premature end of file.
2025-07-19 02:44:31,007 [ERROR] LogOutputStream:75 - [STDERR_REDIRECT] 
2025-07-19 02:44:31,963 [ERROR] LogOutputStream:75 - [STDERR_REDIRECT] [Fatal Error] :1:1: Premature end of file.
2025-07-19 02:44:31,964 [ERROR] LogOutputStream:75 - [STDERR_REDIRECT] 
2025-07-19 02:44:33,009 [ERROR] LogOutputStream:75 - [STDERR_REDIRECT] [Fatal Error] :1:1: Premature end of file.
2025-07-19 02:44:33,010 [ERROR] LogOutputStream:75 - [STDERR_REDIRECT] 
2025-07-19 02:44:34,003 [ERROR] LogOutputStream:75 - [STDERR_REDIRECT] [Fatal Error] :1:1: Premature end of file.
2025-07-19 02:44:34,004 [ERROR] LogOutputStream:75 - [STDERR_REDIRECT] 
2025-07-19 02:44:34,996 [ERROR] LogOutputStream:75 - [STDERR_REDIRECT] [Fatal Error] :1:1: Premature end of file.
2025-07-19 02:44:34,997 [ERROR] LogOutputStream:75 - [STDERR_REDIRECT] 
2025-07-19 02:44:36,006 [ERROR] LogOutputStream:75 - [STDERR_REDIRECT] [Fatal Error] :1:1: Premature end of file.
2025-07-19 02:44:36,007 [ERROR] LogOutputStream:75 - [STDERR_REDIRECT] 
2025-07-19 02:44:36,982 [ERROR] LogOutputStream:75 - [STDERR_REDIRECT] [Fatal Error] :1:1: Premature end of file.
2025-07-19 02:44:36,982 [ERROR] LogOutputStream:75 - [STDERR_REDIRECT] 
2025-07-19 02:44:37,993 [ERROR] LogOutputStream:75 - [STDERR_REDIRECT] [Fatal Error] :1:1: Premature end of file.
2025-07-19 02:44:37,994 [ERROR] LogOutputStream:75 - [STDERR_REDIRECT] 
2025-07-19 02:44:39,005 [ERROR] LogOutputStream:75 - [STDERR_REDIRECT] [Fatal Error] :1:1: Premature end of file.
2025-07-19 02:44:39,005 [ERROR] LogOutputStream:75 - [STDERR_REDIRECT] 
2025-07-19 02:44:39,909 [ERROR] LogOutputStream:75 - [STDERR_REDIRECT] [Fatal Error] :1:1: Premature end of file.
2025-07-19 02:44:39,910 [ERROR] LogOutputStream:75 - [STDERR_REDIRECT] 
2025-07-19 02:44:40,914 [ERROR] LogOutputStream:75 - [STDERR_REDIRECT] [Fatal Error] :1:1: Premature end of file.
2025-07-19 02:44:40,914 [ERROR] LogOutputStream:75 - [STDERR_REDIRECT] 
2025-07-19 02:44:41,955 [ERROR] LogOutputStream:75 - [STDERR_REDIRECT] [Fatal Error] :1:1: Premature end of file.
2025-07-19 02:44:41,956 [ERROR] LogOutputStream:75 - [STDERR_REDIRECT] 
2025-07-19 02:44:42,918 [ERROR] LogOutputStream:75 - [STDERR_REDIRECT] [Fatal Error] :1:1: Premature end of file.
2025-07-19 02:44:42,918 [ERROR] LogOutputStream:75 - [STDERR_REDIRECT] 
2025-07-19 02:44:44,014 [ERROR] LogOutputStream:75 - [STDERR_REDIRECT] [Fatal Error] :1:1: Premature end of file.
2025-07-19 02:44:44,015 [ERROR] LogOutputStream:75 - [STDERR_REDIRECT] 
2025-07-19 02:44:45,002 [ERROR] LogOutputStream:75 - [STDERR_REDIRECT] [Fatal Error] :1:1: Premature end of file.
2025-07-19 02:44:45,002 [ERROR] LogOutputStream:75 - [STDERR_REDIRECT] 
2025-07-19 02:44:45,921 [ERROR] LogOutputStream:75 - [STDERR_REDIRECT] [Fatal Error] :1:1: Premature end of file.
2025-07-19 02:44:45,921 [ERROR] LogOutputStream:75 - [STDERR_REDIRECT] 
2025-07-19 02:44:46,909 [ERROR] LogOutputStream:75 - [STDERR_REDIRECT] [Fatal Error] :1:1: Premature end of file.
2025-07-19 02:44:46,909 [ERROR] LogOutputStream:75 - [STDERR_REDIRECT] 
2025-07-19 02:44:47,941 [ERROR] LogOutputStream:75 - [STDERR_REDIRECT] [Fatal Error] :1:1: Premature end of file.
2025-07-19 02:44:47,941 [ERROR] LogOutputStream:75 - [STDERR_REDIRECT] 
2025-07-19 02:44:48,916 [ERROR] LogOutputStream:75 - [STDERR_REDIRECT] [Fatal Error] :1:1: Premature end of file.
2025-07-19 02:44:48,916 [ERROR] LogOutputStream:75 - [STDERR_REDIRECT] 
2025-07-19 02:44:49,994 [ERROR] LogOutputStream:75 - [STDERR_REDIRECT] [Fatal Error] :1:1: Premature end of file.
2025-07-19 02:44:49,994 [ERROR] LogOutputStream:75 - [STDERR_REDIRECT] 
2025-07-19 02:44:50,922 [ERROR] LogOutputStream:75 - [STDERR_REDIRECT] [Fatal Error] :1:1: Premature end of file.
2025-07-19 02:44:50,922 [ERROR] LogOutputStream:75 - [STDERR_REDIRECT] 
2025-07-19 02:44:51,907 [ERROR] LogOutputStream:75 - [STDERR_REDIRECT] [Fatal Error] :1:1: Premature end of file.
2025-07-19 02:44:51,907 [ERROR] LogOutputStream:75 - [STDERR_REDIRECT] 
2025-07-19 02:44:52,965 [ERROR] LogOutputStream:75 - [STDERR_REDIRECT] [Fatal Error] :1:1: Premature end of file.
2025-07-19 02:44:52,966 [ERROR] LogOutputStream:75 - [STDERR_REDIRECT] 
2025-07-19 02:44:53,960 [ERROR] LogOutputStream:75 - [STDERR_REDIRECT] [Fatal Error] :1:1: Premature end of file.
2025-07-19 02:44:53,960 [ERROR] LogOutputStream:75 - [STDERR_REDIRECT] 
2025-07-19 02:44:54,963 [ERROR] LogOutputStream:75 - [STDERR_REDIRECT] [Fatal Error] :1:1: Premature end of file.
2025-07-19 02:44:54,963 [ERROR] LogOutputStream:75 - [STDERR_REDIRECT] 
2025-07-19 02:44:55,977 [ERROR] LogOutputStream:75 - [STDERR_REDIRECT] [Fatal Error] :1:1: Premature end of file.
2025-07-19 02:44:55,977 [ERROR] LogOutputStream:75 - [STDERR_REDIRECT] 
2025-07-19 02:44:56,988 [ERROR] LogOutputStream:75 - [STDERR_REDIRECT] [Fatal Error] :1:1: Premature end of file.
2025-07-19 02:44:56,988 [ERROR] LogOutputStream:75 - [STDERR_REDIRECT] 
2025-07-19 02:44:57,983 [ERROR] LogOutputStream:75 - [STDERR_REDIRECT] [Fatal Error] :1:1: Premature end of file.
2025-07-19 02:44:57,984 [ERROR] LogOutputStream:75 - [STDERR_REDIRECT] 
2025-07-19 02:44:58,963 [ERROR] LogOutputStream:75 - [STDERR_REDIRECT] [Fatal Error] :1:1: Premature end of file.
2025-07-19 02:44:58,963 [ERROR] LogOutputStream:75 - [STDERR_REDIRECT] 
2025-07-19 02:44:59,958 [ERROR] LogOutputStream:75 - [STDERR_REDIRECT] [Fatal Error] :1:1: Premature end of file.
2025-07-19 02:44:59,959 [ERROR] LogOutputStream:75 - [STDERR_REDIRECT] 
2025-07-19 02:45:00,952 [ERROR] LogOutputStream:75 - [STDERR_REDIRECT] [Fatal Error] :1:1: Premature end of file.
2025-07-19 02:45:00,953 [ERROR] LogOutputStream:75 - [STDERR_REDIRECT] 
2025-07-19 02:45:01,963 [ERROR] LogOutputStream:75 - [STDERR_REDIRECT] [Fatal Error] :1:1: Premature end of file.
2025-07-19 02:45:01,964 [ERROR] LogOutputStream:75 - [STDERR_REDIRECT] 
2025-07-19 02:45:02,942 [ERROR] LogOutputStream:75 - [STDERR_REDIRECT] [Fatal Error] :1:1: Premature end of file.
2025-07-19 02:45:02,942 [ERROR] LogOutputStream:75 - [STDERR_REDIRECT] 
2025-07-19 02:45:03,941 [ERROR] LogOutputStream:75 - [STDERR_REDIRECT] [Fatal Error] :1:1: Premature end of file.
2025-07-19 02:45:03,941 [ERROR] LogOutputStream:75 - [STDERR_REDIRECT] 
2025-07-19 02:45:04,962 [ERROR] LogOutputStream:75 - [STDERR_REDIRECT] [Fatal Error] :1:1: Premature end of file.
2025-07-19 02:45:04,962 [ERROR] LogOutputStream:75 - [STDERR_REDIRECT] 
2025-07-19 02:45:05,977 [ERROR] LogOutputStream:75 - [STDERR_REDIRECT] [Fatal Error] :1:1: Premature end of file.
2025-07-19 02:45:05,978 [ERROR] LogOutputStream:75 - [STDERR_REDIRECT] 
2025-07-19 02:45:06,949 [ERROR] LogOutputStream:75 - [STDERR_REDIRECT] [Fatal Error] :1:1: Premature end of file.
2025-07-19 02:45:06,950 [ERROR] LogOutputStream:75 - [STDERR_REDIRECT] 
2025-07-19 02:45:07,947 [ERROR] LogOutputStream:75 - [STDERR_REDIRECT] [Fatal Error] :1:1: Premature end of file.
2025-07-19 02:45:07,947 [ERROR] LogOutputStream:75 - [STDERR_REDIRECT] 
2025-07-19 02:45:08,985 [ERROR] LogOutputStream:75 - [STDERR_REDIRECT] [Fatal Error] :1:1: Premature end of file.
2025-07-19 02:45:08,985 [ERROR] LogOutputStream:75 - [STDERR_REDIRECT] 
2025-07-19 02:45:09,962 [ERROR] LogOutputStream:75 - [STDERR_REDIRECT] [Fatal Error] :1:1: Premature end of file.
2025-07-19 02:45:09,962 [ERROR] LogOutputStream:75 - [STDERR_REDIRECT] 
2025-07-19 02:45:10,970 [ERROR] LogOutputStream:75 - [STDERR_REDIRECT] [Fatal Error] :1:1: Premature end of file.
2025-07-19 02:45:10,972 [ERROR] LogOutputStream:75 - [STDERR_REDIRECT] 
2025-07-19 02:45:11,976 [ERROR] LogOutputStream:75 - [STDERR_REDIRECT] [Fatal Error] :1:1: Premature end of file.
2025-07-19 02:45:11,976 [ERROR] LogOutputStream:75 - [STDERR_REDIRECT] 
2025-07-19 02:45:12,903 [ERROR] LogOutputStream:75 - [STDERR_REDIRECT] [Fatal Error] :1:1: Premature end of file.
2025-07-19 02:45:12,903 [ERROR] LogOutputStream:75 - [STDERR_REDIRECT] 
2025-07-19 02:45:13,904 [ERROR] LogOutputStream:75 - [STDERR_REDIRECT] [Fatal Error] :1:1: Premature end of file.
2025-07-19 02:45:13,904 [ERROR] LogOutputStream:75 - [STDERR_REDIRECT] 
2025-07-19 02:45:14,902 [ERROR] LogOutputStream:75 - [STDERR_REDIRECT] [Fatal Error] :1:1: Premature end of file.
2025-07-19 02:45:14,902 [ERROR] LogOutputStream:75 - [STDERR_REDIRECT] 
2025-07-19 02:45:15,918 [ERROR] LogOutputStream:75 - [STDERR_REDIRECT] [Fatal Error] :1:1: Premature end of file.
2025-07-19 02:45:15,918 [ERROR] LogOutputStream:75 - [STDERR_REDIRECT] 
2025-07-19 02:45:16,914 [ERROR] LogOutputStream:75 - [STDERR_REDIRECT] [Fatal Error] :1:1: Premature end of file.
2025-07-19 02:45:16,914 [ERROR] LogOutputStream:75 - [STDERR_REDIRECT] 
2025-07-19 02:45:17,967 [ERROR] LogOutputStream:75 - [STDERR_REDIRECT] [Fatal Error] :1:1: Premature end of file.
2025-07-19 02:45:17,968 [ERROR] LogOutputStream:75 - [STDERR_REDIRECT] 
2025-07-19 02:45:18,903 [ERROR] LogOutputStream:75 - [STDERR_REDIRECT] [Fatal Error] :1:1: Premature end of file.
2025-07-19 02:45:18,903 [ERROR] LogOutputStream:75 - [STDERR_REDIRECT] 
2025-07-19 02:45:19,902 [ERROR] LogOutputStream:75 - [STDERR_REDIRECT] [Fatal Error] :1:1: Premature end of file.
2025-07-19 02:45:19,902 [ERROR] LogOutputStream:75 - [STDERR_REDIRECT] 
2025-07-19 02:45:20,922 [ERROR] LogOutputStream:75 - [STDERR_REDIRECT] [Fatal Error] :1:1: Premature end of file.
2025-07-19 02:45:20,922 [ERROR] LogOutputStream:75 - [STDERR_REDIRECT] 
2025-07-19 02:45:21,917 [ERROR] LogOutputStream:75 - [STDERR_REDIRECT] [Fatal Error] :1:1: Premature end of file.
2025-07-19 02:45:21,917 [ERROR] LogOutputStream:75 - [STDERR_REDIRECT] 
2025-07-19 02:45:22,910 [ERROR] LogOutputStream:75 - [STDERR_REDIRECT] [Fatal Error] :1:1: Premature end of file.
2025-07-19 02:45:22,910 [ERROR] LogOutputStream:75 - [STDERR_REDIRECT] 
2025-07-19 02:45:23,917 [ERROR] LogOutputStream:75 - [STDERR_REDIRECT] [Fatal Error] :1:1: Premature end of file.
2025-07-19 02:45:23,917 [ERROR] LogOutputStream:75 - [STDERR_REDIRECT] 
2025-07-19 02:45:24,946 [ERROR] LogOutputStream:75 - [STDERR_REDIRECT] [Fatal Error] :1:1: Premature end of file.
2025-07-19 02:45:24,946 [ERROR] LogOutputStream:75 - [STDERR_REDIRECT] 
2025-07-19 02:45:25,913 [ERROR] LogOutputStream:75 - [STDERR_REDIRECT] [Fatal Error] :1:1: Premature end of file.
2025-07-19 02:45:25,913 [ERROR] LogOutputStream:75 - [STDERR_REDIRECT] 
2025-07-19 02:45:27,030 [ERROR] LogOutputStream:75 - [STDERR_REDIRECT] [Fatal Error] :1:1: Premature end of file.
2025-07-19 02:45:27,030 [ERROR] LogOutputStream:75 - [STDERR_REDIRECT] 
2025-07-19 02:45:27,994 [ERROR] LogOutputStream:75 - [STDERR_REDIRECT] [Fatal Error] :1:1: Premature end of file.
2025-07-19 02:45:27,994 [ERROR] LogOutputStream:75 - [STDERR_REDIRECT] 
2025-07-19 02:45:29,001 [ERROR] LogOutputStream:75 - [STDERR_REDIRECT] [Fatal Error] :1:1: Premature end of file.
2025-07-19 02:45:29,001 [ERROR] LogOutputStream:75 - [STDERR_REDIRECT] 
2025-07-19 02:45:29,903 [ERROR] LogOutputStream:75 - [STDERR_REDIRECT] [Fatal Error] :1:1: Premature end of file.
2025-07-19 02:45:29,903 [ERROR] LogOutputStream:75 - [STDERR_REDIRECT] 
2025-07-19 02:45:30,966 [ERROR] LogOutputStream:75 - [STDERR_REDIRECT] [Fatal Error] :1:1: Premature end of file.
2025-07-19 02:45:30,966 [ERROR] LogOutputStream:75 - [STDERR_REDIRECT] 
2025-07-19 02:45:31,146 [ERROR] LogOutputStream:75 - [STDERR_REDIRECT] 
2025-07-19 02:45:31,147 [ERROR] LogOutputStream:75 - [STDERR_REDIRECT] 
