2025-09-03 22:10:53,860 [INFO] Activator:176 - 


2025-09-03 22:10:53,868 [INFO] Activator:177 - !SESSION log4j initialized
2025-09-03 22:11:00,681 [INFO] LogOutputStream:77 - [STDOUT_REDIRECT] 
2025-09-03 22:11:11,513 [INFO] ApplicationProperties:184 - Using Application install path: C:\ST\STM32CubeIDE_1.19.0\STM32CubeIDE\plugins\com.st.stm32cube.common.mx_6.15.0.202507011659
2025-09-03 22:11:11,529 [INFO] DbMcusXml:78 - Set database path to: C:\ST\STM32CubeIDE_1.19.0\STM32CubeIDE\plugins\com.st.stm32cube.common.mx_6.15.0.202507011659\\db\/mcu/
2025-09-03 22:11:11,529 [INFO] ApiDb:274 - Set plugin database path to: C:\ST\STM32CubeIDE_1.19.0\STM32CubeIDE\plugins\com.st.stm32cube.common.mx_6.15.0.202507011659\\db\/plugins/boardmanager/
2025-09-03 22:11:11,530 [WARN] ApiDb:259 - Overriding images path with different value:  => C:\ST\STM32CubeIDE_1.19.0\STM32CubeIDE\plugins\com.st.stm32cube.common.mx_6.15.0.202507011659\\db\/plugins/mcufinder/images/
2025-09-03 22:11:11,538 [INFO] ApiDb:250 - Set database path to: C:\Users\SNYDE\.stmcufinder\plugins\mcufinder//mcu/
2025-09-03 22:11:11,539 [INFO] DbMcusAds:125 - Set database path to: C:\Users\SNYDE\.stmcufinder\plugins\mcufinder//mcu/
2025-09-03 22:11:11,549 [INFO] CrossReferenceDbSqlite:203 - Set database path to: C:\Users\SNYDE\.stmcufinder\plugins\mcufinder//mcu/cs/
2025-09-03 22:11:11,674 [INFO] RulesReader:64 - Compatibility file has been processed (317 Rules)
2025-09-03 22:11:11,763 [INFO] DbMcusXml:78 - Set database path to: C:\ST\STM32CubeIDE_1.19.0\STM32CubeIDE\plugins\com.st.stm32cube.common.mx_6.15.0.202507011659\\db\/mcu/
2025-09-03 22:11:11,763 [INFO] ApiDb:274 - Set plugin database path to: C:\ST\STM32CubeIDE_1.19.0\STM32CubeIDE\plugins\com.st.stm32cube.common.mx_6.15.0.202507011659\\db\/plugins/boardmanager/
2025-09-03 22:11:11,763 [INFO] ApiDb:261 - Set plugin images path to: C:\ST\STM32CubeIDE_1.19.0\STM32CubeIDE\plugins\com.st.stm32cube.common.mx_6.15.0.202507011659\\db\/plugins/mcufinder/images/
2025-09-03 22:11:11,763 [WARN] DbFile:41 - Overriding database path with different value: C:\Users\SNYDE\.stmcufinder\plugins\mcufinder/ => C:\Users\SNYDE\.stmcufinder\plugins\mcufinder
2025-09-03 22:11:11,763 [INFO] ApiDb:250 - Set database path to: C:\Users\SNYDE\.stmcufinder\plugins\mcufinder//mcu/
2025-09-03 22:11:11,763 [WARN] DbFile:41 - Overriding database path with different value: C:\Users\SNYDE\.stmcufinder\plugins\mcufinder/ => C:\Users\SNYDE\.stmcufinder\plugins\mcufinder
2025-09-03 22:11:11,763 [INFO] DbMcusAds:125 - Set database path to: C:\Users\SNYDE\.stmcufinder\plugins\mcufinder//mcu/
2025-09-03 22:11:11,763 [WARN] DbFile:41 - Overriding database path with different value: C:\Users\SNYDE\.stmcufinder\plugins\mcufinder/ => C:\Users\SNYDE\.stmcufinder\plugins\mcufinder
2025-09-03 22:11:11,764 [WARN] DbFile:41 - Overriding database path with different value: C:\Users\SNYDE\.stmcufinder\plugins\mcufinder/ => C:\Users\SNYDE\.stmcufinder\plugins\mcufinder
2025-09-03 22:11:11,764 [INFO] CrossReferenceDbSqlite:203 - Set database path to: C:\Users\SNYDE\.stmcufinder\plugins\mcufinder//mcu/cs/
2025-09-03 22:11:11,837 [INFO] MainPanel:274 - HeapMemory: 268435456
2025-09-03 22:11:11,928 [INFO] DbMcusXml:78 - Set database path to: C:\ST\STM32CubeIDE_1.19.0\STM32CubeIDE\plugins\com.st.stm32cube.common.mx_6.15.0.202507011659\\db\/mcu/
2025-09-03 22:11:11,928 [INFO] ApiDb:274 - Set plugin database path to: C:\ST\STM32CubeIDE_1.19.0\STM32CubeIDE\plugins\com.st.stm32cube.common.mx_6.15.0.202507011659\\db\/plugins/boardmanager/
2025-09-03 22:11:11,928 [INFO] ApiDb:261 - Set plugin images path to: C:\ST\STM32CubeIDE_1.19.0\STM32CubeIDE\plugins\com.st.stm32cube.common.mx_6.15.0.202507011659\\db\/plugins/mcufinder/images/
2025-09-03 22:11:11,928 [WARN] DbFile:41 - Overriding database path with different value: C:\Users\SNYDE\.stmcufinder\plugins\mcufinder/ => C:\Users\SNYDE\.stmcufinder\plugins\mcufinder
2025-09-03 22:11:11,928 [INFO] ApiDb:250 - Set database path to: C:\Users\SNYDE\.stmcufinder\plugins\mcufinder//mcu/
2025-09-03 22:11:11,928 [WARN] DbFile:41 - Overriding database path with different value: C:\Users\SNYDE\.stmcufinder\plugins\mcufinder/ => C:\Users\SNYDE\.stmcufinder\plugins\mcufinder
2025-09-03 22:11:11,929 [INFO] DbMcusAds:125 - Set database path to: C:\Users\SNYDE\.stmcufinder\plugins\mcufinder//mcu/
2025-09-03 22:11:11,929 [WARN] DbFile:41 - Overriding database path with different value: C:\Users\SNYDE\.stmcufinder\plugins\mcufinder/ => C:\Users\SNYDE\.stmcufinder\plugins\mcufinder
2025-09-03 22:11:11,929 [WARN] DbFile:41 - Overriding database path with different value: C:\Users\SNYDE\.stmcufinder\plugins\mcufinder/ => C:\Users\SNYDE\.stmcufinder\plugins\mcufinder
2025-09-03 22:11:11,929 [INFO] CrossReferenceDbSqlite:203 - Set database path to: C:\Users\SNYDE\.stmcufinder\plugins\mcufinder//mcu/cs/
2025-09-03 22:11:11,947 [INFO] ApplicationProperties:184 - Using Application install path: C:\ST\STM32CubeIDE_1.19.0\STM32CubeIDE\plugins\com.st.stm32cube.common.mx_6.15.0.202507011659
2025-09-03 22:11:11,949 [INFO] PluginManage:196 - Search for loadable plugins [exclusion list=, ]
2025-09-03 22:11:11,950 [INFO] PluginManage:310 - Check plugin analytics
2025-09-03 22:11:21,711 [INFO] AnalyticsPlugin:253 - Accepted Software Licenses: 
2025-09-03 22:11:21,711 [INFO] AnalyticsPlugin:255 - Accepted CMSIS Pack Licenses: 
2025-09-03 22:11:21,712 [INFO] AnalyticsPlugin:257 - Accepted Firmware Licenses: 
2025-09-03 22:11:21,715 [INFO] PluginManage:359 - Loaded plugin analytics (category:tool,tabindex:-1)
2025-09-03 22:11:21,715 [INFO] PluginManage:310 - Check plugin cadmodel
2025-09-03 22:11:21,721 [INFO] CADModel:105 - Init CAD model plugin
2025-09-03 22:11:21,721 [INFO] PluginManage:359 - Loaded plugin cadmodel (category:power,tabindex:5)
2025-09-03 22:11:21,721 [INFO] PluginManage:310 - Check plugin clock
2025-09-03 22:11:21,731 [INFO] PluginManage:359 - Loaded plugin clock (category:base,tabindex:2)
2025-09-03 22:11:21,731 [INFO] PluginManage:310 - Check plugin ddr
2025-09-03 22:11:21,734 [INFO] PluginManage:359 - Loaded plugin ddr (category:tool,tabindex:6)
2025-09-03 22:11:21,734 [INFO] PluginManage:310 - Check plugin filemanager
2025-09-03 22:11:21,911 [INFO] PluginManage:359 - Loaded plugin filemanager (category:base,tabindex:10)
2025-09-03 22:11:21,911 [INFO] PluginManage:310 - Check plugin ipmanager
2025-09-03 22:11:21,920 [INFO] PluginManage:359 - Loaded plugin ipmanager (category:base,tabindex:5)
2025-09-03 22:11:21,920 [INFO] PluginManage:310 - Check plugin lpbam
2025-09-03 22:11:21,929 [INFO] PluginManage:359 - Loaded plugin lpbam (category:base,tabindex:0)
2025-09-03 22:11:21,929 [INFO] PluginManage:310 - Check plugin memorymap
2025-09-03 22:11:21,943 [INFO] PluginManage:359 - Loaded plugin memorymap (category:base,tabindex:4)
2025-09-03 22:11:21,943 [INFO] PluginManage:310 - Check plugin pinoutandconfiguration
2025-09-03 22:11:21,957 [INFO] PluginManage:359 - Loaded plugin pinoutandconfiguration (category:base,tabindex:1)
2025-09-03 22:11:21,957 [INFO] PluginManage:310 - Check plugin pinoutconfig
2025-09-03 22:11:22,071 [WARN] SupportedApi:132 - Cannot load RTOS API schema: s4s-elt-must-match.1: The content of 'definitions' must match (annotation?, (simpleType | complexType)?, (unique | key | keyref)*)). A problem was found starting at: attribute.
2025-09-03 22:11:22,239 [INFO] PluginManage:359 - Loaded plugin pinoutconfig (category:base,tabindex:0)
2025-09-03 22:11:22,239 [INFO] PluginManage:310 - Check plugin power
2025-09-03 22:11:22,249 [INFO] PluginManage:359 - Loaded plugin power (category:power,tabindex:4)
2025-09-03 22:11:22,249 [INFO] PluginManage:310 - Check plugin projectmanager
2025-09-03 22:11:22,266 [INFO] PluginManage:359 - Loaded plugin projectmanager (category:projectmanager,tabindex:4)
2025-09-03 22:11:22,266 [INFO] PluginManage:310 - Check plugin rif
2025-09-03 22:11:22,274 [INFO] PluginManage:359 - Loaded plugin rif (category:base,tabindex:3)
2025-09-03 22:11:22,275 [INFO] PluginManage:310 - Check plugin thirdparty
2025-09-03 22:11:22,420 [WARN] IntegrityCheckThread:84 - waiting for thirdparty lock release [integrity check]
2025-09-03 22:11:22,420 [INFO] PluginManage:359 - Loaded plugin thirdparty (category:base,tabindex:-1)
2025-09-03 22:11:22,420 [INFO] IntegrityCheckThread:86 - entering critical section [integrity check]
2025-09-03 22:11:22,420 [INFO] PluginManage:310 - Check plugin tools
2025-09-03 22:11:22,420 [INFO] ThirdPartyUpdaterWithRetryManager:70 - Updater plugin not ready yet. [1/15]
2025-09-03 22:11:22,424 [INFO] PluginManage:359 - Loaded plugin tools (category:base,tabindex:7)
2025-09-03 22:11:22,424 [INFO] PluginManage:310 - Check plugin tutovideos
2025-09-03 22:11:22,628 [INFO] PluginManage:359 - Loaded plugin tutovideos (category:base,tabindex:-1)
2025-09-03 22:11:22,628 [INFO] PluginManage:310 - Check plugin updater
2025-09-03 22:11:22,647 [INFO] PluginManage:359 - Loaded plugin updater (category:base,tabindex:12)
2025-09-03 22:11:22,647 [INFO] PluginManage:310 - Check plugin userauth
2025-09-03 22:11:22,652 [INFO] UserAuth:118 - Init User Auth plugin
2025-09-03 22:11:22,653 [INFO] PluginManage:359 - Loaded plugin userauth (category:base,tabindex:14)
2025-09-03 22:11:22,654 [INFO] PluginManage:283 - PluginManage : Loaded plugins [18]
2025-09-03 22:11:22,880 [INFO] PinOutPanel:1589 - setPackage(No Configuration,No Configuration)
2025-09-03 22:11:22,976 [INFO] CADModel:165 - CPN selected for project level
2025-09-03 22:11:22,976 [INFO] CADModel:114 - Register for checkConnection events
2025-09-03 22:11:22,993 [INFO] IPUIPlugin:80 - create IPUIPlugin
2025-09-03 22:11:22,994 [INFO] PluginManager:220 - loadIPPluginJar : add adc
2025-09-03 22:11:22,997 [INFO] IPUIPlugin:80 - create IPUIPlugin
2025-09-03 22:11:22,997 [INFO] PluginManager:220 - loadIPPluginJar : add aes
2025-09-03 22:11:23,000 [INFO] IPUIPlugin:80 - create IPUIPlugin
2025-09-03 22:11:23,000 [INFO] PluginManager:220 - loadIPPluginJar : add can
2025-09-03 22:11:23,002 [INFO] IPUIPlugin:80 - create IPUIPlugin
2025-09-03 22:11:23,002 [INFO] PluginManager:220 - loadIPPluginJar : add comp
2025-09-03 22:11:23,005 [INFO] IPUIPlugin:80 - create IPUIPlugin
2025-09-03 22:11:23,005 [INFO] PluginManager:220 - loadIPPluginJar : add cryp
2025-09-03 22:11:23,008 [INFO] IPUIPlugin:80 - create IPUIPlugin
2025-09-03 22:11:23,008 [INFO] PluginManager:220 - loadIPPluginJar : add ddr_ctrl_phy
2025-09-03 22:11:23,010 [INFO] IPUIPlugin:80 - create IPUIPlugin
2025-09-03 22:11:23,010 [INFO] PluginManager:220 - loadIPPluginJar : add dfsdm
2025-09-03 22:11:23,017 [INFO] IPUIPlugin:80 - create IPUIPlugin
2025-09-03 22:11:23,018 [INFO] PluginManager:220 - loadIPPluginJar : add dma
2025-09-03 22:11:23,020 [INFO] IPUIPlugin:80 - create IPUIPlugin
2025-09-03 22:11:23,021 [INFO] PluginManager:220 - loadIPPluginJar : add dma3
2025-09-03 22:11:23,023 [INFO] IPUIPlugin:80 - create IPUIPlugin
2025-09-03 22:11:23,024 [INFO] PluginManager:220 - loadIPPluginJar : add extmemmanager
2025-09-03 22:11:23,026 [INFO] IPUIPlugin:80 - create IPUIPlugin
2025-09-03 22:11:23,026 [INFO] PluginManager:220 - loadIPPluginJar : add fatfs
2025-09-03 22:11:23,031 [INFO] IPUIPlugin:80 - create IPUIPlugin
2025-09-03 22:11:23,031 [INFO] PluginManager:220 - loadIPPluginJar : add fmc
2025-09-03 22:11:23,037 [INFO] IPUIPlugin:80 - create IPUIPlugin
2025-09-03 22:11:23,037 [INFO] PluginManager:220 - loadIPPluginJar : add freertos
2025-09-03 22:11:23,039 [INFO] IPUIPlugin:80 - create IPUIPlugin
2025-09-03 22:11:23,039 [INFO] PluginManager:220 - loadIPPluginJar : add genericplugin
2025-09-03 22:11:23,042 [INFO] IPUIPlugin:80 - create IPUIPlugin
2025-09-03 22:11:23,042 [INFO] PluginManager:220 - loadIPPluginJar : add gfxmmu
2025-09-03 22:11:23,046 [INFO] IPUIPlugin:80 - create IPUIPlugin
2025-09-03 22:11:23,046 [INFO] PluginManager:220 - loadIPPluginJar : add gic
2025-09-03 22:11:23,053 [INFO] IPUIPlugin:80 - create IPUIPlugin
2025-09-03 22:11:23,053 [INFO] PluginManager:220 - loadIPPluginJar : add gpio
2025-09-03 22:11:23,057 [INFO] IPUIPlugin:80 - create IPUIPlugin
2025-09-03 22:11:23,057 [INFO] PluginManager:220 - loadIPPluginJar : add gtzc
2025-09-03 22:11:23,060 [INFO] IPUIPlugin:80 - create IPUIPlugin
2025-09-03 22:11:23,060 [INFO] PluginManager:220 - loadIPPluginJar : add hash
2025-09-03 22:11:23,063 [INFO] IPUIPlugin:80 - create IPUIPlugin
2025-09-03 22:11:23,063 [INFO] PluginManager:220 - loadIPPluginJar : add i2c
2025-09-03 22:11:23,067 [INFO] IPUIPlugin:80 - create IPUIPlugin
2025-09-03 22:11:23,067 [INFO] PluginManager:220 - loadIPPluginJar : add i2s
2025-09-03 22:11:23,071 [INFO] IPUIPlugin:80 - create IPUIPlugin
2025-09-03 22:11:23,071 [INFO] PluginManager:220 - loadIPPluginJar : add i3c
2025-09-03 22:11:23,075 [INFO] IPUIPlugin:80 - create IPUIPlugin
2025-09-03 22:11:23,075 [INFO] PluginManager:220 - loadIPPluginJar : add ipddr
2025-09-03 22:11:23,083 [INFO] IPUIPlugin:80 - create IPUIPlugin
2025-09-03 22:11:23,083 [INFO] PluginManager:220 - loadIPPluginJar : add linkedlist
2025-09-03 22:11:23,088 [INFO] IPUIPlugin:80 - create IPUIPlugin
2025-09-03 22:11:23,088 [INFO] PluginManager:220 - loadIPPluginJar : add lorawan
2025-09-03 22:11:23,090 [INFO] IPUIPlugin:80 - create IPUIPlugin
2025-09-03 22:11:23,090 [INFO] PluginManager:220 - loadIPPluginJar : add ltdc
2025-09-03 22:11:23,097 [INFO] IPUIPlugin:80 - create IPUIPlugin
2025-09-03 22:11:23,097 [INFO] PluginManager:220 - loadIPPluginJar : add mdma
2025-09-03 22:11:23,102 [INFO] IPUIPlugin:80 - create IPUIPlugin
2025-09-03 22:11:23,102 [INFO] PluginManager:220 - loadIPPluginJar : add nvic
2025-09-03 22:11:23,105 [INFO] IPUIPlugin:80 - create IPUIPlugin
2025-09-03 22:11:23,105 [INFO] PluginManager:220 - loadIPPluginJar : add opamp
2025-09-03 22:11:23,108 [INFO] IPUIPlugin:80 - create IPUIPlugin
2025-09-03 22:11:23,109 [INFO] PluginManager:220 - loadIPPluginJar : add openamp
2025-09-03 22:11:23,113 [INFO] IPUIPlugin:80 - create IPUIPlugin
2025-09-03 22:11:23,113 [INFO] PluginManager:220 - loadIPPluginJar : add pdm2pcm
2025-09-03 22:11:23,121 [INFO] IPUIPlugin:80 - create IPUIPlugin
2025-09-03 22:11:23,125 [INFO] PluginManager:220 - loadIPPluginJar : add plateformsettings
2025-09-03 22:11:23,126 [INFO] IPUIPlugin:80 - create IPUIPlugin
2025-09-03 22:11:23,126 [INFO] PluginManager:220 - loadIPPluginJar : add quadspi
2025-09-03 22:11:23,128 [INFO] IPUIPlugin:80 - create IPUIPlugin
2025-09-03 22:11:23,129 [INFO] PluginManager:220 - loadIPPluginJar : add radio
2025-09-03 22:11:23,133 [INFO] IPUIPlugin:80 - create IPUIPlugin
2025-09-03 22:11:23,133 [INFO] PluginManager:220 - loadIPPluginJar : add resmgrutility
2025-09-03 22:11:23,139 [INFO] IPUIPlugin:80 - create IPUIPlugin
2025-09-03 22:11:23,139 [INFO] PluginManager:220 - loadIPPluginJar : add sai
2025-09-03 22:11:23,143 [INFO] IPUIPlugin:80 - create IPUIPlugin
2025-09-03 22:11:23,143 [INFO] PluginManager:220 - loadIPPluginJar : add spi
2025-09-03 22:11:23,149 [INFO] IPUIPlugin:80 - create IPUIPlugin
2025-09-03 22:11:23,150 [INFO] PluginManager:220 - loadIPPluginJar : add stm32_wpan
2025-09-03 22:11:23,152 [INFO] IPUIPlugin:80 - create IPUIPlugin
2025-09-03 22:11:23,152 [INFO] PluginManager:220 - loadIPPluginJar : add tim
2025-09-03 22:11:23,156 [INFO] IPUIPlugin:80 - create IPUIPlugin
2025-09-03 22:11:23,156 [INFO] PluginManager:220 - loadIPPluginJar : add touchsensing
2025-09-03 22:11:23,158 [INFO] IPUIPlugin:80 - create IPUIPlugin
2025-09-03 22:11:23,159 [INFO] PluginManager:220 - loadIPPluginJar : add tracer_emb
2025-09-03 22:11:23,161 [INFO] IPUIPlugin:80 - create IPUIPlugin
2025-09-03 22:11:23,161 [INFO] PluginManager:220 - loadIPPluginJar : add ts
2025-09-03 22:11:23,163 [INFO] IPUIPlugin:80 - create IPUIPlugin
2025-09-03 22:11:23,163 [INFO] PluginManager:220 - loadIPPluginJar : add tsc
2025-09-03 22:11:23,165 [INFO] IPUIPlugin:80 - create IPUIPlugin
2025-09-03 22:11:23,165 [INFO] PluginManager:220 - loadIPPluginJar : add ucpd
2025-09-03 22:11:23,169 [INFO] IPUIPlugin:80 - create IPUIPlugin
2025-09-03 22:11:23,170 [INFO] PluginManager:220 - loadIPPluginJar : add usart
2025-09-03 22:11:23,173 [INFO] IPUIPlugin:80 - create IPUIPlugin
2025-09-03 22:11:23,173 [INFO] PluginManager:220 - loadIPPluginJar : add usbx
2025-09-03 22:11:23,341 [FATAL] Updater:351 - Updater called before beeing initialized
2025-09-03 22:11:23,458 [INFO] RulesReader:64 - Compatibility file has been processed (317 Rules)
2025-09-03 22:11:23,487 [INFO] RulesReader:64 - Compatibility file has been processed (317 Rules)
2025-09-03 22:11:23,497 [INFO] CADModel:165 - CPN selected for project level
2025-09-03 22:11:23,497 [INFO] CADModel:114 - Register for checkConnection events
2025-09-03 22:11:23,498 [FATAL] Updater:351 - Updater called before beeing initialized
2025-09-03 22:11:23,498 [ERROR] CADModel:125 - Updater not yet initialized, retry later 
2025-09-03 22:11:23,662 [FATAL] Updater:351 - Updater called before beeing initialized
2025-09-03 22:11:23,664 [INFO] CADModel:165 - CPN selected for project level
2025-09-03 22:11:23,664 [INFO] CADModel:114 - Register for checkConnection events
2025-09-03 22:11:23,664 [FATAL] Updater:351 - Updater called before beeing initialized
2025-09-03 22:11:23,664 [ERROR] CADModel:125 - Updater not yet initialized, retry later 
2025-09-03 22:11:23,670 [FATAL] Updater:351 - Updater called before beeing initialized
2025-09-03 22:11:23,840 [FATAL] Updater:351 - Updater called before beeing initialized
2025-09-03 22:11:23,844 [INFO] DbMcusAds:53 - JSON generation date=Tue Jul 08 10:14:23 CEST 2025 (1751962463582)
2025-09-03 22:11:23,844 [FATAL] Updater:351 - Updater called before beeing initialized
2025-09-03 22:11:23,881 [WARN] DetailPanel:346 - Failed to get advertising image, set to default
2025-09-03 22:11:23,979 [FATAL] Updater:351 - Updater called before beeing initialized
2025-09-03 22:11:23,981 [FATAL] Updater:351 - Updater called before beeing initialized
2025-09-03 22:11:23,981 [FATAL] Updater:351 - Updater called before beeing initialized
2025-09-03 22:11:23,981 [WARN] DetailPanel:346 - Failed to get advertising image, set to default
2025-09-03 22:11:23,982 [FATAL] Updater:351 - Updater called before beeing initialized
2025-09-03 22:11:24,033 [ERROR] Updater:1198 - MainUpdater not yet initialized. External WinMGr cannot be set.
2025-09-03 22:11:24,035 [INFO] Updater:1134 - Updater Version found : 6.15.0
2025-09-03 22:11:24,052 [INFO] ApplicationProperties:184 - Using Application install path: C:\ST\STM32CubeIDE_1.19.0\STM32CubeIDE\plugins\com.st.stm32cube.common.mx_6.15.0.202507011659
2025-09-03 22:11:25,431 [INFO] ThirdPartyUpdaterWithRetryManager:70 - Updater plugin not ready yet. [2/15]
2025-09-03 22:11:25,655 [ERROR] LogOutputStream:75 - [STDERR_REDIRECT] Sep 03, 2025 10:11:25 PM java.util.prefs.WindowsPreferences <init>
2025-09-03 22:11:25,658 [ERROR] LogOutputStream:75 - [STDERR_REDIRECT] WARNING: Could not open/create prefs root node Software\JavaSoft\Prefs at root 0xffffffff80000002. Windows RegCreateKeyEx(...) returned error code 5.
2025-09-03 22:11:25,658 [ERROR] LogOutputStream:75 - [STDERR_REDIRECT] 
2025-09-03 22:11:26,021 [INFO] MainUpdater:2872 - connection check result : 10
2025-09-03 22:11:26,021 [INFO] MainUpdater:289 - Updater Check For Update Now.
2025-09-03 22:11:26,021 [INFO] MicroXplorer:498 - Change Database Version : DB.6.0.150
2025-09-03 22:11:26,028 [INFO] McuFinderGlobals:63 - Set McuFinder mode to 2 (CubeIDE integrated)
2025-09-03 22:11:26,028 [INFO] UserAuth:487 - Internet connection configuration mode: 1
2025-09-03 22:11:26,054 [INFO] JxBrowserEngine:152 - Initiate JxBrowser Engine with user profile folder
2025-09-03 22:11:26,227 [INFO] CheckServerUpdateThread:120 - End of CheckServer Thread
2025-09-03 22:11:26,831 [INFO] WebApp:169 - Instantiating new browser for Auth
2025-09-03 22:11:27,829 [INFO] WebApp:463 - Apply proxy settings
2025-09-03 22:11:27,829 [INFO] WebApp:548 - Chromium requires no authentication
2025-09-03 22:11:27,839 [INFO] WebApp:491 - Direct internet connection detected
2025-09-03 22:11:27,872 [INFO] WebApp:900 - Register for checkConnection events
2025-09-03 22:11:27,872 [INFO] WebApp:463 - Apply proxy settings
2025-09-03 22:11:27,872 [INFO] WebApp:548 - Chromium requires no authentication
2025-09-03 22:11:27,873 [INFO] WebApp:491 - Direct internet connection detected
2025-09-03 22:11:28,161 [INFO] WebApp:191 - Connection restablished
2025-09-03 22:11:28,314 [INFO] WebApp:225 - Starting web application
2025-09-03 22:11:28,314 [INFO] WebApp:593 - Web application path used C:\ST\STM32CubeIDE_1.19.0\STM32CubeIDE\plugins\com.st.stm32cube.common.mx_6.15.0.202507011659\db\plugins\mcufinder\reactClient1\index.html
2025-09-03 22:11:28,437 [INFO] UserAuth:487 - Internet connection configuration mode: 1
2025-09-03 22:11:28,725 [ERROR] LogOutputStream:75 - [STDERR_REDIRECT] [Fatal Error] :1:1: Premature end of file.
2025-09-03 22:11:28,727 [ERROR] LogOutputStream:75 - [STDERR_REDIRECT] 
2025-09-03 22:11:29,197 [WARN] PackLoader:240 - Cannot read IP mode file for STMicroelectronics.FP-SNS-MOTENVWB1.1.4.0
2025-09-03 22:11:29,212 [WARN] PackLoader:240 - Cannot read IP mode file for STMicroelectronics.FP-ATR-ASTRA1.2.0.2
2025-09-03 22:11:29,216 [WARN] PackLoader:240 - Cannot read IP mode file for STMicroelectronics.FP-ATR-ASTRA1.2.0.1
2025-09-03 22:11:29,228 [WARN] PackLoader:240 - Cannot read IP mode file for STMicroelectronics.X-CUBE-SMBUS.2.1.0
2025-09-03 22:11:29,241 [WARN] PackLoader:240 - Cannot read IP mode file for STMicroelectronics.X-CUBE-WB05N.1.1.0
2025-09-03 22:11:29,249 [WARN] PackLoader:240 - Cannot read IP mode file for STMicroelectronics.X-CUBE-ST60.1.0.0
2025-09-03 22:11:29,286 [WARN] PackLoader:240 - Cannot read IP mode file for STMicroelectronics.X-CUBE-AZRTOS-F7.1.1.0
2025-09-03 22:11:29,296 [WARN] PackLoader:240 - Cannot read IP mode file for STMicroelectronics.FP-SNS-FLIGHT1.5.0.2
2025-09-03 22:11:29,380 [WARN] PackLoader:240 - Cannot read IP mode file for Infineon.AIROC-Wi-Fi-Bluetooth-STM32.1.7.0
2025-09-03 22:11:29,425 [WARN] PackLoader:240 - Cannot read IP mode file for STMicroelectronics.X-CUBE-AZRTOS-H7.3.4.0
2025-09-03 22:11:29,440 [WARN] PackLoader:240 - Cannot read IP mode file for STMicroelectronics.X-CUBE-DISPLAY.3.0.0
2025-09-03 22:11:29,453 [WARN] PackLoader:240 - Cannot read IP mode file for STMicroelectronics.X-CUBE-BLE1.7.0.0
2025-09-03 22:11:29,461 [WARN] PackLoader:240 - Cannot read IP mode file for STMicroelectronics.X-CUBE-NFC10.1.0.0
2025-09-03 22:11:29,480 [WARN] PackLoader:240 - Cannot read IP mode file for STMicroelectronics.X-CUBE-BLEMGR.4.0.0
2025-09-03 22:11:29,491 [WARN] PackLoader:240 - Cannot read IP mode file for emotas.I-CUBE-CANOPEN.1.3.0
2025-09-03 22:11:29,495 [WARN] PackLoader:240 - Cannot read IP mode file for STMicroelectronics.X-CUBE-AI.10.0.0
2025-09-03 22:11:29,502 [WARN] PackLoader:240 - Cannot read IP mode file for STMicroelectronics.FP-SNS-STBOX1.2.1.0
2025-09-03 22:11:29,508 [WARN] PackLoader:240 - Cannot read IP mode file for STMicroelectronics.FP-SNS-SMARTAG2.1.2.0
2025-09-03 22:11:29,512 [WARN] PackLoader:240 - Cannot read IP mode file for STMicroelectronics.FP-SNS-FLIGHT1.5.1.0
2025-09-03 22:11:29,563 [WARN] PackLoader:240 - Cannot read IP mode file for STMicroelectronics.X-CUBE-MEMS1.11.1.0
2025-09-03 22:11:29,611 [ERROR] LogOutputStream:75 - [STDERR_REDIRECT] [Fatal Error] :1:1: Premature end of file.
2025-09-03 22:11:29,612 [ERROR] LogOutputStream:75 - [STDERR_REDIRECT] 
2025-09-03 22:11:29,831 [INFO] LogOutputStream:77 - [STDOUT_REDIRECT] 1 : Invalid condition id : UX_CORESTACK_Condition cause : null
2025-09-03 22:11:29,833 [INFO] LogOutputStream:77 - [STDOUT_REDIRECT] 1 : Invalid condition id : UX_CORESTACK_Condition cause : null
2025-09-03 22:11:29,837 [INFO] LogOutputStream:77 - [STDOUT_REDIRECT] 1 : Invalid condition id : UX_CORESTACK_Condition cause : null
2025-09-03 22:11:29,838 [INFO] LogOutputStream:77 - [STDOUT_REDIRECT] 1 : Invalid condition id : UX_CORESTACK_Condition cause : null
2025-09-03 22:11:29,839 [INFO] LogOutputStream:77 - [STDOUT_REDIRECT] 1 : Invalid condition id : UX_CORESTACK_Condition cause : null
2025-09-03 22:11:29,842 [WARN] PackLoader:240 - Cannot read IP mode file for STMicroelectronics.X-CUBE-AZRTOS-WL.2.0.0
2025-09-03 22:11:29,851 [WARN] PackLoader:240 - Cannot read IP mode file for STMicroelectronics.FP-SNS-MOTENV1.5.0.0
2025-09-03 22:11:29,858 [WARN] PackLoader:240 - Cannot read IP mode file for wolfSSL.I-CUBE-wolfMQTT.1.19.0
2025-09-03 22:11:29,869 [WARN] PackLoader:240 - Cannot read IP mode file for WES.I-CUBE-Cesium.1.3.0
2025-09-03 22:11:29,874 [WARN] PackLoader:240 - Cannot read IP mode file for STMicroelectronics.X-CUBE-BLE2.3.3.0
2025-09-03 22:11:29,881 [WARN] PackLoader:240 - Cannot read IP mode file for STMicroelectronics.X-CUBE-NFC9.1.0.0
2025-09-03 22:11:29,888 [WARN] PackLoader:240 - Cannot read IP mode file for STMicroelectronics.X-CUBE-BLE1.7.1.0
2025-09-03 22:11:29,904 [WARN] PackLoader:240 - Cannot read IP mode file for STMicroelectronics.X-CUBE-EEPRMA1.5.2.0
2025-09-03 22:11:29,910 [WARN] PackLoader:240 - Cannot read IP mode file for STMicroelectronics.X-CUBE-AI.10.1.0
2025-09-03 22:11:29,958 [WARN] PackLoader:240 - Cannot read IP mode file for STMicroelectronics.X-CUBE-MEMS1.11.2.0
2025-09-03 22:11:30,110 [WARN] PackLoader:240 - Cannot read IP mode file for STMicroelectronics.X-CUBE-AZRTOS-G0.1.1.0
2025-09-03 22:11:30,125 [WARN] PackLoader:240 - Cannot read IP mode file for STMicroelectronics.X-CUBE-SAFEA1.1.2.2
2025-09-03 22:11:30,136 [WARN] PackLoader:240 - Cannot read IP mode file for STMicroelectronics.X-CUBE-NFC4.3.0.0
2025-09-03 22:11:30,149 [WARN] PackLoader:240 - Cannot read IP mode file for EmbeddedOffice.I-CUBE-FS-RTOS.1.0.1
2025-09-03 22:11:30,160 [WARN] PackLoader:240 - Cannot read IP mode file for STMicroelectronics.X-CUBE-WB05N.2.0.0
2025-09-03 22:11:30,170 [WARN] PackLoader:240 - Cannot read IP mode file for STMicroelectronics.X-CUBE-TCPP.4.2.0
2025-09-03 22:11:30,179 [WARN] PackLoader:240 - Cannot read IP mode file for RealThread.X-CUBE-RT-Thread_Nano.4.1.1
2025-09-03 22:11:30,188 [WARN] PackLoader:240 - Cannot read IP mode file for STMicroelectronics.FP-ATR-SIGFOX1.3.2.0
2025-09-03 22:11:30,198 [WARN] ConditionMgr:438 - getConditionDescription Invalid condition id : Cortex-A Device cause : null
2025-09-03 22:11:30,222 [WARN] ConditionMgr:1044 - genDependencies : Invalid condition id : Cortex-A Device cause : null
2025-09-03 22:11:30,222 [WARN] ConditionMgr:1044 - genDependencies : Invalid condition id : Cortex-A Device cause : null
2025-09-03 22:11:30,222 [WARN] ConditionMgr:1044 - genDependencies : Invalid condition id : Cortex-A Device cause : null
2025-09-03 22:11:30,228 [WARN] PackLoader:240 - Cannot read IP mode file for STMicroelectronics.X-CUBE-EEPRMA1.5.1.0
2025-09-03 22:11:30,237 [WARN] PackLoader:240 - Cannot read IP mode file for wolfSSL.I-CUBE-wolfSSL.5.7.4
2025-09-03 22:11:30,245 [WARN] PackLoader:240 - Cannot read IP mode file for ITTIA_DB.I-CUBE-ITTIADB.8.9.0
2025-09-03 22:11:30,257 [WARN] PackLoader:240 - Cannot read IP mode file for STMicroelectronics.X-CUBE-ST67W61.1.0.0
2025-09-03 22:11:30,263 [WARN] PackLoader:240 - Cannot read IP mode file for STMicroelectronics.X-CUBE-AI.10.2.0
2025-09-03 22:11:30,311 [WARN] PackLoader:240 - Cannot read IP mode file for SEGGER.I-CUBE-embOS.1.3.1
2025-09-03 22:11:30,365 [WARN] PackLoader:240 - Cannot read IP mode file for STMicroelectronics.X-CUBE-ALGOBUILD.1.4.0
2025-09-03 22:11:30,427 [WARN] PackLoader:240 - Cannot read IP mode file for STMicroelectronics.X-CUBE-MEMS1.11.3.0
2025-09-03 22:11:30,594 [WARN] PackLoader:240 - Cannot read IP mode file for STMicroelectronics.X-CUBE-AI.9.1.0
2025-09-03 22:11:30,604 [WARN] PackLoader:240 - Cannot read IP mode file for STMicroelectronics.X-CUBE-PM33A1.1.0.0
2025-09-03 22:11:30,635 [WARN] PackLoader:240 - Cannot read IP mode file for STMicroelectronics.X-CUBE-AZRTOS-F4.1.1.0
2025-09-03 22:11:30,647 [WARN] PackLoader:240 - Cannot read IP mode file for Avnet-IotConnect.X-CUBE-IoTC-DA16k-PMOD.1.0.0
2025-09-03 22:11:30,656 [WARN] PackLoader:240 - Cannot read IP mode file for STMicroelectronics.X-CUBE-ISPU.2.1.0
2025-09-03 22:11:30,674 [ERROR] LogOutputStream:75 - [STDERR_REDIRECT] [Fatal Error] :1:1: Premature end of file.
2025-09-03 22:11:30,674 [ERROR] LogOutputStream:75 - [STDERR_REDIRECT] 
2025-09-03 22:11:30,679 [WARN] PackLoader:240 - Cannot read IP mode file for STMicroelectronics.X-CUBE-NFC12.1.0.0
2025-09-03 22:11:30,722 [WARN] PackLoader:240 - Cannot read IP mode file for STMicroelectronics.X-CUBE-AZRTOS-L5.2.0.0
2025-09-03 22:11:30,761 [WARN] PackLoader:240 - Cannot read IP mode file for STMicroelectronics.X-CUBE-NFC6.3.1.0
2025-09-03 22:11:30,797 [WARN] PackLoader:240 - Cannot read IP mode file for STMicroelectronics.X-CUBE-DPower.1.2.0
2025-09-03 22:11:30,815 [WARN] PackLoader:240 - Cannot read IP mode file for STMicroelectronics.X-CUBE-FREERTOS.1.3.1
2025-09-03 22:11:30,830 [WARN] PackLoader:240 - Cannot read IP mode file for STMicroelectronics.X-CUBE-FREERTOS.1.3.0
2025-09-03 22:11:30,855 [WARN] PackLoader:240 - Cannot read IP mode file for STMicroelectronics.X-CUBE-NFC7.1.0.1
2025-09-03 22:11:30,873 [WARN] PackLoader:240 - Cannot read IP mode file for STMicroelectronics.FP-SNS-STAIOTCFT.1.0.0
2025-09-03 22:11:30,880 [WARN] PackLoader:240 - Cannot read IP mode file for STMicroelectronics.X-CUBE-DPower.1.3.0
2025-09-03 22:11:30,906 [WARN] ConditionMgr:438 - getConditionDescription Invalid condition id : LAN8742 Phy interface Condition cause : null
2025-09-03 22:11:30,907 [WARN] PackLoader:240 - Cannot read IP mode file for STMicroelectronics.X-CUBE-AZRTOS-L4.2.0.0
2025-09-03 22:11:30,908 [WARN] ConditionMgr:1044 - genDependencies : Invalid condition id : LAN8742 Phy interface Condition cause : null
2025-09-03 22:11:30,909 [WARN] ConditionMgr:1044 - genDependencies : Invalid condition id : LAN8742 Phy interface Condition cause : null
2025-09-03 22:11:30,909 [WARN] ConditionMgr:1044 - genDependencies : Invalid condition id : LAN8742 Phy interface Condition cause : null
2025-09-03 22:11:30,920 [WARN] PackLoader:240 - Cannot read IP mode file for STMicroelectronics.X-CUBE-SFXS2LP1.4.0.0
2025-09-03 22:11:30,940 [WARN] PackLoader:240 - Cannot read IP mode file for STMicroelectronics.X-CUBE-AZRTOS-H7.3.3.0
2025-09-03 22:11:30,956 [WARN] PackLoader:240 - Cannot read IP mode file for STMicroelectronics.X-CUBE-BLEMGR.4.1.0
2025-09-03 22:11:30,971 [WARN] ConditionMgr:438 - getConditionDescription Invalid condition id : UX DEVICE CLASS RTOS Condition cause : null
2025-09-03 22:11:30,973 [WARN] ConditionMgr:438 - getConditionDescription Invalid condition id : UX DEVICE CLASS RTOS Condition cause : null
2025-09-03 22:11:30,974 [WARN] PackLoader:240 - Cannot read IP mode file for STMicroelectronics.X-CUBE-AZRTOS-WB.2.0.0
2025-09-03 22:11:30,974 [WARN] ConditionMgr:1044 - genDependencies : Invalid condition id : UX DEVICE CLASS RTOS Condition cause : null
2025-09-03 22:11:30,974 [WARN] ConditionMgr:1044 - genDependencies : Invalid condition id : UX DEVICE CLASS RTOS Condition cause : null
2025-09-03 22:11:30,975 [WARN] ConditionMgr:1044 - genDependencies : Invalid condition id : UX DEVICE CLASS RTOS Condition cause : null
2025-09-03 22:11:30,975 [WARN] ConditionMgr:1044 - genDependencies : Invalid condition id : UX DEVICE CLASS RTOS Condition cause : null
2025-09-03 22:11:30,975 [WARN] ConditionMgr:1044 - genDependencies : Invalid condition id : UX DEVICE CLASS RTOS Condition cause : null
2025-09-03 22:11:30,982 [WARN] PackLoader:240 - Cannot read IP mode file for STMicroelectronics.X-CUBE-GNSS1.7.0.1
2025-09-03 22:11:30,991 [WARN] PackLoader:240 - Cannot read IP mode file for STMicroelectronics.X-CUBE-TOUCHGFX.4.25.0
2025-09-03 22:11:30,997 [WARN] PackLoader:240 - Cannot read IP mode file for STMicroelectronics.FP-SNS-STBOX1.2.0.0
2025-09-03 22:11:31,008 [WARN] PackLoader:240 - Cannot read IP mode file for STMicroelectronics.X-CUBE-SUBG2.5.0.0
2025-09-03 22:11:31,028 [WARN] PackLoader:240 - Cannot read IP mode file for STMicroelectronics.X-CUBE-AZRTOS-H7RS.1.1.0
2025-09-03 22:11:31,037 [WARN] PackLoader:240 - Cannot read IP mode file for Cesanta.I-CUBE-Mongoose.7.13.0
2025-09-03 22:11:31,055 [WARN] PackLoader:240 - Cannot read IP mode file for STMicroelectronics.X-CUBE-AZRTOS-G4.2.0.0
2025-09-03 22:11:31,061 [WARN] PackLoader:240 - Cannot read IP mode file for STMicroelectronics.X-CUBE-NFC7.2.0.0
2025-09-03 22:11:31,071 [WARN] PackLoader:240 - Cannot read IP mode file for STMicroelectronics.X-CUBE-IPS.3.1.0
2025-09-03 22:11:31,080 [WARN] PackLoader:240 - Cannot read IP mode file for STMicroelectronics.X-CUBE-ALS.1.0.2
2025-09-03 22:11:31,110 [WARN] PackLoader:240 - Cannot read IP mode file for STMicroelectronics.X-CUBE-MEMS1.10.0.0
2025-09-03 22:11:31,399 [WARN] PackLoader:240 - Cannot read IP mode file for STMicroelectronics.X-CUBE-TOUCHGFX.4.24.2
2025-09-03 22:11:31,406 [WARN] PackLoader:240 - Cannot read IP mode file for wolfSSL.I-CUBE-wolfTPM.3.4.0
2025-09-03 22:11:31,412 [WARN] PackLoader:240 - Cannot read IP mode file for portGmbH.I-Cube-SoM-uGOAL.1.1.0
2025-09-03 22:11:31,429 [WARN] PackLoader:240 - Cannot read IP mode file for STMicroelectronics.X-CUBE-AZRTOS-H7RS.1.0.0
2025-09-03 22:11:31,442 [WARN] PackLoader:240 - Cannot read IP mode file for STMicroelectronics.X-CUBE-TOF1.3.4.2
2025-09-03 22:11:31,457 [WARN] PackLoader:240 - Cannot read IP mode file for STMicroelectronics.X-CUBE-TOF1.3.4.3
2025-09-03 22:11:31,470 [WARN] PackLoader:240 - Cannot read IP mode file for wolfSSL.I-CUBE-wolfSSH.1.4.17
2025-09-03 22:11:31,470 [INFO] ThirdParty:978 - Integrity check success = true
2025-09-03 22:11:31,470 [INFO] IntegrityCheckThread:100 - exiting critical section [integrity check]
2025-09-03 22:11:31,470 [INFO] IntegrityCheckThread:103 - End integrity checks thread
2025-09-03 22:11:31,595 [ERROR] LogOutputStream:75 - [STDERR_REDIRECT] [Fatal Error] :1:1: Premature end of file.
2025-09-03 22:11:31,597 [ERROR] LogOutputStream:75 - [STDERR_REDIRECT] 
2025-09-03 22:11:32,598 [ERROR] LogOutputStream:75 - [STDERR_REDIRECT] [Fatal Error] :1:1: Premature end of file.
2025-09-03 22:11:32,598 [ERROR] LogOutputStream:75 - [STDERR_REDIRECT] 
2025-09-03 22:11:33,599 [ERROR] LogOutputStream:75 - [STDERR_REDIRECT] [Fatal Error] :1:1: Premature end of file.
2025-09-03 22:11:33,599 [ERROR] LogOutputStream:75 - [STDERR_REDIRECT] 
2025-09-03 22:11:34,696 [ERROR] LogOutputStream:75 - [STDERR_REDIRECT] [Fatal Error] :1:1: Premature end of file.
2025-09-03 22:11:34,696 [ERROR] LogOutputStream:75 - [STDERR_REDIRECT] 
2025-09-03 22:11:35,653 [ERROR] LogOutputStream:75 - [STDERR_REDIRECT] [Fatal Error] :1:1: Premature end of file.
2025-09-03 22:11:35,654 [ERROR] LogOutputStream:75 - [STDERR_REDIRECT] 
2025-09-03 22:11:36,683 [ERROR] LogOutputStream:75 - [STDERR_REDIRECT] [Fatal Error] :1:1: Premature end of file.
2025-09-03 22:11:36,685 [ERROR] LogOutputStream:75 - [STDERR_REDIRECT] 
2025-09-03 22:11:37,684 [ERROR] LogOutputStream:75 - [STDERR_REDIRECT] [Fatal Error] :1:1: Premature end of file.
2025-09-03 22:11:37,685 [ERROR] LogOutputStream:75 - [STDERR_REDIRECT] 
2025-09-03 22:11:38,694 [ERROR] LogOutputStream:75 - [STDERR_REDIRECT] [Fatal Error] :1:1: Premature end of file.
2025-09-03 22:11:38,694 [ERROR] LogOutputStream:75 - [STDERR_REDIRECT] 
2025-09-03 22:11:39,702 [ERROR] LogOutputStream:75 - [STDERR_REDIRECT] [Fatal Error] :1:1: Premature end of file.
2025-09-03 22:11:39,704 [ERROR] LogOutputStream:75 - [STDERR_REDIRECT] 
2025-09-03 22:11:40,706 [ERROR] LogOutputStream:75 - [STDERR_REDIRECT] [Fatal Error] :1:1: Premature end of file.
2025-09-03 22:11:40,707 [ERROR] LogOutputStream:75 - [STDERR_REDIRECT] 
2025-09-03 22:11:41,696 [ERROR] LogOutputStream:75 - [STDERR_REDIRECT] [Fatal Error] :1:1: Premature end of file.
2025-09-03 22:11:41,697 [ERROR] LogOutputStream:75 - [STDERR_REDIRECT] 
2025-09-03 22:11:42,597 [ERROR] LogOutputStream:75 - [STDERR_REDIRECT] [Fatal Error] :1:1: Premature end of file.
2025-09-03 22:11:42,598 [ERROR] LogOutputStream:75 - [STDERR_REDIRECT] 
2025-09-03 22:11:43,592 [ERROR] LogOutputStream:75 - [STDERR_REDIRECT] [Fatal Error] :1:1: Premature end of file.
2025-09-03 22:11:43,592 [ERROR] LogOutputStream:75 - [STDERR_REDIRECT] 
2025-09-03 22:11:44,595 [ERROR] LogOutputStream:75 - [STDERR_REDIRECT] [Fatal Error] :1:1: Premature end of file.
2025-09-03 22:11:44,595 [ERROR] LogOutputStream:75 - [STDERR_REDIRECT] 
2025-09-03 22:11:45,674 [ERROR] LogOutputStream:75 - [STDERR_REDIRECT] [Fatal Error] :1:1: Premature end of file.
2025-09-03 22:11:45,675 [ERROR] LogOutputStream:75 - [STDERR_REDIRECT] 
2025-09-03 22:11:46,595 [ERROR] LogOutputStream:75 - [STDERR_REDIRECT] [Fatal Error] :1:1: Premature end of file.
2025-09-03 22:11:46,595 [ERROR] LogOutputStream:75 - [STDERR_REDIRECT] 
2025-09-03 22:11:47,591 [ERROR] LogOutputStream:75 - [STDERR_REDIRECT] [Fatal Error] :1:1: Premature end of file.
2025-09-03 22:11:47,591 [ERROR] LogOutputStream:75 - [STDERR_REDIRECT] 
2025-09-03 22:11:48,706 [ERROR] LogOutputStream:75 - [STDERR_REDIRECT] [Fatal Error] :1:1: Premature end of file.
2025-09-03 22:11:48,707 [ERROR] LogOutputStream:75 - [STDERR_REDIRECT] 
2025-09-03 22:11:49,607 [ERROR] LogOutputStream:75 - [STDERR_REDIRECT] [Fatal Error] :1:1: Premature end of file.
2025-09-03 22:11:49,607 [ERROR] LogOutputStream:75 - [STDERR_REDIRECT] 
2025-09-03 22:11:50,591 [ERROR] LogOutputStream:75 - [STDERR_REDIRECT] [Fatal Error] :1:1: Premature end of file.
2025-09-03 22:11:50,591 [ERROR] LogOutputStream:75 - [STDERR_REDIRECT] 
2025-09-03 22:11:51,582 [ERROR] LogOutputStream:75 - [STDERR_REDIRECT] [Fatal Error] :1:1: Premature end of file.
2025-09-03 22:11:51,582 [ERROR] LogOutputStream:75 - [STDERR_REDIRECT] 
2025-09-03 22:11:52,595 [ERROR] LogOutputStream:75 - [STDERR_REDIRECT] [Fatal Error] :1:1: Premature end of file.
2025-09-03 22:11:52,597 [ERROR] LogOutputStream:75 - [STDERR_REDIRECT] 
2025-09-03 22:11:53,585 [ERROR] LogOutputStream:75 - [STDERR_REDIRECT] [Fatal Error] :1:1: Premature end of file.
2025-09-03 22:11:53,585 [ERROR] LogOutputStream:75 - [STDERR_REDIRECT] 
2025-09-03 22:11:54,597 [ERROR] LogOutputStream:75 - [STDERR_REDIRECT] [Fatal Error] :1:1: Premature end of file.
2025-09-03 22:11:54,598 [ERROR] LogOutputStream:75 - [STDERR_REDIRECT] 
2025-09-03 22:11:55,586 [ERROR] LogOutputStream:75 - [STDERR_REDIRECT] [Fatal Error] :1:1: Premature end of file.
2025-09-03 22:11:55,587 [ERROR] LogOutputStream:75 - [STDERR_REDIRECT] 
2025-09-03 22:11:56,618 [ERROR] LogOutputStream:75 - [STDERR_REDIRECT] [Fatal Error] :1:1: Premature end of file.
2025-09-03 22:11:56,618 [ERROR] LogOutputStream:75 - [STDERR_REDIRECT] 
2025-09-03 22:11:57,705 [ERROR] LogOutputStream:75 - [STDERR_REDIRECT] [Fatal Error] :1:1: Premature end of file.
2025-09-03 22:11:57,705 [ERROR] LogOutputStream:75 - [STDERR_REDIRECT] 
2025-09-03 22:11:58,598 [ERROR] LogOutputStream:75 - [STDERR_REDIRECT] [Fatal Error] :1:1: Premature end of file.
2025-09-03 22:11:58,598 [ERROR] LogOutputStream:75 - [STDERR_REDIRECT] 
2025-09-03 22:11:59,601 [ERROR] LogOutputStream:75 - [STDERR_REDIRECT] [Fatal Error] :1:1: Premature end of file.
2025-09-03 22:11:59,601 [ERROR] LogOutputStream:75 - [STDERR_REDIRECT] 
2025-09-03 22:12:00,602 [ERROR] LogOutputStream:75 - [STDERR_REDIRECT] [Fatal Error] :1:1: Premature end of file.
2025-09-03 22:12:00,602 [ERROR] LogOutputStream:75 - [STDERR_REDIRECT] 
2025-09-03 22:12:01,658 [ERROR] LogOutputStream:75 - [STDERR_REDIRECT] [Fatal Error] :1:1: Premature end of file.
2025-09-03 22:12:01,658 [ERROR] LogOutputStream:75 - [STDERR_REDIRECT] 
2025-09-03 22:12:02,618 [ERROR] LogOutputStream:75 - [STDERR_REDIRECT] [Fatal Error] :1:1: Premature end of file.
2025-09-03 22:12:02,618 [ERROR] LogOutputStream:75 - [STDERR_REDIRECT] 
2025-09-03 22:12:03,646 [ERROR] LogOutputStream:75 - [STDERR_REDIRECT] [Fatal Error] :1:1: Premature end of file.
2025-09-03 22:12:03,646 [ERROR] LogOutputStream:75 - [STDERR_REDIRECT] 
2025-09-03 22:12:04,604 [ERROR] LogOutputStream:75 - [STDERR_REDIRECT] [Fatal Error] :1:1: Premature end of file.
2025-09-03 22:12:04,605 [ERROR] LogOutputStream:75 - [STDERR_REDIRECT] 
2025-09-03 22:12:05,596 [ERROR] LogOutputStream:75 - [STDERR_REDIRECT] [Fatal Error] :1:1: Premature end of file.
2025-09-03 22:12:05,596 [ERROR] LogOutputStream:75 - [STDERR_REDIRECT] 
2025-09-03 22:12:06,656 [ERROR] LogOutputStream:75 - [STDERR_REDIRECT] [Fatal Error] :1:1: Premature end of file.
2025-09-03 22:12:06,657 [ERROR] LogOutputStream:75 - [STDERR_REDIRECT] 
2025-09-03 22:12:07,591 [ERROR] LogOutputStream:75 - [STDERR_REDIRECT] [Fatal Error] :1:1: Premature end of file.
2025-09-03 22:12:07,591 [ERROR] LogOutputStream:75 - [STDERR_REDIRECT] 
2025-09-03 22:12:08,604 [ERROR] LogOutputStream:75 - [STDERR_REDIRECT] [Fatal Error] :1:1: Premature end of file.
2025-09-03 22:12:08,605 [ERROR] LogOutputStream:75 - [STDERR_REDIRECT] 
2025-09-03 22:12:09,602 [ERROR] LogOutputStream:75 - [STDERR_REDIRECT] [Fatal Error] :1:1: Premature end of file.
2025-09-03 22:12:09,602 [ERROR] LogOutputStream:75 - [STDERR_REDIRECT] 
2025-09-03 22:12:10,711 [ERROR] LogOutputStream:75 - [STDERR_REDIRECT] [Fatal Error] :1:1: Premature end of file.
2025-09-03 22:12:10,711 [ERROR] LogOutputStream:75 - [STDERR_REDIRECT] 
2025-09-03 22:12:11,647 [ERROR] LogOutputStream:75 - [STDERR_REDIRECT] [Fatal Error] :1:1: Premature end of file.
2025-09-03 22:12:11,648 [ERROR] LogOutputStream:75 - [STDERR_REDIRECT] 
2025-09-03 22:12:12,599 [ERROR] LogOutputStream:75 - [STDERR_REDIRECT] [Fatal Error] :1:1: Premature end of file.
2025-09-03 22:12:12,599 [ERROR] LogOutputStream:75 - [STDERR_REDIRECT] 
2025-09-03 22:12:13,666 [ERROR] LogOutputStream:75 - [STDERR_REDIRECT] [Fatal Error] :1:1: Premature end of file.
2025-09-03 22:12:13,667 [ERROR] LogOutputStream:75 - [STDERR_REDIRECT] 
2025-09-03 22:12:14,672 [ERROR] LogOutputStream:75 - [STDERR_REDIRECT] [Fatal Error] :1:1: Premature end of file.
2025-09-03 22:12:14,673 [ERROR] LogOutputStream:75 - [STDERR_REDIRECT] 
2025-09-03 22:12:15,686 [ERROR] LogOutputStream:75 - [STDERR_REDIRECT] [Fatal Error] :1:1: Premature end of file.
2025-09-03 22:12:15,689 [ERROR] LogOutputStream:75 - [STDERR_REDIRECT] 
2025-09-03 22:12:16,655 [ERROR] LogOutputStream:75 - [STDERR_REDIRECT] [Fatal Error] :1:1: Premature end of file.
2025-09-03 22:12:16,655 [ERROR] LogOutputStream:75 - [STDERR_REDIRECT] 
2025-09-03 22:12:17,637 [ERROR] LogOutputStream:75 - [STDERR_REDIRECT] [Fatal Error] :1:1: Premature end of file.
2025-09-03 22:12:17,638 [ERROR] LogOutputStream:75 - [STDERR_REDIRECT] 
2025-09-03 22:12:18,676 [ERROR] LogOutputStream:75 - [STDERR_REDIRECT] [Fatal Error] :1:1: Premature end of file.
2025-09-03 22:12:18,676 [ERROR] LogOutputStream:75 - [STDERR_REDIRECT] 
2025-09-03 22:12:19,593 [ERROR] LogOutputStream:75 - [STDERR_REDIRECT] [Fatal Error] :1:1: Premature end of file.
2025-09-03 22:12:19,593 [ERROR] LogOutputStream:75 - [STDERR_REDIRECT] 
2025-09-03 22:12:20,650 [ERROR] LogOutputStream:75 - [STDERR_REDIRECT] [Fatal Error] :1:1: Premature end of file.
2025-09-03 22:12:20,650 [ERROR] LogOutputStream:75 - [STDERR_REDIRECT] 
2025-09-03 22:12:21,592 [ERROR] LogOutputStream:75 - [STDERR_REDIRECT] [Fatal Error] :1:1: Premature end of file.
2025-09-03 22:12:21,592 [ERROR] LogOutputStream:75 - [STDERR_REDIRECT] 
2025-09-03 22:12:22,598 [ERROR] LogOutputStream:75 - [STDERR_REDIRECT] [Fatal Error] :1:1: Premature end of file.
2025-09-03 22:12:22,599 [ERROR] LogOutputStream:75 - [STDERR_REDIRECT] 
2025-09-03 22:12:23,679 [ERROR] LogOutputStream:75 - [STDERR_REDIRECT] [Fatal Error] :1:1: Premature end of file.
2025-09-03 22:12:23,679 [ERROR] LogOutputStream:75 - [STDERR_REDIRECT] 
2025-09-03 22:12:24,593 [ERROR] LogOutputStream:75 - [STDERR_REDIRECT] [Fatal Error] :1:1: Premature end of file.
2025-09-03 22:12:24,593 [ERROR] LogOutputStream:75 - [STDERR_REDIRECT] 
2025-09-03 22:12:25,597 [ERROR] LogOutputStream:75 - [STDERR_REDIRECT] [Fatal Error] :1:1: Premature end of file.
2025-09-03 22:12:25,597 [ERROR] LogOutputStream:75 - [STDERR_REDIRECT] 
2025-09-03 22:12:26,601 [ERROR] LogOutputStream:75 - [STDERR_REDIRECT] [Fatal Error] :1:1: Premature end of file.
2025-09-03 22:12:26,601 [ERROR] LogOutputStream:75 - [STDERR_REDIRECT] 
2025-09-03 22:12:27,672 [ERROR] LogOutputStream:75 - [STDERR_REDIRECT] [Fatal Error] :1:1: Premature end of file.
2025-09-03 22:12:27,672 [ERROR] LogOutputStream:75 - [STDERR_REDIRECT] 
2025-09-03 22:12:28,697 [ERROR] LogOutputStream:75 - [STDERR_REDIRECT] [Fatal Error] :1:1: Premature end of file.
2025-09-03 22:12:28,698 [ERROR] LogOutputStream:75 - [STDERR_REDIRECT] 
2025-09-03 22:12:29,591 [ERROR] LogOutputStream:75 - [STDERR_REDIRECT] [Fatal Error] :1:1: Premature end of file.
2025-09-03 22:12:29,591 [ERROR] LogOutputStream:75 - [STDERR_REDIRECT] 
2025-09-03 22:12:30,696 [ERROR] LogOutputStream:75 - [STDERR_REDIRECT] [Fatal Error] :1:1: Premature end of file.
2025-09-03 22:12:30,697 [ERROR] LogOutputStream:75 - [STDERR_REDIRECT] 
2025-09-03 22:12:31,661 [ERROR] LogOutputStream:75 - [STDERR_REDIRECT] [Fatal Error] :1:1: Premature end of file.
2025-09-03 22:12:31,662 [ERROR] LogOutputStream:75 - [STDERR_REDIRECT] 
2025-09-03 22:12:32,655 [ERROR] LogOutputStream:75 - [STDERR_REDIRECT] [Fatal Error] :1:1: Premature end of file.
2025-09-03 22:12:32,656 [ERROR] LogOutputStream:75 - [STDERR_REDIRECT] 
2025-09-03 22:12:33,710 [ERROR] LogOutputStream:75 - [STDERR_REDIRECT] [Fatal Error] :1:1: Premature end of file.
2025-09-03 22:12:33,710 [ERROR] LogOutputStream:75 - [STDERR_REDIRECT] 
2025-09-03 22:12:34,590 [ERROR] LogOutputStream:75 - [STDERR_REDIRECT] [Fatal Error] :1:1: Premature end of file.
2025-09-03 22:12:34,590 [ERROR] LogOutputStream:75 - [STDERR_REDIRECT] 
2025-09-03 22:12:35,590 [ERROR] LogOutputStream:75 - [STDERR_REDIRECT] [Fatal Error] :1:1: Premature end of file.
2025-09-03 22:12:35,590 [ERROR] LogOutputStream:75 - [STDERR_REDIRECT] 
2025-09-03 22:12:36,598 [ERROR] LogOutputStream:75 - [STDERR_REDIRECT] [Fatal Error] :1:1: Premature end of file.
2025-09-03 22:12:36,598 [ERROR] LogOutputStream:75 - [STDERR_REDIRECT] 
2025-09-03 22:12:37,586 [ERROR] LogOutputStream:75 - [STDERR_REDIRECT] [Fatal Error] :1:1: Premature end of file.
2025-09-03 22:12:37,586 [ERROR] LogOutputStream:75 - [STDERR_REDIRECT] 
2025-09-03 22:12:38,607 [ERROR] LogOutputStream:75 - [STDERR_REDIRECT] [Fatal Error] :1:1: Premature end of file.
2025-09-03 22:12:38,607 [ERROR] LogOutputStream:75 - [STDERR_REDIRECT] 
2025-09-03 22:12:39,602 [ERROR] LogOutputStream:75 - [STDERR_REDIRECT] [Fatal Error] :1:1: Premature end of file.
2025-09-03 22:12:39,602 [ERROR] LogOutputStream:75 - [STDERR_REDIRECT] 
2025-09-03 22:12:40,757 [ERROR] LogOutputStream:75 - [STDERR_REDIRECT] [Fatal Error] :1:1: Premature end of file.
2025-09-03 22:12:40,757 [ERROR] LogOutputStream:75 - [STDERR_REDIRECT] 
2025-09-03 22:12:41,607 [ERROR] LogOutputStream:75 - [STDERR_REDIRECT] [Fatal Error] :1:1: Premature end of file.
2025-09-03 22:12:41,607 [ERROR] LogOutputStream:75 - [STDERR_REDIRECT] 
2025-09-03 22:12:42,599 [ERROR] LogOutputStream:75 - [STDERR_REDIRECT] [Fatal Error] :1:1: Premature end of file.
2025-09-03 22:12:42,599 [ERROR] LogOutputStream:75 - [STDERR_REDIRECT] 
2025-09-03 22:12:43,590 [ERROR] LogOutputStream:75 - [STDERR_REDIRECT] [Fatal Error] :1:1: Premature end of file.
2025-09-03 22:12:43,590 [ERROR] LogOutputStream:75 - [STDERR_REDIRECT] 
2025-09-03 22:12:44,594 [ERROR] LogOutputStream:75 - [STDERR_REDIRECT] [Fatal Error] :1:1: Premature end of file.
2025-09-03 22:12:44,594 [ERROR] LogOutputStream:75 - [STDERR_REDIRECT] 
2025-09-03 22:12:45,601 [ERROR] LogOutputStream:75 - [STDERR_REDIRECT] [Fatal Error] :1:1: Premature end of file.
2025-09-03 22:12:45,601 [ERROR] LogOutputStream:75 - [STDERR_REDIRECT] 
2025-09-03 22:12:46,603 [ERROR] LogOutputStream:75 - [STDERR_REDIRECT] [Fatal Error] :1:1: Premature end of file.
2025-09-03 22:12:46,603 [ERROR] LogOutputStream:75 - [STDERR_REDIRECT] 
2025-09-03 22:12:47,599 [ERROR] LogOutputStream:75 - [STDERR_REDIRECT] [Fatal Error] :1:1: Premature end of file.
2025-09-03 22:12:47,599 [ERROR] LogOutputStream:75 - [STDERR_REDIRECT] 
2025-09-03 22:12:48,611 [ERROR] LogOutputStream:75 - [STDERR_REDIRECT] [Fatal Error] :1:1: Premature end of file.
2025-09-03 22:12:48,611 [ERROR] LogOutputStream:75 - [STDERR_REDIRECT] 
2025-09-03 22:12:49,633 [ERROR] LogOutputStream:75 - [STDERR_REDIRECT] [Fatal Error] :1:1: Premature end of file.
2025-09-03 22:12:49,634 [ERROR] LogOutputStream:75 - [STDERR_REDIRECT] 
2025-09-03 22:12:50,594 [ERROR] LogOutputStream:75 - [STDERR_REDIRECT] [Fatal Error] :1:1: Premature end of file.
2025-09-03 22:12:50,595 [ERROR] LogOutputStream:75 - [STDERR_REDIRECT] 
2025-09-03 22:12:51,654 [ERROR] LogOutputStream:75 - [STDERR_REDIRECT] [Fatal Error] :1:1: Premature end of file.
2025-09-03 22:12:51,654 [ERROR] LogOutputStream:75 - [STDERR_REDIRECT] 
2025-09-03 22:12:52,675 [ERROR] LogOutputStream:75 - [STDERR_REDIRECT] [Fatal Error] :1:1: Premature end of file.
2025-09-03 22:12:52,676 [ERROR] LogOutputStream:75 - [STDERR_REDIRECT] 
2025-09-03 22:12:53,586 [ERROR] LogOutputStream:75 - [STDERR_REDIRECT] [Fatal Error] :1:1: Premature end of file.
2025-09-03 22:12:53,587 [ERROR] LogOutputStream:75 - [STDERR_REDIRECT] 
2025-09-03 22:12:54,689 [ERROR] LogOutputStream:75 - [STDERR_REDIRECT] [Fatal Error] :1:1: Premature end of file.
2025-09-03 22:12:54,689 [ERROR] LogOutputStream:75 - [STDERR_REDIRECT] 
2025-09-03 22:12:55,595 [ERROR] LogOutputStream:75 - [STDERR_REDIRECT] [Fatal Error] :1:1: Premature end of file.
2025-09-03 22:12:55,595 [ERROR] LogOutputStream:75 - [STDERR_REDIRECT] 
2025-09-03 22:12:56,596 [ERROR] LogOutputStream:75 - [STDERR_REDIRECT] [Fatal Error] :1:1: Premature end of file.
2025-09-03 22:12:56,597 [ERROR] LogOutputStream:75 - [STDERR_REDIRECT] 
2025-09-03 22:12:57,590 [ERROR] LogOutputStream:75 - [STDERR_REDIRECT] [Fatal Error] :1:1: Premature end of file.
2025-09-03 22:12:57,590 [ERROR] LogOutputStream:75 - [STDERR_REDIRECT] 
2025-09-03 22:12:58,666 [ERROR] LogOutputStream:75 - [STDERR_REDIRECT] [Fatal Error] :1:1: Premature end of file.
2025-09-03 22:12:58,667 [ERROR] LogOutputStream:75 - [STDERR_REDIRECT] 
2025-09-03 22:12:59,666 [ERROR] LogOutputStream:75 - [STDERR_REDIRECT] [Fatal Error] :1:1: Premature end of file.
2025-09-03 22:12:59,667 [ERROR] LogOutputStream:75 - [STDERR_REDIRECT] 
2025-09-03 22:13:00,635 [ERROR] LogOutputStream:75 - [STDERR_REDIRECT] [Fatal Error] :1:1: Premature end of file.
2025-09-03 22:13:00,635 [ERROR] LogOutputStream:75 - [STDERR_REDIRECT] 
2025-09-03 22:13:01,715 [ERROR] LogOutputStream:75 - [STDERR_REDIRECT] [Fatal Error] :1:1: Premature end of file.
2025-09-03 22:13:01,720 [ERROR] LogOutputStream:75 - [STDERR_REDIRECT] 
2025-09-03 22:13:02,668 [ERROR] LogOutputStream:75 - [STDERR_REDIRECT] [Fatal Error] :1:1: Premature end of file.
2025-09-03 22:13:02,668 [ERROR] LogOutputStream:75 - [STDERR_REDIRECT] 
2025-09-03 22:13:03,686 [ERROR] LogOutputStream:75 - [STDERR_REDIRECT] [Fatal Error] :1:1: Premature end of file.
2025-09-03 22:13:03,686 [ERROR] LogOutputStream:75 - [STDERR_REDIRECT] 
2025-09-03 22:13:04,689 [ERROR] LogOutputStream:75 - [STDERR_REDIRECT] [Fatal Error] :1:1: Premature end of file.
2025-09-03 22:13:04,689 [ERROR] LogOutputStream:75 - [STDERR_REDIRECT] 
2025-09-03 22:13:05,584 [ERROR] LogOutputStream:75 - [STDERR_REDIRECT] [Fatal Error] :1:1: Premature end of file.
2025-09-03 22:13:05,585 [ERROR] LogOutputStream:75 - [STDERR_REDIRECT] 
2025-09-03 22:13:06,587 [ERROR] LogOutputStream:75 - [STDERR_REDIRECT] [Fatal Error] :1:1: Premature end of file.
2025-09-03 22:13:06,587 [ERROR] LogOutputStream:75 - [STDERR_REDIRECT] 
2025-09-03 22:13:07,592 [ERROR] LogOutputStream:75 - [STDERR_REDIRECT] [Fatal Error] :1:1: Premature end of file.
2025-09-03 22:13:07,592 [ERROR] LogOutputStream:75 - [STDERR_REDIRECT] 
2025-09-03 22:13:08,722 [ERROR] LogOutputStream:75 - [STDERR_REDIRECT] [Fatal Error] :1:1: Premature end of file.
2025-09-03 22:13:08,724 [ERROR] LogOutputStream:75 - [STDERR_REDIRECT] 
2025-09-03 22:13:09,672 [ERROR] LogOutputStream:75 - [STDERR_REDIRECT] [Fatal Error] :1:1: Premature end of file.
2025-09-03 22:13:09,673 [ERROR] LogOutputStream:75 - [STDERR_REDIRECT] 
2025-09-03 22:13:10,587 [ERROR] LogOutputStream:75 - [STDERR_REDIRECT] [Fatal Error] :1:1: Premature end of file.
2025-09-03 22:13:10,587 [ERROR] LogOutputStream:75 - [STDERR_REDIRECT] 
2025-09-03 22:13:11,591 [ERROR] LogOutputStream:75 - [STDERR_REDIRECT] [Fatal Error] :1:1: Premature end of file.
2025-09-03 22:13:11,591 [ERROR] LogOutputStream:75 - [STDERR_REDIRECT] 
2025-09-03 22:13:12,671 [ERROR] LogOutputStream:75 - [STDERR_REDIRECT] [Fatal Error] :1:1: Premature end of file.
2025-09-03 22:13:12,672 [ERROR] LogOutputStream:75 - [STDERR_REDIRECT] 
2025-09-03 22:13:13,592 [ERROR] LogOutputStream:75 - [STDERR_REDIRECT] [Fatal Error] :1:1: Premature end of file.
2025-09-03 22:13:13,592 [ERROR] LogOutputStream:75 - [STDERR_REDIRECT] 
2025-09-03 22:13:14,697 [ERROR] LogOutputStream:75 - [STDERR_REDIRECT] [Fatal Error] :1:1: Premature end of file.
2025-09-03 22:13:14,698 [ERROR] LogOutputStream:75 - [STDERR_REDIRECT] 
2025-09-03 22:13:15,707 [ERROR] LogOutputStream:75 - [STDERR_REDIRECT] [Fatal Error] :1:1: Premature end of file.
2025-09-03 22:13:15,709 [ERROR] LogOutputStream:75 - [STDERR_REDIRECT] 
2025-09-03 22:13:16,697 [ERROR] LogOutputStream:75 - [STDERR_REDIRECT] [Fatal Error] :1:1: Premature end of file.
2025-09-03 22:13:16,698 [ERROR] LogOutputStream:75 - [STDERR_REDIRECT] 
2025-09-03 22:13:17,698 [ERROR] LogOutputStream:75 - [STDERR_REDIRECT] [Fatal Error] :1:1: Premature end of file.
2025-09-03 22:13:17,699 [ERROR] LogOutputStream:75 - [STDERR_REDIRECT] 
2025-09-03 22:13:18,707 [ERROR] LogOutputStream:75 - [STDERR_REDIRECT] [Fatal Error] :1:1: Premature end of file.
2025-09-03 22:13:18,707 [ERROR] LogOutputStream:75 - [STDERR_REDIRECT] 
2025-09-03 22:13:19,674 [ERROR] LogOutputStream:75 - [STDERR_REDIRECT] [Fatal Error] :1:1: Premature end of file.
2025-09-03 22:13:19,675 [ERROR] LogOutputStream:75 - [STDERR_REDIRECT] 
2025-09-03 22:13:20,699 [ERROR] LogOutputStream:75 - [STDERR_REDIRECT] [Fatal Error] :1:1: Premature end of file.
2025-09-03 22:13:20,702 [ERROR] LogOutputStream:75 - [STDERR_REDIRECT] 
2025-09-03 22:13:21,698 [ERROR] LogOutputStream:75 - [STDERR_REDIRECT] [Fatal Error] :1:1: Premature end of file.
2025-09-03 22:13:21,699 [ERROR] LogOutputStream:75 - [STDERR_REDIRECT] 
2025-09-03 22:13:22,693 [ERROR] LogOutputStream:75 - [STDERR_REDIRECT] [Fatal Error] :1:1: Premature end of file.
2025-09-03 22:13:22,693 [ERROR] LogOutputStream:75 - [STDERR_REDIRECT] 
2025-09-03 22:13:23,688 [ERROR] LogOutputStream:75 - [STDERR_REDIRECT] [Fatal Error] :1:1: Premature end of file.
2025-09-03 22:13:23,688 [ERROR] LogOutputStream:75 - [STDERR_REDIRECT] 
2025-09-03 22:13:24,706 [ERROR] LogOutputStream:75 - [STDERR_REDIRECT] [Fatal Error] :1:1: Premature end of file.
2025-09-03 22:13:24,707 [ERROR] LogOutputStream:75 - [STDERR_REDIRECT] 
2025-09-03 22:13:25,582 [ERROR] LogOutputStream:75 - [STDERR_REDIRECT] [Fatal Error] :1:1: Premature end of file.
2025-09-03 22:13:25,583 [ERROR] LogOutputStream:75 - [STDERR_REDIRECT] 
2025-09-03 22:13:26,651 [ERROR] LogOutputStream:75 - [STDERR_REDIRECT] [Fatal Error] :1:1: Premature end of file.
2025-09-03 22:13:26,651 [ERROR] LogOutputStream:75 - [STDERR_REDIRECT] 
2025-09-03 22:13:27,604 [ERROR] LogOutputStream:75 - [STDERR_REDIRECT] [Fatal Error] :1:1: Premature end of file.
2025-09-03 22:13:27,604 [ERROR] LogOutputStream:75 - [STDERR_REDIRECT] 
2025-09-03 22:13:28,592 [ERROR] LogOutputStream:75 - [STDERR_REDIRECT] [Fatal Error] :1:1: Premature end of file.
2025-09-03 22:13:28,592 [ERROR] LogOutputStream:75 - [STDERR_REDIRECT] 
2025-09-03 22:13:29,712 [ERROR] LogOutputStream:75 - [STDERR_REDIRECT] [Fatal Error] :1:1: Premature end of file.
2025-09-03 22:13:29,713 [ERROR] LogOutputStream:75 - [STDERR_REDIRECT] 
2025-09-03 22:13:30,698 [ERROR] LogOutputStream:75 - [STDERR_REDIRECT] [Fatal Error] :1:1: Premature end of file.
2025-09-03 22:13:30,698 [ERROR] LogOutputStream:75 - [STDERR_REDIRECT] 
2025-09-03 22:13:31,601 [ERROR] LogOutputStream:75 - [STDERR_REDIRECT] [Fatal Error] :1:1: Premature end of file.
2025-09-03 22:13:31,601 [ERROR] LogOutputStream:75 - [STDERR_REDIRECT] 
2025-09-03 22:13:32,682 [ERROR] LogOutputStream:75 - [STDERR_REDIRECT] [Fatal Error] :1:1: Premature end of file.
2025-09-03 22:13:32,685 [ERROR] LogOutputStream:75 - [STDERR_REDIRECT] 
2025-09-03 22:13:33,709 [ERROR] LogOutputStream:75 - [STDERR_REDIRECT] [Fatal Error] :1:1: Premature end of file.
2025-09-03 22:13:33,710 [ERROR] LogOutputStream:75 - [STDERR_REDIRECT] 
2025-09-03 22:13:34,636 [ERROR] LogOutputStream:75 - [STDERR_REDIRECT] [Fatal Error] :1:1: Premature end of file.
2025-09-03 22:13:34,636 [ERROR] LogOutputStream:75 - [STDERR_REDIRECT] 
2025-09-03 22:13:35,713 [ERROR] LogOutputStream:75 - [STDERR_REDIRECT] [Fatal Error] :1:1: Premature end of file.
2025-09-03 22:13:35,714 [ERROR] LogOutputStream:75 - [STDERR_REDIRECT] 
2025-09-03 22:13:36,705 [ERROR] LogOutputStream:75 - [STDERR_REDIRECT] [Fatal Error] :1:1: Premature end of file.
2025-09-03 22:13:36,706 [ERROR] LogOutputStream:75 - [STDERR_REDIRECT] 
2025-09-03 22:13:37,702 [ERROR] LogOutputStream:75 - [STDERR_REDIRECT] [Fatal Error] :1:1: Premature end of file.
2025-09-03 22:13:37,703 [ERROR] LogOutputStream:75 - [STDERR_REDIRECT] 
2025-09-03 22:13:38,724 [ERROR] LogOutputStream:75 - [STDERR_REDIRECT] [Fatal Error] :1:1: Premature end of file.
2025-09-03 22:13:38,725 [ERROR] LogOutputStream:75 - [STDERR_REDIRECT] 
2025-09-03 22:13:39,709 [ERROR] LogOutputStream:75 - [STDERR_REDIRECT] [Fatal Error] :1:1: Premature end of file.
2025-09-03 22:13:39,710 [ERROR] LogOutputStream:75 - [STDERR_REDIRECT] 
2025-09-03 22:13:40,657 [ERROR] LogOutputStream:75 - [STDERR_REDIRECT] [Fatal Error] :1:1: Premature end of file.
2025-09-03 22:13:40,657 [ERROR] LogOutputStream:75 - [STDERR_REDIRECT] 
2025-09-03 22:13:41,581 [ERROR] LogOutputStream:75 - [STDERR_REDIRECT] [Fatal Error] :1:1: Premature end of file.
2025-09-03 22:13:41,581 [ERROR] LogOutputStream:75 - [STDERR_REDIRECT] 
2025-09-03 22:13:42,700 [ERROR] LogOutputStream:75 - [STDERR_REDIRECT] [Fatal Error] :1:1: Premature end of file.
2025-09-03 22:13:42,702 [ERROR] LogOutputStream:75 - [STDERR_REDIRECT] 
2025-09-03 22:13:43,697 [ERROR] LogOutputStream:75 - [STDERR_REDIRECT] [Fatal Error] :1:1: Premature end of file.
2025-09-03 22:13:43,697 [ERROR] LogOutputStream:75 - [STDERR_REDIRECT] 
2025-09-03 22:13:44,712 [ERROR] LogOutputStream:75 - [STDERR_REDIRECT] [Fatal Error] :1:1: Premature end of file.
2025-09-03 22:13:44,714 [ERROR] LogOutputStream:75 - [STDERR_REDIRECT] 
2025-09-03 22:13:45,709 [ERROR] LogOutputStream:75 - [STDERR_REDIRECT] [Fatal Error] :1:1: Premature end of file.
2025-09-03 22:13:45,711 [ERROR] LogOutputStream:75 - [STDERR_REDIRECT] 
2025-09-03 22:13:46,709 [ERROR] LogOutputStream:75 - [STDERR_REDIRECT] [Fatal Error] :1:1: Premature end of file.
2025-09-03 22:13:46,710 [ERROR] LogOutputStream:75 - [STDERR_REDIRECT] 
2025-09-03 22:13:47,711 [ERROR] LogOutputStream:75 - [STDERR_REDIRECT] [Fatal Error] :1:1: Premature end of file.
2025-09-03 22:13:47,711 [ERROR] LogOutputStream:75 - [STDERR_REDIRECT] 
2025-09-03 22:13:48,592 [ERROR] LogOutputStream:75 - [STDERR_REDIRECT] [Fatal Error] :1:1: Premature end of file.
2025-09-03 22:13:48,592 [ERROR] LogOutputStream:75 - [STDERR_REDIRECT] 
2025-09-03 22:13:49,620 [ERROR] LogOutputStream:75 - [STDERR_REDIRECT] [Fatal Error] :1:1: Premature end of file.
2025-09-03 22:13:49,620 [ERROR] LogOutputStream:75 - [STDERR_REDIRECT] 
2025-09-03 22:13:50,619 [ERROR] LogOutputStream:75 - [STDERR_REDIRECT] [Fatal Error] :1:1: Premature end of file.
2025-09-03 22:13:50,619 [ERROR] LogOutputStream:75 - [STDERR_REDIRECT] 
2025-09-03 22:13:51,646 [ERROR] LogOutputStream:75 - [STDERR_REDIRECT] [Fatal Error] :1:1: Premature end of file.
2025-09-03 22:13:51,646 [ERROR] LogOutputStream:75 - [STDERR_REDIRECT] 
2025-09-03 22:13:52,710 [ERROR] LogOutputStream:75 - [STDERR_REDIRECT] [Fatal Error] :1:1: Premature end of file.
2025-09-03 22:13:52,711 [ERROR] LogOutputStream:75 - [STDERR_REDIRECT] 
2025-09-03 22:13:53,697 [ERROR] LogOutputStream:75 - [STDERR_REDIRECT] [Fatal Error] :1:1: Premature end of file.
2025-09-03 22:13:53,698 [ERROR] LogOutputStream:75 - [STDERR_REDIRECT] 
2025-09-03 22:13:54,706 [ERROR] LogOutputStream:75 - [STDERR_REDIRECT] [Fatal Error] :1:1: Premature end of file.
2025-09-03 22:13:54,706 [ERROR] LogOutputStream:75 - [STDERR_REDIRECT] 
2025-09-03 22:13:55,672 [ERROR] LogOutputStream:75 - [STDERR_REDIRECT] [Fatal Error] :1:1: Premature end of file.
2025-09-03 22:13:55,672 [ERROR] LogOutputStream:75 - [STDERR_REDIRECT] 
2025-09-03 22:13:56,673 [ERROR] LogOutputStream:75 - [STDERR_REDIRECT] [Fatal Error] :1:1: Premature end of file.
2025-09-03 22:13:56,673 [ERROR] LogOutputStream:75 - [STDERR_REDIRECT] 
2025-09-03 22:13:57,712 [ERROR] LogOutputStream:75 - [STDERR_REDIRECT] [Fatal Error] :1:1: Premature end of file.
2025-09-03 22:13:57,712 [ERROR] LogOutputStream:75 - [STDERR_REDIRECT] 
2025-09-03 22:13:58,693 [ERROR] LogOutputStream:75 - [STDERR_REDIRECT] [Fatal Error] :1:1: Premature end of file.
2025-09-03 22:13:58,693 [ERROR] LogOutputStream:75 - [STDERR_REDIRECT] 
2025-09-03 22:13:59,728 [ERROR] LogOutputStream:75 - [STDERR_REDIRECT] [Fatal Error] :1:1: Premature end of file.
2025-09-03 22:13:59,729 [ERROR] LogOutputStream:75 - [STDERR_REDIRECT] 
2025-09-03 22:14:00,713 [ERROR] LogOutputStream:75 - [STDERR_REDIRECT] [Fatal Error] :1:1: Premature end of file.
2025-09-03 22:14:00,713 [ERROR] LogOutputStream:75 - [STDERR_REDIRECT] 
2025-09-03 22:14:01,702 [ERROR] LogOutputStream:75 - [STDERR_REDIRECT] [Fatal Error] :1:1: Premature end of file.
2025-09-03 22:14:01,703 [ERROR] LogOutputStream:75 - [STDERR_REDIRECT] 
2025-09-03 22:14:02,710 [ERROR] LogOutputStream:75 - [STDERR_REDIRECT] [Fatal Error] :1:1: Premature end of file.
2025-09-03 22:14:02,710 [ERROR] LogOutputStream:75 - [STDERR_REDIRECT] 
2025-09-03 22:14:03,699 [ERROR] LogOutputStream:75 - [STDERR_REDIRECT] [Fatal Error] :1:1: Premature end of file.
2025-09-03 22:14:03,699 [ERROR] LogOutputStream:75 - [STDERR_REDIRECT] 
2025-09-03 22:14:04,713 [ERROR] LogOutputStream:75 - [STDERR_REDIRECT] [Fatal Error] :1:1: Premature end of file.
2025-09-03 22:14:04,714 [ERROR] LogOutputStream:75 - [STDERR_REDIRECT] 
2025-09-03 22:14:05,697 [ERROR] LogOutputStream:75 - [STDERR_REDIRECT] [Fatal Error] :1:1: Premature end of file.
2025-09-03 22:14:05,698 [ERROR] LogOutputStream:75 - [STDERR_REDIRECT] 
2025-09-03 22:14:06,722 [ERROR] LogOutputStream:75 - [STDERR_REDIRECT] [Fatal Error] :1:1: Premature end of file.
2025-09-03 22:14:06,723 [ERROR] LogOutputStream:75 - [STDERR_REDIRECT] 
2025-09-03 22:14:07,641 [ERROR] LogOutputStream:75 - [STDERR_REDIRECT] [Fatal Error] :1:1: Premature end of file.
2025-09-03 22:14:07,641 [ERROR] LogOutputStream:75 - [STDERR_REDIRECT] 
2025-09-03 22:14:08,602 [ERROR] LogOutputStream:75 - [STDERR_REDIRECT] [Fatal Error] :1:1: Premature end of file.
2025-09-03 22:14:08,602 [ERROR] LogOutputStream:75 - [STDERR_REDIRECT] 
2025-09-03 22:14:09,698 [ERROR] LogOutputStream:75 - [STDERR_REDIRECT] [Fatal Error] :1:1: Premature end of file.
2025-09-03 22:14:09,699 [ERROR] LogOutputStream:75 - [STDERR_REDIRECT] 
2025-09-03 22:14:10,700 [ERROR] LogOutputStream:75 - [STDERR_REDIRECT] [Fatal Error] :1:1: Premature end of file.
2025-09-03 22:14:10,702 [ERROR] LogOutputStream:75 - [STDERR_REDIRECT] 
2025-09-03 22:14:11,652 [ERROR] LogOutputStream:75 - [STDERR_REDIRECT] [Fatal Error] :1:1: Premature end of file.
2025-09-03 22:14:11,652 [ERROR] LogOutputStream:75 - [STDERR_REDIRECT] 
2025-09-03 22:14:12,704 [ERROR] LogOutputStream:75 - [STDERR_REDIRECT] [Fatal Error] :1:1: Premature end of file.
2025-09-03 22:14:12,705 [ERROR] LogOutputStream:75 - [STDERR_REDIRECT] 
2025-09-03 22:14:13,709 [ERROR] LogOutputStream:75 - [STDERR_REDIRECT] [Fatal Error] :1:1: Premature end of file.
2025-09-03 22:14:13,709 [ERROR] LogOutputStream:75 - [STDERR_REDIRECT] 
2025-09-03 22:14:14,696 [ERROR] LogOutputStream:75 - [STDERR_REDIRECT] [Fatal Error] :1:1: Premature end of file.
2025-09-03 22:14:14,696 [ERROR] LogOutputStream:75 - [STDERR_REDIRECT] 
2025-09-03 22:14:15,604 [ERROR] LogOutputStream:75 - [STDERR_REDIRECT] [Fatal Error] :1:1: Premature end of file.
2025-09-03 22:14:15,604 [ERROR] LogOutputStream:75 - [STDERR_REDIRECT] 
2025-09-03 22:14:16,702 [ERROR] LogOutputStream:75 - [STDERR_REDIRECT] [Fatal Error] :1:1: Premature end of file.
2025-09-03 22:14:16,703 [ERROR] LogOutputStream:75 - [STDERR_REDIRECT] 
2025-09-03 22:14:17,589 [ERROR] LogOutputStream:75 - [STDERR_REDIRECT] [Fatal Error] :1:1: Premature end of file.
2025-09-03 22:14:17,589 [ERROR] LogOutputStream:75 - [STDERR_REDIRECT] 
2025-09-03 22:14:18,697 [ERROR] LogOutputStream:75 - [STDERR_REDIRECT] [Fatal Error] :1:1: Premature end of file.
2025-09-03 22:14:18,698 [ERROR] LogOutputStream:75 - [STDERR_REDIRECT] 
2025-09-03 22:14:19,708 [ERROR] LogOutputStream:75 - [STDERR_REDIRECT] [Fatal Error] :1:1: Premature end of file.
2025-09-03 22:14:19,708 [ERROR] LogOutputStream:75 - [STDERR_REDIRECT] 
2025-09-03 22:14:20,709 [ERROR] LogOutputStream:75 - [STDERR_REDIRECT] [Fatal Error] :1:1: Premature end of file.
2025-09-03 22:14:20,710 [ERROR] LogOutputStream:75 - [STDERR_REDIRECT] 
2025-09-03 22:14:21,593 [ERROR] LogOutputStream:75 - [STDERR_REDIRECT] [Fatal Error] :1:1: Premature end of file.
2025-09-03 22:14:21,593 [ERROR] LogOutputStream:75 - [STDERR_REDIRECT] 
2025-09-03 22:14:22,697 [ERROR] LogOutputStream:75 - [STDERR_REDIRECT] [Fatal Error] :1:1: Premature end of file.
2025-09-03 22:14:22,698 [ERROR] LogOutputStream:75 - [STDERR_REDIRECT] 
2025-09-03 22:14:23,631 [ERROR] LogOutputStream:75 - [STDERR_REDIRECT] [Fatal Error] :1:1: Premature end of file.
2025-09-03 22:14:23,631 [ERROR] LogOutputStream:75 - [STDERR_REDIRECT] 
2025-09-03 22:14:24,687 [ERROR] LogOutputStream:75 - [STDERR_REDIRECT] [Fatal Error] :1:1: Premature end of file.
2025-09-03 22:14:24,688 [ERROR] LogOutputStream:75 - [STDERR_REDIRECT] 
2025-09-03 22:14:25,609 [ERROR] LogOutputStream:75 - [STDERR_REDIRECT] [Fatal Error] :1:1: Premature end of file.
2025-09-03 22:14:25,609 [ERROR] LogOutputStream:75 - [STDERR_REDIRECT] 
2025-09-03 22:14:26,685 [ERROR] LogOutputStream:75 - [STDERR_REDIRECT] [Fatal Error] :1:1: Premature end of file.
2025-09-03 22:14:26,686 [ERROR] LogOutputStream:75 - [STDERR_REDIRECT] 
2025-09-03 22:14:27,681 [ERROR] LogOutputStream:75 - [STDERR_REDIRECT] [Fatal Error] :1:1: Premature end of file.
2025-09-03 22:14:27,681 [ERROR] LogOutputStream:75 - [STDERR_REDIRECT] 
2025-09-03 22:14:28,705 [ERROR] LogOutputStream:75 - [STDERR_REDIRECT] [Fatal Error] :1:1: Premature end of file.
2025-09-03 22:14:28,705 [ERROR] LogOutputStream:75 - [STDERR_REDIRECT] 
2025-09-03 22:14:29,697 [ERROR] LogOutputStream:75 - [STDERR_REDIRECT] [Fatal Error] :1:1: Premature end of file.
2025-09-03 22:14:29,698 [ERROR] LogOutputStream:75 - [STDERR_REDIRECT] 
2025-09-03 22:14:30,710 [ERROR] LogOutputStream:75 - [STDERR_REDIRECT] [Fatal Error] :1:1: Premature end of file.
2025-09-03 22:14:30,711 [ERROR] LogOutputStream:75 - [STDERR_REDIRECT] 
2025-09-03 22:14:31,710 [ERROR] LogOutputStream:75 - [STDERR_REDIRECT] [Fatal Error] :1:1: Premature end of file.
2025-09-03 22:14:31,710 [ERROR] LogOutputStream:75 - [STDERR_REDIRECT] 
2025-09-03 22:14:32,660 [ERROR] LogOutputStream:75 - [STDERR_REDIRECT] [Fatal Error] :1:1: Premature end of file.
2025-09-03 22:14:32,661 [ERROR] LogOutputStream:75 - [STDERR_REDIRECT] 
2025-09-03 22:14:33,687 [ERROR] LogOutputStream:75 - [STDERR_REDIRECT] [Fatal Error] :1:1: Premature end of file.
2025-09-03 22:14:33,687 [ERROR] LogOutputStream:75 - [STDERR_REDIRECT] 
2025-09-03 22:14:34,595 [ERROR] LogOutputStream:75 - [STDERR_REDIRECT] [Fatal Error] :1:1: Premature end of file.
2025-09-03 22:14:34,596 [ERROR] LogOutputStream:75 - [STDERR_REDIRECT] 
2025-09-03 22:14:35,696 [ERROR] LogOutputStream:75 - [STDERR_REDIRECT] [Fatal Error] :1:1: Premature end of file.
2025-09-03 22:14:35,697 [ERROR] LogOutputStream:75 - [STDERR_REDIRECT] 
2025-09-03 22:14:36,697 [ERROR] LogOutputStream:75 - [STDERR_REDIRECT] [Fatal Error] :1:1: Premature end of file.
2025-09-03 22:14:36,697 [ERROR] LogOutputStream:75 - [STDERR_REDIRECT] 
2025-09-03 22:14:37,712 [ERROR] LogOutputStream:75 - [STDERR_REDIRECT] [Fatal Error] :1:1: Premature end of file.
2025-09-03 22:14:37,712 [ERROR] LogOutputStream:75 - [STDERR_REDIRECT] 
2025-09-03 22:14:38,705 [ERROR] LogOutputStream:75 - [STDERR_REDIRECT] [Fatal Error] :1:1: Premature end of file.
2025-09-03 22:14:38,706 [ERROR] LogOutputStream:75 - [STDERR_REDIRECT] 
2025-09-03 22:14:39,686 [ERROR] LogOutputStream:75 - [STDERR_REDIRECT] [Fatal Error] :1:1: Premature end of file.
2025-09-03 22:14:39,686 [ERROR] LogOutputStream:75 - [STDERR_REDIRECT] 
2025-09-03 22:14:40,697 [ERROR] LogOutputStream:75 - [STDERR_REDIRECT] [Fatal Error] :1:1: Premature end of file.
2025-09-03 22:14:40,697 [ERROR] LogOutputStream:75 - [STDERR_REDIRECT] 
2025-09-03 22:14:41,704 [ERROR] LogOutputStream:75 - [STDERR_REDIRECT] [Fatal Error] :1:1: Premature end of file.
2025-09-03 22:14:41,704 [ERROR] LogOutputStream:75 - [STDERR_REDIRECT] 
2025-09-03 22:14:42,697 [ERROR] LogOutputStream:75 - [STDERR_REDIRECT] [Fatal Error] :1:1: Premature end of file.
2025-09-03 22:14:42,698 [ERROR] LogOutputStream:75 - [STDERR_REDIRECT] 
2025-09-03 22:14:43,690 [ERROR] LogOutputStream:75 - [STDERR_REDIRECT] [Fatal Error] :1:1: Premature end of file.
2025-09-03 22:14:43,691 [ERROR] LogOutputStream:75 - [STDERR_REDIRECT] 
2025-09-03 22:14:44,697 [ERROR] LogOutputStream:75 - [STDERR_REDIRECT] [Fatal Error] :1:1: Premature end of file.
2025-09-03 22:14:44,697 [ERROR] LogOutputStream:75 - [STDERR_REDIRECT] 
2025-09-03 22:14:45,690 [ERROR] LogOutputStream:75 - [STDERR_REDIRECT] [Fatal Error] :1:1: Premature end of file.
2025-09-03 22:14:45,690 [ERROR] LogOutputStream:75 - [STDERR_REDIRECT] 
2025-09-03 22:14:46,697 [ERROR] LogOutputStream:75 - [STDERR_REDIRECT] [Fatal Error] :1:1: Premature end of file.
2025-09-03 22:14:46,697 [ERROR] LogOutputStream:75 - [STDERR_REDIRECT] 
2025-09-03 22:14:47,720 [ERROR] LogOutputStream:75 - [STDERR_REDIRECT] [Fatal Error] :1:1: Premature end of file.
2025-09-03 22:14:47,721 [ERROR] LogOutputStream:75 - [STDERR_REDIRECT] 
2025-09-03 22:14:48,704 [ERROR] LogOutputStream:75 - [STDERR_REDIRECT] [Fatal Error] :1:1: Premature end of file.
2025-09-03 22:14:48,706 [ERROR] LogOutputStream:75 - [STDERR_REDIRECT] 
2025-09-03 22:14:49,703 [ERROR] LogOutputStream:75 - [STDERR_REDIRECT] [Fatal Error] :1:1: Premature end of file.
2025-09-03 22:14:49,703 [ERROR] LogOutputStream:75 - [STDERR_REDIRECT] 
2025-09-03 22:14:50,596 [ERROR] LogOutputStream:75 - [STDERR_REDIRECT] [Fatal Error] :1:1: Premature end of file.
2025-09-03 22:14:50,597 [ERROR] LogOutputStream:75 - [STDERR_REDIRECT] 
2025-09-03 22:14:51,588 [ERROR] LogOutputStream:75 - [STDERR_REDIRECT] [Fatal Error] :1:1: Premature end of file.
2025-09-03 22:14:51,588 [ERROR] LogOutputStream:75 - [STDERR_REDIRECT] 
2025-09-03 22:14:52,594 [ERROR] LogOutputStream:75 - [STDERR_REDIRECT] [Fatal Error] :1:1: Premature end of file.
2025-09-03 22:14:52,594 [ERROR] LogOutputStream:75 - [STDERR_REDIRECT] 
2025-09-03 22:14:53,674 [ERROR] LogOutputStream:75 - [STDERR_REDIRECT] [Fatal Error] :1:1: Premature end of file.
2025-09-03 22:14:53,674 [ERROR] LogOutputStream:75 - [STDERR_REDIRECT] 
2025-09-03 22:14:54,699 [ERROR] LogOutputStream:75 - [STDERR_REDIRECT] [Fatal Error] :1:1: Premature end of file.
2025-09-03 22:14:54,699 [ERROR] LogOutputStream:75 - [STDERR_REDIRECT] 
2025-09-03 22:14:55,706 [ERROR] LogOutputStream:75 - [STDERR_REDIRECT] [Fatal Error] :1:1: Premature end of file.
2025-09-03 22:14:55,708 [ERROR] LogOutputStream:75 - [STDERR_REDIRECT] 
2025-09-03 22:14:56,719 [ERROR] LogOutputStream:75 - [STDERR_REDIRECT] [Fatal Error] :1:1: Premature end of file.
2025-09-03 22:14:56,720 [ERROR] LogOutputStream:75 - [STDERR_REDIRECT] 
2025-09-03 22:14:57,698 [ERROR] LogOutputStream:75 - [STDERR_REDIRECT] [Fatal Error] :1:1: Premature end of file.
2025-09-03 22:14:57,699 [ERROR] LogOutputStream:75 - [STDERR_REDIRECT] 
2025-09-03 22:14:58,703 [ERROR] LogOutputStream:75 - [STDERR_REDIRECT] [Fatal Error] :1:1: Premature end of file.
2025-09-03 22:14:58,704 [ERROR] LogOutputStream:75 - [STDERR_REDIRECT] 
2025-09-03 22:14:59,695 [ERROR] LogOutputStream:75 - [STDERR_REDIRECT] [Fatal Error] :1:1: Premature end of file.
2025-09-03 22:14:59,696 [ERROR] LogOutputStream:75 - [STDERR_REDIRECT] 
2025-09-03 22:15:00,721 [ERROR] LogOutputStream:75 - [STDERR_REDIRECT] [Fatal Error] :1:1: Premature end of file.
2025-09-03 22:15:00,722 [ERROR] LogOutputStream:75 - [STDERR_REDIRECT] 
2025-09-03 22:15:01,703 [ERROR] LogOutputStream:75 - [STDERR_REDIRECT] [Fatal Error] :1:1: Premature end of file.
2025-09-03 22:15:01,704 [ERROR] LogOutputStream:75 - [STDERR_REDIRECT] 
2025-09-03 22:15:02,596 [ERROR] LogOutputStream:75 - [STDERR_REDIRECT] [Fatal Error] :1:1: Premature end of file.
2025-09-03 22:15:02,596 [ERROR] LogOutputStream:75 - [STDERR_REDIRECT] 
2025-09-03 22:15:03,593 [ERROR] LogOutputStream:75 - [STDERR_REDIRECT] [Fatal Error] :1:1: Premature end of file.
2025-09-03 22:15:03,593 [ERROR] LogOutputStream:75 - [STDERR_REDIRECT] 
2025-09-03 22:15:04,695 [ERROR] LogOutputStream:75 - [STDERR_REDIRECT] [Fatal Error] :1:1: Premature end of file.
2025-09-03 22:15:04,697 [ERROR] LogOutputStream:75 - [STDERR_REDIRECT] 
2025-09-03 22:15:05,591 [ERROR] LogOutputStream:75 - [STDERR_REDIRECT] [Fatal Error] :1:1: Premature end of file.
2025-09-03 22:15:05,591 [ERROR] LogOutputStream:75 - [STDERR_REDIRECT] 
2025-09-03 22:15:06,646 [ERROR] LogOutputStream:75 - [STDERR_REDIRECT] [Fatal Error] :1:1: Premature end of file.
2025-09-03 22:15:06,646 [ERROR] LogOutputStream:75 - [STDERR_REDIRECT] 
2025-09-03 22:15:07,715 [ERROR] LogOutputStream:75 - [STDERR_REDIRECT] [Fatal Error] :1:1: Premature end of file.
2025-09-03 22:15:07,716 [ERROR] LogOutputStream:75 - [STDERR_REDIRECT] 
2025-09-03 22:15:08,704 [ERROR] LogOutputStream:75 - [STDERR_REDIRECT] [Fatal Error] :1:1: Premature end of file.
2025-09-03 22:15:08,705 [ERROR] LogOutputStream:75 - [STDERR_REDIRECT] 
2025-09-03 22:15:09,713 [ERROR] LogOutputStream:75 - [STDERR_REDIRECT] [Fatal Error] :1:1: Premature end of file.
2025-09-03 22:15:09,713 [ERROR] LogOutputStream:75 - [STDERR_REDIRECT] 
2025-09-03 22:15:10,690 [ERROR] LogOutputStream:75 - [STDERR_REDIRECT] [Fatal Error] :1:1: Premature end of file.
2025-09-03 22:15:10,691 [ERROR] LogOutputStream:75 - [STDERR_REDIRECT] 
2025-09-03 22:15:11,697 [ERROR] LogOutputStream:75 - [STDERR_REDIRECT] [Fatal Error] :1:1: Premature end of file.
2025-09-03 22:15:11,698 [ERROR] LogOutputStream:75 - [STDERR_REDIRECT] 
2025-09-03 22:15:12,665 [ERROR] LogOutputStream:75 - [STDERR_REDIRECT] [Fatal Error] :1:1: Premature end of file.
2025-09-03 22:15:12,665 [ERROR] LogOutputStream:75 - [STDERR_REDIRECT] 
2025-09-03 22:15:13,633 [ERROR] LogOutputStream:75 - [STDERR_REDIRECT] [Fatal Error] :1:1: Premature end of file.
2025-09-03 22:15:13,634 [ERROR] LogOutputStream:75 - [STDERR_REDIRECT] 
2025-09-03 22:15:14,699 [ERROR] LogOutputStream:75 - [STDERR_REDIRECT] [Fatal Error] :1:1: Premature end of file.
2025-09-03 22:15:14,699 [ERROR] LogOutputStream:75 - [STDERR_REDIRECT] 
2025-09-03 22:15:15,688 [ERROR] LogOutputStream:75 - [STDERR_REDIRECT] [Fatal Error] :1:1: Premature end of file.
2025-09-03 22:15:15,689 [ERROR] LogOutputStream:75 - [STDERR_REDIRECT] 
2025-09-03 22:15:16,689 [ERROR] LogOutputStream:75 - [STDERR_REDIRECT] [Fatal Error] :1:1: Premature end of file.
2025-09-03 22:15:16,690 [ERROR] LogOutputStream:75 - [STDERR_REDIRECT] 
2025-09-03 22:15:17,619 [ERROR] LogOutputStream:75 - [STDERR_REDIRECT] [Fatal Error] :1:1: Premature end of file.
2025-09-03 22:15:17,619 [ERROR] LogOutputStream:75 - [STDERR_REDIRECT] 
2025-09-03 22:15:18,703 [ERROR] LogOutputStream:75 - [STDERR_REDIRECT] [Fatal Error] :1:1: Premature end of file.
2025-09-03 22:15:18,703 [ERROR] LogOutputStream:75 - [STDERR_REDIRECT] 
2025-09-03 22:15:19,699 [ERROR] LogOutputStream:75 - [STDERR_REDIRECT] [Fatal Error] :1:1: Premature end of file.
2025-09-03 22:15:19,700 [ERROR] LogOutputStream:75 - [STDERR_REDIRECT] 
2025-09-03 22:15:20,699 [ERROR] LogOutputStream:75 - [STDERR_REDIRECT] [Fatal Error] :1:1: Premature end of file.
2025-09-03 22:15:20,701 [ERROR] LogOutputStream:75 - [STDERR_REDIRECT] 
2025-09-03 22:15:21,592 [ERROR] LogOutputStream:75 - [STDERR_REDIRECT] [Fatal Error] :1:1: Premature end of file.
2025-09-03 22:15:21,592 [ERROR] LogOutputStream:75 - [STDERR_REDIRECT] 
2025-09-03 22:15:22,592 [ERROR] LogOutputStream:75 - [STDERR_REDIRECT] [Fatal Error] :1:1: Premature end of file.
2025-09-03 22:15:22,592 [ERROR] LogOutputStream:75 - [STDERR_REDIRECT] 
2025-09-03 22:15:23,589 [ERROR] LogOutputStream:75 - [STDERR_REDIRECT] [Fatal Error] :1:1: Premature end of file.
2025-09-03 22:15:23,589 [ERROR] LogOutputStream:75 - [STDERR_REDIRECT] 
2025-09-03 22:15:24,695 [ERROR] LogOutputStream:75 - [STDERR_REDIRECT] [Fatal Error] :1:1: Premature end of file.
2025-09-03 22:15:24,695 [ERROR] LogOutputStream:75 - [STDERR_REDIRECT] 
2025-09-03 22:15:25,686 [ERROR] LogOutputStream:75 - [STDERR_REDIRECT] [Fatal Error] :1:1: Premature end of file.
2025-09-03 22:15:25,687 [ERROR] LogOutputStream:75 - [STDERR_REDIRECT] 
2025-09-03 22:15:26,587 [ERROR] LogOutputStream:75 - [STDERR_REDIRECT] [Fatal Error] :1:1: Premature end of file.
2025-09-03 22:15:26,587 [ERROR] LogOutputStream:75 - [STDERR_REDIRECT] 
2025-09-03 22:15:27,583 [ERROR] LogOutputStream:75 - [STDERR_REDIRECT] [Fatal Error] :1:1: Premature end of file.
2025-09-03 22:15:27,583 [ERROR] LogOutputStream:75 - [STDERR_REDIRECT] 
2025-09-03 22:15:28,591 [ERROR] LogOutputStream:75 - [STDERR_REDIRECT] [Fatal Error] :1:1: Premature end of file.
2025-09-03 22:15:28,591 [ERROR] LogOutputStream:75 - [STDERR_REDIRECT] 
2025-09-03 22:15:29,592 [ERROR] LogOutputStream:75 - [STDERR_REDIRECT] [Fatal Error] :1:1: Premature end of file.
2025-09-03 22:15:29,593 [ERROR] LogOutputStream:75 - [STDERR_REDIRECT] 
2025-09-03 22:15:30,591 [ERROR] LogOutputStream:75 - [STDERR_REDIRECT] [Fatal Error] :1:1: Premature end of file.
2025-09-03 22:15:30,591 [ERROR] LogOutputStream:75 - [STDERR_REDIRECT] 
2025-09-03 22:15:31,592 [ERROR] LogOutputStream:75 - [STDERR_REDIRECT] [Fatal Error] :1:1: Premature end of file.
2025-09-03 22:15:31,592 [ERROR] LogOutputStream:75 - [STDERR_REDIRECT] 
2025-09-03 22:15:32,596 [ERROR] LogOutputStream:75 - [STDERR_REDIRECT] [Fatal Error] :1:1: Premature end of file.
2025-09-03 22:15:32,596 [ERROR] LogOutputStream:75 - [STDERR_REDIRECT] 
2025-09-03 22:15:33,594 [ERROR] LogOutputStream:75 - [STDERR_REDIRECT] [Fatal Error] :1:1: Premature end of file.
2025-09-03 22:15:33,594 [ERROR] LogOutputStream:75 - [STDERR_REDIRECT] 
2025-09-03 22:15:34,700 [ERROR] LogOutputStream:75 - [STDERR_REDIRECT] [Fatal Error] :1:1: Premature end of file.
2025-09-03 22:15:34,701 [ERROR] LogOutputStream:75 - [STDERR_REDIRECT] 
2025-09-03 22:15:35,599 [ERROR] LogOutputStream:75 - [STDERR_REDIRECT] [Fatal Error] :1:1: Premature end of file.
2025-09-03 22:15:35,599 [ERROR] LogOutputStream:75 - [STDERR_REDIRECT] 
2025-09-03 22:15:36,599 [ERROR] LogOutputStream:75 - [STDERR_REDIRECT] [Fatal Error] :1:1: Premature end of file.
2025-09-03 22:15:36,601 [ERROR] LogOutputStream:75 - [STDERR_REDIRECT] 
2025-09-03 22:15:37,706 [ERROR] LogOutputStream:75 - [STDERR_REDIRECT] [Fatal Error] :1:1: Premature end of file.
2025-09-03 22:15:37,707 [ERROR] LogOutputStream:75 - [STDERR_REDIRECT] 
2025-09-03 22:15:38,667 [ERROR] LogOutputStream:75 - [STDERR_REDIRECT] [Fatal Error] :1:1: Premature end of file.
2025-09-03 22:15:38,668 [ERROR] LogOutputStream:75 - [STDERR_REDIRECT] 
2025-09-03 22:15:39,712 [ERROR] LogOutputStream:75 - [STDERR_REDIRECT] [Fatal Error] :1:1: Premature end of file.
2025-09-03 22:15:39,713 [ERROR] LogOutputStream:75 - [STDERR_REDIRECT] 
2025-09-03 22:15:40,705 [ERROR] LogOutputStream:75 - [STDERR_REDIRECT] [Fatal Error] :1:1: Premature end of file.
2025-09-03 22:15:40,706 [ERROR] LogOutputStream:75 - [STDERR_REDIRECT] 
2025-09-03 22:15:41,699 [ERROR] LogOutputStream:75 - [STDERR_REDIRECT] [Fatal Error] :1:1: Premature end of file.
2025-09-03 22:15:41,700 [ERROR] LogOutputStream:75 - [STDERR_REDIRECT] 
2025-09-03 22:15:42,705 [ERROR] LogOutputStream:75 - [STDERR_REDIRECT] [Fatal Error] :1:1: Premature end of file.
2025-09-03 22:15:42,706 [ERROR] LogOutputStream:75 - [STDERR_REDIRECT] 
2025-09-03 22:15:43,708 [ERROR] LogOutputStream:75 - [STDERR_REDIRECT] [Fatal Error] :1:1: Premature end of file.
2025-09-03 22:15:43,709 [ERROR] LogOutputStream:75 - [STDERR_REDIRECT] 
2025-09-03 22:15:44,596 [ERROR] LogOutputStream:75 - [STDERR_REDIRECT] [Fatal Error] :1:1: Premature end of file.
2025-09-03 22:15:44,596 [ERROR] LogOutputStream:75 - [STDERR_REDIRECT] 
2025-09-03 22:15:45,663 [ERROR] LogOutputStream:75 - [STDERR_REDIRECT] [Fatal Error] :1:1: Premature end of file.
2025-09-03 22:15:45,664 [ERROR] LogOutputStream:75 - [STDERR_REDIRECT] 
2025-09-03 22:15:46,594 [ERROR] LogOutputStream:75 - [STDERR_REDIRECT] [Fatal Error] :1:1: Premature end of file.
2025-09-03 22:15:46,594 [ERROR] LogOutputStream:75 - [STDERR_REDIRECT] 
2025-09-03 22:15:47,587 [ERROR] LogOutputStream:75 - [STDERR_REDIRECT] [Fatal Error] :1:1: Premature end of file.
2025-09-03 22:15:47,587 [ERROR] LogOutputStream:75 - [STDERR_REDIRECT] 
2025-09-03 22:15:48,591 [ERROR] LogOutputStream:75 - [STDERR_REDIRECT] [Fatal Error] :1:1: Premature end of file.
2025-09-03 22:15:48,591 [ERROR] LogOutputStream:75 - [STDERR_REDIRECT] 
2025-09-03 22:15:49,589 [ERROR] LogOutputStream:75 - [STDERR_REDIRECT] [Fatal Error] :1:1: Premature end of file.
2025-09-03 22:15:49,589 [ERROR] LogOutputStream:75 - [STDERR_REDIRECT] 
2025-09-03 22:15:50,603 [ERROR] LogOutputStream:75 - [STDERR_REDIRECT] [Fatal Error] :1:1: Premature end of file.
2025-09-03 22:15:50,603 [ERROR] LogOutputStream:75 - [STDERR_REDIRECT] 
2025-09-03 22:15:51,586 [ERROR] LogOutputStream:75 - [STDERR_REDIRECT] [Fatal Error] :1:1: Premature end of file.
2025-09-03 22:15:51,586 [ERROR] LogOutputStream:75 - [STDERR_REDIRECT] 
2025-09-03 22:15:52,707 [ERROR] LogOutputStream:75 - [STDERR_REDIRECT] [Fatal Error] :1:1: Premature end of file.
2025-09-03 22:15:52,707 [ERROR] LogOutputStream:75 - [STDERR_REDIRECT] 
2025-09-03 22:15:53,592 [ERROR] LogOutputStream:75 - [STDERR_REDIRECT] [Fatal Error] :1:1: Premature end of file.
2025-09-03 22:15:53,592 [ERROR] LogOutputStream:75 - [STDERR_REDIRECT] 
2025-09-03 22:15:54,594 [ERROR] LogOutputStream:75 - [STDERR_REDIRECT] [Fatal Error] :1:1: Premature end of file.
2025-09-03 22:15:54,595 [ERROR] LogOutputStream:75 - [STDERR_REDIRECT] 
2025-09-03 22:15:55,593 [ERROR] LogOutputStream:75 - [STDERR_REDIRECT] [Fatal Error] :1:1: Premature end of file.
2025-09-03 22:15:55,593 [ERROR] LogOutputStream:75 - [STDERR_REDIRECT] 
2025-09-03 22:15:56,723 [ERROR] LogOutputStream:75 - [STDERR_REDIRECT] [Fatal Error] :1:1: Premature end of file.
2025-09-03 22:15:56,724 [ERROR] LogOutputStream:75 - [STDERR_REDIRECT] 
2025-09-03 22:15:57,612 [ERROR] LogOutputStream:75 - [STDERR_REDIRECT] [Fatal Error] :1:1: Premature end of file.
2025-09-03 22:15:57,612 [ERROR] LogOutputStream:75 - [STDERR_REDIRECT] 
2025-09-03 22:15:58,582 [ERROR] LogOutputStream:75 - [STDERR_REDIRECT] [Fatal Error] :1:1: Premature end of file.
2025-09-03 22:15:58,583 [ERROR] LogOutputStream:75 - [STDERR_REDIRECT] 
2025-09-03 22:15:59,592 [ERROR] LogOutputStream:75 - [STDERR_REDIRECT] [Fatal Error] :1:1: Premature end of file.
2025-09-03 22:15:59,592 [ERROR] LogOutputStream:75 - [STDERR_REDIRECT] 
2025-09-03 22:16:00,591 [ERROR] LogOutputStream:75 - [STDERR_REDIRECT] [Fatal Error] :1:1: Premature end of file.
2025-09-03 22:16:00,591 [ERROR] LogOutputStream:75 - [STDERR_REDIRECT] 
2025-09-03 22:16:01,702 [ERROR] LogOutputStream:75 - [STDERR_REDIRECT] [Fatal Error] :1:1: Premature end of file.
2025-09-03 22:16:01,703 [ERROR] LogOutputStream:75 - [STDERR_REDIRECT] 
2025-09-03 22:16:02,667 [ERROR] LogOutputStream:75 - [STDERR_REDIRECT] [Fatal Error] :1:1: Premature end of file.
2025-09-03 22:16:02,669 [ERROR] LogOutputStream:75 - [STDERR_REDIRECT] 
2025-09-03 22:16:03,603 [ERROR] LogOutputStream:75 - [STDERR_REDIRECT] [Fatal Error] :1:1: Premature end of file.
2025-09-03 22:16:03,603 [ERROR] LogOutputStream:75 - [STDERR_REDIRECT] 
2025-09-03 22:16:04,591 [ERROR] LogOutputStream:75 - [STDERR_REDIRECT] [Fatal Error] :1:1: Premature end of file.
2025-09-03 22:16:04,591 [ERROR] LogOutputStream:75 - [STDERR_REDIRECT] 
2025-09-03 22:16:05,703 [ERROR] LogOutputStream:75 - [STDERR_REDIRECT] [Fatal Error] :1:1: Premature end of file.
2025-09-03 22:16:05,704 [ERROR] LogOutputStream:75 - [STDERR_REDIRECT] 
2025-09-03 22:16:06,662 [ERROR] LogOutputStream:75 - [STDERR_REDIRECT] [Fatal Error] :1:1: Premature end of file.
2025-09-03 22:16:06,662 [ERROR] LogOutputStream:75 - [STDERR_REDIRECT] 
2025-09-03 22:16:07,698 [ERROR] LogOutputStream:75 - [STDERR_REDIRECT] [Fatal Error] :1:1: Premature end of file.
2025-09-03 22:16:07,699 [ERROR] LogOutputStream:75 - [STDERR_REDIRECT] 
2025-09-03 22:16:08,710 [ERROR] LogOutputStream:75 - [STDERR_REDIRECT] [Fatal Error] :1:1: Premature end of file.
2025-09-03 22:16:08,710 [ERROR] LogOutputStream:75 - [STDERR_REDIRECT] 
2025-09-03 22:16:09,705 [ERROR] LogOutputStream:75 - [STDERR_REDIRECT] [Fatal Error] :1:1: Premature end of file.
2025-09-03 22:16:09,706 [ERROR] LogOutputStream:75 - [STDERR_REDIRECT] 
2025-09-03 22:16:10,656 [ERROR] LogOutputStream:75 - [STDERR_REDIRECT] [Fatal Error] :1:1: Premature end of file.
2025-09-03 22:16:10,657 [ERROR] LogOutputStream:75 - [STDERR_REDIRECT] 
2025-09-03 22:16:11,712 [ERROR] LogOutputStream:75 - [STDERR_REDIRECT] [Fatal Error] :1:1: Premature end of file.
2025-09-03 22:16:11,713 [ERROR] LogOutputStream:75 - [STDERR_REDIRECT] 
2025-09-03 22:16:12,758 [ERROR] LogOutputStream:75 - [STDERR_REDIRECT] [Fatal Error] :1:1: Premature end of file.
2025-09-03 22:16:12,759 [ERROR] LogOutputStream:75 - [STDERR_REDIRECT] 
2025-09-03 22:16:13,683 [ERROR] LogOutputStream:75 - [STDERR_REDIRECT] [Fatal Error] :1:1: Premature end of file.
2025-09-03 22:16:13,683 [ERROR] LogOutputStream:75 - [STDERR_REDIRECT] 
2025-09-03 22:16:14,647 [ERROR] LogOutputStream:75 - [STDERR_REDIRECT] [Fatal Error] :1:1: Premature end of file.
2025-09-03 22:16:14,647 [ERROR] LogOutputStream:75 - [STDERR_REDIRECT] 
2025-09-03 22:16:15,689 [ERROR] LogOutputStream:75 - [STDERR_REDIRECT] [Fatal Error] :1:1: Premature end of file.
2025-09-03 22:16:15,690 [ERROR] LogOutputStream:75 - [STDERR_REDIRECT] 
2025-09-03 22:16:16,706 [ERROR] LogOutputStream:75 - [STDERR_REDIRECT] [Fatal Error] :1:1: Premature end of file.
2025-09-03 22:16:16,707 [ERROR] LogOutputStream:75 - [STDERR_REDIRECT] 
2025-09-03 22:16:17,720 [ERROR] LogOutputStream:75 - [STDERR_REDIRECT] [Fatal Error] :1:1: Premature end of file.
2025-09-03 22:16:17,720 [ERROR] LogOutputStream:75 - [STDERR_REDIRECT] 
2025-09-03 22:16:18,710 [ERROR] LogOutputStream:75 - [STDERR_REDIRECT] [Fatal Error] :1:1: Premature end of file.
2025-09-03 22:16:18,711 [ERROR] LogOutputStream:75 - [STDERR_REDIRECT] 
2025-09-03 22:16:19,633 [ERROR] LogOutputStream:75 - [STDERR_REDIRECT] [Fatal Error] :1:1: Premature end of file.
2025-09-03 22:16:19,634 [ERROR] LogOutputStream:75 - [STDERR_REDIRECT] 
2025-09-03 22:16:20,597 [ERROR] LogOutputStream:75 - [STDERR_REDIRECT] [Fatal Error] :1:1: Premature end of file.
2025-09-03 22:16:20,598 [ERROR] LogOutputStream:75 - [STDERR_REDIRECT] 
2025-09-03 22:16:21,593 [ERROR] LogOutputStream:75 - [STDERR_REDIRECT] [Fatal Error] :1:1: Premature end of file.
2025-09-03 22:16:21,593 [ERROR] LogOutputStream:75 - [STDERR_REDIRECT] 
2025-09-03 22:16:22,596 [ERROR] LogOutputStream:75 - [STDERR_REDIRECT] [Fatal Error] :1:1: Premature end of file.
2025-09-03 22:16:22,596 [ERROR] LogOutputStream:75 - [STDERR_REDIRECT] 
2025-09-03 22:16:23,586 [ERROR] LogOutputStream:75 - [STDERR_REDIRECT] [Fatal Error] :1:1: Premature end of file.
2025-09-03 22:16:23,586 [ERROR] LogOutputStream:75 - [STDERR_REDIRECT] 
2025-09-03 22:16:24,599 [ERROR] LogOutputStream:75 - [STDERR_REDIRECT] [Fatal Error] :1:1: Premature end of file.
2025-09-03 22:16:24,599 [ERROR] LogOutputStream:75 - [STDERR_REDIRECT] 
2025-09-03 22:16:25,596 [ERROR] LogOutputStream:75 - [STDERR_REDIRECT] [Fatal Error] :1:1: Premature end of file.
2025-09-03 22:16:25,596 [ERROR] LogOutputStream:75 - [STDERR_REDIRECT] 
2025-09-03 22:16:26,583 [ERROR] LogOutputStream:75 - [STDERR_REDIRECT] [Fatal Error] :1:1: Premature end of file.
2025-09-03 22:16:26,583 [ERROR] LogOutputStream:75 - [STDERR_REDIRECT] 
2025-09-03 22:16:27,593 [ERROR] LogOutputStream:75 - [STDERR_REDIRECT] [Fatal Error] :1:1: Premature end of file.
2025-09-03 22:16:27,593 [ERROR] LogOutputStream:75 - [STDERR_REDIRECT] 
2025-09-03 22:16:28,601 [ERROR] LogOutputStream:75 - [STDERR_REDIRECT] [Fatal Error] :1:1: Premature end of file.
2025-09-03 22:16:28,601 [ERROR] LogOutputStream:75 - [STDERR_REDIRECT] 
2025-09-03 22:16:29,591 [ERROR] LogOutputStream:75 - [STDERR_REDIRECT] [Fatal Error] :1:1: Premature end of file.
2025-09-03 22:16:29,591 [ERROR] LogOutputStream:75 - [STDERR_REDIRECT] 
2025-09-03 22:16:30,590 [ERROR] LogOutputStream:75 - [STDERR_REDIRECT] [Fatal Error] :1:1: Premature end of file.
2025-09-03 22:16:30,590 [ERROR] LogOutputStream:75 - [STDERR_REDIRECT] 
2025-09-03 22:16:31,699 [ERROR] LogOutputStream:75 - [STDERR_REDIRECT] [Fatal Error] :1:1: Premature end of file.
2025-09-03 22:16:31,699 [ERROR] LogOutputStream:75 - [STDERR_REDIRECT] 
2025-09-03 22:16:32,599 [ERROR] LogOutputStream:75 - [STDERR_REDIRECT] [Fatal Error] :1:1: Premature end of file.
2025-09-03 22:16:32,599 [ERROR] LogOutputStream:75 - [STDERR_REDIRECT] 
2025-09-03 22:16:33,593 [ERROR] LogOutputStream:75 - [STDERR_REDIRECT] [Fatal Error] :1:1: Premature end of file.
2025-09-03 22:16:33,594 [ERROR] LogOutputStream:75 - [STDERR_REDIRECT] 
2025-09-03 22:16:34,687 [ERROR] LogOutputStream:75 - [STDERR_REDIRECT] [Fatal Error] :1:1: Premature end of file.
2025-09-03 22:16:34,688 [ERROR] LogOutputStream:75 - [STDERR_REDIRECT] 
2025-09-03 22:16:35,630 [ERROR] LogOutputStream:75 - [STDERR_REDIRECT] [Fatal Error] :1:1: Premature end of file.
2025-09-03 22:16:35,631 [ERROR] LogOutputStream:75 - [STDERR_REDIRECT] 
2025-09-03 22:16:36,641 [ERROR] LogOutputStream:75 - [STDERR_REDIRECT] [Fatal Error] :1:1: Premature end of file.
2025-09-03 22:16:36,641 [ERROR] LogOutputStream:75 - [STDERR_REDIRECT] 
2025-09-03 22:16:37,598 [ERROR] LogOutputStream:75 - [STDERR_REDIRECT] [Fatal Error] :1:1: Premature end of file.
2025-09-03 22:16:37,599 [ERROR] LogOutputStream:75 - [STDERR_REDIRECT] 
2025-09-03 22:16:38,590 [ERROR] LogOutputStream:75 - [STDERR_REDIRECT] [Fatal Error] :1:1: Premature end of file.
2025-09-03 22:16:38,590 [ERROR] LogOutputStream:75 - [STDERR_REDIRECT] 
2025-09-03 22:16:39,721 [ERROR] LogOutputStream:75 - [STDERR_REDIRECT] [Fatal Error] :1:1: Premature end of file.
2025-09-03 22:16:39,721 [ERROR] LogOutputStream:75 - [STDERR_REDIRECT] 
2025-09-03 22:16:40,711 [ERROR] LogOutputStream:75 - [STDERR_REDIRECT] [Fatal Error] :1:1: Premature end of file.
2025-09-03 22:16:40,712 [ERROR] LogOutputStream:75 - [STDERR_REDIRECT] 
2025-09-03 22:16:41,597 [ERROR] LogOutputStream:75 - [STDERR_REDIRECT] [Fatal Error] :1:1: Premature end of file.
2025-09-03 22:16:41,597 [ERROR] LogOutputStream:75 - [STDERR_REDIRECT] 
2025-09-03 22:16:42,589 [ERROR] LogOutputStream:75 - [STDERR_REDIRECT] [Fatal Error] :1:1: Premature end of file.
2025-09-03 22:16:42,589 [ERROR] LogOutputStream:75 - [STDERR_REDIRECT] 
2025-09-03 22:16:43,642 [ERROR] LogOutputStream:75 - [STDERR_REDIRECT] [Fatal Error] :1:1: Premature end of file.
2025-09-03 22:16:43,642 [ERROR] LogOutputStream:75 - [STDERR_REDIRECT] 
2025-09-03 22:16:44,703 [ERROR] LogOutputStream:75 - [STDERR_REDIRECT] [Fatal Error] :1:1: Premature end of file.
2025-09-03 22:16:44,703 [ERROR] LogOutputStream:75 - [STDERR_REDIRECT] 
2025-09-03 22:16:45,593 [ERROR] LogOutputStream:75 - [STDERR_REDIRECT] [Fatal Error] :1:1: Premature end of file.
2025-09-03 22:16:45,593 [ERROR] LogOutputStream:75 - [STDERR_REDIRECT] 
2025-09-03 22:16:46,594 [ERROR] LogOutputStream:75 - [STDERR_REDIRECT] [Fatal Error] :1:1: Premature end of file.
2025-09-03 22:16:46,594 [ERROR] LogOutputStream:75 - [STDERR_REDIRECT] 
2025-09-03 22:16:47,600 [ERROR] LogOutputStream:75 - [STDERR_REDIRECT] [Fatal Error] :1:1: Premature end of file.
2025-09-03 22:16:47,600 [ERROR] LogOutputStream:75 - [STDERR_REDIRECT] 
2025-09-03 22:16:48,583 [ERROR] LogOutputStream:75 - [STDERR_REDIRECT] [Fatal Error] :1:1: Premature end of file.
2025-09-03 22:16:48,583 [ERROR] LogOutputStream:75 - [STDERR_REDIRECT] 
2025-09-03 22:16:49,706 [ERROR] LogOutputStream:75 - [STDERR_REDIRECT] [Fatal Error] :1:1: Premature end of file.
2025-09-03 22:16:49,706 [ERROR] LogOutputStream:75 - [STDERR_REDIRECT] 
2025-09-03 22:16:50,599 [ERROR] LogOutputStream:75 - [STDERR_REDIRECT] [Fatal Error] :1:1: Premature end of file.
2025-09-03 22:16:50,599 [ERROR] LogOutputStream:75 - [STDERR_REDIRECT] 
2025-09-03 22:16:51,589 [ERROR] LogOutputStream:75 - [STDERR_REDIRECT] [Fatal Error] :1:1: Premature end of file.
2025-09-03 22:16:51,589 [ERROR] LogOutputStream:75 - [STDERR_REDIRECT] 
2025-09-03 22:16:52,597 [ERROR] LogOutputStream:75 - [STDERR_REDIRECT] [Fatal Error] :1:1: Premature end of file.
2025-09-03 22:16:52,599 [ERROR] LogOutputStream:75 - [STDERR_REDIRECT] 
2025-09-03 22:16:53,589 [ERROR] LogOutputStream:75 - [STDERR_REDIRECT] [Fatal Error] :1:1: Premature end of file.
2025-09-03 22:16:53,589 [ERROR] LogOutputStream:75 - [STDERR_REDIRECT] 
2025-09-03 22:16:54,711 [ERROR] LogOutputStream:75 - [STDERR_REDIRECT] [Fatal Error] :1:1: Premature end of file.
2025-09-03 22:16:54,712 [ERROR] LogOutputStream:75 - [STDERR_REDIRECT] 
2025-09-03 22:16:55,596 [ERROR] LogOutputStream:75 - [STDERR_REDIRECT] [Fatal Error] :1:1: Premature end of file.
2025-09-03 22:16:55,596 [ERROR] LogOutputStream:75 - [STDERR_REDIRECT] 
2025-09-03 22:16:56,590 [ERROR] LogOutputStream:75 - [STDERR_REDIRECT] [Fatal Error] :1:1: Premature end of file.
2025-09-03 22:16:56,590 [ERROR] LogOutputStream:75 - [STDERR_REDIRECT] 
2025-09-03 22:16:57,592 [ERROR] LogOutputStream:75 - [STDERR_REDIRECT] [Fatal Error] :1:1: Premature end of file.
2025-09-03 22:16:57,592 [ERROR] LogOutputStream:75 - [STDERR_REDIRECT] 
2025-09-03 22:16:58,590 [ERROR] LogOutputStream:75 - [STDERR_REDIRECT] [Fatal Error] :1:1: Premature end of file.
2025-09-03 22:16:58,590 [ERROR] LogOutputStream:75 - [STDERR_REDIRECT] 
2025-09-03 22:16:59,748 [ERROR] LogOutputStream:75 - [STDERR_REDIRECT] [Fatal Error] :1:1: Premature end of file.
2025-09-03 22:16:59,749 [ERROR] LogOutputStream:75 - [STDERR_REDIRECT] 
2025-09-03 22:17:00,583 [ERROR] LogOutputStream:75 - [STDERR_REDIRECT] [Fatal Error] :1:1: Premature end of file.
2025-09-03 22:17:00,583 [ERROR] LogOutputStream:75 - [STDERR_REDIRECT] 
2025-09-03 22:17:01,589 [ERROR] LogOutputStream:75 - [STDERR_REDIRECT] [Fatal Error] :1:1: Premature end of file.
2025-09-03 22:17:01,589 [ERROR] LogOutputStream:75 - [STDERR_REDIRECT] 
2025-09-03 22:17:02,596 [ERROR] LogOutputStream:75 - [STDERR_REDIRECT] [Fatal Error] :1:1: Premature end of file.
2025-09-03 22:17:02,597 [ERROR] LogOutputStream:75 - [STDERR_REDIRECT] 
2025-09-03 22:17:03,587 [ERROR] LogOutputStream:75 - [STDERR_REDIRECT] [Fatal Error] :1:1: Premature end of file.
2025-09-03 22:17:03,587 [ERROR] LogOutputStream:75 - [STDERR_REDIRECT] 
2025-09-03 22:17:04,597 [ERROR] LogOutputStream:75 - [STDERR_REDIRECT] [Fatal Error] :1:1: Premature end of file.
2025-09-03 22:17:04,597 [ERROR] LogOutputStream:75 - [STDERR_REDIRECT] 
2025-09-03 22:17:05,599 [ERROR] LogOutputStream:75 - [STDERR_REDIRECT] [Fatal Error] :1:1: Premature end of file.
2025-09-03 22:17:05,599 [ERROR] LogOutputStream:75 - [STDERR_REDIRECT] 
2025-09-03 22:17:06,605 [ERROR] LogOutputStream:75 - [STDERR_REDIRECT] [Fatal Error] :1:1: Premature end of file.
2025-09-03 22:17:06,605 [ERROR] LogOutputStream:75 - [STDERR_REDIRECT] 
2025-09-03 22:17:07,587 [ERROR] LogOutputStream:75 - [STDERR_REDIRECT] [Fatal Error] :1:1: Premature end of file.
2025-09-03 22:17:07,587 [ERROR] LogOutputStream:75 - [STDERR_REDIRECT] 
2025-09-03 22:17:08,607 [ERROR] LogOutputStream:75 - [STDERR_REDIRECT] [Fatal Error] :1:1: Premature end of file.
2025-09-03 22:17:08,607 [ERROR] LogOutputStream:75 - [STDERR_REDIRECT] 
2025-09-03 22:17:09,599 [ERROR] LogOutputStream:75 - [STDERR_REDIRECT] [Fatal Error] :1:1: Premature end of file.
2025-09-03 22:17:09,599 [ERROR] LogOutputStream:75 - [STDERR_REDIRECT] 
2025-09-03 22:17:10,724 [ERROR] LogOutputStream:75 - [STDERR_REDIRECT] [Fatal Error] :1:1: Premature end of file.
2025-09-03 22:17:10,724 [ERROR] LogOutputStream:75 - [STDERR_REDIRECT] 
2025-09-03 22:17:11,590 [ERROR] LogOutputStream:75 - [STDERR_REDIRECT] [Fatal Error] :1:1: Premature end of file.
2025-09-03 22:17:11,590 [ERROR] LogOutputStream:75 - [STDERR_REDIRECT] 
2025-09-03 22:17:12,725 [ERROR] LogOutputStream:75 - [STDERR_REDIRECT] [Fatal Error] :1:1: Premature end of file.
2025-09-03 22:17:12,726 [ERROR] LogOutputStream:75 - [STDERR_REDIRECT] 
2025-09-03 22:17:13,693 [ERROR] LogOutputStream:75 - [STDERR_REDIRECT] [Fatal Error] :1:1: Premature end of file.
2025-09-03 22:17:13,695 [ERROR] LogOutputStream:75 - [STDERR_REDIRECT] 
2025-09-03 22:17:14,657 [ERROR] LogOutputStream:75 - [STDERR_REDIRECT] [Fatal Error] :1:1: Premature end of file.
2025-09-03 22:17:14,658 [ERROR] LogOutputStream:75 - [STDERR_REDIRECT] 
2025-09-03 22:17:15,727 [ERROR] LogOutputStream:75 - [STDERR_REDIRECT] [Fatal Error] :1:1: Premature end of file.
2025-09-03 22:17:15,727 [ERROR] LogOutputStream:75 - [STDERR_REDIRECT] 
2025-09-03 22:17:16,592 [ERROR] LogOutputStream:75 - [STDERR_REDIRECT] [Fatal Error] :1:1: Premature end of file.
2025-09-03 22:17:16,593 [ERROR] LogOutputStream:75 - [STDERR_REDIRECT] 
2025-09-03 22:17:17,691 [ERROR] LogOutputStream:75 - [STDERR_REDIRECT] [Fatal Error] :1:1: Premature end of file.
2025-09-03 22:17:17,692 [ERROR] LogOutputStream:75 - [STDERR_REDIRECT] 
2025-09-03 22:17:18,706 [ERROR] LogOutputStream:75 - [STDERR_REDIRECT] [Fatal Error] :1:1: Premature end of file.
2025-09-03 22:17:18,707 [ERROR] LogOutputStream:75 - [STDERR_REDIRECT] 
2025-09-03 22:17:19,693 [ERROR] LogOutputStream:75 - [STDERR_REDIRECT] [Fatal Error] :1:1: Premature end of file.
2025-09-03 22:17:19,695 [ERROR] LogOutputStream:75 - [STDERR_REDIRECT] 
2025-09-03 22:17:20,643 [ERROR] LogOutputStream:75 - [STDERR_REDIRECT] [Fatal Error] :1:1: Premature end of file.
2025-09-03 22:17:20,645 [ERROR] LogOutputStream:75 - [STDERR_REDIRECT] 
2025-09-03 22:17:21,637 [ERROR] LogOutputStream:75 - [STDERR_REDIRECT] [Fatal Error] :1:1: Premature end of file.
2025-09-03 22:17:21,638 [ERROR] LogOutputStream:75 - [STDERR_REDIRECT] 
2025-09-03 22:17:22,642 [ERROR] LogOutputStream:75 - [STDERR_REDIRECT] [Fatal Error] :1:1: Premature end of file.
2025-09-03 22:17:22,642 [ERROR] LogOutputStream:75 - [STDERR_REDIRECT] 
2025-09-03 22:17:23,657 [ERROR] LogOutputStream:75 - [STDERR_REDIRECT] [Fatal Error] :1:1: Premature end of file.
2025-09-03 22:17:23,657 [ERROR] LogOutputStream:75 - [STDERR_REDIRECT] 
2025-09-03 22:17:24,666 [ERROR] LogOutputStream:75 - [STDERR_REDIRECT] [Fatal Error] :1:1: Premature end of file.
2025-09-03 22:17:24,666 [ERROR] LogOutputStream:75 - [STDERR_REDIRECT] 
2025-09-03 22:17:25,592 [ERROR] LogOutputStream:75 - [STDERR_REDIRECT] [Fatal Error] :1:1: Premature end of file.
2025-09-03 22:17:25,592 [ERROR] LogOutputStream:75 - [STDERR_REDIRECT] 
2025-09-03 22:17:26,591 [ERROR] LogOutputStream:75 - [STDERR_REDIRECT] [Fatal Error] :1:1: Premature end of file.
2025-09-03 22:17:26,591 [ERROR] LogOutputStream:75 - [STDERR_REDIRECT] 
2025-09-03 22:17:27,653 [ERROR] LogOutputStream:75 - [STDERR_REDIRECT] [Fatal Error] :1:1: Premature end of file.
2025-09-03 22:17:27,653 [ERROR] LogOutputStream:75 - [STDERR_REDIRECT] 
2025-09-03 22:17:28,681 [ERROR] LogOutputStream:75 - [STDERR_REDIRECT] [Fatal Error] :1:1: Premature end of file.
2025-09-03 22:17:28,682 [ERROR] LogOutputStream:75 - [STDERR_REDIRECT] 
2025-09-03 22:17:29,596 [ERROR] LogOutputStream:75 - [STDERR_REDIRECT] [Fatal Error] :1:1: Premature end of file.
2025-09-03 22:17:29,596 [ERROR] LogOutputStream:75 - [STDERR_REDIRECT] 
2025-09-03 22:17:30,588 [ERROR] LogOutputStream:75 - [STDERR_REDIRECT] [Fatal Error] :1:1: Premature end of file.
2025-09-03 22:17:30,588 [ERROR] LogOutputStream:75 - [STDERR_REDIRECT] 
2025-09-03 22:17:31,598 [ERROR] LogOutputStream:75 - [STDERR_REDIRECT] [Fatal Error] :1:1: Premature end of file.
2025-09-03 22:17:31,598 [ERROR] LogOutputStream:75 - [STDERR_REDIRECT] 
2025-09-03 22:17:32,592 [ERROR] LogOutputStream:75 - [STDERR_REDIRECT] [Fatal Error] :1:1: Premature end of file.
2025-09-03 22:17:32,592 [ERROR] LogOutputStream:75 - [STDERR_REDIRECT] 
2025-09-03 22:17:33,589 [ERROR] LogOutputStream:75 - [STDERR_REDIRECT] [Fatal Error] :1:1: Premature end of file.
2025-09-03 22:17:33,591 [ERROR] LogOutputStream:75 - [STDERR_REDIRECT] 
2025-09-03 22:17:34,702 [ERROR] LogOutputStream:75 - [STDERR_REDIRECT] [Fatal Error] :1:1: Premature end of file.
2025-09-03 22:17:34,703 [ERROR] LogOutputStream:75 - [STDERR_REDIRECT] 
2025-09-03 22:17:35,604 [ERROR] LogOutputStream:75 - [STDERR_REDIRECT] [Fatal Error] :1:1: Premature end of file.
2025-09-03 22:17:35,604 [ERROR] LogOutputStream:75 - [STDERR_REDIRECT] 
2025-09-03 22:17:36,711 [ERROR] LogOutputStream:75 - [STDERR_REDIRECT] [Fatal Error] :1:1: Premature end of file.
2025-09-03 22:17:36,713 [ERROR] LogOutputStream:75 - [STDERR_REDIRECT] 
2025-09-03 22:17:37,676 [ERROR] LogOutputStream:75 - [STDERR_REDIRECT] [Fatal Error] :1:1: Premature end of file.
2025-09-03 22:17:37,676 [ERROR] LogOutputStream:75 - [STDERR_REDIRECT] 
2025-09-03 22:17:38,706 [ERROR] LogOutputStream:75 - [STDERR_REDIRECT] [Fatal Error] :1:1: Premature end of file.
2025-09-03 22:17:38,707 [ERROR] LogOutputStream:75 - [STDERR_REDIRECT] 
2025-09-03 22:17:39,703 [ERROR] LogOutputStream:75 - [STDERR_REDIRECT] [Fatal Error] :1:1: Premature end of file.
2025-09-03 22:17:39,703 [ERROR] LogOutputStream:75 - [STDERR_REDIRECT] 
2025-09-03 22:17:40,702 [ERROR] LogOutputStream:75 - [STDERR_REDIRECT] [Fatal Error] :1:1: Premature end of file.
2025-09-03 22:17:40,703 [ERROR] LogOutputStream:75 - [STDERR_REDIRECT] 
2025-09-03 22:17:41,708 [ERROR] LogOutputStream:75 - [STDERR_REDIRECT] [Fatal Error] :1:1: Premature end of file.
2025-09-03 22:17:41,708 [ERROR] LogOutputStream:75 - [STDERR_REDIRECT] 
2025-09-03 22:17:42,628 [ERROR] LogOutputStream:75 - [STDERR_REDIRECT] [Fatal Error] :1:1: Premature end of file.
2025-09-03 22:17:42,629 [ERROR] LogOutputStream:75 - [STDERR_REDIRECT] 
2025-09-03 22:17:43,705 [ERROR] LogOutputStream:75 - [STDERR_REDIRECT] [Fatal Error] :1:1: Premature end of file.
2025-09-03 22:17:43,707 [ERROR] LogOutputStream:75 - [STDERR_REDIRECT] 
2025-09-03 22:17:44,621 [ERROR] LogOutputStream:75 - [STDERR_REDIRECT] [Fatal Error] :1:1: Premature end of file.
2025-09-03 22:17:44,621 [ERROR] LogOutputStream:75 - [STDERR_REDIRECT] 
2025-09-03 22:17:45,605 [ERROR] LogOutputStream:75 - [STDERR_REDIRECT] [Fatal Error] :1:1: Premature end of file.
2025-09-03 22:17:45,605 [ERROR] LogOutputStream:75 - [STDERR_REDIRECT] 
2025-09-03 22:17:46,612 [ERROR] LogOutputStream:75 - [STDERR_REDIRECT] [Fatal Error] :1:1: Premature end of file.
2025-09-03 22:17:46,613 [ERROR] LogOutputStream:75 - [STDERR_REDIRECT] 
2025-09-03 22:17:47,591 [ERROR] LogOutputStream:75 - [STDERR_REDIRECT] [Fatal Error] :1:1: Premature end of file.
2025-09-03 22:17:47,592 [ERROR] LogOutputStream:75 - [STDERR_REDIRECT] 
2025-09-03 22:17:48,590 [ERROR] LogOutputStream:75 - [STDERR_REDIRECT] [Fatal Error] :1:1: Premature end of file.
2025-09-03 22:17:48,590 [ERROR] LogOutputStream:75 - [STDERR_REDIRECT] 
2025-09-03 22:17:49,596 [ERROR] LogOutputStream:75 - [STDERR_REDIRECT] [Fatal Error] :1:1: Premature end of file.
2025-09-03 22:17:49,596 [ERROR] LogOutputStream:75 - [STDERR_REDIRECT] 
2025-09-03 22:17:50,604 [ERROR] LogOutputStream:75 - [STDERR_REDIRECT] [Fatal Error] :1:1: Premature end of file.
2025-09-03 22:17:50,604 [ERROR] LogOutputStream:75 - [STDERR_REDIRECT] 
2025-09-03 22:17:51,586 [ERROR] LogOutputStream:75 - [STDERR_REDIRECT] [Fatal Error] :1:1: Premature end of file.
2025-09-03 22:17:51,587 [ERROR] LogOutputStream:75 - [STDERR_REDIRECT] 
2025-09-03 22:17:52,716 [ERROR] LogOutputStream:75 - [STDERR_REDIRECT] [Fatal Error] :1:1: Premature end of file.
2025-09-03 22:17:52,720 [ERROR] LogOutputStream:75 - [STDERR_REDIRECT] 
2025-09-03 22:17:53,586 [ERROR] LogOutputStream:75 - [STDERR_REDIRECT] [Fatal Error] :1:1: Premature end of file.
2025-09-03 22:17:53,587 [ERROR] LogOutputStream:75 - [STDERR_REDIRECT] 
2025-09-03 22:17:54,616 [ERROR] LogOutputStream:75 - [STDERR_REDIRECT] [Fatal Error] :1:1: Premature end of file.
2025-09-03 22:17:54,618 [ERROR] LogOutputStream:75 - [STDERR_REDIRECT] 
2025-09-03 22:17:55,640 [ERROR] LogOutputStream:75 - [STDERR_REDIRECT] [Fatal Error] :1:1: Premature end of file.
2025-09-03 22:17:55,640 [ERROR] LogOutputStream:75 - [STDERR_REDIRECT] 
2025-09-03 22:17:56,605 [ERROR] LogOutputStream:75 - [STDERR_REDIRECT] [Fatal Error] :1:1: Premature end of file.
2025-09-03 22:17:56,605 [ERROR] LogOutputStream:75 - [STDERR_REDIRECT] 
2025-09-03 22:17:57,654 [ERROR] LogOutputStream:75 - [STDERR_REDIRECT] [Fatal Error] :1:1: Premature end of file.
2025-09-03 22:17:57,655 [ERROR] LogOutputStream:75 - [STDERR_REDIRECT] 
2025-09-03 22:17:58,839 [ERROR] LogOutputStream:75 - [STDERR_REDIRECT] [Fatal Error] :1:1: Premature end of file.
2025-09-03 22:17:58,839 [ERROR] LogOutputStream:75 - [STDERR_REDIRECT] 
2025-09-03 22:17:59,673 [ERROR] LogOutputStream:75 - [STDERR_REDIRECT] [Fatal Error] :1:1: Premature end of file.
2025-09-03 22:17:59,675 [ERROR] LogOutputStream:75 - [STDERR_REDIRECT] 
2025-09-03 22:18:00,840 [ERROR] LogOutputStream:75 - [STDERR_REDIRECT] [Fatal Error] :1:1: Premature end of file.
2025-09-03 22:18:00,841 [ERROR] LogOutputStream:75 - [STDERR_REDIRECT] 
2025-09-03 22:18:01,595 [ERROR] LogOutputStream:75 - [STDERR_REDIRECT] [Fatal Error] :1:1: Premature end of file.
2025-09-03 22:18:01,595 [ERROR] LogOutputStream:75 - [STDERR_REDIRECT] 
2025-09-03 22:18:02,629 [ERROR] LogOutputStream:75 - [STDERR_REDIRECT] [Fatal Error] :1:1: Premature end of file.
2025-09-03 22:18:02,629 [ERROR] LogOutputStream:75 - [STDERR_REDIRECT] 
2025-09-03 22:18:03,587 [ERROR] LogOutputStream:75 - [STDERR_REDIRECT] [Fatal Error] :1:1: Premature end of file.
2025-09-03 22:18:03,587 [ERROR] LogOutputStream:75 - [STDERR_REDIRECT] 
2025-09-03 22:18:04,591 [ERROR] LogOutputStream:75 - [STDERR_REDIRECT] [Fatal Error] :1:1: Premature end of file.
2025-09-03 22:18:04,591 [ERROR] LogOutputStream:75 - [STDERR_REDIRECT] 
2025-09-03 22:18:05,597 [ERROR] LogOutputStream:75 - [STDERR_REDIRECT] [Fatal Error] :1:1: Premature end of file.
2025-09-03 22:18:05,597 [ERROR] LogOutputStream:75 - [STDERR_REDIRECT] 
2025-09-03 22:18:06,603 [ERROR] LogOutputStream:75 - [STDERR_REDIRECT] [Fatal Error] :1:1: Premature end of file.
2025-09-03 22:18:06,603 [ERROR] LogOutputStream:75 - [STDERR_REDIRECT] 
2025-09-03 22:18:07,596 [ERROR] LogOutputStream:75 - [STDERR_REDIRECT] [Fatal Error] :1:1: Premature end of file.
2025-09-03 22:18:07,596 [ERROR] LogOutputStream:75 - [STDERR_REDIRECT] 
2025-09-03 22:18:08,595 [ERROR] LogOutputStream:75 - [STDERR_REDIRECT] [Fatal Error] :1:1: Premature end of file.
2025-09-03 22:18:08,595 [ERROR] LogOutputStream:75 - [STDERR_REDIRECT] 
2025-09-03 22:18:09,687 [ERROR] LogOutputStream:75 - [STDERR_REDIRECT] [Fatal Error] :1:1: Premature end of file.
2025-09-03 22:18:09,688 [ERROR] LogOutputStream:75 - [STDERR_REDIRECT] 
2025-09-03 22:18:10,593 [ERROR] LogOutputStream:75 - [STDERR_REDIRECT] [Fatal Error] :1:1: Premature end of file.
2025-09-03 22:18:10,593 [ERROR] LogOutputStream:75 - [STDERR_REDIRECT] 
2025-09-03 22:18:11,589 [ERROR] LogOutputStream:75 - [STDERR_REDIRECT] [Fatal Error] :1:1: Premature end of file.
2025-09-03 22:18:11,589 [ERROR] LogOutputStream:75 - [STDERR_REDIRECT] 
2025-09-03 22:18:12,603 [ERROR] LogOutputStream:75 - [STDERR_REDIRECT] [Fatal Error] :1:1: Premature end of file.
2025-09-03 22:18:12,603 [ERROR] LogOutputStream:75 - [STDERR_REDIRECT] 
2025-09-03 22:18:13,822 [ERROR] LogOutputStream:75 - [STDERR_REDIRECT] [Fatal Error] :1:1: Premature end of file.
2025-09-03 22:18:13,822 [ERROR] LogOutputStream:75 - [STDERR_REDIRECT] 
2025-09-03 22:18:14,620 [ERROR] LogOutputStream:75 - [STDERR_REDIRECT] [Fatal Error] :1:1: Premature end of file.
2025-09-03 22:18:14,620 [ERROR] LogOutputStream:75 - [STDERR_REDIRECT] 
2025-09-03 22:18:15,595 [ERROR] LogOutputStream:75 - [STDERR_REDIRECT] [Fatal Error] :1:1: Premature end of file.
2025-09-03 22:18:15,596 [ERROR] LogOutputStream:75 - [STDERR_REDIRECT] 
2025-09-03 22:18:16,591 [ERROR] LogOutputStream:75 - [STDERR_REDIRECT] [Fatal Error] :1:1: Premature end of file.
2025-09-03 22:18:16,592 [ERROR] LogOutputStream:75 - [STDERR_REDIRECT] 
2025-09-03 22:18:17,599 [ERROR] LogOutputStream:75 - [STDERR_REDIRECT] [Fatal Error] :1:1: Premature end of file.
2025-09-03 22:18:17,599 [ERROR] LogOutputStream:75 - [STDERR_REDIRECT] 
2025-09-03 22:18:18,588 [ERROR] LogOutputStream:75 - [STDERR_REDIRECT] [Fatal Error] :1:1: Premature end of file.
2025-09-03 22:18:18,588 [ERROR] LogOutputStream:75 - [STDERR_REDIRECT] 
2025-09-03 22:18:19,597 [ERROR] LogOutputStream:75 - [STDERR_REDIRECT] [Fatal Error] :1:1: Premature end of file.
2025-09-03 22:18:19,597 [ERROR] LogOutputStream:75 - [STDERR_REDIRECT] 
2025-09-03 22:18:20,640 [ERROR] LogOutputStream:75 - [STDERR_REDIRECT] [Fatal Error] :1:1: Premature end of file.
2025-09-03 22:18:20,641 [ERROR] LogOutputStream:75 - [STDERR_REDIRECT] 
2025-09-03 22:18:21,670 [ERROR] LogOutputStream:75 - [STDERR_REDIRECT] [Fatal Error] :1:1: Premature end of file.
2025-09-03 22:18:21,670 [ERROR] LogOutputStream:75 - [STDERR_REDIRECT] 
2025-09-03 22:18:22,588 [ERROR] LogOutputStream:75 - [STDERR_REDIRECT] [Fatal Error] :1:1: Premature end of file.
2025-09-03 22:18:22,588 [ERROR] LogOutputStream:75 - [STDERR_REDIRECT] 
2025-09-03 22:18:23,591 [ERROR] LogOutputStream:75 - [STDERR_REDIRECT] [Fatal Error] :1:1: Premature end of file.
2025-09-03 22:18:23,591 [ERROR] LogOutputStream:75 - [STDERR_REDIRECT] 
2025-09-03 22:18:24,587 [ERROR] LogOutputStream:75 - [STDERR_REDIRECT] [Fatal Error] :1:1: Premature end of file.
2025-09-03 22:18:24,588 [ERROR] LogOutputStream:75 - [STDERR_REDIRECT] 
2025-09-03 22:18:25,592 [ERROR] LogOutputStream:75 - [STDERR_REDIRECT] [Fatal Error] :1:1: Premature end of file.
2025-09-03 22:18:25,592 [ERROR] LogOutputStream:75 - [STDERR_REDIRECT] 
2025-09-03 22:18:26,596 [ERROR] LogOutputStream:75 - [STDERR_REDIRECT] [Fatal Error] :1:1: Premature end of file.
2025-09-03 22:18:26,597 [ERROR] LogOutputStream:75 - [STDERR_REDIRECT] 
2025-09-03 22:18:27,586 [ERROR] LogOutputStream:75 - [STDERR_REDIRECT] [Fatal Error] :1:1: Premature end of file.
2025-09-03 22:18:27,586 [ERROR] LogOutputStream:75 - [STDERR_REDIRECT] 
2025-09-03 22:18:28,695 [ERROR] LogOutputStream:75 - [STDERR_REDIRECT] [Fatal Error] :1:1: Premature end of file.
2025-09-03 22:18:28,695 [ERROR] LogOutputStream:75 - [STDERR_REDIRECT] 
2025-09-03 22:18:29,596 [ERROR] LogOutputStream:75 - [STDERR_REDIRECT] [Fatal Error] :1:1: Premature end of file.
2025-09-03 22:18:29,596 [ERROR] LogOutputStream:75 - [STDERR_REDIRECT] 
2025-09-03 22:18:30,706 [ERROR] LogOutputStream:75 - [STDERR_REDIRECT] [Fatal Error] :1:1: Premature end of file.
2025-09-03 22:18:30,706 [ERROR] LogOutputStream:75 - [STDERR_REDIRECT] 
2025-09-03 22:18:31,603 [ERROR] LogOutputStream:75 - [STDERR_REDIRECT] [Fatal Error] :1:1: Premature end of file.
2025-09-03 22:18:31,603 [ERROR] LogOutputStream:75 - [STDERR_REDIRECT] 
2025-09-03 22:18:32,587 [ERROR] LogOutputStream:75 - [STDERR_REDIRECT] [Fatal Error] :1:1: Premature end of file.
2025-09-03 22:18:32,587 [ERROR] LogOutputStream:75 - [STDERR_REDIRECT] 
2025-09-03 22:18:33,611 [ERROR] LogOutputStream:75 - [STDERR_REDIRECT] [Fatal Error] :1:1: Premature end of file.
2025-09-03 22:18:33,613 [ERROR] LogOutputStream:75 - [STDERR_REDIRECT] 
2025-09-03 22:18:34,595 [ERROR] LogOutputStream:75 - [STDERR_REDIRECT] [Fatal Error] :1:1: Premature end of file.
2025-09-03 22:18:34,596 [ERROR] LogOutputStream:75 - [STDERR_REDIRECT] 
2025-09-03 22:18:35,698 [ERROR] LogOutputStream:75 - [STDERR_REDIRECT] [Fatal Error] :1:1: Premature end of file.
2025-09-03 22:18:35,698 [ERROR] LogOutputStream:75 - [STDERR_REDIRECT] 
2025-09-03 22:18:36,688 [ERROR] LogOutputStream:75 - [STDERR_REDIRECT] [Fatal Error] :1:1: Premature end of file.
2025-09-03 22:18:36,689 [ERROR] LogOutputStream:75 - [STDERR_REDIRECT] 
2025-09-03 22:18:37,593 [ERROR] LogOutputStream:75 - [STDERR_REDIRECT] [Fatal Error] :1:1: Premature end of file.
2025-09-03 22:18:37,595 [ERROR] LogOutputStream:75 - [STDERR_REDIRECT] 
2025-09-03 22:18:38,619 [ERROR] LogOutputStream:75 - [STDERR_REDIRECT] [Fatal Error] :1:1: Premature end of file.
2025-09-03 22:18:38,619 [ERROR] LogOutputStream:75 - [STDERR_REDIRECT] 
2025-09-03 22:18:39,595 [ERROR] LogOutputStream:75 - [STDERR_REDIRECT] [Fatal Error] :1:1: Premature end of file.
2025-09-03 22:18:39,595 [ERROR] LogOutputStream:75 - [STDERR_REDIRECT] 
2025-09-03 22:18:40,583 [ERROR] LogOutputStream:75 - [STDERR_REDIRECT] [Fatal Error] :1:1: Premature end of file.
2025-09-03 22:18:40,584 [ERROR] LogOutputStream:75 - [STDERR_REDIRECT] 
2025-09-03 22:18:41,676 [ERROR] LogOutputStream:75 - [STDERR_REDIRECT] [Fatal Error] :1:1: Premature end of file.
2025-09-03 22:18:41,676 [ERROR] LogOutputStream:75 - [STDERR_REDIRECT] 
2025-09-03 22:18:42,696 [ERROR] LogOutputStream:75 - [STDERR_REDIRECT] [Fatal Error] :1:1: Premature end of file.
2025-09-03 22:18:42,696 [ERROR] LogOutputStream:75 - [STDERR_REDIRECT] 
2025-09-03 22:18:43,585 [ERROR] LogOutputStream:75 - [STDERR_REDIRECT] [Fatal Error] :1:1: Premature end of file.
2025-09-03 22:18:43,586 [ERROR] LogOutputStream:75 - [STDERR_REDIRECT] 
2025-09-03 22:18:44,705 [ERROR] LogOutputStream:75 - [STDERR_REDIRECT] [Fatal Error] :1:1: Premature end of file.
2025-09-03 22:18:44,706 [ERROR] LogOutputStream:75 - [STDERR_REDIRECT] 
2025-09-03 22:18:45,705 [ERROR] LogOutputStream:75 - [STDERR_REDIRECT] [Fatal Error] :1:1: Premature end of file.
2025-09-03 22:18:45,706 [ERROR] LogOutputStream:75 - [STDERR_REDIRECT] 
2025-09-03 22:18:46,680 [ERROR] LogOutputStream:75 - [STDERR_REDIRECT] [Fatal Error] :1:1: Premature end of file.
2025-09-03 22:18:46,680 [ERROR] LogOutputStream:75 - [STDERR_REDIRECT] 
2025-09-03 22:18:47,698 [ERROR] LogOutputStream:75 - [STDERR_REDIRECT] [Fatal Error] :1:1: Premature end of file.
2025-09-03 22:18:47,698 [ERROR] LogOutputStream:75 - [STDERR_REDIRECT] 
2025-09-03 22:18:48,704 [ERROR] LogOutputStream:75 - [STDERR_REDIRECT] [Fatal Error] :1:1: Premature end of file.
2025-09-03 22:18:48,704 [ERROR] LogOutputStream:75 - [STDERR_REDIRECT] 
2025-09-03 22:18:49,696 [ERROR] LogOutputStream:75 - [STDERR_REDIRECT] [Fatal Error] :1:1: Premature end of file.
2025-09-03 22:18:49,696 [ERROR] LogOutputStream:75 - [STDERR_REDIRECT] 
2025-09-03 22:18:50,596 [ERROR] LogOutputStream:75 - [STDERR_REDIRECT] [Fatal Error] :1:1: Premature end of file.
2025-09-03 22:18:50,596 [ERROR] LogOutputStream:75 - [STDERR_REDIRECT] 
2025-09-03 22:18:51,702 [ERROR] LogOutputStream:75 - [STDERR_REDIRECT] [Fatal Error] :1:1: Premature end of file.
2025-09-03 22:18:51,704 [ERROR] LogOutputStream:75 - [STDERR_REDIRECT] 
2025-09-03 22:18:52,705 [ERROR] LogOutputStream:75 - [STDERR_REDIRECT] [Fatal Error] :1:1: Premature end of file.
2025-09-03 22:18:52,706 [ERROR] LogOutputStream:75 - [STDERR_REDIRECT] 
2025-09-03 22:18:53,697 [ERROR] LogOutputStream:75 - [STDERR_REDIRECT] [Fatal Error] :1:1: Premature end of file.
2025-09-03 22:18:53,697 [ERROR] LogOutputStream:75 - [STDERR_REDIRECT] 
2025-09-03 22:18:54,705 [ERROR] LogOutputStream:75 - [STDERR_REDIRECT] [Fatal Error] :1:1: Premature end of file.
2025-09-03 22:18:54,706 [ERROR] LogOutputStream:75 - [STDERR_REDIRECT] 
2025-09-03 22:18:55,706 [ERROR] LogOutputStream:75 - [STDERR_REDIRECT] [Fatal Error] :1:1: Premature end of file.
2025-09-03 22:18:55,706 [ERROR] LogOutputStream:75 - [STDERR_REDIRECT] 
2025-09-03 22:18:56,696 [ERROR] LogOutputStream:75 - [STDERR_REDIRECT] [Fatal Error] :1:1: Premature end of file.
2025-09-03 22:18:56,696 [ERROR] LogOutputStream:75 - [STDERR_REDIRECT] 
2025-09-03 22:18:57,701 [ERROR] LogOutputStream:75 - [STDERR_REDIRECT] [Fatal Error] :1:1: Premature end of file.
2025-09-03 22:18:57,702 [ERROR] LogOutputStream:75 - [STDERR_REDIRECT] 
2025-09-03 22:18:58,675 [ERROR] LogOutputStream:75 - [STDERR_REDIRECT] [Fatal Error] :1:1: Premature end of file.
2025-09-03 22:18:58,675 [ERROR] LogOutputStream:75 - [STDERR_REDIRECT] 
2025-09-03 22:18:59,678 [ERROR] LogOutputStream:75 - [STDERR_REDIRECT] [Fatal Error] :1:1: Premature end of file.
2025-09-03 22:18:59,678 [ERROR] LogOutputStream:75 - [STDERR_REDIRECT] 
2025-09-03 22:19:00,715 [ERROR] LogOutputStream:75 - [STDERR_REDIRECT] [Fatal Error] :1:1: Premature end of file.
2025-09-03 22:19:00,715 [ERROR] LogOutputStream:75 - [STDERR_REDIRECT] 
2025-09-03 22:19:01,682 [ERROR] LogOutputStream:75 - [STDERR_REDIRECT] [Fatal Error] :1:1: Premature end of file.
2025-09-03 22:19:01,684 [ERROR] LogOutputStream:75 - [STDERR_REDIRECT] 
2025-09-03 22:19:02,581 [ERROR] LogOutputStream:75 - [STDERR_REDIRECT] [Fatal Error] :1:1: Premature end of file.
2025-09-03 22:19:02,581 [ERROR] LogOutputStream:75 - [STDERR_REDIRECT] 
2025-09-03 22:19:03,597 [ERROR] LogOutputStream:75 - [STDERR_REDIRECT] [Fatal Error] :1:1: Premature end of file.
2025-09-03 22:19:03,598 [ERROR] LogOutputStream:75 - [STDERR_REDIRECT] 
2025-09-03 22:19:04,585 [ERROR] LogOutputStream:75 - [STDERR_REDIRECT] [Fatal Error] :1:1: Premature end of file.
2025-09-03 22:19:04,585 [ERROR] LogOutputStream:75 - [STDERR_REDIRECT] 
2025-09-03 22:19:05,643 [ERROR] LogOutputStream:75 - [STDERR_REDIRECT] [Fatal Error] :1:1: Premature end of file.
2025-09-03 22:19:05,643 [ERROR] LogOutputStream:75 - [STDERR_REDIRECT] 
2025-09-03 22:19:06,692 [ERROR] LogOutputStream:75 - [STDERR_REDIRECT] [Fatal Error] :1:1: Premature end of file.
2025-09-03 22:19:06,692 [ERROR] LogOutputStream:75 - [STDERR_REDIRECT] 
2025-09-03 22:19:07,596 [ERROR] LogOutputStream:75 - [STDERR_REDIRECT] [Fatal Error] :1:1: Premature end of file.
2025-09-03 22:19:07,597 [ERROR] LogOutputStream:75 - [STDERR_REDIRECT] 
2025-09-03 22:19:08,603 [ERROR] LogOutputStream:75 - [STDERR_REDIRECT] [Fatal Error] :1:1: Premature end of file.
2025-09-03 22:19:08,603 [ERROR] LogOutputStream:75 - [STDERR_REDIRECT] 
2025-09-03 22:19:09,697 [ERROR] LogOutputStream:75 - [STDERR_REDIRECT] [Fatal Error] :1:1: Premature end of file.
2025-09-03 22:19:09,698 [ERROR] LogOutputStream:75 - [STDERR_REDIRECT] 
2025-09-03 22:19:10,689 [ERROR] LogOutputStream:75 - [STDERR_REDIRECT] [Fatal Error] :1:1: Premature end of file.
2025-09-03 22:19:10,689 [ERROR] LogOutputStream:75 - [STDERR_REDIRECT] 
2025-09-03 22:19:11,699 [ERROR] LogOutputStream:75 - [STDERR_REDIRECT] [Fatal Error] :1:1: Premature end of file.
2025-09-03 22:19:11,700 [ERROR] LogOutputStream:75 - [STDERR_REDIRECT] 
2025-09-03 22:19:12,697 [ERROR] LogOutputStream:75 - [STDERR_REDIRECT] [Fatal Error] :1:1: Premature end of file.
2025-09-03 22:19:12,699 [ERROR] LogOutputStream:75 - [STDERR_REDIRECT] 
2025-09-03 22:19:13,699 [ERROR] LogOutputStream:75 - [STDERR_REDIRECT] [Fatal Error] :1:1: Premature end of file.
2025-09-03 22:19:13,699 [ERROR] LogOutputStream:75 - [STDERR_REDIRECT] 
2025-09-03 22:19:14,680 [ERROR] LogOutputStream:75 - [STDERR_REDIRECT] [Fatal Error] :1:1: Premature end of file.
2025-09-03 22:19:14,680 [ERROR] LogOutputStream:75 - [STDERR_REDIRECT] 
2025-09-03 22:19:15,662 [ERROR] LogOutputStream:75 - [STDERR_REDIRECT] [Fatal Error] :1:1: Premature end of file.
2025-09-03 22:19:15,662 [ERROR] LogOutputStream:75 - [STDERR_REDIRECT] 
2025-09-03 22:19:16,621 [ERROR] LogOutputStream:75 - [STDERR_REDIRECT] [Fatal Error] :1:1: Premature end of file.
2025-09-03 22:19:16,621 [ERROR] LogOutputStream:75 - [STDERR_REDIRECT] 
2025-09-03 22:19:17,695 [ERROR] LogOutputStream:75 - [STDERR_REDIRECT] [Fatal Error] :1:1: Premature end of file.
2025-09-03 22:19:17,696 [ERROR] LogOutputStream:75 - [STDERR_REDIRECT] 
2025-09-03 22:19:18,590 [ERROR] LogOutputStream:75 - [STDERR_REDIRECT] [Fatal Error] :1:1: Premature end of file.
2025-09-03 22:19:18,590 [ERROR] LogOutputStream:75 - [STDERR_REDIRECT] 
2025-09-03 22:19:19,697 [ERROR] LogOutputStream:75 - [STDERR_REDIRECT] [Fatal Error] :1:1: Premature end of file.
2025-09-03 22:19:19,697 [ERROR] LogOutputStream:75 - [STDERR_REDIRECT] 
2025-09-03 22:19:20,642 [ERROR] LogOutputStream:75 - [STDERR_REDIRECT] [Fatal Error] :1:1: Premature end of file.
2025-09-03 22:19:20,643 [ERROR] LogOutputStream:75 - [STDERR_REDIRECT] 
2025-09-03 22:19:21,592 [ERROR] LogOutputStream:75 - [STDERR_REDIRECT] [Fatal Error] :1:1: Premature end of file.
2025-09-03 22:19:21,592 [ERROR] LogOutputStream:75 - [STDERR_REDIRECT] 
2025-09-03 22:19:22,601 [ERROR] LogOutputStream:75 - [STDERR_REDIRECT] [Fatal Error] :1:1: Premature end of file.
2025-09-03 22:19:22,601 [ERROR] LogOutputStream:75 - [STDERR_REDIRECT] 
2025-09-03 22:19:23,640 [ERROR] LogOutputStream:75 - [STDERR_REDIRECT] [Fatal Error] :1:1: Premature end of file.
2025-09-03 22:19:23,640 [ERROR] LogOutputStream:75 - [STDERR_REDIRECT] 
2025-09-03 22:19:24,589 [ERROR] LogOutputStream:75 - [STDERR_REDIRECT] [Fatal Error] :1:1: Premature end of file.
2025-09-03 22:19:24,590 [ERROR] LogOutputStream:75 - [STDERR_REDIRECT] 
2025-09-03 22:19:25,588 [ERROR] LogOutputStream:75 - [STDERR_REDIRECT] [Fatal Error] :1:1: Premature end of file.
2025-09-03 22:19:25,589 [ERROR] LogOutputStream:75 - [STDERR_REDIRECT] 
2025-09-03 22:19:26,711 [ERROR] LogOutputStream:75 - [STDERR_REDIRECT] [Fatal Error] :1:1: Premature end of file.
2025-09-03 22:19:26,712 [ERROR] LogOutputStream:75 - [STDERR_REDIRECT] 
2025-09-03 22:19:27,596 [ERROR] LogOutputStream:75 - [STDERR_REDIRECT] [Fatal Error] :1:1: Premature end of file.
2025-09-03 22:19:27,596 [ERROR] LogOutputStream:75 - [STDERR_REDIRECT] 
2025-09-03 22:19:28,663 [ERROR] LogOutputStream:75 - [STDERR_REDIRECT] [Fatal Error] :1:1: Premature end of file.
2025-09-03 22:19:28,663 [ERROR] LogOutputStream:75 - [STDERR_REDIRECT] 
2025-09-03 22:19:29,699 [ERROR] LogOutputStream:75 - [STDERR_REDIRECT] [Fatal Error] :1:1: Premature end of file.
2025-09-03 22:19:29,701 [ERROR] LogOutputStream:75 - [STDERR_REDIRECT] 
2025-09-03 22:19:30,703 [ERROR] LogOutputStream:75 - [STDERR_REDIRECT] [Fatal Error] :1:1: Premature end of file.
2025-09-03 22:19:30,705 [ERROR] LogOutputStream:75 - [STDERR_REDIRECT] 
2025-09-03 22:19:31,706 [ERROR] LogOutputStream:75 - [STDERR_REDIRECT] [Fatal Error] :1:1: Premature end of file.
2025-09-03 22:19:31,707 [ERROR] LogOutputStream:75 - [STDERR_REDIRECT] 
2025-09-03 22:19:32,606 [ERROR] LogOutputStream:75 - [STDERR_REDIRECT] [Fatal Error] :1:1: Premature end of file.
2025-09-03 22:19:32,606 [ERROR] LogOutputStream:75 - [STDERR_REDIRECT] 
2025-09-03 22:19:33,709 [ERROR] LogOutputStream:75 - [STDERR_REDIRECT] [Fatal Error] :1:1: Premature end of file.
2025-09-03 22:19:33,710 [ERROR] LogOutputStream:75 - [STDERR_REDIRECT] 
2025-09-03 22:19:34,654 [ERROR] LogOutputStream:75 - [STDERR_REDIRECT] [Fatal Error] :1:1: Premature end of file.
2025-09-03 22:19:34,654 [ERROR] LogOutputStream:75 - [STDERR_REDIRECT] 
2025-09-03 22:19:35,709 [ERROR] LogOutputStream:75 - [STDERR_REDIRECT] [Fatal Error] :1:1: Premature end of file.
2025-09-03 22:19:35,710 [ERROR] LogOutputStream:75 - [STDERR_REDIRECT] 
2025-09-03 22:19:36,718 [ERROR] LogOutputStream:75 - [STDERR_REDIRECT] [Fatal Error] :1:1: Premature end of file.
2025-09-03 22:19:36,719 [ERROR] LogOutputStream:75 - [STDERR_REDIRECT] 
2025-09-03 22:19:37,643 [ERROR] LogOutputStream:75 - [STDERR_REDIRECT] [Fatal Error] :1:1: Premature end of file.
2025-09-03 22:19:37,644 [ERROR] LogOutputStream:75 - [STDERR_REDIRECT] 
2025-09-03 22:19:38,690 [ERROR] LogOutputStream:75 - [STDERR_REDIRECT] [Fatal Error] :1:1: Premature end of file.
2025-09-03 22:19:38,690 [ERROR] LogOutputStream:75 - [STDERR_REDIRECT] 
2025-09-03 22:19:39,703 [ERROR] LogOutputStream:75 - [STDERR_REDIRECT] [Fatal Error] :1:1: Premature end of file.
2025-09-03 22:19:39,704 [ERROR] LogOutputStream:75 - [STDERR_REDIRECT] 
2025-09-03 22:19:40,705 [ERROR] LogOutputStream:75 - [STDERR_REDIRECT] [Fatal Error] :1:1: Premature end of file.
2025-09-03 22:19:40,705 [ERROR] LogOutputStream:75 - [STDERR_REDIRECT] 
2025-09-03 22:19:41,694 [ERROR] LogOutputStream:75 - [STDERR_REDIRECT] [Fatal Error] :1:1: Premature end of file.
2025-09-03 22:19:41,695 [ERROR] LogOutputStream:75 - [STDERR_REDIRECT] 
2025-09-03 22:19:42,707 [ERROR] LogOutputStream:75 - [STDERR_REDIRECT] [Fatal Error] :1:1: Premature end of file.
2025-09-03 22:19:42,707 [ERROR] LogOutputStream:75 - [STDERR_REDIRECT] 
2025-09-03 22:19:43,695 [ERROR] LogOutputStream:75 - [STDERR_REDIRECT] [Fatal Error] :1:1: Premature end of file.
2025-09-03 22:19:43,695 [ERROR] LogOutputStream:75 - [STDERR_REDIRECT] 
2025-09-03 22:19:44,697 [ERROR] LogOutputStream:75 - [STDERR_REDIRECT] [Fatal Error] :1:1: Premature end of file.
2025-09-03 22:19:44,697 [ERROR] LogOutputStream:75 - [STDERR_REDIRECT] 
2025-09-03 22:19:45,709 [ERROR] LogOutputStream:75 - [STDERR_REDIRECT] [Fatal Error] :1:1: Premature end of file.
2025-09-03 22:19:45,710 [ERROR] LogOutputStream:75 - [STDERR_REDIRECT] 
2025-09-03 22:19:46,688 [ERROR] LogOutputStream:75 - [STDERR_REDIRECT] [Fatal Error] :1:1: Premature end of file.
2025-09-03 22:19:46,689 [ERROR] LogOutputStream:75 - [STDERR_REDIRECT] 
2025-09-03 22:19:47,714 [ERROR] LogOutputStream:75 - [STDERR_REDIRECT] [Fatal Error] :1:1: Premature end of file.
2025-09-03 22:19:47,715 [ERROR] LogOutputStream:75 - [STDERR_REDIRECT] 
2025-09-03 22:19:48,676 [ERROR] LogOutputStream:75 - [STDERR_REDIRECT] [Fatal Error] :1:1: Premature end of file.
2025-09-03 22:19:48,676 [ERROR] LogOutputStream:75 - [STDERR_REDIRECT] 
2025-09-03 22:19:49,708 [ERROR] LogOutputStream:75 - [STDERR_REDIRECT] [Fatal Error] :1:1: Premature end of file.
2025-09-03 22:19:49,709 [ERROR] LogOutputStream:75 - [STDERR_REDIRECT] 
2025-09-03 22:19:50,687 [ERROR] LogOutputStream:75 - [STDERR_REDIRECT] [Fatal Error] :1:1: Premature end of file.
2025-09-03 22:19:50,689 [ERROR] LogOutputStream:75 - [STDERR_REDIRECT] 
2025-09-03 22:19:51,713 [ERROR] LogOutputStream:75 - [STDERR_REDIRECT] [Fatal Error] :1:1: Premature end of file.
2025-09-03 22:19:51,714 [ERROR] LogOutputStream:75 - [STDERR_REDIRECT] 
2025-09-03 22:19:52,697 [ERROR] LogOutputStream:75 - [STDERR_REDIRECT] [Fatal Error] :1:1: Premature end of file.
2025-09-03 22:19:52,698 [ERROR] LogOutputStream:75 - [STDERR_REDIRECT] 
2025-09-03 22:19:53,709 [ERROR] LogOutputStream:75 - [STDERR_REDIRECT] [Fatal Error] :1:1: Premature end of file.
2025-09-03 22:19:53,709 [ERROR] LogOutputStream:75 - [STDERR_REDIRECT] 
2025-09-03 22:19:54,673 [ERROR] LogOutputStream:75 - [STDERR_REDIRECT] [Fatal Error] :1:1: Premature end of file.
2025-09-03 22:19:54,673 [ERROR] LogOutputStream:75 - [STDERR_REDIRECT] 
2025-09-03 22:19:55,709 [ERROR] LogOutputStream:75 - [STDERR_REDIRECT] [Fatal Error] :1:1: Premature end of file.
2025-09-03 22:19:55,710 [ERROR] LogOutputStream:75 - [STDERR_REDIRECT] 
2025-09-03 22:19:56,709 [ERROR] LogOutputStream:75 - [STDERR_REDIRECT] [Fatal Error] :1:1: Premature end of file.
2025-09-03 22:19:56,711 [ERROR] LogOutputStream:75 - [STDERR_REDIRECT] 
2025-09-03 22:19:57,698 [ERROR] LogOutputStream:75 - [STDERR_REDIRECT] [Fatal Error] :1:1: Premature end of file.
2025-09-03 22:19:57,698 [ERROR] LogOutputStream:75 - [STDERR_REDIRECT] 
2025-09-03 22:19:58,709 [ERROR] LogOutputStream:75 - [STDERR_REDIRECT] [Fatal Error] :1:1: Premature end of file.
2025-09-03 22:19:58,710 [ERROR] LogOutputStream:75 - [STDERR_REDIRECT] 
2025-09-03 22:19:59,708 [ERROR] LogOutputStream:75 - [STDERR_REDIRECT] [Fatal Error] :1:1: Premature end of file.
2025-09-03 22:19:59,709 [ERROR] LogOutputStream:75 - [STDERR_REDIRECT] 
2025-09-03 22:20:00,708 [ERROR] LogOutputStream:75 - [STDERR_REDIRECT] [Fatal Error] :1:1: Premature end of file.
2025-09-03 22:20:00,709 [ERROR] LogOutputStream:75 - [STDERR_REDIRECT] 
2025-09-03 22:20:01,659 [ERROR] LogOutputStream:75 - [STDERR_REDIRECT] [Fatal Error] :1:1: Premature end of file.
2025-09-03 22:20:01,659 [ERROR] LogOutputStream:75 - [STDERR_REDIRECT] 
2025-09-03 22:20:02,675 [ERROR] LogOutputStream:75 - [STDERR_REDIRECT] [Fatal Error] :1:1: Premature end of file.
2025-09-03 22:20:02,676 [ERROR] LogOutputStream:75 - [STDERR_REDIRECT] 
2025-09-03 22:20:03,583 [ERROR] LogOutputStream:75 - [STDERR_REDIRECT] [Fatal Error] :1:1: Premature end of file.
2025-09-03 22:20:03,585 [ERROR] LogOutputStream:75 - [STDERR_REDIRECT] 
2025-09-03 22:20:04,671 [ERROR] LogOutputStream:75 - [STDERR_REDIRECT] [Fatal Error] :1:1: Premature end of file.
2025-09-03 22:20:04,671 [ERROR] LogOutputStream:75 - [STDERR_REDIRECT] 
2025-09-03 22:20:05,591 [ERROR] LogOutputStream:75 - [STDERR_REDIRECT] [Fatal Error] :1:1: Premature end of file.
2025-09-03 22:20:05,591 [ERROR] LogOutputStream:75 - [STDERR_REDIRECT] 
2025-09-03 22:20:06,591 [ERROR] LogOutputStream:75 - [STDERR_REDIRECT] [Fatal Error] :1:1: Premature end of file.
2025-09-03 22:20:06,592 [ERROR] LogOutputStream:75 - [STDERR_REDIRECT] 
2025-09-03 22:20:07,697 [ERROR] LogOutputStream:75 - [STDERR_REDIRECT] [Fatal Error] :1:1: Premature end of file.
2025-09-03 22:20:07,698 [ERROR] LogOutputStream:75 - [STDERR_REDIRECT] 
2025-09-03 22:20:08,706 [ERROR] LogOutputStream:75 - [STDERR_REDIRECT] [Fatal Error] :1:1: Premature end of file.
2025-09-03 22:20:08,707 [ERROR] LogOutputStream:75 - [STDERR_REDIRECT] 
2025-09-03 22:20:09,590 [ERROR] LogOutputStream:75 - [STDERR_REDIRECT] [Fatal Error] :1:1: Premature end of file.
2025-09-03 22:20:09,591 [ERROR] LogOutputStream:75 - [STDERR_REDIRECT] 
2025-09-03 22:20:10,705 [ERROR] LogOutputStream:75 - [STDERR_REDIRECT] [Fatal Error] :1:1: Premature end of file.
2025-09-03 22:20:10,706 [ERROR] LogOutputStream:75 - [STDERR_REDIRECT] 
2025-09-03 22:20:11,707 [ERROR] LogOutputStream:75 - [STDERR_REDIRECT] [Fatal Error] :1:1: Premature end of file.
2025-09-03 22:20:11,708 [ERROR] LogOutputStream:75 - [STDERR_REDIRECT] 
2025-09-03 22:20:12,592 [ERROR] LogOutputStream:75 - [STDERR_REDIRECT] [Fatal Error] :1:1: Premature end of file.
2025-09-03 22:20:12,592 [ERROR] LogOutputStream:75 - [STDERR_REDIRECT] 
2025-09-03 22:20:13,710 [ERROR] LogOutputStream:75 - [STDERR_REDIRECT] [Fatal Error] :1:1: Premature end of file.
2025-09-03 22:20:13,711 [ERROR] LogOutputStream:75 - [STDERR_REDIRECT] 
2025-09-03 22:20:14,632 [ERROR] LogOutputStream:75 - [STDERR_REDIRECT] [Fatal Error] :1:1: Premature end of file.
2025-09-03 22:20:14,632 [ERROR] LogOutputStream:75 - [STDERR_REDIRECT] 
2025-09-03 22:20:15,706 [ERROR] LogOutputStream:75 - [STDERR_REDIRECT] [Fatal Error] :1:1: Premature end of file.
2025-09-03 22:20:15,706 [ERROR] LogOutputStream:75 - [STDERR_REDIRECT] 
2025-09-03 22:20:16,709 [ERROR] LogOutputStream:75 - [STDERR_REDIRECT] [Fatal Error] :1:1: Premature end of file.
2025-09-03 22:20:16,710 [ERROR] LogOutputStream:75 - [STDERR_REDIRECT] 
2025-09-03 22:20:17,713 [ERROR] LogOutputStream:75 - [STDERR_REDIRECT] [Fatal Error] :1:1: Premature end of file.
2025-09-03 22:20:17,714 [ERROR] LogOutputStream:75 - [STDERR_REDIRECT] 
2025-09-03 22:20:18,681 [ERROR] LogOutputStream:75 - [STDERR_REDIRECT] [Fatal Error] :1:1: Premature end of file.
2025-09-03 22:20:18,681 [ERROR] LogOutputStream:75 - [STDERR_REDIRECT] 
2025-09-03 22:20:19,698 [ERROR] LogOutputStream:75 - [STDERR_REDIRECT] [Fatal Error] :1:1: Premature end of file.
2025-09-03 22:20:19,699 [ERROR] LogOutputStream:75 - [STDERR_REDIRECT] 
2025-09-03 22:20:20,698 [ERROR] LogOutputStream:75 - [STDERR_REDIRECT] [Fatal Error] :1:1: Premature end of file.
2025-09-03 22:20:20,699 [ERROR] LogOutputStream:75 - [STDERR_REDIRECT] 
2025-09-03 22:20:21,695 [ERROR] LogOutputStream:75 - [STDERR_REDIRECT] [Fatal Error] :1:1: Premature end of file.
2025-09-03 22:20:21,695 [ERROR] LogOutputStream:75 - [STDERR_REDIRECT] 
2025-09-03 22:20:22,697 [ERROR] LogOutputStream:75 - [STDERR_REDIRECT] [Fatal Error] :1:1: Premature end of file.
2025-09-03 22:20:22,698 [ERROR] LogOutputStream:75 - [STDERR_REDIRECT] 
2025-09-03 22:20:23,694 [ERROR] LogOutputStream:75 - [STDERR_REDIRECT] [Fatal Error] :1:1: Premature end of file.
2025-09-03 22:20:23,695 [ERROR] LogOutputStream:75 - [STDERR_REDIRECT] 
2025-09-03 22:20:24,696 [ERROR] LogOutputStream:75 - [STDERR_REDIRECT] [Fatal Error] :1:1: Premature end of file.
2025-09-03 22:20:24,696 [ERROR] LogOutputStream:75 - [STDERR_REDIRECT] 
2025-09-03 22:20:25,587 [ERROR] LogOutputStream:75 - [STDERR_REDIRECT] [Fatal Error] :1:1: Premature end of file.
2025-09-03 22:20:25,587 [ERROR] LogOutputStream:75 - [STDERR_REDIRECT] 
2025-09-03 22:20:26,707 [ERROR] LogOutputStream:75 - [STDERR_REDIRECT] [Fatal Error] :1:1: Premature end of file.
2025-09-03 22:20:26,707 [ERROR] LogOutputStream:75 - [STDERR_REDIRECT] 
2025-09-03 22:20:27,707 [ERROR] LogOutputStream:75 - [STDERR_REDIRECT] [Fatal Error] :1:1: Premature end of file.
2025-09-03 22:20:27,710 [ERROR] LogOutputStream:75 - [STDERR_REDIRECT] 
2025-09-03 22:20:28,672 [ERROR] LogOutputStream:75 - [STDERR_REDIRECT] [Fatal Error] :1:1: Premature end of file.
2025-09-03 22:20:28,672 [ERROR] LogOutputStream:75 - [STDERR_REDIRECT] 
2025-09-03 22:20:29,698 [ERROR] LogOutputStream:75 - [STDERR_REDIRECT] [Fatal Error] :1:1: Premature end of file.
2025-09-03 22:20:29,698 [ERROR] LogOutputStream:75 - [STDERR_REDIRECT] 
2025-09-03 22:20:30,661 [ERROR] LogOutputStream:75 - [STDERR_REDIRECT] [Fatal Error] :1:1: Premature end of file.
2025-09-03 22:20:30,661 [ERROR] LogOutputStream:75 - [STDERR_REDIRECT] 
2025-09-03 22:20:31,695 [ERROR] LogOutputStream:75 - [STDERR_REDIRECT] [Fatal Error] :1:1: Premature end of file.
2025-09-03 22:20:31,696 [ERROR] LogOutputStream:75 - [STDERR_REDIRECT] 
2025-09-03 22:20:32,697 [ERROR] LogOutputStream:75 - [STDERR_REDIRECT] [Fatal Error] :1:1: Premature end of file.
2025-09-03 22:20:32,698 [ERROR] LogOutputStream:75 - [STDERR_REDIRECT] 
2025-09-03 22:20:33,652 [ERROR] LogOutputStream:75 - [STDERR_REDIRECT] [Fatal Error] :1:1: Premature end of file.
2025-09-03 22:20:33,652 [ERROR] LogOutputStream:75 - [STDERR_REDIRECT] 
2025-09-03 22:20:34,586 [ERROR] LogOutputStream:75 - [STDERR_REDIRECT] [Fatal Error] :1:1: Premature end of file.
2025-09-03 22:20:34,586 [ERROR] LogOutputStream:75 - [STDERR_REDIRECT] 
2025-09-03 22:20:35,709 [ERROR] LogOutputStream:75 - [STDERR_REDIRECT] [Fatal Error] :1:1: Premature end of file.
2025-09-03 22:20:35,710 [ERROR] LogOutputStream:75 - [STDERR_REDIRECT] 
2025-09-03 22:20:36,679 [ERROR] LogOutputStream:75 - [STDERR_REDIRECT] [Fatal Error] :1:1: Premature end of file.
2025-09-03 22:20:36,679 [ERROR] LogOutputStream:75 - [STDERR_REDIRECT] 
2025-09-03 22:20:37,698 [ERROR] LogOutputStream:75 - [STDERR_REDIRECT] [Fatal Error] :1:1: Premature end of file.
2025-09-03 22:20:37,698 [ERROR] LogOutputStream:75 - [STDERR_REDIRECT] 
2025-09-03 22:20:38,677 [ERROR] LogOutputStream:75 - [STDERR_REDIRECT] [Fatal Error] :1:1: Premature end of file.
2025-09-03 22:20:38,677 [ERROR] LogOutputStream:75 - [STDERR_REDIRECT] 
2025-09-03 22:20:39,711 [ERROR] LogOutputStream:75 - [STDERR_REDIRECT] [Fatal Error] :1:1: Premature end of file.
2025-09-03 22:20:39,712 [ERROR] LogOutputStream:75 - [STDERR_REDIRECT] 
2025-09-03 22:20:40,593 [ERROR] LogOutputStream:75 - [STDERR_REDIRECT] [Fatal Error] :1:1: Premature end of file.
2025-09-03 22:20:40,593 [ERROR] LogOutputStream:75 - [STDERR_REDIRECT] 
2025-09-03 22:20:41,592 [ERROR] LogOutputStream:75 - [STDERR_REDIRECT] [Fatal Error] :1:1: Premature end of file.
2025-09-03 22:20:41,592 [ERROR] LogOutputStream:75 - [STDERR_REDIRECT] 
2025-09-03 22:20:42,609 [ERROR] LogOutputStream:75 - [STDERR_REDIRECT] [Fatal Error] :1:1: Premature end of file.
2025-09-03 22:20:42,609 [ERROR] LogOutputStream:75 - [STDERR_REDIRECT] 
2025-09-03 22:20:43,587 [ERROR] LogOutputStream:75 - [STDERR_REDIRECT] [Fatal Error] :1:1: Premature end of file.
2025-09-03 22:20:43,587 [ERROR] LogOutputStream:75 - [STDERR_REDIRECT] 
2025-09-03 22:20:44,593 [ERROR] LogOutputStream:75 - [STDERR_REDIRECT] [Fatal Error] :1:1: Premature end of file.
2025-09-03 22:20:44,593 [ERROR] LogOutputStream:75 - [STDERR_REDIRECT] 
2025-09-03 22:20:45,587 [ERROR] LogOutputStream:75 - [STDERR_REDIRECT] [Fatal Error] :1:1: Premature end of file.
2025-09-03 22:20:45,587 [ERROR] LogOutputStream:75 - [STDERR_REDIRECT] 
2025-09-03 22:20:46,588 [ERROR] LogOutputStream:75 - [STDERR_REDIRECT] [Fatal Error] :1:1: Premature end of file.
2025-09-03 22:20:46,588 [ERROR] LogOutputStream:75 - [STDERR_REDIRECT] 
2025-09-03 22:20:47,598 [ERROR] LogOutputStream:75 - [STDERR_REDIRECT] [Fatal Error] :1:1: Premature end of file.
2025-09-03 22:20:47,598 [ERROR] LogOutputStream:75 - [STDERR_REDIRECT] 
2025-09-03 22:20:48,589 [ERROR] LogOutputStream:75 - [STDERR_REDIRECT] [Fatal Error] :1:1: Premature end of file.
2025-09-03 22:20:48,589 [ERROR] LogOutputStream:75 - [STDERR_REDIRECT] 
2025-09-03 22:20:49,654 [ERROR] LogOutputStream:75 - [STDERR_REDIRECT] [Fatal Error] :1:1: Premature end of file.
2025-09-03 22:20:49,654 [ERROR] LogOutputStream:75 - [STDERR_REDIRECT] 
2025-09-03 22:20:50,589 [ERROR] LogOutputStream:75 - [STDERR_REDIRECT] [Fatal Error] :1:1: Premature end of file.
2025-09-03 22:20:50,590 [ERROR] LogOutputStream:75 - [STDERR_REDIRECT] 
2025-09-03 22:20:51,602 [ERROR] LogOutputStream:75 - [STDERR_REDIRECT] [Fatal Error] :1:1: Premature end of file.
2025-09-03 22:20:51,602 [ERROR] LogOutputStream:75 - [STDERR_REDIRECT] 
2025-09-03 22:20:52,596 [ERROR] LogOutputStream:75 - [STDERR_REDIRECT] [Fatal Error] :1:1: Premature end of file.
2025-09-03 22:20:52,596 [ERROR] LogOutputStream:75 - [STDERR_REDIRECT] 
2025-09-03 22:20:53,589 [ERROR] LogOutputStream:75 - [STDERR_REDIRECT] [Fatal Error] :1:1: Premature end of file.
2025-09-03 22:20:53,589 [ERROR] LogOutputStream:75 - [STDERR_REDIRECT] 
2025-09-03 22:20:54,695 [ERROR] LogOutputStream:75 - [STDERR_REDIRECT] [Fatal Error] :1:1: Premature end of file.
2025-09-03 22:20:54,696 [ERROR] LogOutputStream:75 - [STDERR_REDIRECT] 
2025-09-03 22:20:55,697 [ERROR] LogOutputStream:75 - [STDERR_REDIRECT] [Fatal Error] :1:1: Premature end of file.
2025-09-03 22:20:55,698 [ERROR] LogOutputStream:75 - [STDERR_REDIRECT] 
2025-09-03 22:20:56,596 [ERROR] LogOutputStream:75 - [STDERR_REDIRECT] [Fatal Error] :1:1: Premature end of file.
2025-09-03 22:20:56,596 [ERROR] LogOutputStream:75 - [STDERR_REDIRECT] 
2025-09-03 22:20:57,594 [ERROR] LogOutputStream:75 - [STDERR_REDIRECT] [Fatal Error] :1:1: Premature end of file.
2025-09-03 22:20:57,594 [ERROR] LogOutputStream:75 - [STDERR_REDIRECT] 
2025-09-03 22:20:58,674 [ERROR] LogOutputStream:75 - [STDERR_REDIRECT] [Fatal Error] :1:1: Premature end of file.
2025-09-03 22:20:58,675 [ERROR] LogOutputStream:75 - [STDERR_REDIRECT] 
2025-09-03 22:20:59,699 [ERROR] LogOutputStream:75 - [STDERR_REDIRECT] [Fatal Error] :1:1: Premature end of file.
2025-09-03 22:20:59,699 [ERROR] LogOutputStream:75 - [STDERR_REDIRECT] 
2025-09-03 22:21:00,596 [ERROR] LogOutputStream:75 - [STDERR_REDIRECT] [Fatal Error] :1:1: Premature end of file.
2025-09-03 22:21:00,597 [ERROR] LogOutputStream:75 - [STDERR_REDIRECT] 
2025-09-03 22:21:01,679 [ERROR] LogOutputStream:75 - [STDERR_REDIRECT] [Fatal Error] :1:1: Premature end of file.
2025-09-03 22:21:01,679 [ERROR] LogOutputStream:75 - [STDERR_REDIRECT] 
2025-09-03 22:21:02,683 [ERROR] LogOutputStream:75 - [STDERR_REDIRECT] [Fatal Error] :1:1: Premature end of file.
2025-09-03 22:21:02,683 [ERROR] LogOutputStream:75 - [STDERR_REDIRECT] 
2025-09-03 22:21:03,594 [ERROR] LogOutputStream:75 - [STDERR_REDIRECT] [Fatal Error] :1:1: Premature end of file.
2025-09-03 22:21:03,594 [ERROR] LogOutputStream:75 - [STDERR_REDIRECT] 
2025-09-03 22:21:04,710 [ERROR] LogOutputStream:75 - [STDERR_REDIRECT] [Fatal Error] :1:1: Premature end of file.
2025-09-03 22:21:04,711 [ERROR] LogOutputStream:75 - [STDERR_REDIRECT] 
2025-09-03 22:21:05,691 [ERROR] LogOutputStream:75 - [STDERR_REDIRECT] [Fatal Error] :1:1: Premature end of file.
2025-09-03 22:21:05,691 [ERROR] LogOutputStream:75 - [STDERR_REDIRECT] 
2025-09-03 22:21:06,583 [ERROR] LogOutputStream:75 - [STDERR_REDIRECT] [Fatal Error] :1:1: Premature end of file.
2025-09-03 22:21:06,583 [ERROR] LogOutputStream:75 - [STDERR_REDIRECT] 
2025-09-03 22:21:07,590 [ERROR] LogOutputStream:75 - [STDERR_REDIRECT] [Fatal Error] :1:1: Premature end of file.
2025-09-03 22:21:07,590 [ERROR] LogOutputStream:75 - [STDERR_REDIRECT] 
2025-09-03 22:21:08,586 [ERROR] LogOutputStream:75 - [STDERR_REDIRECT] [Fatal Error] :1:1: Premature end of file.
2025-09-03 22:21:08,586 [ERROR] LogOutputStream:75 - [STDERR_REDIRECT] 
2025-09-03 22:21:09,588 [ERROR] LogOutputStream:75 - [STDERR_REDIRECT] [Fatal Error] :1:1: Premature end of file.
2025-09-03 22:21:09,588 [ERROR] LogOutputStream:75 - [STDERR_REDIRECT] 
2025-09-03 22:21:10,596 [ERROR] LogOutputStream:75 - [STDERR_REDIRECT] [Fatal Error] :1:1: Premature end of file.
2025-09-03 22:21:10,596 [ERROR] LogOutputStream:75 - [STDERR_REDIRECT] 
2025-09-03 22:21:11,716 [ERROR] LogOutputStream:75 - [STDERR_REDIRECT] [Fatal Error] :1:1: Premature end of file.
2025-09-03 22:21:11,716 [ERROR] LogOutputStream:75 - [STDERR_REDIRECT] 
2025-09-03 22:21:12,730 [ERROR] LogOutputStream:75 - [STDERR_REDIRECT] [Fatal Error] :1:1: Premature end of file.
2025-09-03 22:21:12,730 [ERROR] LogOutputStream:75 - [STDERR_REDIRECT] 
2025-09-03 22:21:13,593 [ERROR] LogOutputStream:75 - [STDERR_REDIRECT] [Fatal Error] :1:1: Premature end of file.
2025-09-03 22:21:13,593 [ERROR] LogOutputStream:75 - [STDERR_REDIRECT] 
2025-09-03 22:21:14,590 [ERROR] LogOutputStream:75 - [STDERR_REDIRECT] [Fatal Error] :1:1: Premature end of file.
2025-09-03 22:21:14,590 [ERROR] LogOutputStream:75 - [STDERR_REDIRECT] 
2025-09-03 22:21:15,618 [ERROR] LogOutputStream:75 - [STDERR_REDIRECT] [Fatal Error] :1:1: Premature end of file.
2025-09-03 22:21:15,619 [ERROR] LogOutputStream:75 - [STDERR_REDIRECT] 
2025-09-03 22:21:16,583 [ERROR] LogOutputStream:75 - [STDERR_REDIRECT] [Fatal Error] :1:1: Premature end of file.
2025-09-03 22:21:16,583 [ERROR] LogOutputStream:75 - [STDERR_REDIRECT] 
2025-09-03 22:21:17,657 [ERROR] LogOutputStream:75 - [STDERR_REDIRECT] [Fatal Error] :1:1: Premature end of file.
2025-09-03 22:21:17,657 [ERROR] LogOutputStream:75 - [STDERR_REDIRECT] 
2025-09-03 22:21:18,600 [ERROR] LogOutputStream:75 - [STDERR_REDIRECT] [Fatal Error] :1:1: Premature end of file.
2025-09-03 22:21:18,600 [ERROR] LogOutputStream:75 - [STDERR_REDIRECT] 
2025-09-03 22:21:19,654 [ERROR] LogOutputStream:75 - [STDERR_REDIRECT] [Fatal Error] :1:1: Premature end of file.
2025-09-03 22:21:19,654 [ERROR] LogOutputStream:75 - [STDERR_REDIRECT] 
2025-09-03 22:21:20,700 [ERROR] LogOutputStream:75 - [STDERR_REDIRECT] [Fatal Error] :1:1: Premature end of file.
2025-09-03 22:21:20,701 [ERROR] LogOutputStream:75 - [STDERR_REDIRECT] 
2025-09-03 22:21:21,629 [ERROR] LogOutputStream:75 - [STDERR_REDIRECT] [Fatal Error] :1:1: Premature end of file.
2025-09-03 22:21:21,629 [ERROR] LogOutputStream:75 - [STDERR_REDIRECT] 
2025-09-03 22:21:22,709 [ERROR] LogOutputStream:75 - [STDERR_REDIRECT] [Fatal Error] :1:1: Premature end of file.
2025-09-03 22:21:22,710 [ERROR] LogOutputStream:75 - [STDERR_REDIRECT] 
2025-09-03 22:21:23,587 [ERROR] LogOutputStream:75 - [STDERR_REDIRECT] [Fatal Error] :1:1: Premature end of file.
2025-09-03 22:21:23,587 [ERROR] LogOutputStream:75 - [STDERR_REDIRECT] 
2025-09-03 22:21:24,604 [ERROR] LogOutputStream:75 - [STDERR_REDIRECT] [Fatal Error] :1:1: Premature end of file.
2025-09-03 22:21:24,605 [ERROR] LogOutputStream:75 - [STDERR_REDIRECT] 
2025-09-03 22:21:25,591 [ERROR] LogOutputStream:75 - [STDERR_REDIRECT] [Fatal Error] :1:1: Premature end of file.
2025-09-03 22:21:25,591 [ERROR] LogOutputStream:75 - [STDERR_REDIRECT] 
2025-09-03 22:21:26,596 [ERROR] LogOutputStream:75 - [STDERR_REDIRECT] [Fatal Error] :1:1: Premature end of file.
2025-09-03 22:21:26,597 [ERROR] LogOutputStream:75 - [STDERR_REDIRECT] 
2025-09-03 22:21:27,714 [ERROR] LogOutputStream:75 - [STDERR_REDIRECT] [Fatal Error] :1:1: Premature end of file.
2025-09-03 22:21:27,714 [ERROR] LogOutputStream:75 - [STDERR_REDIRECT] 
2025-09-03 22:21:28,685 [ERROR] LogOutputStream:75 - [STDERR_REDIRECT] [Fatal Error] :1:1: Premature end of file.
2025-09-03 22:21:28,686 [ERROR] LogOutputStream:75 - [STDERR_REDIRECT] 
2025-09-03 22:21:29,705 [ERROR] LogOutputStream:75 - [STDERR_REDIRECT] [Fatal Error] :1:1: Premature end of file.
2025-09-03 22:21:29,706 [ERROR] LogOutputStream:75 - [STDERR_REDIRECT] 
2025-09-03 22:21:30,690 [ERROR] LogOutputStream:75 - [STDERR_REDIRECT] [Fatal Error] :1:1: Premature end of file.
2025-09-03 22:21:30,691 [ERROR] LogOutputStream:75 - [STDERR_REDIRECT] 
2025-09-03 22:21:31,700 [ERROR] LogOutputStream:75 - [STDERR_REDIRECT] [Fatal Error] :1:1: Premature end of file.
2025-09-03 22:21:31,700 [ERROR] LogOutputStream:75 - [STDERR_REDIRECT] 
2025-09-03 22:21:32,701 [ERROR] LogOutputStream:75 - [STDERR_REDIRECT] [Fatal Error] :1:1: Premature end of file.
2025-09-03 22:21:32,701 [ERROR] LogOutputStream:75 - [STDERR_REDIRECT] 
2025-09-03 22:21:33,593 [ERROR] LogOutputStream:75 - [STDERR_REDIRECT] [Fatal Error] :1:1: Premature end of file.
2025-09-03 22:21:33,594 [ERROR] LogOutputStream:75 - [STDERR_REDIRECT] 
2025-09-03 22:21:34,611 [ERROR] LogOutputStream:75 - [STDERR_REDIRECT] [Fatal Error] :1:1: Premature end of file.
2025-09-03 22:21:34,611 [ERROR] LogOutputStream:75 - [STDERR_REDIRECT] 
2025-09-03 22:21:35,595 [ERROR] LogOutputStream:75 - [STDERR_REDIRECT] [Fatal Error] :1:1: Premature end of file.
2025-09-03 22:21:35,596 [ERROR] LogOutputStream:75 - [STDERR_REDIRECT] 
2025-09-03 22:21:36,612 [ERROR] LogOutputStream:75 - [STDERR_REDIRECT] [Fatal Error] :1:1: Premature end of file.
2025-09-03 22:21:36,613 [ERROR] LogOutputStream:75 - [STDERR_REDIRECT] 
2025-09-03 22:21:37,594 [ERROR] LogOutputStream:75 - [STDERR_REDIRECT] [Fatal Error] :1:1: Premature end of file.
2025-09-03 22:21:37,594 [ERROR] LogOutputStream:75 - [STDERR_REDIRECT] 
2025-09-03 22:21:38,598 [ERROR] LogOutputStream:75 - [STDERR_REDIRECT] [Fatal Error] :1:1: Premature end of file.
2025-09-03 22:21:38,599 [ERROR] LogOutputStream:75 - [STDERR_REDIRECT] 
2025-09-03 22:21:39,596 [ERROR] LogOutputStream:75 - [STDERR_REDIRECT] [Fatal Error] :1:1: Premature end of file.
2025-09-03 22:21:39,596 [ERROR] LogOutputStream:75 - [STDERR_REDIRECT] 
2025-09-03 22:21:40,687 [ERROR] LogOutputStream:75 - [STDERR_REDIRECT] [Fatal Error] :1:1: Premature end of file.
2025-09-03 22:21:40,687 [ERROR] LogOutputStream:75 - [STDERR_REDIRECT] 
2025-09-03 22:21:41,696 [ERROR] LogOutputStream:75 - [STDERR_REDIRECT] [Fatal Error] :1:1: Premature end of file.
2025-09-03 22:21:41,697 [ERROR] LogOutputStream:75 - [STDERR_REDIRECT] 
2025-09-03 22:21:42,705 [ERROR] LogOutputStream:75 - [STDERR_REDIRECT] [Fatal Error] :1:1: Premature end of file.
2025-09-03 22:21:42,705 [ERROR] LogOutputStream:75 - [STDERR_REDIRECT] 
2025-09-03 22:21:43,626 [ERROR] LogOutputStream:75 - [STDERR_REDIRECT] [Fatal Error] :1:1: Premature end of file.
2025-09-03 22:21:43,627 [ERROR] LogOutputStream:75 - [STDERR_REDIRECT] 
2025-09-03 22:21:44,708 [ERROR] LogOutputStream:75 - [STDERR_REDIRECT] [Fatal Error] :1:1: Premature end of file.
2025-09-03 22:21:44,708 [ERROR] LogOutputStream:75 - [STDERR_REDIRECT] 
2025-09-03 22:21:45,645 [ERROR] LogOutputStream:75 - [STDERR_REDIRECT] [Fatal Error] :1:1: Premature end of file.
2025-09-03 22:21:45,645 [ERROR] LogOutputStream:75 - [STDERR_REDIRECT] 
2025-09-03 22:21:46,711 [ERROR] LogOutputStream:75 - [STDERR_REDIRECT] [Fatal Error] :1:1: Premature end of file.
2025-09-03 22:21:46,712 [ERROR] LogOutputStream:75 - [STDERR_REDIRECT] 
2025-09-03 22:21:47,683 [ERROR] LogOutputStream:75 - [STDERR_REDIRECT] [Fatal Error] :1:1: Premature end of file.
2025-09-03 22:21:47,683 [ERROR] LogOutputStream:75 - [STDERR_REDIRECT] 
2025-09-03 22:21:48,705 [ERROR] LogOutputStream:75 - [STDERR_REDIRECT] [Fatal Error] :1:1: Premature end of file.
2025-09-03 22:21:48,705 [ERROR] LogOutputStream:75 - [STDERR_REDIRECT] 
2025-09-03 22:21:49,723 [ERROR] LogOutputStream:75 - [STDERR_REDIRECT] [Fatal Error] :1:1: Premature end of file.
2025-09-03 22:21:49,723 [ERROR] LogOutputStream:75 - [STDERR_REDIRECT] 
2025-09-03 22:21:50,712 [ERROR] LogOutputStream:75 - [STDERR_REDIRECT] [Fatal Error] :1:1: Premature end of file.
2025-09-03 22:21:50,712 [ERROR] LogOutputStream:75 - [STDERR_REDIRECT] 
2025-09-03 22:21:51,703 [ERROR] LogOutputStream:75 - [STDERR_REDIRECT] [Fatal Error] :1:1: Premature end of file.
2025-09-03 22:21:51,704 [ERROR] LogOutputStream:75 - [STDERR_REDIRECT] 
2025-09-03 22:21:52,707 [ERROR] LogOutputStream:75 - [STDERR_REDIRECT] [Fatal Error] :1:1: Premature end of file.
2025-09-03 22:21:52,708 [ERROR] LogOutputStream:75 - [STDERR_REDIRECT] 
2025-09-03 22:21:53,676 [ERROR] LogOutputStream:75 - [STDERR_REDIRECT] [Fatal Error] :1:1: Premature end of file.
2025-09-03 22:21:53,677 [ERROR] LogOutputStream:75 - [STDERR_REDIRECT] 
2025-09-03 22:21:54,695 [ERROR] LogOutputStream:75 - [STDERR_REDIRECT] [Fatal Error] :1:1: Premature end of file.
2025-09-03 22:21:54,695 [ERROR] LogOutputStream:75 - [STDERR_REDIRECT] 
2025-09-03 22:21:55,596 [ERROR] LogOutputStream:75 - [STDERR_REDIRECT] [Fatal Error] :1:1: Premature end of file.
2025-09-03 22:21:55,596 [ERROR] LogOutputStream:75 - [STDERR_REDIRECT] 
2025-09-03 22:21:56,588 [ERROR] LogOutputStream:75 - [STDERR_REDIRECT] [Fatal Error] :1:1: Premature end of file.
2025-09-03 22:21:56,588 [ERROR] LogOutputStream:75 - [STDERR_REDIRECT] 
2025-09-03 22:21:57,671 [ERROR] LogOutputStream:75 - [STDERR_REDIRECT] [Fatal Error] :1:1: Premature end of file.
2025-09-03 22:21:57,671 [ERROR] LogOutputStream:75 - [STDERR_REDIRECT] 
2025-09-03 22:21:58,609 [ERROR] LogOutputStream:75 - [STDERR_REDIRECT] [Fatal Error] :1:1: Premature end of file.
2025-09-03 22:21:58,609 [ERROR] LogOutputStream:75 - [STDERR_REDIRECT] 
2025-09-03 22:21:59,605 [ERROR] LogOutputStream:75 - [STDERR_REDIRECT] [Fatal Error] :1:1: Premature end of file.
2025-09-03 22:21:59,605 [ERROR] LogOutputStream:75 - [STDERR_REDIRECT] 
2025-09-03 22:22:00,596 [ERROR] LogOutputStream:75 - [STDERR_REDIRECT] [Fatal Error] :1:1: Premature end of file.
2025-09-03 22:22:00,596 [ERROR] LogOutputStream:75 - [STDERR_REDIRECT] 
2025-09-03 22:22:01,621 [ERROR] LogOutputStream:75 - [STDERR_REDIRECT] [Fatal Error] :1:1: Premature end of file.
2025-09-03 22:22:01,621 [ERROR] LogOutputStream:75 - [STDERR_REDIRECT] 
2025-09-03 22:22:02,681 [ERROR] LogOutputStream:75 - [STDERR_REDIRECT] [Fatal Error] :1:1: Premature end of file.
2025-09-03 22:22:02,681 [ERROR] LogOutputStream:75 - [STDERR_REDIRECT] 
2025-09-03 22:22:03,709 [ERROR] LogOutputStream:75 - [STDERR_REDIRECT] [Fatal Error] :1:1: Premature end of file.
2025-09-03 22:22:03,710 [ERROR] LogOutputStream:75 - [STDERR_REDIRECT] 
2025-09-03 22:22:04,657 [ERROR] LogOutputStream:75 - [STDERR_REDIRECT] [Fatal Error] :1:1: Premature end of file.
2025-09-03 22:22:04,657 [ERROR] LogOutputStream:75 - [STDERR_REDIRECT] 
2025-09-03 22:22:05,706 [ERROR] LogOutputStream:75 - [STDERR_REDIRECT] [Fatal Error] :1:1: Premature end of file.
2025-09-03 22:22:05,706 [ERROR] LogOutputStream:75 - [STDERR_REDIRECT] 
2025-09-03 22:22:06,719 [ERROR] LogOutputStream:75 - [STDERR_REDIRECT] [Fatal Error] :1:1: Premature end of file.
2025-09-03 22:22:06,721 [ERROR] LogOutputStream:75 - [STDERR_REDIRECT] 
2025-09-03 22:22:07,655 [ERROR] LogOutputStream:75 - [STDERR_REDIRECT] [Fatal Error] :1:1: Premature end of file.
2025-09-03 22:22:07,655 [ERROR] LogOutputStream:75 - [STDERR_REDIRECT] 
2025-09-03 22:22:08,619 [ERROR] LogOutputStream:75 - [STDERR_REDIRECT] [Fatal Error] :1:1: Premature end of file.
2025-09-03 22:22:08,619 [ERROR] LogOutputStream:75 - [STDERR_REDIRECT] 
2025-09-03 22:22:09,591 [ERROR] LogOutputStream:75 - [STDERR_REDIRECT] [Fatal Error] :1:1: Premature end of file.
2025-09-03 22:22:09,591 [ERROR] LogOutputStream:75 - [STDERR_REDIRECT] 
2025-09-03 22:22:10,592 [ERROR] LogOutputStream:75 - [STDERR_REDIRECT] [Fatal Error] :1:1: Premature end of file.
2025-09-03 22:22:10,592 [ERROR] LogOutputStream:75 - [STDERR_REDIRECT] 
2025-09-03 22:22:11,591 [ERROR] LogOutputStream:75 - [STDERR_REDIRECT] [Fatal Error] :1:1: Premature end of file.
2025-09-03 22:22:11,591 [ERROR] LogOutputStream:75 - [STDERR_REDIRECT] 
2025-09-03 22:22:12,612 [ERROR] LogOutputStream:75 - [STDERR_REDIRECT] [Fatal Error] :1:1: Premature end of file.
2025-09-03 22:22:12,612 [ERROR] LogOutputStream:75 - [STDERR_REDIRECT] 
2025-09-03 22:22:13,711 [ERROR] LogOutputStream:75 - [STDERR_REDIRECT] [Fatal Error] :1:1: Premature end of file.
2025-09-03 22:22:13,712 [ERROR] LogOutputStream:75 - [STDERR_REDIRECT] 
2025-09-03 22:22:14,591 [ERROR] LogOutputStream:75 - [STDERR_REDIRECT] [Fatal Error] :1:1: Premature end of file.
2025-09-03 22:22:14,591 [ERROR] LogOutputStream:75 - [STDERR_REDIRECT] 
2025-09-03 22:22:15,593 [ERROR] LogOutputStream:75 - [STDERR_REDIRECT] [Fatal Error] :1:1: Premature end of file.
2025-09-03 22:22:15,593 [ERROR] LogOutputStream:75 - [STDERR_REDIRECT] 
2025-09-03 22:22:16,709 [ERROR] LogOutputStream:75 - [STDERR_REDIRECT] [Fatal Error] :1:1: Premature end of file.
2025-09-03 22:22:16,709 [ERROR] LogOutputStream:75 - [STDERR_REDIRECT] 
2025-09-03 22:22:17,590 [ERROR] LogOutputStream:75 - [STDERR_REDIRECT] [Fatal Error] :1:1: Premature end of file.
2025-09-03 22:22:17,590 [ERROR] LogOutputStream:75 - [STDERR_REDIRECT] 
2025-09-03 22:22:18,595 [ERROR] LogOutputStream:75 - [STDERR_REDIRECT] [Fatal Error] :1:1: Premature end of file.
2025-09-03 22:22:18,595 [ERROR] LogOutputStream:75 - [STDERR_REDIRECT] 
2025-09-03 22:22:19,680 [ERROR] LogOutputStream:75 - [STDERR_REDIRECT] [Fatal Error] :1:1: Premature end of file.
2025-09-03 22:22:19,680 [ERROR] LogOutputStream:75 - [STDERR_REDIRECT] 
2025-09-03 22:22:20,661 [ERROR] LogOutputStream:75 - [STDERR_REDIRECT] [Fatal Error] :1:1: Premature end of file.
2025-09-03 22:22:20,661 [ERROR] LogOutputStream:75 - [STDERR_REDIRECT] 
2025-09-03 22:22:21,596 [ERROR] LogOutputStream:75 - [STDERR_REDIRECT] [Fatal Error] :1:1: Premature end of file.
2025-09-03 22:22:21,596 [ERROR] LogOutputStream:75 - [STDERR_REDIRECT] 
2025-09-03 22:22:22,594 [ERROR] LogOutputStream:75 - [STDERR_REDIRECT] [Fatal Error] :1:1: Premature end of file.
2025-09-03 22:22:22,594 [ERROR] LogOutputStream:75 - [STDERR_REDIRECT] 
2025-09-03 22:22:23,707 [ERROR] LogOutputStream:75 - [STDERR_REDIRECT] [Fatal Error] :1:1: Premature end of file.
2025-09-03 22:22:23,707 [ERROR] LogOutputStream:75 - [STDERR_REDIRECT] 
2025-09-03 22:22:24,693 [ERROR] LogOutputStream:75 - [STDERR_REDIRECT] [Fatal Error] :1:1: Premature end of file.
2025-09-03 22:22:24,693 [ERROR] LogOutputStream:75 - [STDERR_REDIRECT] 
2025-09-03 22:22:25,595 [ERROR] LogOutputStream:75 - [STDERR_REDIRECT] [Fatal Error] :1:1: Premature end of file.
2025-09-03 22:22:25,595 [ERROR] LogOutputStream:75 - [STDERR_REDIRECT] 
2025-09-03 22:22:26,598 [ERROR] LogOutputStream:75 - [STDERR_REDIRECT] [Fatal Error] :1:1: Premature end of file.
2025-09-03 22:22:26,598 [ERROR] LogOutputStream:75 - [STDERR_REDIRECT] 
2025-09-03 22:22:27,659 [ERROR] LogOutputStream:75 - [STDERR_REDIRECT] [Fatal Error] :1:1: Premature end of file.
2025-09-03 22:22:27,659 [ERROR] LogOutputStream:75 - [STDERR_REDIRECT] 
2025-09-03 22:22:28,589 [ERROR] LogOutputStream:75 - [STDERR_REDIRECT] [Fatal Error] :1:1: Premature end of file.
2025-09-03 22:22:28,589 [ERROR] LogOutputStream:75 - [STDERR_REDIRECT] 
2025-09-03 22:22:29,588 [ERROR] LogOutputStream:75 - [STDERR_REDIRECT] [Fatal Error] :1:1: Premature end of file.
2025-09-03 22:22:29,588 [ERROR] LogOutputStream:75 - [STDERR_REDIRECT] 
2025-09-03 22:22:30,713 [ERROR] LogOutputStream:75 - [STDERR_REDIRECT] [Fatal Error] :1:1: Premature end of file.
2025-09-03 22:22:30,714 [ERROR] LogOutputStream:75 - [STDERR_REDIRECT] 
2025-09-03 22:22:31,708 [ERROR] LogOutputStream:75 - [STDERR_REDIRECT] [Fatal Error] :1:1: Premature end of file.
2025-09-03 22:22:31,708 [ERROR] LogOutputStream:75 - [STDERR_REDIRECT] 
2025-09-03 22:22:32,598 [ERROR] LogOutputStream:75 - [STDERR_REDIRECT] [Fatal Error] :1:1: Premature end of file.
2025-09-03 22:22:32,598 [ERROR] LogOutputStream:75 - [STDERR_REDIRECT] 
2025-09-03 22:22:33,619 [ERROR] LogOutputStream:75 - [STDERR_REDIRECT] [Fatal Error] :1:1: Premature end of file.
2025-09-03 22:22:33,619 [ERROR] LogOutputStream:75 - [STDERR_REDIRECT] 
2025-09-03 22:22:34,690 [ERROR] LogOutputStream:75 - [STDERR_REDIRECT] [Fatal Error] :1:1: Premature end of file.
2025-09-03 22:22:34,690 [ERROR] LogOutputStream:75 - [STDERR_REDIRECT] 
2025-09-03 22:22:35,643 [ERROR] LogOutputStream:75 - [STDERR_REDIRECT] [Fatal Error] :1:1: Premature end of file.
2025-09-03 22:22:35,643 [ERROR] LogOutputStream:75 - [STDERR_REDIRECT] 
2025-09-03 22:22:36,591 [ERROR] LogOutputStream:75 - [STDERR_REDIRECT] [Fatal Error] :1:1: Premature end of file.
2025-09-03 22:22:36,591 [ERROR] LogOutputStream:75 - [STDERR_REDIRECT] 
2025-09-03 22:22:37,586 [ERROR] LogOutputStream:75 - [STDERR_REDIRECT] [Fatal Error] :1:1: Premature end of file.
2025-09-03 22:22:37,586 [ERROR] LogOutputStream:75 - [STDERR_REDIRECT] 
2025-09-03 22:22:38,593 [ERROR] LogOutputStream:75 - [STDERR_REDIRECT] [Fatal Error] :1:1: Premature end of file.
2025-09-03 22:22:38,593 [ERROR] LogOutputStream:75 - [STDERR_REDIRECT] 
2025-09-03 22:22:39,589 [ERROR] LogOutputStream:75 - [STDERR_REDIRECT] [Fatal Error] :1:1: Premature end of file.
2025-09-03 22:22:39,589 [ERROR] LogOutputStream:75 - [STDERR_REDIRECT] 
2025-09-03 22:22:40,586 [ERROR] LogOutputStream:75 - [STDERR_REDIRECT] [Fatal Error] :1:1: Premature end of file.
2025-09-03 22:22:40,586 [ERROR] LogOutputStream:75 - [STDERR_REDIRECT] 
2025-09-03 22:22:41,691 [ERROR] LogOutputStream:75 - [STDERR_REDIRECT] [Fatal Error] :1:1: Premature end of file.
2025-09-03 22:22:41,691 [ERROR] LogOutputStream:75 - [STDERR_REDIRECT] 
2025-09-03 22:22:42,704 [ERROR] LogOutputStream:75 - [STDERR_REDIRECT] [Fatal Error] :1:1: Premature end of file.
2025-09-03 22:22:42,706 [ERROR] LogOutputStream:75 - [STDERR_REDIRECT] 
2025-09-03 22:22:43,714 [ERROR] LogOutputStream:75 - [STDERR_REDIRECT] [Fatal Error] :1:1: Premature end of file.
2025-09-03 22:22:43,714 [ERROR] LogOutputStream:75 - [STDERR_REDIRECT] 
2025-09-03 22:22:44,709 [ERROR] LogOutputStream:75 - [STDERR_REDIRECT] [Fatal Error] :1:1: Premature end of file.
2025-09-03 22:22:44,710 [ERROR] LogOutputStream:75 - [STDERR_REDIRECT] 
2025-09-03 22:22:45,695 [ERROR] LogOutputStream:75 - [STDERR_REDIRECT] [Fatal Error] :1:1: Premature end of file.
2025-09-03 22:22:45,695 [ERROR] LogOutputStream:75 - [STDERR_REDIRECT] 
2025-09-03 22:22:46,599 [ERROR] LogOutputStream:75 - [STDERR_REDIRECT] [Fatal Error] :1:1: Premature end of file.
2025-09-03 22:22:46,599 [ERROR] LogOutputStream:75 - [STDERR_REDIRECT] 
2025-09-03 22:22:47,593 [ERROR] LogOutputStream:75 - [STDERR_REDIRECT] [Fatal Error] :1:1: Premature end of file.
2025-09-03 22:22:47,595 [ERROR] LogOutputStream:75 - [STDERR_REDIRECT] 
2025-09-03 22:22:48,632 [ERROR] LogOutputStream:75 - [STDERR_REDIRECT] [Fatal Error] :1:1: Premature end of file.
2025-09-03 22:22:48,632 [ERROR] LogOutputStream:75 - [STDERR_REDIRECT] 
2025-09-03 22:22:49,716 [ERROR] LogOutputStream:75 - [STDERR_REDIRECT] [Fatal Error] :1:1: Premature end of file.
2025-09-03 22:22:49,716 [ERROR] LogOutputStream:75 - [STDERR_REDIRECT] 
2025-09-03 22:22:50,710 [ERROR] LogOutputStream:75 - [STDERR_REDIRECT] [Fatal Error] :1:1: Premature end of file.
2025-09-03 22:22:50,710 [ERROR] LogOutputStream:75 - [STDERR_REDIRECT] 
2025-09-03 22:22:51,631 [ERROR] LogOutputStream:75 - [STDERR_REDIRECT] [Fatal Error] :1:1: Premature end of file.
2025-09-03 22:22:51,631 [ERROR] LogOutputStream:75 - [STDERR_REDIRECT] 
2025-09-03 22:22:52,589 [ERROR] LogOutputStream:75 - [STDERR_REDIRECT] [Fatal Error] :1:1: Premature end of file.
2025-09-03 22:22:52,589 [ERROR] LogOutputStream:75 - [STDERR_REDIRECT] 
2025-09-03 22:22:53,595 [ERROR] LogOutputStream:75 - [STDERR_REDIRECT] [Fatal Error] :1:1: Premature end of file.
2025-09-03 22:22:53,595 [ERROR] LogOutputStream:75 - [STDERR_REDIRECT] 
2025-09-03 22:22:54,606 [ERROR] LogOutputStream:75 - [STDERR_REDIRECT] [Fatal Error] :1:1: Premature end of file.
2025-09-03 22:22:54,607 [ERROR] LogOutputStream:75 - [STDERR_REDIRECT] 
2025-09-03 22:22:55,697 [ERROR] LogOutputStream:75 - [STDERR_REDIRECT] [Fatal Error] :1:1: Premature end of file.
2025-09-03 22:22:55,697 [ERROR] LogOutputStream:75 - [STDERR_REDIRECT] 
2025-09-03 22:22:56,596 [ERROR] LogOutputStream:75 - [STDERR_REDIRECT] [Fatal Error] :1:1: Premature end of file.
2025-09-03 22:22:56,596 [ERROR] LogOutputStream:75 - [STDERR_REDIRECT] 
2025-09-03 22:22:57,588 [ERROR] LogOutputStream:75 - [STDERR_REDIRECT] [Fatal Error] :1:1: Premature end of file.
2025-09-03 22:22:57,588 [ERROR] LogOutputStream:75 - [STDERR_REDIRECT] 
2025-09-03 22:22:58,708 [ERROR] LogOutputStream:75 - [STDERR_REDIRECT] [Fatal Error] :1:1: Premature end of file.
2025-09-03 22:22:58,709 [ERROR] LogOutputStream:75 - [STDERR_REDIRECT] 
2025-09-03 22:22:59,723 [ERROR] LogOutputStream:75 - [STDERR_REDIRECT] [Fatal Error] :1:1: Premature end of file.
2025-09-03 22:22:59,723 [ERROR] LogOutputStream:75 - [STDERR_REDIRECT] 
2025-09-03 22:23:00,589 [ERROR] LogOutputStream:75 - [STDERR_REDIRECT] [Fatal Error] :1:1: Premature end of file.
2025-09-03 22:23:00,589 [ERROR] LogOutputStream:75 - [STDERR_REDIRECT] 
2025-09-03 22:23:01,587 [ERROR] LogOutputStream:75 - [STDERR_REDIRECT] [Fatal Error] :1:1: Premature end of file.
2025-09-03 22:23:01,587 [ERROR] LogOutputStream:75 - [STDERR_REDIRECT] 
2025-09-03 22:23:02,595 [ERROR] LogOutputStream:75 - [STDERR_REDIRECT] [Fatal Error] :1:1: Premature end of file.
2025-09-03 22:23:02,595 [ERROR] LogOutputStream:75 - [STDERR_REDIRECT] 
2025-09-03 22:23:03,588 [ERROR] LogOutputStream:75 - [STDERR_REDIRECT] [Fatal Error] :1:1: Premature end of file.
2025-09-03 22:23:03,588 [ERROR] LogOutputStream:75 - [STDERR_REDIRECT] 
2025-09-03 22:23:04,609 [ERROR] LogOutputStream:75 - [STDERR_REDIRECT] [Fatal Error] :1:1: Premature end of file.
2025-09-03 22:23:04,609 [ERROR] LogOutputStream:75 - [STDERR_REDIRECT] 
2025-09-03 22:23:05,642 [ERROR] LogOutputStream:75 - [STDERR_REDIRECT] [Fatal Error] :1:1: Premature end of file.
2025-09-03 22:23:05,642 [ERROR] LogOutputStream:75 - [STDERR_REDIRECT] 
2025-09-03 22:23:06,698 [ERROR] LogOutputStream:75 - [STDERR_REDIRECT] [Fatal Error] :1:1: Premature end of file.
2025-09-03 22:23:06,698 [ERROR] LogOutputStream:75 - [STDERR_REDIRECT] 
2025-09-03 22:23:07,591 [ERROR] LogOutputStream:75 - [STDERR_REDIRECT] [Fatal Error] :1:1: Premature end of file.
2025-09-03 22:23:07,591 [ERROR] LogOutputStream:75 - [STDERR_REDIRECT] 
2025-09-03 22:23:08,586 [ERROR] LogOutputStream:75 - [STDERR_REDIRECT] [Fatal Error] :1:1: Premature end of file.
2025-09-03 22:23:08,586 [ERROR] LogOutputStream:75 - [STDERR_REDIRECT] 
2025-09-03 22:23:09,712 [ERROR] LogOutputStream:75 - [STDERR_REDIRECT] [Fatal Error] :1:1: Premature end of file.
2025-09-03 22:23:09,712 [ERROR] LogOutputStream:75 - [STDERR_REDIRECT] 
2025-09-03 22:23:10,712 [ERROR] LogOutputStream:75 - [STDERR_REDIRECT] [Fatal Error] :1:1: Premature end of file.
2025-09-03 22:23:10,712 [ERROR] LogOutputStream:75 - [STDERR_REDIRECT] 
2025-09-03 22:23:11,604 [ERROR] LogOutputStream:75 - [STDERR_REDIRECT] [Fatal Error] :1:1: Premature end of file.
2025-09-03 22:23:11,604 [ERROR] LogOutputStream:75 - [STDERR_REDIRECT] 
2025-09-03 22:23:12,587 [ERROR] LogOutputStream:75 - [STDERR_REDIRECT] [Fatal Error] :1:1: Premature end of file.
2025-09-03 22:23:12,587 [ERROR] LogOutputStream:75 - [STDERR_REDIRECT] 
2025-09-03 22:23:13,599 [ERROR] LogOutputStream:75 - [STDERR_REDIRECT] [Fatal Error] :1:1: Premature end of file.
2025-09-03 22:23:13,599 [ERROR] LogOutputStream:75 - [STDERR_REDIRECT] 
2025-09-03 22:23:14,592 [ERROR] LogOutputStream:75 - [STDERR_REDIRECT] [Fatal Error] :1:1: Premature end of file.
2025-09-03 22:23:14,592 [ERROR] LogOutputStream:75 - [STDERR_REDIRECT] 
2025-09-03 22:23:15,610 [ERROR] LogOutputStream:75 - [STDERR_REDIRECT] [Fatal Error] :1:1: Premature end of file.
2025-09-03 22:23:15,610 [ERROR] LogOutputStream:75 - [STDERR_REDIRECT] 
2025-09-03 22:23:16,697 [ERROR] LogOutputStream:75 - [STDERR_REDIRECT] [Fatal Error] :1:1: Premature end of file.
2025-09-03 22:23:16,698 [ERROR] LogOutputStream:75 - [STDERR_REDIRECT] 
2025-09-03 22:23:17,691 [ERROR] LogOutputStream:75 - [STDERR_REDIRECT] [Fatal Error] :1:1: Premature end of file.
2025-09-03 22:23:17,691 [ERROR] LogOutputStream:75 - [STDERR_REDIRECT] 
2025-09-03 22:23:18,693 [ERROR] LogOutputStream:75 - [STDERR_REDIRECT] [Fatal Error] :1:1: Premature end of file.
2025-09-03 22:23:18,693 [ERROR] LogOutputStream:75 - [STDERR_REDIRECT] 
2025-09-03 22:23:19,715 [ERROR] LogOutputStream:75 - [STDERR_REDIRECT] [Fatal Error] :1:1: Premature end of file.
2025-09-03 22:23:19,715 [ERROR] LogOutputStream:75 - [STDERR_REDIRECT] 
2025-09-03 22:23:20,596 [ERROR] LogOutputStream:75 - [STDERR_REDIRECT] [Fatal Error] :1:1: Premature end of file.
2025-09-03 22:23:20,596 [ERROR] LogOutputStream:75 - [STDERR_REDIRECT] 
2025-09-03 22:23:21,638 [ERROR] LogOutputStream:75 - [STDERR_REDIRECT] [Fatal Error] :1:1: Premature end of file.
2025-09-03 22:23:21,638 [ERROR] LogOutputStream:75 - [STDERR_REDIRECT] 
2025-09-03 22:23:22,598 [ERROR] LogOutputStream:75 - [STDERR_REDIRECT] [Fatal Error] :1:1: Premature end of file.
2025-09-03 22:23:22,598 [ERROR] LogOutputStream:75 - [STDERR_REDIRECT] 
2025-09-03 22:23:23,591 [ERROR] LogOutputStream:75 - [STDERR_REDIRECT] [Fatal Error] :1:1: Premature end of file.
2025-09-03 22:23:23,591 [ERROR] LogOutputStream:75 - [STDERR_REDIRECT] 
2025-09-03 22:23:24,597 [ERROR] LogOutputStream:75 - [STDERR_REDIRECT] [Fatal Error] :1:1: Premature end of file.
2025-09-03 22:23:24,597 [ERROR] LogOutputStream:75 - [STDERR_REDIRECT] 
2025-09-03 22:23:25,594 [ERROR] LogOutputStream:75 - [STDERR_REDIRECT] [Fatal Error] :1:1: Premature end of file.
2025-09-03 22:23:25,594 [ERROR] LogOutputStream:75 - [STDERR_REDIRECT] 
2025-09-03 22:23:26,687 [ERROR] LogOutputStream:75 - [STDERR_REDIRECT] [Fatal Error] :1:1: Premature end of file.
2025-09-03 22:23:26,687 [ERROR] LogOutputStream:75 - [STDERR_REDIRECT] 
2025-09-03 22:23:27,595 [ERROR] LogOutputStream:75 - [STDERR_REDIRECT] [Fatal Error] :1:1: Premature end of file.
2025-09-03 22:23:27,595 [ERROR] LogOutputStream:75 - [STDERR_REDIRECT] 
2025-09-03 22:23:28,598 [ERROR] LogOutputStream:75 - [STDERR_REDIRECT] [Fatal Error] :1:1: Premature end of file.
2025-09-03 22:23:28,598 [ERROR] LogOutputStream:75 - [STDERR_REDIRECT] 
2025-09-03 22:23:29,587 [ERROR] LogOutputStream:75 - [STDERR_REDIRECT] [Fatal Error] :1:1: Premature end of file.
2025-09-03 22:23:29,587 [ERROR] LogOutputStream:75 - [STDERR_REDIRECT] 
2025-09-03 22:23:30,592 [ERROR] LogOutputStream:75 - [STDERR_REDIRECT] [Fatal Error] :1:1: Premature end of file.
2025-09-03 22:23:30,592 [ERROR] LogOutputStream:75 - [STDERR_REDIRECT] 
2025-09-03 22:23:31,586 [ERROR] LogOutputStream:75 - [STDERR_REDIRECT] [Fatal Error] :1:1: Premature end of file.
2025-09-03 22:23:31,586 [ERROR] LogOutputStream:75 - [STDERR_REDIRECT] 
2025-09-03 22:23:32,597 [ERROR] LogOutputStream:75 - [STDERR_REDIRECT] [Fatal Error] :1:1: Premature end of file.
2025-09-03 22:23:32,597 [ERROR] LogOutputStream:75 - [STDERR_REDIRECT] 
2025-09-03 22:23:33,582 [ERROR] LogOutputStream:75 - [STDERR_REDIRECT] [Fatal Error] :1:1: Premature end of file.
2025-09-03 22:23:33,583 [ERROR] LogOutputStream:75 - [STDERR_REDIRECT] 
2025-09-03 22:23:34,592 [ERROR] LogOutputStream:75 - [STDERR_REDIRECT] [Fatal Error] :1:1: Premature end of file.
2025-09-03 22:23:34,592 [ERROR] LogOutputStream:75 - [STDERR_REDIRECT] 
2025-09-03 22:23:35,587 [ERROR] LogOutputStream:75 - [STDERR_REDIRECT] [Fatal Error] :1:1: Premature end of file.
2025-09-03 22:23:35,587 [ERROR] LogOutputStream:75 - [STDERR_REDIRECT] 
2025-09-03 22:23:36,595 [ERROR] LogOutputStream:75 - [STDERR_REDIRECT] [Fatal Error] :1:1: Premature end of file.
2025-09-03 22:23:36,595 [ERROR] LogOutputStream:75 - [STDERR_REDIRECT] 
2025-09-03 22:23:37,594 [ERROR] LogOutputStream:75 - [STDERR_REDIRECT] [Fatal Error] :1:1: Premature end of file.
2025-09-03 22:23:37,594 [ERROR] LogOutputStream:75 - [STDERR_REDIRECT] 
2025-09-03 22:23:38,589 [ERROR] LogOutputStream:75 - [STDERR_REDIRECT] [Fatal Error] :1:1: Premature end of file.
2025-09-03 22:23:38,589 [ERROR] LogOutputStream:75 - [STDERR_REDIRECT] 
2025-09-03 22:23:39,594 [ERROR] LogOutputStream:75 - [STDERR_REDIRECT] [Fatal Error] :1:1: Premature end of file.
2025-09-03 22:23:39,594 [ERROR] LogOutputStream:75 - [STDERR_REDIRECT] 
2025-09-03 22:23:40,595 [ERROR] LogOutputStream:75 - [STDERR_REDIRECT] [Fatal Error] :1:1: Premature end of file.
2025-09-03 22:23:40,595 [ERROR] LogOutputStream:75 - [STDERR_REDIRECT] 
2025-09-03 22:23:41,589 [ERROR] LogOutputStream:75 - [STDERR_REDIRECT] [Fatal Error] :1:1: Premature end of file.
2025-09-03 22:23:41,589 [ERROR] LogOutputStream:75 - [STDERR_REDIRECT] 
2025-09-03 22:23:42,593 [ERROR] LogOutputStream:75 - [STDERR_REDIRECT] [Fatal Error] :1:1: Premature end of file.
2025-09-03 22:23:42,593 [ERROR] LogOutputStream:75 - [STDERR_REDIRECT] 
2025-09-03 22:23:43,689 [ERROR] LogOutputStream:75 - [STDERR_REDIRECT] [Fatal Error] :1:1: Premature end of file.
2025-09-03 22:23:43,689 [ERROR] LogOutputStream:75 - [STDERR_REDIRECT] 
2025-09-03 22:23:44,585 [ERROR] LogOutputStream:75 - [STDERR_REDIRECT] [Fatal Error] :1:1: Premature end of file.
2025-09-03 22:23:44,586 [ERROR] LogOutputStream:75 - [STDERR_REDIRECT] 
2025-09-03 22:23:45,680 [ERROR] LogOutputStream:75 - [STDERR_REDIRECT] [Fatal Error] :1:1: Premature end of file.
2025-09-03 22:23:45,680 [ERROR] LogOutputStream:75 - [STDERR_REDIRECT] 
2025-09-03 22:23:46,713 [ERROR] LogOutputStream:75 - [STDERR_REDIRECT] [Fatal Error] :1:1: Premature end of file.
2025-09-03 22:23:46,714 [ERROR] LogOutputStream:75 - [STDERR_REDIRECT] 
2025-09-03 22:23:47,589 [ERROR] LogOutputStream:75 - [STDERR_REDIRECT] [Fatal Error] :1:1: Premature end of file.
2025-09-03 22:23:47,589 [ERROR] LogOutputStream:75 - [STDERR_REDIRECT] 
2025-09-03 22:23:48,603 [ERROR] LogOutputStream:75 - [STDERR_REDIRECT] [Fatal Error] :1:1: Premature end of file.
2025-09-03 22:23:48,603 [ERROR] LogOutputStream:75 - [STDERR_REDIRECT] 
2025-09-03 22:23:49,595 [ERROR] LogOutputStream:75 - [STDERR_REDIRECT] [Fatal Error] :1:1: Premature end of file.
2025-09-03 22:23:49,595 [ERROR] LogOutputStream:75 - [STDERR_REDIRECT] 
2025-09-03 22:23:50,594 [ERROR] LogOutputStream:75 - [STDERR_REDIRECT] [Fatal Error] :1:1: Premature end of file.
2025-09-03 22:23:50,594 [ERROR] LogOutputStream:75 - [STDERR_REDIRECT] 
2025-09-03 22:23:51,592 [ERROR] LogOutputStream:75 - [STDERR_REDIRECT] [Fatal Error] :1:1: Premature end of file.
2025-09-03 22:23:51,592 [ERROR] LogOutputStream:75 - [STDERR_REDIRECT] 
2025-09-03 22:23:52,590 [ERROR] LogOutputStream:75 - [STDERR_REDIRECT] [Fatal Error] :1:1: Premature end of file.
2025-09-03 22:23:52,590 [ERROR] LogOutputStream:75 - [STDERR_REDIRECT] 
2025-09-03 22:23:53,593 [ERROR] LogOutputStream:75 - [STDERR_REDIRECT] [Fatal Error] :1:1: Premature end of file.
2025-09-03 22:23:53,593 [ERROR] LogOutputStream:75 - [STDERR_REDIRECT] 
2025-09-03 22:23:54,591 [ERROR] LogOutputStream:75 - [STDERR_REDIRECT] [Fatal Error] :1:1: Premature end of file.
2025-09-03 22:23:54,591 [ERROR] LogOutputStream:75 - [STDERR_REDIRECT] 
2025-09-03 22:23:55,678 [ERROR] LogOutputStream:75 - [STDERR_REDIRECT] [Fatal Error] :1:1: Premature end of file.
2025-09-03 22:23:55,678 [ERROR] LogOutputStream:75 - [STDERR_REDIRECT] 
2025-09-03 22:23:56,716 [ERROR] LogOutputStream:75 - [STDERR_REDIRECT] [Fatal Error] :1:1: Premature end of file.
2025-09-03 22:23:56,717 [ERROR] LogOutputStream:75 - [STDERR_REDIRECT] 
2025-09-03 22:23:57,599 [ERROR] LogOutputStream:75 - [STDERR_REDIRECT] [Fatal Error] :1:1: Premature end of file.
2025-09-03 22:23:57,601 [ERROR] LogOutputStream:75 - [STDERR_REDIRECT] 
2025-09-03 22:23:58,691 [ERROR] LogOutputStream:75 - [STDERR_REDIRECT] [Fatal Error] :1:1: Premature end of file.
2025-09-03 22:23:58,691 [ERROR] LogOutputStream:75 - [STDERR_REDIRECT] 
2025-09-03 22:23:59,673 [ERROR] LogOutputStream:75 - [STDERR_REDIRECT] [Fatal Error] :1:1: Premature end of file.
2025-09-03 22:23:59,673 [ERROR] LogOutputStream:75 - [STDERR_REDIRECT] 
2025-09-03 22:24:00,660 [ERROR] LogOutputStream:75 - [STDERR_REDIRECT] [Fatal Error] :1:1: Premature end of file.
2025-09-03 22:24:00,661 [ERROR] LogOutputStream:75 - [STDERR_REDIRECT] 
2025-09-03 22:24:01,589 [ERROR] LogOutputStream:75 - [STDERR_REDIRECT] [Fatal Error] :1:1: Premature end of file.
2025-09-03 22:24:01,589 [ERROR] LogOutputStream:75 - [STDERR_REDIRECT] 
2025-09-03 22:24:02,605 [ERROR] LogOutputStream:75 - [STDERR_REDIRECT] [Fatal Error] :1:1: Premature end of file.
2025-09-03 22:24:02,605 [ERROR] LogOutputStream:75 - [STDERR_REDIRECT] 
2025-09-03 22:24:03,598 [ERROR] LogOutputStream:75 - [STDERR_REDIRECT] [Fatal Error] :1:1: Premature end of file.
2025-09-03 22:24:03,598 [ERROR] LogOutputStream:75 - [STDERR_REDIRECT] 
2025-09-03 22:24:04,586 [ERROR] LogOutputStream:75 - [STDERR_REDIRECT] [Fatal Error] :1:1: Premature end of file.
2025-09-03 22:24:04,586 [ERROR] LogOutputStream:75 - [STDERR_REDIRECT] 
2025-09-03 22:24:05,602 [ERROR] LogOutputStream:75 - [STDERR_REDIRECT] [Fatal Error] :1:1: Premature end of file.
2025-09-03 22:24:05,602 [ERROR] LogOutputStream:75 - [STDERR_REDIRECT] 
2025-09-03 22:24:06,587 [ERROR] LogOutputStream:75 - [STDERR_REDIRECT] [Fatal Error] :1:1: Premature end of file.
2025-09-03 22:24:06,587 [ERROR] LogOutputStream:75 - [STDERR_REDIRECT] 
2025-09-03 22:24:07,595 [ERROR] LogOutputStream:75 - [STDERR_REDIRECT] [Fatal Error] :1:1: Premature end of file.
2025-09-03 22:24:07,595 [ERROR] LogOutputStream:75 - [STDERR_REDIRECT] 
2025-09-03 22:24:08,706 [ERROR] LogOutputStream:75 - [STDERR_REDIRECT] [Fatal Error] :1:1: Premature end of file.
2025-09-03 22:24:08,707 [ERROR] LogOutputStream:75 - [STDERR_REDIRECT] 
2025-09-03 22:24:09,693 [ERROR] LogOutputStream:75 - [STDERR_REDIRECT] [Fatal Error] :1:1: Premature end of file.
2025-09-03 22:24:09,694 [ERROR] LogOutputStream:75 - [STDERR_REDIRECT] 
2025-09-03 22:24:10,715 [ERROR] LogOutputStream:75 - [STDERR_REDIRECT] [Fatal Error] :1:1: Premature end of file.
2025-09-03 22:24:10,720 [ERROR] LogOutputStream:75 - [STDERR_REDIRECT] 
2025-09-03 22:24:11,588 [ERROR] LogOutputStream:75 - [STDERR_REDIRECT] [Fatal Error] :1:1: Premature end of file.
2025-09-03 22:24:11,588 [ERROR] LogOutputStream:75 - [STDERR_REDIRECT] 
2025-09-03 22:24:12,596 [ERROR] LogOutputStream:75 - [STDERR_REDIRECT] [Fatal Error] :1:1: Premature end of file.
2025-09-03 22:24:12,596 [ERROR] LogOutputStream:75 - [STDERR_REDIRECT] 
2025-09-03 22:24:13,585 [ERROR] LogOutputStream:75 - [STDERR_REDIRECT] [Fatal Error] :1:1: Premature end of file.
2025-09-03 22:24:13,586 [ERROR] LogOutputStream:75 - [STDERR_REDIRECT] 
2025-09-03 22:24:14,588 [ERROR] LogOutputStream:75 - [STDERR_REDIRECT] [Fatal Error] :1:1: Premature end of file.
2025-09-03 22:24:14,588 [ERROR] LogOutputStream:75 - [STDERR_REDIRECT] 
2025-09-03 22:24:15,596 [ERROR] LogOutputStream:75 - [STDERR_REDIRECT] [Fatal Error] :1:1: Premature end of file.
2025-09-03 22:24:15,596 [ERROR] LogOutputStream:75 - [STDERR_REDIRECT] 
2025-09-03 22:24:16,583 [ERROR] LogOutputStream:75 - [STDERR_REDIRECT] [Fatal Error] :1:1: Premature end of file.
2025-09-03 22:24:16,584 [ERROR] LogOutputStream:75 - [STDERR_REDIRECT] 
2025-09-03 22:24:17,598 [ERROR] LogOutputStream:75 - [STDERR_REDIRECT] [Fatal Error] :1:1: Premature end of file.
2025-09-03 22:24:17,598 [ERROR] LogOutputStream:75 - [STDERR_REDIRECT] 
2025-09-03 22:24:18,593 [ERROR] LogOutputStream:75 - [STDERR_REDIRECT] [Fatal Error] :1:1: Premature end of file.
2025-09-03 22:24:18,593 [ERROR] LogOutputStream:75 - [STDERR_REDIRECT] 
2025-09-03 22:24:19,599 [ERROR] LogOutputStream:75 - [STDERR_REDIRECT] [Fatal Error] :1:1: Premature end of file.
2025-09-03 22:24:19,599 [ERROR] LogOutputStream:75 - [STDERR_REDIRECT] 
2025-09-03 22:24:20,588 [ERROR] LogOutputStream:75 - [STDERR_REDIRECT] [Fatal Error] :1:1: Premature end of file.
2025-09-03 22:24:20,588 [ERROR] LogOutputStream:75 - [STDERR_REDIRECT] 
2025-09-03 22:24:21,592 [ERROR] LogOutputStream:75 - [STDERR_REDIRECT] [Fatal Error] :1:1: Premature end of file.
2025-09-03 22:24:21,592 [ERROR] LogOutputStream:75 - [STDERR_REDIRECT] 
2025-09-03 22:24:22,588 [ERROR] LogOutputStream:75 - [STDERR_REDIRECT] [Fatal Error] :1:1: Premature end of file.
2025-09-03 22:24:22,589 [ERROR] LogOutputStream:75 - [STDERR_REDIRECT] 
2025-09-03 22:24:23,591 [ERROR] LogOutputStream:75 - [STDERR_REDIRECT] [Fatal Error] :1:1: Premature end of file.
2025-09-03 22:24:23,591 [ERROR] LogOutputStream:75 - [STDERR_REDIRECT] 
2025-09-03 22:24:24,709 [ERROR] LogOutputStream:75 - [STDERR_REDIRECT] [Fatal Error] :1:1: Premature end of file.
2025-09-03 22:24:24,709 [ERROR] LogOutputStream:75 - [STDERR_REDIRECT] 
2025-09-03 22:24:25,593 [ERROR] LogOutputStream:75 - [STDERR_REDIRECT] [Fatal Error] :1:1: Premature end of file.
2025-09-03 22:24:25,593 [ERROR] LogOutputStream:75 - [STDERR_REDIRECT] 
2025-09-03 22:24:26,584 [ERROR] LogOutputStream:75 - [STDERR_REDIRECT] [Fatal Error] :1:1: Premature end of file.
2025-09-03 22:24:26,585 [ERROR] LogOutputStream:75 - [STDERR_REDIRECT] 
2025-09-03 22:24:27,596 [ERROR] LogOutputStream:75 - [STDERR_REDIRECT] [Fatal Error] :1:1: Premature end of file.
2025-09-03 22:24:27,596 [ERROR] LogOutputStream:75 - [STDERR_REDIRECT] 
2025-09-03 22:24:28,596 [ERROR] LogOutputStream:75 - [STDERR_REDIRECT] [Fatal Error] :1:1: Premature end of file.
2025-09-03 22:24:28,596 [ERROR] LogOutputStream:75 - [STDERR_REDIRECT] 
2025-09-03 22:24:29,595 [ERROR] LogOutputStream:75 - [STDERR_REDIRECT] [Fatal Error] :1:1: Premature end of file.
2025-09-03 22:24:29,595 [ERROR] LogOutputStream:75 - [STDERR_REDIRECT] 
2025-09-03 22:24:30,596 [ERROR] LogOutputStream:75 - [STDERR_REDIRECT] [Fatal Error] :1:1: Premature end of file.
2025-09-03 22:24:30,596 [ERROR] LogOutputStream:75 - [STDERR_REDIRECT] 
2025-09-03 22:24:31,587 [ERROR] LogOutputStream:75 - [STDERR_REDIRECT] [Fatal Error] :1:1: Premature end of file.
2025-09-03 22:24:31,587 [ERROR] LogOutputStream:75 - [STDERR_REDIRECT] 
2025-09-03 22:24:32,654 [ERROR] LogOutputStream:75 - [STDERR_REDIRECT] [Fatal Error] :1:1: Premature end of file.
2025-09-03 22:24:32,655 [ERROR] LogOutputStream:75 - [STDERR_REDIRECT] 
2025-09-03 22:24:33,674 [ERROR] LogOutputStream:75 - [STDERR_REDIRECT] [Fatal Error] :1:1: Premature end of file.
2025-09-03 22:24:33,674 [ERROR] LogOutputStream:75 - [STDERR_REDIRECT] 
2025-09-03 22:24:34,683 [ERROR] LogOutputStream:75 - [STDERR_REDIRECT] [Fatal Error] :1:1: Premature end of file.
2025-09-03 22:24:34,683 [ERROR] LogOutputStream:75 - [STDERR_REDIRECT] 
2025-09-03 22:24:35,690 [ERROR] LogOutputStream:75 - [STDERR_REDIRECT] [Fatal Error] :1:1: Premature end of file.
2025-09-03 22:24:35,691 [ERROR] LogOutputStream:75 - [STDERR_REDIRECT] 
2025-09-03 22:24:36,709 [ERROR] LogOutputStream:75 - [STDERR_REDIRECT] [Fatal Error] :1:1: Premature end of file.
2025-09-03 22:24:36,710 [ERROR] LogOutputStream:75 - [STDERR_REDIRECT] 
2025-09-03 22:24:37,689 [ERROR] LogOutputStream:75 - [STDERR_REDIRECT] [Fatal Error] :1:1: Premature end of file.
2025-09-03 22:24:37,689 [ERROR] LogOutputStream:75 - [STDERR_REDIRECT] 
2025-09-03 22:24:38,589 [ERROR] LogOutputStream:75 - [STDERR_REDIRECT] [Fatal Error] :1:1: Premature end of file.
2025-09-03 22:24:38,589 [ERROR] LogOutputStream:75 - [STDERR_REDIRECT] 
2025-09-03 22:24:39,589 [ERROR] LogOutputStream:75 - [STDERR_REDIRECT] [Fatal Error] :1:1: Premature end of file.
2025-09-03 22:24:39,589 [ERROR] LogOutputStream:75 - [STDERR_REDIRECT] 
2025-09-03 22:24:40,588 [ERROR] LogOutputStream:75 - [STDERR_REDIRECT] [Fatal Error] :1:1: Premature end of file.
2025-09-03 22:24:40,588 [ERROR] LogOutputStream:75 - [STDERR_REDIRECT] 
2025-09-03 22:24:41,711 [ERROR] LogOutputStream:75 - [STDERR_REDIRECT] [Fatal Error] :1:1: Premature end of file.
2025-09-03 22:24:41,711 [ERROR] LogOutputStream:75 - [STDERR_REDIRECT] 
2025-09-03 22:24:42,593 [ERROR] LogOutputStream:75 - [STDERR_REDIRECT] [Fatal Error] :1:1: Premature end of file.
2025-09-03 22:24:42,594 [ERROR] LogOutputStream:75 - [STDERR_REDIRECT] 
2025-09-03 22:24:43,584 [ERROR] LogOutputStream:75 - [STDERR_REDIRECT] [Fatal Error] :1:1: Premature end of file.
2025-09-03 22:24:43,584 [ERROR] LogOutputStream:75 - [STDERR_REDIRECT] 
2025-09-03 22:24:44,590 [ERROR] LogOutputStream:75 - [STDERR_REDIRECT] [Fatal Error] :1:1: Premature end of file.
2025-09-03 22:24:44,590 [ERROR] LogOutputStream:75 - [STDERR_REDIRECT] 
2025-09-03 22:24:45,583 [ERROR] LogOutputStream:75 - [STDERR_REDIRECT] [Fatal Error] :1:1: Premature end of file.
2025-09-03 22:24:45,583 [ERROR] LogOutputStream:75 - [STDERR_REDIRECT] 
2025-09-03 22:24:46,591 [ERROR] LogOutputStream:75 - [STDERR_REDIRECT] [Fatal Error] :1:1: Premature end of file.
2025-09-03 22:24:46,591 [ERROR] LogOutputStream:75 - [STDERR_REDIRECT] 
2025-09-03 22:24:47,588 [ERROR] LogOutputStream:75 - [STDERR_REDIRECT] [Fatal Error] :1:1: Premature end of file.
2025-09-03 22:24:47,588 [ERROR] LogOutputStream:75 - [STDERR_REDIRECT] 
2025-09-03 22:24:48,709 [ERROR] LogOutputStream:75 - [STDERR_REDIRECT] [Fatal Error] :1:1: Premature end of file.
2025-09-03 22:24:48,709 [ERROR] LogOutputStream:75 - [STDERR_REDIRECT] 
2025-09-03 22:24:49,595 [ERROR] LogOutputStream:75 - [STDERR_REDIRECT] [Fatal Error] :1:1: Premature end of file.
2025-09-03 22:24:49,595 [ERROR] LogOutputStream:75 - [STDERR_REDIRECT] 
2025-09-03 22:24:50,595 [ERROR] LogOutputStream:75 - [STDERR_REDIRECT] [Fatal Error] :1:1: Premature end of file.
2025-09-03 22:24:50,595 [ERROR] LogOutputStream:75 - [STDERR_REDIRECT] 
2025-09-03 22:24:51,589 [ERROR] LogOutputStream:75 - [STDERR_REDIRECT] [Fatal Error] :1:1: Premature end of file.
2025-09-03 22:24:51,590 [ERROR] LogOutputStream:75 - [STDERR_REDIRECT] 
2025-09-03 22:24:52,594 [ERROR] LogOutputStream:75 - [STDERR_REDIRECT] [Fatal Error] :1:1: Premature end of file.
2025-09-03 22:24:52,594 [ERROR] LogOutputStream:75 - [STDERR_REDIRECT] 
2025-09-03 22:24:53,610 [ERROR] LogOutputStream:75 - [STDERR_REDIRECT] [Fatal Error] :1:1: Premature end of file.
2025-09-03 22:24:53,610 [ERROR] LogOutputStream:75 - [STDERR_REDIRECT] 
2025-09-03 22:24:54,607 [ERROR] LogOutputStream:75 - [STDERR_REDIRECT] [Fatal Error] :1:1: Premature end of file.
2025-09-03 22:24:54,608 [ERROR] LogOutputStream:75 - [STDERR_REDIRECT] 
2025-09-03 22:24:55,713 [ERROR] LogOutputStream:75 - [STDERR_REDIRECT] [Fatal Error] :1:1: Premature end of file.
2025-09-03 22:24:55,713 [ERROR] LogOutputStream:75 - [STDERR_REDIRECT] 
2025-09-03 22:24:56,693 [ERROR] LogOutputStream:75 - [STDERR_REDIRECT] [Fatal Error] :1:1: Premature end of file.
2025-09-03 22:24:56,693 [ERROR] LogOutputStream:75 - [STDERR_REDIRECT] 
2025-09-03 22:24:57,588 [ERROR] LogOutputStream:75 - [STDERR_REDIRECT] [Fatal Error] :1:1: Premature end of file.
2025-09-03 22:24:57,588 [ERROR] LogOutputStream:75 - [STDERR_REDIRECT] 
2025-09-03 22:24:58,700 [ERROR] LogOutputStream:75 - [STDERR_REDIRECT] [Fatal Error] :1:1: Premature end of file.
2025-09-03 22:24:58,700 [ERROR] LogOutputStream:75 - [STDERR_REDIRECT] 
2025-09-03 22:24:59,621 [ERROR] LogOutputStream:75 - [STDERR_REDIRECT] [Fatal Error] :1:1: Premature end of file.
2025-09-03 22:24:59,621 [ERROR] LogOutputStream:75 - [STDERR_REDIRECT] 
2025-09-03 22:25:00,647 [ERROR] LogOutputStream:75 - [STDERR_REDIRECT] [Fatal Error] :1:1: Premature end of file.
2025-09-03 22:25:00,648 [ERROR] LogOutputStream:75 - [STDERR_REDIRECT] 
2025-09-03 22:25:01,663 [ERROR] LogOutputStream:75 - [STDERR_REDIRECT] [Fatal Error] :1:1: Premature end of file.
2025-09-03 22:25:01,663 [ERROR] LogOutputStream:75 - [STDERR_REDIRECT] 
2025-09-03 22:25:02,589 [ERROR] LogOutputStream:75 - [STDERR_REDIRECT] [Fatal Error] :1:1: Premature end of file.
2025-09-03 22:25:02,589 [ERROR] LogOutputStream:75 - [STDERR_REDIRECT] 
2025-09-03 22:25:03,691 [ERROR] LogOutputStream:75 - [STDERR_REDIRECT] [Fatal Error] :1:1: Premature end of file.
2025-09-03 22:25:03,691 [ERROR] LogOutputStream:75 - [STDERR_REDIRECT] 
2025-09-03 22:25:04,592 [ERROR] LogOutputStream:75 - [STDERR_REDIRECT] [Fatal Error] :1:1: Premature end of file.
2025-09-03 22:25:04,592 [ERROR] LogOutputStream:75 - [STDERR_REDIRECT] 
2025-09-03 22:25:05,585 [ERROR] LogOutputStream:75 - [STDERR_REDIRECT] [Fatal Error] :1:1: Premature end of file.
2025-09-03 22:25:05,585 [ERROR] LogOutputStream:75 - [STDERR_REDIRECT] 
2025-09-03 22:25:06,668 [ERROR] LogOutputStream:75 - [STDERR_REDIRECT] [Fatal Error] :1:1: Premature end of file.
2025-09-03 22:25:06,668 [ERROR] LogOutputStream:75 - [STDERR_REDIRECT] 
2025-09-03 22:25:07,656 [ERROR] LogOutputStream:75 - [STDERR_REDIRECT] [Fatal Error] :1:1: Premature end of file.
2025-09-03 22:25:07,656 [ERROR] LogOutputStream:75 - [STDERR_REDIRECT] 
2025-09-03 22:25:08,656 [ERROR] LogOutputStream:75 - [STDERR_REDIRECT] [Fatal Error] :1:1: Premature end of file.
2025-09-03 22:25:08,656 [ERROR] LogOutputStream:75 - [STDERR_REDIRECT] 
2025-09-03 22:25:09,641 [ERROR] LogOutputStream:75 - [STDERR_REDIRECT] [Fatal Error] :1:1: Premature end of file.
2025-09-03 22:25:09,641 [ERROR] LogOutputStream:75 - [STDERR_REDIRECT] 
2025-09-03 22:25:10,592 [ERROR] LogOutputStream:75 - [STDERR_REDIRECT] [Fatal Error] :1:1: Premature end of file.
2025-09-03 22:25:10,592 [ERROR] LogOutputStream:75 - [STDERR_REDIRECT] 
2025-09-03 22:25:11,672 [ERROR] LogOutputStream:75 - [STDERR_REDIRECT] [Fatal Error] :1:1: Premature end of file.
2025-09-03 22:25:11,672 [ERROR] LogOutputStream:75 - [STDERR_REDIRECT] 
2025-09-03 22:25:12,586 [ERROR] LogOutputStream:75 - [STDERR_REDIRECT] [Fatal Error] :1:1: Premature end of file.
2025-09-03 22:25:12,586 [ERROR] LogOutputStream:75 - [STDERR_REDIRECT] 
2025-09-03 22:25:13,594 [ERROR] LogOutputStream:75 - [STDERR_REDIRECT] [Fatal Error] :1:1: Premature end of file.
2025-09-03 22:25:13,594 [ERROR] LogOutputStream:75 - [STDERR_REDIRECT] 
2025-09-03 22:25:14,659 [ERROR] LogOutputStream:75 - [STDERR_REDIRECT] [Fatal Error] :1:1: Premature end of file.
2025-09-03 22:25:14,660 [ERROR] LogOutputStream:75 - [STDERR_REDIRECT] 
2025-09-03 22:25:15,593 [ERROR] LogOutputStream:75 - [STDERR_REDIRECT] [Fatal Error] :1:1: Premature end of file.
2025-09-03 22:25:15,593 [ERROR] LogOutputStream:75 - [STDERR_REDIRECT] 
2025-09-03 22:25:16,588 [ERROR] LogOutputStream:75 - [STDERR_REDIRECT] [Fatal Error] :1:1: Premature end of file.
2025-09-03 22:25:16,588 [ERROR] LogOutputStream:75 - [STDERR_REDIRECT] 
2025-09-03 22:25:17,598 [ERROR] LogOutputStream:75 - [STDERR_REDIRECT] [Fatal Error] :1:1: Premature end of file.
2025-09-03 22:25:17,599 [ERROR] LogOutputStream:75 - [STDERR_REDIRECT] 
2025-09-03 22:25:18,602 [ERROR] LogOutputStream:75 - [STDERR_REDIRECT] [Fatal Error] :1:1: Premature end of file.
2025-09-03 22:25:18,602 [ERROR] LogOutputStream:75 - [STDERR_REDIRECT] 
2025-09-03 22:25:19,588 [ERROR] LogOutputStream:75 - [STDERR_REDIRECT] [Fatal Error] :1:1: Premature end of file.
2025-09-03 22:25:19,588 [ERROR] LogOutputStream:75 - [STDERR_REDIRECT] 
2025-09-03 22:25:20,596 [ERROR] LogOutputStream:75 - [STDERR_REDIRECT] [Fatal Error] :1:1: Premature end of file.
2025-09-03 22:25:20,596 [ERROR] LogOutputStream:75 - [STDERR_REDIRECT] 
2025-09-03 22:25:21,697 [ERROR] LogOutputStream:75 - [STDERR_REDIRECT] [Fatal Error] :1:1: Premature end of file.
2025-09-03 22:25:21,698 [ERROR] LogOutputStream:75 - [STDERR_REDIRECT] 
2025-09-03 22:25:22,593 [ERROR] LogOutputStream:75 - [STDERR_REDIRECT] [Fatal Error] :1:1: Premature end of file.
2025-09-03 22:25:22,593 [ERROR] LogOutputStream:75 - [STDERR_REDIRECT] 
2025-09-03 22:25:23,710 [ERROR] LogOutputStream:75 - [STDERR_REDIRECT] [Fatal Error] :1:1: Premature end of file.
2025-09-03 22:25:23,711 [ERROR] LogOutputStream:75 - [STDERR_REDIRECT] 
2025-09-03 22:25:24,591 [ERROR] LogOutputStream:75 - [STDERR_REDIRECT] [Fatal Error] :1:1: Premature end of file.
2025-09-03 22:25:24,591 [ERROR] LogOutputStream:75 - [STDERR_REDIRECT] 
2025-09-03 22:25:25,648 [ERROR] LogOutputStream:75 - [STDERR_REDIRECT] [Fatal Error] :1:1: Premature end of file.
2025-09-03 22:25:25,648 [ERROR] LogOutputStream:75 - [STDERR_REDIRECT] 
2025-09-03 22:25:26,701 [ERROR] LogOutputStream:75 - [STDERR_REDIRECT] [Fatal Error] :1:1: Premature end of file.
2025-09-03 22:25:26,701 [ERROR] LogOutputStream:75 - [STDERR_REDIRECT] 
2025-09-03 22:25:27,671 [ERROR] LogOutputStream:75 - [STDERR_REDIRECT] [Fatal Error] :1:1: Premature end of file.
2025-09-03 22:25:27,672 [ERROR] LogOutputStream:75 - [STDERR_REDIRECT] 
2025-09-03 22:25:28,586 [ERROR] LogOutputStream:75 - [STDERR_REDIRECT] [Fatal Error] :1:1: Premature end of file.
2025-09-03 22:25:28,586 [ERROR] LogOutputStream:75 - [STDERR_REDIRECT] 
2025-09-03 22:25:29,593 [ERROR] LogOutputStream:75 - [STDERR_REDIRECT] [Fatal Error] :1:1: Premature end of file.
2025-09-03 22:25:29,594 [ERROR] LogOutputStream:75 - [STDERR_REDIRECT] 
2025-09-03 22:25:30,586 [ERROR] LogOutputStream:75 - [STDERR_REDIRECT] [Fatal Error] :1:1: Premature end of file.
2025-09-03 22:25:30,587 [ERROR] LogOutputStream:75 - [STDERR_REDIRECT] 
2025-09-03 22:25:31,592 [ERROR] LogOutputStream:75 - [STDERR_REDIRECT] [Fatal Error] :1:1: Premature end of file.
2025-09-03 22:25:31,592 [ERROR] LogOutputStream:75 - [STDERR_REDIRECT] 
2025-09-03 22:25:32,584 [ERROR] LogOutputStream:75 - [STDERR_REDIRECT] [Fatal Error] :1:1: Premature end of file.
2025-09-03 22:25:32,584 [ERROR] LogOutputStream:75 - [STDERR_REDIRECT] 
2025-09-03 22:25:33,594 [ERROR] LogOutputStream:75 - [STDERR_REDIRECT] [Fatal Error] :1:1: Premature end of file.
2025-09-03 22:25:33,595 [ERROR] LogOutputStream:75 - [STDERR_REDIRECT] 
2025-09-03 22:25:34,712 [ERROR] LogOutputStream:75 - [STDERR_REDIRECT] [Fatal Error] :1:1: Premature end of file.
2025-09-03 22:25:34,712 [ERROR] LogOutputStream:75 - [STDERR_REDIRECT] 
2025-09-03 22:25:35,594 [ERROR] LogOutputStream:75 - [STDERR_REDIRECT] [Fatal Error] :1:1: Premature end of file.
2025-09-03 22:25:35,596 [ERROR] LogOutputStream:75 - [STDERR_REDIRECT] 
2025-09-03 22:25:36,590 [ERROR] LogOutputStream:75 - [STDERR_REDIRECT] [Fatal Error] :1:1: Premature end of file.
2025-09-03 22:25:36,590 [ERROR] LogOutputStream:75 - [STDERR_REDIRECT] 
2025-09-03 22:25:37,597 [ERROR] LogOutputStream:75 - [STDERR_REDIRECT] [Fatal Error] :1:1: Premature end of file.
2025-09-03 22:25:37,597 [ERROR] LogOutputStream:75 - [STDERR_REDIRECT] 
2025-09-03 22:25:38,592 [ERROR] LogOutputStream:75 - [STDERR_REDIRECT] [Fatal Error] :1:1: Premature end of file.
2025-09-03 22:25:38,593 [ERROR] LogOutputStream:75 - [STDERR_REDIRECT] 
2025-09-03 22:25:39,585 [ERROR] LogOutputStream:75 - [STDERR_REDIRECT] [Fatal Error] :1:1: Premature end of file.
2025-09-03 22:25:39,585 [ERROR] LogOutputStream:75 - [STDERR_REDIRECT] 
2025-09-03 22:25:40,590 [ERROR] LogOutputStream:75 - [STDERR_REDIRECT] [Fatal Error] :1:1: Premature end of file.
2025-09-03 22:25:40,590 [ERROR] LogOutputStream:75 - [STDERR_REDIRECT] 
2025-09-03 22:25:41,686 [ERROR] LogOutputStream:75 - [STDERR_REDIRECT] [Fatal Error] :1:1: Premature end of file.
2025-09-03 22:25:41,686 [ERROR] LogOutputStream:75 - [STDERR_REDIRECT] 
2025-09-03 22:25:42,597 [ERROR] LogOutputStream:75 - [STDERR_REDIRECT] [Fatal Error] :1:1: Premature end of file.
2025-09-03 22:25:42,597 [ERROR] LogOutputStream:75 - [STDERR_REDIRECT] 
2025-09-03 22:25:43,596 [ERROR] LogOutputStream:75 - [STDERR_REDIRECT] [Fatal Error] :1:1: Premature end of file.
2025-09-03 22:25:43,596 [ERROR] LogOutputStream:75 - [STDERR_REDIRECT] 
2025-09-03 22:25:44,590 [ERROR] LogOutputStream:75 - [STDERR_REDIRECT] [Fatal Error] :1:1: Premature end of file.
2025-09-03 22:25:44,590 [ERROR] LogOutputStream:75 - [STDERR_REDIRECT] 
2025-09-03 22:25:45,587 [ERROR] LogOutputStream:75 - [STDERR_REDIRECT] [Fatal Error] :1:1: Premature end of file.
2025-09-03 22:25:45,587 [ERROR] LogOutputStream:75 - [STDERR_REDIRECT] 
2025-09-03 22:25:46,597 [ERROR] LogOutputStream:75 - [STDERR_REDIRECT] [Fatal Error] :1:1: Premature end of file.
2025-09-03 22:25:46,597 [ERROR] LogOutputStream:75 - [STDERR_REDIRECT] 
2025-09-03 22:25:47,593 [ERROR] LogOutputStream:75 - [STDERR_REDIRECT] [Fatal Error] :1:1: Premature end of file.
2025-09-03 22:25:47,593 [ERROR] LogOutputStream:75 - [STDERR_REDIRECT] 
2025-09-03 22:25:48,587 [ERROR] LogOutputStream:75 - [STDERR_REDIRECT] [Fatal Error] :1:1: Premature end of file.
2025-09-03 22:25:48,587 [ERROR] LogOutputStream:75 - [STDERR_REDIRECT] 
2025-09-03 22:25:49,626 [ERROR] LogOutputStream:75 - [STDERR_REDIRECT] [Fatal Error] :1:1: Premature end of file.
2025-09-03 22:25:49,626 [ERROR] LogOutputStream:75 - [STDERR_REDIRECT] 
2025-09-03 22:25:50,585 [ERROR] LogOutputStream:75 - [STDERR_REDIRECT] [Fatal Error] :1:1: Premature end of file.
2025-09-03 22:25:50,586 [ERROR] LogOutputStream:75 - [STDERR_REDIRECT] 
2025-09-03 22:25:51,590 [ERROR] LogOutputStream:75 - [STDERR_REDIRECT] [Fatal Error] :1:1: Premature end of file.
2025-09-03 22:25:51,590 [ERROR] LogOutputStream:75 - [STDERR_REDIRECT] 
2025-09-03 22:25:52,589 [ERROR] LogOutputStream:75 - [STDERR_REDIRECT] [Fatal Error] :1:1: Premature end of file.
2025-09-03 22:25:52,589 [ERROR] LogOutputStream:75 - [STDERR_REDIRECT] 
2025-09-03 22:25:53,597 [ERROR] LogOutputStream:75 - [STDERR_REDIRECT] [Fatal Error] :1:1: Premature end of file.
2025-09-03 22:25:53,597 [ERROR] LogOutputStream:75 - [STDERR_REDIRECT] 
2025-09-03 22:25:54,677 [ERROR] LogOutputStream:75 - [STDERR_REDIRECT] [Fatal Error] :1:1: Premature end of file.
2025-09-03 22:25:54,677 [ERROR] LogOutputStream:75 - [STDERR_REDIRECT] 
2025-09-03 22:25:55,595 [ERROR] LogOutputStream:75 - [STDERR_REDIRECT] [Fatal Error] :1:1: Premature end of file.
2025-09-03 22:25:55,595 [ERROR] LogOutputStream:75 - [STDERR_REDIRECT] 
2025-09-03 22:25:56,582 [ERROR] LogOutputStream:75 - [STDERR_REDIRECT] [Fatal Error] :1:1: Premature end of file.
2025-09-03 22:25:56,584 [ERROR] LogOutputStream:75 - [STDERR_REDIRECT] 
2025-09-03 22:25:57,588 [ERROR] LogOutputStream:75 - [STDERR_REDIRECT] [Fatal Error] :1:1: Premature end of file.
2025-09-03 22:25:57,588 [ERROR] LogOutputStream:75 - [STDERR_REDIRECT] 
2025-09-03 22:25:58,602 [ERROR] LogOutputStream:75 - [STDERR_REDIRECT] [Fatal Error] :1:1: Premature end of file.
2025-09-03 22:25:58,602 [ERROR] LogOutputStream:75 - [STDERR_REDIRECT] 
2025-09-03 22:25:59,589 [ERROR] LogOutputStream:75 - [STDERR_REDIRECT] [Fatal Error] :1:1: Premature end of file.
2025-09-03 22:25:59,590 [ERROR] LogOutputStream:75 - [STDERR_REDIRECT] 
2025-09-03 22:26:00,595 [ERROR] LogOutputStream:75 - [STDERR_REDIRECT] [Fatal Error] :1:1: Premature end of file.
2025-09-03 22:26:00,595 [ERROR] LogOutputStream:75 - [STDERR_REDIRECT] 
2025-09-03 22:26:01,589 [ERROR] LogOutputStream:75 - [STDERR_REDIRECT] [Fatal Error] :1:1: Premature end of file.
2025-09-03 22:26:01,589 [ERROR] LogOutputStream:75 - [STDERR_REDIRECT] 
2025-09-03 22:26:02,608 [ERROR] LogOutputStream:75 - [STDERR_REDIRECT] [Fatal Error] :1:1: Premature end of file.
2025-09-03 22:26:02,608 [ERROR] LogOutputStream:75 - [STDERR_REDIRECT] 
2025-09-03 22:26:03,594 [ERROR] LogOutputStream:75 - [STDERR_REDIRECT] [Fatal Error] :1:1: Premature end of file.
2025-09-03 22:26:03,594 [ERROR] LogOutputStream:75 - [STDERR_REDIRECT] 
2025-09-03 22:26:04,589 [ERROR] LogOutputStream:75 - [STDERR_REDIRECT] [Fatal Error] :1:1: Premature end of file.
2025-09-03 22:26:04,589 [ERROR] LogOutputStream:75 - [STDERR_REDIRECT] 
2025-09-03 22:26:05,602 [ERROR] LogOutputStream:75 - [STDERR_REDIRECT] [Fatal Error] :1:1: Premature end of file.
2025-09-03 22:26:05,602 [ERROR] LogOutputStream:75 - [STDERR_REDIRECT] 
2025-09-03 22:26:06,589 [ERROR] LogOutputStream:75 - [STDERR_REDIRECT] [Fatal Error] :1:1: Premature end of file.
2025-09-03 22:26:06,589 [ERROR] LogOutputStream:75 - [STDERR_REDIRECT] 
2025-09-03 22:26:07,680 [ERROR] LogOutputStream:75 - [STDERR_REDIRECT] [Fatal Error] :1:1: Premature end of file.
2025-09-03 22:26:07,680 [ERROR] LogOutputStream:75 - [STDERR_REDIRECT] 
2025-09-03 22:26:08,586 [ERROR] LogOutputStream:75 - [STDERR_REDIRECT] [Fatal Error] :1:1: Premature end of file.
2025-09-03 22:26:08,586 [ERROR] LogOutputStream:75 - [STDERR_REDIRECT] 
2025-09-03 22:26:09,595 [ERROR] LogOutputStream:75 - [STDERR_REDIRECT] [Fatal Error] :1:1: Premature end of file.
2025-09-03 22:26:09,595 [ERROR] LogOutputStream:75 - [STDERR_REDIRECT] 
2025-09-03 22:26:10,592 [ERROR] LogOutputStream:75 - [STDERR_REDIRECT] [Fatal Error] :1:1: Premature end of file.
2025-09-03 22:26:10,592 [ERROR] LogOutputStream:75 - [STDERR_REDIRECT] 
2025-09-03 22:26:11,585 [ERROR] LogOutputStream:75 - [STDERR_REDIRECT] [Fatal Error] :1:1: Premature end of file.
2025-09-03 22:26:11,586 [ERROR] LogOutputStream:75 - [STDERR_REDIRECT] 
2025-09-03 22:26:12,591 [ERROR] LogOutputStream:75 - [STDERR_REDIRECT] [Fatal Error] :1:1: Premature end of file.
2025-09-03 22:26:12,591 [ERROR] LogOutputStream:75 - [STDERR_REDIRECT] 
2025-09-03 22:26:13,597 [ERROR] LogOutputStream:75 - [STDERR_REDIRECT] [Fatal Error] :1:1: Premature end of file.
2025-09-03 22:26:13,598 [ERROR] LogOutputStream:75 - [STDERR_REDIRECT] 
2025-09-03 22:26:14,584 [ERROR] LogOutputStream:75 - [STDERR_REDIRECT] [Fatal Error] :1:1: Premature end of file.
2025-09-03 22:26:14,585 [ERROR] LogOutputStream:75 - [STDERR_REDIRECT] 
2025-09-03 22:26:15,589 [ERROR] LogOutputStream:75 - [STDERR_REDIRECT] [Fatal Error] :1:1: Premature end of file.
2025-09-03 22:26:15,589 [ERROR] LogOutputStream:75 - [STDERR_REDIRECT] 
2025-09-03 22:26:16,593 [ERROR] LogOutputStream:75 - [STDERR_REDIRECT] [Fatal Error] :1:1: Premature end of file.
2025-09-03 22:26:16,593 [ERROR] LogOutputStream:75 - [STDERR_REDIRECT] 
2025-09-03 22:26:17,586 [ERROR] LogOutputStream:75 - [STDERR_REDIRECT] [Fatal Error] :1:1: Premature end of file.
2025-09-03 22:26:17,586 [ERROR] LogOutputStream:75 - [STDERR_REDIRECT] 
2025-09-03 22:26:18,707 [ERROR] LogOutputStream:75 - [STDERR_REDIRECT] [Fatal Error] :1:1: Premature end of file.
2025-09-03 22:26:18,707 [ERROR] LogOutputStream:75 - [STDERR_REDIRECT] 
2025-09-03 22:26:19,593 [ERROR] LogOutputStream:75 - [STDERR_REDIRECT] [Fatal Error] :1:1: Premature end of file.
2025-09-03 22:26:19,593 [ERROR] LogOutputStream:75 - [STDERR_REDIRECT] 
2025-09-03 22:26:20,592 [ERROR] LogOutputStream:75 - [STDERR_REDIRECT] [Fatal Error] :1:1: Premature end of file.
2025-09-03 22:26:20,592 [ERROR] LogOutputStream:75 - [STDERR_REDIRECT] 
2025-09-03 22:26:21,584 [ERROR] LogOutputStream:75 - [STDERR_REDIRECT] [Fatal Error] :1:1: Premature end of file.
2025-09-03 22:26:21,585 [ERROR] LogOutputStream:75 - [STDERR_REDIRECT] 
2025-09-03 22:26:22,600 [ERROR] LogOutputStream:75 - [STDERR_REDIRECT] [Fatal Error] :1:1: Premature end of file.
2025-09-03 22:26:22,600 [ERROR] LogOutputStream:75 - [STDERR_REDIRECT] 
2025-09-03 22:26:23,593 [ERROR] LogOutputStream:75 - [STDERR_REDIRECT] [Fatal Error] :1:1: Premature end of file.
2025-09-03 22:26:23,593 [ERROR] LogOutputStream:75 - [STDERR_REDIRECT] 
2025-09-03 22:26:24,582 [ERROR] LogOutputStream:75 - [STDERR_REDIRECT] [Fatal Error] :1:1: Premature end of file.
2025-09-03 22:26:24,582 [ERROR] LogOutputStream:75 - [STDERR_REDIRECT] 
2025-09-03 22:26:25,602 [ERROR] LogOutputStream:75 - [STDERR_REDIRECT] [Fatal Error] :1:1: Premature end of file.
2025-09-03 22:26:25,602 [ERROR] LogOutputStream:75 - [STDERR_REDIRECT] 
2025-09-03 22:26:26,666 [ERROR] LogOutputStream:75 - [STDERR_REDIRECT] [Fatal Error] :1:1: Premature end of file.
2025-09-03 22:26:26,666 [ERROR] LogOutputStream:75 - [STDERR_REDIRECT] 
2025-09-03 22:26:27,611 [ERROR] LogOutputStream:75 - [STDERR_REDIRECT] [Fatal Error] :1:1: Premature end of file.
2025-09-03 22:26:27,611 [ERROR] LogOutputStream:75 - [STDERR_REDIRECT] 
2025-09-03 22:26:28,703 [ERROR] LogOutputStream:75 - [STDERR_REDIRECT] [Fatal Error] :1:1: Premature end of file.
2025-09-03 22:26:28,704 [ERROR] LogOutputStream:75 - [STDERR_REDIRECT] 
2025-09-03 22:26:29,679 [ERROR] LogOutputStream:75 - [STDERR_REDIRECT] [Fatal Error] :1:1: Premature end of file.
2025-09-03 22:26:29,679 [ERROR] LogOutputStream:75 - [STDERR_REDIRECT] 
2025-09-03 22:26:30,710 [ERROR] LogOutputStream:75 - [STDERR_REDIRECT] [Fatal Error] :1:1: Premature end of file.
2025-09-03 22:26:30,711 [ERROR] LogOutputStream:75 - [STDERR_REDIRECT] 
2025-09-03 22:26:31,704 [ERROR] LogOutputStream:75 - [STDERR_REDIRECT] [Fatal Error] :1:1: Premature end of file.
2025-09-03 22:26:31,705 [ERROR] LogOutputStream:75 - [STDERR_REDIRECT] 
2025-09-03 22:26:32,691 [ERROR] LogOutputStream:75 - [STDERR_REDIRECT] [Fatal Error] :1:1: Premature end of file.
2025-09-03 22:26:32,691 [ERROR] LogOutputStream:75 - [STDERR_REDIRECT] 
2025-09-03 22:26:33,605 [ERROR] LogOutputStream:75 - [STDERR_REDIRECT] [Fatal Error] :1:1: Premature end of file.
2025-09-03 22:26:33,605 [ERROR] LogOutputStream:75 - [STDERR_REDIRECT] 
2025-09-03 22:26:34,597 [ERROR] LogOutputStream:75 - [STDERR_REDIRECT] [Fatal Error] :1:1: Premature end of file.
2025-09-03 22:26:34,597 [ERROR] LogOutputStream:75 - [STDERR_REDIRECT] 
2025-09-03 22:26:35,587 [ERROR] LogOutputStream:75 - [STDERR_REDIRECT] [Fatal Error] :1:1: Premature end of file.
2025-09-03 22:26:35,588 [ERROR] LogOutputStream:75 - [STDERR_REDIRECT] 
2025-09-03 22:26:36,596 [ERROR] LogOutputStream:75 - [STDERR_REDIRECT] [Fatal Error] :1:1: Premature end of file.
2025-09-03 22:26:36,596 [ERROR] LogOutputStream:75 - [STDERR_REDIRECT] 
2025-09-03 22:26:37,615 [ERROR] LogOutputStream:75 - [STDERR_REDIRECT] [Fatal Error] :1:1: Premature end of file.
2025-09-03 22:26:37,615 [ERROR] LogOutputStream:75 - [STDERR_REDIRECT] 
2025-09-03 22:26:38,691 [ERROR] LogOutputStream:75 - [STDERR_REDIRECT] [Fatal Error] :1:1: Premature end of file.
2025-09-03 22:26:38,691 [ERROR] LogOutputStream:75 - [STDERR_REDIRECT] 
2025-09-03 22:26:39,709 [ERROR] LogOutputStream:75 - [STDERR_REDIRECT] [Fatal Error] :1:1: Premature end of file.
2025-09-03 22:26:39,710 [ERROR] LogOutputStream:75 - [STDERR_REDIRECT] 
2025-09-03 22:26:40,711 [ERROR] LogOutputStream:75 - [STDERR_REDIRECT] [Fatal Error] :1:1: Premature end of file.
2025-09-03 22:26:40,711 [ERROR] LogOutputStream:75 - [STDERR_REDIRECT] 
2025-09-03 22:26:41,710 [ERROR] LogOutputStream:75 - [STDERR_REDIRECT] [Fatal Error] :1:1: Premature end of file.
2025-09-03 22:26:41,711 [ERROR] LogOutputStream:75 - [STDERR_REDIRECT] 
2025-09-03 22:26:42,707 [ERROR] LogOutputStream:75 - [STDERR_REDIRECT] [Fatal Error] :1:1: Premature end of file.
2025-09-03 22:26:42,708 [ERROR] LogOutputStream:75 - [STDERR_REDIRECT] 
2025-09-03 22:26:43,671 [ERROR] LogOutputStream:75 - [STDERR_REDIRECT] [Fatal Error] :1:1: Premature end of file.
2025-09-03 22:26:43,671 [ERROR] LogOutputStream:75 - [STDERR_REDIRECT] 
2025-09-03 22:26:44,716 [ERROR] LogOutputStream:75 - [STDERR_REDIRECT] [Fatal Error] :1:1: Premature end of file.
2025-09-03 22:26:44,717 [ERROR] LogOutputStream:75 - [STDERR_REDIRECT] 
2025-09-03 22:26:45,682 [ERROR] LogOutputStream:75 - [STDERR_REDIRECT] [Fatal Error] :1:1: Premature end of file.
2025-09-03 22:26:45,682 [ERROR] LogOutputStream:75 - [STDERR_REDIRECT] 
2025-09-03 22:26:46,589 [ERROR] LogOutputStream:75 - [STDERR_REDIRECT] [Fatal Error] :1:1: Premature end of file.
2025-09-03 22:26:46,590 [ERROR] LogOutputStream:75 - [STDERR_REDIRECT] 
2025-09-03 22:26:47,586 [ERROR] LogOutputStream:75 - [STDERR_REDIRECT] [Fatal Error] :1:1: Premature end of file.
2025-09-03 22:26:47,586 [ERROR] LogOutputStream:75 - [STDERR_REDIRECT] 
2025-09-03 22:26:48,585 [ERROR] LogOutputStream:75 - [STDERR_REDIRECT] [Fatal Error] :1:1: Premature end of file.
2025-09-03 22:26:48,585 [ERROR] LogOutputStream:75 - [STDERR_REDIRECT] 
2025-09-03 22:26:49,709 [ERROR] LogOutputStream:75 - [STDERR_REDIRECT] [Fatal Error] :1:1: Premature end of file.
2025-09-03 22:26:49,710 [ERROR] LogOutputStream:75 - [STDERR_REDIRECT] 
2025-09-03 22:26:50,590 [ERROR] LogOutputStream:75 - [STDERR_REDIRECT] [Fatal Error] :1:1: Premature end of file.
2025-09-03 22:26:50,590 [ERROR] LogOutputStream:75 - [STDERR_REDIRECT] 
2025-09-03 22:26:51,672 [ERROR] LogOutputStream:75 - [STDERR_REDIRECT] [Fatal Error] :1:1: Premature end of file.
2025-09-03 22:26:51,672 [ERROR] LogOutputStream:75 - [STDERR_REDIRECT] 
2025-09-03 22:26:52,707 [ERROR] LogOutputStream:75 - [STDERR_REDIRECT] [Fatal Error] :1:1: Premature end of file.
2025-09-03 22:26:52,708 [ERROR] LogOutputStream:75 - [STDERR_REDIRECT] 
2025-09-03 22:26:53,603 [ERROR] LogOutputStream:75 - [STDERR_REDIRECT] [Fatal Error] :1:1: Premature end of file.
2025-09-03 22:26:53,603 [ERROR] LogOutputStream:75 - [STDERR_REDIRECT] 
2025-09-03 22:26:54,666 [ERROR] LogOutputStream:75 - [STDERR_REDIRECT] [Fatal Error] :1:1: Premature end of file.
2025-09-03 22:26:54,667 [ERROR] LogOutputStream:75 - [STDERR_REDIRECT] 
2025-09-03 22:26:55,722 [ERROR] LogOutputStream:75 - [STDERR_REDIRECT] [Fatal Error] :1:1: Premature end of file.
2025-09-03 22:26:55,722 [ERROR] LogOutputStream:75 - [STDERR_REDIRECT] 
2025-09-03 22:26:56,611 [ERROR] LogOutputStream:75 - [STDERR_REDIRECT] [Fatal Error] :1:1: Premature end of file.
2025-09-03 22:26:56,612 [ERROR] LogOutputStream:75 - [STDERR_REDIRECT] 
2025-09-03 22:26:57,707 [ERROR] LogOutputStream:75 - [STDERR_REDIRECT] [Fatal Error] :1:1: Premature end of file.
2025-09-03 22:26:57,707 [ERROR] LogOutputStream:75 - [STDERR_REDIRECT] 
2025-09-03 22:26:58,595 [ERROR] LogOutputStream:75 - [STDERR_REDIRECT] [Fatal Error] :1:1: Premature end of file.
2025-09-03 22:26:58,595 [ERROR] LogOutputStream:75 - [STDERR_REDIRECT] 
2025-09-03 22:26:59,708 [ERROR] LogOutputStream:75 - [STDERR_REDIRECT] [Fatal Error] :1:1: Premature end of file.
2025-09-03 22:26:59,709 [ERROR] LogOutputStream:75 - [STDERR_REDIRECT] 
2025-09-03 22:27:00,591 [ERROR] LogOutputStream:75 - [STDERR_REDIRECT] [Fatal Error] :1:1: Premature end of file.
2025-09-03 22:27:00,591 [ERROR] LogOutputStream:75 - [STDERR_REDIRECT] 
2025-09-03 22:27:01,591 [ERROR] LogOutputStream:75 - [STDERR_REDIRECT] [Fatal Error] :1:1: Premature end of file.
2025-09-03 22:27:01,591 [ERROR] LogOutputStream:75 - [STDERR_REDIRECT] 
2025-09-03 22:27:02,706 [ERROR] LogOutputStream:75 - [STDERR_REDIRECT] [Fatal Error] :1:1: Premature end of file.
2025-09-03 22:27:02,706 [ERROR] LogOutputStream:75 - [STDERR_REDIRECT] 
2025-09-03 22:27:03,585 [ERROR] LogOutputStream:75 - [STDERR_REDIRECT] [Fatal Error] :1:1: Premature end of file.
2025-09-03 22:27:03,585 [ERROR] LogOutputStream:75 - [STDERR_REDIRECT] 
2025-09-03 22:27:04,711 [ERROR] LogOutputStream:75 - [STDERR_REDIRECT] [Fatal Error] :1:1: Premature end of file.
2025-09-03 22:27:04,712 [ERROR] LogOutputStream:75 - [STDERR_REDIRECT] 
2025-09-03 22:27:05,588 [ERROR] LogOutputStream:75 - [STDERR_REDIRECT] [Fatal Error] :1:1: Premature end of file.
2025-09-03 22:27:05,588 [ERROR] LogOutputStream:75 - [STDERR_REDIRECT] 
2025-09-03 22:27:06,583 [ERROR] LogOutputStream:75 - [STDERR_REDIRECT] [Fatal Error] :1:1: Premature end of file.
2025-09-03 22:27:06,583 [ERROR] LogOutputStream:75 - [STDERR_REDIRECT] 
2025-09-03 22:27:07,589 [ERROR] LogOutputStream:75 - [STDERR_REDIRECT] [Fatal Error] :1:1: Premature end of file.
2025-09-03 22:27:07,589 [ERROR] LogOutputStream:75 - [STDERR_REDIRECT] 
2025-09-03 22:27:08,584 [ERROR] LogOutputStream:75 - [STDERR_REDIRECT] [Fatal Error] :1:1: Premature end of file.
2025-09-03 22:27:08,585 [ERROR] LogOutputStream:75 - [STDERR_REDIRECT] 
2025-09-03 22:27:09,603 [ERROR] LogOutputStream:75 - [STDERR_REDIRECT] [Fatal Error] :1:1: Premature end of file.
2025-09-03 22:27:09,603 [ERROR] LogOutputStream:75 - [STDERR_REDIRECT] 
2025-09-03 22:27:10,706 [ERROR] LogOutputStream:75 - [STDERR_REDIRECT] [Fatal Error] :1:1: Premature end of file.
2025-09-03 22:27:10,706 [ERROR] LogOutputStream:75 - [STDERR_REDIRECT] 
2025-09-03 22:27:11,636 [ERROR] LogOutputStream:75 - [STDERR_REDIRECT] [Fatal Error] :1:1: Premature end of file.
2025-09-03 22:27:11,636 [ERROR] LogOutputStream:75 - [STDERR_REDIRECT] 
2025-09-03 22:27:12,592 [ERROR] LogOutputStream:75 - [STDERR_REDIRECT] [Fatal Error] :1:1: Premature end of file.
2025-09-03 22:27:12,592 [ERROR] LogOutputStream:75 - [STDERR_REDIRECT] 
2025-09-03 22:27:13,586 [ERROR] LogOutputStream:75 - [STDERR_REDIRECT] [Fatal Error] :1:1: Premature end of file.
2025-09-03 22:27:13,586 [ERROR] LogOutputStream:75 - [STDERR_REDIRECT] 
2025-09-03 22:27:14,634 [ERROR] LogOutputStream:75 - [STDERR_REDIRECT] [Fatal Error] :1:1: Premature end of file.
2025-09-03 22:27:14,635 [ERROR] LogOutputStream:75 - [STDERR_REDIRECT] 
2025-09-03 22:27:15,594 [ERROR] LogOutputStream:75 - [STDERR_REDIRECT] [Fatal Error] :1:1: Premature end of file.
2025-09-03 22:27:15,594 [ERROR] LogOutputStream:75 - [STDERR_REDIRECT] 
2025-09-03 22:27:16,674 [ERROR] LogOutputStream:75 - [STDERR_REDIRECT] [Fatal Error] :1:1: Premature end of file.
2025-09-03 22:27:16,675 [ERROR] LogOutputStream:75 - [STDERR_REDIRECT] 
2025-09-03 22:27:17,591 [ERROR] LogOutputStream:75 - [STDERR_REDIRECT] [Fatal Error] :1:1: Premature end of file.
2025-09-03 22:27:17,591 [ERROR] LogOutputStream:75 - [STDERR_REDIRECT] 
2025-09-03 22:27:18,601 [ERROR] LogOutputStream:75 - [STDERR_REDIRECT] [Fatal Error] :1:1: Premature end of file.
2025-09-03 22:27:18,601 [ERROR] LogOutputStream:75 - [STDERR_REDIRECT] 
2025-09-03 22:27:19,704 [ERROR] LogOutputStream:75 - [STDERR_REDIRECT] [Fatal Error] :1:1: Premature end of file.
2025-09-03 22:27:19,704 [ERROR] LogOutputStream:75 - [STDERR_REDIRECT] 
2025-09-03 22:27:20,680 [ERROR] LogOutputStream:75 - [STDERR_REDIRECT] [Fatal Error] :1:1: Premature end of file.
2025-09-03 22:27:20,680 [ERROR] LogOutputStream:75 - [STDERR_REDIRECT] 
2025-09-03 22:27:21,596 [ERROR] LogOutputStream:75 - [STDERR_REDIRECT] [Fatal Error] :1:1: Premature end of file.
2025-09-03 22:27:21,596 [ERROR] LogOutputStream:75 - [STDERR_REDIRECT] 
2025-09-03 22:27:22,599 [ERROR] LogOutputStream:75 - [STDERR_REDIRECT] [Fatal Error] :1:1: Premature end of file.
2025-09-03 22:27:22,599 [ERROR] LogOutputStream:75 - [STDERR_REDIRECT] 
2025-09-03 22:27:23,602 [ERROR] LogOutputStream:75 - [STDERR_REDIRECT] [Fatal Error] :1:1: Premature end of file.
2025-09-03 22:27:23,602 [ERROR] LogOutputStream:75 - [STDERR_REDIRECT] 
2025-09-03 22:27:24,603 [ERROR] LogOutputStream:75 - [STDERR_REDIRECT] [Fatal Error] :1:1: Premature end of file.
2025-09-03 22:27:24,604 [ERROR] LogOutputStream:75 - [STDERR_REDIRECT] 
2025-09-03 22:27:25,589 [ERROR] LogOutputStream:75 - [STDERR_REDIRECT] [Fatal Error] :1:1: Premature end of file.
2025-09-03 22:27:25,589 [ERROR] LogOutputStream:75 - [STDERR_REDIRECT] 
2025-09-03 22:27:26,582 [ERROR] LogOutputStream:75 - [STDERR_REDIRECT] [Fatal Error] :1:1: Premature end of file.
2025-09-03 22:27:26,584 [ERROR] LogOutputStream:75 - [STDERR_REDIRECT] 
2025-09-03 22:27:27,679 [ERROR] LogOutputStream:75 - [STDERR_REDIRECT] [Fatal Error] :1:1: Premature end of file.
2025-09-03 22:27:27,679 [ERROR] LogOutputStream:75 - [STDERR_REDIRECT] 
2025-09-03 22:27:28,589 [ERROR] LogOutputStream:75 - [STDERR_REDIRECT] [Fatal Error] :1:1: Premature end of file.
2025-09-03 22:27:28,589 [ERROR] LogOutputStream:75 - [STDERR_REDIRECT] 
2025-09-03 22:27:29,599 [ERROR] LogOutputStream:75 - [STDERR_REDIRECT] [Fatal Error] :1:1: Premature end of file.
2025-09-03 22:27:29,599 [ERROR] LogOutputStream:75 - [STDERR_REDIRECT] 
2025-09-03 22:27:30,590 [ERROR] LogOutputStream:75 - [STDERR_REDIRECT] [Fatal Error] :1:1: Premature end of file.
2025-09-03 22:27:30,590 [ERROR] LogOutputStream:75 - [STDERR_REDIRECT] 
2025-09-03 22:27:31,592 [ERROR] LogOutputStream:75 - [STDERR_REDIRECT] [Fatal Error] :1:1: Premature end of file.
2025-09-03 22:27:31,592 [ERROR] LogOutputStream:75 - [STDERR_REDIRECT] 
2025-09-03 22:27:32,586 [ERROR] LogOutputStream:75 - [STDERR_REDIRECT] [Fatal Error] :1:1: Premature end of file.
2025-09-03 22:27:32,586 [ERROR] LogOutputStream:75 - [STDERR_REDIRECT] 
2025-09-03 22:27:33,716 [ERROR] LogOutputStream:75 - [STDERR_REDIRECT] [Fatal Error] :1:1: Premature end of file.
2025-09-03 22:27:33,717 [ERROR] LogOutputStream:75 - [STDERR_REDIRECT] 
2025-09-03 22:27:34,599 [ERROR] LogOutputStream:75 - [STDERR_REDIRECT] [Fatal Error] :1:1: Premature end of file.
2025-09-03 22:27:34,599 [ERROR] LogOutputStream:75 - [STDERR_REDIRECT] 
2025-09-03 22:27:35,591 [ERROR] LogOutputStream:75 - [STDERR_REDIRECT] [Fatal Error] :1:1: Premature end of file.
2025-09-03 22:27:35,591 [ERROR] LogOutputStream:75 - [STDERR_REDIRECT] 
2025-09-03 22:27:36,596 [ERROR] LogOutputStream:75 - [STDERR_REDIRECT] [Fatal Error] :1:1: Premature end of file.
2025-09-03 22:27:36,597 [ERROR] LogOutputStream:75 - [STDERR_REDIRECT] 
2025-09-03 22:27:37,709 [ERROR] LogOutputStream:75 - [STDERR_REDIRECT] [Fatal Error] :1:1: Premature end of file.
2025-09-03 22:27:37,709 [ERROR] LogOutputStream:75 - [STDERR_REDIRECT] 
2025-09-03 22:27:38,722 [ERROR] LogOutputStream:75 - [STDERR_REDIRECT] [Fatal Error] :1:1: Premature end of file.
2025-09-03 22:27:38,723 [ERROR] LogOutputStream:75 - [STDERR_REDIRECT] 
2025-09-03 22:27:39,590 [ERROR] LogOutputStream:75 - [STDERR_REDIRECT] [Fatal Error] :1:1: Premature end of file.
2025-09-03 22:27:39,590 [ERROR] LogOutputStream:75 - [STDERR_REDIRECT] 
2025-09-03 22:27:40,594 [ERROR] LogOutputStream:75 - [STDERR_REDIRECT] [Fatal Error] :1:1: Premature end of file.
2025-09-03 22:27:40,594 [ERROR] LogOutputStream:75 - [STDERR_REDIRECT] 
2025-09-03 22:27:41,590 [ERROR] LogOutputStream:75 - [STDERR_REDIRECT] [Fatal Error] :1:1: Premature end of file.
2025-09-03 22:27:41,590 [ERROR] LogOutputStream:75 - [STDERR_REDIRECT] 
2025-09-03 22:27:42,722 [ERROR] LogOutputStream:75 - [STDERR_REDIRECT] [Fatal Error] :1:1: Premature end of file.
2025-09-03 22:27:42,723 [ERROR] LogOutputStream:75 - [STDERR_REDIRECT] 
2025-09-03 22:27:43,590 [ERROR] LogOutputStream:75 - [STDERR_REDIRECT] [Fatal Error] :1:1: Premature end of file.
2025-09-03 22:27:43,590 [ERROR] LogOutputStream:75 - [STDERR_REDIRECT] 
2025-09-03 22:27:44,607 [ERROR] LogOutputStream:75 - [STDERR_REDIRECT] [Fatal Error] :1:1: Premature end of file.
2025-09-03 22:27:44,607 [ERROR] LogOutputStream:75 - [STDERR_REDIRECT] 
2025-09-03 22:27:45,598 [ERROR] LogOutputStream:75 - [STDERR_REDIRECT] [Fatal Error] :1:1: Premature end of file.
2025-09-03 22:27:45,598 [ERROR] LogOutputStream:75 - [STDERR_REDIRECT] 
2025-09-03 22:27:46,594 [ERROR] LogOutputStream:75 - [STDERR_REDIRECT] [Fatal Error] :1:1: Premature end of file.
2025-09-03 22:27:46,594 [ERROR] LogOutputStream:75 - [STDERR_REDIRECT] 
2025-09-03 22:27:47,596 [ERROR] LogOutputStream:75 - [STDERR_REDIRECT] [Fatal Error] :1:1: Premature end of file.
2025-09-03 22:27:47,597 [ERROR] LogOutputStream:75 - [STDERR_REDIRECT] 
2025-09-03 22:27:48,594 [ERROR] LogOutputStream:75 - [STDERR_REDIRECT] [Fatal Error] :1:1: Premature end of file.
2025-09-03 22:27:48,594 [ERROR] LogOutputStream:75 - [STDERR_REDIRECT] 
2025-09-03 22:27:49,589 [ERROR] LogOutputStream:75 - [STDERR_REDIRECT] [Fatal Error] :1:1: Premature end of file.
2025-09-03 22:27:49,589 [ERROR] LogOutputStream:75 - [STDERR_REDIRECT] 
2025-09-03 22:27:50,592 [ERROR] LogOutputStream:75 - [STDERR_REDIRECT] [Fatal Error] :1:1: Premature end of file.
2025-09-03 22:27:50,592 [ERROR] LogOutputStream:75 - [STDERR_REDIRECT] 
2025-09-03 22:27:51,598 [ERROR] LogOutputStream:75 - [STDERR_REDIRECT] [Fatal Error] :1:1: Premature end of file.
2025-09-03 22:27:51,598 [ERROR] LogOutputStream:75 - [STDERR_REDIRECT] 
2025-09-03 22:27:52,593 [ERROR] LogOutputStream:75 - [STDERR_REDIRECT] [Fatal Error] :1:1: Premature end of file.
2025-09-03 22:27:52,593 [ERROR] LogOutputStream:75 - [STDERR_REDIRECT] 
2025-09-03 22:27:53,707 [ERROR] LogOutputStream:75 - [STDERR_REDIRECT] [Fatal Error] :1:1: Premature end of file.
2025-09-03 22:27:53,708 [ERROR] LogOutputStream:75 - [STDERR_REDIRECT] 
2025-09-03 22:27:54,590 [ERROR] LogOutputStream:75 - [STDERR_REDIRECT] [Fatal Error] :1:1: Premature end of file.
2025-09-03 22:27:54,590 [ERROR] LogOutputStream:75 - [STDERR_REDIRECT] 
2025-09-03 22:27:55,588 [ERROR] LogOutputStream:75 - [STDERR_REDIRECT] [Fatal Error] :1:1: Premature end of file.
2025-09-03 22:27:55,588 [ERROR] LogOutputStream:75 - [STDERR_REDIRECT] 
2025-09-03 22:27:56,596 [ERROR] LogOutputStream:75 - [STDERR_REDIRECT] [Fatal Error] :1:1: Premature end of file.
2025-09-03 22:27:56,596 [ERROR] LogOutputStream:75 - [STDERR_REDIRECT] 
2025-09-03 22:27:57,600 [ERROR] LogOutputStream:75 - [STDERR_REDIRECT] [Fatal Error] :1:1: Premature end of file.
2025-09-03 22:27:57,600 [ERROR] LogOutputStream:75 - [STDERR_REDIRECT] 
2025-09-03 22:27:58,593 [ERROR] LogOutputStream:75 - [STDERR_REDIRECT] [Fatal Error] :1:1: Premature end of file.
2025-09-03 22:27:58,594 [ERROR] LogOutputStream:75 - [STDERR_REDIRECT] 
2025-09-03 22:27:59,596 [ERROR] LogOutputStream:75 - [STDERR_REDIRECT] [Fatal Error] :1:1: Premature end of file.
2025-09-03 22:27:59,596 [ERROR] LogOutputStream:75 - [STDERR_REDIRECT] 
2025-09-03 22:28:00,639 [ERROR] LogOutputStream:75 - [STDERR_REDIRECT] [Fatal Error] :1:1: Premature end of file.
2025-09-03 22:28:00,639 [ERROR] LogOutputStream:75 - [STDERR_REDIRECT] 
2025-09-03 22:28:01,679 [ERROR] LogOutputStream:75 - [STDERR_REDIRECT] [Fatal Error] :1:1: Premature end of file.
2025-09-03 22:28:01,679 [ERROR] LogOutputStream:75 - [STDERR_REDIRECT] 
2025-09-03 22:28:02,598 [ERROR] LogOutputStream:75 - [STDERR_REDIRECT] [Fatal Error] :1:1: Premature end of file.
2025-09-03 22:28:02,599 [ERROR] LogOutputStream:75 - [STDERR_REDIRECT] 
2025-09-03 22:28:03,588 [ERROR] LogOutputStream:75 - [STDERR_REDIRECT] [Fatal Error] :1:1: Premature end of file.
2025-09-03 22:28:03,588 [ERROR] LogOutputStream:75 - [STDERR_REDIRECT] 
2025-09-03 22:28:04,652 [ERROR] LogOutputStream:75 - [STDERR_REDIRECT] [Fatal Error] :1:1: Premature end of file.
2025-09-03 22:28:04,652 [ERROR] LogOutputStream:75 - [STDERR_REDIRECT] 
2025-09-03 22:28:05,597 [ERROR] LogOutputStream:75 - [STDERR_REDIRECT] [Fatal Error] :1:1: Premature end of file.
2025-09-03 22:28:05,598 [ERROR] LogOutputStream:75 - [STDERR_REDIRECT] 
2025-09-03 22:28:06,671 [ERROR] LogOutputStream:75 - [STDERR_REDIRECT] [Fatal Error] :1:1: Premature end of file.
2025-09-03 22:28:06,671 [ERROR] LogOutputStream:75 - [STDERR_REDIRECT] 
2025-09-03 22:28:07,585 [ERROR] LogOutputStream:75 - [STDERR_REDIRECT] [Fatal Error] :1:1: Premature end of file.
2025-09-03 22:28:07,585 [ERROR] LogOutputStream:75 - [STDERR_REDIRECT] 
2025-09-03 22:28:08,657 [ERROR] LogOutputStream:75 - [STDERR_REDIRECT] [Fatal Error] :1:1: Premature end of file.
2025-09-03 22:28:08,657 [ERROR] LogOutputStream:75 - [STDERR_REDIRECT] 
2025-09-03 22:28:09,588 [ERROR] LogOutputStream:75 - [STDERR_REDIRECT] [Fatal Error] :1:1: Premature end of file.
2025-09-03 22:28:09,588 [ERROR] LogOutputStream:75 - [STDERR_REDIRECT] 
2025-09-03 22:28:10,709 [ERROR] LogOutputStream:75 - [STDERR_REDIRECT] [Fatal Error] :1:1: Premature end of file.
2025-09-03 22:28:10,710 [ERROR] LogOutputStream:75 - [STDERR_REDIRECT] 
2025-09-03 22:28:11,709 [ERROR] LogOutputStream:75 - [STDERR_REDIRECT] [Fatal Error] :1:1: Premature end of file.
2025-09-03 22:28:11,709 [ERROR] LogOutputStream:75 - [STDERR_REDIRECT] 
2025-09-03 22:28:12,668 [ERROR] LogOutputStream:75 - [STDERR_REDIRECT] [Fatal Error] :1:1: Premature end of file.
2025-09-03 22:28:12,668 [ERROR] LogOutputStream:75 - [STDERR_REDIRECT] 
2025-09-03 22:28:13,587 [ERROR] LogOutputStream:75 - [STDERR_REDIRECT] [Fatal Error] :1:1: Premature end of file.
2025-09-03 22:28:13,588 [ERROR] LogOutputStream:75 - [STDERR_REDIRECT] 
2025-09-03 22:28:14,679 [ERROR] LogOutputStream:75 - [STDERR_REDIRECT] [Fatal Error] :1:1: Premature end of file.
2025-09-03 22:28:14,679 [ERROR] LogOutputStream:75 - [STDERR_REDIRECT] 
2025-09-03 22:28:15,595 [ERROR] LogOutputStream:75 - [STDERR_REDIRECT] [Fatal Error] :1:1: Premature end of file.
2025-09-03 22:28:15,595 [ERROR] LogOutputStream:75 - [STDERR_REDIRECT] 
2025-09-03 22:28:16,592 [ERROR] LogOutputStream:75 - [STDERR_REDIRECT] [Fatal Error] :1:1: Premature end of file.
2025-09-03 22:28:16,592 [ERROR] LogOutputStream:75 - [STDERR_REDIRECT] 
2025-09-03 22:28:17,662 [ERROR] LogOutputStream:75 - [STDERR_REDIRECT] [Fatal Error] :1:1: Premature end of file.
2025-09-03 22:28:17,663 [ERROR] LogOutputStream:75 - [STDERR_REDIRECT] 
2025-09-03 22:28:18,602 [ERROR] LogOutputStream:75 - [STDERR_REDIRECT] [Fatal Error] :1:1: Premature end of file.
2025-09-03 22:28:18,602 [ERROR] LogOutputStream:75 - [STDERR_REDIRECT] 
2025-09-03 22:28:19,598 [ERROR] LogOutputStream:75 - [STDERR_REDIRECT] [Fatal Error] :1:1: Premature end of file.
2025-09-03 22:28:19,598 [ERROR] LogOutputStream:75 - [STDERR_REDIRECT] 
2025-09-03 22:28:20,585 [ERROR] LogOutputStream:75 - [STDERR_REDIRECT] [Fatal Error] :1:1: Premature end of file.
2025-09-03 22:28:20,585 [ERROR] LogOutputStream:75 - [STDERR_REDIRECT] 
2025-09-03 22:28:21,670 [ERROR] LogOutputStream:75 - [STDERR_REDIRECT] [Fatal Error] :1:1: Premature end of file.
2025-09-03 22:28:21,670 [ERROR] LogOutputStream:75 - [STDERR_REDIRECT] 
2025-09-03 22:28:22,599 [ERROR] LogOutputStream:75 - [STDERR_REDIRECT] [Fatal Error] :1:1: Premature end of file.
2025-09-03 22:28:22,599 [ERROR] LogOutputStream:75 - [STDERR_REDIRECT] 
2025-09-03 22:28:23,588 [ERROR] LogOutputStream:75 - [STDERR_REDIRECT] [Fatal Error] :1:1: Premature end of file.
2025-09-03 22:28:23,588 [ERROR] LogOutputStream:75 - [STDERR_REDIRECT] 
2025-09-03 22:28:24,600 [ERROR] LogOutputStream:75 - [STDERR_REDIRECT] [Fatal Error] :1:1: Premature end of file.
2025-09-03 22:28:24,600 [ERROR] LogOutputStream:75 - [STDERR_REDIRECT] 
2025-09-03 22:28:25,592 [ERROR] LogOutputStream:75 - [STDERR_REDIRECT] [Fatal Error] :1:1: Premature end of file.
2025-09-03 22:28:25,592 [ERROR] LogOutputStream:75 - [STDERR_REDIRECT] 
2025-09-03 22:28:26,594 [ERROR] LogOutputStream:75 - [STDERR_REDIRECT] [Fatal Error] :1:1: Premature end of file.
2025-09-03 22:28:26,594 [ERROR] LogOutputStream:75 - [STDERR_REDIRECT] 
2025-09-03 22:28:27,595 [ERROR] LogOutputStream:75 - [STDERR_REDIRECT] [Fatal Error] :1:1: Premature end of file.
2025-09-03 22:28:27,595 [ERROR] LogOutputStream:75 - [STDERR_REDIRECT] 
2025-09-03 22:28:28,649 [ERROR] LogOutputStream:75 - [STDERR_REDIRECT] [Fatal Error] :1:1: Premature end of file.
2025-09-03 22:28:28,649 [ERROR] LogOutputStream:75 - [STDERR_REDIRECT] 
2025-09-03 22:28:29,595 [ERROR] LogOutputStream:75 - [STDERR_REDIRECT] [Fatal Error] :1:1: Premature end of file.
2025-09-03 22:28:29,595 [ERROR] LogOutputStream:75 - [STDERR_REDIRECT] 
2025-09-03 22:28:30,594 [ERROR] LogOutputStream:75 - [STDERR_REDIRECT] [Fatal Error] :1:1: Premature end of file.
2025-09-03 22:28:30,595 [ERROR] LogOutputStream:75 - [STDERR_REDIRECT] 
2025-09-03 22:28:31,589 [ERROR] LogOutputStream:75 - [STDERR_REDIRECT] [Fatal Error] :1:1: Premature end of file.
2025-09-03 22:28:31,590 [ERROR] LogOutputStream:75 - [STDERR_REDIRECT] 
2025-09-03 22:28:32,593 [ERROR] LogOutputStream:75 - [STDERR_REDIRECT] [Fatal Error] :1:1: Premature end of file.
2025-09-03 22:28:32,593 [ERROR] LogOutputStream:75 - [STDERR_REDIRECT] 
2025-09-03 22:28:33,591 [ERROR] LogOutputStream:75 - [STDERR_REDIRECT] [Fatal Error] :1:1: Premature end of file.
2025-09-03 22:28:33,591 [ERROR] LogOutputStream:75 - [STDERR_REDIRECT] 
2025-09-03 22:28:34,585 [ERROR] LogOutputStream:75 - [STDERR_REDIRECT] [Fatal Error] :1:1: Premature end of file.
2025-09-03 22:28:34,586 [ERROR] LogOutputStream:75 - [STDERR_REDIRECT] 
2025-09-03 22:28:35,608 [ERROR] LogOutputStream:75 - [STDERR_REDIRECT] [Fatal Error] :1:1: Premature end of file.
2025-09-03 22:28:35,608 [ERROR] LogOutputStream:75 - [STDERR_REDIRECT] 
2025-09-03 22:28:36,724 [ERROR] LogOutputStream:75 - [STDERR_REDIRECT] [Fatal Error] :1:1: Premature end of file.
2025-09-03 22:28:36,724 [ERROR] LogOutputStream:75 - [STDERR_REDIRECT] 
2025-09-03 22:28:37,689 [ERROR] LogOutputStream:75 - [STDERR_REDIRECT] [Fatal Error] :1:1: Premature end of file.
2025-09-03 22:28:37,689 [ERROR] LogOutputStream:75 - [STDERR_REDIRECT] 
2025-09-03 22:28:38,599 [ERROR] LogOutputStream:75 - [STDERR_REDIRECT] [Fatal Error] :1:1: Premature end of file.
2025-09-03 22:28:38,599 [ERROR] LogOutputStream:75 - [STDERR_REDIRECT] 
2025-09-03 22:28:39,594 [ERROR] LogOutputStream:75 - [STDERR_REDIRECT] [Fatal Error] :1:1: Premature end of file.
2025-09-03 22:28:39,594 [ERROR] LogOutputStream:75 - [STDERR_REDIRECT] 
2025-09-03 22:28:40,592 [ERROR] LogOutputStream:75 - [STDERR_REDIRECT] [Fatal Error] :1:1: Premature end of file.
2025-09-03 22:28:40,592 [ERROR] LogOutputStream:75 - [STDERR_REDIRECT] 
2025-09-03 22:28:41,582 [ERROR] LogOutputStream:75 - [STDERR_REDIRECT] [Fatal Error] :1:1: Premature end of file.
2025-09-03 22:28:41,582 [ERROR] LogOutputStream:75 - [STDERR_REDIRECT] 
2025-09-03 22:28:42,592 [ERROR] LogOutputStream:75 - [STDERR_REDIRECT] [Fatal Error] :1:1: Premature end of file.
2025-09-03 22:28:42,592 [ERROR] LogOutputStream:75 - [STDERR_REDIRECT] 
2025-09-03 22:28:43,593 [ERROR] LogOutputStream:75 - [STDERR_REDIRECT] [Fatal Error] :1:1: Premature end of file.
2025-09-03 22:28:43,593 [ERROR] LogOutputStream:75 - [STDERR_REDIRECT] 
2025-09-03 22:28:44,610 [ERROR] LogOutputStream:75 - [STDERR_REDIRECT] [Fatal Error] :1:1: Premature end of file.
2025-09-03 22:28:44,610 [ERROR] LogOutputStream:75 - [STDERR_REDIRECT] 
2025-09-03 22:28:45,588 [ERROR] LogOutputStream:75 - [STDERR_REDIRECT] [Fatal Error] :1:1: Premature end of file.
2025-09-03 22:28:45,588 [ERROR] LogOutputStream:75 - [STDERR_REDIRECT] 
2025-09-03 22:28:46,590 [ERROR] LogOutputStream:75 - [STDERR_REDIRECT] [Fatal Error] :1:1: Premature end of file.
2025-09-03 22:28:46,590 [ERROR] LogOutputStream:75 - [STDERR_REDIRECT] 
2025-09-03 22:28:47,714 [ERROR] LogOutputStream:75 - [STDERR_REDIRECT] [Fatal Error] :1:1: Premature end of file.
2025-09-03 22:28:47,714 [ERROR] LogOutputStream:75 - [STDERR_REDIRECT] 
2025-09-03 22:28:48,679 [ERROR] LogOutputStream:75 - [STDERR_REDIRECT] [Fatal Error] :1:1: Premature end of file.
2025-09-03 22:28:48,679 [ERROR] LogOutputStream:75 - [STDERR_REDIRECT] 
2025-09-03 22:28:49,713 [ERROR] LogOutputStream:75 - [STDERR_REDIRECT] [Fatal Error] :1:1: Premature end of file.
2025-09-03 22:28:49,714 [ERROR] LogOutputStream:75 - [STDERR_REDIRECT] 
2025-09-03 22:28:50,624 [ERROR] LogOutputStream:75 - [STDERR_REDIRECT] [Fatal Error] :1:1: Premature end of file.
2025-09-03 22:28:50,624 [ERROR] LogOutputStream:75 - [STDERR_REDIRECT] 
2025-09-03 22:28:51,599 [ERROR] LogOutputStream:75 - [STDERR_REDIRECT] [Fatal Error] :1:1: Premature end of file.
2025-09-03 22:28:51,599 [ERROR] LogOutputStream:75 - [STDERR_REDIRECT] 
2025-09-03 22:28:52,589 [ERROR] LogOutputStream:75 - [STDERR_REDIRECT] [Fatal Error] :1:1: Premature end of file.
2025-09-03 22:28:52,589 [ERROR] LogOutputStream:75 - [STDERR_REDIRECT] 
2025-09-03 22:28:53,589 [ERROR] LogOutputStream:75 - [STDERR_REDIRECT] [Fatal Error] :1:1: Premature end of file.
2025-09-03 22:28:53,589 [ERROR] LogOutputStream:75 - [STDERR_REDIRECT] 
2025-09-03 22:28:54,598 [ERROR] LogOutputStream:75 - [STDERR_REDIRECT] [Fatal Error] :1:1: Premature end of file.
2025-09-03 22:28:54,598 [ERROR] LogOutputStream:75 - [STDERR_REDIRECT] 
2025-09-03 22:28:55,592 [ERROR] LogOutputStream:75 - [STDERR_REDIRECT] [Fatal Error] :1:1: Premature end of file.
2025-09-03 22:28:55,592 [ERROR] LogOutputStream:75 - [STDERR_REDIRECT] 
2025-09-03 22:28:56,717 [ERROR] LogOutputStream:75 - [STDERR_REDIRECT] [Fatal Error] :1:1: Premature end of file.
2025-09-03 22:28:56,717 [ERROR] LogOutputStream:75 - [STDERR_REDIRECT] 
2025-09-03 22:28:57,589 [ERROR] LogOutputStream:75 - [STDERR_REDIRECT] [Fatal Error] :1:1: Premature end of file.
2025-09-03 22:28:57,589 [ERROR] LogOutputStream:75 - [STDERR_REDIRECT] 
2025-09-03 22:28:58,597 [ERROR] LogOutputStream:75 - [STDERR_REDIRECT] [Fatal Error] :1:1: Premature end of file.
2025-09-03 22:28:58,597 [ERROR] LogOutputStream:75 - [STDERR_REDIRECT] 
2025-09-03 22:28:59,714 [ERROR] LogOutputStream:75 - [STDERR_REDIRECT] [Fatal Error] :1:1: Premature end of file.
2025-09-03 22:28:59,714 [ERROR] LogOutputStream:75 - [STDERR_REDIRECT] 
2025-09-03 22:29:00,715 [ERROR] LogOutputStream:75 - [STDERR_REDIRECT] [Fatal Error] :1:1: Premature end of file.
2025-09-03 22:29:00,715 [ERROR] LogOutputStream:75 - [STDERR_REDIRECT] 
2025-09-03 22:29:01,602 [ERROR] LogOutputStream:75 - [STDERR_REDIRECT] [Fatal Error] :1:1: Premature end of file.
2025-09-03 22:29:01,602 [ERROR] LogOutputStream:75 - [STDERR_REDIRECT] 
2025-09-03 22:29:02,709 [ERROR] LogOutputStream:75 - [STDERR_REDIRECT] [Fatal Error] :1:1: Premature end of file.
2025-09-03 22:29:02,710 [ERROR] LogOutputStream:75 - [STDERR_REDIRECT] 
2025-09-03 22:29:03,683 [ERROR] LogOutputStream:75 - [STDERR_REDIRECT] [Fatal Error] :1:1: Premature end of file.
2025-09-03 22:29:03,683 [ERROR] LogOutputStream:75 - [STDERR_REDIRECT] 
2025-09-03 22:29:04,597 [ERROR] LogOutputStream:75 - [STDERR_REDIRECT] [Fatal Error] :1:1: Premature end of file.
2025-09-03 22:29:04,597 [ERROR] LogOutputStream:75 - [STDERR_REDIRECT] 
2025-09-03 22:29:05,593 [ERROR] LogOutputStream:75 - [STDERR_REDIRECT] [Fatal Error] :1:1: Premature end of file.
2025-09-03 22:29:05,594 [ERROR] LogOutputStream:75 - [STDERR_REDIRECT] 
2025-09-03 22:29:06,586 [ERROR] LogOutputStream:75 - [STDERR_REDIRECT] [Fatal Error] :1:1: Premature end of file.
2025-09-03 22:29:06,586 [ERROR] LogOutputStream:75 - [STDERR_REDIRECT] 
2025-09-03 22:29:07,697 [ERROR] LogOutputStream:75 - [STDERR_REDIRECT] [Fatal Error] :1:1: Premature end of file.
2025-09-03 22:29:07,697 [ERROR] LogOutputStream:75 - [STDERR_REDIRECT] 
2025-09-03 22:29:08,592 [ERROR] LogOutputStream:75 - [STDERR_REDIRECT] [Fatal Error] :1:1: Premature end of file.
2025-09-03 22:29:08,592 [ERROR] LogOutputStream:75 - [STDERR_REDIRECT] 
2025-09-03 22:29:09,590 [ERROR] LogOutputStream:75 - [STDERR_REDIRECT] [Fatal Error] :1:1: Premature end of file.
2025-09-03 22:29:09,590 [ERROR] LogOutputStream:75 - [STDERR_REDIRECT] 
2025-09-03 22:29:10,594 [ERROR] LogOutputStream:75 - [STDERR_REDIRECT] [Fatal Error] :1:1: Premature end of file.
2025-09-03 22:29:10,594 [ERROR] LogOutputStream:75 - [STDERR_REDIRECT] 
2025-09-03 22:29:11,640 [ERROR] LogOutputStream:75 - [STDERR_REDIRECT] [Fatal Error] :1:1: Premature end of file.
2025-09-03 22:29:11,640 [ERROR] LogOutputStream:75 - [STDERR_REDIRECT] 
2025-09-03 22:29:12,585 [ERROR] LogOutputStream:75 - [STDERR_REDIRECT] [Fatal Error] :1:1: Premature end of file.
2025-09-03 22:29:12,585 [ERROR] LogOutputStream:75 - [STDERR_REDIRECT] 
2025-09-03 22:29:13,594 [ERROR] LogOutputStream:75 - [STDERR_REDIRECT] [Fatal Error] :1:1: Premature end of file.
2025-09-03 22:29:13,595 [ERROR] LogOutputStream:75 - [STDERR_REDIRECT] 
2025-09-03 22:29:14,591 [ERROR] LogOutputStream:75 - [STDERR_REDIRECT] [Fatal Error] :1:1: Premature end of file.
2025-09-03 22:29:14,591 [ERROR] LogOutputStream:75 - [STDERR_REDIRECT] 
2025-09-03 22:29:15,595 [ERROR] LogOutputStream:75 - [STDERR_REDIRECT] [Fatal Error] :1:1: Premature end of file.
2025-09-03 22:29:15,595 [ERROR] LogOutputStream:75 - [STDERR_REDIRECT] 
2025-09-03 22:29:16,585 [ERROR] LogOutputStream:75 - [STDERR_REDIRECT] [Fatal Error] :1:1: Premature end of file.
2025-09-03 22:29:16,586 [ERROR] LogOutputStream:75 - [STDERR_REDIRECT] 
2025-09-03 22:29:17,591 [ERROR] LogOutputStream:75 - [STDERR_REDIRECT] [Fatal Error] :1:1: Premature end of file.
2025-09-03 22:29:17,592 [ERROR] LogOutputStream:75 - [STDERR_REDIRECT] 
2025-09-03 22:29:18,596 [ERROR] LogOutputStream:75 - [STDERR_REDIRECT] [Fatal Error] :1:1: Premature end of file.
2025-09-03 22:29:18,596 [ERROR] LogOutputStream:75 - [STDERR_REDIRECT] 
2025-09-03 22:29:19,592 [ERROR] LogOutputStream:75 - [STDERR_REDIRECT] [Fatal Error] :1:1: Premature end of file.
2025-09-03 22:29:19,592 [ERROR] LogOutputStream:75 - [STDERR_REDIRECT] 
2025-09-03 22:29:20,710 [ERROR] LogOutputStream:75 - [STDERR_REDIRECT] [Fatal Error] :1:1: Premature end of file.
2025-09-03 22:29:20,710 [ERROR] LogOutputStream:75 - [STDERR_REDIRECT] 
2025-09-03 22:29:21,595 [ERROR] LogOutputStream:75 - [STDERR_REDIRECT] [Fatal Error] :1:1: Premature end of file.
2025-09-03 22:29:21,595 [ERROR] LogOutputStream:75 - [STDERR_REDIRECT] 
2025-09-03 22:29:22,607 [ERROR] LogOutputStream:75 - [STDERR_REDIRECT] [Fatal Error] :1:1: Premature end of file.
2025-09-03 22:29:22,607 [ERROR] LogOutputStream:75 - [STDERR_REDIRECT] 
2025-09-03 22:29:23,586 [ERROR] LogOutputStream:75 - [STDERR_REDIRECT] [Fatal Error] :1:1: Premature end of file.
2025-09-03 22:29:23,586 [ERROR] LogOutputStream:75 - [STDERR_REDIRECT] 
2025-09-03 22:29:24,596 [ERROR] LogOutputStream:75 - [STDERR_REDIRECT] [Fatal Error] :1:1: Premature end of file.
2025-09-03 22:29:24,596 [ERROR] LogOutputStream:75 - [STDERR_REDIRECT] 
2025-09-03 22:29:25,592 [ERROR] LogOutputStream:75 - [STDERR_REDIRECT] [Fatal Error] :1:1: Premature end of file.
2025-09-03 22:29:25,592 [ERROR] LogOutputStream:75 - [STDERR_REDIRECT] 
2025-09-03 22:29:26,591 [ERROR] LogOutputStream:75 - [STDERR_REDIRECT] [Fatal Error] :1:1: Premature end of file.
2025-09-03 22:29:26,591 [ERROR] LogOutputStream:75 - [STDERR_REDIRECT] 
2025-09-03 22:29:27,589 [ERROR] LogOutputStream:75 - [STDERR_REDIRECT] [Fatal Error] :1:1: Premature end of file.
2025-09-03 22:29:27,590 [ERROR] LogOutputStream:75 - [STDERR_REDIRECT] 
2025-09-03 22:29:28,595 [ERROR] LogOutputStream:75 - [STDERR_REDIRECT] [Fatal Error] :1:1: Premature end of file.
2025-09-03 22:29:28,595 [ERROR] LogOutputStream:75 - [STDERR_REDIRECT] 
2025-09-03 22:29:29,590 [ERROR] LogOutputStream:75 - [STDERR_REDIRECT] [Fatal Error] :1:1: Premature end of file.
2025-09-03 22:29:29,590 [ERROR] LogOutputStream:75 - [STDERR_REDIRECT] 
2025-09-03 22:29:30,704 [ERROR] LogOutputStream:75 - [STDERR_REDIRECT] [Fatal Error] :1:1: Premature end of file.
2025-09-03 22:29:30,704 [ERROR] LogOutputStream:75 - [STDERR_REDIRECT] 
2025-09-03 22:29:31,596 [ERROR] LogOutputStream:75 - [STDERR_REDIRECT] [Fatal Error] :1:1: Premature end of file.
2025-09-03 22:29:31,596 [ERROR] LogOutputStream:75 - [STDERR_REDIRECT] 
2025-09-03 22:29:32,585 [ERROR] LogOutputStream:75 - [STDERR_REDIRECT] [Fatal Error] :1:1: Premature end of file.
2025-09-03 22:29:32,586 [ERROR] LogOutputStream:75 - [STDERR_REDIRECT] 
2025-09-03 22:29:33,592 [ERROR] LogOutputStream:75 - [STDERR_REDIRECT] [Fatal Error] :1:1: Premature end of file.
2025-09-03 22:29:33,592 [ERROR] LogOutputStream:75 - [STDERR_REDIRECT] 
2025-09-03 22:29:34,585 [ERROR] LogOutputStream:75 - [STDERR_REDIRECT] [Fatal Error] :1:1: Premature end of file.
2025-09-03 22:29:34,586 [ERROR] LogOutputStream:75 - [STDERR_REDIRECT] 
2025-09-03 22:29:35,592 [ERROR] LogOutputStream:75 - [STDERR_REDIRECT] [Fatal Error] :1:1: Premature end of file.
2025-09-03 22:29:35,592 [ERROR] LogOutputStream:75 - [STDERR_REDIRECT] 
2025-09-03 22:29:36,586 [ERROR] LogOutputStream:75 - [STDERR_REDIRECT] [Fatal Error] :1:1: Premature end of file.
2025-09-03 22:29:36,586 [ERROR] LogOutputStream:75 - [STDERR_REDIRECT] 
2025-09-03 22:29:37,715 [ERROR] LogOutputStream:75 - [STDERR_REDIRECT] [Fatal Error] :1:1: Premature end of file.
2025-09-03 22:29:37,716 [ERROR] LogOutputStream:75 - [STDERR_REDIRECT] 
2025-09-03 22:29:38,588 [ERROR] LogOutputStream:75 - [STDERR_REDIRECT] [Fatal Error] :1:1: Premature end of file.
2025-09-03 22:29:38,588 [ERROR] LogOutputStream:75 - [STDERR_REDIRECT] 
2025-09-03 22:29:39,597 [ERROR] LogOutputStream:75 - [STDERR_REDIRECT] [Fatal Error] :1:1: Premature end of file.
2025-09-03 22:29:39,598 [ERROR] LogOutputStream:75 - [STDERR_REDIRECT] 
2025-09-03 22:29:40,585 [ERROR] LogOutputStream:75 - [STDERR_REDIRECT] [Fatal Error] :1:1: Premature end of file.
2025-09-03 22:29:40,586 [ERROR] LogOutputStream:75 - [STDERR_REDIRECT] 
2025-09-03 22:29:41,659 [ERROR] LogOutputStream:75 - [STDERR_REDIRECT] [Fatal Error] :1:1: Premature end of file.
2025-09-03 22:29:41,659 [ERROR] LogOutputStream:75 - [STDERR_REDIRECT] 
2025-09-03 22:29:42,588 [ERROR] LogOutputStream:75 - [STDERR_REDIRECT] [Fatal Error] :1:1: Premature end of file.
2025-09-03 22:29:42,588 [ERROR] LogOutputStream:75 - [STDERR_REDIRECT] 
2025-09-03 22:29:43,713 [ERROR] LogOutputStream:75 - [STDERR_REDIRECT] [Fatal Error] :1:1: Premature end of file.
2025-09-03 22:29:43,714 [ERROR] LogOutputStream:75 - [STDERR_REDIRECT] 
2025-09-03 22:29:44,588 [ERROR] LogOutputStream:75 - [STDERR_REDIRECT] [Fatal Error] :1:1: Premature end of file.
2025-09-03 22:29:44,588 [ERROR] LogOutputStream:75 - [STDERR_REDIRECT] 
2025-09-03 22:29:45,714 [ERROR] LogOutputStream:75 - [STDERR_REDIRECT] [Fatal Error] :1:1: Premature end of file.
2025-09-03 22:29:45,715 [ERROR] LogOutputStream:75 - [STDERR_REDIRECT] 
2025-09-03 22:29:46,593 [ERROR] LogOutputStream:75 - [STDERR_REDIRECT] [Fatal Error] :1:1: Premature end of file.
2025-09-03 22:29:46,593 [ERROR] LogOutputStream:75 - [STDERR_REDIRECT] 
2025-09-03 22:29:47,596 [ERROR] LogOutputStream:75 - [STDERR_REDIRECT] [Fatal Error] :1:1: Premature end of file.
2025-09-03 22:29:47,596 [ERROR] LogOutputStream:75 - [STDERR_REDIRECT] 
2025-09-03 22:29:48,605 [ERROR] LogOutputStream:75 - [STDERR_REDIRECT] [Fatal Error] :1:1: Premature end of file.
2025-09-03 22:29:48,605 [ERROR] LogOutputStream:75 - [STDERR_REDIRECT] 
2025-09-03 22:29:49,587 [ERROR] LogOutputStream:75 - [STDERR_REDIRECT] [Fatal Error] :1:1: Premature end of file.
2025-09-03 22:29:49,587 [ERROR] LogOutputStream:75 - [STDERR_REDIRECT] 
2025-09-03 22:29:50,679 [ERROR] LogOutputStream:75 - [STDERR_REDIRECT] [Fatal Error] :1:1: Premature end of file.
2025-09-03 22:29:50,679 [ERROR] LogOutputStream:75 - [STDERR_REDIRECT] 
2025-09-03 22:29:51,586 [ERROR] LogOutputStream:75 - [STDERR_REDIRECT] [Fatal Error] :1:1: Premature end of file.
2025-09-03 22:29:51,586 [ERROR] LogOutputStream:75 - [STDERR_REDIRECT] 
2025-09-03 22:29:52,674 [ERROR] LogOutputStream:75 - [STDERR_REDIRECT] [Fatal Error] :1:1: Premature end of file.
2025-09-03 22:29:52,674 [ERROR] LogOutputStream:75 - [STDERR_REDIRECT] 
2025-09-03 22:29:53,590 [ERROR] LogOutputStream:75 - [STDERR_REDIRECT] [Fatal Error] :1:1: Premature end of file.
2025-09-03 22:29:53,590 [ERROR] LogOutputStream:75 - [STDERR_REDIRECT] 
2025-09-03 22:29:54,707 [ERROR] LogOutputStream:75 - [STDERR_REDIRECT] [Fatal Error] :1:1: Premature end of file.
2025-09-03 22:29:54,707 [ERROR] LogOutputStream:75 - [STDERR_REDIRECT] 
2025-09-03 22:29:55,595 [ERROR] LogOutputStream:75 - [STDERR_REDIRECT] [Fatal Error] :1:1: Premature end of file.
2025-09-03 22:29:55,595 [ERROR] LogOutputStream:75 - [STDERR_REDIRECT] 
2025-09-03 22:29:56,680 [ERROR] LogOutputStream:75 - [STDERR_REDIRECT] [Fatal Error] :1:1: Premature end of file.
2025-09-03 22:29:56,680 [ERROR] LogOutputStream:75 - [STDERR_REDIRECT] 
2025-09-03 22:29:57,589 [ERROR] LogOutputStream:75 - [STDERR_REDIRECT] [Fatal Error] :1:1: Premature end of file.
2025-09-03 22:29:57,589 [ERROR] LogOutputStream:75 - [STDERR_REDIRECT] 
2025-09-03 22:29:58,600 [ERROR] LogOutputStream:75 - [STDERR_REDIRECT] [Fatal Error] :1:1: Premature end of file.
2025-09-03 22:29:58,600 [ERROR] LogOutputStream:75 - [STDERR_REDIRECT] 
2025-09-03 22:29:59,593 [ERROR] LogOutputStream:75 - [STDERR_REDIRECT] [Fatal Error] :1:1: Premature end of file.
2025-09-03 22:29:59,593 [ERROR] LogOutputStream:75 - [STDERR_REDIRECT] 
2025-09-03 22:30:00,719 [ERROR] LogOutputStream:75 - [STDERR_REDIRECT] [Fatal Error] :1:1: Premature end of file.
2025-09-03 22:30:00,720 [ERROR] LogOutputStream:75 - [STDERR_REDIRECT] 
2025-09-03 22:30:01,592 [ERROR] LogOutputStream:75 - [STDERR_REDIRECT] [Fatal Error] :1:1: Premature end of file.
2025-09-03 22:30:01,592 [ERROR] LogOutputStream:75 - [STDERR_REDIRECT] 
2025-09-03 22:30:02,591 [ERROR] LogOutputStream:75 - [STDERR_REDIRECT] [Fatal Error] :1:1: Premature end of file.
2025-09-03 22:30:02,591 [ERROR] LogOutputStream:75 - [STDERR_REDIRECT] 
2025-09-03 22:30:03,714 [ERROR] LogOutputStream:75 - [STDERR_REDIRECT] [Fatal Error] :1:1: Premature end of file.
2025-09-03 22:30:03,715 [ERROR] LogOutputStream:75 - [STDERR_REDIRECT] 
2025-09-03 22:30:04,616 [ERROR] LogOutputStream:75 - [STDERR_REDIRECT] [Fatal Error] :1:1: Premature end of file.
2025-09-03 22:30:04,616 [ERROR] LogOutputStream:75 - [STDERR_REDIRECT] 
2025-09-03 22:30:05,587 [ERROR] LogOutputStream:75 - [STDERR_REDIRECT] [Fatal Error] :1:1: Premature end of file.
2025-09-03 22:30:05,589 [ERROR] LogOutputStream:75 - [STDERR_REDIRECT] 
2025-09-03 22:30:06,591 [ERROR] LogOutputStream:75 - [STDERR_REDIRECT] [Fatal Error] :1:1: Premature end of file.
2025-09-03 22:30:06,591 [ERROR] LogOutputStream:75 - [STDERR_REDIRECT] 
2025-09-03 22:30:07,588 [ERROR] LogOutputStream:75 - [STDERR_REDIRECT] [Fatal Error] :1:1: Premature end of file.
2025-09-03 22:30:07,588 [ERROR] LogOutputStream:75 - [STDERR_REDIRECT] 
2025-09-03 22:30:08,582 [ERROR] LogOutputStream:75 - [STDERR_REDIRECT] [Fatal Error] :1:1: Premature end of file.
2025-09-03 22:30:08,582 [ERROR] LogOutputStream:75 - [STDERR_REDIRECT] 
2025-09-03 22:30:09,598 [ERROR] LogOutputStream:75 - [STDERR_REDIRECT] [Fatal Error] :1:1: Premature end of file.
2025-09-03 22:30:09,598 [ERROR] LogOutputStream:75 - [STDERR_REDIRECT] 
2025-09-03 22:30:10,597 [ERROR] LogOutputStream:75 - [STDERR_REDIRECT] [Fatal Error] :1:1: Premature end of file.
2025-09-03 22:30:10,598 [ERROR] LogOutputStream:75 - [STDERR_REDIRECT] 
2025-09-03 22:30:11,592 [ERROR] LogOutputStream:75 - [STDERR_REDIRECT] [Fatal Error] :1:1: Premature end of file.
2025-09-03 22:30:11,592 [ERROR] LogOutputStream:75 - [STDERR_REDIRECT] 
2025-09-03 22:30:12,586 [ERROR] LogOutputStream:75 - [STDERR_REDIRECT] [Fatal Error] :1:1: Premature end of file.
2025-09-03 22:30:12,586 [ERROR] LogOutputStream:75 - [STDERR_REDIRECT] 
2025-09-03 22:30:13,598 [ERROR] LogOutputStream:75 - [STDERR_REDIRECT] [Fatal Error] :1:1: Premature end of file.
2025-09-03 22:30:13,599 [ERROR] LogOutputStream:75 - [STDERR_REDIRECT] 
2025-09-03 22:30:14,590 [ERROR] LogOutputStream:75 - [STDERR_REDIRECT] [Fatal Error] :1:1: Premature end of file.
2025-09-03 22:30:14,590 [ERROR] LogOutputStream:75 - [STDERR_REDIRECT] 
2025-09-03 22:30:15,713 [ERROR] LogOutputStream:75 - [STDERR_REDIRECT] [Fatal Error] :1:1: Premature end of file.
2025-09-03 22:30:15,714 [ERROR] LogOutputStream:75 - [STDERR_REDIRECT] 
2025-09-03 22:30:16,595 [ERROR] LogOutputStream:75 - [STDERR_REDIRECT] [Fatal Error] :1:1: Premature end of file.
2025-09-03 22:30:16,595 [ERROR] LogOutputStream:75 - [STDERR_REDIRECT] 
2025-09-03 22:30:17,584 [ERROR] LogOutputStream:75 - [STDERR_REDIRECT] [Fatal Error] :1:1: Premature end of file.
2025-09-03 22:30:17,584 [ERROR] LogOutputStream:75 - [STDERR_REDIRECT] 
2025-09-03 22:30:18,591 [ERROR] LogOutputStream:75 - [STDERR_REDIRECT] [Fatal Error] :1:1: Premature end of file.
2025-09-03 22:30:18,591 [ERROR] LogOutputStream:75 - [STDERR_REDIRECT] 
2025-09-03 22:30:19,592 [ERROR] LogOutputStream:75 - [STDERR_REDIRECT] [Fatal Error] :1:1: Premature end of file.
2025-09-03 22:30:19,592 [ERROR] LogOutputStream:75 - [STDERR_REDIRECT] 
2025-09-03 22:30:20,596 [ERROR] LogOutputStream:75 - [STDERR_REDIRECT] [Fatal Error] :1:1: Premature end of file.
2025-09-03 22:30:20,597 [ERROR] LogOutputStream:75 - [STDERR_REDIRECT] 
2025-09-03 22:30:21,697 [ERROR] LogOutputStream:75 - [STDERR_REDIRECT] [Fatal Error] :1:1: Premature end of file.
2025-09-03 22:30:21,698 [ERROR] LogOutputStream:75 - [STDERR_REDIRECT] 
2025-09-03 22:30:22,592 [ERROR] LogOutputStream:75 - [STDERR_REDIRECT] [Fatal Error] :1:1: Premature end of file.
2025-09-03 22:30:22,592 [ERROR] LogOutputStream:75 - [STDERR_REDIRECT] 
2025-09-03 22:30:23,590 [ERROR] LogOutputStream:75 - [STDERR_REDIRECT] [Fatal Error] :1:1: Premature end of file.
2025-09-03 22:30:23,590 [ERROR] LogOutputStream:75 - [STDERR_REDIRECT] 
2025-09-03 22:30:24,594 [ERROR] LogOutputStream:75 - [STDERR_REDIRECT] [Fatal Error] :1:1: Premature end of file.
2025-09-03 22:30:24,594 [ERROR] LogOutputStream:75 - [STDERR_REDIRECT] 
2025-09-03 22:30:25,590 [ERROR] LogOutputStream:75 - [STDERR_REDIRECT] [Fatal Error] :1:1: Premature end of file.
2025-09-03 22:30:25,590 [ERROR] LogOutputStream:75 - [STDERR_REDIRECT] 
2025-09-03 22:30:26,587 [ERROR] LogOutputStream:75 - [STDERR_REDIRECT] [Fatal Error] :1:1: Premature end of file.
2025-09-03 22:30:26,587 [ERROR] LogOutputStream:75 - [STDERR_REDIRECT] 
2025-09-03 22:30:27,595 [ERROR] LogOutputStream:75 - [STDERR_REDIRECT] [Fatal Error] :1:1: Premature end of file.
2025-09-03 22:30:27,595 [ERROR] LogOutputStream:75 - [STDERR_REDIRECT] 
2025-09-03 22:30:28,603 [ERROR] LogOutputStream:75 - [STDERR_REDIRECT] [Fatal Error] :1:1: Premature end of file.
2025-09-03 22:30:28,603 [ERROR] LogOutputStream:75 - [STDERR_REDIRECT] 
2025-09-03 22:30:29,594 [ERROR] LogOutputStream:75 - [STDERR_REDIRECT] [Fatal Error] :1:1: Premature end of file.
2025-09-03 22:30:29,594 [ERROR] LogOutputStream:75 - [STDERR_REDIRECT] 
2025-09-03 22:30:30,595 [ERROR] LogOutputStream:75 - [STDERR_REDIRECT] [Fatal Error] :1:1: Premature end of file.
2025-09-03 22:30:30,595 [ERROR] LogOutputStream:75 - [STDERR_REDIRECT] 
2025-09-03 22:30:31,586 [ERROR] LogOutputStream:75 - [STDERR_REDIRECT] [Fatal Error] :1:1: Premature end of file.
2025-09-03 22:30:31,586 [ERROR] LogOutputStream:75 - [STDERR_REDIRECT] 
2025-09-03 22:30:32,693 [ERROR] LogOutputStream:75 - [STDERR_REDIRECT] [Fatal Error] :1:1: Premature end of file.
2025-09-03 22:30:32,693 [ERROR] LogOutputStream:75 - [STDERR_REDIRECT] 
2025-09-03 22:30:33,596 [ERROR] LogOutputStream:75 - [STDERR_REDIRECT] [Fatal Error] :1:1: Premature end of file.
2025-09-03 22:30:33,596 [ERROR] LogOutputStream:75 - [STDERR_REDIRECT] 
2025-09-03 22:30:34,603 [ERROR] LogOutputStream:75 - [STDERR_REDIRECT] [Fatal Error] :1:1: Premature end of file.
2025-09-03 22:30:34,603 [ERROR] LogOutputStream:75 - [STDERR_REDIRECT] 
2025-09-03 22:30:35,714 [ERROR] LogOutputStream:75 - [STDERR_REDIRECT] [Fatal Error] :1:1: Premature end of file.
2025-09-03 22:30:35,714 [ERROR] LogOutputStream:75 - [STDERR_REDIRECT] 
2025-09-03 22:30:36,594 [ERROR] LogOutputStream:75 - [STDERR_REDIRECT] [Fatal Error] :1:1: Premature end of file.
2025-09-03 22:30:36,594 [ERROR] LogOutputStream:75 - [STDERR_REDIRECT] 
2025-09-03 22:30:37,581 [ERROR] LogOutputStream:75 - [STDERR_REDIRECT] [Fatal Error] :1:1: Premature end of file.
2025-09-03 22:30:37,581 [ERROR] LogOutputStream:75 - [STDERR_REDIRECT] 
2025-09-03 22:30:38,603 [ERROR] LogOutputStream:75 - [STDERR_REDIRECT] [Fatal Error] :1:1: Premature end of file.
2025-09-03 22:30:38,604 [ERROR] LogOutputStream:75 - [STDERR_REDIRECT] 
2025-09-03 22:30:39,596 [ERROR] LogOutputStream:75 - [STDERR_REDIRECT] [Fatal Error] :1:1: Premature end of file.
2025-09-03 22:30:39,596 [ERROR] LogOutputStream:75 - [STDERR_REDIRECT] 
2025-09-03 22:30:40,585 [ERROR] LogOutputStream:75 - [STDERR_REDIRECT] [Fatal Error] :1:1: Premature end of file.
2025-09-03 22:30:40,585 [ERROR] LogOutputStream:75 - [STDERR_REDIRECT] 
2025-09-03 22:30:41,639 [ERROR] LogOutputStream:75 - [STDERR_REDIRECT] [Fatal Error] :1:1: Premature end of file.
2025-09-03 22:30:41,639 [ERROR] LogOutputStream:75 - [STDERR_REDIRECT] 
2025-09-03 22:30:42,590 [ERROR] LogOutputStream:75 - [STDERR_REDIRECT] [Fatal Error] :1:1: Premature end of file.
2025-09-03 22:30:42,590 [ERROR] LogOutputStream:75 - [STDERR_REDIRECT] 
2025-09-03 22:30:43,592 [ERROR] LogOutputStream:75 - [STDERR_REDIRECT] [Fatal Error] :1:1: Premature end of file.
2025-09-03 22:30:43,592 [ERROR] LogOutputStream:75 - [STDERR_REDIRECT] 
2025-09-03 22:30:44,595 [ERROR] LogOutputStream:75 - [STDERR_REDIRECT] [Fatal Error] :1:1: Premature end of file.
2025-09-03 22:30:44,595 [ERROR] LogOutputStream:75 - [STDERR_REDIRECT] 
2025-09-03 22:30:45,626 [ERROR] LogOutputStream:75 - [STDERR_REDIRECT] [Fatal Error] :1:1: Premature end of file.
2025-09-03 22:30:45,626 [ERROR] LogOutputStream:75 - [STDERR_REDIRECT] 
2025-09-03 22:30:46,713 [ERROR] LogOutputStream:75 - [STDERR_REDIRECT] [Fatal Error] :1:1: Premature end of file.
2025-09-03 22:30:46,713 [ERROR] LogOutputStream:75 - [STDERR_REDIRECT] 
2025-09-03 22:30:47,592 [ERROR] LogOutputStream:75 - [STDERR_REDIRECT] [Fatal Error] :1:1: Premature end of file.
2025-09-03 22:30:47,592 [ERROR] LogOutputStream:75 - [STDERR_REDIRECT] 
2025-09-03 22:30:48,608 [ERROR] LogOutputStream:75 - [STDERR_REDIRECT] [Fatal Error] :1:1: Premature end of file.
2025-09-03 22:30:48,608 [ERROR] LogOutputStream:75 - [STDERR_REDIRECT] 
2025-09-03 22:30:49,709 [ERROR] LogOutputStream:75 - [STDERR_REDIRECT] [Fatal Error] :1:1: Premature end of file.
2025-09-03 22:30:49,710 [ERROR] LogOutputStream:75 - [STDERR_REDIRECT] 
2025-09-03 22:30:50,598 [ERROR] LogOutputStream:75 - [STDERR_REDIRECT] [Fatal Error] :1:1: Premature end of file.
2025-09-03 22:30:50,598 [ERROR] LogOutputStream:75 - [STDERR_REDIRECT] 
2025-09-03 22:30:51,595 [ERROR] LogOutputStream:75 - [STDERR_REDIRECT] [Fatal Error] :1:1: Premature end of file.
2025-09-03 22:30:51,595 [ERROR] LogOutputStream:75 - [STDERR_REDIRECT] 
2025-09-03 22:30:52,591 [ERROR] LogOutputStream:75 - [STDERR_REDIRECT] [Fatal Error] :1:1: Premature end of file.
2025-09-03 22:30:52,591 [ERROR] LogOutputStream:75 - [STDERR_REDIRECT] 
2025-09-03 22:30:53,586 [ERROR] LogOutputStream:75 - [STDERR_REDIRECT] [Fatal Error] :1:1: Premature end of file.
2025-09-03 22:30:53,586 [ERROR] LogOutputStream:75 - [STDERR_REDIRECT] 
2025-09-03 22:30:54,697 [ERROR] LogOutputStream:75 - [STDERR_REDIRECT] [Fatal Error] :1:1: Premature end of file.
2025-09-03 22:30:54,697 [ERROR] LogOutputStream:75 - [STDERR_REDIRECT] 
2025-09-03 22:30:55,591 [ERROR] LogOutputStream:75 - [STDERR_REDIRECT] [Fatal Error] :1:1: Premature end of file.
2025-09-03 22:30:55,591 [ERROR] LogOutputStream:75 - [STDERR_REDIRECT] 
2025-09-03 22:30:56,584 [ERROR] LogOutputStream:75 - [STDERR_REDIRECT] [Fatal Error] :1:1: Premature end of file.
2025-09-03 22:30:56,584 [ERROR] LogOutputStream:75 - [STDERR_REDIRECT] 
2025-09-03 22:30:57,595 [ERROR] LogOutputStream:75 - [STDERR_REDIRECT] [Fatal Error] :1:1: Premature end of file.
2025-09-03 22:30:57,595 [ERROR] LogOutputStream:75 - [STDERR_REDIRECT] 
2025-09-03 22:30:58,589 [ERROR] LogOutputStream:75 - [STDERR_REDIRECT] [Fatal Error] :1:1: Premature end of file.
2025-09-03 22:30:58,589 [ERROR] LogOutputStream:75 - [STDERR_REDIRECT] 
2025-09-03 22:30:59,596 [ERROR] LogOutputStream:75 - [STDERR_REDIRECT] [Fatal Error] :1:1: Premature end of file.
2025-09-03 22:30:59,596 [ERROR] LogOutputStream:75 - [STDERR_REDIRECT] 
2025-09-03 22:31:00,592 [ERROR] LogOutputStream:75 - [STDERR_REDIRECT] [Fatal Error] :1:1: Premature end of file.
2025-09-03 22:31:00,593 [ERROR] LogOutputStream:75 - [STDERR_REDIRECT] 
2025-09-03 22:31:01,582 [ERROR] LogOutputStream:75 - [STDERR_REDIRECT] [Fatal Error] :1:1: Premature end of file.
2025-09-03 22:31:01,582 [ERROR] LogOutputStream:75 - [STDERR_REDIRECT] 
2025-09-03 22:31:02,593 [ERROR] LogOutputStream:75 - [STDERR_REDIRECT] [Fatal Error] :1:1: Premature end of file.
2025-09-03 22:31:02,594 [ERROR] LogOutputStream:75 - [STDERR_REDIRECT] 
2025-09-03 22:31:03,588 [ERROR] LogOutputStream:75 - [STDERR_REDIRECT] [Fatal Error] :1:1: Premature end of file.
2025-09-03 22:31:03,588 [ERROR] LogOutputStream:75 - [STDERR_REDIRECT] 
2025-09-03 22:31:04,601 [ERROR] LogOutputStream:75 - [STDERR_REDIRECT] [Fatal Error] :1:1: Premature end of file.
2025-09-03 22:31:04,602 [ERROR] LogOutputStream:75 - [STDERR_REDIRECT] 
2025-09-03 22:31:05,594 [ERROR] LogOutputStream:75 - [STDERR_REDIRECT] [Fatal Error] :1:1: Premature end of file.
2025-09-03 22:31:05,594 [ERROR] LogOutputStream:75 - [STDERR_REDIRECT] 
2025-09-03 22:31:06,592 [ERROR] LogOutputStream:75 - [STDERR_REDIRECT] [Fatal Error] :1:1: Premature end of file.
2025-09-03 22:31:06,593 [ERROR] LogOutputStream:75 - [STDERR_REDIRECT] 
2025-09-03 22:31:07,592 [ERROR] LogOutputStream:75 - [STDERR_REDIRECT] [Fatal Error] :1:1: Premature end of file.
2025-09-03 22:31:07,592 [ERROR] LogOutputStream:75 - [STDERR_REDIRECT] 
2025-09-03 22:31:08,593 [ERROR] LogOutputStream:75 - [STDERR_REDIRECT] [Fatal Error] :1:1: Premature end of file.
2025-09-03 22:31:08,593 [ERROR] LogOutputStream:75 - [STDERR_REDIRECT] 
2025-09-03 22:31:09,590 [ERROR] LogOutputStream:75 - [STDERR_REDIRECT] [Fatal Error] :1:1: Premature end of file.
2025-09-03 22:31:09,590 [ERROR] LogOutputStream:75 - [STDERR_REDIRECT] 
2025-09-03 22:31:10,597 [ERROR] LogOutputStream:75 - [STDERR_REDIRECT] [Fatal Error] :1:1: Premature end of file.
2025-09-03 22:31:10,597 [ERROR] LogOutputStream:75 - [STDERR_REDIRECT] 
2025-09-03 22:31:11,706 [ERROR] LogOutputStream:75 - [STDERR_REDIRECT] [Fatal Error] :1:1: Premature end of file.
2025-09-03 22:31:11,708 [ERROR] LogOutputStream:75 - [STDERR_REDIRECT] 
2025-09-03 22:31:12,729 [ERROR] LogOutputStream:75 - [STDERR_REDIRECT] [Fatal Error] :1:1: Premature end of file.
2025-09-03 22:31:12,729 [ERROR] LogOutputStream:75 - [STDERR_REDIRECT] 
2025-09-03 22:31:13,598 [ERROR] LogOutputStream:75 - [STDERR_REDIRECT] [Fatal Error] :1:1: Premature end of file.
2025-09-03 22:31:13,598 [ERROR] LogOutputStream:75 - [STDERR_REDIRECT] 
2025-09-03 22:31:14,659 [ERROR] LogOutputStream:75 - [STDERR_REDIRECT] [Fatal Error] :1:1: Premature end of file.
2025-09-03 22:31:14,659 [ERROR] LogOutputStream:75 - [STDERR_REDIRECT] 
2025-09-03 22:31:15,596 [ERROR] LogOutputStream:75 - [STDERR_REDIRECT] [Fatal Error] :1:1: Premature end of file.
2025-09-03 22:31:15,596 [ERROR] LogOutputStream:75 - [STDERR_REDIRECT] 
2025-09-03 22:31:16,591 [ERROR] LogOutputStream:75 - [STDERR_REDIRECT] [Fatal Error] :1:1: Premature end of file.
2025-09-03 22:31:16,592 [ERROR] LogOutputStream:75 - [STDERR_REDIRECT] 
2025-09-03 22:31:17,597 [ERROR] LogOutputStream:75 - [STDERR_REDIRECT] [Fatal Error] :1:1: Premature end of file.
2025-09-03 22:31:17,597 [ERROR] LogOutputStream:75 - [STDERR_REDIRECT] 
2025-09-03 22:31:18,587 [ERROR] LogOutputStream:75 - [STDERR_REDIRECT] [Fatal Error] :1:1: Premature end of file.
2025-09-03 22:31:18,587 [ERROR] LogOutputStream:75 - [STDERR_REDIRECT] 
2025-09-03 22:31:19,584 [ERROR] LogOutputStream:75 - [STDERR_REDIRECT] [Fatal Error] :1:1: Premature end of file.
2025-09-03 22:31:19,584 [ERROR] LogOutputStream:75 - [STDERR_REDIRECT] 
2025-09-03 22:31:20,598 [ERROR] LogOutputStream:75 - [STDERR_REDIRECT] [Fatal Error] :1:1: Premature end of file.
2025-09-03 22:31:20,598 [ERROR] LogOutputStream:75 - [STDERR_REDIRECT] 
2025-09-03 22:31:21,653 [ERROR] LogOutputStream:75 - [STDERR_REDIRECT] [Fatal Error] :1:1: Premature end of file.
2025-09-03 22:31:21,653 [ERROR] LogOutputStream:75 - [STDERR_REDIRECT] 
2025-09-03 22:31:22,689 [ERROR] LogOutputStream:75 - [STDERR_REDIRECT] [Fatal Error] :1:1: Premature end of file.
2025-09-03 22:31:22,690 [ERROR] LogOutputStream:75 - [STDERR_REDIRECT] 
2025-09-03 22:31:23,699 [ERROR] LogOutputStream:75 - [STDERR_REDIRECT] [Fatal Error] :1:1: Premature end of file.
2025-09-03 22:31:23,699 [ERROR] LogOutputStream:75 - [STDERR_REDIRECT] 
2025-09-03 22:31:24,594 [ERROR] LogOutputStream:75 - [STDERR_REDIRECT] [Fatal Error] :1:1: Premature end of file.
2025-09-03 22:31:24,594 [ERROR] LogOutputStream:75 - [STDERR_REDIRECT] 
2025-09-03 22:31:25,765 [ERROR] LogOutputStream:75 - [STDERR_REDIRECT] [Fatal Error] :1:1: Premature end of file.
2025-09-03 22:31:25,766 [ERROR] LogOutputStream:75 - [STDERR_REDIRECT] 
2025-09-03 22:31:26,653 [ERROR] LogOutputStream:75 - [STDERR_REDIRECT] [Fatal Error] :1:1: Premature end of file.
2025-09-03 22:31:26,653 [ERROR] LogOutputStream:75 - [STDERR_REDIRECT] 
2025-09-03 22:31:27,704 [ERROR] LogOutputStream:75 - [STDERR_REDIRECT] [Fatal Error] :1:1: Premature end of file.
2025-09-03 22:31:27,704 [ERROR] LogOutputStream:75 - [STDERR_REDIRECT] 
2025-09-03 22:31:28,632 [ERROR] LogOutputStream:75 - [STDERR_REDIRECT] [Fatal Error] :1:1: Premature end of file.
2025-09-03 22:31:28,632 [ERROR] LogOutputStream:75 - [STDERR_REDIRECT] 
2025-09-03 22:31:29,663 [ERROR] LogOutputStream:75 - [STDERR_REDIRECT] [Fatal Error] :1:1: Premature end of file.
2025-09-03 22:31:29,663 [ERROR] LogOutputStream:75 - [STDERR_REDIRECT] 
2025-09-03 22:31:30,590 [ERROR] LogOutputStream:75 - [STDERR_REDIRECT] [Fatal Error] :1:1: Premature end of file.
2025-09-03 22:31:30,591 [ERROR] LogOutputStream:75 - [STDERR_REDIRECT] 
2025-09-03 22:31:31,596 [ERROR] LogOutputStream:75 - [STDERR_REDIRECT] [Fatal Error] :1:1: Premature end of file.
2025-09-03 22:31:31,596 [ERROR] LogOutputStream:75 - [STDERR_REDIRECT] 
2025-09-03 22:31:32,603 [ERROR] LogOutputStream:75 - [STDERR_REDIRECT] [Fatal Error] :1:1: Premature end of file.
2025-09-03 22:31:32,603 [ERROR] LogOutputStream:75 - [STDERR_REDIRECT] 
2025-09-03 22:31:33,589 [ERROR] LogOutputStream:75 - [STDERR_REDIRECT] [Fatal Error] :1:1: Premature end of file.
2025-09-03 22:31:33,589 [ERROR] LogOutputStream:75 - [STDERR_REDIRECT] 
2025-09-03 22:31:34,591 [ERROR] LogOutputStream:75 - [STDERR_REDIRECT] [Fatal Error] :1:1: Premature end of file.
2025-09-03 22:31:34,591 [ERROR] LogOutputStream:75 - [STDERR_REDIRECT] 
2025-09-03 22:31:35,711 [ERROR] LogOutputStream:75 - [STDERR_REDIRECT] [Fatal Error] :1:1: Premature end of file.
2025-09-03 22:31:35,711 [ERROR] LogOutputStream:75 - [STDERR_REDIRECT] 
2025-09-03 22:31:36,585 [ERROR] LogOutputStream:75 - [STDERR_REDIRECT] [Fatal Error] :1:1: Premature end of file.
2025-09-03 22:31:36,586 [ERROR] LogOutputStream:75 - [STDERR_REDIRECT] 
2025-09-03 22:31:37,585 [ERROR] LogOutputStream:75 - [STDERR_REDIRECT] [Fatal Error] :1:1: Premature end of file.
2025-09-03 22:31:37,585 [ERROR] LogOutputStream:75 - [STDERR_REDIRECT] 
2025-09-03 22:31:38,591 [ERROR] LogOutputStream:75 - [STDERR_REDIRECT] [Fatal Error] :1:1: Premature end of file.
2025-09-03 22:31:38,591 [ERROR] LogOutputStream:75 - [STDERR_REDIRECT] 
2025-09-03 22:31:39,583 [ERROR] LogOutputStream:75 - [STDERR_REDIRECT] [Fatal Error] :1:1: Premature end of file.
2025-09-03 22:31:39,584 [ERROR] LogOutputStream:75 - [STDERR_REDIRECT] 
2025-09-03 22:31:40,594 [ERROR] LogOutputStream:75 - [STDERR_REDIRECT] [Fatal Error] :1:1: Premature end of file.
2025-09-03 22:31:40,594 [ERROR] LogOutputStream:75 - [STDERR_REDIRECT] 
2025-09-03 22:31:41,589 [ERROR] LogOutputStream:75 - [STDERR_REDIRECT] [Fatal Error] :1:1: Premature end of file.
2025-09-03 22:31:41,590 [ERROR] LogOutputStream:75 - [STDERR_REDIRECT] 
2025-09-03 22:31:42,612 [ERROR] LogOutputStream:75 - [STDERR_REDIRECT] [Fatal Error] :1:1: Premature end of file.
2025-09-03 22:31:42,612 [ERROR] LogOutputStream:75 - [STDERR_REDIRECT] 
2025-09-03 22:31:43,708 [ERROR] LogOutputStream:75 - [STDERR_REDIRECT] [Fatal Error] :1:1: Premature end of file.
2025-09-03 22:31:43,709 [ERROR] LogOutputStream:75 - [STDERR_REDIRECT] 
2025-09-03 22:31:44,722 [ERROR] LogOutputStream:75 - [STDERR_REDIRECT] [Fatal Error] :1:1: Premature end of file.
2025-09-03 22:31:44,723 [ERROR] LogOutputStream:75 - [STDERR_REDIRECT] 
2025-09-03 22:31:45,592 [ERROR] LogOutputStream:75 - [STDERR_REDIRECT] [Fatal Error] :1:1: Premature end of file.
2025-09-03 22:31:45,592 [ERROR] LogOutputStream:75 - [STDERR_REDIRECT] 
2025-09-03 22:31:46,697 [ERROR] LogOutputStream:75 - [STDERR_REDIRECT] [Fatal Error] :1:1: Premature end of file.
2025-09-03 22:31:46,697 [ERROR] LogOutputStream:75 - [STDERR_REDIRECT] 
2025-09-03 22:31:47,593 [ERROR] LogOutputStream:75 - [STDERR_REDIRECT] [Fatal Error] :1:1: Premature end of file.
2025-09-03 22:31:47,594 [ERROR] LogOutputStream:75 - [STDERR_REDIRECT] 
2025-09-03 22:31:48,598 [ERROR] LogOutputStream:75 - [STDERR_REDIRECT] [Fatal Error] :1:1: Premature end of file.
2025-09-03 22:31:48,598 [ERROR] LogOutputStream:75 - [STDERR_REDIRECT] 
2025-09-03 22:31:49,590 [ERROR] LogOutputStream:75 - [STDERR_REDIRECT] [Fatal Error] :1:1: Premature end of file.
2025-09-03 22:31:49,590 [ERROR] LogOutputStream:75 - [STDERR_REDIRECT] 
2025-09-03 22:31:50,593 [ERROR] LogOutputStream:75 - [STDERR_REDIRECT] [Fatal Error] :1:1: Premature end of file.
2025-09-03 22:31:50,593 [ERROR] LogOutputStream:75 - [STDERR_REDIRECT] 
2025-09-03 22:31:51,604 [ERROR] LogOutputStream:75 - [STDERR_REDIRECT] [Fatal Error] :1:1: Premature end of file.
2025-09-03 22:31:51,605 [ERROR] LogOutputStream:75 - [STDERR_REDIRECT] 
2025-09-03 22:31:52,582 [ERROR] LogOutputStream:75 - [STDERR_REDIRECT] [Fatal Error] :1:1: Premature end of file.
2025-09-03 22:31:52,582 [ERROR] LogOutputStream:75 - [STDERR_REDIRECT] 
2025-09-03 22:31:53,587 [ERROR] LogOutputStream:75 - [STDERR_REDIRECT] [Fatal Error] :1:1: Premature end of file.
2025-09-03 22:31:53,587 [ERROR] LogOutputStream:75 - [STDERR_REDIRECT] 
2025-09-03 22:31:54,673 [ERROR] LogOutputStream:75 - [STDERR_REDIRECT] [Fatal Error] :1:1: Premature end of file.
2025-09-03 22:31:54,673 [ERROR] LogOutputStream:75 - [STDERR_REDIRECT] 
2025-09-03 22:31:55,710 [ERROR] LogOutputStream:75 - [STDERR_REDIRECT] [Fatal Error] :1:1: Premature end of file.
2025-09-03 22:31:55,711 [ERROR] LogOutputStream:75 - [STDERR_REDIRECT] 
2025-09-03 22:31:56,596 [ERROR] LogOutputStream:75 - [STDERR_REDIRECT] [Fatal Error] :1:1: Premature end of file.
2025-09-03 22:31:56,596 [ERROR] LogOutputStream:75 - [STDERR_REDIRECT] 
2025-09-03 22:31:57,695 [ERROR] LogOutputStream:75 - [STDERR_REDIRECT] [Fatal Error] :1:1: Premature end of file.
2025-09-03 22:31:57,695 [ERROR] LogOutputStream:75 - [STDERR_REDIRECT] 
2025-09-03 22:31:58,694 [ERROR] LogOutputStream:75 - [STDERR_REDIRECT] [Fatal Error] :1:1: Premature end of file.
2025-09-03 22:31:58,694 [ERROR] LogOutputStream:75 - [STDERR_REDIRECT] 
2025-09-03 22:31:59,674 [ERROR] LogOutputStream:75 - [STDERR_REDIRECT] [Fatal Error] :1:1: Premature end of file.
2025-09-03 22:31:59,674 [ERROR] LogOutputStream:75 - [STDERR_REDIRECT] 
2025-09-03 22:32:00,655 [ERROR] LogOutputStream:75 - [STDERR_REDIRECT] [Fatal Error] :1:1: Premature end of file.
2025-09-03 22:32:00,655 [ERROR] LogOutputStream:75 - [STDERR_REDIRECT] 
2025-09-03 22:32:01,585 [ERROR] LogOutputStream:75 - [STDERR_REDIRECT] [Fatal Error] :1:1: Premature end of file.
2025-09-03 22:32:01,586 [ERROR] LogOutputStream:75 - [STDERR_REDIRECT] 
2025-09-03 22:32:02,592 [ERROR] LogOutputStream:75 - [STDERR_REDIRECT] [Fatal Error] :1:1: Premature end of file.
2025-09-03 22:32:02,592 [ERROR] LogOutputStream:75 - [STDERR_REDIRECT] 
2025-09-03 22:32:03,709 [ERROR] LogOutputStream:75 - [STDERR_REDIRECT] [Fatal Error] :1:1: Premature end of file.
2025-09-03 22:32:03,711 [ERROR] LogOutputStream:75 - [STDERR_REDIRECT] 
2025-09-03 22:32:04,584 [ERROR] LogOutputStream:75 - [STDERR_REDIRECT] [Fatal Error] :1:1: Premature end of file.
2025-09-03 22:32:04,585 [ERROR] LogOutputStream:75 - [STDERR_REDIRECT] 
2025-09-03 22:32:05,713 [ERROR] LogOutputStream:75 - [STDERR_REDIRECT] [Fatal Error] :1:1: Premature end of file.
2025-09-03 22:32:05,714 [ERROR] LogOutputStream:75 - [STDERR_REDIRECT] 
2025-09-03 22:32:06,738 [ERROR] LogOutputStream:75 - [STDERR_REDIRECT] [Fatal Error] :1:1: Premature end of file.
2025-09-03 22:32:06,739 [ERROR] LogOutputStream:75 - [STDERR_REDIRECT] 
2025-09-03 22:32:07,599 [ERROR] LogOutputStream:75 - [STDERR_REDIRECT] [Fatal Error] :1:1: Premature end of file.
2025-09-03 22:32:07,600 [ERROR] LogOutputStream:75 - [STDERR_REDIRECT] 
2025-09-03 22:32:08,709 [ERROR] LogOutputStream:75 - [STDERR_REDIRECT] [Fatal Error] :1:1: Premature end of file.
2025-09-03 22:32:08,709 [ERROR] LogOutputStream:75 - [STDERR_REDIRECT] 
2025-09-03 22:32:09,594 [ERROR] LogOutputStream:75 - [STDERR_REDIRECT] [Fatal Error] :1:1: Premature end of file.
2025-09-03 22:32:09,594 [ERROR] LogOutputStream:75 - [STDERR_REDIRECT] 
2025-09-03 22:32:10,591 [ERROR] LogOutputStream:75 - [STDERR_REDIRECT] [Fatal Error] :1:1: Premature end of file.
2025-09-03 22:32:10,591 [ERROR] LogOutputStream:75 - [STDERR_REDIRECT] 
2025-09-03 22:32:11,581 [ERROR] LogOutputStream:75 - [STDERR_REDIRECT] [Fatal Error] :1:1: Premature end of file.
2025-09-03 22:32:11,581 [ERROR] LogOutputStream:75 - [STDERR_REDIRECT] 
2025-09-03 22:32:12,610 [ERROR] LogOutputStream:75 - [STDERR_REDIRECT] [Fatal Error] :1:1: Premature end of file.
2025-09-03 22:32:12,610 [ERROR] LogOutputStream:75 - [STDERR_REDIRECT] 
2025-09-03 22:32:13,709 [ERROR] LogOutputStream:75 - [STDERR_REDIRECT] [Fatal Error] :1:1: Premature end of file.
2025-09-03 22:32:13,709 [ERROR] LogOutputStream:75 - [STDERR_REDIRECT] 
2025-09-03 22:32:14,586 [ERROR] LogOutputStream:75 - [STDERR_REDIRECT] [Fatal Error] :1:1: Premature end of file.
2025-09-03 22:32:14,586 [ERROR] LogOutputStream:75 - [STDERR_REDIRECT] 
2025-09-03 22:32:15,711 [ERROR] LogOutputStream:75 - [STDERR_REDIRECT] [Fatal Error] :1:1: Premature end of file.
2025-09-03 22:32:15,711 [ERROR] LogOutputStream:75 - [STDERR_REDIRECT] 
2025-09-03 22:32:16,725 [ERROR] LogOutputStream:75 - [STDERR_REDIRECT] [Fatal Error] :1:1: Premature end of file.
2025-09-03 22:32:16,727 [ERROR] LogOutputStream:75 - [STDERR_REDIRECT] 
2025-09-03 22:32:17,588 [ERROR] LogOutputStream:75 - [STDERR_REDIRECT] [Fatal Error] :1:1: Premature end of file.
2025-09-03 22:32:17,588 [ERROR] LogOutputStream:75 - [STDERR_REDIRECT] 
2025-09-03 22:32:18,594 [ERROR] LogOutputStream:75 - [STDERR_REDIRECT] [Fatal Error] :1:1: Premature end of file.
2025-09-03 22:32:18,594 [ERROR] LogOutputStream:75 - [STDERR_REDIRECT] 
2025-09-03 22:32:19,585 [ERROR] LogOutputStream:75 - [STDERR_REDIRECT] [Fatal Error] :1:1: Premature end of file.
2025-09-03 22:32:19,585 [ERROR] LogOutputStream:75 - [STDERR_REDIRECT] 
2025-09-03 22:32:20,596 [ERROR] LogOutputStream:75 - [STDERR_REDIRECT] [Fatal Error] :1:1: Premature end of file.
2025-09-03 22:32:20,596 [ERROR] LogOutputStream:75 - [STDERR_REDIRECT] 
2025-09-03 22:32:21,593 [ERROR] LogOutputStream:75 - [STDERR_REDIRECT] [Fatal Error] :1:1: Premature end of file.
2025-09-03 22:32:21,593 [ERROR] LogOutputStream:75 - [STDERR_REDIRECT] 
2025-09-03 22:32:22,595 [ERROR] LogOutputStream:75 - [STDERR_REDIRECT] [Fatal Error] :1:1: Premature end of file.
2025-09-03 22:32:22,595 [ERROR] LogOutputStream:75 - [STDERR_REDIRECT] 
2025-09-03 22:32:23,599 [ERROR] LogOutputStream:75 - [STDERR_REDIRECT] [Fatal Error] :1:1: Premature end of file.
2025-09-03 22:32:23,599 [ERROR] LogOutputStream:75 - [STDERR_REDIRECT] 
2025-09-03 22:32:24,592 [ERROR] LogOutputStream:75 - [STDERR_REDIRECT] [Fatal Error] :1:1: Premature end of file.
2025-09-03 22:32:24,592 [ERROR] LogOutputStream:75 - [STDERR_REDIRECT] 
2025-09-03 22:32:25,586 [ERROR] LogOutputStream:75 - [STDERR_REDIRECT] [Fatal Error] :1:1: Premature end of file.
2025-09-03 22:32:25,586 [ERROR] LogOutputStream:75 - [STDERR_REDIRECT] 
2025-09-03 22:32:26,663 [ERROR] LogOutputStream:75 - [STDERR_REDIRECT] [Fatal Error] :1:1: Premature end of file.
2025-09-03 22:32:26,664 [ERROR] LogOutputStream:75 - [STDERR_REDIRECT] 
2025-09-03 22:32:27,591 [ERROR] LogOutputStream:75 - [STDERR_REDIRECT] [Fatal Error] :1:1: Premature end of file.
2025-09-03 22:32:27,591 [ERROR] LogOutputStream:75 - [STDERR_REDIRECT] 
2025-09-03 22:32:28,691 [ERROR] LogOutputStream:75 - [STDERR_REDIRECT] [Fatal Error] :1:1: Premature end of file.
2025-09-03 22:32:28,691 [ERROR] LogOutputStream:75 - [STDERR_REDIRECT] 
2025-09-03 22:32:29,656 [ERROR] LogOutputStream:75 - [STDERR_REDIRECT] [Fatal Error] :1:1: Premature end of file.
2025-09-03 22:32:29,657 [ERROR] LogOutputStream:75 - [STDERR_REDIRECT] 
2025-09-03 22:32:30,599 [ERROR] LogOutputStream:75 - [STDERR_REDIRECT] [Fatal Error] :1:1: Premature end of file.
2025-09-03 22:32:30,599 [ERROR] LogOutputStream:75 - [STDERR_REDIRECT] 
2025-09-03 22:32:31,593 [ERROR] LogOutputStream:75 - [STDERR_REDIRECT] [Fatal Error] :1:1: Premature end of file.
2025-09-03 22:32:31,593 [ERROR] LogOutputStream:75 - [STDERR_REDIRECT] 
2025-09-03 22:32:32,710 [ERROR] LogOutputStream:75 - [STDERR_REDIRECT] [Fatal Error] :1:1: Premature end of file.
2025-09-03 22:32:32,710 [ERROR] LogOutputStream:75 - [STDERR_REDIRECT] 
2025-09-03 22:32:33,594 [ERROR] LogOutputStream:75 - [STDERR_REDIRECT] [Fatal Error] :1:1: Premature end of file.
2025-09-03 22:32:33,594 [ERROR] LogOutputStream:75 - [STDERR_REDIRECT] 
2025-09-03 22:32:34,588 [ERROR] LogOutputStream:75 - [STDERR_REDIRECT] [Fatal Error] :1:1: Premature end of file.
2025-09-03 22:32:34,588 [ERROR] LogOutputStream:75 - [STDERR_REDIRECT] 
2025-09-03 22:32:35,606 [ERROR] LogOutputStream:75 - [STDERR_REDIRECT] [Fatal Error] :1:1: Premature end of file.
2025-09-03 22:32:35,606 [ERROR] LogOutputStream:75 - [STDERR_REDIRECT] 
2025-09-03 22:32:36,693 [ERROR] LogOutputStream:75 - [STDERR_REDIRECT] [Fatal Error] :1:1: Premature end of file.
2025-09-03 22:32:36,693 [ERROR] LogOutputStream:75 - [STDERR_REDIRECT] 
2025-09-03 22:32:37,593 [ERROR] LogOutputStream:75 - [STDERR_REDIRECT] [Fatal Error] :1:1: Premature end of file.
2025-09-03 22:32:37,593 [ERROR] LogOutputStream:75 - [STDERR_REDIRECT] 
2025-09-03 22:32:38,587 [ERROR] LogOutputStream:75 - [STDERR_REDIRECT] [Fatal Error] :1:1: Premature end of file.
2025-09-03 22:32:38,587 [ERROR] LogOutputStream:75 - [STDERR_REDIRECT] 
2025-09-03 22:32:39,591 [ERROR] LogOutputStream:75 - [STDERR_REDIRECT] [Fatal Error] :1:1: Premature end of file.
2025-09-03 22:32:39,591 [ERROR] LogOutputStream:75 - [STDERR_REDIRECT] 
2025-09-03 22:32:40,585 [ERROR] LogOutputStream:75 - [STDERR_REDIRECT] [Fatal Error] :1:1: Premature end of file.
2025-09-03 22:32:40,585 [ERROR] LogOutputStream:75 - [STDERR_REDIRECT] 
2025-09-03 22:32:41,594 [ERROR] LogOutputStream:75 - [STDERR_REDIRECT] [Fatal Error] :1:1: Premature end of file.
2025-09-03 22:32:41,594 [ERROR] LogOutputStream:75 - [STDERR_REDIRECT] 
2025-09-03 22:32:42,590 [ERROR] LogOutputStream:75 - [STDERR_REDIRECT] [Fatal Error] :1:1: Premature end of file.
2025-09-03 22:32:42,590 [ERROR] LogOutputStream:75 - [STDERR_REDIRECT] 
2025-09-03 22:32:43,645 [ERROR] LogOutputStream:75 - [STDERR_REDIRECT] [Fatal Error] :1:1: Premature end of file.
2025-09-03 22:32:43,645 [ERROR] LogOutputStream:75 - [STDERR_REDIRECT] 
2025-09-03 22:32:44,588 [ERROR] LogOutputStream:75 - [STDERR_REDIRECT] [Fatal Error] :1:1: Premature end of file.
2025-09-03 22:32:44,588 [ERROR] LogOutputStream:75 - [STDERR_REDIRECT] 
2025-09-03 22:32:45,590 [ERROR] LogOutputStream:75 - [STDERR_REDIRECT] [Fatal Error] :1:1: Premature end of file.
2025-09-03 22:32:45,590 [ERROR] LogOutputStream:75 - [STDERR_REDIRECT] 
2025-09-03 22:32:46,709 [ERROR] LogOutputStream:75 - [STDERR_REDIRECT] [Fatal Error] :1:1: Premature end of file.
2025-09-03 22:32:46,709 [ERROR] LogOutputStream:75 - [STDERR_REDIRECT] 
2025-09-03 22:32:47,590 [ERROR] LogOutputStream:75 - [STDERR_REDIRECT] [Fatal Error] :1:1: Premature end of file.
2025-09-03 22:32:47,591 [ERROR] LogOutputStream:75 - [STDERR_REDIRECT] 
2025-09-03 22:32:48,597 [ERROR] LogOutputStream:75 - [STDERR_REDIRECT] [Fatal Error] :1:1: Premature end of file.
2025-09-03 22:32:48,597 [ERROR] LogOutputStream:75 - [STDERR_REDIRECT] 
2025-09-03 22:32:49,587 [ERROR] LogOutputStream:75 - [STDERR_REDIRECT] [Fatal Error] :1:1: Premature end of file.
2025-09-03 22:32:49,587 [ERROR] LogOutputStream:75 - [STDERR_REDIRECT] 
2025-09-03 22:32:50,596 [ERROR] LogOutputStream:75 - [STDERR_REDIRECT] [Fatal Error] :1:1: Premature end of file.
2025-09-03 22:32:50,597 [ERROR] LogOutputStream:75 - [STDERR_REDIRECT] 
2025-09-03 22:32:51,712 [ERROR] LogOutputStream:75 - [STDERR_REDIRECT] [Fatal Error] :1:1: Premature end of file.
2025-09-03 22:32:51,712 [ERROR] LogOutputStream:75 - [STDERR_REDIRECT] 
2025-09-03 22:32:52,592 [ERROR] LogOutputStream:75 - [STDERR_REDIRECT] [Fatal Error] :1:1: Premature end of file.
2025-09-03 22:32:52,592 [ERROR] LogOutputStream:75 - [STDERR_REDIRECT] 
2025-09-03 22:32:53,598 [ERROR] LogOutputStream:75 - [STDERR_REDIRECT] [Fatal Error] :1:1: Premature end of file.
2025-09-03 22:32:53,598 [ERROR] LogOutputStream:75 - [STDERR_REDIRECT] 
2025-09-03 22:32:54,596 [ERROR] LogOutputStream:75 - [STDERR_REDIRECT] [Fatal Error] :1:1: Premature end of file.
2025-09-03 22:32:54,596 [ERROR] LogOutputStream:75 - [STDERR_REDIRECT] 
2025-09-03 22:32:55,590 [ERROR] LogOutputStream:75 - [STDERR_REDIRECT] [Fatal Error] :1:1: Premature end of file.
2025-09-03 22:32:55,590 [ERROR] LogOutputStream:75 - [STDERR_REDIRECT] 
2025-09-03 22:32:56,630 [ERROR] LogOutputStream:75 - [STDERR_REDIRECT] [Fatal Error] :1:1: Premature end of file.
2025-09-03 22:32:56,630 [ERROR] LogOutputStream:75 - [STDERR_REDIRECT] 
2025-09-03 22:32:57,659 [ERROR] LogOutputStream:75 - [STDERR_REDIRECT] [Fatal Error] :1:1: Premature end of file.
2025-09-03 22:32:57,659 [ERROR] LogOutputStream:75 - [STDERR_REDIRECT] 
2025-09-03 22:32:58,598 [ERROR] LogOutputStream:75 - [STDERR_REDIRECT] [Fatal Error] :1:1: Premature end of file.
2025-09-03 22:32:58,598 [ERROR] LogOutputStream:75 - [STDERR_REDIRECT] 
2025-09-03 22:32:59,599 [ERROR] LogOutputStream:75 - [STDERR_REDIRECT] [Fatal Error] :1:1: Premature end of file.
2025-09-03 22:32:59,599 [ERROR] LogOutputStream:75 - [STDERR_REDIRECT] 
2025-09-03 22:33:00,592 [ERROR] LogOutputStream:75 - [STDERR_REDIRECT] [Fatal Error] :1:1: Premature end of file.
2025-09-03 22:33:00,593 [ERROR] LogOutputStream:75 - [STDERR_REDIRECT] 
2025-09-03 22:33:01,593 [ERROR] LogOutputStream:75 - [STDERR_REDIRECT] [Fatal Error] :1:1: Premature end of file.
2025-09-03 22:33:01,593 [ERROR] LogOutputStream:75 - [STDERR_REDIRECT] 
2025-09-03 22:33:02,591 [ERROR] LogOutputStream:75 - [STDERR_REDIRECT] [Fatal Error] :1:1: Premature end of file.
2025-09-03 22:33:02,591 [ERROR] LogOutputStream:75 - [STDERR_REDIRECT] 
2025-09-03 22:33:03,593 [ERROR] LogOutputStream:75 - [STDERR_REDIRECT] [Fatal Error] :1:1: Premature end of file.
2025-09-03 22:33:03,593 [ERROR] LogOutputStream:75 - [STDERR_REDIRECT] 
2025-09-03 22:33:04,591 [ERROR] LogOutputStream:75 - [STDERR_REDIRECT] [Fatal Error] :1:1: Premature end of file.
2025-09-03 22:33:04,591 [ERROR] LogOutputStream:75 - [STDERR_REDIRECT] 
2025-09-03 22:33:05,582 [ERROR] LogOutputStream:75 - [STDERR_REDIRECT] [Fatal Error] :1:1: Premature end of file.
2025-09-03 22:33:05,583 [ERROR] LogOutputStream:75 - [STDERR_REDIRECT] 
2025-09-03 22:33:06,591 [ERROR] LogOutputStream:75 - [STDERR_REDIRECT] [Fatal Error] :1:1: Premature end of file.
2025-09-03 22:33:06,593 [ERROR] LogOutputStream:75 - [STDERR_REDIRECT] 
2025-09-03 22:33:07,585 [ERROR] LogOutputStream:75 - [STDERR_REDIRECT] [Fatal Error] :1:1: Premature end of file.
2025-09-03 22:33:07,585 [ERROR] LogOutputStream:75 - [STDERR_REDIRECT] 
2025-09-03 22:33:08,720 [ERROR] LogOutputStream:75 - [STDERR_REDIRECT] [Fatal Error] :1:1: Premature end of file.
2025-09-03 22:33:08,721 [ERROR] LogOutputStream:75 - [STDERR_REDIRECT] 
2025-09-03 22:33:09,703 [ERROR] LogOutputStream:75 - [STDERR_REDIRECT] [Fatal Error] :1:1: Premature end of file.
2025-09-03 22:33:09,704 [ERROR] LogOutputStream:75 - [STDERR_REDIRECT] 
2025-09-03 22:33:10,707 [ERROR] LogOutputStream:75 - [STDERR_REDIRECT] [Fatal Error] :1:1: Premature end of file.
2025-09-03 22:33:10,707 [ERROR] LogOutputStream:75 - [STDERR_REDIRECT] 
2025-09-03 22:33:11,594 [ERROR] LogOutputStream:75 - [STDERR_REDIRECT] [Fatal Error] :1:1: Premature end of file.
2025-09-03 22:33:11,594 [ERROR] LogOutputStream:75 - [STDERR_REDIRECT] 
2025-09-03 22:33:12,607 [ERROR] LogOutputStream:75 - [STDERR_REDIRECT] [Fatal Error] :1:1: Premature end of file.
2025-09-03 22:33:12,607 [ERROR] LogOutputStream:75 - [STDERR_REDIRECT] 
2025-09-03 22:33:13,599 [ERROR] LogOutputStream:75 - [STDERR_REDIRECT] [Fatal Error] :1:1: Premature end of file.
2025-09-03 22:33:13,599 [ERROR] LogOutputStream:75 - [STDERR_REDIRECT] 
2025-09-03 22:33:14,588 [ERROR] LogOutputStream:75 - [STDERR_REDIRECT] [Fatal Error] :1:1: Premature end of file.
2025-09-03 22:33:14,588 [ERROR] LogOutputStream:75 - [STDERR_REDIRECT] 
2025-09-03 22:33:15,598 [ERROR] LogOutputStream:75 - [STDERR_REDIRECT] [Fatal Error] :1:1: Premature end of file.
2025-09-03 22:33:15,598 [ERROR] LogOutputStream:75 - [STDERR_REDIRECT] 
2025-09-03 22:33:16,648 [ERROR] LogOutputStream:75 - [STDERR_REDIRECT] [Fatal Error] :1:1: Premature end of file.
2025-09-03 22:33:16,648 [ERROR] LogOutputStream:75 - [STDERR_REDIRECT] 
2025-09-03 22:33:17,588 [ERROR] LogOutputStream:75 - [STDERR_REDIRECT] [Fatal Error] :1:1: Premature end of file.
2025-09-03 22:33:17,588 [ERROR] LogOutputStream:75 - [STDERR_REDIRECT] 
2025-09-03 22:33:18,595 [ERROR] LogOutputStream:75 - [STDERR_REDIRECT] [Fatal Error] :1:1: Premature end of file.
2025-09-03 22:33:18,595 [ERROR] LogOutputStream:75 - [STDERR_REDIRECT] 
2025-09-03 22:33:19,588 [ERROR] LogOutputStream:75 - [STDERR_REDIRECT] [Fatal Error] :1:1: Premature end of file.
2025-09-03 22:33:19,589 [ERROR] LogOutputStream:75 - [STDERR_REDIRECT] 
2025-09-03 22:33:20,593 [ERROR] LogOutputStream:75 - [STDERR_REDIRECT] [Fatal Error] :1:1: Premature end of file.
2025-09-03 22:33:20,593 [ERROR] LogOutputStream:75 - [STDERR_REDIRECT] 
2025-09-03 22:33:21,600 [ERROR] LogOutputStream:75 - [STDERR_REDIRECT] [Fatal Error] :1:1: Premature end of file.
2025-09-03 22:33:21,600 [ERROR] LogOutputStream:75 - [STDERR_REDIRECT] 
2025-09-03 22:33:22,597 [ERROR] LogOutputStream:75 - [STDERR_REDIRECT] [Fatal Error] :1:1: Premature end of file.
2025-09-03 22:33:22,598 [ERROR] LogOutputStream:75 - [STDERR_REDIRECT] 
2025-09-03 22:33:23,592 [ERROR] LogOutputStream:75 - [STDERR_REDIRECT] [Fatal Error] :1:1: Premature end of file.
2025-09-03 22:33:23,592 [ERROR] LogOutputStream:75 - [STDERR_REDIRECT] 
2025-09-03 22:33:24,707 [ERROR] LogOutputStream:75 - [STDERR_REDIRECT] [Fatal Error] :1:1: Premature end of file.
2025-09-03 22:33:24,707 [ERROR] LogOutputStream:75 - [STDERR_REDIRECT] 
2025-09-03 22:33:25,603 [ERROR] LogOutputStream:75 - [STDERR_REDIRECT] [Fatal Error] :1:1: Premature end of file.
2025-09-03 22:33:25,604 [ERROR] LogOutputStream:75 - [STDERR_REDIRECT] 
2025-09-03 22:33:26,727 [ERROR] LogOutputStream:75 - [STDERR_REDIRECT] [Fatal Error] :1:1: Premature end of file.
2025-09-03 22:33:26,727 [ERROR] LogOutputStream:75 - [STDERR_REDIRECT] 
2025-09-03 22:33:27,715 [ERROR] LogOutputStream:75 - [STDERR_REDIRECT] [Fatal Error] :1:1: Premature end of file.
2025-09-03 22:33:27,715 [ERROR] LogOutputStream:75 - [STDERR_REDIRECT] 
2025-09-03 22:33:28,589 [ERROR] LogOutputStream:75 - [STDERR_REDIRECT] [Fatal Error] :1:1: Premature end of file.
2025-09-03 22:33:28,589 [ERROR] LogOutputStream:75 - [STDERR_REDIRECT] 
2025-09-03 22:33:29,591 [ERROR] LogOutputStream:75 - [STDERR_REDIRECT] [Fatal Error] :1:1: Premature end of file.
2025-09-03 22:33:29,591 [ERROR] LogOutputStream:75 - [STDERR_REDIRECT] 
2025-09-03 22:33:30,582 [ERROR] LogOutputStream:75 - [STDERR_REDIRECT] [Fatal Error] :1:1: Premature end of file.
2025-09-03 22:33:30,582 [ERROR] LogOutputStream:75 - [STDERR_REDIRECT] 
2025-09-03 22:33:31,590 [ERROR] LogOutputStream:75 - [STDERR_REDIRECT] [Fatal Error] :1:1: Premature end of file.
2025-09-03 22:33:31,590 [ERROR] LogOutputStream:75 - [STDERR_REDIRECT] 
2025-09-03 22:33:32,648 [ERROR] LogOutputStream:75 - [STDERR_REDIRECT] [Fatal Error] :1:1: Premature end of file.
2025-09-03 22:33:32,648 [ERROR] LogOutputStream:75 - [STDERR_REDIRECT] 
2025-09-03 22:33:33,596 [ERROR] LogOutputStream:75 - [STDERR_REDIRECT] [Fatal Error] :1:1: Premature end of file.
2025-09-03 22:33:33,596 [ERROR] LogOutputStream:75 - [STDERR_REDIRECT] 
2025-09-03 22:33:34,587 [ERROR] LogOutputStream:75 - [STDERR_REDIRECT] [Fatal Error] :1:1: Premature end of file.
2025-09-03 22:33:34,588 [ERROR] LogOutputStream:75 - [STDERR_REDIRECT] 
2025-09-03 22:33:35,590 [ERROR] LogOutputStream:75 - [STDERR_REDIRECT] [Fatal Error] :1:1: Premature end of file.
2025-09-03 22:33:35,590 [ERROR] LogOutputStream:75 - [STDERR_REDIRECT] 
2025-09-03 22:33:36,599 [ERROR] LogOutputStream:75 - [STDERR_REDIRECT] [Fatal Error] :1:1: Premature end of file.
2025-09-03 22:33:36,599 [ERROR] LogOutputStream:75 - [STDERR_REDIRECT] 
2025-09-03 22:33:37,588 [ERROR] LogOutputStream:75 - [STDERR_REDIRECT] [Fatal Error] :1:1: Premature end of file.
2025-09-03 22:33:37,588 [ERROR] LogOutputStream:75 - [STDERR_REDIRECT] 
2025-09-03 22:33:38,591 [ERROR] LogOutputStream:75 - [STDERR_REDIRECT] [Fatal Error] :1:1: Premature end of file.
2025-09-03 22:33:38,591 [ERROR] LogOutputStream:75 - [STDERR_REDIRECT] 
2025-09-03 22:33:39,587 [ERROR] LogOutputStream:75 - [STDERR_REDIRECT] [Fatal Error] :1:1: Premature end of file.
2025-09-03 22:33:39,589 [ERROR] LogOutputStream:75 - [STDERR_REDIRECT] 
2025-09-03 22:33:40,593 [ERROR] LogOutputStream:75 - [STDERR_REDIRECT] [Fatal Error] :1:1: Premature end of file.
2025-09-03 22:33:40,593 [ERROR] LogOutputStream:75 - [STDERR_REDIRECT] 
2025-09-03 22:33:41,581 [ERROR] LogOutputStream:75 - [STDERR_REDIRECT] [Fatal Error] :1:1: Premature end of file.
2025-09-03 22:33:41,581 [ERROR] LogOutputStream:75 - [STDERR_REDIRECT] 
2025-09-03 22:33:42,591 [ERROR] LogOutputStream:75 - [STDERR_REDIRECT] [Fatal Error] :1:1: Premature end of file.
2025-09-03 22:33:42,591 [ERROR] LogOutputStream:75 - [STDERR_REDIRECT] 
2025-09-03 22:33:43,588 [ERROR] LogOutputStream:75 - [STDERR_REDIRECT] [Fatal Error] :1:1: Premature end of file.
2025-09-03 22:33:43,588 [ERROR] LogOutputStream:75 - [STDERR_REDIRECT] 
2025-09-03 22:33:44,591 [ERROR] LogOutputStream:75 - [STDERR_REDIRECT] [Fatal Error] :1:1: Premature end of file.
2025-09-03 22:33:44,591 [ERROR] LogOutputStream:75 - [STDERR_REDIRECT] 
2025-09-03 22:33:45,595 [ERROR] LogOutputStream:75 - [STDERR_REDIRECT] [Fatal Error] :1:1: Premature end of file.
2025-09-03 22:33:45,595 [ERROR] LogOutputStream:75 - [STDERR_REDIRECT] 
2025-09-03 22:33:46,600 [ERROR] LogOutputStream:75 - [STDERR_REDIRECT] [Fatal Error] :1:1: Premature end of file.
2025-09-03 22:33:46,600 [ERROR] LogOutputStream:75 - [STDERR_REDIRECT] 
2025-09-03 22:33:47,673 [ERROR] LogOutputStream:75 - [STDERR_REDIRECT] [Fatal Error] :1:1: Premature end of file.
2025-09-03 22:33:47,673 [ERROR] LogOutputStream:75 - [STDERR_REDIRECT] 
2025-09-03 22:33:48,591 [ERROR] LogOutputStream:75 - [STDERR_REDIRECT] [Fatal Error] :1:1: Premature end of file.
2025-09-03 22:33:48,591 [ERROR] LogOutputStream:75 - [STDERR_REDIRECT] 
2025-09-03 22:33:49,722 [ERROR] LogOutputStream:75 - [STDERR_REDIRECT] [Fatal Error] :1:1: Premature end of file.
2025-09-03 22:33:49,723 [ERROR] LogOutputStream:75 - [STDERR_REDIRECT] 
2025-09-03 22:33:50,595 [ERROR] LogOutputStream:75 - [STDERR_REDIRECT] [Fatal Error] :1:1: Premature end of file.
2025-09-03 22:33:50,595 [ERROR] LogOutputStream:75 - [STDERR_REDIRECT] 
2025-09-03 22:33:51,591 [ERROR] LogOutputStream:75 - [STDERR_REDIRECT] [Fatal Error] :1:1: Premature end of file.
2025-09-03 22:33:51,591 [ERROR] LogOutputStream:75 - [STDERR_REDIRECT] 
2025-09-03 22:33:52,583 [ERROR] LogOutputStream:75 - [STDERR_REDIRECT] [Fatal Error] :1:1: Premature end of file.
2025-09-03 22:33:52,583 [ERROR] LogOutputStream:75 - [STDERR_REDIRECT] 
2025-09-03 22:33:53,590 [ERROR] LogOutputStream:75 - [STDERR_REDIRECT] [Fatal Error] :1:1: Premature end of file.
2025-09-03 22:33:53,590 [ERROR] LogOutputStream:75 - [STDERR_REDIRECT] 
2025-09-03 22:33:54,599 [ERROR] LogOutputStream:75 - [STDERR_REDIRECT] [Fatal Error] :1:1: Premature end of file.
2025-09-03 22:33:54,599 [ERROR] LogOutputStream:75 - [STDERR_REDIRECT] 
2025-09-03 22:33:55,593 [ERROR] LogOutputStream:75 - [STDERR_REDIRECT] [Fatal Error] :1:1: Premature end of file.
2025-09-03 22:33:55,594 [ERROR] LogOutputStream:75 - [STDERR_REDIRECT] 
2025-09-03 22:33:56,720 [ERROR] LogOutputStream:75 - [STDERR_REDIRECT] [Fatal Error] :1:1: Premature end of file.
2025-09-03 22:33:56,722 [ERROR] LogOutputStream:75 - [STDERR_REDIRECT] 
2025-09-03 22:33:57,591 [ERROR] LogOutputStream:75 - [STDERR_REDIRECT] [Fatal Error] :1:1: Premature end of file.
2025-09-03 22:33:57,593 [ERROR] LogOutputStream:75 - [STDERR_REDIRECT] 
2025-09-03 22:33:58,712 [ERROR] LogOutputStream:75 - [STDERR_REDIRECT] [Fatal Error] :1:1: Premature end of file.
2025-09-03 22:33:58,712 [ERROR] LogOutputStream:75 - [STDERR_REDIRECT] 
2025-09-03 22:33:59,590 [ERROR] LogOutputStream:75 - [STDERR_REDIRECT] [Fatal Error] :1:1: Premature end of file.
2025-09-03 22:33:59,590 [ERROR] LogOutputStream:75 - [STDERR_REDIRECT] 
2025-09-03 22:34:00,679 [ERROR] LogOutputStream:75 - [STDERR_REDIRECT] [Fatal Error] :1:1: Premature end of file.
2025-09-03 22:34:00,679 [ERROR] LogOutputStream:75 - [STDERR_REDIRECT] 
2025-09-03 22:34:01,590 [ERROR] LogOutputStream:75 - [STDERR_REDIRECT] [Fatal Error] :1:1: Premature end of file.
2025-09-03 22:34:01,590 [ERROR] LogOutputStream:75 - [STDERR_REDIRECT] 
2025-09-03 22:34:02,593 [ERROR] LogOutputStream:75 - [STDERR_REDIRECT] [Fatal Error] :1:1: Premature end of file.
2025-09-03 22:34:02,593 [ERROR] LogOutputStream:75 - [STDERR_REDIRECT] 
2025-09-03 22:34:03,605 [ERROR] LogOutputStream:75 - [STDERR_REDIRECT] [Fatal Error] :1:1: Premature end of file.
2025-09-03 22:34:03,605 [ERROR] LogOutputStream:75 - [STDERR_REDIRECT] 
2025-09-03 22:34:04,587 [ERROR] LogOutputStream:75 - [STDERR_REDIRECT] [Fatal Error] :1:1: Premature end of file.
2025-09-03 22:34:04,587 [ERROR] LogOutputStream:75 - [STDERR_REDIRECT] 
2025-09-03 22:34:05,588 [ERROR] LogOutputStream:75 - [STDERR_REDIRECT] [Fatal Error] :1:1: Premature end of file.
2025-09-03 22:34:05,589 [ERROR] LogOutputStream:75 - [STDERR_REDIRECT] 
2025-09-03 22:34:06,590 [ERROR] LogOutputStream:75 - [STDERR_REDIRECT] [Fatal Error] :1:1: Premature end of file.
2025-09-03 22:34:06,590 [ERROR] LogOutputStream:75 - [STDERR_REDIRECT] 
2025-09-03 22:34:07,658 [ERROR] LogOutputStream:75 - [STDERR_REDIRECT] [Fatal Error] :1:1: Premature end of file.
2025-09-03 22:34:07,658 [ERROR] LogOutputStream:75 - [STDERR_REDIRECT] 
2025-09-03 22:34:08,589 [ERROR] LogOutputStream:75 - [STDERR_REDIRECT] [Fatal Error] :1:1: Premature end of file.
2025-09-03 22:34:08,589 [ERROR] LogOutputStream:75 - [STDERR_REDIRECT] 
2025-09-03 22:34:09,592 [ERROR] LogOutputStream:75 - [STDERR_REDIRECT] [Fatal Error] :1:1: Premature end of file.
2025-09-03 22:34:09,592 [ERROR] LogOutputStream:75 - [STDERR_REDIRECT] 
2025-09-03 22:34:10,594 [ERROR] LogOutputStream:75 - [STDERR_REDIRECT] [Fatal Error] :1:1: Premature end of file.
2025-09-03 22:34:10,594 [ERROR] LogOutputStream:75 - [STDERR_REDIRECT] 
2025-09-03 22:34:11,589 [ERROR] LogOutputStream:75 - [STDERR_REDIRECT] [Fatal Error] :1:1: Premature end of file.
2025-09-03 22:34:11,589 [ERROR] LogOutputStream:75 - [STDERR_REDIRECT] 
2025-09-03 22:34:12,593 [ERROR] LogOutputStream:75 - [STDERR_REDIRECT] [Fatal Error] :1:1: Premature end of file.
2025-09-03 22:34:12,593 [ERROR] LogOutputStream:75 - [STDERR_REDIRECT] 
2025-09-03 22:34:13,587 [ERROR] LogOutputStream:75 - [STDERR_REDIRECT] [Fatal Error] :1:1: Premature end of file.
2025-09-03 22:34:13,587 [ERROR] LogOutputStream:75 - [STDERR_REDIRECT] 
2025-09-03 22:34:14,586 [ERROR] LogOutputStream:75 - [STDERR_REDIRECT] [Fatal Error] :1:1: Premature end of file.
2025-09-03 22:34:14,586 [ERROR] LogOutputStream:75 - [STDERR_REDIRECT] 
2025-09-03 22:34:15,630 [ERROR] LogOutputStream:75 - [STDERR_REDIRECT] [Fatal Error] :1:1: Premature end of file.
2025-09-03 22:34:15,630 [ERROR] LogOutputStream:75 - [STDERR_REDIRECT] 
2025-09-03 22:34:16,586 [ERROR] LogOutputStream:75 - [STDERR_REDIRECT] [Fatal Error] :1:1: Premature end of file.
2025-09-03 22:34:16,586 [ERROR] LogOutputStream:75 - [STDERR_REDIRECT] 
2025-09-03 22:34:17,593 [ERROR] LogOutputStream:75 - [STDERR_REDIRECT] [Fatal Error] :1:1: Premature end of file.
2025-09-03 22:34:17,593 [ERROR] LogOutputStream:75 - [STDERR_REDIRECT] 
2025-09-03 22:34:18,582 [ERROR] LogOutputStream:75 - [STDERR_REDIRECT] [Fatal Error] :1:1: Premature end of file.
2025-09-03 22:34:18,582 [ERROR] LogOutputStream:75 - [STDERR_REDIRECT] 
2025-09-03 22:34:19,594 [ERROR] LogOutputStream:75 - [STDERR_REDIRECT] [Fatal Error] :1:1: Premature end of file.
2025-09-03 22:34:19,594 [ERROR] LogOutputStream:75 - [STDERR_REDIRECT] 
2025-09-03 22:34:20,586 [ERROR] LogOutputStream:75 - [STDERR_REDIRECT] [Fatal Error] :1:1: Premature end of file.
2025-09-03 22:34:20,586 [ERROR] LogOutputStream:75 - [STDERR_REDIRECT] 
2025-09-03 22:34:21,595 [ERROR] LogOutputStream:75 - [STDERR_REDIRECT] [Fatal Error] :1:1: Premature end of file.
2025-09-03 22:34:21,595 [ERROR] LogOutputStream:75 - [STDERR_REDIRECT] 
2025-09-03 22:34:22,659 [ERROR] LogOutputStream:75 - [STDERR_REDIRECT] [Fatal Error] :1:1: Premature end of file.
2025-09-03 22:34:22,659 [ERROR] LogOutputStream:75 - [STDERR_REDIRECT] 
2025-09-03 22:34:23,627 [ERROR] LogOutputStream:75 - [STDERR_REDIRECT] [Fatal Error] :1:1: Premature end of file.
2025-09-03 22:34:23,627 [ERROR] LogOutputStream:75 - [STDERR_REDIRECT] 
2025-09-03 22:34:24,595 [ERROR] LogOutputStream:75 - [STDERR_REDIRECT] [Fatal Error] :1:1: Premature end of file.
2025-09-03 22:34:24,596 [ERROR] LogOutputStream:75 - [STDERR_REDIRECT] 
2025-09-03 22:34:25,592 [ERROR] LogOutputStream:75 - [STDERR_REDIRECT] [Fatal Error] :1:1: Premature end of file.
2025-09-03 22:34:25,592 [ERROR] LogOutputStream:75 - [STDERR_REDIRECT] 
2025-09-03 22:34:26,593 [ERROR] LogOutputStream:75 - [STDERR_REDIRECT] [Fatal Error] :1:1: Premature end of file.
2025-09-03 22:34:26,593 [ERROR] LogOutputStream:75 - [STDERR_REDIRECT] 
2025-09-03 22:34:27,582 [ERROR] LogOutputStream:75 - [STDERR_REDIRECT] [Fatal Error] :1:1: Premature end of file.
2025-09-03 22:34:27,582 [ERROR] LogOutputStream:75 - [STDERR_REDIRECT] 
2025-09-03 22:34:28,686 [ERROR] LogOutputStream:75 - [STDERR_REDIRECT] [Fatal Error] :1:1: Premature end of file.
2025-09-03 22:34:28,686 [ERROR] LogOutputStream:75 - [STDERR_REDIRECT] 
2025-09-03 22:34:29,591 [ERROR] LogOutputStream:75 - [STDERR_REDIRECT] [Fatal Error] :1:1: Premature end of file.
2025-09-03 22:34:29,591 [ERROR] LogOutputStream:75 - [STDERR_REDIRECT] 
2025-09-03 22:34:30,596 [ERROR] LogOutputStream:75 - [STDERR_REDIRECT] [Fatal Error] :1:1: Premature end of file.
2025-09-03 22:34:30,596 [ERROR] LogOutputStream:75 - [STDERR_REDIRECT] 
2025-09-03 22:34:31,586 [ERROR] LogOutputStream:75 - [STDERR_REDIRECT] [Fatal Error] :1:1: Premature end of file.
2025-09-03 22:34:31,586 [ERROR] LogOutputStream:75 - [STDERR_REDIRECT] 
2025-09-03 22:34:32,595 [ERROR] LogOutputStream:75 - [STDERR_REDIRECT] [Fatal Error] :1:1: Premature end of file.
2025-09-03 22:34:32,595 [ERROR] LogOutputStream:75 - [STDERR_REDIRECT] 
2025-09-03 22:34:33,589 [ERROR] LogOutputStream:75 - [STDERR_REDIRECT] [Fatal Error] :1:1: Premature end of file.
2025-09-03 22:34:33,590 [ERROR] LogOutputStream:75 - [STDERR_REDIRECT] 
2025-09-03 22:34:34,587 [ERROR] LogOutputStream:75 - [STDERR_REDIRECT] [Fatal Error] :1:1: Premature end of file.
2025-09-03 22:34:34,587 [ERROR] LogOutputStream:75 - [STDERR_REDIRECT] 
2025-09-03 22:34:35,590 [ERROR] LogOutputStream:75 - [STDERR_REDIRECT] [Fatal Error] :1:1: Premature end of file.
2025-09-03 22:34:35,590 [ERROR] LogOutputStream:75 - [STDERR_REDIRECT] 
2025-09-03 22:34:36,712 [ERROR] LogOutputStream:75 - [STDERR_REDIRECT] [Fatal Error] :1:1: Premature end of file.
2025-09-03 22:34:36,713 [ERROR] LogOutputStream:75 - [STDERR_REDIRECT] 
2025-09-03 22:34:37,709 [ERROR] LogOutputStream:75 - [STDERR_REDIRECT] [Fatal Error] :1:1: Premature end of file.
2025-09-03 22:34:37,709 [ERROR] LogOutputStream:75 - [STDERR_REDIRECT] 
2025-09-03 22:34:38,594 [ERROR] LogOutputStream:75 - [STDERR_REDIRECT] [Fatal Error] :1:1: Premature end of file.
2025-09-03 22:34:38,594 [ERROR] LogOutputStream:75 - [STDERR_REDIRECT] 
2025-09-03 22:34:39,606 [ERROR] LogOutputStream:75 - [STDERR_REDIRECT] [Fatal Error] :1:1: Premature end of file.
2025-09-03 22:34:39,606 [ERROR] LogOutputStream:75 - [STDERR_REDIRECT] 
2025-09-03 22:34:40,598 [ERROR] LogOutputStream:75 - [STDERR_REDIRECT] [Fatal Error] :1:1: Premature end of file.
2025-09-03 22:34:40,598 [ERROR] LogOutputStream:75 - [STDERR_REDIRECT] 
2025-09-03 22:34:41,689 [ERROR] LogOutputStream:75 - [STDERR_REDIRECT] [Fatal Error] :1:1: Premature end of file.
2025-09-03 22:34:41,690 [ERROR] LogOutputStream:75 - [STDERR_REDIRECT] 
2025-09-03 22:34:42,696 [ERROR] LogOutputStream:75 - [STDERR_REDIRECT] [Fatal Error] :1:1: Premature end of file.
2025-09-03 22:34:42,696 [ERROR] LogOutputStream:75 - [STDERR_REDIRECT] 
2025-09-03 22:34:43,707 [ERROR] LogOutputStream:75 - [STDERR_REDIRECT] [Fatal Error] :1:1: Premature end of file.
2025-09-03 22:34:43,709 [ERROR] LogOutputStream:75 - [STDERR_REDIRECT] 
2025-09-03 22:34:44,610 [ERROR] LogOutputStream:75 - [STDERR_REDIRECT] [Fatal Error] :1:1: Premature end of file.
2025-09-03 22:34:44,611 [ERROR] LogOutputStream:75 - [STDERR_REDIRECT] 
2025-09-03 22:34:45,702 [ERROR] LogOutputStream:75 - [STDERR_REDIRECT] [Fatal Error] :1:1: Premature end of file.
2025-09-03 22:34:45,702 [ERROR] LogOutputStream:75 - [STDERR_REDIRECT] 
2025-09-03 22:34:46,588 [ERROR] LogOutputStream:75 - [STDERR_REDIRECT] [Fatal Error] :1:1: Premature end of file.
2025-09-03 22:34:46,588 [ERROR] LogOutputStream:75 - [STDERR_REDIRECT] 
2025-09-03 22:34:47,591 [ERROR] LogOutputStream:75 - [STDERR_REDIRECT] [Fatal Error] :1:1: Premature end of file.
2025-09-03 22:34:47,591 [ERROR] LogOutputStream:75 - [STDERR_REDIRECT] 
2025-09-03 22:34:48,593 [ERROR] LogOutputStream:75 - [STDERR_REDIRECT] [Fatal Error] :1:1: Premature end of file.
2025-09-03 22:34:48,593 [ERROR] LogOutputStream:75 - [STDERR_REDIRECT] 
2025-09-03 22:34:49,594 [ERROR] LogOutputStream:75 - [STDERR_REDIRECT] [Fatal Error] :1:1: Premature end of file.
2025-09-03 22:34:49,594 [ERROR] LogOutputStream:75 - [STDERR_REDIRECT] 
2025-09-03 22:34:50,705 [ERROR] LogOutputStream:75 - [STDERR_REDIRECT] [Fatal Error] :1:1: Premature end of file.
2025-09-03 22:34:50,706 [ERROR] LogOutputStream:75 - [STDERR_REDIRECT] 
2025-09-03 22:34:51,593 [ERROR] LogOutputStream:75 - [STDERR_REDIRECT] [Fatal Error] :1:1: Premature end of file.
2025-09-03 22:34:51,593 [ERROR] LogOutputStream:75 - [STDERR_REDIRECT] 
2025-09-03 22:34:52,590 [ERROR] LogOutputStream:75 - [STDERR_REDIRECT] [Fatal Error] :1:1: Premature end of file.
2025-09-03 22:34:52,590 [ERROR] LogOutputStream:75 - [STDERR_REDIRECT] 
2025-09-03 22:34:53,678 [ERROR] LogOutputStream:75 - [STDERR_REDIRECT] [Fatal Error] :1:1: Premature end of file.
2025-09-03 22:34:53,679 [ERROR] LogOutputStream:75 - [STDERR_REDIRECT] 
2025-09-03 22:34:54,681 [ERROR] LogOutputStream:75 - [STDERR_REDIRECT] [Fatal Error] :1:1: Premature end of file.
2025-09-03 22:34:54,682 [ERROR] LogOutputStream:75 - [STDERR_REDIRECT] 
2025-09-03 22:34:55,591 [ERROR] LogOutputStream:75 - [STDERR_REDIRECT] [Fatal Error] :1:1: Premature end of file.
2025-09-03 22:34:55,591 [ERROR] LogOutputStream:75 - [STDERR_REDIRECT] 
2025-09-03 22:34:56,694 [ERROR] LogOutputStream:75 - [STDERR_REDIRECT] [Fatal Error] :1:1: Premature end of file.
2025-09-03 22:34:56,694 [ERROR] LogOutputStream:75 - [STDERR_REDIRECT] 
2025-09-03 22:34:57,696 [ERROR] LogOutputStream:75 - [STDERR_REDIRECT] [Fatal Error] :1:1: Premature end of file.
2025-09-03 22:34:57,696 [ERROR] LogOutputStream:75 - [STDERR_REDIRECT] 
2025-09-03 22:34:58,699 [ERROR] LogOutputStream:75 - [STDERR_REDIRECT] [Fatal Error] :1:1: Premature end of file.
2025-09-03 22:34:58,700 [ERROR] LogOutputStream:75 - [STDERR_REDIRECT] 
2025-09-03 22:34:59,695 [ERROR] LogOutputStream:75 - [STDERR_REDIRECT] [Fatal Error] :1:1: Premature end of file.
2025-09-03 22:34:59,695 [ERROR] LogOutputStream:75 - [STDERR_REDIRECT] 
2025-09-03 22:35:00,706 [ERROR] LogOutputStream:75 - [STDERR_REDIRECT] [Fatal Error] :1:1: Premature end of file.
2025-09-03 22:35:00,707 [ERROR] LogOutputStream:75 - [STDERR_REDIRECT] 
2025-09-03 22:35:01,707 [ERROR] LogOutputStream:75 - [STDERR_REDIRECT] [Fatal Error] :1:1: Premature end of file.
2025-09-03 22:35:01,708 [ERROR] LogOutputStream:75 - [STDERR_REDIRECT] 
2025-09-03 22:35:02,610 [ERROR] LogOutputStream:75 - [STDERR_REDIRECT] [Fatal Error] :1:1: Premature end of file.
2025-09-03 22:35:02,610 [ERROR] LogOutputStream:75 - [STDERR_REDIRECT] 
2025-09-03 22:35:03,689 [ERROR] LogOutputStream:75 - [STDERR_REDIRECT] [Fatal Error] :1:1: Premature end of file.
2025-09-03 22:35:03,690 [ERROR] LogOutputStream:75 - [STDERR_REDIRECT] 
2025-09-03 22:35:04,592 [ERROR] LogOutputStream:75 - [STDERR_REDIRECT] [Fatal Error] :1:1: Premature end of file.
2025-09-03 22:35:04,593 [ERROR] LogOutputStream:75 - [STDERR_REDIRECT] 
2025-09-03 22:35:05,704 [ERROR] LogOutputStream:75 - [STDERR_REDIRECT] [Fatal Error] :1:1: Premature end of file.
2025-09-03 22:35:05,704 [ERROR] LogOutputStream:75 - [STDERR_REDIRECT] 
2025-09-03 22:35:06,656 [ERROR] LogOutputStream:75 - [STDERR_REDIRECT] [Fatal Error] :1:1: Premature end of file.
2025-09-03 22:35:06,656 [ERROR] LogOutputStream:75 - [STDERR_REDIRECT] 
2025-09-03 22:35:07,589 [ERROR] LogOutputStream:75 - [STDERR_REDIRECT] [Fatal Error] :1:1: Premature end of file.
2025-09-03 22:35:07,589 [ERROR] LogOutputStream:75 - [STDERR_REDIRECT] 
2025-09-03 22:35:08,595 [ERROR] LogOutputStream:75 - [STDERR_REDIRECT] [Fatal Error] :1:1: Premature end of file.
2025-09-03 22:35:08,595 [ERROR] LogOutputStream:75 - [STDERR_REDIRECT] 
2025-09-03 22:35:09,687 [ERROR] LogOutputStream:75 - [STDERR_REDIRECT] [Fatal Error] :1:1: Premature end of file.
2025-09-03 22:35:09,687 [ERROR] LogOutputStream:75 - [STDERR_REDIRECT] 
2025-09-03 22:35:10,588 [ERROR] LogOutputStream:75 - [STDERR_REDIRECT] [Fatal Error] :1:1: Premature end of file.
2025-09-03 22:35:10,588 [ERROR] LogOutputStream:75 - [STDERR_REDIRECT] 
2025-09-03 22:35:11,715 [ERROR] LogOutputStream:75 - [STDERR_REDIRECT] [Fatal Error] :1:1: Premature end of file.
2025-09-03 22:35:11,716 [ERROR] LogOutputStream:75 - [STDERR_REDIRECT] 
2025-09-03 22:35:12,624 [ERROR] LogOutputStream:75 - [STDERR_REDIRECT] [Fatal Error] :1:1: Premature end of file.
2025-09-03 22:35:12,624 [ERROR] LogOutputStream:75 - [STDERR_REDIRECT] 
2025-09-03 22:35:13,597 [ERROR] LogOutputStream:75 - [STDERR_REDIRECT] [Fatal Error] :1:1: Premature end of file.
2025-09-03 22:35:13,597 [ERROR] LogOutputStream:75 - [STDERR_REDIRECT] 
2025-09-03 22:35:14,667 [ERROR] LogOutputStream:75 - [STDERR_REDIRECT] [Fatal Error] :1:1: Premature end of file.
2025-09-03 22:35:14,667 [ERROR] LogOutputStream:75 - [STDERR_REDIRECT] 
2025-09-03 22:35:15,674 [ERROR] LogOutputStream:75 - [STDERR_REDIRECT] [Fatal Error] :1:1: Premature end of file.
2025-09-03 22:35:15,674 [ERROR] LogOutputStream:75 - [STDERR_REDIRECT] 
2025-09-03 22:35:16,681 [ERROR] LogOutputStream:75 - [STDERR_REDIRECT] [Fatal Error] :1:1: Premature end of file.
2025-09-03 22:35:16,681 [ERROR] LogOutputStream:75 - [STDERR_REDIRECT] 
2025-09-03 22:35:17,699 [ERROR] LogOutputStream:75 - [STDERR_REDIRECT] [Fatal Error] :1:1: Premature end of file.
2025-09-03 22:35:17,700 [ERROR] LogOutputStream:75 - [STDERR_REDIRECT] 
2025-09-03 22:35:18,673 [ERROR] LogOutputStream:75 - [STDERR_REDIRECT] [Fatal Error] :1:1: Premature end of file.
2025-09-03 22:35:18,673 [ERROR] LogOutputStream:75 - [STDERR_REDIRECT] 
2025-09-03 22:35:19,677 [ERROR] LogOutputStream:75 - [STDERR_REDIRECT] [Fatal Error] :1:1: Premature end of file.
2025-09-03 22:35:19,678 [ERROR] LogOutputStream:75 - [STDERR_REDIRECT] 
2025-09-03 22:35:20,705 [ERROR] LogOutputStream:75 - [STDERR_REDIRECT] [Fatal Error] :1:1: Premature end of file.
2025-09-03 22:35:20,706 [ERROR] LogOutputStream:75 - [STDERR_REDIRECT] 
2025-09-03 22:35:21,619 [ERROR] LogOutputStream:75 - [STDERR_REDIRECT] [Fatal Error] :1:1: Premature end of file.
2025-09-03 22:35:21,619 [ERROR] LogOutputStream:75 - [STDERR_REDIRECT] 
2025-09-03 22:35:22,677 [ERROR] LogOutputStream:75 - [STDERR_REDIRECT] [Fatal Error] :1:1: Premature end of file.
2025-09-03 22:35:22,677 [ERROR] LogOutputStream:75 - [STDERR_REDIRECT] 
2025-09-03 22:35:23,615 [ERROR] LogOutputStream:75 - [STDERR_REDIRECT] [Fatal Error] :1:1: Premature end of file.
2025-09-03 22:35:23,615 [ERROR] LogOutputStream:75 - [STDERR_REDIRECT] 
2025-09-03 22:35:24,597 [ERROR] LogOutputStream:75 - [STDERR_REDIRECT] [Fatal Error] :1:1: Premature end of file.
2025-09-03 22:35:24,597 [ERROR] LogOutputStream:75 - [STDERR_REDIRECT] 
2025-09-03 22:35:25,636 [ERROR] LogOutputStream:75 - [STDERR_REDIRECT] [Fatal Error] :1:1: Premature end of file.
2025-09-03 22:35:25,636 [ERROR] LogOutputStream:75 - [STDERR_REDIRECT] 
2025-09-03 22:35:26,659 [ERROR] LogOutputStream:75 - [STDERR_REDIRECT] [Fatal Error] :1:1: Premature end of file.
2025-09-03 22:35:26,659 [ERROR] LogOutputStream:75 - [STDERR_REDIRECT] 
2025-09-03 22:35:27,684 [ERROR] LogOutputStream:75 - [STDERR_REDIRECT] [Fatal Error] :1:1: Premature end of file.
2025-09-03 22:35:27,685 [ERROR] LogOutputStream:75 - [STDERR_REDIRECT] 
2025-09-03 22:35:28,597 [ERROR] LogOutputStream:75 - [STDERR_REDIRECT] [Fatal Error] :1:1: Premature end of file.
2025-09-03 22:35:28,598 [ERROR] LogOutputStream:75 - [STDERR_REDIRECT] 
2025-09-03 22:35:29,628 [ERROR] LogOutputStream:75 - [STDERR_REDIRECT] [Fatal Error] :1:1: Premature end of file.
2025-09-03 22:35:29,628 [ERROR] LogOutputStream:75 - [STDERR_REDIRECT] 
2025-09-03 22:35:30,604 [ERROR] LogOutputStream:75 - [STDERR_REDIRECT] [Fatal Error] :1:1: Premature end of file.
2025-09-03 22:35:30,604 [ERROR] LogOutputStream:75 - [STDERR_REDIRECT] 
2025-09-03 22:35:31,594 [ERROR] LogOutputStream:75 - [STDERR_REDIRECT] [Fatal Error] :1:1: Premature end of file.
2025-09-03 22:35:31,594 [ERROR] LogOutputStream:75 - [STDERR_REDIRECT] 
2025-09-03 22:35:32,586 [ERROR] LogOutputStream:75 - [STDERR_REDIRECT] [Fatal Error] :1:1: Premature end of file.
2025-09-03 22:35:32,587 [ERROR] LogOutputStream:75 - [STDERR_REDIRECT] 
2025-09-03 22:35:33,698 [ERROR] LogOutputStream:75 - [STDERR_REDIRECT] [Fatal Error] :1:1: Premature end of file.
2025-09-03 22:35:33,698 [ERROR] LogOutputStream:75 - [STDERR_REDIRECT] 
2025-09-03 22:35:34,712 [ERROR] LogOutputStream:75 - [STDERR_REDIRECT] [Fatal Error] :1:1: Premature end of file.
2025-09-03 22:35:34,712 [ERROR] LogOutputStream:75 - [STDERR_REDIRECT] 
2025-09-03 22:35:35,591 [ERROR] LogOutputStream:75 - [STDERR_REDIRECT] [Fatal Error] :1:1: Premature end of file.
2025-09-03 22:35:35,591 [ERROR] LogOutputStream:75 - [STDERR_REDIRECT] 
2025-09-03 22:35:36,649 [ERROR] LogOutputStream:75 - [STDERR_REDIRECT] [Fatal Error] :1:1: Premature end of file.
2025-09-03 22:35:36,650 [ERROR] LogOutputStream:75 - [STDERR_REDIRECT] 
2025-09-03 22:35:37,593 [ERROR] LogOutputStream:75 - [STDERR_REDIRECT] [Fatal Error] :1:1: Premature end of file.
2025-09-03 22:35:37,593 [ERROR] LogOutputStream:75 - [STDERR_REDIRECT] 
2025-09-03 22:35:38,588 [ERROR] LogOutputStream:75 - [STDERR_REDIRECT] [Fatal Error] :1:1: Premature end of file.
2025-09-03 22:35:38,588 [ERROR] LogOutputStream:75 - [STDERR_REDIRECT] 
2025-09-03 22:35:39,597 [ERROR] LogOutputStream:75 - [STDERR_REDIRECT] [Fatal Error] :1:1: Premature end of file.
2025-09-03 22:35:39,597 [ERROR] LogOutputStream:75 - [STDERR_REDIRECT] 
2025-09-03 22:35:40,610 [ERROR] LogOutputStream:75 - [STDERR_REDIRECT] [Fatal Error] :1:1: Premature end of file.
2025-09-03 22:35:40,610 [ERROR] LogOutputStream:75 - [STDERR_REDIRECT] 
2025-09-03 22:35:41,677 [ERROR] LogOutputStream:75 - [STDERR_REDIRECT] [Fatal Error] :1:1: Premature end of file.
2025-09-03 22:35:41,677 [ERROR] LogOutputStream:75 - [STDERR_REDIRECT] 
2025-09-03 22:35:42,595 [ERROR] LogOutputStream:75 - [STDERR_REDIRECT] [Fatal Error] :1:1: Premature end of file.
2025-09-03 22:35:42,596 [ERROR] LogOutputStream:75 - [STDERR_REDIRECT] 
2025-09-03 22:35:43,589 [ERROR] LogOutputStream:75 - [STDERR_REDIRECT] [Fatal Error] :1:1: Premature end of file.
2025-09-03 22:35:43,589 [ERROR] LogOutputStream:75 - [STDERR_REDIRECT] 
2025-09-03 22:35:44,683 [ERROR] LogOutputStream:75 - [STDERR_REDIRECT] [Fatal Error] :1:1: Premature end of file.
2025-09-03 22:35:44,683 [ERROR] LogOutputStream:75 - [STDERR_REDIRECT] 
2025-09-03 22:35:45,676 [ERROR] LogOutputStream:75 - [STDERR_REDIRECT] [Fatal Error] :1:1: Premature end of file.
2025-09-03 22:35:45,676 [ERROR] LogOutputStream:75 - [STDERR_REDIRECT] 
2025-09-03 22:35:46,708 [ERROR] LogOutputStream:75 - [STDERR_REDIRECT] [Fatal Error] :1:1: Premature end of file.
2025-09-03 22:35:46,709 [ERROR] LogOutputStream:75 - [STDERR_REDIRECT] 
2025-09-03 22:35:47,705 [ERROR] LogOutputStream:75 - [STDERR_REDIRECT] [Fatal Error] :1:1: Premature end of file.
2025-09-03 22:35:47,705 [ERROR] LogOutputStream:75 - [STDERR_REDIRECT] 
2025-09-03 22:35:48,692 [ERROR] LogOutputStream:75 - [STDERR_REDIRECT] [Fatal Error] :1:1: Premature end of file.
2025-09-03 22:35:48,692 [ERROR] LogOutputStream:75 - [STDERR_REDIRECT] 
2025-09-03 22:35:49,706 [ERROR] LogOutputStream:75 - [STDERR_REDIRECT] [Fatal Error] :1:1: Premature end of file.
2025-09-03 22:35:49,707 [ERROR] LogOutputStream:75 - [STDERR_REDIRECT] 
2025-09-03 22:35:50,671 [ERROR] LogOutputStream:75 - [STDERR_REDIRECT] [Fatal Error] :1:1: Premature end of file.
2025-09-03 22:35:50,671 [ERROR] LogOutputStream:75 - [STDERR_REDIRECT] 
2025-09-03 22:35:51,619 [ERROR] LogOutputStream:75 - [STDERR_REDIRECT] [Fatal Error] :1:1: Premature end of file.
2025-09-03 22:35:51,619 [ERROR] LogOutputStream:75 - [STDERR_REDIRECT] 
2025-09-03 22:35:52,713 [ERROR] LogOutputStream:75 - [STDERR_REDIRECT] [Fatal Error] :1:1: Premature end of file.
2025-09-03 22:35:52,713 [ERROR] LogOutputStream:75 - [STDERR_REDIRECT] 
2025-09-03 22:35:53,593 [ERROR] LogOutputStream:75 - [STDERR_REDIRECT] [Fatal Error] :1:1: Premature end of file.
2025-09-03 22:35:53,593 [ERROR] LogOutputStream:75 - [STDERR_REDIRECT] 
2025-09-03 22:35:54,715 [ERROR] LogOutputStream:75 - [STDERR_REDIRECT] [Fatal Error] :1:1: Premature end of file.
2025-09-03 22:35:54,716 [ERROR] LogOutputStream:75 - [STDERR_REDIRECT] 
2025-09-03 22:35:55,664 [ERROR] LogOutputStream:75 - [STDERR_REDIRECT] [Fatal Error] :1:1: Premature end of file.
2025-09-03 22:35:55,664 [ERROR] LogOutputStream:75 - [STDERR_REDIRECT] 
2025-09-03 22:35:56,590 [ERROR] LogOutputStream:75 - [STDERR_REDIRECT] [Fatal Error] :1:1: Premature end of file.
2025-09-03 22:35:56,590 [ERROR] LogOutputStream:75 - [STDERR_REDIRECT] 
2025-09-03 22:35:57,665 [ERROR] LogOutputStream:75 - [STDERR_REDIRECT] [Fatal Error] :1:1: Premature end of file.
2025-09-03 22:35:57,665 [ERROR] LogOutputStream:75 - [STDERR_REDIRECT] 
2025-09-03 22:35:58,582 [ERROR] LogOutputStream:75 - [STDERR_REDIRECT] [Fatal Error] :1:1: Premature end of file.
2025-09-03 22:35:58,583 [ERROR] LogOutputStream:75 - [STDERR_REDIRECT] 
2025-09-03 22:35:59,700 [ERROR] LogOutputStream:75 - [STDERR_REDIRECT] [Fatal Error] :1:1: Premature end of file.
2025-09-03 22:35:59,700 [ERROR] LogOutputStream:75 - [STDERR_REDIRECT] 
2025-09-03 22:36:00,582 [ERROR] LogOutputStream:75 - [STDERR_REDIRECT] [Fatal Error] :1:1: Premature end of file.
2025-09-03 22:36:00,582 [ERROR] LogOutputStream:75 - [STDERR_REDIRECT] 
2025-09-03 22:36:01,603 [ERROR] LogOutputStream:75 - [STDERR_REDIRECT] [Fatal Error] :1:1: Premature end of file.
2025-09-03 22:36:01,603 [ERROR] LogOutputStream:75 - [STDERR_REDIRECT] 
2025-09-03 22:36:02,588 [ERROR] LogOutputStream:75 - [STDERR_REDIRECT] [Fatal Error] :1:1: Premature end of file.
2025-09-03 22:36:02,588 [ERROR] LogOutputStream:75 - [STDERR_REDIRECT] 
2025-09-03 22:36:03,709 [ERROR] LogOutputStream:75 - [STDERR_REDIRECT] [Fatal Error] :1:1: Premature end of file.
2025-09-03 22:36:03,710 [ERROR] LogOutputStream:75 - [STDERR_REDIRECT] 
2025-09-03 22:36:04,614 [ERROR] LogOutputStream:75 - [STDERR_REDIRECT] [Fatal Error] :1:1: Premature end of file.
2025-09-03 22:36:04,614 [ERROR] LogOutputStream:75 - [STDERR_REDIRECT] 
2025-09-03 22:36:05,673 [ERROR] LogOutputStream:75 - [STDERR_REDIRECT] [Fatal Error] :1:1: Premature end of file.
2025-09-03 22:36:05,673 [ERROR] LogOutputStream:75 - [STDERR_REDIRECT] 
2025-09-03 22:36:06,609 [ERROR] LogOutputStream:75 - [STDERR_REDIRECT] [Fatal Error] :1:1: Premature end of file.
2025-09-03 22:36:06,609 [ERROR] LogOutputStream:75 - [STDERR_REDIRECT] 
2025-09-03 22:36:07,581 [ERROR] LogOutputStream:75 - [STDERR_REDIRECT] [Fatal Error] :1:1: Premature end of file.
2025-09-03 22:36:07,583 [ERROR] LogOutputStream:75 - [STDERR_REDIRECT] 
2025-09-03 22:36:08,592 [ERROR] LogOutputStream:75 - [STDERR_REDIRECT] [Fatal Error] :1:1: Premature end of file.
2025-09-03 22:36:08,592 [ERROR] LogOutputStream:75 - [STDERR_REDIRECT] 
2025-09-03 22:36:09,587 [ERROR] LogOutputStream:75 - [STDERR_REDIRECT] [Fatal Error] :1:1: Premature end of file.
2025-09-03 22:36:09,587 [ERROR] LogOutputStream:75 - [STDERR_REDIRECT] 
2025-09-03 22:36:10,714 [ERROR] LogOutputStream:75 - [STDERR_REDIRECT] [Fatal Error] :1:1: Premature end of file.
2025-09-03 22:36:10,715 [ERROR] LogOutputStream:75 - [STDERR_REDIRECT] 
2025-09-03 22:36:11,681 [ERROR] LogOutputStream:75 - [STDERR_REDIRECT] [Fatal Error] :1:1: Premature end of file.
2025-09-03 22:36:11,681 [ERROR] LogOutputStream:75 - [STDERR_REDIRECT] 
2025-09-03 22:36:12,705 [ERROR] LogOutputStream:75 - [STDERR_REDIRECT] [Fatal Error] :1:1: Premature end of file.
2025-09-03 22:36:12,706 [ERROR] LogOutputStream:75 - [STDERR_REDIRECT] 
2025-09-03 22:36:13,695 [ERROR] LogOutputStream:75 - [STDERR_REDIRECT] [Fatal Error] :1:1: Premature end of file.
2025-09-03 22:36:13,696 [ERROR] LogOutputStream:75 - [STDERR_REDIRECT] 
2025-09-03 22:36:14,625 [ERROR] LogOutputStream:75 - [STDERR_REDIRECT] [Fatal Error] :1:1: Premature end of file.
2025-09-03 22:36:14,626 [ERROR] LogOutputStream:75 - [STDERR_REDIRECT] 
2025-09-03 22:36:15,594 [ERROR] LogOutputStream:75 - [STDERR_REDIRECT] [Fatal Error] :1:1: Premature end of file.
2025-09-03 22:36:15,594 [ERROR] LogOutputStream:75 - [STDERR_REDIRECT] 
2025-09-03 22:36:16,700 [ERROR] LogOutputStream:75 - [STDERR_REDIRECT] [Fatal Error] :1:1: Premature end of file.
2025-09-03 22:36:16,702 [ERROR] LogOutputStream:75 - [STDERR_REDIRECT] 
2025-09-03 22:36:17,705 [ERROR] LogOutputStream:75 - [STDERR_REDIRECT] [Fatal Error] :1:1: Premature end of file.
2025-09-03 22:36:17,705 [ERROR] LogOutputStream:75 - [STDERR_REDIRECT] 
2025-09-03 22:36:18,698 [ERROR] LogOutputStream:75 - [STDERR_REDIRECT] [Fatal Error] :1:1: Premature end of file.
2025-09-03 22:36:18,698 [ERROR] LogOutputStream:75 - [STDERR_REDIRECT] 
2025-09-03 22:36:19,648 [ERROR] LogOutputStream:75 - [STDERR_REDIRECT] [Fatal Error] :1:1: Premature end of file.
2025-09-03 22:36:19,648 [ERROR] LogOutputStream:75 - [STDERR_REDIRECT] 
2025-09-03 22:36:20,698 [ERROR] LogOutputStream:75 - [STDERR_REDIRECT] [Fatal Error] :1:1: Premature end of file.
2025-09-03 22:36:20,699 [ERROR] LogOutputStream:75 - [STDERR_REDIRECT] 
2025-09-03 22:36:21,604 [ERROR] LogOutputStream:75 - [STDERR_REDIRECT] [Fatal Error] :1:1: Premature end of file.
2025-09-03 22:36:21,604 [ERROR] LogOutputStream:75 - [STDERR_REDIRECT] 
2025-09-03 22:36:22,586 [ERROR] LogOutputStream:75 - [STDERR_REDIRECT] [Fatal Error] :1:1: Premature end of file.
2025-09-03 22:36:22,586 [ERROR] LogOutputStream:75 - [STDERR_REDIRECT] 
2025-09-03 22:36:23,597 [ERROR] LogOutputStream:75 - [STDERR_REDIRECT] [Fatal Error] :1:1: Premature end of file.
2025-09-03 22:36:23,597 [ERROR] LogOutputStream:75 - [STDERR_REDIRECT] 
2025-09-03 22:36:24,595 [ERROR] LogOutputStream:75 - [STDERR_REDIRECT] [Fatal Error] :1:1: Premature end of file.
2025-09-03 22:36:24,595 [ERROR] LogOutputStream:75 - [STDERR_REDIRECT] 
2025-09-03 22:36:25,596 [ERROR] LogOutputStream:75 - [STDERR_REDIRECT] [Fatal Error] :1:1: Premature end of file.
2025-09-03 22:36:25,596 [ERROR] LogOutputStream:75 - [STDERR_REDIRECT] 
2025-09-03 22:36:26,583 [ERROR] LogOutputStream:75 - [STDERR_REDIRECT] [Fatal Error] :1:1: Premature end of file.
2025-09-03 22:36:26,583 [ERROR] LogOutputStream:75 - [STDERR_REDIRECT] 
2025-09-03 22:36:27,593 [ERROR] LogOutputStream:75 - [STDERR_REDIRECT] [Fatal Error] :1:1: Premature end of file.
2025-09-03 22:36:27,593 [ERROR] LogOutputStream:75 - [STDERR_REDIRECT] 
2025-09-03 22:36:28,708 [ERROR] LogOutputStream:75 - [STDERR_REDIRECT] [Fatal Error] :1:1: Premature end of file.
2025-09-03 22:36:28,708 [ERROR] LogOutputStream:75 - [STDERR_REDIRECT] 
2025-09-03 22:36:29,709 [ERROR] LogOutputStream:75 - [STDERR_REDIRECT] [Fatal Error] :1:1: Premature end of file.
2025-09-03 22:36:29,710 [ERROR] LogOutputStream:75 - [STDERR_REDIRECT] 
2025-09-03 22:36:30,709 [ERROR] LogOutputStream:75 - [STDERR_REDIRECT] [Fatal Error] :1:1: Premature end of file.
2025-09-03 22:36:30,709 [ERROR] LogOutputStream:75 - [STDERR_REDIRECT] 
2025-09-03 22:36:31,710 [ERROR] LogOutputStream:75 - [STDERR_REDIRECT] [Fatal Error] :1:1: Premature end of file.
2025-09-03 22:36:31,710 [ERROR] LogOutputStream:75 - [STDERR_REDIRECT] 
2025-09-03 22:36:32,605 [ERROR] LogOutputStream:75 - [STDERR_REDIRECT] [Fatal Error] :1:1: Premature end of file.
2025-09-03 22:36:32,605 [ERROR] LogOutputStream:75 - [STDERR_REDIRECT] 
2025-09-03 22:36:33,598 [ERROR] LogOutputStream:75 - [STDERR_REDIRECT] [Fatal Error] :1:1: Premature end of file.
2025-09-03 22:36:33,598 [ERROR] LogOutputStream:75 - [STDERR_REDIRECT] 
2025-09-03 22:36:34,688 [ERROR] LogOutputStream:75 - [STDERR_REDIRECT] [Fatal Error] :1:1: Premature end of file.
2025-09-03 22:36:34,689 [ERROR] LogOutputStream:75 - [STDERR_REDIRECT] 
2025-09-03 22:36:35,596 [ERROR] LogOutputStream:75 - [STDERR_REDIRECT] [Fatal Error] :1:1: Premature end of file.
2025-09-03 22:36:35,596 [ERROR] LogOutputStream:75 - [STDERR_REDIRECT] 
2025-09-03 22:36:36,668 [ERROR] LogOutputStream:75 - [STDERR_REDIRECT] [Fatal Error] :1:1: Premature end of file.
2025-09-03 22:36:36,668 [ERROR] LogOutputStream:75 - [STDERR_REDIRECT] 
2025-09-03 22:36:37,631 [ERROR] LogOutputStream:75 - [STDERR_REDIRECT] [Fatal Error] :1:1: Premature end of file.
2025-09-03 22:36:37,631 [ERROR] LogOutputStream:75 - [STDERR_REDIRECT] 
2025-09-03 22:36:38,613 [ERROR] LogOutputStream:75 - [STDERR_REDIRECT] [Fatal Error] :1:1: Premature end of file.
2025-09-03 22:36:38,613 [ERROR] LogOutputStream:75 - [STDERR_REDIRECT] 
2025-09-03 22:36:39,602 [ERROR] LogOutputStream:75 - [STDERR_REDIRECT] [Fatal Error] :1:1: Premature end of file.
2025-09-03 22:36:39,602 [ERROR] LogOutputStream:75 - [STDERR_REDIRECT] 
2025-09-03 22:36:40,591 [ERROR] LogOutputStream:75 - [STDERR_REDIRECT] [Fatal Error] :1:1: Premature end of file.
2025-09-03 22:36:40,591 [ERROR] LogOutputStream:75 - [STDERR_REDIRECT] 
2025-09-03 22:36:41,590 [ERROR] LogOutputStream:75 - [STDERR_REDIRECT] [Fatal Error] :1:1: Premature end of file.
2025-09-03 22:36:41,590 [ERROR] LogOutputStream:75 - [STDERR_REDIRECT] 
2025-09-03 22:36:42,601 [ERROR] LogOutputStream:75 - [STDERR_REDIRECT] [Fatal Error] :1:1: Premature end of file.
2025-09-03 22:36:42,601 [ERROR] LogOutputStream:75 - [STDERR_REDIRECT] 
2025-09-03 22:36:43,612 [ERROR] LogOutputStream:75 - [STDERR_REDIRECT] [Fatal Error] :1:1: Premature end of file.
2025-09-03 22:36:43,612 [ERROR] LogOutputStream:75 - [STDERR_REDIRECT] 
2025-09-03 22:36:44,590 [ERROR] LogOutputStream:75 - [STDERR_REDIRECT] [Fatal Error] :1:1: Premature end of file.
2025-09-03 22:36:44,590 [ERROR] LogOutputStream:75 - [STDERR_REDIRECT] 
2025-09-03 22:36:45,615 [ERROR] LogOutputStream:75 - [STDERR_REDIRECT] [Fatal Error] :1:1: Premature end of file.
2025-09-03 22:36:45,615 [ERROR] LogOutputStream:75 - [STDERR_REDIRECT] 
2025-09-03 22:36:46,633 [ERROR] LogOutputStream:75 - [STDERR_REDIRECT] [Fatal Error] :1:1: Premature end of file.
2025-09-03 22:36:46,633 [ERROR] LogOutputStream:75 - [STDERR_REDIRECT] 
2025-09-03 22:36:47,589 [ERROR] LogOutputStream:75 - [STDERR_REDIRECT] [Fatal Error] :1:1: Premature end of file.
2025-09-03 22:36:47,589 [ERROR] LogOutputStream:75 - [STDERR_REDIRECT] 
2025-09-03 22:36:48,583 [ERROR] LogOutputStream:75 - [STDERR_REDIRECT] [Fatal Error] :1:1: Premature end of file.
2025-09-03 22:36:48,584 [ERROR] LogOutputStream:75 - [STDERR_REDIRECT] 
2025-09-03 22:36:49,666 [ERROR] LogOutputStream:75 - [STDERR_REDIRECT] [Fatal Error] :1:1: Premature end of file.
2025-09-03 22:36:49,667 [ERROR] LogOutputStream:75 - [STDERR_REDIRECT] 
2025-09-03 22:36:50,581 [ERROR] LogOutputStream:75 - [STDERR_REDIRECT] [Fatal Error] :1:1: Premature end of file.
2025-09-03 22:36:50,581 [ERROR] LogOutputStream:75 - [STDERR_REDIRECT] 
2025-09-03 22:36:51,693 [ERROR] LogOutputStream:75 - [STDERR_REDIRECT] [Fatal Error] :1:1: Premature end of file.
2025-09-03 22:36:51,693 [ERROR] LogOutputStream:75 - [STDERR_REDIRECT] 
2025-09-03 22:36:52,711 [ERROR] LogOutputStream:75 - [STDERR_REDIRECT] [Fatal Error] :1:1: Premature end of file.
2025-09-03 22:36:52,712 [ERROR] LogOutputStream:75 - [STDERR_REDIRECT] 
2025-09-03 22:36:53,590 [ERROR] LogOutputStream:75 - [STDERR_REDIRECT] [Fatal Error] :1:1: Premature end of file.
2025-09-03 22:36:53,590 [ERROR] LogOutputStream:75 - [STDERR_REDIRECT] 
2025-09-03 22:36:54,697 [ERROR] LogOutputStream:75 - [STDERR_REDIRECT] [Fatal Error] :1:1: Premature end of file.
2025-09-03 22:36:54,698 [ERROR] LogOutputStream:75 - [STDERR_REDIRECT] 
2025-09-03 22:36:55,707 [ERROR] LogOutputStream:75 - [STDERR_REDIRECT] [Fatal Error] :1:1: Premature end of file.
2025-09-03 22:36:55,707 [ERROR] LogOutputStream:75 - [STDERR_REDIRECT] 
2025-09-03 22:36:56,699 [ERROR] LogOutputStream:75 - [STDERR_REDIRECT] [Fatal Error] :1:1: Premature end of file.
2025-09-03 22:36:56,699 [ERROR] LogOutputStream:75 - [STDERR_REDIRECT] 
2025-09-03 22:36:57,697 [ERROR] LogOutputStream:75 - [STDERR_REDIRECT] [Fatal Error] :1:1: Premature end of file.
2025-09-03 22:36:57,698 [ERROR] LogOutputStream:75 - [STDERR_REDIRECT] 
2025-09-03 22:36:58,649 [ERROR] LogOutputStream:75 - [STDERR_REDIRECT] [Fatal Error] :1:1: Premature end of file.
2025-09-03 22:36:58,649 [ERROR] LogOutputStream:75 - [STDERR_REDIRECT] 
2025-09-03 22:36:59,710 [ERROR] LogOutputStream:75 - [STDERR_REDIRECT] [Fatal Error] :1:1: Premature end of file.
2025-09-03 22:36:59,710 [ERROR] LogOutputStream:75 - [STDERR_REDIRECT] 
2025-09-03 22:37:00,689 [ERROR] LogOutputStream:75 - [STDERR_REDIRECT] [Fatal Error] :1:1: Premature end of file.
2025-09-03 22:37:00,690 [ERROR] LogOutputStream:75 - [STDERR_REDIRECT] 
2025-09-03 22:37:01,671 [ERROR] LogOutputStream:75 - [STDERR_REDIRECT] [Fatal Error] :1:1: Premature end of file.
2025-09-03 22:37:01,671 [ERROR] LogOutputStream:75 - [STDERR_REDIRECT] 
2025-09-03 22:37:02,707 [ERROR] LogOutputStream:75 - [STDERR_REDIRECT] [Fatal Error] :1:1: Premature end of file.
2025-09-03 22:37:02,707 [ERROR] LogOutputStream:75 - [STDERR_REDIRECT] 
2025-09-03 22:37:03,713 [ERROR] LogOutputStream:75 - [STDERR_REDIRECT] [Fatal Error] :1:1: Premature end of file.
2025-09-03 22:37:03,713 [ERROR] LogOutputStream:75 - [STDERR_REDIRECT] 
2025-09-03 22:37:04,670 [ERROR] LogOutputStream:75 - [STDERR_REDIRECT] [Fatal Error] :1:1: Premature end of file.
2025-09-03 22:37:04,670 [ERROR] LogOutputStream:75 - [STDERR_REDIRECT] 
2025-09-03 22:37:05,706 [ERROR] LogOutputStream:75 - [STDERR_REDIRECT] [Fatal Error] :1:1: Premature end of file.
2025-09-03 22:37:05,706 [ERROR] LogOutputStream:75 - [STDERR_REDIRECT] 
2025-09-03 22:37:06,635 [ERROR] LogOutputStream:75 - [STDERR_REDIRECT] [Fatal Error] :1:1: Premature end of file.
2025-09-03 22:37:06,635 [ERROR] LogOutputStream:75 - [STDERR_REDIRECT] 
2025-09-03 22:37:07,681 [ERROR] LogOutputStream:75 - [STDERR_REDIRECT] [Fatal Error] :1:1: Premature end of file.
2025-09-03 22:37:07,681 [ERROR] LogOutputStream:75 - [STDERR_REDIRECT] 
2025-09-03 22:37:08,714 [ERROR] LogOutputStream:75 - [STDERR_REDIRECT] [Fatal Error] :1:1: Premature end of file.
2025-09-03 22:37:08,714 [ERROR] LogOutputStream:75 - [STDERR_REDIRECT] 
2025-09-03 22:37:09,697 [ERROR] LogOutputStream:75 - [STDERR_REDIRECT] [Fatal Error] :1:1: Premature end of file.
2025-09-03 22:37:09,697 [ERROR] LogOutputStream:75 - [STDERR_REDIRECT] 
2025-09-03 22:37:10,588 [ERROR] LogOutputStream:75 - [STDERR_REDIRECT] [Fatal Error] :1:1: Premature end of file.
2025-09-03 22:37:10,588 [ERROR] LogOutputStream:75 - [STDERR_REDIRECT] 
2025-09-03 22:37:11,692 [ERROR] LogOutputStream:75 - [STDERR_REDIRECT] [Fatal Error] :1:1: Premature end of file.
2025-09-03 22:37:11,692 [ERROR] LogOutputStream:75 - [STDERR_REDIRECT] 
2025-09-03 22:37:12,590 [ERROR] LogOutputStream:75 - [STDERR_REDIRECT] [Fatal Error] :1:1: Premature end of file.
2025-09-03 22:37:12,590 [ERROR] LogOutputStream:75 - [STDERR_REDIRECT] 
2025-09-03 22:37:13,723 [ERROR] LogOutputStream:75 - [STDERR_REDIRECT] [Fatal Error] :1:1: Premature end of file.
2025-09-03 22:37:13,724 [ERROR] LogOutputStream:75 - [STDERR_REDIRECT] 
2025-09-03 22:37:14,676 [ERROR] LogOutputStream:75 - [STDERR_REDIRECT] [Fatal Error] :1:1: Premature end of file.
2025-09-03 22:37:14,677 [ERROR] LogOutputStream:75 - [STDERR_REDIRECT] 
2025-09-03 22:37:15,652 [ERROR] LogOutputStream:75 - [STDERR_REDIRECT] [Fatal Error] :1:1: Premature end of file.
2025-09-03 22:37:15,653 [ERROR] LogOutputStream:75 - [STDERR_REDIRECT] 
2025-09-03 22:37:16,613 [ERROR] LogOutputStream:75 - [STDERR_REDIRECT] [Fatal Error] :1:1: Premature end of file.
2025-09-03 22:37:16,614 [ERROR] LogOutputStream:75 - [STDERR_REDIRECT] 
2025-09-03 22:37:17,677 [ERROR] LogOutputStream:75 - [STDERR_REDIRECT] [Fatal Error] :1:1: Premature end of file.
2025-09-03 22:37:17,677 [ERROR] LogOutputStream:75 - [STDERR_REDIRECT] 
2025-09-03 22:37:18,699 [ERROR] LogOutputStream:75 - [STDERR_REDIRECT] [Fatal Error] :1:1: Premature end of file.
2025-09-03 22:37:18,699 [ERROR] LogOutputStream:75 - [STDERR_REDIRECT] 
2025-09-03 22:37:19,593 [ERROR] LogOutputStream:75 - [STDERR_REDIRECT] [Fatal Error] :1:1: Premature end of file.
2025-09-03 22:37:19,593 [ERROR] LogOutputStream:75 - [STDERR_REDIRECT] 
2025-09-03 22:37:20,606 [ERROR] LogOutputStream:75 - [STDERR_REDIRECT] [Fatal Error] :1:1: Premature end of file.
2025-09-03 22:37:20,606 [ERROR] LogOutputStream:75 - [STDERR_REDIRECT] 
2025-09-03 22:37:21,682 [ERROR] LogOutputStream:75 - [STDERR_REDIRECT] [Fatal Error] :1:1: Premature end of file.
2025-09-03 22:37:21,682 [ERROR] LogOutputStream:75 - [STDERR_REDIRECT] 
2025-09-03 22:37:22,692 [ERROR] LogOutputStream:75 - [STDERR_REDIRECT] [Fatal Error] :1:1: Premature end of file.
2025-09-03 22:37:22,692 [ERROR] LogOutputStream:75 - [STDERR_REDIRECT] 
2025-09-03 22:37:23,678 [ERROR] LogOutputStream:75 - [STDERR_REDIRECT] [Fatal Error] :1:1: Premature end of file.
2025-09-03 22:37:23,679 [ERROR] LogOutputStream:75 - [STDERR_REDIRECT] 
2025-09-03 22:37:24,596 [ERROR] LogOutputStream:75 - [STDERR_REDIRECT] [Fatal Error] :1:1: Premature end of file.
2025-09-03 22:37:24,596 [ERROR] LogOutputStream:75 - [STDERR_REDIRECT] 
2025-09-03 22:37:25,657 [ERROR] LogOutputStream:75 - [STDERR_REDIRECT] [Fatal Error] :1:1: Premature end of file.
2025-09-03 22:37:25,657 [ERROR] LogOutputStream:75 - [STDERR_REDIRECT] 
2025-09-03 22:37:26,708 [ERROR] LogOutputStream:75 - [STDERR_REDIRECT] [Fatal Error] :1:1: Premature end of file.
2025-09-03 22:37:26,708 [ERROR] LogOutputStream:75 - [STDERR_REDIRECT] 
2025-09-03 22:37:27,666 [ERROR] LogOutputStream:75 - [STDERR_REDIRECT] [Fatal Error] :1:1: Premature end of file.
2025-09-03 22:37:27,666 [ERROR] LogOutputStream:75 - [STDERR_REDIRECT] 
2025-09-03 22:37:28,704 [ERROR] LogOutputStream:75 - [STDERR_REDIRECT] [Fatal Error] :1:1: Premature end of file.
2025-09-03 22:37:28,705 [ERROR] LogOutputStream:75 - [STDERR_REDIRECT] 
2025-09-03 22:37:29,689 [ERROR] LogOutputStream:75 - [STDERR_REDIRECT] [Fatal Error] :1:1: Premature end of file.
2025-09-03 22:37:29,690 [ERROR] LogOutputStream:75 - [STDERR_REDIRECT] 
2025-09-03 22:37:30,706 [ERROR] LogOutputStream:75 - [STDERR_REDIRECT] [Fatal Error] :1:1: Premature end of file.
2025-09-03 22:37:30,706 [ERROR] LogOutputStream:75 - [STDERR_REDIRECT] 
2025-09-03 22:37:31,587 [ERROR] LogOutputStream:75 - [STDERR_REDIRECT] [Fatal Error] :1:1: Premature end of file.
2025-09-03 22:37:31,587 [ERROR] LogOutputStream:75 - [STDERR_REDIRECT] 
2025-09-03 22:37:32,679 [ERROR] LogOutputStream:75 - [STDERR_REDIRECT] [Fatal Error] :1:1: Premature end of file.
2025-09-03 22:37:32,681 [ERROR] LogOutputStream:75 - [STDERR_REDIRECT] 
2025-09-03 22:37:33,587 [ERROR] LogOutputStream:75 - [STDERR_REDIRECT] [Fatal Error] :1:1: Premature end of file.
2025-09-03 22:37:33,587 [ERROR] LogOutputStream:75 - [STDERR_REDIRECT] 
2025-09-03 22:37:34,586 [ERROR] LogOutputStream:75 - [STDERR_REDIRECT] [Fatal Error] :1:1: Premature end of file.
2025-09-03 22:37:34,587 [ERROR] LogOutputStream:75 - [STDERR_REDIRECT] 
2025-09-03 22:37:35,597 [ERROR] LogOutputStream:75 - [STDERR_REDIRECT] [Fatal Error] :1:1: Premature end of file.
2025-09-03 22:37:35,597 [ERROR] LogOutputStream:75 - [STDERR_REDIRECT] 
2025-09-03 22:37:36,597 [ERROR] LogOutputStream:75 - [STDERR_REDIRECT] [Fatal Error] :1:1: Premature end of file.
2025-09-03 22:37:36,597 [ERROR] LogOutputStream:75 - [STDERR_REDIRECT] 
2025-09-03 22:37:37,591 [ERROR] LogOutputStream:75 - [STDERR_REDIRECT] [Fatal Error] :1:1: Premature end of file.
2025-09-03 22:37:37,591 [ERROR] LogOutputStream:75 - [STDERR_REDIRECT] 
2025-09-03 22:37:38,597 [ERROR] LogOutputStream:75 - [STDERR_REDIRECT] [Fatal Error] :1:1: Premature end of file.
2025-09-03 22:37:38,598 [ERROR] LogOutputStream:75 - [STDERR_REDIRECT] 
2025-09-03 22:37:39,601 [ERROR] LogOutputStream:75 - [STDERR_REDIRECT] [Fatal Error] :1:1: Premature end of file.
2025-09-03 22:37:39,601 [ERROR] LogOutputStream:75 - [STDERR_REDIRECT] 
2025-09-03 22:37:40,588 [ERROR] LogOutputStream:75 - [STDERR_REDIRECT] [Fatal Error] :1:1: Premature end of file.
2025-09-03 22:37:40,588 [ERROR] LogOutputStream:75 - [STDERR_REDIRECT] 
2025-09-03 22:37:41,713 [ERROR] LogOutputStream:75 - [STDERR_REDIRECT] [Fatal Error] :1:1: Premature end of file.
2025-09-03 22:37:41,713 [ERROR] LogOutputStream:75 - [STDERR_REDIRECT] 
2025-09-03 22:37:42,596 [ERROR] LogOutputStream:75 - [STDERR_REDIRECT] [Fatal Error] :1:1: Premature end of file.
2025-09-03 22:37:42,597 [ERROR] LogOutputStream:75 - [STDERR_REDIRECT] 
2025-09-03 22:37:43,713 [ERROR] LogOutputStream:75 - [STDERR_REDIRECT] [Fatal Error] :1:1: Premature end of file.
2025-09-03 22:37:43,714 [ERROR] LogOutputStream:75 - [STDERR_REDIRECT] 
2025-09-03 22:37:44,699 [ERROR] LogOutputStream:75 - [STDERR_REDIRECT] [Fatal Error] :1:1: Premature end of file.
2025-09-03 22:37:44,699 [ERROR] LogOutputStream:75 - [STDERR_REDIRECT] 
2025-09-03 22:37:45,617 [ERROR] LogOutputStream:75 - [STDERR_REDIRECT] [Fatal Error] :1:1: Premature end of file.
2025-09-03 22:37:45,617 [ERROR] LogOutputStream:75 - [STDERR_REDIRECT] 
2025-09-03 22:37:46,587 [ERROR] LogOutputStream:75 - [STDERR_REDIRECT] [Fatal Error] :1:1: Premature end of file.
2025-09-03 22:37:46,587 [ERROR] LogOutputStream:75 - [STDERR_REDIRECT] 
2025-09-03 22:37:47,589 [ERROR] LogOutputStream:75 - [STDERR_REDIRECT] [Fatal Error] :1:1: Premature end of file.
2025-09-03 22:37:47,590 [ERROR] LogOutputStream:75 - [STDERR_REDIRECT] 
2025-09-03 22:37:48,601 [ERROR] LogOutputStream:75 - [STDERR_REDIRECT] [Fatal Error] :1:1: Premature end of file.
2025-09-03 22:37:48,601 [ERROR] LogOutputStream:75 - [STDERR_REDIRECT] 
2025-09-03 22:37:49,582 [ERROR] LogOutputStream:75 - [STDERR_REDIRECT] [Fatal Error] :1:1: Premature end of file.
2025-09-03 22:37:49,582 [ERROR] LogOutputStream:75 - [STDERR_REDIRECT] 
2025-09-03 22:37:50,589 [ERROR] LogOutputStream:75 - [STDERR_REDIRECT] [Fatal Error] :1:1: Premature end of file.
2025-09-03 22:37:50,590 [ERROR] LogOutputStream:75 - [STDERR_REDIRECT] 
2025-09-03 22:37:51,608 [ERROR] LogOutputStream:75 - [STDERR_REDIRECT] [Fatal Error] :1:1: Premature end of file.
2025-09-03 22:37:51,608 [ERROR] LogOutputStream:75 - [STDERR_REDIRECT] 
2025-09-03 22:37:52,590 [ERROR] LogOutputStream:75 - [STDERR_REDIRECT] [Fatal Error] :1:1: Premature end of file.
2025-09-03 22:37:52,590 [ERROR] LogOutputStream:75 - [STDERR_REDIRECT] 
2025-09-03 22:37:53,680 [ERROR] LogOutputStream:75 - [STDERR_REDIRECT] [Fatal Error] :1:1: Premature end of file.
2025-09-03 22:37:53,680 [ERROR] LogOutputStream:75 - [STDERR_REDIRECT] 
2025-09-03 22:37:54,586 [ERROR] LogOutputStream:75 - [STDERR_REDIRECT] [Fatal Error] :1:1: Premature end of file.
2025-09-03 22:37:54,586 [ERROR] LogOutputStream:75 - [STDERR_REDIRECT] 
2025-09-03 22:37:55,590 [ERROR] LogOutputStream:75 - [STDERR_REDIRECT] [Fatal Error] :1:1: Premature end of file.
2025-09-03 22:37:55,590 [ERROR] LogOutputStream:75 - [STDERR_REDIRECT] 
2025-09-03 22:37:56,595 [ERROR] LogOutputStream:75 - [STDERR_REDIRECT] [Fatal Error] :1:1: Premature end of file.
2025-09-03 22:37:56,595 [ERROR] LogOutputStream:75 - [STDERR_REDIRECT] 
2025-09-03 22:37:57,699 [ERROR] LogOutputStream:75 - [STDERR_REDIRECT] [Fatal Error] :1:1: Premature end of file.
2025-09-03 22:37:57,699 [ERROR] LogOutputStream:75 - [STDERR_REDIRECT] 
2025-09-03 22:37:58,672 [ERROR] LogOutputStream:75 - [STDERR_REDIRECT] [Fatal Error] :1:1: Premature end of file.
2025-09-03 22:37:58,672 [ERROR] LogOutputStream:75 - [STDERR_REDIRECT] 
2025-09-03 22:37:59,680 [ERROR] LogOutputStream:75 - [STDERR_REDIRECT] [Fatal Error] :1:1: Premature end of file.
2025-09-03 22:37:59,680 [ERROR] LogOutputStream:75 - [STDERR_REDIRECT] 
2025-09-03 22:38:00,592 [ERROR] LogOutputStream:75 - [STDERR_REDIRECT] [Fatal Error] :1:1: Premature end of file.
2025-09-03 22:38:00,594 [ERROR] LogOutputStream:75 - [STDERR_REDIRECT] 
2025-09-03 22:38:01,641 [ERROR] LogOutputStream:75 - [STDERR_REDIRECT] [Fatal Error] :1:1: Premature end of file.
2025-09-03 22:38:01,641 [ERROR] LogOutputStream:75 - [STDERR_REDIRECT] 
2025-09-03 22:38:02,587 [ERROR] LogOutputStream:75 - [STDERR_REDIRECT] [Fatal Error] :1:1: Premature end of file.
2025-09-03 22:38:02,587 [ERROR] LogOutputStream:75 - [STDERR_REDIRECT] 
2025-09-03 22:38:03,595 [ERROR] LogOutputStream:75 - [STDERR_REDIRECT] [Fatal Error] :1:1: Premature end of file.
2025-09-03 22:38:03,595 [ERROR] LogOutputStream:75 - [STDERR_REDIRECT] 
2025-09-03 22:38:04,590 [ERROR] LogOutputStream:75 - [STDERR_REDIRECT] [Fatal Error] :1:1: Premature end of file.
2025-09-03 22:38:04,590 [ERROR] LogOutputStream:75 - [STDERR_REDIRECT] 
2025-09-03 22:38:05,694 [ERROR] LogOutputStream:75 - [STDERR_REDIRECT] [Fatal Error] :1:1: Premature end of file.
2025-09-03 22:38:05,695 [ERROR] LogOutputStream:75 - [STDERR_REDIRECT] 
2025-09-03 22:38:06,609 [ERROR] LogOutputStream:75 - [STDERR_REDIRECT] [Fatal Error] :1:1: Premature end of file.
2025-09-03 22:38:06,609 [ERROR] LogOutputStream:75 - [STDERR_REDIRECT] 
2025-09-03 22:38:07,590 [ERROR] LogOutputStream:75 - [STDERR_REDIRECT] [Fatal Error] :1:1: Premature end of file.
2025-09-03 22:38:07,591 [ERROR] LogOutputStream:75 - [STDERR_REDIRECT] 
2025-09-03 22:38:08,736 [ERROR] LogOutputStream:75 - [STDERR_REDIRECT] [Fatal Error] :1:1: Premature end of file.
2025-09-03 22:38:08,737 [ERROR] LogOutputStream:75 - [STDERR_REDIRECT] 
2025-09-03 22:38:09,686 [ERROR] LogOutputStream:75 - [STDERR_REDIRECT] [Fatal Error] :1:1: Premature end of file.
2025-09-03 22:38:09,687 [ERROR] LogOutputStream:75 - [STDERR_REDIRECT] 
2025-09-03 22:38:10,616 [ERROR] LogOutputStream:75 - [STDERR_REDIRECT] [Fatal Error] :1:1: Premature end of file.
2025-09-03 22:38:10,616 [ERROR] LogOutputStream:75 - [STDERR_REDIRECT] 
2025-09-03 22:38:11,712 [ERROR] LogOutputStream:75 - [STDERR_REDIRECT] [Fatal Error] :1:1: Premature end of file.
2025-09-03 22:38:11,712 [ERROR] LogOutputStream:75 - [STDERR_REDIRECT] 
2025-09-03 22:38:12,587 [ERROR] LogOutputStream:75 - [STDERR_REDIRECT] [Fatal Error] :1:1: Premature end of file.
2025-09-03 22:38:12,587 [ERROR] LogOutputStream:75 - [STDERR_REDIRECT] 
2025-09-03 22:38:13,589 [ERROR] LogOutputStream:75 - [STDERR_REDIRECT] [Fatal Error] :1:1: Premature end of file.
2025-09-03 22:38:13,590 [ERROR] LogOutputStream:75 - [STDERR_REDIRECT] 
2025-09-03 22:38:14,664 [ERROR] LogOutputStream:75 - [STDERR_REDIRECT] [Fatal Error] :1:1: Premature end of file.
2025-09-03 22:38:14,664 [ERROR] LogOutputStream:75 - [STDERR_REDIRECT] 
2025-09-03 22:38:15,600 [ERROR] LogOutputStream:75 - [STDERR_REDIRECT] [Fatal Error] :1:1: Premature end of file.
2025-09-03 22:38:15,600 [ERROR] LogOutputStream:75 - [STDERR_REDIRECT] 
2025-09-03 22:38:16,589 [ERROR] LogOutputStream:75 - [STDERR_REDIRECT] [Fatal Error] :1:1: Premature end of file.
2025-09-03 22:38:16,589 [ERROR] LogOutputStream:75 - [STDERR_REDIRECT] 
2025-09-03 22:38:17,597 [ERROR] LogOutputStream:75 - [STDERR_REDIRECT] [Fatal Error] :1:1: Premature end of file.
2025-09-03 22:38:17,597 [ERROR] LogOutputStream:75 - [STDERR_REDIRECT] 
2025-09-03 22:38:18,589 [ERROR] LogOutputStream:75 - [STDERR_REDIRECT] [Fatal Error] :1:1: Premature end of file.
2025-09-03 22:38:18,589 [ERROR] LogOutputStream:75 - [STDERR_REDIRECT] 
2025-09-03 22:38:19,655 [ERROR] LogOutputStream:75 - [STDERR_REDIRECT] [Fatal Error] :1:1: Premature end of file.
2025-09-03 22:38:19,655 [ERROR] LogOutputStream:75 - [STDERR_REDIRECT] 
2025-09-03 22:38:20,592 [ERROR] LogOutputStream:75 - [STDERR_REDIRECT] [Fatal Error] :1:1: Premature end of file.
2025-09-03 22:38:20,592 [ERROR] LogOutputStream:75 - [STDERR_REDIRECT] 
2025-09-03 22:38:21,593 [ERROR] LogOutputStream:75 - [STDERR_REDIRECT] [Fatal Error] :1:1: Premature end of file.
2025-09-03 22:38:21,593 [ERROR] LogOutputStream:75 - [STDERR_REDIRECT] 
2025-09-03 22:38:22,699 [ERROR] LogOutputStream:75 - [STDERR_REDIRECT] [Fatal Error] :1:1: Premature end of file.
2025-09-03 22:38:22,700 [ERROR] LogOutputStream:75 - [STDERR_REDIRECT] 
2025-09-03 22:38:23,629 [ERROR] LogOutputStream:75 - [STDERR_REDIRECT] [Fatal Error] :1:1: Premature end of file.
2025-09-03 22:38:23,629 [ERROR] LogOutputStream:75 - [STDERR_REDIRECT] 
2025-09-03 22:38:24,600 [ERROR] LogOutputStream:75 - [STDERR_REDIRECT] [Fatal Error] :1:1: Premature end of file.
2025-09-03 22:38:24,600 [ERROR] LogOutputStream:75 - [STDERR_REDIRECT] 
2025-09-03 22:38:25,595 [ERROR] LogOutputStream:75 - [STDERR_REDIRECT] [Fatal Error] :1:1: Premature end of file.
2025-09-03 22:38:25,595 [ERROR] LogOutputStream:75 - [STDERR_REDIRECT] 
2025-09-03 22:38:26,631 [ERROR] LogOutputStream:75 - [STDERR_REDIRECT] [Fatal Error] :1:1: Premature end of file.
2025-09-03 22:38:26,631 [ERROR] LogOutputStream:75 - [STDERR_REDIRECT] 
2025-09-03 22:38:27,599 [ERROR] LogOutputStream:75 - [STDERR_REDIRECT] [Fatal Error] :1:1: Premature end of file.
2025-09-03 22:38:27,599 [ERROR] LogOutputStream:75 - [STDERR_REDIRECT] 
2025-09-03 22:38:28,594 [ERROR] LogOutputStream:75 - [STDERR_REDIRECT] [Fatal Error] :1:1: Premature end of file.
2025-09-03 22:38:28,594 [ERROR] LogOutputStream:75 - [STDERR_REDIRECT] 
2025-09-03 22:38:29,609 [ERROR] LogOutputStream:75 - [STDERR_REDIRECT] [Fatal Error] :1:1: Premature end of file.
2025-09-03 22:38:29,609 [ERROR] LogOutputStream:75 - [STDERR_REDIRECT] 
2025-09-03 22:38:30,599 [ERROR] LogOutputStream:75 - [STDERR_REDIRECT] [Fatal Error] :1:1: Premature end of file.
2025-09-03 22:38:30,600 [ERROR] LogOutputStream:75 - [STDERR_REDIRECT] 
2025-09-03 22:38:31,666 [ERROR] LogOutputStream:75 - [STDERR_REDIRECT] [Fatal Error] :1:1: Premature end of file.
2025-09-03 22:38:31,666 [ERROR] LogOutputStream:75 - [STDERR_REDIRECT] 
2025-09-03 22:38:32,588 [ERROR] LogOutputStream:75 - [STDERR_REDIRECT] [Fatal Error] :1:1: Premature end of file.
2025-09-03 22:38:32,588 [ERROR] LogOutputStream:75 - [STDERR_REDIRECT] 
2025-09-03 22:38:33,636 [ERROR] LogOutputStream:75 - [STDERR_REDIRECT] [Fatal Error] :1:1: Premature end of file.
2025-09-03 22:38:33,636 [ERROR] LogOutputStream:75 - [STDERR_REDIRECT] 
2025-09-03 22:38:34,591 [ERROR] LogOutputStream:75 - [STDERR_REDIRECT] [Fatal Error] :1:1: Premature end of file.
2025-09-03 22:38:34,591 [ERROR] LogOutputStream:75 - [STDERR_REDIRECT] 
2025-09-03 22:38:35,624 [ERROR] LogOutputStream:75 - [STDERR_REDIRECT] [Fatal Error] :1:1: Premature end of file.
2025-09-03 22:38:35,624 [ERROR] LogOutputStream:75 - [STDERR_REDIRECT] 
2025-09-03 22:38:36,599 [ERROR] LogOutputStream:75 - [STDERR_REDIRECT] [Fatal Error] :1:1: Premature end of file.
2025-09-03 22:38:36,599 [ERROR] LogOutputStream:75 - [STDERR_REDIRECT] 
2025-09-03 22:38:37,584 [ERROR] LogOutputStream:75 - [STDERR_REDIRECT] [Fatal Error] :1:1: Premature end of file.
2025-09-03 22:38:37,584 [ERROR] LogOutputStream:75 - [STDERR_REDIRECT] 
2025-09-03 22:38:38,590 [ERROR] LogOutputStream:75 - [STDERR_REDIRECT] [Fatal Error] :1:1: Premature end of file.
2025-09-03 22:38:38,590 [ERROR] LogOutputStream:75 - [STDERR_REDIRECT] 
2025-09-03 22:38:39,586 [ERROR] LogOutputStream:75 - [STDERR_REDIRECT] [Fatal Error] :1:1: Premature end of file.
2025-09-03 22:38:39,586 [ERROR] LogOutputStream:75 - [STDERR_REDIRECT] 
2025-09-03 22:38:40,695 [ERROR] LogOutputStream:75 - [STDERR_REDIRECT] [Fatal Error] :1:1: Premature end of file.
2025-09-03 22:38:40,696 [ERROR] LogOutputStream:75 - [STDERR_REDIRECT] 
2025-09-03 22:38:41,657 [ERROR] LogOutputStream:75 - [STDERR_REDIRECT] [Fatal Error] :1:1: Premature end of file.
2025-09-03 22:38:41,657 [ERROR] LogOutputStream:75 - [STDERR_REDIRECT] 
2025-09-03 22:38:42,589 [ERROR] LogOutputStream:75 - [STDERR_REDIRECT] [Fatal Error] :1:1: Premature end of file.
2025-09-03 22:38:42,589 [ERROR] LogOutputStream:75 - [STDERR_REDIRECT] 
2025-09-03 22:38:43,602 [ERROR] LogOutputStream:75 - [STDERR_REDIRECT] [Fatal Error] :1:1: Premature end of file.
2025-09-03 22:38:43,602 [ERROR] LogOutputStream:75 - [STDERR_REDIRECT] 
2025-09-03 22:38:44,588 [ERROR] LogOutputStream:75 - [STDERR_REDIRECT] [Fatal Error] :1:1: Premature end of file.
2025-09-03 22:38:44,588 [ERROR] LogOutputStream:75 - [STDERR_REDIRECT] 
2025-09-03 22:38:45,599 [ERROR] LogOutputStream:75 - [STDERR_REDIRECT] [Fatal Error] :1:1: Premature end of file.
2025-09-03 22:38:45,601 [ERROR] LogOutputStream:75 - [STDERR_REDIRECT] 
2025-09-03 22:38:46,709 [ERROR] LogOutputStream:75 - [STDERR_REDIRECT] [Fatal Error] :1:1: Premature end of file.
2025-09-03 22:38:46,710 [ERROR] LogOutputStream:75 - [STDERR_REDIRECT] 
2025-09-03 22:38:47,698 [ERROR] LogOutputStream:75 - [STDERR_REDIRECT] [Fatal Error] :1:1: Premature end of file.
2025-09-03 22:38:47,699 [ERROR] LogOutputStream:75 - [STDERR_REDIRECT] 
2025-09-03 22:38:48,698 [ERROR] LogOutputStream:75 - [STDERR_REDIRECT] [Fatal Error] :1:1: Premature end of file.
2025-09-03 22:38:48,699 [ERROR] LogOutputStream:75 - [STDERR_REDIRECT] 
2025-09-03 22:38:49,592 [ERROR] LogOutputStream:75 - [STDERR_REDIRECT] [Fatal Error] :1:1: Premature end of file.
2025-09-03 22:38:49,592 [ERROR] LogOutputStream:75 - [STDERR_REDIRECT] 
2025-09-03 22:38:50,625 [ERROR] LogOutputStream:75 - [STDERR_REDIRECT] [Fatal Error] :1:1: Premature end of file.
2025-09-03 22:38:50,625 [ERROR] LogOutputStream:75 - [STDERR_REDIRECT] 
2025-09-03 22:38:51,601 [ERROR] LogOutputStream:75 - [STDERR_REDIRECT] [Fatal Error] :1:1: Premature end of file.
2025-09-03 22:38:51,603 [ERROR] LogOutputStream:75 - [STDERR_REDIRECT] 
2025-09-03 22:38:52,610 [ERROR] LogOutputStream:75 - [STDERR_REDIRECT] [Fatal Error] :1:1: Premature end of file.
2025-09-03 22:38:52,611 [ERROR] LogOutputStream:75 - [STDERR_REDIRECT] 
2025-09-03 22:38:53,593 [ERROR] LogOutputStream:75 - [STDERR_REDIRECT] [Fatal Error] :1:1: Premature end of file.
2025-09-03 22:38:53,593 [ERROR] LogOutputStream:75 - [STDERR_REDIRECT] 
2025-09-03 22:38:54,583 [ERROR] LogOutputStream:75 - [STDERR_REDIRECT] [Fatal Error] :1:1: Premature end of file.
2025-09-03 22:38:54,583 [ERROR] LogOutputStream:75 - [STDERR_REDIRECT] 
2025-09-03 22:38:55,597 [ERROR] LogOutputStream:75 - [STDERR_REDIRECT] [Fatal Error] :1:1: Premature end of file.
2025-09-03 22:38:55,597 [ERROR] LogOutputStream:75 - [STDERR_REDIRECT] 
2025-09-03 22:38:56,604 [ERROR] LogOutputStream:75 - [STDERR_REDIRECT] [Fatal Error] :1:1: Premature end of file.
2025-09-03 22:38:56,604 [ERROR] LogOutputStream:75 - [STDERR_REDIRECT] 
2025-09-03 22:38:57,606 [ERROR] LogOutputStream:75 - [STDERR_REDIRECT] [Fatal Error] :1:1: Premature end of file.
2025-09-03 22:38:57,606 [ERROR] LogOutputStream:75 - [STDERR_REDIRECT] 
2025-09-03 22:38:58,673 [ERROR] LogOutputStream:75 - [STDERR_REDIRECT] [Fatal Error] :1:1: Premature end of file.
2025-09-03 22:38:58,673 [ERROR] LogOutputStream:75 - [STDERR_REDIRECT] 
2025-09-03 22:38:59,583 [ERROR] LogOutputStream:75 - [STDERR_REDIRECT] [Fatal Error] :1:1: Premature end of file.
2025-09-03 22:38:59,583 [ERROR] LogOutputStream:75 - [STDERR_REDIRECT] 
2025-09-03 22:39:00,687 [ERROR] LogOutputStream:75 - [STDERR_REDIRECT] [Fatal Error] :1:1: Premature end of file.
2025-09-03 22:39:00,687 [ERROR] LogOutputStream:75 - [STDERR_REDIRECT] 
2025-09-03 22:39:01,699 [ERROR] LogOutputStream:75 - [STDERR_REDIRECT] [Fatal Error] :1:1: Premature end of file.
2025-09-03 22:39:01,699 [ERROR] LogOutputStream:75 - [STDERR_REDIRECT] 
2025-09-03 22:39:02,722 [ERROR] LogOutputStream:75 - [STDERR_REDIRECT] [Fatal Error] :1:1: Premature end of file.
2025-09-03 22:39:02,723 [ERROR] LogOutputStream:75 - [STDERR_REDIRECT] 
2025-09-03 22:39:03,697 [ERROR] LogOutputStream:75 - [STDERR_REDIRECT] [Fatal Error] :1:1: Premature end of file.
2025-09-03 22:39:03,697 [ERROR] LogOutputStream:75 - [STDERR_REDIRECT] 
2025-09-03 22:39:04,710 [ERROR] LogOutputStream:75 - [STDERR_REDIRECT] [Fatal Error] :1:1: Premature end of file.
2025-09-03 22:39:04,711 [ERROR] LogOutputStream:75 - [STDERR_REDIRECT] 
2025-09-03 22:39:05,699 [ERROR] LogOutputStream:75 - [STDERR_REDIRECT] [Fatal Error] :1:1: Premature end of file.
2025-09-03 22:39:05,700 [ERROR] LogOutputStream:75 - [STDERR_REDIRECT] 
2025-09-03 22:39:06,708 [ERROR] LogOutputStream:75 - [STDERR_REDIRECT] [Fatal Error] :1:1: Premature end of file.
2025-09-03 22:39:06,708 [ERROR] LogOutputStream:75 - [STDERR_REDIRECT] 
2025-09-03 22:39:07,700 [ERROR] LogOutputStream:75 - [STDERR_REDIRECT] [Fatal Error] :1:1: Premature end of file.
2025-09-03 22:39:07,700 [ERROR] LogOutputStream:75 - [STDERR_REDIRECT] 
2025-09-03 22:39:08,704 [ERROR] LogOutputStream:75 - [STDERR_REDIRECT] [Fatal Error] :1:1: Premature end of file.
2025-09-03 22:39:08,705 [ERROR] LogOutputStream:75 - [STDERR_REDIRECT] 
2025-09-03 22:39:09,699 [ERROR] LogOutputStream:75 - [STDERR_REDIRECT] [Fatal Error] :1:1: Premature end of file.
2025-09-03 22:39:09,699 [ERROR] LogOutputStream:75 - [STDERR_REDIRECT] 
2025-09-03 22:39:10,698 [ERROR] LogOutputStream:75 - [STDERR_REDIRECT] [Fatal Error] :1:1: Premature end of file.
2025-09-03 22:39:10,699 [ERROR] LogOutputStream:75 - [STDERR_REDIRECT] 
2025-09-03 22:39:11,672 [ERROR] LogOutputStream:75 - [STDERR_REDIRECT] [Fatal Error] :1:1: Premature end of file.
2025-09-03 22:39:11,673 [ERROR] LogOutputStream:75 - [STDERR_REDIRECT] 
2025-09-03 22:39:12,706 [ERROR] LogOutputStream:75 - [STDERR_REDIRECT] [Fatal Error] :1:1: Premature end of file.
2025-09-03 22:39:12,706 [ERROR] LogOutputStream:75 - [STDERR_REDIRECT] 
2025-09-03 22:39:13,691 [ERROR] LogOutputStream:75 - [STDERR_REDIRECT] [Fatal Error] :1:1: Premature end of file.
2025-09-03 22:39:13,691 [ERROR] LogOutputStream:75 - [STDERR_REDIRECT] 
2025-09-03 22:39:14,589 [ERROR] LogOutputStream:75 - [STDERR_REDIRECT] [Fatal Error] :1:1: Premature end of file.
2025-09-03 22:39:14,589 [ERROR] LogOutputStream:75 - [STDERR_REDIRECT] 
2025-09-03 22:39:15,595 [ERROR] LogOutputStream:75 - [STDERR_REDIRECT] [Fatal Error] :1:1: Premature end of file.
2025-09-03 22:39:15,595 [ERROR] LogOutputStream:75 - [STDERR_REDIRECT] 
2025-09-03 22:39:16,590 [ERROR] LogOutputStream:75 - [STDERR_REDIRECT] [Fatal Error] :1:1: Premature end of file.
2025-09-03 22:39:16,590 [ERROR] LogOutputStream:75 - [STDERR_REDIRECT] 
2025-09-03 22:39:17,701 [ERROR] LogOutputStream:75 - [STDERR_REDIRECT] [Fatal Error] :1:1: Premature end of file.
2025-09-03 22:39:17,703 [ERROR] LogOutputStream:75 - [STDERR_REDIRECT] 
2025-09-03 22:39:18,664 [ERROR] LogOutputStream:75 - [STDERR_REDIRECT] [Fatal Error] :1:1: Premature end of file.
2025-09-03 22:39:18,664 [ERROR] LogOutputStream:75 - [STDERR_REDIRECT] 
2025-09-03 22:39:19,641 [ERROR] LogOutputStream:75 - [STDERR_REDIRECT] [Fatal Error] :1:1: Premature end of file.
2025-09-03 22:39:19,643 [ERROR] LogOutputStream:75 - [STDERR_REDIRECT] 
2025-09-03 22:39:20,586 [ERROR] LogOutputStream:75 - [STDERR_REDIRECT] [Fatal Error] :1:1: Premature end of file.
2025-09-03 22:39:20,586 [ERROR] LogOutputStream:75 - [STDERR_REDIRECT] 
2025-09-03 22:39:21,594 [ERROR] LogOutputStream:75 - [STDERR_REDIRECT] [Fatal Error] :1:1: Premature end of file.
2025-09-03 22:39:21,594 [ERROR] LogOutputStream:75 - [STDERR_REDIRECT] 
2025-09-03 22:39:22,590 [ERROR] LogOutputStream:75 - [STDERR_REDIRECT] [Fatal Error] :1:1: Premature end of file.
2025-09-03 22:39:22,590 [ERROR] LogOutputStream:75 - [STDERR_REDIRECT] 
2025-09-03 22:39:23,724 [ERROR] LogOutputStream:75 - [STDERR_REDIRECT] [Fatal Error] :1:1: Premature end of file.
2025-09-03 22:39:23,724 [ERROR] LogOutputStream:75 - [STDERR_REDIRECT] 
2025-09-03 22:39:24,592 [ERROR] LogOutputStream:75 - [STDERR_REDIRECT] [Fatal Error] :1:1: Premature end of file.
2025-09-03 22:39:24,592 [ERROR] LogOutputStream:75 - [STDERR_REDIRECT] 
2025-09-03 22:39:25,677 [ERROR] LogOutputStream:75 - [STDERR_REDIRECT] [Fatal Error] :1:1: Premature end of file.
2025-09-03 22:39:25,677 [ERROR] LogOutputStream:75 - [STDERR_REDIRECT] 
2025-09-03 22:39:26,587 [ERROR] LogOutputStream:75 - [STDERR_REDIRECT] [Fatal Error] :1:1: Premature end of file.
2025-09-03 22:39:26,587 [ERROR] LogOutputStream:75 - [STDERR_REDIRECT] 
2025-09-03 22:39:27,665 [ERROR] LogOutputStream:75 - [STDERR_REDIRECT] [Fatal Error] :1:1: Premature end of file.
2025-09-03 22:39:27,666 [ERROR] LogOutputStream:75 - [STDERR_REDIRECT] 
2025-09-03 22:39:28,590 [ERROR] LogOutputStream:75 - [STDERR_REDIRECT] [Fatal Error] :1:1: Premature end of file.
2025-09-03 22:39:28,590 [ERROR] LogOutputStream:75 - [STDERR_REDIRECT] 
2025-09-03 22:39:29,585 [ERROR] LogOutputStream:75 - [STDERR_REDIRECT] [Fatal Error] :1:1: Premature end of file.
2025-09-03 22:39:29,585 [ERROR] LogOutputStream:75 - [STDERR_REDIRECT] 
2025-09-03 22:39:30,589 [ERROR] LogOutputStream:75 - [STDERR_REDIRECT] [Fatal Error] :1:1: Premature end of file.
2025-09-03 22:39:30,590 [ERROR] LogOutputStream:75 - [STDERR_REDIRECT] 
2025-09-03 22:39:31,592 [ERROR] LogOutputStream:75 - [STDERR_REDIRECT] [Fatal Error] :1:1: Premature end of file.
2025-09-03 22:39:31,594 [ERROR] LogOutputStream:75 - [STDERR_REDIRECT] 
2025-09-03 22:39:32,603 [ERROR] LogOutputStream:75 - [STDERR_REDIRECT] [Fatal Error] :1:1: Premature end of file.
2025-09-03 22:39:32,603 [ERROR] LogOutputStream:75 - [STDERR_REDIRECT] 
2025-09-03 22:39:33,590 [ERROR] LogOutputStream:75 - [STDERR_REDIRECT] [Fatal Error] :1:1: Premature end of file.
2025-09-03 22:39:33,590 [ERROR] LogOutputStream:75 - [STDERR_REDIRECT] 
2025-09-03 22:39:34,689 [ERROR] LogOutputStream:75 - [STDERR_REDIRECT] [Fatal Error] :1:1: Premature end of file.
2025-09-03 22:39:34,690 [ERROR] LogOutputStream:75 - [STDERR_REDIRECT] 
2025-09-03 22:39:35,596 [ERROR] LogOutputStream:75 - [STDERR_REDIRECT] [Fatal Error] :1:1: Premature end of file.
2025-09-03 22:39:35,596 [ERROR] LogOutputStream:75 - [STDERR_REDIRECT] 
2025-09-03 22:39:36,708 [ERROR] LogOutputStream:75 - [STDERR_REDIRECT] [Fatal Error] :1:1: Premature end of file.
2025-09-03 22:39:36,708 [ERROR] LogOutputStream:75 - [STDERR_REDIRECT] 
2025-09-03 22:39:37,590 [ERROR] LogOutputStream:75 - [STDERR_REDIRECT] [Fatal Error] :1:1: Premature end of file.
2025-09-03 22:39:37,590 [ERROR] LogOutputStream:75 - [STDERR_REDIRECT] 
2025-09-03 22:39:38,598 [ERROR] LogOutputStream:75 - [STDERR_REDIRECT] [Fatal Error] :1:1: Premature end of file.
2025-09-03 22:39:38,598 [ERROR] LogOutputStream:75 - [STDERR_REDIRECT] 
2025-09-03 22:39:39,589 [ERROR] LogOutputStream:75 - [STDERR_REDIRECT] [Fatal Error] :1:1: Premature end of file.
2025-09-03 22:39:39,590 [ERROR] LogOutputStream:75 - [STDERR_REDIRECT] 
2025-09-03 22:39:40,596 [ERROR] LogOutputStream:75 - [STDERR_REDIRECT] [Fatal Error] :1:1: Premature end of file.
2025-09-03 22:39:40,597 [ERROR] LogOutputStream:75 - [STDERR_REDIRECT] 
2025-09-03 22:39:41,587 [ERROR] LogOutputStream:75 - [STDERR_REDIRECT] [Fatal Error] :1:1: Premature end of file.
2025-09-03 22:39:41,587 [ERROR] LogOutputStream:75 - [STDERR_REDIRECT] 
2025-09-03 22:39:42,591 [ERROR] LogOutputStream:75 - [STDERR_REDIRECT] [Fatal Error] :1:1: Premature end of file.
2025-09-03 22:39:42,591 [ERROR] LogOutputStream:75 - [STDERR_REDIRECT] 
2025-09-03 22:39:43,679 [ERROR] LogOutputStream:75 - [STDERR_REDIRECT] [Fatal Error] :1:1: Premature end of file.
2025-09-03 22:39:43,679 [ERROR] LogOutputStream:75 - [STDERR_REDIRECT] 
2025-09-03 22:39:44,659 [ERROR] LogOutputStream:75 - [STDERR_REDIRECT] [Fatal Error] :1:1: Premature end of file.
2025-09-03 22:39:44,659 [ERROR] LogOutputStream:75 - [STDERR_REDIRECT] 
2025-09-03 22:39:45,670 [ERROR] LogOutputStream:75 - [STDERR_REDIRECT] [Fatal Error] :1:1: Premature end of file.
2025-09-03 22:39:45,670 [ERROR] LogOutputStream:75 - [STDERR_REDIRECT] 
2025-09-03 22:39:46,657 [ERROR] LogOutputStream:75 - [STDERR_REDIRECT] [Fatal Error] :1:1: Premature end of file.
2025-09-03 22:39:46,657 [ERROR] LogOutputStream:75 - [STDERR_REDIRECT] 
2025-09-03 22:39:47,589 [ERROR] LogOutputStream:75 - [STDERR_REDIRECT] [Fatal Error] :1:1: Premature end of file.
2025-09-03 22:39:47,589 [ERROR] LogOutputStream:75 - [STDERR_REDIRECT] 
2025-09-03 22:39:48,602 [ERROR] LogOutputStream:75 - [STDERR_REDIRECT] [Fatal Error] :1:1: Premature end of file.
2025-09-03 22:39:48,602 [ERROR] LogOutputStream:75 - [STDERR_REDIRECT] 
2025-09-03 22:39:49,679 [ERROR] LogOutputStream:75 - [STDERR_REDIRECT] [Fatal Error] :1:1: Premature end of file.
2025-09-03 22:39:49,679 [ERROR] LogOutputStream:75 - [STDERR_REDIRECT] 
2025-09-03 22:39:50,703 [ERROR] LogOutputStream:75 - [STDERR_REDIRECT] [Fatal Error] :1:1: Premature end of file.
2025-09-03 22:39:50,705 [ERROR] LogOutputStream:75 - [STDERR_REDIRECT] 
2025-09-03 22:39:51,586 [ERROR] LogOutputStream:75 - [STDERR_REDIRECT] [Fatal Error] :1:1: Premature end of file.
2025-09-03 22:39:51,586 [ERROR] LogOutputStream:75 - [STDERR_REDIRECT] 
2025-09-03 22:39:52,602 [ERROR] LogOutputStream:75 - [STDERR_REDIRECT] [Fatal Error] :1:1: Premature end of file.
2025-09-03 22:39:52,602 [ERROR] LogOutputStream:75 - [STDERR_REDIRECT] 
2025-09-03 22:39:53,591 [ERROR] LogOutputStream:75 - [STDERR_REDIRECT] [Fatal Error] :1:1: Premature end of file.
2025-09-03 22:39:53,591 [ERROR] LogOutputStream:75 - [STDERR_REDIRECT] 
2025-09-03 22:39:54,589 [ERROR] LogOutputStream:75 - [STDERR_REDIRECT] [Fatal Error] :1:1: Premature end of file.
2025-09-03 22:39:54,590 [ERROR] LogOutputStream:75 - [STDERR_REDIRECT] 
2025-09-03 22:39:55,700 [ERROR] LogOutputStream:75 - [STDERR_REDIRECT] [Fatal Error] :1:1: Premature end of file.
2025-09-03 22:39:55,704 [ERROR] LogOutputStream:75 - [STDERR_REDIRECT] 
2025-09-03 22:39:56,594 [ERROR] LogOutputStream:75 - [STDERR_REDIRECT] [Fatal Error] :1:1: Premature end of file.
2025-09-03 22:39:56,594 [ERROR] LogOutputStream:75 - [STDERR_REDIRECT] 
2025-09-03 22:39:57,713 [ERROR] LogOutputStream:75 - [STDERR_REDIRECT] [Fatal Error] :1:1: Premature end of file.
2025-09-03 22:39:57,713 [ERROR] LogOutputStream:75 - [STDERR_REDIRECT] 
2025-09-03 22:39:58,663 [ERROR] LogOutputStream:75 - [STDERR_REDIRECT] [Fatal Error] :1:1: Premature end of file.
2025-09-03 22:39:58,663 [ERROR] LogOutputStream:75 - [STDERR_REDIRECT] 
2025-09-03 22:39:59,591 [ERROR] LogOutputStream:75 - [STDERR_REDIRECT] [Fatal Error] :1:1: Premature end of file.
2025-09-03 22:39:59,591 [ERROR] LogOutputStream:75 - [STDERR_REDIRECT] 
2025-09-03 22:40:00,606 [ERROR] LogOutputStream:75 - [STDERR_REDIRECT] [Fatal Error] :1:1: Premature end of file.
2025-09-03 22:40:00,606 [ERROR] LogOutputStream:75 - [STDERR_REDIRECT] 
2025-09-03 22:40:01,593 [ERROR] LogOutputStream:75 - [STDERR_REDIRECT] [Fatal Error] :1:1: Premature end of file.
2025-09-03 22:40:01,593 [ERROR] LogOutputStream:75 - [STDERR_REDIRECT] 
2025-09-03 22:40:02,717 [ERROR] LogOutputStream:75 - [STDERR_REDIRECT] [Fatal Error] :1:1: Premature end of file.
2025-09-03 22:40:02,718 [ERROR] LogOutputStream:75 - [STDERR_REDIRECT] 
2025-09-03 22:40:03,676 [ERROR] LogOutputStream:75 - [STDERR_REDIRECT] [Fatal Error] :1:1: Premature end of file.
2025-09-03 22:40:03,676 [ERROR] LogOutputStream:75 - [STDERR_REDIRECT] 
2025-09-03 22:40:04,670 [ERROR] LogOutputStream:75 - [STDERR_REDIRECT] [Fatal Error] :1:1: Premature end of file.
2025-09-03 22:40:04,670 [ERROR] LogOutputStream:75 - [STDERR_REDIRECT] 
2025-09-03 22:40:05,671 [ERROR] LogOutputStream:75 - [STDERR_REDIRECT] [Fatal Error] :1:1: Premature end of file.
2025-09-03 22:40:05,671 [ERROR] LogOutputStream:75 - [STDERR_REDIRECT] 
2025-09-03 22:40:06,691 [ERROR] LogOutputStream:75 - [STDERR_REDIRECT] [Fatal Error] :1:1: Premature end of file.
2025-09-03 22:40:06,691 [ERROR] LogOutputStream:75 - [STDERR_REDIRECT] 
2025-09-03 22:40:07,587 [ERROR] LogOutputStream:75 - [STDERR_REDIRECT] [Fatal Error] :1:1: Premature end of file.
2025-09-03 22:40:07,588 [ERROR] LogOutputStream:75 - [STDERR_REDIRECT] 
2025-09-03 22:40:08,594 [ERROR] LogOutputStream:75 - [STDERR_REDIRECT] [Fatal Error] :1:1: Premature end of file.
2025-09-03 22:40:08,594 [ERROR] LogOutputStream:75 - [STDERR_REDIRECT] 
2025-09-03 22:40:09,587 [ERROR] LogOutputStream:75 - [STDERR_REDIRECT] [Fatal Error] :1:1: Premature end of file.
2025-09-03 22:40:09,588 [ERROR] LogOutputStream:75 - [STDERR_REDIRECT] 
2025-09-03 22:40:10,587 [ERROR] LogOutputStream:75 - [STDERR_REDIRECT] [Fatal Error] :1:1: Premature end of file.
2025-09-03 22:40:10,587 [ERROR] LogOutputStream:75 - [STDERR_REDIRECT] 
2025-09-03 22:40:11,591 [ERROR] LogOutputStream:75 - [STDERR_REDIRECT] [Fatal Error] :1:1: Premature end of file.
2025-09-03 22:40:11,591 [ERROR] LogOutputStream:75 - [STDERR_REDIRECT] 
2025-09-03 22:40:12,598 [ERROR] LogOutputStream:75 - [STDERR_REDIRECT] [Fatal Error] :1:1: Premature end of file.
2025-09-03 22:40:12,598 [ERROR] LogOutputStream:75 - [STDERR_REDIRECT] 
2025-09-03 22:40:13,588 [ERROR] LogOutputStream:75 - [STDERR_REDIRECT] [Fatal Error] :1:1: Premature end of file.
2025-09-03 22:40:13,588 [ERROR] LogOutputStream:75 - [STDERR_REDIRECT] 
2025-09-03 22:40:14,693 [ERROR] LogOutputStream:75 - [STDERR_REDIRECT] [Fatal Error] :1:1: Premature end of file.
2025-09-03 22:40:14,694 [ERROR] LogOutputStream:75 - [STDERR_REDIRECT] 
2025-09-03 22:40:15,694 [ERROR] LogOutputStream:75 - [STDERR_REDIRECT] [Fatal Error] :1:1: Premature end of file.
2025-09-03 22:40:15,695 [ERROR] LogOutputStream:75 - [STDERR_REDIRECT] 
2025-09-03 22:40:16,596 [ERROR] LogOutputStream:75 - [STDERR_REDIRECT] [Fatal Error] :1:1: Premature end of file.
2025-09-03 22:40:16,596 [ERROR] LogOutputStream:75 - [STDERR_REDIRECT] 
2025-09-03 22:40:17,588 [ERROR] LogOutputStream:75 - [STDERR_REDIRECT] [Fatal Error] :1:1: Premature end of file.
2025-09-03 22:40:17,588 [ERROR] LogOutputStream:75 - [STDERR_REDIRECT] 
2025-09-03 22:40:18,599 [ERROR] LogOutputStream:75 - [STDERR_REDIRECT] [Fatal Error] :1:1: Premature end of file.
2025-09-03 22:40:18,599 [ERROR] LogOutputStream:75 - [STDERR_REDIRECT] 
2025-09-03 22:40:19,590 [ERROR] LogOutputStream:75 - [STDERR_REDIRECT] [Fatal Error] :1:1: Premature end of file.
2025-09-03 22:40:19,590 [ERROR] LogOutputStream:75 - [STDERR_REDIRECT] 
2025-09-03 22:40:20,710 [ERROR] LogOutputStream:75 - [STDERR_REDIRECT] [Fatal Error] :1:1: Premature end of file.
2025-09-03 22:40:20,710 [ERROR] LogOutputStream:75 - [STDERR_REDIRECT] 
2025-09-03 22:40:21,698 [ERROR] LogOutputStream:75 - [STDERR_REDIRECT] [Fatal Error] :1:1: Premature end of file.
2025-09-03 22:40:21,698 [ERROR] LogOutputStream:75 - [STDERR_REDIRECT] 
2025-09-03 22:40:22,679 [ERROR] LogOutputStream:75 - [STDERR_REDIRECT] [Fatal Error] :1:1: Premature end of file.
2025-09-03 22:40:22,679 [ERROR] LogOutputStream:75 - [STDERR_REDIRECT] 
2025-09-03 22:40:23,710 [ERROR] LogOutputStream:75 - [STDERR_REDIRECT] [Fatal Error] :1:1: Premature end of file.
2025-09-03 22:40:23,710 [ERROR] LogOutputStream:75 - [STDERR_REDIRECT] 
2025-09-03 22:40:24,681 [ERROR] LogOutputStream:75 - [STDERR_REDIRECT] [Fatal Error] :1:1: Premature end of file.
2025-09-03 22:40:24,682 [ERROR] LogOutputStream:75 - [STDERR_REDIRECT] 
2025-09-03 22:40:25,654 [ERROR] LogOutputStream:75 - [STDERR_REDIRECT] [Fatal Error] :1:1: Premature end of file.
2025-09-03 22:40:25,655 [ERROR] LogOutputStream:75 - [STDERR_REDIRECT] 
2025-09-03 22:40:26,694 [ERROR] LogOutputStream:75 - [STDERR_REDIRECT] [Fatal Error] :1:1: Premature end of file.
2025-09-03 22:40:26,695 [ERROR] LogOutputStream:75 - [STDERR_REDIRECT] 
2025-09-03 22:40:27,696 [ERROR] LogOutputStream:75 - [STDERR_REDIRECT] [Fatal Error] :1:1: Premature end of file.
2025-09-03 22:40:27,696 [ERROR] LogOutputStream:75 - [STDERR_REDIRECT] 
2025-09-03 22:40:28,698 [ERROR] LogOutputStream:75 - [STDERR_REDIRECT] [Fatal Error] :1:1: Premature end of file.
2025-09-03 22:40:28,699 [ERROR] LogOutputStream:75 - [STDERR_REDIRECT] 
2025-09-03 22:40:29,677 [ERROR] LogOutputStream:75 - [STDERR_REDIRECT] [Fatal Error] :1:1: Premature end of file.
2025-09-03 22:40:29,677 [ERROR] LogOutputStream:75 - [STDERR_REDIRECT] 
2025-09-03 22:40:30,703 [ERROR] LogOutputStream:75 - [STDERR_REDIRECT] [Fatal Error] :1:1: Premature end of file.
2025-09-03 22:40:30,704 [ERROR] LogOutputStream:75 - [STDERR_REDIRECT] 
2025-09-03 22:40:31,699 [ERROR] LogOutputStream:75 - [STDERR_REDIRECT] [Fatal Error] :1:1: Premature end of file.
2025-09-03 22:40:31,699 [ERROR] LogOutputStream:75 - [STDERR_REDIRECT] 
2025-09-03 22:40:32,695 [ERROR] LogOutputStream:75 - [STDERR_REDIRECT] [Fatal Error] :1:1: Premature end of file.
2025-09-03 22:40:32,696 [ERROR] LogOutputStream:75 - [STDERR_REDIRECT] 
2025-09-03 22:40:33,609 [ERROR] LogOutputStream:75 - [STDERR_REDIRECT] [Fatal Error] :1:1: Premature end of file.
2025-09-03 22:40:33,609 [ERROR] LogOutputStream:75 - [STDERR_REDIRECT] 
2025-09-03 22:40:34,709 [ERROR] LogOutputStream:75 - [STDERR_REDIRECT] [Fatal Error] :1:1: Premature end of file.
2025-09-03 22:40:34,709 [ERROR] LogOutputStream:75 - [STDERR_REDIRECT] 
2025-09-03 22:40:35,715 [ERROR] LogOutputStream:75 - [STDERR_REDIRECT] [Fatal Error] :1:1: Premature end of file.
2025-09-03 22:40:35,715 [ERROR] LogOutputStream:75 - [STDERR_REDIRECT] 
2025-09-03 22:40:36,698 [ERROR] LogOutputStream:75 - [STDERR_REDIRECT] [Fatal Error] :1:1: Premature end of file.
2025-09-03 22:40:36,699 [ERROR] LogOutputStream:75 - [STDERR_REDIRECT] 
2025-09-03 22:40:37,660 [ERROR] LogOutputStream:75 - [STDERR_REDIRECT] [Fatal Error] :1:1: Premature end of file.
2025-09-03 22:40:37,660 [ERROR] LogOutputStream:75 - [STDERR_REDIRECT] 
2025-09-03 22:40:38,664 [ERROR] LogOutputStream:75 - [STDERR_REDIRECT] [Fatal Error] :1:1: Premature end of file.
2025-09-03 22:40:38,664 [ERROR] LogOutputStream:75 - [STDERR_REDIRECT] 
2025-09-03 22:40:39,692 [ERROR] LogOutputStream:75 - [STDERR_REDIRECT] [Fatal Error] :1:1: Premature end of file.
2025-09-03 22:40:39,692 [ERROR] LogOutputStream:75 - [STDERR_REDIRECT] 
2025-09-03 22:40:40,713 [ERROR] LogOutputStream:75 - [STDERR_REDIRECT] [Fatal Error] :1:1: Premature end of file.
2025-09-03 22:40:40,713 [ERROR] LogOutputStream:75 - [STDERR_REDIRECT] 
2025-09-03 22:40:41,585 [ERROR] LogOutputStream:75 - [STDERR_REDIRECT] [Fatal Error] :1:1: Premature end of file.
2025-09-03 22:40:41,585 [ERROR] LogOutputStream:75 - [STDERR_REDIRECT] 
2025-09-03 22:40:42,710 [ERROR] LogOutputStream:75 - [STDERR_REDIRECT] [Fatal Error] :1:1: Premature end of file.
2025-09-03 22:40:42,710 [ERROR] LogOutputStream:75 - [STDERR_REDIRECT] 
2025-09-03 22:40:43,711 [ERROR] LogOutputStream:75 - [STDERR_REDIRECT] [Fatal Error] :1:1: Premature end of file.
2025-09-03 22:40:43,711 [ERROR] LogOutputStream:75 - [STDERR_REDIRECT] 
2025-09-03 22:40:44,706 [ERROR] LogOutputStream:75 - [STDERR_REDIRECT] [Fatal Error] :1:1: Premature end of file.
2025-09-03 22:40:44,707 [ERROR] LogOutputStream:75 - [STDERR_REDIRECT] 
2025-09-03 22:40:45,708 [ERROR] LogOutputStream:75 - [STDERR_REDIRECT] [Fatal Error] :1:1: Premature end of file.
2025-09-03 22:40:45,709 [ERROR] LogOutputStream:75 - [STDERR_REDIRECT] 
2025-09-03 22:40:46,705 [ERROR] LogOutputStream:75 - [STDERR_REDIRECT] [Fatal Error] :1:1: Premature end of file.
2025-09-03 22:40:46,705 [ERROR] LogOutputStream:75 - [STDERR_REDIRECT] 
2025-09-03 22:40:47,708 [ERROR] LogOutputStream:75 - [STDERR_REDIRECT] [Fatal Error] :1:1: Premature end of file.
2025-09-03 22:40:47,708 [ERROR] LogOutputStream:75 - [STDERR_REDIRECT] 
2025-09-03 22:40:48,623 [ERROR] LogOutputStream:75 - [STDERR_REDIRECT] [Fatal Error] :1:1: Premature end of file.
2025-09-03 22:40:48,623 [ERROR] LogOutputStream:75 - [STDERR_REDIRECT] 
2025-09-03 22:40:49,591 [ERROR] LogOutputStream:75 - [STDERR_REDIRECT] [Fatal Error] :1:1: Premature end of file.
2025-09-03 22:40:49,591 [ERROR] LogOutputStream:75 - [STDERR_REDIRECT] 
2025-09-03 22:40:50,697 [ERROR] LogOutputStream:75 - [STDERR_REDIRECT] [Fatal Error] :1:1: Premature end of file.
2025-09-03 22:40:50,697 [ERROR] LogOutputStream:75 - [STDERR_REDIRECT] 
2025-09-03 22:40:51,634 [ERROR] LogOutputStream:75 - [STDERR_REDIRECT] [Fatal Error] :1:1: Premature end of file.
2025-09-03 22:40:51,635 [ERROR] LogOutputStream:75 - [STDERR_REDIRECT] 
2025-09-03 22:40:52,703 [ERROR] LogOutputStream:75 - [STDERR_REDIRECT] [Fatal Error] :1:1: Premature end of file.
2025-09-03 22:40:52,705 [ERROR] LogOutputStream:75 - [STDERR_REDIRECT] 
2025-09-03 22:40:53,699 [ERROR] LogOutputStream:75 - [STDERR_REDIRECT] [Fatal Error] :1:1: Premature end of file.
2025-09-03 22:40:53,701 [ERROR] LogOutputStream:75 - [STDERR_REDIRECT] 
2025-09-03 22:40:54,587 [ERROR] LogOutputStream:75 - [STDERR_REDIRECT] [Fatal Error] :1:1: Premature end of file.
2025-09-03 22:40:54,587 [ERROR] LogOutputStream:75 - [STDERR_REDIRECT] 
2025-09-03 22:40:55,590 [ERROR] LogOutputStream:75 - [STDERR_REDIRECT] [Fatal Error] :1:1: Premature end of file.
2025-09-03 22:40:55,590 [ERROR] LogOutputStream:75 - [STDERR_REDIRECT] 
2025-09-03 22:40:56,647 [ERROR] LogOutputStream:75 - [STDERR_REDIRECT] [Fatal Error] :1:1: Premature end of file.
2025-09-03 22:40:56,647 [ERROR] LogOutputStream:75 - [STDERR_REDIRECT] 
2025-09-03 22:40:57,711 [ERROR] LogOutputStream:75 - [STDERR_REDIRECT] [Fatal Error] :1:1: Premature end of file.
2025-09-03 22:40:57,711 [ERROR] LogOutputStream:75 - [STDERR_REDIRECT] 
2025-09-03 22:40:58,693 [ERROR] LogOutputStream:75 - [STDERR_REDIRECT] [Fatal Error] :1:1: Premature end of file.
2025-09-03 22:40:58,693 [ERROR] LogOutputStream:75 - [STDERR_REDIRECT] 
2025-09-03 22:40:59,699 [ERROR] LogOutputStream:75 - [STDERR_REDIRECT] [Fatal Error] :1:1: Premature end of file.
2025-09-03 22:40:59,700 [ERROR] LogOutputStream:75 - [STDERR_REDIRECT] 
2025-09-03 22:41:00,660 [ERROR] LogOutputStream:75 - [STDERR_REDIRECT] [Fatal Error] :1:1: Premature end of file.
2025-09-03 22:41:00,661 [ERROR] LogOutputStream:75 - [STDERR_REDIRECT] 
2025-09-03 22:41:01,698 [ERROR] LogOutputStream:75 - [STDERR_REDIRECT] [Fatal Error] :1:1: Premature end of file.
2025-09-03 22:41:01,699 [ERROR] LogOutputStream:75 - [STDERR_REDIRECT] 
2025-09-03 22:41:02,704 [ERROR] LogOutputStream:75 - [STDERR_REDIRECT] [Fatal Error] :1:1: Premature end of file.
2025-09-03 22:41:02,705 [ERROR] LogOutputStream:75 - [STDERR_REDIRECT] 
2025-09-03 22:41:03,697 [ERROR] LogOutputStream:75 - [STDERR_REDIRECT] [Fatal Error] :1:1: Premature end of file.
2025-09-03 22:41:03,697 [ERROR] LogOutputStream:75 - [STDERR_REDIRECT] 
2025-09-03 22:41:04,707 [ERROR] LogOutputStream:75 - [STDERR_REDIRECT] [Fatal Error] :1:1: Premature end of file.
2025-09-03 22:41:04,707 [ERROR] LogOutputStream:75 - [STDERR_REDIRECT] 
2025-09-03 22:41:05,700 [ERROR] LogOutputStream:75 - [STDERR_REDIRECT] [Fatal Error] :1:1: Premature end of file.
2025-09-03 22:41:05,700 [ERROR] LogOutputStream:75 - [STDERR_REDIRECT] 
2025-09-03 22:41:06,597 [ERROR] LogOutputStream:75 - [STDERR_REDIRECT] [Fatal Error] :1:1: Premature end of file.
2025-09-03 22:41:06,597 [ERROR] LogOutputStream:75 - [STDERR_REDIRECT] 
2025-09-03 22:41:07,699 [ERROR] LogOutputStream:75 - [STDERR_REDIRECT] [Fatal Error] :1:1: Premature end of file.
2025-09-03 22:41:07,699 [ERROR] LogOutputStream:75 - [STDERR_REDIRECT] 
2025-09-03 22:41:08,711 [ERROR] LogOutputStream:75 - [STDERR_REDIRECT] [Fatal Error] :1:1: Premature end of file.
2025-09-03 22:41:08,711 [ERROR] LogOutputStream:75 - [STDERR_REDIRECT] 
2025-09-03 22:41:09,593 [ERROR] LogOutputStream:75 - [STDERR_REDIRECT] [Fatal Error] :1:1: Premature end of file.
2025-09-03 22:41:09,593 [ERROR] LogOutputStream:75 - [STDERR_REDIRECT] 
2025-09-03 22:41:10,708 [ERROR] LogOutputStream:75 - [STDERR_REDIRECT] [Fatal Error] :1:1: Premature end of file.
2025-09-03 22:41:10,709 [ERROR] LogOutputStream:75 - [STDERR_REDIRECT] 
2025-09-03 22:41:11,587 [ERROR] LogOutputStream:75 - [STDERR_REDIRECT] [Fatal Error] :1:1: Premature end of file.
2025-09-03 22:41:11,587 [ERROR] LogOutputStream:75 - [STDERR_REDIRECT] 
2025-09-03 22:41:12,706 [ERROR] LogOutputStream:75 - [STDERR_REDIRECT] [Fatal Error] :1:1: Premature end of file.
2025-09-03 22:41:12,707 [ERROR] LogOutputStream:75 - [STDERR_REDIRECT] 
2025-09-03 22:41:13,689 [ERROR] LogOutputStream:75 - [STDERR_REDIRECT] [Fatal Error] :1:1: Premature end of file.
2025-09-03 22:41:13,690 [ERROR] LogOutputStream:75 - [STDERR_REDIRECT] 
2025-09-03 22:41:14,711 [ERROR] LogOutputStream:75 - [STDERR_REDIRECT] [Fatal Error] :1:1: Premature end of file.
2025-09-03 22:41:14,711 [ERROR] LogOutputStream:75 - [STDERR_REDIRECT] 
2025-09-03 22:41:15,640 [ERROR] LogOutputStream:75 - [STDERR_REDIRECT] [Fatal Error] :1:1: Premature end of file.
2025-09-03 22:41:15,641 [ERROR] LogOutputStream:75 - [STDERR_REDIRECT] 
2025-09-03 22:41:16,699 [ERROR] LogOutputStream:75 - [STDERR_REDIRECT] [Fatal Error] :1:1: Premature end of file.
2025-09-03 22:41:16,700 [ERROR] LogOutputStream:75 - [STDERR_REDIRECT] 
2025-09-03 22:41:17,697 [ERROR] LogOutputStream:75 - [STDERR_REDIRECT] [Fatal Error] :1:1: Premature end of file.
2025-09-03 22:41:17,698 [ERROR] LogOutputStream:75 - [STDERR_REDIRECT] 
2025-09-03 22:41:18,711 [ERROR] LogOutputStream:75 - [STDERR_REDIRECT] [Fatal Error] :1:1: Premature end of file.
2025-09-03 22:41:18,711 [ERROR] LogOutputStream:75 - [STDERR_REDIRECT] 
2025-09-03 22:41:19,687 [ERROR] LogOutputStream:75 - [STDERR_REDIRECT] [Fatal Error] :1:1: Premature end of file.
2025-09-03 22:41:19,687 [ERROR] LogOutputStream:75 - [STDERR_REDIRECT] 
2025-09-03 22:41:20,699 [ERROR] LogOutputStream:75 - [STDERR_REDIRECT] [Fatal Error] :1:1: Premature end of file.
2025-09-03 22:41:20,699 [ERROR] LogOutputStream:75 - [STDERR_REDIRECT] 
2025-09-03 22:41:21,704 [ERROR] LogOutputStream:75 - [STDERR_REDIRECT] [Fatal Error] :1:1: Premature end of file.
2025-09-03 22:41:21,705 [ERROR] LogOutputStream:75 - [STDERR_REDIRECT] 
2025-09-03 22:41:22,703 [ERROR] LogOutputStream:75 - [STDERR_REDIRECT] [Fatal Error] :1:1: Premature end of file.
2025-09-03 22:41:22,705 [ERROR] LogOutputStream:75 - [STDERR_REDIRECT] 
2025-09-03 22:41:23,699 [ERROR] LogOutputStream:75 - [STDERR_REDIRECT] [Fatal Error] :1:1: Premature end of file.
2025-09-03 22:41:23,699 [ERROR] LogOutputStream:75 - [STDERR_REDIRECT] 
2025-09-03 22:41:24,684 [ERROR] LogOutputStream:75 - [STDERR_REDIRECT] [Fatal Error] :1:1: Premature end of file.
2025-09-03 22:41:24,687 [ERROR] LogOutputStream:75 - [STDERR_REDIRECT] 
2025-09-03 22:41:25,657 [ERROR] LogOutputStream:75 - [STDERR_REDIRECT] [Fatal Error] :1:1: Premature end of file.
2025-09-03 22:41:25,657 [ERROR] LogOutputStream:75 - [STDERR_REDIRECT] 
2025-09-03 22:41:26,696 [ERROR] LogOutputStream:75 - [STDERR_REDIRECT] [Fatal Error] :1:1: Premature end of file.
2025-09-03 22:41:26,696 [ERROR] LogOutputStream:75 - [STDERR_REDIRECT] 
2025-09-03 22:41:27,692 [ERROR] LogOutputStream:75 - [STDERR_REDIRECT] [Fatal Error] :1:1: Premature end of file.
2025-09-03 22:41:27,693 [ERROR] LogOutputStream:75 - [STDERR_REDIRECT] 
2025-09-03 22:41:28,697 [ERROR] LogOutputStream:75 - [STDERR_REDIRECT] [Fatal Error] :1:1: Premature end of file.
2025-09-03 22:41:28,698 [ERROR] LogOutputStream:75 - [STDERR_REDIRECT] 
2025-09-03 22:41:29,706 [ERROR] LogOutputStream:75 - [STDERR_REDIRECT] [Fatal Error] :1:1: Premature end of file.
2025-09-03 22:41:29,707 [ERROR] LogOutputStream:75 - [STDERR_REDIRECT] 
2025-09-03 22:41:30,704 [ERROR] LogOutputStream:75 - [STDERR_REDIRECT] [Fatal Error] :1:1: Premature end of file.
2025-09-03 22:41:30,705 [ERROR] LogOutputStream:75 - [STDERR_REDIRECT] 
2025-09-03 22:41:31,695 [ERROR] LogOutputStream:75 - [STDERR_REDIRECT] [Fatal Error] :1:1: Premature end of file.
2025-09-03 22:41:31,696 [ERROR] LogOutputStream:75 - [STDERR_REDIRECT] 
2025-09-03 22:41:32,666 [ERROR] LogOutputStream:75 - [STDERR_REDIRECT] [Fatal Error] :1:1: Premature end of file.
2025-09-03 22:41:32,666 [ERROR] LogOutputStream:75 - [STDERR_REDIRECT] 
2025-09-03 22:41:33,697 [ERROR] LogOutputStream:75 - [STDERR_REDIRECT] [Fatal Error] :1:1: Premature end of file.
2025-09-03 22:41:33,697 [ERROR] LogOutputStream:75 - [STDERR_REDIRECT] 
2025-09-03 22:41:34,697 [ERROR] LogOutputStream:75 - [STDERR_REDIRECT] [Fatal Error] :1:1: Premature end of file.
2025-09-03 22:41:34,697 [ERROR] LogOutputStream:75 - [STDERR_REDIRECT] 
2025-09-03 22:41:35,700 [ERROR] LogOutputStream:75 - [STDERR_REDIRECT] [Fatal Error] :1:1: Premature end of file.
2025-09-03 22:41:35,700 [ERROR] LogOutputStream:75 - [STDERR_REDIRECT] 
2025-09-03 22:41:36,693 [ERROR] LogOutputStream:75 - [STDERR_REDIRECT] [Fatal Error] :1:1: Premature end of file.
2025-09-03 22:41:36,693 [ERROR] LogOutputStream:75 - [STDERR_REDIRECT] 
2025-09-03 22:41:37,706 [ERROR] LogOutputStream:75 - [STDERR_REDIRECT] [Fatal Error] :1:1: Premature end of file.
2025-09-03 22:41:37,707 [ERROR] LogOutputStream:75 - [STDERR_REDIRECT] 
2025-09-03 22:41:38,697 [ERROR] LogOutputStream:75 - [STDERR_REDIRECT] [Fatal Error] :1:1: Premature end of file.
2025-09-03 22:41:38,698 [ERROR] LogOutputStream:75 - [STDERR_REDIRECT] 
2025-09-03 22:41:39,645 [ERROR] LogOutputStream:75 - [STDERR_REDIRECT] [Fatal Error] :1:1: Premature end of file.
2025-09-03 22:41:39,645 [ERROR] LogOutputStream:75 - [STDERR_REDIRECT] 
2025-09-03 22:41:40,699 [ERROR] LogOutputStream:75 - [STDERR_REDIRECT] [Fatal Error] :1:1: Premature end of file.
2025-09-03 22:41:40,699 [ERROR] LogOutputStream:75 - [STDERR_REDIRECT] 
2025-09-03 22:41:41,602 [ERROR] LogOutputStream:75 - [STDERR_REDIRECT] [Fatal Error] :1:1: Premature end of file.
2025-09-03 22:41:41,602 [ERROR] LogOutputStream:75 - [STDERR_REDIRECT] 
2025-09-03 22:41:42,595 [ERROR] LogOutputStream:75 - [STDERR_REDIRECT] [Fatal Error] :1:1: Premature end of file.
2025-09-03 22:41:42,595 [ERROR] LogOutputStream:75 - [STDERR_REDIRECT] 
2025-09-03 22:41:43,599 [ERROR] LogOutputStream:75 - [STDERR_REDIRECT] [Fatal Error] :1:1: Premature end of file.
2025-09-03 22:41:43,599 [ERROR] LogOutputStream:75 - [STDERR_REDIRECT] 
2025-09-03 22:41:44,701 [ERROR] LogOutputStream:75 - [STDERR_REDIRECT] [Fatal Error] :1:1: Premature end of file.
2025-09-03 22:41:44,704 [ERROR] LogOutputStream:75 - [STDERR_REDIRECT] 
2025-09-03 22:41:45,675 [ERROR] LogOutputStream:75 - [STDERR_REDIRECT] [Fatal Error] :1:1: Premature end of file.
2025-09-03 22:41:45,676 [ERROR] LogOutputStream:75 - [STDERR_REDIRECT] 
2025-09-03 22:41:46,589 [ERROR] LogOutputStream:75 - [STDERR_REDIRECT] [Fatal Error] :1:1: Premature end of file.
2025-09-03 22:41:46,589 [ERROR] LogOutputStream:75 - [STDERR_REDIRECT] 
2025-09-03 22:41:47,584 [ERROR] LogOutputStream:75 - [STDERR_REDIRECT] [Fatal Error] :1:1: Premature end of file.
2025-09-03 22:41:47,584 [ERROR] LogOutputStream:75 - [STDERR_REDIRECT] 
2025-09-03 22:41:48,711 [ERROR] LogOutputStream:75 - [STDERR_REDIRECT] [Fatal Error] :1:1: Premature end of file.
2025-09-03 22:41:48,711 [ERROR] LogOutputStream:75 - [STDERR_REDIRECT] 
2025-09-03 22:41:49,671 [ERROR] LogOutputStream:75 - [STDERR_REDIRECT] [Fatal Error] :1:1: Premature end of file.
2025-09-03 22:41:49,671 [ERROR] LogOutputStream:75 - [STDERR_REDIRECT] 
2025-09-03 22:41:50,665 [ERROR] LogOutputStream:75 - [STDERR_REDIRECT] [Fatal Error] :1:1: Premature end of file.
2025-09-03 22:41:50,665 [ERROR] LogOutputStream:75 - [STDERR_REDIRECT] 
2025-09-03 22:41:51,596 [ERROR] LogOutputStream:75 - [STDERR_REDIRECT] [Fatal Error] :1:1: Premature end of file.
2025-09-03 22:41:51,597 [ERROR] LogOutputStream:75 - [STDERR_REDIRECT] 
2025-09-03 22:41:52,657 [ERROR] LogOutputStream:75 - [STDERR_REDIRECT] [Fatal Error] :1:1: Premature end of file.
2025-09-03 22:41:52,657 [ERROR] LogOutputStream:75 - [STDERR_REDIRECT] 
2025-09-03 22:41:53,665 [ERROR] LogOutputStream:75 - [STDERR_REDIRECT] [Fatal Error] :1:1: Premature end of file.
2025-09-03 22:41:53,665 [ERROR] LogOutputStream:75 - [STDERR_REDIRECT] 
2025-09-03 22:41:54,653 [ERROR] LogOutputStream:75 - [STDERR_REDIRECT] [Fatal Error] :1:1: Premature end of file.
2025-09-03 22:41:54,653 [ERROR] LogOutputStream:75 - [STDERR_REDIRECT] 
2025-09-03 22:41:55,721 [ERROR] LogOutputStream:75 - [STDERR_REDIRECT] [Fatal Error] :1:1: Premature end of file.
2025-09-03 22:41:55,722 [ERROR] LogOutputStream:75 - [STDERR_REDIRECT] 
2025-09-03 22:41:56,594 [ERROR] LogOutputStream:75 - [STDERR_REDIRECT] [Fatal Error] :1:1: Premature end of file.
2025-09-03 22:41:56,594 [ERROR] LogOutputStream:75 - [STDERR_REDIRECT] 
2025-09-03 22:41:57,603 [ERROR] LogOutputStream:75 - [STDERR_REDIRECT] [Fatal Error] :1:1: Premature end of file.
2025-09-03 22:41:57,604 [ERROR] LogOutputStream:75 - [STDERR_REDIRECT] 
2025-09-03 22:41:58,587 [ERROR] LogOutputStream:75 - [STDERR_REDIRECT] [Fatal Error] :1:1: Premature end of file.
2025-09-03 22:41:58,587 [ERROR] LogOutputStream:75 - [STDERR_REDIRECT] 
2025-09-03 22:41:59,593 [ERROR] LogOutputStream:75 - [STDERR_REDIRECT] [Fatal Error] :1:1: Premature end of file.
2025-09-03 22:41:59,593 [ERROR] LogOutputStream:75 - [STDERR_REDIRECT] 
2025-09-03 22:42:00,617 [ERROR] LogOutputStream:75 - [STDERR_REDIRECT] [Fatal Error] :1:1: Premature end of file.
2025-09-03 22:42:00,617 [ERROR] LogOutputStream:75 - [STDERR_REDIRECT] 
2025-09-03 22:42:01,657 [ERROR] LogOutputStream:75 - [STDERR_REDIRECT] [Fatal Error] :1:1: Premature end of file.
2025-09-03 22:42:01,658 [ERROR] LogOutputStream:75 - [STDERR_REDIRECT] 
2025-09-03 22:42:02,689 [ERROR] LogOutputStream:75 - [STDERR_REDIRECT] [Fatal Error] :1:1: Premature end of file.
2025-09-03 22:42:02,691 [ERROR] LogOutputStream:75 - [STDERR_REDIRECT] 
2025-09-03 22:42:03,596 [ERROR] LogOutputStream:75 - [STDERR_REDIRECT] [Fatal Error] :1:1: Premature end of file.
2025-09-03 22:42:03,596 [ERROR] LogOutputStream:75 - [STDERR_REDIRECT] 
2025-09-03 22:42:04,711 [ERROR] LogOutputStream:75 - [STDERR_REDIRECT] [Fatal Error] :1:1: Premature end of file.
2025-09-03 22:42:04,711 [ERROR] LogOutputStream:75 - [STDERR_REDIRECT] 
2025-09-03 22:42:05,591 [ERROR] LogOutputStream:75 - [STDERR_REDIRECT] [Fatal Error] :1:1: Premature end of file.
2025-09-03 22:42:05,592 [ERROR] LogOutputStream:75 - [STDERR_REDIRECT] 
2025-09-03 22:42:06,599 [ERROR] LogOutputStream:75 - [STDERR_REDIRECT] [Fatal Error] :1:1: Premature end of file.
2025-09-03 22:42:06,599 [ERROR] LogOutputStream:75 - [STDERR_REDIRECT] 
2025-09-03 22:42:07,591 [ERROR] LogOutputStream:75 - [STDERR_REDIRECT] [Fatal Error] :1:1: Premature end of file.
2025-09-03 22:42:07,591 [ERROR] LogOutputStream:75 - [STDERR_REDIRECT] 
2025-09-03 22:42:08,706 [ERROR] LogOutputStream:75 - [STDERR_REDIRECT] [Fatal Error] :1:1: Premature end of file.
2025-09-03 22:42:08,707 [ERROR] LogOutputStream:75 - [STDERR_REDIRECT] 
2025-09-03 22:42:09,661 [ERROR] LogOutputStream:75 - [STDERR_REDIRECT] [Fatal Error] :1:1: Premature end of file.
2025-09-03 22:42:09,661 [ERROR] LogOutputStream:75 - [STDERR_REDIRECT] 
2025-09-03 22:42:10,662 [ERROR] LogOutputStream:75 - [STDERR_REDIRECT] [Fatal Error] :1:1: Premature end of file.
2025-09-03 22:42:10,662 [ERROR] LogOutputStream:75 - [STDERR_REDIRECT] 
2025-09-03 22:42:11,608 [ERROR] LogOutputStream:75 - [STDERR_REDIRECT] [Fatal Error] :1:1: Premature end of file.
2025-09-03 22:42:11,609 [ERROR] LogOutputStream:75 - [STDERR_REDIRECT] 
2025-09-03 22:42:12,607 [ERROR] LogOutputStream:75 - [STDERR_REDIRECT] [Fatal Error] :1:1: Premature end of file.
2025-09-03 22:42:12,607 [ERROR] LogOutputStream:75 - [STDERR_REDIRECT] 
2025-09-03 22:42:13,689 [ERROR] LogOutputStream:75 - [STDERR_REDIRECT] [Fatal Error] :1:1: Premature end of file.
2025-09-03 22:42:13,689 [ERROR] LogOutputStream:75 - [STDERR_REDIRECT] 
2025-09-03 22:42:14,732 [ERROR] LogOutputStream:75 - [STDERR_REDIRECT] [Fatal Error] :1:1: Premature end of file.
2025-09-03 22:42:14,732 [ERROR] LogOutputStream:75 - [STDERR_REDIRECT] 
2025-09-03 22:42:15,718 [ERROR] LogOutputStream:75 - [STDERR_REDIRECT] [Fatal Error] :1:1: Premature end of file.
2025-09-03 22:42:15,723 [ERROR] LogOutputStream:75 - [STDERR_REDIRECT] 
2025-09-03 22:42:16,716 [ERROR] LogOutputStream:75 - [STDERR_REDIRECT] [Fatal Error] :1:1: Premature end of file.
2025-09-03 22:42:16,717 [ERROR] LogOutputStream:75 - [STDERR_REDIRECT] 
2025-09-03 22:42:17,592 [ERROR] LogOutputStream:75 - [STDERR_REDIRECT] [Fatal Error] :1:1: Premature end of file.
2025-09-03 22:42:17,592 [ERROR] LogOutputStream:75 - [STDERR_REDIRECT] 
2025-09-03 22:42:18,727 [ERROR] LogOutputStream:75 - [STDERR_REDIRECT] [Fatal Error] :1:1: Premature end of file.
2025-09-03 22:42:18,728 [ERROR] LogOutputStream:75 - [STDERR_REDIRECT] 
2025-09-03 22:42:19,639 [ERROR] LogOutputStream:75 - [STDERR_REDIRECT] [Fatal Error] :1:1: Premature end of file.
2025-09-03 22:42:19,639 [ERROR] LogOutputStream:75 - [STDERR_REDIRECT] 
2025-09-03 22:42:20,699 [ERROR] LogOutputStream:75 - [STDERR_REDIRECT] [Fatal Error] :1:1: Premature end of file.
2025-09-03 22:42:20,699 [ERROR] LogOutputStream:75 - [STDERR_REDIRECT] 
2025-09-03 22:42:21,646 [ERROR] LogOutputStream:75 - [STDERR_REDIRECT] [Fatal Error] :1:1: Premature end of file.
2025-09-03 22:42:21,646 [ERROR] LogOutputStream:75 - [STDERR_REDIRECT] 
2025-09-03 22:42:22,591 [ERROR] LogOutputStream:75 - [STDERR_REDIRECT] [Fatal Error] :1:1: Premature end of file.
2025-09-03 22:42:22,591 [ERROR] LogOutputStream:75 - [STDERR_REDIRECT] 
2025-09-03 22:42:23,594 [ERROR] LogOutputStream:75 - [STDERR_REDIRECT] [Fatal Error] :1:1: Premature end of file.
2025-09-03 22:42:23,595 [ERROR] LogOutputStream:75 - [STDERR_REDIRECT] 
2025-09-03 22:42:24,677 [ERROR] LogOutputStream:75 - [STDERR_REDIRECT] [Fatal Error] :1:1: Premature end of file.
2025-09-03 22:42:24,678 [ERROR] LogOutputStream:75 - [STDERR_REDIRECT] 
2025-09-03 22:42:25,597 [ERROR] LogOutputStream:75 - [STDERR_REDIRECT] [Fatal Error] :1:1: Premature end of file.
2025-09-03 22:42:25,597 [ERROR] LogOutputStream:75 - [STDERR_REDIRECT] 
2025-09-03 22:42:26,606 [ERROR] LogOutputStream:75 - [STDERR_REDIRECT] [Fatal Error] :1:1: Premature end of file.
2025-09-03 22:42:26,606 [ERROR] LogOutputStream:75 - [STDERR_REDIRECT] 
2025-09-03 22:42:27,595 [ERROR] LogOutputStream:75 - [STDERR_REDIRECT] [Fatal Error] :1:1: Premature end of file.
2025-09-03 22:42:27,595 [ERROR] LogOutputStream:75 - [STDERR_REDIRECT] 
2025-09-03 22:42:28,598 [ERROR] LogOutputStream:75 - [STDERR_REDIRECT] [Fatal Error] :1:1: Premature end of file.
2025-09-03 22:42:28,599 [ERROR] LogOutputStream:75 - [STDERR_REDIRECT] 
2025-09-03 22:42:29,609 [ERROR] LogOutputStream:75 - [STDERR_REDIRECT] [Fatal Error] :1:1: Premature end of file.
2025-09-03 22:42:29,609 [ERROR] LogOutputStream:75 - [STDERR_REDIRECT] 
2025-09-03 22:42:30,587 [ERROR] LogOutputStream:75 - [STDERR_REDIRECT] [Fatal Error] :1:1: Premature end of file.
2025-09-03 22:42:30,587 [ERROR] LogOutputStream:75 - [STDERR_REDIRECT] 
2025-09-03 22:42:31,631 [ERROR] LogOutputStream:75 - [STDERR_REDIRECT] [Fatal Error] :1:1: Premature end of file.
2025-09-03 22:42:31,631 [ERROR] LogOutputStream:75 - [STDERR_REDIRECT] 
2025-09-03 22:42:32,597 [ERROR] LogOutputStream:75 - [STDERR_REDIRECT] [Fatal Error] :1:1: Premature end of file.
2025-09-03 22:42:32,597 [ERROR] LogOutputStream:75 - [STDERR_REDIRECT] 
2025-09-03 22:42:33,593 [ERROR] LogOutputStream:75 - [STDERR_REDIRECT] [Fatal Error] :1:1: Premature end of file.
2025-09-03 22:42:33,593 [ERROR] LogOutputStream:75 - [STDERR_REDIRECT] 
2025-09-03 22:42:34,734 [ERROR] LogOutputStream:75 - [STDERR_REDIRECT] [Fatal Error] :1:1: Premature end of file.
2025-09-03 22:42:34,735 [ERROR] LogOutputStream:75 - [STDERR_REDIRECT] 
2025-09-03 22:42:35,733 [ERROR] LogOutputStream:75 - [STDERR_REDIRECT] [Fatal Error] :1:1: Premature end of file.
2025-09-03 22:42:35,734 [ERROR] LogOutputStream:75 - [STDERR_REDIRECT] 
2025-09-03 22:42:36,647 [ERROR] LogOutputStream:75 - [STDERR_REDIRECT] [Fatal Error] :1:1: Premature end of file.
2025-09-03 22:42:36,647 [ERROR] LogOutputStream:75 - [STDERR_REDIRECT] 
2025-09-03 22:42:37,710 [ERROR] LogOutputStream:75 - [STDERR_REDIRECT] [Fatal Error] :1:1: Premature end of file.
2025-09-03 22:42:37,711 [ERROR] LogOutputStream:75 - [STDERR_REDIRECT] 
2025-09-03 22:42:38,592 [ERROR] LogOutputStream:75 - [STDERR_REDIRECT] [Fatal Error] :1:1: Premature end of file.
2025-09-03 22:42:38,592 [ERROR] LogOutputStream:75 - [STDERR_REDIRECT] 
2025-09-03 22:42:39,676 [ERROR] LogOutputStream:75 - [STDERR_REDIRECT] [Fatal Error] :1:1: Premature end of file.
2025-09-03 22:42:39,677 [ERROR] LogOutputStream:75 - [STDERR_REDIRECT] 
2025-09-03 22:42:40,665 [ERROR] LogOutputStream:75 - [STDERR_REDIRECT] [Fatal Error] :1:1: Premature end of file.
2025-09-03 22:42:40,665 [ERROR] LogOutputStream:75 - [STDERR_REDIRECT] 
2025-09-03 22:42:41,728 [ERROR] LogOutputStream:75 - [STDERR_REDIRECT] [Fatal Error] :1:1: Premature end of file.
2025-09-03 22:42:41,728 [ERROR] LogOutputStream:75 - [STDERR_REDIRECT] 
2025-09-03 22:42:42,695 [ERROR] LogOutputStream:75 - [STDERR_REDIRECT] [Fatal Error] :1:1: Premature end of file.
2025-09-03 22:42:42,695 [ERROR] LogOutputStream:75 - [STDERR_REDIRECT] 
2025-09-03 22:42:43,716 [ERROR] LogOutputStream:75 - [STDERR_REDIRECT] [Fatal Error] :1:1: Premature end of file.
2025-09-03 22:42:43,716 [ERROR] LogOutputStream:75 - [STDERR_REDIRECT] 
2025-09-03 22:42:44,713 [ERROR] LogOutputStream:75 - [STDERR_REDIRECT] [Fatal Error] :1:1: Premature end of file.
2025-09-03 22:42:44,713 [ERROR] LogOutputStream:75 - [STDERR_REDIRECT] 
2025-09-03 22:42:45,686 [ERROR] LogOutputStream:75 - [STDERR_REDIRECT] [Fatal Error] :1:1: Premature end of file.
2025-09-03 22:42:45,686 [ERROR] LogOutputStream:75 - [STDERR_REDIRECT] 
2025-09-03 22:42:46,601 [ERROR] LogOutputStream:75 - [STDERR_REDIRECT] [Fatal Error] :1:1: Premature end of file.
2025-09-03 22:42:46,602 [ERROR] LogOutputStream:75 - [STDERR_REDIRECT] 
2025-09-03 22:42:47,655 [ERROR] LogOutputStream:75 - [STDERR_REDIRECT] [Fatal Error] :1:1: Premature end of file.
2025-09-03 22:42:47,655 [ERROR] LogOutputStream:75 - [STDERR_REDIRECT] 
2025-09-03 22:42:48,700 [ERROR] LogOutputStream:75 - [STDERR_REDIRECT] [Fatal Error] :1:1: Premature end of file.
2025-09-03 22:42:48,700 [ERROR] LogOutputStream:75 - [STDERR_REDIRECT] 
2025-09-03 22:42:49,587 [ERROR] LogOutputStream:75 - [STDERR_REDIRECT] [Fatal Error] :1:1: Premature end of file.
2025-09-03 22:42:49,588 [ERROR] LogOutputStream:75 - [STDERR_REDIRECT] 
2025-09-03 22:42:50,594 [ERROR] LogOutputStream:75 - [STDERR_REDIRECT] [Fatal Error] :1:1: Premature end of file.
2025-09-03 22:42:50,594 [ERROR] LogOutputStream:75 - [STDERR_REDIRECT] 
2025-09-03 22:42:51,593 [ERROR] LogOutputStream:75 - [STDERR_REDIRECT] [Fatal Error] :1:1: Premature end of file.
2025-09-03 22:42:51,593 [ERROR] LogOutputStream:75 - [STDERR_REDIRECT] 
2025-09-03 22:42:52,674 [ERROR] LogOutputStream:75 - [STDERR_REDIRECT] [Fatal Error] :1:1: Premature end of file.
2025-09-03 22:42:52,674 [ERROR] LogOutputStream:75 - [STDERR_REDIRECT] 
2025-09-03 22:42:53,679 [ERROR] LogOutputStream:75 - [STDERR_REDIRECT] [Fatal Error] :1:1: Premature end of file.
2025-09-03 22:42:53,679 [ERROR] LogOutputStream:75 - [STDERR_REDIRECT] 
2025-09-03 22:42:54,585 [ERROR] LogOutputStream:75 - [STDERR_REDIRECT] [Fatal Error] :1:1: Premature end of file.
2025-09-03 22:42:54,586 [ERROR] LogOutputStream:75 - [STDERR_REDIRECT] 
2025-09-03 22:42:55,698 [ERROR] LogOutputStream:75 - [STDERR_REDIRECT] [Fatal Error] :1:1: Premature end of file.
2025-09-03 22:42:55,698 [ERROR] LogOutputStream:75 - [STDERR_REDIRECT] 
2025-09-03 22:42:56,675 [ERROR] LogOutputStream:75 - [STDERR_REDIRECT] [Fatal Error] :1:1: Premature end of file.
2025-09-03 22:42:56,675 [ERROR] LogOutputStream:75 - [STDERR_REDIRECT] 
2025-09-03 22:42:57,594 [ERROR] LogOutputStream:75 - [STDERR_REDIRECT] [Fatal Error] :1:1: Premature end of file.
2025-09-03 22:42:57,594 [ERROR] LogOutputStream:75 - [STDERR_REDIRECT] 
2025-09-03 22:42:58,676 [ERROR] LogOutputStream:75 - [STDERR_REDIRECT] [Fatal Error] :1:1: Premature end of file.
2025-09-03 22:42:58,676 [ERROR] LogOutputStream:75 - [STDERR_REDIRECT] 
2025-09-03 22:42:59,592 [ERROR] LogOutputStream:75 - [STDERR_REDIRECT] [Fatal Error] :1:1: Premature end of file.
2025-09-03 22:42:59,592 [ERROR] LogOutputStream:75 - [STDERR_REDIRECT] 
2025-09-03 22:43:00,597 [ERROR] LogOutputStream:75 - [STDERR_REDIRECT] [Fatal Error] :1:1: Premature end of file.
2025-09-03 22:43:00,597 [ERROR] LogOutputStream:75 - [STDERR_REDIRECT] 
2025-09-03 22:43:01,663 [ERROR] LogOutputStream:75 - [STDERR_REDIRECT] [Fatal Error] :1:1: Premature end of file.
2025-09-03 22:43:01,663 [ERROR] LogOutputStream:75 - [STDERR_REDIRECT] 
2025-09-03 22:43:02,607 [ERROR] LogOutputStream:75 - [STDERR_REDIRECT] [Fatal Error] :1:1: Premature end of file.
2025-09-03 22:43:02,607 [ERROR] LogOutputStream:75 - [STDERR_REDIRECT] 
2025-09-03 22:43:03,698 [ERROR] LogOutputStream:75 - [STDERR_REDIRECT] [Fatal Error] :1:1: Premature end of file.
2025-09-03 22:43:03,698 [ERROR] LogOutputStream:75 - [STDERR_REDIRECT] 
2025-09-03 22:43:04,648 [ERROR] LogOutputStream:75 - [STDERR_REDIRECT] [Fatal Error] :1:1: Premature end of file.
2025-09-03 22:43:04,648 [ERROR] LogOutputStream:75 - [STDERR_REDIRECT] 
2025-09-03 22:43:05,600 [ERROR] LogOutputStream:75 - [STDERR_REDIRECT] [Fatal Error] :1:1: Premature end of file.
2025-09-03 22:43:05,601 [ERROR] LogOutputStream:75 - [STDERR_REDIRECT] 
2025-09-03 22:43:06,743 [ERROR] LogOutputStream:75 - [STDERR_REDIRECT] [Fatal Error] :1:1: Premature end of file.
2025-09-03 22:43:06,746 [ERROR] LogOutputStream:75 - [STDERR_REDIRECT] 
2025-09-03 22:43:07,667 [ERROR] LogOutputStream:75 - [STDERR_REDIRECT] [Fatal Error] :1:1: Premature end of file.
2025-09-03 22:43:07,667 [ERROR] LogOutputStream:75 - [STDERR_REDIRECT] 
2025-09-03 22:43:08,706 [ERROR] LogOutputStream:75 - [STDERR_REDIRECT] [Fatal Error] :1:1: Premature end of file.
2025-09-03 22:43:08,707 [ERROR] LogOutputStream:75 - [STDERR_REDIRECT] 
2025-09-03 22:43:09,724 [ERROR] LogOutputStream:75 - [STDERR_REDIRECT] [Fatal Error] :1:1: Premature end of file.
2025-09-03 22:43:09,724 [ERROR] LogOutputStream:75 - [STDERR_REDIRECT] 
2025-09-03 22:43:10,616 [ERROR] LogOutputStream:75 - [STDERR_REDIRECT] [Fatal Error] :1:1: Premature end of file.
2025-09-03 22:43:10,616 [ERROR] LogOutputStream:75 - [STDERR_REDIRECT] 
2025-09-03 22:43:11,598 [ERROR] LogOutputStream:75 - [STDERR_REDIRECT] [Fatal Error] :1:1: Premature end of file.
2025-09-03 22:43:11,598 [ERROR] LogOutputStream:75 - [STDERR_REDIRECT] 
2025-09-03 22:43:12,594 [ERROR] LogOutputStream:75 - [STDERR_REDIRECT] [Fatal Error] :1:1: Premature end of file.
2025-09-03 22:43:12,595 [ERROR] LogOutputStream:75 - [STDERR_REDIRECT] 
2025-09-03 22:43:13,588 [ERROR] LogOutputStream:75 - [STDERR_REDIRECT] [Fatal Error] :1:1: Premature end of file.
2025-09-03 22:43:13,588 [ERROR] LogOutputStream:75 - [STDERR_REDIRECT] 
2025-09-03 22:43:14,649 [ERROR] LogOutputStream:75 - [STDERR_REDIRECT] [Fatal Error] :1:1: Premature end of file.
2025-09-03 22:43:14,649 [ERROR] LogOutputStream:75 - [STDERR_REDIRECT] 
2025-09-03 22:43:15,628 [ERROR] LogOutputStream:75 - [STDERR_REDIRECT] [Fatal Error] :1:1: Premature end of file.
2025-09-03 22:43:15,629 [ERROR] LogOutputStream:75 - [STDERR_REDIRECT] 
2025-09-03 22:43:16,730 [ERROR] LogOutputStream:75 - [STDERR_REDIRECT] [Fatal Error] :1:1: Premature end of file.
2025-09-03 22:43:16,730 [ERROR] LogOutputStream:75 - [STDERR_REDIRECT] 
2025-09-03 22:43:17,696 [ERROR] LogOutputStream:75 - [STDERR_REDIRECT] [Fatal Error] :1:1: Premature end of file.
2025-09-03 22:43:17,696 [ERROR] LogOutputStream:75 - [STDERR_REDIRECT] 
2025-09-03 22:43:18,598 [ERROR] LogOutputStream:75 - [STDERR_REDIRECT] [Fatal Error] :1:1: Premature end of file.
2025-09-03 22:43:18,598 [ERROR] LogOutputStream:75 - [STDERR_REDIRECT] 
2025-09-03 22:43:19,597 [ERROR] LogOutputStream:75 - [STDERR_REDIRECT] [Fatal Error] :1:1: Premature end of file.
2025-09-03 22:43:19,597 [ERROR] LogOutputStream:75 - [STDERR_REDIRECT] 
2025-09-03 22:43:20,604 [ERROR] LogOutputStream:75 - [STDERR_REDIRECT] [Fatal Error] :1:1: Premature end of file.
2025-09-03 22:43:20,604 [ERROR] LogOutputStream:75 - [STDERR_REDIRECT] 
2025-09-03 22:43:21,586 [ERROR] LogOutputStream:75 - [STDERR_REDIRECT] [Fatal Error] :1:1: Premature end of file.
2025-09-03 22:43:21,587 [ERROR] LogOutputStream:75 - [STDERR_REDIRECT] 
2025-09-03 22:43:22,606 [ERROR] LogOutputStream:75 - [STDERR_REDIRECT] [Fatal Error] :1:1: Premature end of file.
2025-09-03 22:43:22,607 [ERROR] LogOutputStream:75 - [STDERR_REDIRECT] 
2025-09-03 22:43:23,597 [ERROR] LogOutputStream:75 - [STDERR_REDIRECT] [Fatal Error] :1:1: Premature end of file.
2025-09-03 22:43:23,597 [ERROR] LogOutputStream:75 - [STDERR_REDIRECT] 
2025-09-03 22:43:24,624 [ERROR] LogOutputStream:75 - [STDERR_REDIRECT] [Fatal Error] :1:1: Premature end of file.
2025-09-03 22:43:24,624 [ERROR] LogOutputStream:75 - [STDERR_REDIRECT] 
2025-09-03 22:43:25,669 [ERROR] LogOutputStream:75 - [STDERR_REDIRECT] [Fatal Error] :1:1: Premature end of file.
2025-09-03 22:43:25,669 [ERROR] LogOutputStream:75 - [STDERR_REDIRECT] 
2025-09-03 22:43:26,673 [ERROR] LogOutputStream:75 - [STDERR_REDIRECT] [Fatal Error] :1:1: Premature end of file.
2025-09-03 22:43:26,673 [ERROR] LogOutputStream:75 - [STDERR_REDIRECT] 
2025-09-03 22:43:27,592 [ERROR] LogOutputStream:75 - [STDERR_REDIRECT] [Fatal Error] :1:1: Premature end of file.
2025-09-03 22:43:27,592 [ERROR] LogOutputStream:75 - [STDERR_REDIRECT] 
2025-09-03 22:43:28,747 [ERROR] LogOutputStream:75 - [STDERR_REDIRECT] [Fatal Error] :1:1: Premature end of file.
2025-09-03 22:43:28,748 [ERROR] LogOutputStream:75 - [STDERR_REDIRECT] 
2025-09-03 22:43:29,605 [ERROR] LogOutputStream:75 - [STDERR_REDIRECT] [Fatal Error] :1:1: Premature end of file.
2025-09-03 22:43:29,606 [ERROR] LogOutputStream:75 - [STDERR_REDIRECT] 
2025-09-03 22:43:30,596 [ERROR] LogOutputStream:75 - [STDERR_REDIRECT] [Fatal Error] :1:1: Premature end of file.
2025-09-03 22:43:30,596 [ERROR] LogOutputStream:75 - [STDERR_REDIRECT] 
2025-09-03 22:43:31,591 [ERROR] LogOutputStream:75 - [STDERR_REDIRECT] [Fatal Error] :1:1: Premature end of file.
2025-09-03 22:43:31,591 [ERROR] LogOutputStream:75 - [STDERR_REDIRECT] 
2025-09-03 22:43:32,594 [ERROR] LogOutputStream:75 - [STDERR_REDIRECT] [Fatal Error] :1:1: Premature end of file.
2025-09-03 22:43:32,594 [ERROR] LogOutputStream:75 - [STDERR_REDIRECT] 
2025-09-03 22:43:33,640 [ERROR] LogOutputStream:75 - [STDERR_REDIRECT] [Fatal Error] :1:1: Premature end of file.
2025-09-03 22:43:33,640 [ERROR] LogOutputStream:75 - [STDERR_REDIRECT] 
2025-09-03 22:43:34,688 [ERROR] LogOutputStream:75 - [STDERR_REDIRECT] [Fatal Error] :1:1: Premature end of file.
2025-09-03 22:43:34,689 [ERROR] LogOutputStream:75 - [STDERR_REDIRECT] 
2025-09-03 22:43:35,697 [ERROR] LogOutputStream:75 - [STDERR_REDIRECT] [Fatal Error] :1:1: Premature end of file.
2025-09-03 22:43:35,698 [ERROR] LogOutputStream:75 - [STDERR_REDIRECT] 
2025-09-03 22:43:36,648 [ERROR] LogOutputStream:75 - [STDERR_REDIRECT] [Fatal Error] :1:1: Premature end of file.
2025-09-03 22:43:36,648 [ERROR] LogOutputStream:75 - [STDERR_REDIRECT] 
2025-09-03 22:43:37,713 [ERROR] LogOutputStream:75 - [STDERR_REDIRECT] [Fatal Error] :1:1: Premature end of file.
2025-09-03 22:43:37,713 [ERROR] LogOutputStream:75 - [STDERR_REDIRECT] 
2025-09-03 22:43:38,679 [ERROR] LogOutputStream:75 - [STDERR_REDIRECT] [Fatal Error] :1:1: Premature end of file.
2025-09-03 22:43:38,679 [ERROR] LogOutputStream:75 - [STDERR_REDIRECT] 
2025-09-03 22:43:39,675 [ERROR] LogOutputStream:75 - [STDERR_REDIRECT] [Fatal Error] :1:1: Premature end of file.
2025-09-03 22:43:39,675 [ERROR] LogOutputStream:75 - [STDERR_REDIRECT] 
2025-09-03 22:43:40,713 [ERROR] LogOutputStream:75 - [STDERR_REDIRECT] [Fatal Error] :1:1: Premature end of file.
2025-09-03 22:43:40,714 [ERROR] LogOutputStream:75 - [STDERR_REDIRECT] 
2025-09-03 22:43:41,692 [ERROR] LogOutputStream:75 - [STDERR_REDIRECT] [Fatal Error] :1:1: Premature end of file.
2025-09-03 22:43:41,692 [ERROR] LogOutputStream:75 - [STDERR_REDIRECT] 
2025-09-03 22:43:42,694 [ERROR] LogOutputStream:75 - [STDERR_REDIRECT] [Fatal Error] :1:1: Premature end of file.
2025-09-03 22:43:42,694 [ERROR] LogOutputStream:75 - [STDERR_REDIRECT] 
2025-09-03 22:43:43,723 [ERROR] LogOutputStream:75 - [STDERR_REDIRECT] [Fatal Error] :1:1: Premature end of file.
2025-09-03 22:43:43,724 [ERROR] LogOutputStream:75 - [STDERR_REDIRECT] 
2025-09-03 22:43:44,724 [ERROR] LogOutputStream:75 - [STDERR_REDIRECT] [Fatal Error] :1:1: Premature end of file.
2025-09-03 22:43:44,725 [ERROR] LogOutputStream:75 - [STDERR_REDIRECT] 
2025-09-03 22:43:45,728 [ERROR] LogOutputStream:75 - [STDERR_REDIRECT] [Fatal Error] :1:1: Premature end of file.
2025-09-03 22:43:45,728 [ERROR] LogOutputStream:75 - [STDERR_REDIRECT] 
2025-09-03 22:43:46,592 [ERROR] LogOutputStream:75 - [STDERR_REDIRECT] [Fatal Error] :1:1: Premature end of file.
2025-09-03 22:43:46,592 [ERROR] LogOutputStream:75 - [STDERR_REDIRECT] 
2025-09-03 22:43:47,680 [ERROR] LogOutputStream:75 - [STDERR_REDIRECT] [Fatal Error] :1:1: Premature end of file.
2025-09-03 22:43:47,680 [ERROR] LogOutputStream:75 - [STDERR_REDIRECT] 
2025-09-03 22:43:48,677 [ERROR] LogOutputStream:75 - [STDERR_REDIRECT] [Fatal Error] :1:1: Premature end of file.
2025-09-03 22:43:48,677 [ERROR] LogOutputStream:75 - [STDERR_REDIRECT] 
2025-09-03 22:43:49,663 [ERROR] LogOutputStream:75 - [STDERR_REDIRECT] [Fatal Error] :1:1: Premature end of file.
2025-09-03 22:43:49,664 [ERROR] LogOutputStream:75 - [STDERR_REDIRECT] 
2025-09-03 22:43:50,645 [ERROR] LogOutputStream:75 - [STDERR_REDIRECT] [Fatal Error] :1:1: Premature end of file.
2025-09-03 22:43:50,645 [ERROR] LogOutputStream:75 - [STDERR_REDIRECT] 
2025-09-03 22:43:51,684 [ERROR] LogOutputStream:75 - [STDERR_REDIRECT] [Fatal Error] :1:1: Premature end of file.
2025-09-03 22:43:51,685 [ERROR] LogOutputStream:75 - [STDERR_REDIRECT] 
2025-09-03 22:43:52,708 [ERROR] LogOutputStream:75 - [STDERR_REDIRECT] [Fatal Error] :1:1: Premature end of file.
2025-09-03 22:43:52,708 [ERROR] LogOutputStream:75 - [STDERR_REDIRECT] 
2025-09-03 22:43:53,719 [ERROR] LogOutputStream:75 - [STDERR_REDIRECT] [Fatal Error] :1:1: Premature end of file.
2025-09-03 22:43:53,720 [ERROR] LogOutputStream:75 - [STDERR_REDIRECT] 
2025-09-03 22:43:54,710 [ERROR] LogOutputStream:75 - [STDERR_REDIRECT] [Fatal Error] :1:1: Premature end of file.
2025-09-03 22:43:54,711 [ERROR] LogOutputStream:75 - [STDERR_REDIRECT] 
2025-09-03 22:43:55,662 [ERROR] LogOutputStream:75 - [STDERR_REDIRECT] [Fatal Error] :1:1: Premature end of file.
2025-09-03 22:43:55,662 [ERROR] LogOutputStream:75 - [STDERR_REDIRECT] 
2025-09-03 22:43:56,650 [ERROR] LogOutputStream:75 - [STDERR_REDIRECT] [Fatal Error] :1:1: Premature end of file.
2025-09-03 22:43:56,650 [ERROR] LogOutputStream:75 - [STDERR_REDIRECT] 
2025-09-03 22:43:57,597 [ERROR] LogOutputStream:75 - [STDERR_REDIRECT] [Fatal Error] :1:1: Premature end of file.
2025-09-03 22:43:57,597 [ERROR] LogOutputStream:75 - [STDERR_REDIRECT] 
2025-09-03 22:43:58,588 [ERROR] LogOutputStream:75 - [STDERR_REDIRECT] [Fatal Error] :1:1: Premature end of file.
2025-09-03 22:43:58,588 [ERROR] LogOutputStream:75 - [STDERR_REDIRECT] 
2025-09-03 22:43:59,675 [ERROR] LogOutputStream:75 - [STDERR_REDIRECT] [Fatal Error] :1:1: Premature end of file.
2025-09-03 22:43:59,675 [ERROR] LogOutputStream:75 - [STDERR_REDIRECT] 
2025-09-03 22:44:00,597 [ERROR] LogOutputStream:75 - [STDERR_REDIRECT] [Fatal Error] :1:1: Premature end of file.
2025-09-03 22:44:00,597 [ERROR] LogOutputStream:75 - [STDERR_REDIRECT] 
2025-09-03 22:44:01,667 [ERROR] LogOutputStream:75 - [STDERR_REDIRECT] [Fatal Error] :1:1: Premature end of file.
2025-09-03 22:44:01,669 [ERROR] LogOutputStream:75 - [STDERR_REDIRECT] 
2025-09-03 22:44:02,606 [ERROR] LogOutputStream:75 - [STDERR_REDIRECT] [Fatal Error] :1:1: Premature end of file.
2025-09-03 22:44:02,607 [ERROR] LogOutputStream:75 - [STDERR_REDIRECT] 
2025-09-03 22:44:03,590 [ERROR] LogOutputStream:75 - [STDERR_REDIRECT] [Fatal Error] :1:1: Premature end of file.
2025-09-03 22:44:03,590 [ERROR] LogOutputStream:75 - [STDERR_REDIRECT] 
2025-09-03 22:44:04,595 [ERROR] LogOutputStream:75 - [STDERR_REDIRECT] [Fatal Error] :1:1: Premature end of file.
2025-09-03 22:44:04,595 [ERROR] LogOutputStream:75 - [STDERR_REDIRECT] 
2025-09-03 22:44:05,619 [ERROR] LogOutputStream:75 - [STDERR_REDIRECT] [Fatal Error] :1:1: Premature end of file.
2025-09-03 22:44:05,619 [ERROR] LogOutputStream:75 - [STDERR_REDIRECT] 
2025-09-03 22:44:06,700 [ERROR] LogOutputStream:75 - [STDERR_REDIRECT] [Fatal Error] :1:1: Premature end of file.
2025-09-03 22:44:06,700 [ERROR] LogOutputStream:75 - [STDERR_REDIRECT] 
2025-09-03 22:44:07,591 [ERROR] LogOutputStream:75 - [STDERR_REDIRECT] [Fatal Error] :1:1: Premature end of file.
2025-09-03 22:44:07,591 [ERROR] LogOutputStream:75 - [STDERR_REDIRECT] 
2025-09-03 22:44:08,724 [ERROR] LogOutputStream:75 - [STDERR_REDIRECT] [Fatal Error] :1:1: Premature end of file.
2025-09-03 22:44:08,724 [ERROR] LogOutputStream:75 - [STDERR_REDIRECT] 
2025-09-03 22:44:09,716 [ERROR] LogOutputStream:75 - [STDERR_REDIRECT] [Fatal Error] :1:1: Premature end of file.
2025-09-03 22:44:09,716 [ERROR] LogOutputStream:75 - [STDERR_REDIRECT] 
2025-09-03 22:44:10,635 [ERROR] LogOutputStream:75 - [STDERR_REDIRECT] [Fatal Error] :1:1: Premature end of file.
2025-09-03 22:44:10,636 [ERROR] LogOutputStream:75 - [STDERR_REDIRECT] 
2025-09-03 22:44:11,667 [ERROR] LogOutputStream:75 - [STDERR_REDIRECT] [Fatal Error] :1:1: Premature end of file.
2025-09-03 22:44:11,668 [ERROR] LogOutputStream:75 - [STDERR_REDIRECT] 
2025-09-03 22:44:12,688 [ERROR] LogOutputStream:75 - [STDERR_REDIRECT] [Fatal Error] :1:1: Premature end of file.
2025-09-03 22:44:12,688 [ERROR] LogOutputStream:75 - [STDERR_REDIRECT] 
2025-09-03 22:44:13,686 [ERROR] LogOutputStream:75 - [STDERR_REDIRECT] [Fatal Error] :1:1: Premature end of file.
2025-09-03 22:44:13,686 [ERROR] LogOutputStream:75 - [STDERR_REDIRECT] 
2025-09-03 22:44:14,623 [ERROR] LogOutputStream:75 - [STDERR_REDIRECT] [Fatal Error] :1:1: Premature end of file.
2025-09-03 22:44:14,623 [ERROR] LogOutputStream:75 - [STDERR_REDIRECT] 
2025-09-03 22:44:15,646 [ERROR] LogOutputStream:75 - [STDERR_REDIRECT] [Fatal Error] :1:1: Premature end of file.
2025-09-03 22:44:15,647 [ERROR] LogOutputStream:75 - [STDERR_REDIRECT] 
2025-09-03 22:44:16,697 [ERROR] LogOutputStream:75 - [STDERR_REDIRECT] [Fatal Error] :1:1: Premature end of file.
2025-09-03 22:44:16,697 [ERROR] LogOutputStream:75 - [STDERR_REDIRECT] 
2025-09-03 22:44:17,596 [ERROR] LogOutputStream:75 - [STDERR_REDIRECT] [Fatal Error] :1:1: Premature end of file.
2025-09-03 22:44:17,596 [ERROR] LogOutputStream:75 - [STDERR_REDIRECT] 
2025-09-03 22:44:18,686 [ERROR] LogOutputStream:75 - [STDERR_REDIRECT] [Fatal Error] :1:1: Premature end of file.
2025-09-03 22:44:18,686 [ERROR] LogOutputStream:75 - [STDERR_REDIRECT] 
2025-09-03 22:44:19,714 [ERROR] LogOutputStream:75 - [STDERR_REDIRECT] [Fatal Error] :1:1: Premature end of file.
2025-09-03 22:44:19,714 [ERROR] LogOutputStream:75 - [STDERR_REDIRECT] 
2025-09-03 22:44:20,676 [ERROR] LogOutputStream:75 - [STDERR_REDIRECT] [Fatal Error] :1:1: Premature end of file.
2025-09-03 22:44:20,676 [ERROR] LogOutputStream:75 - [STDERR_REDIRECT] 
2025-09-03 22:44:21,625 [ERROR] LogOutputStream:75 - [STDERR_REDIRECT] [Fatal Error] :1:1: Premature end of file.
2025-09-03 22:44:21,626 [ERROR] LogOutputStream:75 - [STDERR_REDIRECT] 
2025-09-03 22:44:22,671 [ERROR] LogOutputStream:75 - [STDERR_REDIRECT] [Fatal Error] :1:1: Premature end of file.
2025-09-03 22:44:22,671 [ERROR] LogOutputStream:75 - [STDERR_REDIRECT] 
2025-09-03 22:44:23,670 [ERROR] LogOutputStream:75 - [STDERR_REDIRECT] [Fatal Error] :1:1: Premature end of file.
2025-09-03 22:44:23,670 [ERROR] LogOutputStream:75 - [STDERR_REDIRECT] 
2025-09-03 22:44:24,726 [ERROR] LogOutputStream:75 - [STDERR_REDIRECT] [Fatal Error] :1:1: Premature end of file.
2025-09-03 22:44:24,727 [ERROR] LogOutputStream:75 - [STDERR_REDIRECT] 
2025-09-03 22:44:25,592 [ERROR] LogOutputStream:75 - [STDERR_REDIRECT] [Fatal Error] :1:1: Premature end of file.
2025-09-03 22:44:25,593 [ERROR] LogOutputStream:75 - [STDERR_REDIRECT] 
2025-09-03 22:44:26,731 [ERROR] LogOutputStream:75 - [STDERR_REDIRECT] [Fatal Error] :1:1: Premature end of file.
2025-09-03 22:44:26,731 [ERROR] LogOutputStream:75 - [STDERR_REDIRECT] 
2025-09-03 22:44:27,592 [ERROR] LogOutputStream:75 - [STDERR_REDIRECT] [Fatal Error] :1:1: Premature end of file.
2025-09-03 22:44:27,593 [ERROR] LogOutputStream:75 - [STDERR_REDIRECT] 
2025-09-03 22:44:28,596 [ERROR] LogOutputStream:75 - [STDERR_REDIRECT] [Fatal Error] :1:1: Premature end of file.
2025-09-03 22:44:28,596 [ERROR] LogOutputStream:75 - [STDERR_REDIRECT] 
2025-09-03 22:44:29,670 [ERROR] LogOutputStream:75 - [STDERR_REDIRECT] [Fatal Error] :1:1: Premature end of file.
2025-09-03 22:44:29,671 [ERROR] LogOutputStream:75 - [STDERR_REDIRECT] 
2025-09-03 22:44:30,694 [ERROR] LogOutputStream:75 - [STDERR_REDIRECT] [Fatal Error] :1:1: Premature end of file.
2025-09-03 22:44:30,695 [ERROR] LogOutputStream:75 - [STDERR_REDIRECT] 
2025-09-03 22:44:31,706 [ERROR] LogOutputStream:75 - [STDERR_REDIRECT] [Fatal Error] :1:1: Premature end of file.
2025-09-03 22:44:31,706 [ERROR] LogOutputStream:75 - [STDERR_REDIRECT] 
2025-09-03 22:44:32,726 [ERROR] LogOutputStream:75 - [STDERR_REDIRECT] [Fatal Error] :1:1: Premature end of file.
2025-09-03 22:44:32,727 [ERROR] LogOutputStream:75 - [STDERR_REDIRECT] 
2025-09-03 22:44:33,727 [ERROR] LogOutputStream:75 - [STDERR_REDIRECT] [Fatal Error] :1:1: Premature end of file.
2025-09-03 22:44:33,727 [ERROR] LogOutputStream:75 - [STDERR_REDIRECT] 
2025-09-03 22:44:34,682 [ERROR] LogOutputStream:75 - [STDERR_REDIRECT] [Fatal Error] :1:1: Premature end of file.
2025-09-03 22:44:34,682 [ERROR] LogOutputStream:75 - [STDERR_REDIRECT] 
2025-09-03 22:44:35,669 [ERROR] LogOutputStream:75 - [STDERR_REDIRECT] [Fatal Error] :1:1: Premature end of file.
2025-09-03 22:44:35,670 [ERROR] LogOutputStream:75 - [STDERR_REDIRECT] 
2025-09-03 22:44:36,671 [ERROR] LogOutputStream:75 - [STDERR_REDIRECT] [Fatal Error] :1:1: Premature end of file.
2025-09-03 22:44:36,671 [ERROR] LogOutputStream:75 - [STDERR_REDIRECT] 
2025-09-03 22:44:37,711 [ERROR] LogOutputStream:75 - [STDERR_REDIRECT] [Fatal Error] :1:1: Premature end of file.
2025-09-03 22:44:37,711 [ERROR] LogOutputStream:75 - [STDERR_REDIRECT] 
2025-09-03 22:44:38,595 [ERROR] LogOutputStream:75 - [STDERR_REDIRECT] [Fatal Error] :1:1: Premature end of file.
2025-09-03 22:44:38,595 [ERROR] LogOutputStream:75 - [STDERR_REDIRECT] 
2025-09-03 22:44:39,728 [ERROR] LogOutputStream:75 - [STDERR_REDIRECT] [Fatal Error] :1:1: Premature end of file.
2025-09-03 22:44:39,729 [ERROR] LogOutputStream:75 - [STDERR_REDIRECT] 
2025-09-03 22:44:40,599 [ERROR] LogOutputStream:75 - [STDERR_REDIRECT] [Fatal Error] :1:1: Premature end of file.
2025-09-03 22:44:40,600 [ERROR] LogOutputStream:75 - [STDERR_REDIRECT] 
2025-09-03 22:44:41,596 [ERROR] LogOutputStream:75 - [STDERR_REDIRECT] [Fatal Error] :1:1: Premature end of file.
2025-09-03 22:44:41,597 [ERROR] LogOutputStream:75 - [STDERR_REDIRECT] 
2025-09-03 22:44:42,700 [ERROR] LogOutputStream:75 - [STDERR_REDIRECT] [Fatal Error] :1:1: Premature end of file.
2025-09-03 22:44:42,703 [ERROR] LogOutputStream:75 - [STDERR_REDIRECT] 
2025-09-03 22:44:43,634 [ERROR] LogOutputStream:75 - [STDERR_REDIRECT] [Fatal Error] :1:1: Premature end of file.
2025-09-03 22:44:43,634 [ERROR] LogOutputStream:75 - [STDERR_REDIRECT] 
2025-09-03 22:44:44,723 [ERROR] LogOutputStream:75 - [STDERR_REDIRECT] [Fatal Error] :1:1: Premature end of file.
2025-09-03 22:44:44,724 [ERROR] LogOutputStream:75 - [STDERR_REDIRECT] 
2025-09-03 22:44:45,591 [ERROR] LogOutputStream:75 - [STDERR_REDIRECT] [Fatal Error] :1:1: Premature end of file.
2025-09-03 22:44:45,591 [ERROR] LogOutputStream:75 - [STDERR_REDIRECT] 
2025-09-03 22:44:46,681 [ERROR] LogOutputStream:75 - [STDERR_REDIRECT] [Fatal Error] :1:1: Premature end of file.
2025-09-03 22:44:46,681 [ERROR] LogOutputStream:75 - [STDERR_REDIRECT] 
2025-09-03 22:44:47,598 [ERROR] LogOutputStream:75 - [STDERR_REDIRECT] [Fatal Error] :1:1: Premature end of file.
2025-09-03 22:44:47,598 [ERROR] LogOutputStream:75 - [STDERR_REDIRECT] 
2025-09-03 22:44:48,588 [ERROR] LogOutputStream:75 - [STDERR_REDIRECT] [Fatal Error] :1:1: Premature end of file.
2025-09-03 22:44:48,588 [ERROR] LogOutputStream:75 - [STDERR_REDIRECT] 
2025-09-03 22:44:49,725 [ERROR] LogOutputStream:75 - [STDERR_REDIRECT] [Fatal Error] :1:1: Premature end of file.
2025-09-03 22:44:49,725 [ERROR] LogOutputStream:75 - [STDERR_REDIRECT] 
2025-09-03 22:44:50,656 [ERROR] LogOutputStream:75 - [STDERR_REDIRECT] [Fatal Error] :1:1: Premature end of file.
2025-09-03 22:44:50,656 [ERROR] LogOutputStream:75 - [STDERR_REDIRECT] 
2025-09-03 22:44:51,597 [ERROR] LogOutputStream:75 - [STDERR_REDIRECT] [Fatal Error] :1:1: Premature end of file.
2025-09-03 22:44:51,597 [ERROR] LogOutputStream:75 - [STDERR_REDIRECT] 
2025-09-03 22:44:52,704 [ERROR] LogOutputStream:75 - [STDERR_REDIRECT] [Fatal Error] :1:1: Premature end of file.
2025-09-03 22:44:52,705 [ERROR] LogOutputStream:75 - [STDERR_REDIRECT] 
2025-09-03 22:44:53,604 [ERROR] LogOutputStream:75 - [STDERR_REDIRECT] [Fatal Error] :1:1: Premature end of file.
2025-09-03 22:44:53,604 [ERROR] LogOutputStream:75 - [STDERR_REDIRECT] 
2025-09-03 22:44:54,585 [ERROR] LogOutputStream:75 - [STDERR_REDIRECT] [Fatal Error] :1:1: Premature end of file.
2025-09-03 22:44:54,586 [ERROR] LogOutputStream:75 - [STDERR_REDIRECT] 
2025-09-03 22:44:55,616 [ERROR] LogOutputStream:75 - [STDERR_REDIRECT] [Fatal Error] :1:1: Premature end of file.
2025-09-03 22:44:55,616 [ERROR] LogOutputStream:75 - [STDERR_REDIRECT] 
2025-09-03 22:44:56,614 [ERROR] LogOutputStream:75 - [STDERR_REDIRECT] [Fatal Error] :1:1: Premature end of file.
2025-09-03 22:44:56,614 [ERROR] LogOutputStream:75 - [STDERR_REDIRECT] 
2025-09-03 22:44:57,741 [ERROR] LogOutputStream:75 - [STDERR_REDIRECT] [Fatal Error] :1:1: Premature end of file.
2025-09-03 22:44:57,741 [ERROR] LogOutputStream:75 - [STDERR_REDIRECT] 
2025-09-03 22:44:58,591 [ERROR] LogOutputStream:75 - [STDERR_REDIRECT] [Fatal Error] :1:1: Premature end of file.
2025-09-03 22:44:58,591 [ERROR] LogOutputStream:75 - [STDERR_REDIRECT] 
2025-09-03 22:44:59,678 [ERROR] LogOutputStream:75 - [STDERR_REDIRECT] [Fatal Error] :1:1: Premature end of file.
2025-09-03 22:44:59,678 [ERROR] LogOutputStream:75 - [STDERR_REDIRECT] 
2025-09-03 22:45:00,657 [ERROR] LogOutputStream:75 - [STDERR_REDIRECT] [Fatal Error] :1:1: Premature end of file.
2025-09-03 22:45:00,657 [ERROR] LogOutputStream:75 - [STDERR_REDIRECT] 
2025-09-03 22:45:01,600 [ERROR] LogOutputStream:75 - [STDERR_REDIRECT] [Fatal Error] :1:1: Premature end of file.
2025-09-03 22:45:01,600 [ERROR] LogOutputStream:75 - [STDERR_REDIRECT] 
2025-09-03 22:45:02,599 [ERROR] LogOutputStream:75 - [STDERR_REDIRECT] [Fatal Error] :1:1: Premature end of file.
2025-09-03 22:45:02,599 [ERROR] LogOutputStream:75 - [STDERR_REDIRECT] 
2025-09-03 22:45:03,644 [ERROR] LogOutputStream:75 - [STDERR_REDIRECT] [Fatal Error] :1:1: Premature end of file.
2025-09-03 22:45:03,644 [ERROR] LogOutputStream:75 - [STDERR_REDIRECT] 
2025-09-03 22:45:04,606 [ERROR] LogOutputStream:75 - [STDERR_REDIRECT] [Fatal Error] :1:1: Premature end of file.
2025-09-03 22:45:04,606 [ERROR] LogOutputStream:75 - [STDERR_REDIRECT] 
2025-09-03 22:45:05,595 [ERROR] LogOutputStream:75 - [STDERR_REDIRECT] [Fatal Error] :1:1: Premature end of file.
2025-09-03 22:45:05,595 [ERROR] LogOutputStream:75 - [STDERR_REDIRECT] 
2025-09-03 22:45:06,601 [ERROR] LogOutputStream:75 - [STDERR_REDIRECT] [Fatal Error] :1:1: Premature end of file.
2025-09-03 22:45:06,602 [ERROR] LogOutputStream:75 - [STDERR_REDIRECT] 
2025-09-03 22:45:07,741 [ERROR] LogOutputStream:75 - [STDERR_REDIRECT] [Fatal Error] :1:1: Premature end of file.
2025-09-03 22:45:07,741 [ERROR] LogOutputStream:75 - [STDERR_REDIRECT] 
2025-09-03 22:45:08,612 [ERROR] LogOutputStream:75 - [STDERR_REDIRECT] [Fatal Error] :1:1: Premature end of file.
2025-09-03 22:45:08,613 [ERROR] LogOutputStream:75 - [STDERR_REDIRECT] 
2025-09-03 22:45:09,595 [ERROR] LogOutputStream:75 - [STDERR_REDIRECT] [Fatal Error] :1:1: Premature end of file.
2025-09-03 22:45:09,595 [ERROR] LogOutputStream:75 - [STDERR_REDIRECT] 
2025-09-03 22:45:10,592 [ERROR] LogOutputStream:75 - [STDERR_REDIRECT] [Fatal Error] :1:1: Premature end of file.
2025-09-03 22:45:10,592 [ERROR] LogOutputStream:75 - [STDERR_REDIRECT] 
2025-09-03 22:45:11,706 [ERROR] LogOutputStream:75 - [STDERR_REDIRECT] [Fatal Error] :1:1: Premature end of file.
2025-09-03 22:45:11,706 [ERROR] LogOutputStream:75 - [STDERR_REDIRECT] 
2025-09-03 22:45:12,595 [ERROR] LogOutputStream:75 - [STDERR_REDIRECT] [Fatal Error] :1:1: Premature end of file.
2025-09-03 22:45:12,595 [ERROR] LogOutputStream:75 - [STDERR_REDIRECT] 
2025-09-03 22:45:13,593 [ERROR] LogOutputStream:75 - [STDERR_REDIRECT] [Fatal Error] :1:1: Premature end of file.
2025-09-03 22:45:13,593 [ERROR] LogOutputStream:75 - [STDERR_REDIRECT] 
2025-09-03 22:45:14,675 [ERROR] LogOutputStream:75 - [STDERR_REDIRECT] [Fatal Error] :1:1: Premature end of file.
2025-09-03 22:45:14,675 [ERROR] LogOutputStream:75 - [STDERR_REDIRECT] 
2025-09-03 22:45:15,666 [ERROR] LogOutputStream:75 - [STDERR_REDIRECT] [Fatal Error] :1:1: Premature end of file.
2025-09-03 22:45:15,666 [ERROR] LogOutputStream:75 - [STDERR_REDIRECT] 
2025-09-03 22:45:16,717 [ERROR] LogOutputStream:75 - [STDERR_REDIRECT] [Fatal Error] :1:1: Premature end of file.
2025-09-03 22:45:16,720 [ERROR] LogOutputStream:75 - [STDERR_REDIRECT] 
2025-09-03 22:45:17,677 [ERROR] LogOutputStream:75 - [STDERR_REDIRECT] [Fatal Error] :1:1: Premature end of file.
2025-09-03 22:45:17,677 [ERROR] LogOutputStream:75 - [STDERR_REDIRECT] 
2025-09-03 22:45:18,682 [ERROR] LogOutputStream:75 - [STDERR_REDIRECT] [Fatal Error] :1:1: Premature end of file.
2025-09-03 22:45:18,682 [ERROR] LogOutputStream:75 - [STDERR_REDIRECT] 
2025-09-03 22:45:19,585 [ERROR] LogOutputStream:75 - [STDERR_REDIRECT] [Fatal Error] :1:1: Premature end of file.
2025-09-03 22:45:19,586 [ERROR] LogOutputStream:75 - [STDERR_REDIRECT] 
2025-09-03 22:45:20,695 [ERROR] LogOutputStream:75 - [STDERR_REDIRECT] [Fatal Error] :1:1: Premature end of file.
2025-09-03 22:45:20,696 [ERROR] LogOutputStream:75 - [STDERR_REDIRECT] 
2025-09-03 22:45:21,727 [ERROR] LogOutputStream:75 - [STDERR_REDIRECT] [Fatal Error] :1:1: Premature end of file.
2025-09-03 22:45:21,727 [ERROR] LogOutputStream:75 - [STDERR_REDIRECT] 
2025-09-03 22:45:22,683 [ERROR] LogOutputStream:75 - [STDERR_REDIRECT] [Fatal Error] :1:1: Premature end of file.
2025-09-03 22:45:22,684 [ERROR] LogOutputStream:75 - [STDERR_REDIRECT] 
2025-09-03 22:45:23,716 [ERROR] LogOutputStream:75 - [STDERR_REDIRECT] [Fatal Error] :1:1: Premature end of file.
2025-09-03 22:45:23,716 [ERROR] LogOutputStream:75 - [STDERR_REDIRECT] 
2025-09-03 22:45:24,676 [ERROR] LogOutputStream:75 - [STDERR_REDIRECT] [Fatal Error] :1:1: Premature end of file.
2025-09-03 22:45:24,676 [ERROR] LogOutputStream:75 - [STDERR_REDIRECT] 
2025-09-03 22:45:25,597 [ERROR] LogOutputStream:75 - [STDERR_REDIRECT] [Fatal Error] :1:1: Premature end of file.
2025-09-03 22:45:25,597 [ERROR] LogOutputStream:75 - [STDERR_REDIRECT] 
2025-09-03 22:45:26,597 [ERROR] LogOutputStream:75 - [STDERR_REDIRECT] [Fatal Error] :1:1: Premature end of file.
2025-09-03 22:45:26,597 [ERROR] LogOutputStream:75 - [STDERR_REDIRECT] 
2025-09-03 22:45:27,598 [ERROR] LogOutputStream:75 - [STDERR_REDIRECT] [Fatal Error] :1:1: Premature end of file.
2025-09-03 22:45:27,598 [ERROR] LogOutputStream:75 - [STDERR_REDIRECT] 
2025-09-03 22:45:28,595 [ERROR] LogOutputStream:75 - [STDERR_REDIRECT] [Fatal Error] :1:1: Premature end of file.
2025-09-03 22:45:28,595 [ERROR] LogOutputStream:75 - [STDERR_REDIRECT] 
2025-09-03 22:45:29,699 [ERROR] LogOutputStream:75 - [STDERR_REDIRECT] [Fatal Error] :1:1: Premature end of file.
2025-09-03 22:45:29,699 [ERROR] LogOutputStream:75 - [STDERR_REDIRECT] 
2025-09-03 22:45:30,729 [ERROR] LogOutputStream:75 - [STDERR_REDIRECT] [Fatal Error] :1:1: Premature end of file.
2025-09-03 22:45:30,729 [ERROR] LogOutputStream:75 - [STDERR_REDIRECT] 
2025-09-03 22:45:31,733 [ERROR] LogOutputStream:75 - [STDERR_REDIRECT] [Fatal Error] :1:1: Premature end of file.
2025-09-03 22:45:31,733 [ERROR] LogOutputStream:75 - [STDERR_REDIRECT] 
2025-09-03 22:45:32,592 [ERROR] LogOutputStream:75 - [STDERR_REDIRECT] [Fatal Error] :1:1: Premature end of file.
2025-09-03 22:45:32,592 [ERROR] LogOutputStream:75 - [STDERR_REDIRECT] 
2025-09-03 22:45:33,731 [ERROR] LogOutputStream:75 - [STDERR_REDIRECT] [Fatal Error] :1:1: Premature end of file.
2025-09-03 22:45:33,731 [ERROR] LogOutputStream:75 - [STDERR_REDIRECT] 
2025-09-03 22:45:34,692 [ERROR] LogOutputStream:75 - [STDERR_REDIRECT] [Fatal Error] :1:1: Premature end of file.
2025-09-03 22:45:34,692 [ERROR] LogOutputStream:75 - [STDERR_REDIRECT] 
2025-09-03 22:45:35,715 [ERROR] LogOutputStream:75 - [STDERR_REDIRECT] [Fatal Error] :1:1: Premature end of file.
2025-09-03 22:45:35,716 [ERROR] LogOutputStream:75 - [STDERR_REDIRECT] 
2025-09-03 22:45:36,687 [ERROR] LogOutputStream:75 - [STDERR_REDIRECT] [Fatal Error] :1:1: Premature end of file.
2025-09-03 22:45:36,687 [ERROR] LogOutputStream:75 - [STDERR_REDIRECT] 
2025-09-03 22:45:37,589 [ERROR] LogOutputStream:75 - [STDERR_REDIRECT] [Fatal Error] :1:1: Premature end of file.
2025-09-03 22:45:37,590 [ERROR] LogOutputStream:75 - [STDERR_REDIRECT] 
2025-09-03 22:45:38,723 [ERROR] LogOutputStream:75 - [STDERR_REDIRECT] [Fatal Error] :1:1: Premature end of file.
2025-09-03 22:45:38,723 [ERROR] LogOutputStream:75 - [STDERR_REDIRECT] 
2025-09-03 22:45:39,711 [ERROR] LogOutputStream:75 - [STDERR_REDIRECT] [Fatal Error] :1:1: Premature end of file.
2025-09-03 22:45:39,711 [ERROR] LogOutputStream:75 - [STDERR_REDIRECT] 
2025-09-03 22:45:40,693 [ERROR] LogOutputStream:75 - [STDERR_REDIRECT] [Fatal Error] :1:1: Premature end of file.
2025-09-03 22:45:40,693 [ERROR] LogOutputStream:75 - [STDERR_REDIRECT] 
2025-09-03 22:45:41,670 [ERROR] LogOutputStream:75 - [STDERR_REDIRECT] [Fatal Error] :1:1: Premature end of file.
2025-09-03 22:45:41,670 [ERROR] LogOutputStream:75 - [STDERR_REDIRECT] 
2025-09-03 22:45:42,729 [ERROR] LogOutputStream:75 - [STDERR_REDIRECT] [Fatal Error] :1:1: Premature end of file.
2025-09-03 22:45:42,730 [ERROR] LogOutputStream:75 - [STDERR_REDIRECT] 
2025-09-03 22:45:43,630 [ERROR] LogOutputStream:75 - [STDERR_REDIRECT] [Fatal Error] :1:1: Premature end of file.
2025-09-03 22:45:43,630 [ERROR] LogOutputStream:75 - [STDERR_REDIRECT] 
2025-09-03 22:45:44,680 [ERROR] LogOutputStream:75 - [STDERR_REDIRECT] [Fatal Error] :1:1: Premature end of file.
2025-09-03 22:45:44,682 [ERROR] LogOutputStream:75 - [STDERR_REDIRECT] 
2025-09-03 22:45:45,713 [ERROR] LogOutputStream:75 - [STDERR_REDIRECT] [Fatal Error] :1:1: Premature end of file.
2025-09-03 22:45:45,714 [ERROR] LogOutputStream:75 - [STDERR_REDIRECT] 
2025-09-03 22:45:46,590 [ERROR] LogOutputStream:75 - [STDERR_REDIRECT] [Fatal Error] :1:1: Premature end of file.
2025-09-03 22:45:46,590 [ERROR] LogOutputStream:75 - [STDERR_REDIRECT] 
2025-09-03 22:45:47,593 [ERROR] LogOutputStream:75 - [STDERR_REDIRECT] [Fatal Error] :1:1: Premature end of file.
2025-09-03 22:45:47,593 [ERROR] LogOutputStream:75 - [STDERR_REDIRECT] 
2025-09-03 22:45:48,647 [ERROR] LogOutputStream:75 - [STDERR_REDIRECT] [Fatal Error] :1:1: Premature end of file.
2025-09-03 22:45:48,647 [ERROR] LogOutputStream:75 - [STDERR_REDIRECT] 
2025-09-03 22:45:49,725 [ERROR] LogOutputStream:75 - [STDERR_REDIRECT] [Fatal Error] :1:1: Premature end of file.
2025-09-03 22:45:49,725 [ERROR] LogOutputStream:75 - [STDERR_REDIRECT] 
2025-09-03 22:45:50,592 [ERROR] LogOutputStream:75 - [STDERR_REDIRECT] [Fatal Error] :1:1: Premature end of file.
2025-09-03 22:45:50,593 [ERROR] LogOutputStream:75 - [STDERR_REDIRECT] 
2025-09-03 22:45:51,598 [ERROR] LogOutputStream:75 - [STDERR_REDIRECT] [Fatal Error] :1:1: Premature end of file.
2025-09-03 22:45:51,598 [ERROR] LogOutputStream:75 - [STDERR_REDIRECT] 
2025-09-03 22:45:52,694 [ERROR] LogOutputStream:75 - [STDERR_REDIRECT] [Fatal Error] :1:1: Premature end of file.
2025-09-03 22:45:52,695 [ERROR] LogOutputStream:75 - [STDERR_REDIRECT] 
2025-09-03 22:45:53,615 [ERROR] LogOutputStream:75 - [STDERR_REDIRECT] [Fatal Error] :1:1: Premature end of file.
2025-09-03 22:45:53,615 [ERROR] LogOutputStream:75 - [STDERR_REDIRECT] 
2025-09-03 22:45:54,673 [ERROR] LogOutputStream:75 - [STDERR_REDIRECT] [Fatal Error] :1:1: Premature end of file.
2025-09-03 22:45:54,673 [ERROR] LogOutputStream:75 - [STDERR_REDIRECT] 
2025-09-03 22:45:55,659 [ERROR] LogOutputStream:75 - [STDERR_REDIRECT] [Fatal Error] :1:1: Premature end of file.
2025-09-03 22:45:55,660 [ERROR] LogOutputStream:75 - [STDERR_REDIRECT] 
2025-09-03 22:45:56,707 [ERROR] LogOutputStream:75 - [STDERR_REDIRECT] [Fatal Error] :1:1: Premature end of file.
2025-09-03 22:45:56,708 [ERROR] LogOutputStream:75 - [STDERR_REDIRECT] 
2025-09-03 22:45:57,683 [ERROR] LogOutputStream:75 - [STDERR_REDIRECT] [Fatal Error] :1:1: Premature end of file.
2025-09-03 22:45:57,683 [ERROR] LogOutputStream:75 - [STDERR_REDIRECT] 
2025-09-03 22:45:58,646 [ERROR] LogOutputStream:75 - [STDERR_REDIRECT] [Fatal Error] :1:1: Premature end of file.
2025-09-03 22:45:58,646 [ERROR] LogOutputStream:75 - [STDERR_REDIRECT] 
2025-09-03 22:45:59,722 [ERROR] LogOutputStream:75 - [STDERR_REDIRECT] [Fatal Error] :1:1: Premature end of file.
2025-09-03 22:45:59,722 [ERROR] LogOutputStream:75 - [STDERR_REDIRECT] 
2025-09-03 22:46:00,588 [ERROR] LogOutputStream:75 - [STDERR_REDIRECT] [Fatal Error] :1:1: Premature end of file.
2025-09-03 22:46:00,588 [ERROR] LogOutputStream:75 - [STDERR_REDIRECT] 
2025-09-03 22:46:01,646 [ERROR] LogOutputStream:75 - [STDERR_REDIRECT] [Fatal Error] :1:1: Premature end of file.
2025-09-03 22:46:01,646 [ERROR] LogOutputStream:75 - [STDERR_REDIRECT] 
2025-09-03 22:46:02,728 [ERROR] LogOutputStream:75 - [STDERR_REDIRECT] [Fatal Error] :1:1: Premature end of file.
2025-09-03 22:46:02,728 [ERROR] LogOutputStream:75 - [STDERR_REDIRECT] 
2025-09-03 22:46:03,728 [ERROR] LogOutputStream:75 - [STDERR_REDIRECT] [Fatal Error] :1:1: Premature end of file.
2025-09-03 22:46:03,729 [ERROR] LogOutputStream:75 - [STDERR_REDIRECT] 
2025-09-03 22:46:04,739 [ERROR] LogOutputStream:75 - [STDERR_REDIRECT] [Fatal Error] :1:1: Premature end of file.
2025-09-03 22:46:04,739 [ERROR] LogOutputStream:75 - [STDERR_REDIRECT] 
2025-09-03 22:46:05,724 [ERROR] LogOutputStream:75 - [STDERR_REDIRECT] [Fatal Error] :1:1: Premature end of file.
2025-09-03 22:46:05,725 [ERROR] LogOutputStream:75 - [STDERR_REDIRECT] 
2025-09-03 22:46:06,654 [ERROR] LogOutputStream:75 - [STDERR_REDIRECT] [Fatal Error] :1:1: Premature end of file.
2025-09-03 22:46:06,654 [ERROR] LogOutputStream:75 - [STDERR_REDIRECT] 
2025-09-03 22:46:07,600 [ERROR] LogOutputStream:75 - [STDERR_REDIRECT] [Fatal Error] :1:1: Premature end of file.
2025-09-03 22:46:07,600 [ERROR] LogOutputStream:75 - [STDERR_REDIRECT] 
2025-09-03 22:46:08,628 [ERROR] LogOutputStream:75 - [STDERR_REDIRECT] [Fatal Error] :1:1: Premature end of file.
2025-09-03 22:46:08,628 [ERROR] LogOutputStream:75 - [STDERR_REDIRECT] 
2025-09-03 22:46:09,683 [ERROR] LogOutputStream:75 - [STDERR_REDIRECT] [Fatal Error] :1:1: Premature end of file.
2025-09-03 22:46:09,683 [ERROR] LogOutputStream:75 - [STDERR_REDIRECT] 
2025-09-03 22:46:10,714 [ERROR] LogOutputStream:75 - [STDERR_REDIRECT] [Fatal Error] :1:1: Premature end of file.
2025-09-03 22:46:10,715 [ERROR] LogOutputStream:75 - [STDERR_REDIRECT] 
2025-09-03 22:46:11,683 [ERROR] LogOutputStream:75 - [STDERR_REDIRECT] [Fatal Error] :1:1: Premature end of file.
2025-09-03 22:46:11,683 [ERROR] LogOutputStream:75 - [STDERR_REDIRECT] 
2025-09-03 22:46:12,687 [ERROR] LogOutputStream:75 - [STDERR_REDIRECT] [Fatal Error] :1:1: Premature end of file.
2025-09-03 22:46:12,687 [ERROR] LogOutputStream:75 - [STDERR_REDIRECT] 
2025-09-03 22:46:13,592 [ERROR] LogOutputStream:75 - [STDERR_REDIRECT] [Fatal Error] :1:1: Premature end of file.
2025-09-03 22:46:13,592 [ERROR] LogOutputStream:75 - [STDERR_REDIRECT] 
2025-09-03 22:46:14,657 [ERROR] LogOutputStream:75 - [STDERR_REDIRECT] [Fatal Error] :1:1: Premature end of file.
2025-09-03 22:46:14,657 [ERROR] LogOutputStream:75 - [STDERR_REDIRECT] 
2025-09-03 22:46:15,686 [ERROR] LogOutputStream:75 - [STDERR_REDIRECT] [Fatal Error] :1:1: Premature end of file.
2025-09-03 22:46:15,686 [ERROR] LogOutputStream:75 - [STDERR_REDIRECT] 
2025-09-03 22:46:16,673 [ERROR] LogOutputStream:75 - [STDERR_REDIRECT] [Fatal Error] :1:1: Premature end of file.
2025-09-03 22:46:16,673 [ERROR] LogOutputStream:75 - [STDERR_REDIRECT] 
2025-09-03 22:46:17,676 [ERROR] LogOutputStream:75 - [STDERR_REDIRECT] [Fatal Error] :1:1: Premature end of file.
2025-09-03 22:46:17,676 [ERROR] LogOutputStream:75 - [STDERR_REDIRECT] 
2025-09-03 22:46:18,684 [ERROR] LogOutputStream:75 - [STDERR_REDIRECT] [Fatal Error] :1:1: Premature end of file.
2025-09-03 22:46:18,684 [ERROR] LogOutputStream:75 - [STDERR_REDIRECT] 
2025-09-03 22:46:19,716 [ERROR] LogOutputStream:75 - [STDERR_REDIRECT] [Fatal Error] :1:1: Premature end of file.
2025-09-03 22:46:19,717 [ERROR] LogOutputStream:75 - [STDERR_REDIRECT] 
2025-09-03 22:46:20,673 [ERROR] LogOutputStream:75 - [STDERR_REDIRECT] [Fatal Error] :1:1: Premature end of file.
2025-09-03 22:46:20,673 [ERROR] LogOutputStream:75 - [STDERR_REDIRECT] 
2025-09-03 22:46:21,703 [ERROR] LogOutputStream:75 - [STDERR_REDIRECT] [Fatal Error] :1:1: Premature end of file.
2025-09-03 22:46:21,704 [ERROR] LogOutputStream:75 - [STDERR_REDIRECT] 
2025-09-03 22:46:22,724 [ERROR] LogOutputStream:75 - [STDERR_REDIRECT] [Fatal Error] :1:1: Premature end of file.
2025-09-03 22:46:22,724 [ERROR] LogOutputStream:75 - [STDERR_REDIRECT] 
2025-09-03 22:46:23,717 [ERROR] LogOutputStream:75 - [STDERR_REDIRECT] [Fatal Error] :1:1: Premature end of file.
2025-09-03 22:46:23,717 [ERROR] LogOutputStream:75 - [STDERR_REDIRECT] 
2025-09-03 22:46:24,675 [ERROR] LogOutputStream:75 - [STDERR_REDIRECT] [Fatal Error] :1:1: Premature end of file.
2025-09-03 22:46:24,675 [ERROR] LogOutputStream:75 - [STDERR_REDIRECT] 
2025-09-03 22:46:25,625 [ERROR] LogOutputStream:75 - [STDERR_REDIRECT] [Fatal Error] :1:1: Premature end of file.
2025-09-03 22:46:25,626 [ERROR] LogOutputStream:75 - [STDERR_REDIRECT] 
2025-09-03 22:46:26,589 [ERROR] LogOutputStream:75 - [STDERR_REDIRECT] [Fatal Error] :1:1: Premature end of file.
2025-09-03 22:46:26,589 [ERROR] LogOutputStream:75 - [STDERR_REDIRECT] 
2025-09-03 22:46:27,720 [ERROR] LogOutputStream:75 - [STDERR_REDIRECT] [Fatal Error] :1:1: Premature end of file.
2025-09-03 22:46:27,720 [ERROR] LogOutputStream:75 - [STDERR_REDIRECT] 
2025-09-03 22:46:28,598 [ERROR] LogOutputStream:75 - [STDERR_REDIRECT] [Fatal Error] :1:1: Premature end of file.
2025-09-03 22:46:28,598 [ERROR] LogOutputStream:75 - [STDERR_REDIRECT] 
2025-09-03 22:46:29,676 [ERROR] LogOutputStream:75 - [STDERR_REDIRECT] [Fatal Error] :1:1: Premature end of file.
2025-09-03 22:46:29,676 [ERROR] LogOutputStream:75 - [STDERR_REDIRECT] 
2025-09-03 22:46:30,632 [ERROR] LogOutputStream:75 - [STDERR_REDIRECT] [Fatal Error] :1:1: Premature end of file.
2025-09-03 22:46:30,632 [ERROR] LogOutputStream:75 - [STDERR_REDIRECT] 
2025-09-03 22:46:31,591 [ERROR] LogOutputStream:75 - [STDERR_REDIRECT] [Fatal Error] :1:1: Premature end of file.
2025-09-03 22:46:31,592 [ERROR] LogOutputStream:75 - [STDERR_REDIRECT] 
2025-09-03 22:46:32,698 [ERROR] LogOutputStream:75 - [STDERR_REDIRECT] [Fatal Error] :1:1: Premature end of file.
2025-09-03 22:46:32,699 [ERROR] LogOutputStream:75 - [STDERR_REDIRECT] 
2025-09-03 22:46:33,722 [ERROR] LogOutputStream:75 - [STDERR_REDIRECT] [Fatal Error] :1:1: Premature end of file.
2025-09-03 22:46:33,722 [ERROR] LogOutputStream:75 - [STDERR_REDIRECT] 
2025-09-03 22:46:34,695 [ERROR] LogOutputStream:75 - [STDERR_REDIRECT] [Fatal Error] :1:1: Premature end of file.
2025-09-03 22:46:34,695 [ERROR] LogOutputStream:75 - [STDERR_REDIRECT] 
2025-09-03 22:46:35,700 [ERROR] LogOutputStream:75 - [STDERR_REDIRECT] [Fatal Error] :1:1: Premature end of file.
2025-09-03 22:46:35,700 [ERROR] LogOutputStream:75 - [STDERR_REDIRECT] 
2025-09-03 22:46:36,724 [ERROR] LogOutputStream:75 - [STDERR_REDIRECT] [Fatal Error] :1:1: Premature end of file.
2025-09-03 22:46:36,724 [ERROR] LogOutputStream:75 - [STDERR_REDIRECT] 
2025-09-03 22:46:37,642 [ERROR] LogOutputStream:75 - [STDERR_REDIRECT] [Fatal Error] :1:1: Premature end of file.
2025-09-03 22:46:37,643 [ERROR] LogOutputStream:75 - [STDERR_REDIRECT] 
2025-09-03 22:46:38,594 [ERROR] LogOutputStream:75 - [STDERR_REDIRECT] [Fatal Error] :1:1: Premature end of file.
2025-09-03 22:46:38,594 [ERROR] LogOutputStream:75 - [STDERR_REDIRECT] 
2025-09-03 22:46:39,727 [ERROR] LogOutputStream:75 - [STDERR_REDIRECT] [Fatal Error] :1:1: Premature end of file.
2025-09-03 22:46:39,727 [ERROR] LogOutputStream:75 - [STDERR_REDIRECT] 
2025-09-03 22:46:40,595 [ERROR] LogOutputStream:75 - [STDERR_REDIRECT] [Fatal Error] :1:1: Premature end of file.
2025-09-03 22:46:40,595 [ERROR] LogOutputStream:75 - [STDERR_REDIRECT] 
2025-09-03 22:46:41,598 [ERROR] LogOutputStream:75 - [STDERR_REDIRECT] [Fatal Error] :1:1: Premature end of file.
2025-09-03 22:46:41,598 [ERROR] LogOutputStream:75 - [STDERR_REDIRECT] 
2025-09-03 22:46:42,724 [ERROR] LogOutputStream:75 - [STDERR_REDIRECT] [Fatal Error] :1:1: Premature end of file.
2025-09-03 22:46:42,724 [ERROR] LogOutputStream:75 - [STDERR_REDIRECT] 
2025-09-03 22:46:43,592 [ERROR] LogOutputStream:75 - [STDERR_REDIRECT] [Fatal Error] :1:1: Premature end of file.
2025-09-03 22:46:43,592 [ERROR] LogOutputStream:75 - [STDERR_REDIRECT] 
2025-09-03 22:46:44,594 [ERROR] LogOutputStream:75 - [STDERR_REDIRECT] [Fatal Error] :1:1: Premature end of file.
2025-09-03 22:46:44,594 [ERROR] LogOutputStream:75 - [STDERR_REDIRECT] 
2025-09-03 22:46:45,726 [ERROR] LogOutputStream:75 - [STDERR_REDIRECT] [Fatal Error] :1:1: Premature end of file.
2025-09-03 22:46:45,726 [ERROR] LogOutputStream:75 - [STDERR_REDIRECT] 
2025-09-03 22:46:46,597 [ERROR] LogOutputStream:75 - [STDERR_REDIRECT] [Fatal Error] :1:1: Premature end of file.
2025-09-03 22:46:46,597 [ERROR] LogOutputStream:75 - [STDERR_REDIRECT] 
2025-09-03 22:46:47,685 [ERROR] LogOutputStream:75 - [STDERR_REDIRECT] [Fatal Error] :1:1: Premature end of file.
2025-09-03 22:46:47,685 [ERROR] LogOutputStream:75 - [STDERR_REDIRECT] 
2025-09-03 22:46:48,587 [ERROR] LogOutputStream:75 - [STDERR_REDIRECT] [Fatal Error] :1:1: Premature end of file.
2025-09-03 22:46:48,588 [ERROR] LogOutputStream:75 - [STDERR_REDIRECT] 
2025-09-03 22:46:49,724 [ERROR] LogOutputStream:75 - [STDERR_REDIRECT] [Fatal Error] :1:1: Premature end of file.
2025-09-03 22:46:49,724 [ERROR] LogOutputStream:75 - [STDERR_REDIRECT] 
2025-09-03 22:46:50,595 [ERROR] LogOutputStream:75 - [STDERR_REDIRECT] [Fatal Error] :1:1: Premature end of file.
2025-09-03 22:46:50,595 [ERROR] LogOutputStream:75 - [STDERR_REDIRECT] 
2025-09-03 22:46:51,677 [ERROR] LogOutputStream:75 - [STDERR_REDIRECT] [Fatal Error] :1:1: Premature end of file.
2025-09-03 22:46:51,677 [ERROR] LogOutputStream:75 - [STDERR_REDIRECT] 
2025-09-03 22:46:52,697 [ERROR] LogOutputStream:75 - [STDERR_REDIRECT] [Fatal Error] :1:1: Premature end of file.
2025-09-03 22:46:52,697 [ERROR] LogOutputStream:75 - [STDERR_REDIRECT] 
2025-09-03 22:46:53,726 [ERROR] LogOutputStream:75 - [STDERR_REDIRECT] [Fatal Error] :1:1: Premature end of file.
2025-09-03 22:46:53,727 [ERROR] LogOutputStream:75 - [STDERR_REDIRECT] 
2025-09-03 22:46:54,724 [ERROR] LogOutputStream:75 - [STDERR_REDIRECT] [Fatal Error] :1:1: Premature end of file.
2025-09-03 22:46:54,725 [ERROR] LogOutputStream:75 - [STDERR_REDIRECT] 
2025-09-03 22:46:55,650 [ERROR] LogOutputStream:75 - [STDERR_REDIRECT] [Fatal Error] :1:1: Premature end of file.
2025-09-03 22:46:55,650 [ERROR] LogOutputStream:75 - [STDERR_REDIRECT] 
2025-09-03 22:46:56,680 [ERROR] LogOutputStream:75 - [STDERR_REDIRECT] [Fatal Error] :1:1: Premature end of file.
2025-09-03 22:46:56,680 [ERROR] LogOutputStream:75 - [STDERR_REDIRECT] 
2025-09-03 22:46:57,712 [ERROR] LogOutputStream:75 - [STDERR_REDIRECT] [Fatal Error] :1:1: Premature end of file.
2025-09-03 22:46:57,712 [ERROR] LogOutputStream:75 - [STDERR_REDIRECT] 
2025-09-03 22:46:58,680 [ERROR] LogOutputStream:75 - [STDERR_REDIRECT] [Fatal Error] :1:1: Premature end of file.
2025-09-03 22:46:58,680 [ERROR] LogOutputStream:75 - [STDERR_REDIRECT] 
2025-09-03 22:46:59,697 [ERROR] LogOutputStream:75 - [STDERR_REDIRECT] [Fatal Error] :1:1: Premature end of file.
2025-09-03 22:46:59,698 [ERROR] LogOutputStream:75 - [STDERR_REDIRECT] 
2025-09-03 22:47:00,700 [ERROR] LogOutputStream:75 - [STDERR_REDIRECT] [Fatal Error] :1:1: Premature end of file.
2025-09-03 22:47:00,700 [ERROR] LogOutputStream:75 - [STDERR_REDIRECT] 
2025-09-03 22:47:01,666 [ERROR] LogOutputStream:75 - [STDERR_REDIRECT] [Fatal Error] :1:1: Premature end of file.
2025-09-03 22:47:01,666 [ERROR] LogOutputStream:75 - [STDERR_REDIRECT] 
2025-09-03 22:47:02,595 [ERROR] LogOutputStream:75 - [STDERR_REDIRECT] [Fatal Error] :1:1: Premature end of file.
2025-09-03 22:47:02,595 [ERROR] LogOutputStream:75 - [STDERR_REDIRECT] 
2025-09-03 22:47:03,728 [ERROR] LogOutputStream:75 - [STDERR_REDIRECT] [Fatal Error] :1:1: Premature end of file.
2025-09-03 22:47:03,729 [ERROR] LogOutputStream:75 - [STDERR_REDIRECT] 
2025-09-03 22:47:04,673 [ERROR] LogOutputStream:75 - [STDERR_REDIRECT] [Fatal Error] :1:1: Premature end of file.
2025-09-03 22:47:04,673 [ERROR] LogOutputStream:75 - [STDERR_REDIRECT] 
2025-09-03 22:47:05,690 [ERROR] LogOutputStream:75 - [STDERR_REDIRECT] [Fatal Error] :1:1: Premature end of file.
2025-09-03 22:47:05,690 [ERROR] LogOutputStream:75 - [STDERR_REDIRECT] 
2025-09-03 22:47:06,728 [ERROR] LogOutputStream:75 - [STDERR_REDIRECT] [Fatal Error] :1:1: Premature end of file.
2025-09-03 22:47:06,728 [ERROR] LogOutputStream:75 - [STDERR_REDIRECT] 
2025-09-03 22:47:07,723 [ERROR] LogOutputStream:75 - [STDERR_REDIRECT] [Fatal Error] :1:1: Premature end of file.
2025-09-03 22:47:07,723 [ERROR] LogOutputStream:75 - [STDERR_REDIRECT] 
2025-09-03 22:47:08,678 [ERROR] LogOutputStream:75 - [STDERR_REDIRECT] [Fatal Error] :1:1: Premature end of file.
2025-09-03 22:47:08,678 [ERROR] LogOutputStream:75 - [STDERR_REDIRECT] 
2025-09-03 22:47:09,595 [ERROR] LogOutputStream:75 - [STDERR_REDIRECT] [Fatal Error] :1:1: Premature end of file.
2025-09-03 22:47:09,595 [ERROR] LogOutputStream:75 - [STDERR_REDIRECT] 
2025-09-03 22:47:10,602 [ERROR] LogOutputStream:75 - [STDERR_REDIRECT] [Fatal Error] :1:1: Premature end of file.
2025-09-03 22:47:10,602 [ERROR] LogOutputStream:75 - [STDERR_REDIRECT] 
2025-09-03 22:47:11,612 [ERROR] LogOutputStream:75 - [STDERR_REDIRECT] [Fatal Error] :1:1: Premature end of file.
2025-09-03 22:47:11,612 [ERROR] LogOutputStream:75 - [STDERR_REDIRECT] 
2025-09-03 22:47:12,672 [ERROR] LogOutputStream:75 - [STDERR_REDIRECT] [Fatal Error] :1:1: Premature end of file.
2025-09-03 22:47:12,672 [ERROR] LogOutputStream:75 - [STDERR_REDIRECT] 
2025-09-03 22:47:13,616 [ERROR] LogOutputStream:75 - [STDERR_REDIRECT] [Fatal Error] :1:1: Premature end of file.
2025-09-03 22:47:13,616 [ERROR] LogOutputStream:75 - [STDERR_REDIRECT] 
2025-09-03 22:47:14,599 [ERROR] LogOutputStream:75 - [STDERR_REDIRECT] [Fatal Error] :1:1: Premature end of file.
2025-09-03 22:47:14,599 [ERROR] LogOutputStream:75 - [STDERR_REDIRECT] 
2025-09-03 22:47:15,680 [ERROR] LogOutputStream:75 - [STDERR_REDIRECT] [Fatal Error] :1:1: Premature end of file.
2025-09-03 22:47:15,680 [ERROR] LogOutputStream:75 - [STDERR_REDIRECT] 
2025-09-03 22:47:16,604 [ERROR] LogOutputStream:75 - [STDERR_REDIRECT] [Fatal Error] :1:1: Premature end of file.
2025-09-03 22:47:16,605 [ERROR] LogOutputStream:75 - [STDERR_REDIRECT] 
2025-09-03 22:47:17,646 [ERROR] LogOutputStream:75 - [STDERR_REDIRECT] [Fatal Error] :1:1: Premature end of file.
2025-09-03 22:47:17,646 [ERROR] LogOutputStream:75 - [STDERR_REDIRECT] 
2025-09-03 22:47:18,715 [ERROR] LogOutputStream:75 - [STDERR_REDIRECT] [Fatal Error] :1:1: Premature end of file.
2025-09-03 22:47:18,716 [ERROR] LogOutputStream:75 - [STDERR_REDIRECT] 
2025-09-03 22:47:19,666 [ERROR] LogOutputStream:75 - [STDERR_REDIRECT] [Fatal Error] :1:1: Premature end of file.
2025-09-03 22:47:19,666 [ERROR] LogOutputStream:75 - [STDERR_REDIRECT] 
2025-09-03 22:47:20,743 [ERROR] LogOutputStream:75 - [STDERR_REDIRECT] [Fatal Error] :1:1: Premature end of file.
2025-09-03 22:47:20,744 [ERROR] LogOutputStream:75 - [STDERR_REDIRECT] 
2025-09-03 22:47:21,683 [ERROR] LogOutputStream:75 - [STDERR_REDIRECT] [Fatal Error] :1:1: Premature end of file.
2025-09-03 22:47:21,683 [ERROR] LogOutputStream:75 - [STDERR_REDIRECT] 
2025-09-03 22:47:22,717 [ERROR] LogOutputStream:75 - [STDERR_REDIRECT] [Fatal Error] :1:1: Premature end of file.
2025-09-03 22:47:22,717 [ERROR] LogOutputStream:75 - [STDERR_REDIRECT] 
2025-09-03 22:47:23,701 [ERROR] LogOutputStream:75 - [STDERR_REDIRECT] [Fatal Error] :1:1: Premature end of file.
2025-09-03 22:47:23,702 [ERROR] LogOutputStream:75 - [STDERR_REDIRECT] 
2025-09-03 22:47:24,705 [ERROR] LogOutputStream:75 - [STDERR_REDIRECT] [Fatal Error] :1:1: Premature end of file.
2025-09-03 22:47:24,706 [ERROR] LogOutputStream:75 - [STDERR_REDIRECT] 
2025-09-03 22:47:25,687 [ERROR] LogOutputStream:75 - [STDERR_REDIRECT] [Fatal Error] :1:1: Premature end of file.
2025-09-03 22:47:25,687 [ERROR] LogOutputStream:75 - [STDERR_REDIRECT] 
2025-09-03 22:47:26,713 [ERROR] LogOutputStream:75 - [STDERR_REDIRECT] [Fatal Error] :1:1: Premature end of file.
2025-09-03 22:47:26,713 [ERROR] LogOutputStream:75 - [STDERR_REDIRECT] 
2025-09-03 22:47:27,708 [ERROR] LogOutputStream:75 - [STDERR_REDIRECT] [Fatal Error] :1:1: Premature end of file.
2025-09-03 22:47:27,708 [ERROR] LogOutputStream:75 - [STDERR_REDIRECT] 
2025-09-03 22:47:28,659 [ERROR] LogOutputStream:75 - [STDERR_REDIRECT] [Fatal Error] :1:1: Premature end of file.
2025-09-03 22:47:28,659 [ERROR] LogOutputStream:75 - [STDERR_REDIRECT] 
2025-09-03 22:47:29,607 [ERROR] LogOutputStream:75 - [STDERR_REDIRECT] [Fatal Error] :1:1: Premature end of file.
2025-09-03 22:47:29,607 [ERROR] LogOutputStream:75 - [STDERR_REDIRECT] 
2025-09-03 22:47:30,708 [ERROR] LogOutputStream:75 - [STDERR_REDIRECT] [Fatal Error] :1:1: Premature end of file.
2025-09-03 22:47:30,708 [ERROR] LogOutputStream:75 - [STDERR_REDIRECT] 
2025-09-03 22:47:31,668 [ERROR] LogOutputStream:75 - [STDERR_REDIRECT] [Fatal Error] :1:1: Premature end of file.
2025-09-03 22:47:31,671 [ERROR] LogOutputStream:75 - [STDERR_REDIRECT] 
2025-09-03 22:47:32,716 [ERROR] LogOutputStream:75 - [STDERR_REDIRECT] [Fatal Error] :1:1: Premature end of file.
2025-09-03 22:47:32,717 [ERROR] LogOutputStream:75 - [STDERR_REDIRECT] 
2025-09-03 22:47:33,717 [ERROR] LogOutputStream:75 - [STDERR_REDIRECT] [Fatal Error] :1:1: Premature end of file.
2025-09-03 22:47:33,717 [ERROR] LogOutputStream:75 - [STDERR_REDIRECT] 
2025-09-03 22:47:34,743 [ERROR] LogOutputStream:75 - [STDERR_REDIRECT] [Fatal Error] :1:1: Premature end of file.
2025-09-03 22:47:34,743 [ERROR] LogOutputStream:75 - [STDERR_REDIRECT] 
2025-09-03 22:47:35,715 [ERROR] LogOutputStream:75 - [STDERR_REDIRECT] [Fatal Error] :1:1: Premature end of file.
2025-09-03 22:47:35,715 [ERROR] LogOutputStream:75 - [STDERR_REDIRECT] 
2025-09-03 22:47:36,672 [ERROR] LogOutputStream:75 - [STDERR_REDIRECT] [Fatal Error] :1:1: Premature end of file.
2025-09-03 22:47:36,673 [ERROR] LogOutputStream:75 - [STDERR_REDIRECT] 
2025-09-03 22:47:37,678 [ERROR] LogOutputStream:75 - [STDERR_REDIRECT] [Fatal Error] :1:1: Premature end of file.
2025-09-03 22:47:37,678 [ERROR] LogOutputStream:75 - [STDERR_REDIRECT] 
2025-09-03 22:47:38,667 [ERROR] LogOutputStream:75 - [STDERR_REDIRECT] [Fatal Error] :1:1: Premature end of file.
2025-09-03 22:47:38,667 [ERROR] LogOutputStream:75 - [STDERR_REDIRECT] 
2025-09-03 22:47:39,714 [ERROR] LogOutputStream:75 - [STDERR_REDIRECT] [Fatal Error] :1:1: Premature end of file.
2025-09-03 22:47:39,714 [ERROR] LogOutputStream:75 - [STDERR_REDIRECT] 
2025-09-03 22:47:40,695 [ERROR] LogOutputStream:75 - [STDERR_REDIRECT] [Fatal Error] :1:1: Premature end of file.
2025-09-03 22:47:40,695 [ERROR] LogOutputStream:75 - [STDERR_REDIRECT] 
2025-09-03 22:47:41,710 [ERROR] LogOutputStream:75 - [STDERR_REDIRECT] [Fatal Error] :1:1: Premature end of file.
2025-09-03 22:47:41,712 [ERROR] LogOutputStream:75 - [STDERR_REDIRECT] 
2025-09-03 22:47:42,715 [ERROR] LogOutputStream:75 - [STDERR_REDIRECT] [Fatal Error] :1:1: Premature end of file.
2025-09-03 22:47:42,715 [ERROR] LogOutputStream:75 - [STDERR_REDIRECT] 
2025-09-03 22:47:43,722 [ERROR] LogOutputStream:75 - [STDERR_REDIRECT] [Fatal Error] :1:1: Premature end of file.
2025-09-03 22:47:43,723 [ERROR] LogOutputStream:75 - [STDERR_REDIRECT] 
2025-09-03 22:47:44,593 [ERROR] LogOutputStream:75 - [STDERR_REDIRECT] [Fatal Error] :1:1: Premature end of file.
2025-09-03 22:47:44,593 [ERROR] LogOutputStream:75 - [STDERR_REDIRECT] 
2025-09-03 22:47:45,725 [ERROR] LogOutputStream:75 - [STDERR_REDIRECT] [Fatal Error] :1:1: Premature end of file.
2025-09-03 22:47:45,726 [ERROR] LogOutputStream:75 - [STDERR_REDIRECT] 
2025-09-03 22:47:46,693 [ERROR] LogOutputStream:75 - [STDERR_REDIRECT] [Fatal Error] :1:1: Premature end of file.
2025-09-03 22:47:46,693 [ERROR] LogOutputStream:75 - [STDERR_REDIRECT] 
2025-09-03 22:47:47,710 [ERROR] LogOutputStream:75 - [STDERR_REDIRECT] [Fatal Error] :1:1: Premature end of file.
2025-09-03 22:47:47,710 [ERROR] LogOutputStream:75 - [STDERR_REDIRECT] 
2025-09-03 22:47:48,711 [ERROR] LogOutputStream:75 - [STDERR_REDIRECT] [Fatal Error] :1:1: Premature end of file.
2025-09-03 22:47:48,712 [ERROR] LogOutputStream:75 - [STDERR_REDIRECT] 
2025-09-03 22:47:49,636 [ERROR] LogOutputStream:75 - [STDERR_REDIRECT] [Fatal Error] :1:1: Premature end of file.
2025-09-03 22:47:49,637 [ERROR] LogOutputStream:75 - [STDERR_REDIRECT] 
2025-09-03 22:47:50,659 [ERROR] LogOutputStream:75 - [STDERR_REDIRECT] [Fatal Error] :1:1: Premature end of file.
2025-09-03 22:47:50,659 [ERROR] LogOutputStream:75 - [STDERR_REDIRECT] 
2025-09-03 22:47:51,721 [ERROR] LogOutputStream:75 - [STDERR_REDIRECT] [Fatal Error] :1:1: Premature end of file.
2025-09-03 22:47:51,722 [ERROR] LogOutputStream:75 - [STDERR_REDIRECT] 
2025-09-03 22:47:52,657 [ERROR] LogOutputStream:75 - [STDERR_REDIRECT] [Fatal Error] :1:1: Premature end of file.
2025-09-03 22:47:52,658 [ERROR] LogOutputStream:75 - [STDERR_REDIRECT] 
2025-09-03 22:47:53,718 [ERROR] LogOutputStream:75 - [STDERR_REDIRECT] [Fatal Error] :1:1: Premature end of file.
2025-09-03 22:47:53,719 [ERROR] LogOutputStream:75 - [STDERR_REDIRECT] 
2025-09-03 22:47:54,711 [ERROR] LogOutputStream:75 - [STDERR_REDIRECT] [Fatal Error] :1:1: Premature end of file.
2025-09-03 22:47:54,711 [ERROR] LogOutputStream:75 - [STDERR_REDIRECT] 
2025-09-03 22:47:55,694 [ERROR] LogOutputStream:75 - [STDERR_REDIRECT] [Fatal Error] :1:1: Premature end of file.
2025-09-03 22:47:55,694 [ERROR] LogOutputStream:75 - [STDERR_REDIRECT] 
2025-09-03 22:47:56,717 [ERROR] LogOutputStream:75 - [STDERR_REDIRECT] [Fatal Error] :1:1: Premature end of file.
2025-09-03 22:47:56,717 [ERROR] LogOutputStream:75 - [STDERR_REDIRECT] 
2025-09-03 22:47:57,665 [ERROR] LogOutputStream:75 - [STDERR_REDIRECT] [Fatal Error] :1:1: Premature end of file.
2025-09-03 22:47:57,665 [ERROR] LogOutputStream:75 - [STDERR_REDIRECT] 
2025-09-03 22:47:58,743 [ERROR] LogOutputStream:75 - [STDERR_REDIRECT] [Fatal Error] :1:1: Premature end of file.
2025-09-03 22:47:58,743 [ERROR] LogOutputStream:75 - [STDERR_REDIRECT] 
2025-09-03 22:47:59,657 [ERROR] LogOutputStream:75 - [STDERR_REDIRECT] [Fatal Error] :1:1: Premature end of file.
2025-09-03 22:47:59,657 [ERROR] LogOutputStream:75 - [STDERR_REDIRECT] 
2025-09-03 22:48:00,694 [ERROR] LogOutputStream:75 - [STDERR_REDIRECT] [Fatal Error] :1:1: Premature end of file.
2025-09-03 22:48:00,695 [ERROR] LogOutputStream:75 - [STDERR_REDIRECT] 
2025-09-03 22:48:01,689 [ERROR] LogOutputStream:75 - [STDERR_REDIRECT] [Fatal Error] :1:1: Premature end of file.
2025-09-03 22:48:01,689 [ERROR] LogOutputStream:75 - [STDERR_REDIRECT] 
2025-09-03 22:48:02,606 [ERROR] LogOutputStream:75 - [STDERR_REDIRECT] [Fatal Error] :1:1: Premature end of file.
2025-09-03 22:48:02,607 [ERROR] LogOutputStream:75 - [STDERR_REDIRECT] 
2025-09-03 22:48:03,725 [ERROR] LogOutputStream:75 - [STDERR_REDIRECT] [Fatal Error] :1:1: Premature end of file.
2025-09-03 22:48:03,726 [ERROR] LogOutputStream:75 - [STDERR_REDIRECT] 
2025-09-03 22:48:04,714 [ERROR] LogOutputStream:75 - [STDERR_REDIRECT] [Fatal Error] :1:1: Premature end of file.
2025-09-03 22:48:04,714 [ERROR] LogOutputStream:75 - [STDERR_REDIRECT] 
2025-09-03 22:48:05,697 [ERROR] LogOutputStream:75 - [STDERR_REDIRECT] [Fatal Error] :1:1: Premature end of file.
2025-09-03 22:48:05,697 [ERROR] LogOutputStream:75 - [STDERR_REDIRECT] 
2025-09-03 22:48:06,651 [ERROR] LogOutputStream:75 - [STDERR_REDIRECT] [Fatal Error] :1:1: Premature end of file.
2025-09-03 22:48:06,653 [ERROR] LogOutputStream:75 - [STDERR_REDIRECT] 
2025-09-03 22:48:07,682 [ERROR] LogOutputStream:75 - [STDERR_REDIRECT] [Fatal Error] :1:1: Premature end of file.
2025-09-03 22:48:07,683 [ERROR] LogOutputStream:75 - [STDERR_REDIRECT] 
2025-09-03 22:48:08,693 [ERROR] LogOutputStream:75 - [STDERR_REDIRECT] [Fatal Error] :1:1: Premature end of file.
2025-09-03 22:48:08,694 [ERROR] LogOutputStream:75 - [STDERR_REDIRECT] 
2025-09-03 22:48:09,599 [ERROR] LogOutputStream:75 - [STDERR_REDIRECT] [Fatal Error] :1:1: Premature end of file.
2025-09-03 22:48:09,599 [ERROR] LogOutputStream:75 - [STDERR_REDIRECT] 
2025-09-03 22:48:10,691 [ERROR] LogOutputStream:75 - [STDERR_REDIRECT] [Fatal Error] :1:1: Premature end of file.
2025-09-03 22:48:10,692 [ERROR] LogOutputStream:75 - [STDERR_REDIRECT] 
2025-09-03 22:48:11,693 [ERROR] LogOutputStream:75 - [STDERR_REDIRECT] [Fatal Error] :1:1: Premature end of file.
2025-09-03 22:48:11,693 [ERROR] LogOutputStream:75 - [STDERR_REDIRECT] 
2025-09-03 22:48:12,705 [ERROR] LogOutputStream:75 - [STDERR_REDIRECT] [Fatal Error] :1:1: Premature end of file.
2025-09-03 22:48:12,705 [ERROR] LogOutputStream:75 - [STDERR_REDIRECT] 
2025-09-03 22:48:13,595 [ERROR] LogOutputStream:75 - [STDERR_REDIRECT] [Fatal Error] :1:1: Premature end of file.
2025-09-03 22:48:13,595 [ERROR] LogOutputStream:75 - [STDERR_REDIRECT] 
2025-09-03 22:48:14,594 [ERROR] LogOutputStream:75 - [STDERR_REDIRECT] [Fatal Error] :1:1: Premature end of file.
2025-09-03 22:48:14,594 [ERROR] LogOutputStream:75 - [STDERR_REDIRECT] 
2025-09-03 22:48:15,713 [ERROR] LogOutputStream:75 - [STDERR_REDIRECT] [Fatal Error] :1:1: Premature end of file.
2025-09-03 22:48:15,713 [ERROR] LogOutputStream:75 - [STDERR_REDIRECT] 
2025-09-03 22:48:16,691 [ERROR] LogOutputStream:75 - [STDERR_REDIRECT] [Fatal Error] :1:1: Premature end of file.
2025-09-03 22:48:16,692 [ERROR] LogOutputStream:75 - [STDERR_REDIRECT] 
2025-09-03 22:48:17,729 [ERROR] LogOutputStream:75 - [STDERR_REDIRECT] [Fatal Error] :1:1: Premature end of file.
2025-09-03 22:48:17,729 [ERROR] LogOutputStream:75 - [STDERR_REDIRECT] 
2025-09-03 22:48:18,714 [ERROR] LogOutputStream:75 - [STDERR_REDIRECT] [Fatal Error] :1:1: Premature end of file.
2025-09-03 22:48:18,714 [ERROR] LogOutputStream:75 - [STDERR_REDIRECT] 
2025-09-03 22:48:19,595 [ERROR] LogOutputStream:75 - [STDERR_REDIRECT] [Fatal Error] :1:1: Premature end of file.
2025-09-03 22:48:19,595 [ERROR] LogOutputStream:75 - [STDERR_REDIRECT] 
2025-09-03 22:48:20,616 [ERROR] LogOutputStream:75 - [STDERR_REDIRECT] [Fatal Error] :1:1: Premature end of file.
2025-09-03 22:48:20,616 [ERROR] LogOutputStream:75 - [STDERR_REDIRECT] 
2025-09-03 22:48:21,623 [ERROR] LogOutputStream:75 - [STDERR_REDIRECT] [Fatal Error] :1:1: Premature end of file.
2025-09-03 22:48:21,623 [ERROR] LogOutputStream:75 - [STDERR_REDIRECT] 
2025-09-03 22:48:22,685 [ERROR] LogOutputStream:75 - [STDERR_REDIRECT] [Fatal Error] :1:1: Premature end of file.
2025-09-03 22:48:22,686 [ERROR] LogOutputStream:75 - [STDERR_REDIRECT] 
2025-09-03 22:48:23,717 [ERROR] LogOutputStream:75 - [STDERR_REDIRECT] [Fatal Error] :1:1: Premature end of file.
2025-09-03 22:48:23,717 [ERROR] LogOutputStream:75 - [STDERR_REDIRECT] 
2025-09-03 22:48:24,708 [ERROR] LogOutputStream:75 - [STDERR_REDIRECT] [Fatal Error] :1:1: Premature end of file.
2025-09-03 22:48:24,709 [ERROR] LogOutputStream:75 - [STDERR_REDIRECT] 
2025-09-03 22:48:25,727 [ERROR] LogOutputStream:75 - [STDERR_REDIRECT] [Fatal Error] :1:1: Premature end of file.
2025-09-03 22:48:25,728 [ERROR] LogOutputStream:75 - [STDERR_REDIRECT] 
2025-09-03 22:48:26,713 [ERROR] LogOutputStream:75 - [STDERR_REDIRECT] [Fatal Error] :1:1: Premature end of file.
2025-09-03 22:48:26,713 [ERROR] LogOutputStream:75 - [STDERR_REDIRECT] 
2025-09-03 22:48:27,711 [ERROR] LogOutputStream:75 - [STDERR_REDIRECT] [Fatal Error] :1:1: Premature end of file.
2025-09-03 22:48:27,712 [ERROR] LogOutputStream:75 - [STDERR_REDIRECT] 
2025-09-03 22:48:28,703 [ERROR] LogOutputStream:75 - [STDERR_REDIRECT] [Fatal Error] :1:1: Premature end of file.
2025-09-03 22:48:28,703 [ERROR] LogOutputStream:75 - [STDERR_REDIRECT] 
2025-09-03 22:48:29,686 [ERROR] LogOutputStream:75 - [STDERR_REDIRECT] [Fatal Error] :1:1: Premature end of file.
2025-09-03 22:48:29,686 [ERROR] LogOutputStream:75 - [STDERR_REDIRECT] 
2025-09-03 22:48:30,749 [ERROR] LogOutputStream:75 - [STDERR_REDIRECT] [Fatal Error] :1:1: Premature end of file.
2025-09-03 22:48:30,750 [ERROR] LogOutputStream:75 - [STDERR_REDIRECT] 
2025-09-03 22:48:31,639 [ERROR] LogOutputStream:75 - [STDERR_REDIRECT] [Fatal Error] :1:1: Premature end of file.
2025-09-03 22:48:31,640 [ERROR] LogOutputStream:75 - [STDERR_REDIRECT] 
2025-09-03 22:48:32,690 [ERROR] LogOutputStream:75 - [STDERR_REDIRECT] [Fatal Error] :1:1: Premature end of file.
2025-09-03 22:48:32,690 [ERROR] LogOutputStream:75 - [STDERR_REDIRECT] 
2025-09-03 22:48:33,694 [ERROR] LogOutputStream:75 - [STDERR_REDIRECT] [Fatal Error] :1:1: Premature end of file.
2025-09-03 22:48:33,694 [ERROR] LogOutputStream:75 - [STDERR_REDIRECT] 
2025-09-03 22:48:34,662 [ERROR] LogOutputStream:75 - [STDERR_REDIRECT] [Fatal Error] :1:1: Premature end of file.
2025-09-03 22:48:34,663 [ERROR] LogOutputStream:75 - [STDERR_REDIRECT] 
2025-09-03 22:48:35,674 [ERROR] LogOutputStream:75 - [STDERR_REDIRECT] [Fatal Error] :1:1: Premature end of file.
2025-09-03 22:48:35,674 [ERROR] LogOutputStream:75 - [STDERR_REDIRECT] 
2025-09-03 22:48:36,724 [ERROR] LogOutputStream:75 - [STDERR_REDIRECT] [Fatal Error] :1:1: Premature end of file.
2025-09-03 22:48:36,724 [ERROR] LogOutputStream:75 - [STDERR_REDIRECT] 
2025-09-03 22:48:37,666 [ERROR] LogOutputStream:75 - [STDERR_REDIRECT] [Fatal Error] :1:1: Premature end of file.
2025-09-03 22:48:37,666 [ERROR] LogOutputStream:75 - [STDERR_REDIRECT] 
2025-09-03 22:48:38,733 [ERROR] LogOutputStream:75 - [STDERR_REDIRECT] [Fatal Error] :1:1: Premature end of file.
2025-09-03 22:48:38,734 [ERROR] LogOutputStream:75 - [STDERR_REDIRECT] 
2025-09-03 22:48:39,716 [ERROR] LogOutputStream:75 - [STDERR_REDIRECT] [Fatal Error] :1:1: Premature end of file.
2025-09-03 22:48:39,716 [ERROR] LogOutputStream:75 - [STDERR_REDIRECT] 
2025-09-03 22:48:40,599 [ERROR] LogOutputStream:75 - [STDERR_REDIRECT] [Fatal Error] :1:1: Premature end of file.
2025-09-03 22:48:40,600 [ERROR] LogOutputStream:75 - [STDERR_REDIRECT] 
2025-09-03 22:48:41,654 [ERROR] LogOutputStream:75 - [STDERR_REDIRECT] [Fatal Error] :1:1: Premature end of file.
2025-09-03 22:48:41,654 [ERROR] LogOutputStream:75 - [STDERR_REDIRECT] 
2025-09-03 22:48:42,699 [ERROR] LogOutputStream:75 - [STDERR_REDIRECT] [Fatal Error] :1:1: Premature end of file.
2025-09-03 22:48:42,699 [ERROR] LogOutputStream:75 - [STDERR_REDIRECT] 
2025-09-03 22:48:43,604 [ERROR] LogOutputStream:75 - [STDERR_REDIRECT] [Fatal Error] :1:1: Premature end of file.
2025-09-03 22:48:43,604 [ERROR] LogOutputStream:75 - [STDERR_REDIRECT] 
2025-09-03 22:48:44,642 [ERROR] LogOutputStream:75 - [STDERR_REDIRECT] [Fatal Error] :1:1: Premature end of file.
2025-09-03 22:48:44,642 [ERROR] LogOutputStream:75 - [STDERR_REDIRECT] 
2025-09-03 22:48:45,691 [ERROR] LogOutputStream:75 - [STDERR_REDIRECT] [Fatal Error] :1:1: Premature end of file.
2025-09-03 22:48:45,692 [ERROR] LogOutputStream:75 - [STDERR_REDIRECT] 
2025-09-03 22:48:46,708 [ERROR] LogOutputStream:75 - [STDERR_REDIRECT] [Fatal Error] :1:1: Premature end of file.
2025-09-03 22:48:46,708 [ERROR] LogOutputStream:75 - [STDERR_REDIRECT] 
2025-09-03 22:48:47,713 [ERROR] LogOutputStream:75 - [STDERR_REDIRECT] [Fatal Error] :1:1: Premature end of file.
2025-09-03 22:48:47,713 [ERROR] LogOutputStream:75 - [STDERR_REDIRECT] 
2025-09-03 22:48:48,716 [ERROR] LogOutputStream:75 - [STDERR_REDIRECT] [Fatal Error] :1:1: Premature end of file.
2025-09-03 22:48:48,716 [ERROR] LogOutputStream:75 - [STDERR_REDIRECT] 
2025-09-03 22:48:49,717 [ERROR] LogOutputStream:75 - [STDERR_REDIRECT] [Fatal Error] :1:1: Premature end of file.
2025-09-03 22:48:49,717 [ERROR] LogOutputStream:75 - [STDERR_REDIRECT] 
2025-09-03 22:48:50,587 [ERROR] LogOutputStream:75 - [STDERR_REDIRECT] [Fatal Error] :1:1: Premature end of file.
2025-09-03 22:48:50,587 [ERROR] LogOutputStream:75 - [STDERR_REDIRECT] 
2025-09-03 22:48:51,589 [ERROR] LogOutputStream:75 - [STDERR_REDIRECT] [Fatal Error] :1:1: Premature end of file.
2025-09-03 22:48:51,589 [ERROR] LogOutputStream:75 - [STDERR_REDIRECT] 
2025-09-03 22:48:52,722 [ERROR] LogOutputStream:75 - [STDERR_REDIRECT] [Fatal Error] :1:1: Premature end of file.
2025-09-03 22:48:52,723 [ERROR] LogOutputStream:75 - [STDERR_REDIRECT] 
2025-09-03 22:48:53,705 [ERROR] LogOutputStream:75 - [STDERR_REDIRECT] [Fatal Error] :1:1: Premature end of file.
2025-09-03 22:48:53,705 [ERROR] LogOutputStream:75 - [STDERR_REDIRECT] 
2025-09-03 22:48:54,720 [ERROR] LogOutputStream:75 - [STDERR_REDIRECT] [Fatal Error] :1:1: Premature end of file.
2025-09-03 22:48:54,721 [ERROR] LogOutputStream:75 - [STDERR_REDIRECT] 
2025-09-03 22:48:55,713 [ERROR] LogOutputStream:75 - [STDERR_REDIRECT] [Fatal Error] :1:1: Premature end of file.
2025-09-03 22:48:55,713 [ERROR] LogOutputStream:75 - [STDERR_REDIRECT] 
2025-09-03 22:48:56,656 [ERROR] LogOutputStream:75 - [STDERR_REDIRECT] [Fatal Error] :1:1: Premature end of file.
2025-09-03 22:48:56,656 [ERROR] LogOutputStream:75 - [STDERR_REDIRECT] 
2025-09-03 22:48:57,714 [ERROR] LogOutputStream:75 - [STDERR_REDIRECT] [Fatal Error] :1:1: Premature end of file.
2025-09-03 22:48:57,715 [ERROR] LogOutputStream:75 - [STDERR_REDIRECT] 
2025-09-03 22:48:58,713 [ERROR] LogOutputStream:75 - [STDERR_REDIRECT] [Fatal Error] :1:1: Premature end of file.
2025-09-03 22:48:58,713 [ERROR] LogOutputStream:75 - [STDERR_REDIRECT] 
2025-09-03 22:48:59,725 [ERROR] LogOutputStream:75 - [STDERR_REDIRECT] [Fatal Error] :1:1: Premature end of file.
2025-09-03 22:48:59,725 [ERROR] LogOutputStream:75 - [STDERR_REDIRECT] 
2025-09-03 22:49:00,657 [ERROR] LogOutputStream:75 - [STDERR_REDIRECT] [Fatal Error] :1:1: Premature end of file.
2025-09-03 22:49:00,657 [ERROR] LogOutputStream:75 - [STDERR_REDIRECT] 
2025-09-03 22:49:01,594 [ERROR] LogOutputStream:75 - [STDERR_REDIRECT] [Fatal Error] :1:1: Premature end of file.
2025-09-03 22:49:01,594 [ERROR] LogOutputStream:75 - [STDERR_REDIRECT] 
2025-09-03 22:49:02,600 [ERROR] LogOutputStream:75 - [STDERR_REDIRECT] [Fatal Error] :1:1: Premature end of file.
2025-09-03 22:49:02,600 [ERROR] LogOutputStream:75 - [STDERR_REDIRECT] 
2025-09-03 22:49:03,732 [ERROR] LogOutputStream:75 - [STDERR_REDIRECT] [Fatal Error] :1:1: Premature end of file.
2025-09-03 22:49:03,733 [ERROR] LogOutputStream:75 - [STDERR_REDIRECT] 
2025-09-03 22:49:04,650 [ERROR] LogOutputStream:75 - [STDERR_REDIRECT] [Fatal Error] :1:1: Premature end of file.
2025-09-03 22:49:04,652 [ERROR] LogOutputStream:75 - [STDERR_REDIRECT] 
2025-09-03 22:49:05,732 [ERROR] LogOutputStream:75 - [STDERR_REDIRECT] [Fatal Error] :1:1: Premature end of file.
2025-09-03 22:49:05,733 [ERROR] LogOutputStream:75 - [STDERR_REDIRECT] 
2025-09-03 22:49:06,598 [ERROR] LogOutputStream:75 - [STDERR_REDIRECT] [Fatal Error] :1:1: Premature end of file.
2025-09-03 22:49:06,598 [ERROR] LogOutputStream:75 - [STDERR_REDIRECT] 
2025-09-03 22:49:07,586 [ERROR] LogOutputStream:75 - [STDERR_REDIRECT] [Fatal Error] :1:1: Premature end of file.
2025-09-03 22:49:07,586 [ERROR] LogOutputStream:75 - [STDERR_REDIRECT] 
2025-09-03 22:49:08,682 [ERROR] LogOutputStream:75 - [STDERR_REDIRECT] [Fatal Error] :1:1: Premature end of file.
2025-09-03 22:49:08,682 [ERROR] LogOutputStream:75 - [STDERR_REDIRECT] 
2025-09-03 22:49:09,730 [ERROR] LogOutputStream:75 - [STDERR_REDIRECT] [Fatal Error] :1:1: Premature end of file.
2025-09-03 22:49:09,732 [ERROR] LogOutputStream:75 - [STDERR_REDIRECT] 
2025-09-03 22:49:10,596 [ERROR] LogOutputStream:75 - [STDERR_REDIRECT] [Fatal Error] :1:1: Premature end of file.
2025-09-03 22:49:10,596 [ERROR] LogOutputStream:75 - [STDERR_REDIRECT] 
2025-09-03 22:49:11,589 [ERROR] LogOutputStream:75 - [STDERR_REDIRECT] [Fatal Error] :1:1: Premature end of file.
2025-09-03 22:49:11,589 [ERROR] LogOutputStream:75 - [STDERR_REDIRECT] 
2025-09-03 22:49:12,587 [ERROR] LogOutputStream:75 - [STDERR_REDIRECT] [Fatal Error] :1:1: Premature end of file.
2025-09-03 22:49:12,587 [ERROR] LogOutputStream:75 - [STDERR_REDIRECT] 
2025-09-03 22:49:13,681 [ERROR] LogOutputStream:75 - [STDERR_REDIRECT] [Fatal Error] :1:1: Premature end of file.
2025-09-03 22:49:13,683 [ERROR] LogOutputStream:75 - [STDERR_REDIRECT] 
2025-09-03 22:49:14,615 [ERROR] LogOutputStream:75 - [STDERR_REDIRECT] [Fatal Error] :1:1: Premature end of file.
2025-09-03 22:49:14,615 [ERROR] LogOutputStream:75 - [STDERR_REDIRECT] 
2025-09-03 22:49:15,610 [ERROR] LogOutputStream:75 - [STDERR_REDIRECT] [Fatal Error] :1:1: Premature end of file.
2025-09-03 22:49:15,610 [ERROR] LogOutputStream:75 - [STDERR_REDIRECT] 
2025-09-03 22:49:16,587 [ERROR] LogOutputStream:75 - [STDERR_REDIRECT] [Fatal Error] :1:1: Premature end of file.
2025-09-03 22:49:16,587 [ERROR] LogOutputStream:75 - [STDERR_REDIRECT] 
2025-09-03 22:49:17,718 [ERROR] LogOutputStream:75 - [STDERR_REDIRECT] [Fatal Error] :1:1: Premature end of file.
2025-09-03 22:49:17,719 [ERROR] LogOutputStream:75 - [STDERR_REDIRECT] 
2025-09-03 22:49:18,728 [ERROR] LogOutputStream:75 - [STDERR_REDIRECT] [Fatal Error] :1:1: Premature end of file.
2025-09-03 22:49:18,729 [ERROR] LogOutputStream:75 - [STDERR_REDIRECT] 
2025-09-03 22:49:19,696 [ERROR] LogOutputStream:75 - [STDERR_REDIRECT] [Fatal Error] :1:1: Premature end of file.
2025-09-03 22:49:19,697 [ERROR] LogOutputStream:75 - [STDERR_REDIRECT] 
2025-09-03 22:49:20,672 [ERROR] LogOutputStream:75 - [STDERR_REDIRECT] [Fatal Error] :1:1: Premature end of file.
2025-09-03 22:49:20,672 [ERROR] LogOutputStream:75 - [STDERR_REDIRECT] 
2025-09-03 22:49:21,706 [ERROR] LogOutputStream:75 - [STDERR_REDIRECT] [Fatal Error] :1:1: Premature end of file.
2025-09-03 22:49:21,706 [ERROR] LogOutputStream:75 - [STDERR_REDIRECT] 
2025-09-03 22:49:22,603 [ERROR] LogOutputStream:75 - [STDERR_REDIRECT] [Fatal Error] :1:1: Premature end of file.
2025-09-03 22:49:22,604 [ERROR] LogOutputStream:75 - [STDERR_REDIRECT] 
2025-09-03 22:49:23,595 [ERROR] LogOutputStream:75 - [STDERR_REDIRECT] [Fatal Error] :1:1: Premature end of file.
2025-09-03 22:49:23,595 [ERROR] LogOutputStream:75 - [STDERR_REDIRECT] 
2025-09-03 22:49:24,717 [ERROR] LogOutputStream:75 - [STDERR_REDIRECT] [Fatal Error] :1:1: Premature end of file.
2025-09-03 22:49:24,717 [ERROR] LogOutputStream:75 - [STDERR_REDIRECT] 
2025-09-03 22:49:25,588 [ERROR] LogOutputStream:75 - [STDERR_REDIRECT] [Fatal Error] :1:1: Premature end of file.
2025-09-03 22:49:25,588 [ERROR] LogOutputStream:75 - [STDERR_REDIRECT] 
2025-09-03 22:49:26,594 [ERROR] LogOutputStream:75 - [STDERR_REDIRECT] [Fatal Error] :1:1: Premature end of file.
2025-09-03 22:49:26,594 [ERROR] LogOutputStream:75 - [STDERR_REDIRECT] 
2025-09-03 22:49:27,595 [ERROR] LogOutputStream:75 - [STDERR_REDIRECT] [Fatal Error] :1:1: Premature end of file.
2025-09-03 22:49:27,595 [ERROR] LogOutputStream:75 - [STDERR_REDIRECT] 
2025-09-03 22:49:28,676 [ERROR] LogOutputStream:75 - [STDERR_REDIRECT] [Fatal Error] :1:1: Premature end of file.
2025-09-03 22:49:28,676 [ERROR] LogOutputStream:75 - [STDERR_REDIRECT] 
2025-09-03 22:49:29,634 [ERROR] LogOutputStream:75 - [STDERR_REDIRECT] [Fatal Error] :1:1: Premature end of file.
2025-09-03 22:49:29,634 [ERROR] LogOutputStream:75 - [STDERR_REDIRECT] 
2025-09-03 22:49:30,610 [ERROR] LogOutputStream:75 - [STDERR_REDIRECT] [Fatal Error] :1:1: Premature end of file.
2025-09-03 22:49:30,610 [ERROR] LogOutputStream:75 - [STDERR_REDIRECT] 
2025-09-03 22:49:31,592 [ERROR] LogOutputStream:75 - [STDERR_REDIRECT] [Fatal Error] :1:1: Premature end of file.
2025-09-03 22:49:31,592 [ERROR] LogOutputStream:75 - [STDERR_REDIRECT] 
2025-09-03 22:49:32,611 [ERROR] LogOutputStream:75 - [STDERR_REDIRECT] [Fatal Error] :1:1: Premature end of file.
2025-09-03 22:49:32,611 [ERROR] LogOutputStream:75 - [STDERR_REDIRECT] 
2025-09-03 22:49:33,599 [ERROR] LogOutputStream:75 - [STDERR_REDIRECT] [Fatal Error] :1:1: Premature end of file.
2025-09-03 22:49:33,599 [ERROR] LogOutputStream:75 - [STDERR_REDIRECT] 
2025-09-03 22:49:34,714 [ERROR] LogOutputStream:75 - [STDERR_REDIRECT] [Fatal Error] :1:1: Premature end of file.
2025-09-03 22:49:34,715 [ERROR] LogOutputStream:75 - [STDERR_REDIRECT] 
2025-09-03 22:49:35,592 [ERROR] LogOutputStream:75 - [STDERR_REDIRECT] [Fatal Error] :1:1: Premature end of file.
2025-09-03 22:49:35,592 [ERROR] LogOutputStream:75 - [STDERR_REDIRECT] 
2025-09-03 22:49:36,645 [ERROR] LogOutputStream:75 - [STDERR_REDIRECT] [Fatal Error] :1:1: Premature end of file.
2025-09-03 22:49:36,645 [ERROR] LogOutputStream:75 - [STDERR_REDIRECT] 
2025-09-03 22:49:37,699 [ERROR] LogOutputStream:75 - [STDERR_REDIRECT] [Fatal Error] :1:1: Premature end of file.
2025-09-03 22:49:37,699 [ERROR] LogOutputStream:75 - [STDERR_REDIRECT] 
2025-09-03 22:49:37,854 [ERROR] LogOutputStream:75 - [STDERR_REDIRECT] 
2025-09-03 22:49:37,855 [ERROR] LogOutputStream:75 - [STDERR_REDIRECT] 
